Date,TASMAX,TAS,TASMIN,Humidity,Precipitation,GWL
1988-02-15,6.70000009983778,1.5142857368503295,-4.400000065565109,79.78571547461408,20.299999713897705,199.04
1988-02-22,8.300000123679638,2.3428571777684346,-4.200000062584877,81.20000120997429,5.9999998807907104,198.48
1988-02-29,5.4000000804662704,0.6142857234392846,-1.700000025331974,84.42857268665519,17.699999660253525,198.12
1988-03-07,4.500000067055225,0.3428571479661124,-4.000000059604645,80.71428691702229,15.499999701976774,199.075
1988-03-14,6.000000089406967,0.9857143004025734,-6.70000009983778,83.18571552527803,52.99999952316284,200.03
1988-03-21,12.90000019222498,4.671428641038282,-4.500000067055225,80.3571440545576,41.80000114440918,200.02
1988-03-28,10.500000156462193,5.885714373418263,2.200000032782554,83.44285838625261,51.69999980926514,200.18
1988-04-04,13.800000205636024,6.085714376398495,-1.80000002682209,76.44285828194448,22.799999237060547,199.35
1988-04-11,17.600000262260437,7.585714398750237,-2.7000000402331352,72.01428678738219,9.800000198185444,198.56
1988-04-18,21.1000003144145,9.257142995085037,-3.200000047683716,65.95714383998087,8.199999809265137,198.08
1988-04-25,23.300000347197056,8.85714298912457,-3.200000047683716,61.12857233945813,2.200000047683716,197.65
1988-05-02,21.80000032484532,10.614285872450896,-0.5000000074505806,69.68571532411235,15.20000010728836,197.18
1988-05-09,23.80000035464764,13.54285734466144,4.000000059604645,67.05714385637215,1.2000000476837158,196.84
1988-05-16,25.100000374019142,17.42857168827738,7.000000104308128,49.34285787812301,1.2000000476837158,196.5
1988-05-23,21.60000032186508,11.228571595890182,1.0000000149011612,73.6714296692184,14.600000023841858,196.19
1988-05-30,27.000000402331352,16.35714310088328,5.900000087916851,69.11428674416882,2.7999999597668648,196.0
1988-06-06,20.80000030994416,12.985714479216508,7.800000116229057,78.24285830876657,25.499999403953552,195.92
1988-06-13,23.300000347197056,14.814285935035771,7.200000107288361,77.90000116080046,4.499999977648258,195.59
1988-06-20,26.200000390410423,16.9285716808268,7.400000110268593,61.4000009149313,0.0,195.425
1988-06-27,24.100000359117985,15.442857372973648,7.500000111758709,72.81428679930312,1.3000000044703484,195.26
1988-07-04,27.10000040382147,17.42857168827738,9.500000141561031,74.77142968560968,7.30000002682209,195.15
1988-07-11,28.60000042617321,17.900000266730785,7.500000111758709,67.3571438608425,5.300000011920929,194.98
1988-07-18,23.300000347197056,14.942857365523066,8.400000125169754,77.48571544034141,36.49999988079071,194.92
1988-07-25,31.70000047236681,19.17142885710512,9.00000013411045,74.90000111609697,12.700000405311584,194.82
1988-08-01,30.300000451505184,17.200000256299973,7.000000104308128,66.95714385488203,1.700000025331974,194.62
1988-08-08,30.300000451505184,17.30000025779009,6.200000092387199,68.00000101327896,39.900001525878906,194.98
1988-08-15,30.300000451505184,20.55714316346816,10.80000016093254,64.9714295395783,5.400000095367432,194.865
1988-08-22,28.50000042468309,16.85714310833386,7.300000108778477,68.67142959471259,13.600000441074371,194.75
1988-08-29,26.600000396370888,15.671428804951054,9.3000001385808,76.21428684996707,9.200000047683716,194.53
1988-09-05,27.000000402331352,14.785714506038598,7.400000110268593,78.6714297437242,43.09999942779541,194.59
1988-09-12,24.50000036507845,14.085714495607784,6.200000092387199,74.64285825512239,2.1999999284744263,194.51
1988-09-19,18.0000002682209,11.67142874534641,5.500000081956387,82.07142979438815,11.50000024586916,194.39
1988-09-26,20.10000029951334,12.728571618241924,3.200000047683716,80.08571547908443,12.59999978542328,194.36
1988-10-03,22.000000327825543,11.928571606320997,3.700000055134296,75.35714398005179,1.7000000029802322,194.29
1988-10-10,19.30000028759241,10.52857158545937,5.000000074505806,78.3285725957581,53.40000128746033,194.375
1988-10-17,16.800000250339508,11.700000174343586,3.1000000461936,89.42857276116099,7.100000143051148,194.46
1988-10-24,16.600000247359276,10.30000015348196,4.400000065565109,88.24285845777818,19.699999690055847,194.43451
1988-10-31,16.100000239908695,6.657142956342016,-3.500000052154064,83.14285838178226,2.700000047683716,194.50211
1988-11-07,8.50000012665987,1.028571443898337,-6.000000089406967,77.55714401283434,3.299999952316284,194.6283
1988-11-14,10.500000156462193,5.000000074505806,-3.9000000581145287,79.25714403816632,1.2000000476837158,194.75448
1988-11-21,10.500000156462193,3.928571487111705,-5.200000077486038,85.45714413055352,14.700000047683716,194.88067
1988-11-28,5.500000081956387,0.6142857234392848,-12.500000186264517,89.07142989869628,6.599999904632568,195.00686
1988-12-05,10.600000157952309,4.514285781553814,0.1000000014901161,87.2571441573756,72.49999928474426,195.13305
1988-12-12,9.80000014603138,4.200000062584877,-2.3000000342726707,86.61428700493914,21.900000244379044,195.25924
1988-12-19,7.200000107288361,1.4571428788559777,-7.300000108778477,84.58571554613965,38.099999874830246,195.38543
1988-12-26,9.500000141561031,4.814285786024162,-3.200000047683716,88.52857274774995,30.399999454617504,195.51161
1989-01-02,9.80000014603138,4.8571429295199255,1.100000016391277,89.52857276265111,0.3000000044703483,195.6378
1989-01-09,8.300000123679638,3.628571482641356,-3.1000000461936,90.40000134706496,31.69999954849481,195.76399
1989-01-16,9.00000013411045,3.7857143421258246,-2.7000000402331352,86.90000129491091,4.600000098347664,195.89018
1989-01-23,7.500000111758709,1.771428597824914,-3.200000047683716,88.08571559829372,2.799999952316284,196.01637
1989-01-30,3.1000000461936,-1.1714285888842173,-6.500000096857548,86.82857272241797,0.0,196.14256
1989-02-06,7.200000107288361,0.1857142884816442,-3.6000000536441803,91.12857278649297,1.7999999523162842,196.26874
1989-02-13,9.500000141561031,2.2142857472811426,-1.0000000149011612,86.75714414992503,9.200000047683716,196.39493
1989-02-20,12.600000187754633,5.842857229922499,-3.700000055134296,79.07142974968467,16.10000003129244,196.55712
1989-02-27,9.00000013411045,3.357142907168184,-3.200000047683716,84.71428697662694,12.700000301003456,196.91539
1989-03-06,16.300000242888927,5.714285799435207,1.3000000193715096,82.52857265834298,34.40000019222498,198.13492
1989-03-13,16.600000247359276,6.671428670840604,0.2000000029802322,75.31428683655602,5.400000035762787,197.97685
1989-03-20,12.000000178813934,4.842857215021338,-3.500000052154064,79.95714404859713,23.00000093132257,197.95336
1989-03-27,19.000000283122063,6.800000101327896,-1.700000025331974,70.41428676354033,24.299999624490734,197.85752
1989-04-03,23.600000351667404,9.114285850099154,1.5000000223517418,72.18571536136525,2.2999999821186066,197.75642
1989-04-10,14.100000210106373,6.071428661899907,1.5000000223517418,79.25714403816632,22.90000010281801,197.72286
1989-04-17,20.60000030696392,9.842857289527144,4.200000062584877,82.72857266132321,15.099999763071535,197.544
1989-04-24,17.600000262260437,6.657142956342016,-1.100000016391277,79.30000118166208,82.79999852180481,200.02665
1989-05-01,18.30000027269125,7.285714394279888,-0.5000000074505806,73.12857251827207,2.1000000536441803,199.66724
1989-05-08,23.500000350177288,11.928571606320997,0.1000000014901161,63.75714380719832,0.0,198.60123
1989-05-15,24.100000359117985,11.757143032337938,3.500000052154064,76.82857257340636,42.59999966621399,197.91657
1989-05-22,26.700000397861004,16.814285964838096,3.200000047683716,58.21428658174617,0.0,197.36288
1989-05-29,27.500000409781933,17.385714544781617,6.400000095367432,58.12857229475464,6.500000238418579,196.93424
1989-06-05,22.100000329315662,11.485714456864766,4.400000065565109,74.25714396366051,22.90000057220459,196.67754
1989-06-12,24.600000366568565,13.100000195205212,3.200000047683716,75.44285826704332,25.399999976158146,196.41233
1989-06-19,25.80000038444996,17.21428597079856,6.200000092387199,56.25714369543961,0.0,196.08281
1989-06-26,28.50000042468309,18.45714313217572,8.50000012665987,75.14285826257297,12.300000287592413,195.89472
1989-07-03,25.700000382959843,16.114285954407283,8.300000123679638,75.35714398005179,5.100000083446503,195.74761
1989-07-10,30.200000450015068,20.7428574519498,13.300000198185444,71.50000106543303,9.099999904632568,195.56224
1989-07-17,24.100000359117985,16.257143099393165,7.200000107288361,65.50000097602606,0.0,195.39869
1989-07-24,29.60000044107437,18.628571706158773,6.000000089406967,63.60000094771385,38.6999984756112,195.27347
1989-07-31,25.30000037699937,18.100000269711018,9.500000141561031,70.71428676801068,12.70000021904707,195.29911
1989-08-07,25.80000038444996,15.542857374463765,7.000000104308128,73.71428681271416,15.700000002980232,195.18528
1989-08-14,25.80000038444996,18.328571701688425,11.800000175833702,73.45714395173958,8.000000059604645,195.10767
1989-08-21,33.70000050216913,20.585714592465333,8.50000012665987,66.90000099688768,3.099999964237213,194.94454
1989-08-28,28.50000042468309,15.814285949936934,9.100000135600569,77.1428582923753,28.300000190734863,194.8997
1989-09-04,22.600000336766243,13.1142859097038,6.200000092387199,76.81428685890776,0.4000000059604645,194.80042
1989-09-11,23.80000035464764,14.1857144970979,3.6000000536441803,70.80000105500221,0.0,194.7457
1989-09-18,26.80000039935112,16.085714525410108,11.60000017285347,82.91428694980485,37.20000004768372,194.8189
1989-09-25,26.200000390410423,16.142857383404458,10.000000149011612,84.00000125169754,33.99999886751175,195.01919
1989-10-02,17.80000026524067,11.171428737895829,3.700000055134296,82.42857265685286,3.899999976158142,194.86102
1989-10-09,18.0000002682209,7.771428687231881,0.2000000029802322,82.58571551633733,34.10000029206276,194.99523
1989-10-16,13.600000202655792,8.742857273135867,2.200000032782554,84.54285840264389,9.700000002980232,194.9317
1989-10-23,21.80000032484532,10.357143011476312,1.600000023841858,81.51428692894322,3.200000017881393,194.80826
1989-10-30,19.60000029206276,11.714285888842172,5.200000077486038,82.78571551931756,16.499999910593033,194.82497
1989-11-06,14.40000021457672,9.385714425572328,4.700000070035458,88.31428703027112,64.19999891519547,196.65239
1989-11-13,11.500000171363354,2.7714286127260754,-3.000000044703484,83.74285839072296,1.600000023841858,196.29884
1989-11-20,7.000000104308128,-0.2142857174788202,-6.200000092387199,77.32857258085694,0.0,195.87693
1989-11-27,5.700000084936619,0.1000000014901161,-8.50000012665987,79.31428689616067,5.5,195.59801
1989-12-04,6.900000102818012,-3.0285714737006595,-8.800000131130219,76.87142971690211,0.0,195.27816
1989-12-11,4.700000070035458,-1.2285714468785696,-8.50000012665987,89.24285847267934,0.2000000029802322,195.23
1989-12-18,15.400000229477882,8.400000125169754,-2.500000037252903,79.2714297526649,94.60000050067902,197.91611
1989-12-25,14.000000208616257,6.928571531815188,-0.9000000134110451,82.91428694980485,70.70000171661377,199.57307
1990-01-01,3.000000044703484,-1.3714285918644495,-3.6000000536441803,84.31428697066647,0.0,198.53753
1990-01-08,0.2000000029802322,-1.5000000223517418,-4.200000062584877,85.30000127106905,0.3000000119209289,197.7049
1990-01-15,4.700000070035458,1.0571428728955132,-2.600000038743019,89.85714419611863,0.7000000178813933,197.10079
1990-01-22,9.00000013411045,4.257142920579229,-1.100000016391277,85.30000127106905,3.7999999597668648,196.66998
1990-01-29,12.500000186264517,5.285714364477566,0.2000000029802322,76.00000113248825,44.39999961853027,197.56879
1990-02-05,12.800000190734863,5.085714361497334,-1.700000025331974,75.8285725585052,10.0,197.48583
1990-02-12,15.100000225007534,4.61428578304393,-4.000000059604645,74.30000110715628,16.00000047683716,197.4657
1990-02-19,11.900000177323818,3.714285769632885,-4.200000062584877,81.92857264940228,45.49999928474426,198.74081
1990-02-26,16.600000247359276,7.842857259724822,-0.800000011920929,76.9000011458993,39.00000086426735,198.9015
1990-03-05,10.000000149011612,3.7714286276272366,-0.5000000074505806,76.20000113546848,37.40000090748072,199.59835
1990-03-12,17.30000025779009,8.328571552676815,2.500000037252903,73.200001090765,2.4999999552965164,198.91011
1990-03-19,19.80000029504299,7.214285821786949,-0.9000000134110451,70.62857248101916,0.6000000238418579,198.13066
1990-03-26,17.80000026524067,7.700000114738941,0.5000000074505806,76.51428685443742,5.100000001490116,197.70526
1990-04-02,19.10000028461218,7.900000117719173,0.4000000059604645,75.3428582655532,4.10000005364418,197.28609
1990-04-09,15.600000232458116,5.4000000804662704,-1.5000000223517418,62.52857236031975,5.400000095367432,196.93672
1990-04-16,12.500000186264517,5.942857231412615,-4.000000059604645,75.78571541500943,21.10000012069941,196.64283
1990-04-23,17.80000026524067,8.900000132620335,2.1000000312924385,73.9142868156944,14.400000125169754,196.58347
1990-04-30,20.80000030994416,9.385714425572328,-0.800000011920929,73.0714296602777,12.100000023841858,196.42596
1990-05-07,26.00000038743019,17.057143111314094,5.900000087916851,54.94285796156952,0.0,196.21136
1990-05-14,23.300000347197056,13.142857338700976,4.500000067055225,72.70000108331442,11.0,196.09885
1990-05-21,22.500000335276127,14.214285926095076,3.700000055134296,61.41428662942989,0.0,195.97818
1990-05-28,22.600000336766243,12.942857335720744,1.3000000193715096,59.65714374610356,0.0,195.81104
1990-06-04,26.30000039190054,13.32857162718262,1.3000000193715096,61.00000090897083,12.199999928474426,195.69089
1990-06-11,19.000000283122063,12.257143039788518,4.700000070035458,79.31428689616067,13.899999871850014,195.57914
1990-06-18,23.500000350177288,14.171428782599312,8.00000011920929,78.50000116974115,4.30000002682209,195.39491
1990-06-25,25.50000037997961,16.400000244379044,8.900000132620335,71.3000010624528,13.99999962002039,195.32187
1990-07-02,28.300000421702865,18.785714565643243,9.80000014603138,71.14285820296833,46.799999713897705,195.3068
1990-07-09,20.80000030994416,14.785714506038598,6.500000096857548,78.52857259873834,23.700000144541264,195.34804
1990-07-16,28.300000421702865,17.014285967818328,6.70000009983778,62.34285807183811,1.399999976158142,195.20276
1990-07-23,28.300000421702865,17.14285739830562,8.100000120699406,61.271429484444006,0.0,195.04608
1990-07-30,31.600000470876694,19.27142885859524,6.000000089406967,59.87142946358238,0.0,194.97606
1990-08-06,33.70000050216913,22.04285747132131,12.4000001847744,51.41428648041828,2.1999999061226845,194.89785
1990-08-13,33.20000049471855,18.185714556702543,5.4000000804662704,59.20000088214874,0.0,194.87289
1990-08-20,25.80000038444996,16.5714288183621,7.900000117719173,73.30000109225512,19.900000110268596,194.77661
1990-08-27,28.60000042617321,17.21428597079856,9.00000013411045,73.34285823575088,3.400000050663948,194.7508
1990-09-03,29.700000442564487,16.757143106843746,10.600000157952309,79.95714404859713,6.600000135600567,194.74201
1990-09-10,19.10000028461218,12.17142875279699,6.800000101327896,83.48571552974838,21.099999859929085,194.76558
1990-09-17,20.500000305473804,11.67142874534641,2.500000037252903,75.32857255105462,2.5,194.6883
1990-09-24,20.10000029951334,11.37142874087606,4.000000059604645,72.18571536136525,19.5,194.76897
1990-10-01,20.80000030994416,11.15714302339724,3.1000000461936,81.97142979289804,37.49999952316284,194.82884
1990-10-08,17.30000025779009,10.728571588439602,2.200000032782554,80.37142976905618,2.900000035762787,195.04174
1990-10-15,21.80000032484532,10.185714437493257,1.5000000223517418,80.3571440545576,0.5,194.75655
1990-10-22,18.50000027567148,10.457143012966428,1.3000000193715096,76.28571542246002,0.6000000238418578,194.69048
1990-10-29,15.100000225007534,6.5571429548519,-2.600000038743019,76.44285828194448,51.69999849796295,194.76085
1990-11-05,11.500000171363354,6.242857235882964,0.800000011920929,82.58571551633733,23.40000021457672,195.53334
1990-11-12,9.500000141561031,4.385714351066521,-1.5000000223517418,85.40000127255917,6.699999809265137,195.43156
1990-11-19,12.300000183284284,8.100000120699406,3.400000050663948,84.10000125318766,59.79999989271164,197.66311
1990-11-26,8.50000012665987,3.17142861868654,-0.800000011920929,85.14285841158458,5.999999940395355,198.52367
1990-12-03,6.500000096857548,0.7142857249294007,-7.500000111758709,84.48571554464954,7.800000011920929,197.63257
1990-12-10,5.4000000804662704,-1.4714285933545657,-8.800000131130219,78.30000116676092,11.199999809265137,197.18364
1990-12-17,2.600000038743019,-0.7714285829237529,-5.4000000804662704,84.57142983164105,7.199999958276749,196.7635
1990-12-24,3.700000055134296,0.5714285799435207,-6.000000089406967,88.12857274178948,7.599999845027924,196.47577
1990-12-31,12.600000187754633,4.342857207570757,0.2000000029802322,84.45714411565235,60.79999953508377,198.7793
1991-01-07,10.400000154972076,5.514285796454975,1.3000000193715096,81.7857155044164,35.10000002384186,199.99413
1991-01-14,14.900000222027302,5.000000074505806,-1.3000000193715096,74.10000110417604,36.80000019073486,200.09852
1991-01-21,5.200000077486038,-1.8571428848164424,-9.600000143051147,67.20000100135803,1.2000000029802322,199.06782
1991-01-28,3.6000000536441803,-0.3285714334675243,-4.500000067055225,79.68571547312396,0.0,198.29142
1991-02-04,1.700000025331974,-4.771428642528398,-11.800000175833702,65.05714382656983,0.0,197.63665
1991-02-11,-0.2000000029802322,-5.985714374908379,-14.40000021457672,78.72857260171857,8.600000023841858,197.26731
1991-02-18,2.200000032782554,-3.657142911638533,-11.900000177323818,82.92857266430345,8.99999988079071,196.87211
1991-02-25,12.10000018030405,1.4714285933545657,-10.400000154972076,81.68571550292629,1.2000000029802322,196.61608
1991-03-04,10.000000149011612,2.285714319774083,-2.3000000342726707,81.88571550590652,4.5,196.50422
1991-03-11,14.100000210106373,7.528571540755885,1.80000002682209,80.55714405753783,4.0,196.44886
1991-03-18,16.800000250339508,7.728571543736117,0.800000011920929,79.2857154671635,1.399999976158142,196.33993
1991-03-25,15.100000225007534,8.71428584413869,3.200000047683716,80.02857262109008,16.499999701976776,196.41903
1991-04-01,12.800000190734863,3.657142911638533,-4.500000067055225,66.67142956491027,0.0,196.31304
1991-04-08,17.600000262260437,8.600000128149986,0.6000000089406967,69.72857246760812,2.0,196.29975
1991-04-15,19.80000029504299,10.128571579498905,-0.2000000029802322,61.257143769945415,0.0,196.09669
1991-04-22,13.600000202655792,2.3428571777684346,-5.000000074505806,70.61428676652056,4.999999940395355,195.99307
1991-04-29,16.300000242888927,6.457142953361784,-1.100000016391277,68.70000102370977,4.799999952316284,195.86549
1991-05-06,14.100000210106373,5.928571516914027,-0.4000000059604645,80.97142977799687,23.19999922811985,195.89288
1991-05-13,19.10000028461218,10.028571578008789,0.9000000134110451,70.50000105053186,1.2000000029802322,195.70053
1991-05-20,18.30000027269125,8.871428703623158,0.5000000074505806,72.92857251529183,7.4999998807907104,195.58525
1991-05-27,21.1000003144145,11.271428739385945,1.600000023841858,67.88571529729026,0.6000000238418579,195.48286
1991-06-03,24.300000362098217,13.742857347641673,2.200000032782554,60.30000089854002,0.800000011920929,195.39139
1991-06-10,18.80000028014183,11.87142874832664,3.200000047683716,78.98571546269315,10.899999812245367,195.34348
1991-06-17,24.300000362098217,14.55714307406119,9.400000140070915,71.68571535391467,17.09999990463257,195.33178
1991-06-24,25.700000382959843,14.685714504548482,6.200000092387199,78.45714402624539,26.79999953508377,195.33155
1991-07-01,26.30000039190054,15.257143084492002,5.000000074505806,75.50000112503767,17.100000001490116,195.55304
1991-07-08,30.800000458955765,22.6571431947606,12.000000178813934,61.642858061407296,0.0,195.33663
1991-07-15,32.70000048726797,21.457143176879203,13.600000202655792,67.30000100284815,5.199999809265137,195.20403
1991-07-22,25.00000037252903,17.07142882581268,9.3000001385808,68.0714295857719,4.400000095367432,195.15769
1991-07-29,29.10000043362379,17.542857404266083,10.000000149011612,70.4571439070361,12.299999952316284,195.05429
1991-08-05,29.10000043362379,19.38571457458394,12.10000018030405,72.65714393981865,9.799999833106996,194.91413
1991-08-12,33.70000050216913,21.457143176879203,11.60000017285347,66.45714384743145,3.0000000596046448,194.81536
1991-08-19,29.800000444054604,17.842857408736432,8.100000120699406,62.41428664433105,0.0,194.79414
1991-08-26,30.70000045746565,18.571428848164423,8.50000012665987,65.00000096857548,14.600000381469728,194.76041
1991-09-02,28.10000041872263,17.257143114294326,6.500000096857548,58.50000087171793,0.0,194.71023
1991-09-09,29.200000435113907,15.828571664435524,6.200000092387199,63.6571438057082,0.0,194.66477
1991-09-16,27.700000412762165,15.442857372973648,4.400000065565109,66.65714385041169,20.100000023841854,194.66
1991-09-23,23.600000351667404,14.814285935035771,5.000000074505806,75.17142969157014,11.300000190734863,194.65101
1991-09-30,24.8000003695488,13.942857350621903,7.700000114738941,82.07142979438815,8.899999886751175,194.71859
1991-10-07,19.80000029504299,11.228571595890182,4.400000065565109,82.07142979438815,6.599999904632568,194.61136
1991-10-14,19.30000028759241,11.542857314859118,6.70000009983778,85.37142984356198,0.0,194.60753
1991-10-21,17.600000262260437,7.485714397260121,-0.6000000089406967,81.61428693043334,18.499999620020382,194.62672
1991-10-28,9.900000147521496,4.400000065565109,-3.1000000461936,76.87142971690211,0.2000000029802322,194.52413
1991-11-04,14.500000216066836,4.6000000685453415,-5.200000077486038,77.12857257787671,19.199999809265137,194.52399
1991-11-11,9.80000014603138,5.04285721800157,-0.4000000059604645,85.82857270751681,43.29999911785126,195.00646
1991-11-18,11.10000016540289,4.157142919089113,-0.9000000134110451,87.5000013038516,26.5,195.56718
1991-11-25,7.800000116229057,2.3428571777684346,-3.700000055134296,84.68571554762977,6.699999809265137,195.38905
1991-12-02,8.00000011920929,1.1285714453884534,-2.500000037252903,88.91428703921181,0.0,195.00452
1991-12-09,3.9000000581145287,-0.3428571479661124,-4.700000070035458,81.51428692894322,0.4000000059604645,194.90284
1991-12-16,1.80000002682209,-5.485714367457798,-12.10000018030405,76.67142971392188,3.5999999046325684,194.91039
1991-12-23,11.60000017285347,5.228571506483214,-3.200000047683716,86.21428699897868,70.30000019073486,197.06345
1991-12-30,8.300000123679638,1.2000000178813934,-5.200000077486038,85.18571555508035,8.100000001490116,197.45397
1992-01-06,8.50000012665987,2.971428615706308,-3.9000000581145287,85.90000128000975,11.399999856948853,197.03763
1992-01-13,9.400000140070915,3.228571476680892,-0.4000000059604645,81.95714407839945,5.899999976158142,197.15287
1992-01-20,5.4000000804662704,2.400000035762787,-4.700000070035458,80.2428583385689,8.300000190734863,196.76577
1992-01-27,2.0000000298023224,-3.142857189689364,-8.100000120699406,79.45714404114655,0.0,196.39463
1992-02-03,6.800000101327896,-1.0571428728955132,-5.000000074505806,84.91428697960717,1.0,196.07334
1992-02-10,6.500000096857548,2.500000037252903,-1.3000000193715096,88.98571561170476,9.999999910593033,195.90166
1992-02-17,9.400000140070915,4.242857206080641,-3.6000000536441803,83.28571552676814,16.50000011920929,196.24601
1992-02-24,6.500000096857548,0.9000000134110451,-8.50000012665987,80.2428583385689,0.1000000014901161,196.49731
1992-03-02,14.900000222027302,3.857142914618765,-1.5000000223517418,78.84285831770727,5.599999904632568,196.38462
1992-03-09,14.600000217556952,5.428571509463446,-2.0000000298023224,75.20000112056732,0.9000000357627869,196.22325
1992-03-16,14.600000217556952,4.371428636567933,-1.700000025331974,75.51428683953625,66.69999980926514,198.40146
1992-03-23,14.500000216066836,6.314285808375904,-0.1000000014901161,80.828572633011,28.50000047683716,198.05871
1992-03-30,11.500000171363354,3.5857143391455923,-1.5000000223517418,76.55714399793318,16.899999856948853,198.90566
1992-04-06,14.600000217556952,5.485714367457798,-3.200000047683716,72.14285821786949,10.699999809265137,198.57522
1992-04-13,18.30000027269125,8.385714410671167,-0.4000000059604645,58.85714373418263,5.099999904632568,197.96497
1992-04-20,14.000000208616257,6.385714380868843,-0.4000000059604645,74.42857253764357,10.000000074505806,197.4992
1992-04-27,22.30000033229589,11.51428588586194,-2.0000000298023224,69.05714388617447,4.900000035762787,197.05369
1992-05-04,16.600000247359276,8.771428702133042,1.0000000149011612,75.7000011280179,19.100000023841854,196.50498
1992-05-11,20.10000029951334,11.657143030847822,3.000000044703484,70.50000105053186,15.200000382959844,196.52806
1992-05-18,27.80000041425228,16.07142881091152,3.6000000536441803,62.35714378633669,0.0,196.7967
1992-05-25,26.80000039935112,17.78571455074208,7.300000108778477,57.300000853836536,4.300000190734863,196.93892
1992-06-01,25.100000374019142,18.21428598569972,6.70000009983778,53.00000078976154,1.0,197.12319
1992-06-08,27.700000412762165,15.70000023394823,9.3000001385808,83.05714409479073,53.59999978542328,196.78201
1992-06-15,27.200000405311584,16.2142859558974,8.00000011920929,72.98571537328618,10.099999904632568,196.99681
1992-06-22,27.200000405311584,16.328571671886102,9.100000135600569,74.0428582461817,69.10000133514404,197.20085
1992-06-29,27.200000405311584,17.87142883773361,8.900000132620335,68.2000010162592,9.099999606609344,197.11132
1992-07-06,28.80000042915344,18.100000269711018,11.000000163912771,75.47142969604049,29.09999930858612,196.63538
1992-07-13,26.30000039190054,17.15714311280421,8.600000128149986,75.20000112056732,13.699999645352362,196.28762
1992-07-20,30.800000458955765,19.15714314260653,11.10000016540289,72.1142867888723,11.40000019222498,195.96187
1992-07-27,31.300000466406345,19.900000296533108,11.800000175833702,70.18571533156293,36.09999847412109,195.87402
1992-08-03,31.000000461936,20.500000305473804,8.400000125169754,67.90000101178885,15.800000190734863,195.6532
1992-08-10,35.200000524520874,21.58571460736649,9.600000143051147,64.77142953659806,1.7000000476837158,195.46292
1992-08-17,23.80000035464764,15.657143090452466,7.000000104308128,76.20000113546848,30.59999990463257,195.45013
1992-08-24,29.300000436604023,18.88571456713336,9.500000141561031,80.08571547908443,19.199999809265137,195.41046
1992-08-31,31.20000046491623,18.628571706158773,12.500000186264517,78.41428688274962,31.700000524520878,195.35308
1992-09-07,20.80000030994416,11.442857313369002,4.700000070035458,80.78571548951524,21.20000050216913,195.72999
1992-09-14,23.80000035464764,12.82857161973204,4.500000067055225,78.05714402028492,3.0999999046325684,195.57142
1992-09-21,22.30000033229589,13.271428769188269,5.700000084936619,81.97142979289804,4.0,195.39399
1992-09-28,24.600000366568565,14.11428592460496,7.000000104308128,78.58571545673269,0.0,195.28557
1992-10-05,18.30000027269125,12.700000189244747,9.3000001385808,83.37142981375966,3.900000005960465,195.24034
1992-10-12,16.600000247359276,9.200000137090685,0.0,78.72857260171857,1.0,195.142
1992-10-19,11.900000177323818,3.371428621666772,-2.7000000402331352,78.61428688572985,7.0,195.06741
1992-10-26,13.000000193715096,5.200000077486038,-1.3000000193715096,84.74285840562412,43.90000009536744,195.27874
1992-11-02,9.100000135600569,3.428571479661124,-3.400000050663948,86.84285843691656,26.90000009536743,196.17811
1992-11-09,11.60000017285347,6.871428673820836,-0.1000000014901161,86.48571557445186,2.899999976158142,196.03374
1992-11-16,11.60000017285347,4.90000007301569,-1.100000016391277,86.12857271198716,36.80000019073486,196.72984
1992-11-23,12.90000019222498,5.200000077486038,-1.3000000193715096,85.50000127404928,36.900000765919685,197.92217
1992-11-30,13.600000202655792,6.457142953361784,1.100000016391277,85.98571556700128,22.00000050663948,197.96529
1992-12-07,12.90000019222498,4.500000067055225,-1.0000000149011612,85.27142984207187,34.5,198.42854
1992-12-14,5.700000084936619,3.1000000461936,1.100000016391277,86.6714298629335,14.100000336766245,198.04823
1992-12-21,5.900000087916851,1.2857143048729216,-1.80000002682209,91.04285849950143,5.499999821186066,197.79801
1992-12-28,4.90000007301569,-1.2285714468785696,-8.100000120699406,85.41428698705775,6.999999910593033,197.78614
1993-01-04,0.5000000074505806,-7.685714400240353,-13.40000019967556,76.45714399644307,0.0,197.66135
1993-01-11,11.800000175833702,4.285714349576405,-12.800000190734863,84.74285840562412,48.00000125169754,197.92105
1993-01-18,13.90000020712614,5.514285796454975,-1.600000023841858,82.75714409032038,10.599999904632568,199.05
1993-01-25,11.30000016838312,6.742857243333544,-1.3000000193715096,79.67142975862537,37.90000009536743,199.05678
1993-02-01,5.900000087916851,-1.0428571583969253,-9.00000013411045,80.20000119507313,16.09999990463257,199.09262
1993-02-08,6.200000092387199,-1.4285714498588018,-8.400000125169754,85.4714298450521,0.3000000044703483,198.53451
1993-02-15,5.900000087916851,-1.2142857323799814,-4.500000067055225,86.28571557147163,0.0,197.89409
1993-02-22,4.90000007301569,0.7857142974223409,-5.900000087916851,83.2285726687738,18.200000055134296,197.60381
1993-03-01,5.200000077486038,-2.1428571747882024,-10.900000162422655,74.01428681718451,0.800000011920929,197.33643
1993-03-08,8.00000011920929,0.5571428654449326,-5.700000084936619,76.08571541947978,0.1000000014901161,197.02819
1993-03-15,17.600000262260437,4.628571497542517,-4.700000070035458,71.10000105947256,0.0,196.74787
1993-03-22,16.800000250339508,9.08571442110198,-3.200000047683716,72.30000107735395,7.599999904632568,196.57075
1993-03-29,11.30000016838312,1.3571428773658616,-6.800000101327896,68.84285816869566,0.2000000029802322,196.47126
1993-04-05,19.60000029206276,6.62857152734484,-6.70000009983778,72.47142965133702,11.899999856948853,196.43
1993-04-12,13.300000198185444,7.157142963792596,-1.5000000223517418,75.8142868440066,15.099999904632568,196.56701
1993-04-19,15.900000236928465,9.500000141561031,1.700000025331974,77.014286861888,21.399999618530277,196.55484
1993-04-26,24.100000359117985,15.34285737148353,5.000000074505806,58.94285802117416,0.0,196.6
1993-05-03,26.80000039935112,16.557143103863513,8.800000131130219,57.98571514976876,16.900000289082527,196.4755
1993-05-10,25.100000374019142,13.671428775148732,3.700000055134296,63.942858095679966,4.200000002980232,196.28266
1993-05-17,25.700000382959843,14.657143075551303,4.500000067055225,70.67142962451491,5.0,196.14655
1993-05-24,25.80000038444996,15.500000230968,5.200000077486038,69.55714389362505,16.39999981224537,195.93138
1993-05-31,29.300000436604023,16.857143108333858,7.400000110268593,68.84285816869566,15.99999952316284,195.74241
1993-06-07,29.200000435113907,18.185714556702543,9.500000141561031,70.5857153375234,10.800000011920927,195.5342
1993-06-14,28.700000427663326,16.985714538821153,7.800000116229057,72.05714393087796,4.300000011920929,195.38882
1993-06-21,27.3000004068017,16.057143096412933,5.900000087916851,70.77142962600503,11.5,195.28983
1993-06-28,22.800000339746475,14.47142878706966,4.500000067055225,67.34285814634391,2.000000014901161,195.16123
1993-07-05,30.300000451505184,20.47142887647663,6.000000089406967,56.00000083446503,1.600000023841858,195.07099
1993-07-12,27.10000040382147,15.34285737148353,7.000000104308128,62.628572361809866,6.800000049173832,195.03
1993-07-19,25.50000037997961,16.78571453584092,8.100000120699406,76.11428684847695,30.70000004768372,194.99828
1993-07-26,26.30000039190054,15.971428809421402,9.900000147521496,71.38571534944433,25.199999667704105,194.96776
1993-08-02,31.300000466406345,17.45714311727456,8.900000132620335,76.58571542693036,25.299999952316284,194.98633
1993-08-09,27.80000041425228,18.542857419167245,7.500000111758709,66.20000098645687,11.59999991953373,194.88
1993-08-16,29.000000432133675,18.285714558192662,7.900000117719173,68.7857153107013,9.5,194.86812
1993-08-23,29.800000444054604,17.742857407246316,8.800000131130219,65.48571526152747,0.8999999910593033,194.77174
1993-08-30,19.80000029504299,12.54285732976028,3.9000000581145287,67.58571529281991,3.200000047683716,194.69531
1993-09-06,19.80000029504299,11.60000017285347,2.200000032782554,76.21428684996707,8.999999940395355,194.64342
1993-09-13,21.1000003144145,13.928571636123316,3.1000000461936,82.78571551931756,31.699999429285526,194.71484
1993-09-20,23.100000344216824,13.000000193715096,4.500000067055225,73.200001090765,7.100000217556953,194.66951
1993-09-27,24.100000359117985,13.928571636123316,6.200000092387199,82.3714297988585,7.300000004470348,194.60533
1993-10-04,17.30000025779009,10.80000016093254,3.1000000461936,82.0285726508924,36.89999921619892,194.76023
1993-10-11,20.10000029951334,11.81428589033229,3.6000000536441803,82.65714408883026,10.100000113248823,194.73321
1993-10-18,18.30000027269125,8.528571555657047,1.0000000149011612,77.50000115483999,7.000000044703484,194.61166
1993-10-25,10.000000149011612,4.985714360007218,1.0000000149011612,84.7571441201227,6.100000075995922,194.5136
1993-11-01,11.30000016838312,3.142857189689364,-1.100000016391277,85.28571555657047,0.0,194.44865
1993-11-08,7.000000104308128,4.357142922069345,1.3000000193715096,91.30000136047602,12.699999928474426,194.514
1993-11-15,11.000000163912771,4.54285721055099,-0.4000000059604645,85.85714413651398,15.699999928474426,194.63823
1993-11-22,3.200000047683716,-1.58571430934327,-6.500000096857548,72.42857250784125,0.2000000029802322,194.65057
1993-11-29,-0.4000000059604645,-4.114285775593349,-8.00000011920929,82.35714408435992,0.5,194.50223
1993-12-06,9.3000001385808,2.1714286037853787,-7.800000116229057,87.00000129640102,1.0000000298023224,194.45791
1993-12-13,10.30000015348196,4.82857150052275,-1.5000000223517418,84.38571554315942,63.59999924898148,196.01927
1993-12-20,12.10000018030405,5.04285721800157,1.0000000149011612,85.04285841009447,94.70000133663416,197.7167
1993-12-27,8.00000011920929,1.7857143123235022,-2.0000000298023224,84.62857268963542,44.4999994635582,199.906
1994-01-03,10.500000156462193,4.057142917598997,-1.80000002682209,83.74285839072296,39.500000670552254,199.35143
1994-01-10,8.00000011920929,4.257142920579229,-1.0000000149011612,86.97142986740384,26.399999856948853,200.08788
1994-01-17,12.000000178813934,3.728571484131472,-5.000000074505806,81.57142978693757,19.099999845027924,199.2472
1994-01-24,6.500000096857548,0.828571440918105,-7.500000111758709,82.5000012293458,11.099999964237211,198.52826
1994-01-31,9.900000147521496,3.942857201610293,-0.6000000089406967,81.52857264344182,35.30000028759241,198.79461
1994-02-07,7.700000114738941,2.7714286127260754,-1.80000002682209,85.52857270304646,8.200000047683716,198.85226
1994-02-14,5.200000077486038,-0.2000000029802322,-9.80000014603138,76.98571543289083,9.899999856948853,198.37694
1994-02-21,2.1000000312924385,-4.285714349576405,-11.000000163912771,59.842858034585205,2.5,197.87462
1994-02-28,13.300000198185444,4.514285781553814,-7.000000104308128,86.72857272092786,22.89999988675117,197.67896
1994-03-07,14.000000208616257,5.700000084936619,-1.3000000193715096,77.88571544630187,12.000000029802322,197.67289
1994-03-14,16.00000023841858,7.914285832217762,-1.0000000149011612,79.11428689318043,17.500000476837158,197.66571
1994-03-21,10.000000149011612,4.357142922069345,-1.0000000149011612,79.97142976309571,58.60000041127205,199.67623
1994-03-28,13.100000195205212,7.542857255254473,-1.600000023841858,74.30000110715628,25.100000560283664,199.7087
1994-04-04,18.50000027567148,7.457142968262945,-0.6000000089406967,76.35714399495295,29.799999713897705,199.17208
1994-04-11,9.500000141561031,4.114285775593349,-1.100000016391277,77.92857258979764,20.09999991953373,198.86956
1994-04-18,13.500000201165676,6.371428666370256,-1.5000000223517418,74.68571539861816,42.70000052452088,199.78115
1994-04-25,21.80000032484532,11.52857160036053,-1.100000016391277,64.3857152451362,3.7999999299645424,199.22986
1994-05-02,25.100000374019142,12.985714479216508,0.5000000074505806,68.80000102519989,2.5999999046325684,198.32457
1994-05-09,21.80000032484532,12.285714468785695,1.5000000223517418,68.75714388170412,10.0,197.74089
1994-05-16,25.30000037699937,15.28571451348918,7.300000108778477,63.11428665476186,0.7000000029802322,197.27424
1994-05-23,21.60000032186508,14.071428781109196,9.100000135600569,77.257144008364,29.399999767541885,196.922
1994-05-30,22.30000033229589,11.971428749816758,3.500000052154064,78.9285726046988,8.000000029802322,196.56743
1994-06-06,27.10000040382147,14.171428782599312,2.200000032782554,66.62857242141452,37.80000042915344,196.38383
1994-06-13,25.100000374019142,13.742857347641673,5.900000087916851,72.10000107437372,11.70000011473894,196.12226
1994-06-20,27.200000405311584,16.271428813891752,8.300000123679638,67.4857152913298,1.80000002682209,195.92965
1994-06-27,31.10000046342612,21.014286027422973,8.600000128149986,62.85714379378727,6.800000101327896,195.78587
1994-07-04,34.00000050663948,23.20000034570694,13.100000195205212,63.80000095069408,3.400000095367432,195.62885
1994-07-11,28.300000421702865,18.828571709139005,9.600000143051147,69.34285817614624,3.899999976158142,195.49125
1994-07-18,31.20000046491623,21.728571752352373,14.300000213086603,69.5000010356307,46.80000066757202,195.5428
1994-07-25,31.80000047385693,21.24285745940038,13.600000202655792,67.61428672181708,14.200000382959844,195.51192
1994-08-01,32.600000485777855,23.714286067656108,16.300000242888927,65.20000097155571,1.30000002682209,195.34
1994-08-08,34.80000051856041,22.285714617797307,14.800000220537186,68.61428673671824,12.900000408291818,195.17287
1994-08-15,26.200000390410423,16.20000024139881,6.200000092387199,74.42857253764357,54.50000071525574,195.36787
1994-08-22,27.60000041127205,16.37142881538187,6.200000092387199,71.70000106841326,19.699999809265137,195.1819
1994-08-29,26.100000388920307,16.828571679336683,9.3000001385808,77.50000115483999,7.200000122189522,195.05493
1994-09-05,23.80000035464764,15.242857369993414,6.800000101327896,75.25714397856167,2.300000041723252,194.93489
1994-09-12,20.10000029951334,14.014285923114844,9.80000014603138,84.08571553868907,24.50000011920929,194.93693
1994-09-19,19.10000028461218,11.51428588586194,7.000000104308128,81.7714297899178,21.10000026226044,194.96639
1994-09-26,24.00000035762787,14.057143066610609,5.700000084936619,77.47142972584281,0.4000000059604645,194.81699
1994-10-03,20.500000305473804,12.657143045748985,7.000000104308128,83.35714409926108,9.599999636411669,194.72636
1994-10-10,15.600000232458116,4.90000007301569,-1.3000000193715096,78.27142973776374,1.5000000596046448,194.63108
1994-10-17,19.30000028759241,7.914285832217762,0.800000011920929,77.34285829535553,0.0,194.60116
1994-10-24,15.100000225007534,6.828571530325072,-3.000000044703484,76.11428684847695,5.600000023841858,194.65821
1994-10-31,18.30000027269125,9.80000014603138,3.700000055134296,82.18571551037687,52.60000002384186,194.8647
1994-11-07,17.50000026077032,8.528571555657047,2.0000000298023224,81.95714407839945,1.6999999582767489,195.06822
1994-11-14,11.30000016838312,8.171428693192345,4.200000062584877,90.78571563852684,20.59999967366457,194.86638
1994-11-21,13.500000201165676,8.685714415141515,3.700000055134296,88.02857274029937,30.900000050663948,196.03582
1994-11-28,12.000000178813934,6.685714385339192,1.0000000149011612,88.37142988826547,6.099999815225601,195.9172
1994-12-05,11.500000171363354,3.814285771123001,-2.7000000402331352,88.27142988677535,20.100000217556957,195.82707
1994-12-12,12.4000001847744,6.8142858158264845,-1.700000025331974,80.9428583489997,10.200000040233135,196.32415
1994-12-19,11.000000163912771,2.271428605275495,-4.500000067055225,86.18571556998151,7.999999918043613,196.24503
1994-12-26,3.700000055134296,-0.1000000014901161,-3.200000047683716,82.64285837433168,4.899999924004078,196.13734
1995-01-02,11.500000171363354,5.657142941440855,-1.100000016391277,83.00000123679638,46.40000069141388,197.69059
1995-01-09,1.100000016391277,-5.642857226942267,-11.800000175833702,82.52857265834298,17.500000298023224,197.29956
1995-01-16,3.700000055134296,-0.5714285799435207,-7.800000116229057,85.37142984356198,15.500000298023224,197.26479
1995-01-23,11.10000016540289,2.1857143182839667,-5.900000087916851,79.60000118613243,51.299999713897705,198.77859
1995-01-30,13.000000193715096,4.757142928029809,-1.100000016391277,81.6571440739291,101.39999949932098,201.51317
1995-02-06,10.000000149011612,3.814285771123001,-3.9000000581145287,83.28571552676814,4.000000134110451,199.81114
1995-02-13,11.30000016838312,4.871428644018514,-4.000000059604645,79.05714403518608,19.800000205636024,198.92761
1995-02-20,10.900000162422655,6.400000095367432,0.6000000089406967,81.00000120699406,46.299999572336674,199.01059
1995-02-27,14.800000220537186,2.7714286127260754,-2.600000038743019,79.81428690361125,28.600000023841854,199.4041
1995-03-06,11.500000171363354,3.442857194159712,-3.500000052154064,75.84285827300378,18.500000573694702,199.23507
1995-03-13,12.90000019222498,3.38571433616536,-3.400000050663948,69.35714389064482,1.1999999806284904,198.6848
1995-03-20,9.500000141561031,3.214285762182304,-3.400000050663948,78.61428688572985,39.69999980926514,198.62135
1995-03-27,15.900000236928465,4.8857143585171015,-3.200000047683716,72.1285725033709,21.799999713897705,198.659
1995-04-03,20.60000030696392,5.514285796454975,-4.200000062584877,74.67142968411956,11.699999809265137,198.6151
1995-04-10,16.300000242888927,7.814285830727646,-0.5000000074505806,70.1000010445714,2.199999988079071,198.36618
1995-04-17,13.40000019967556,7.528571540755885,-0.5000000074505806,69.92857247058835,17.100000023841858,197.98223
1995-04-24,25.30000037699937,11.128571594400066,-0.1000000014901161,71.52857249443021,22.59999966621399,198.00533
1995-05-01,21.1000003144145,11.87142874832664,2.200000032782554,74.41428682314498,22.49999964237213,198.0125
1995-05-08,25.700000382959843,14.857143078531536,3.6000000536441803,59.62857231710638,1.0,197.79754
1995-05-15,15.400000229477882,8.64285727164575,-0.4000000059604645,69.57142960812364,1.699999988079071,197.58812
1995-05-22,18.6000002771616,9.671428715544089,1.700000025331974,74.77142968560968,31.50000038743019,197.26789
1995-05-29,27.3000004068017,16.62857167635645,3.9000000581145287,71.08571534497398,19.30000039190054,196.9082
1995-06-05,18.80000028014183,12.81428590523345,8.50000012665987,82.64285837433168,30.59999942779541,196.70943
1995-06-12,18.30000027269125,12.61428590225322,6.900000102818012,69.54285817912647,2.5,196.53164
1995-06-19,23.100000344216824,13.600000202655792,8.50000012665987,79.22857260916915,17.30000001192093,196.37636
1995-06-26,27.10000040382147,16.771428821342333,8.600000128149986,69.55714389362505,1.3999999910593033,196.17117
1995-07-03,29.800000444054604,20.3857145894851,9.900000147521496,63.25714379974774,24.20000028610229,196.01933
1995-07-10,33.70000050216913,20.30000030249357,10.000000149011612,62.87142950828586,0.699999988079071,195.88207
1995-07-17,32.70000048726797,20.72857173745121,14.300000213086603,72.471429651337,55.599999129772186,195.97946
1995-07-24,33.70000050216913,20.142857443009103,10.100000150501728,70.77142962600503,13.999999821186066,195.84019
1995-07-31,30.600000455975533,20.428571732980863,11.000000163912771,69.84285818359682,23.10000067949295,195.67236
1995-08-07,31.10000046342612,21.07142888541733,10.500000156462193,59.0142865936671,2.700000047683716,195.44908
1995-08-14,30.800000458955765,18.814285994640414,9.3000001385808,63.5428580897195,10.49999988079071,195.27821
1995-08-21,30.100000448524952,19.17142885710512,10.500000156462193,68.80000102519989,6.699999913573265,195.15987
1995-08-28,29.10000043362379,16.600000247359276,8.600000128149986,82.07142979438815,42.40000019222498,195.17143
1995-09-04,17.00000025331974,11.81428589033229,7.000000104308128,82.0285726508924,12.499999888241293,195.23664
1995-09-11,22.600000336766243,14.271428784089428,8.50000012665987,78.00000116229057,13.199999921023846,195.15339
1995-09-18,21.50000032037497,13.585714488157205,8.00000011920929,80.88571549100536,16.799999713897705,195.18309
1995-09-25,17.30000025779009,11.88571446282523,7.500000111758709,83.30000124126673,35.70000106096268,195.52327
1995-10-02,18.0000002682209,9.757143002535615,2.1000000312924385,84.07142982419047,40.89999955147505,195.95203
1995-10-09,23.600000351667404,14.742857362542834,8.900000132620335,84.31428697066647,7.900000102818012,196.19812
1995-10-16,24.00000035762787,13.442857343171324,9.00000013411045,88.75714417972735,0.5000000149011611,196.06377
1995-10-23,15.800000235438349,9.114285850099154,-0.1000000014901161,83.30000124126673,1.3999999910593033,195.79584
1995-10-30,18.100000269711018,10.971428734915596,2.800000041723252,87.95714416780642,4.400000028312206,195.59866
1995-11-06,13.100000195205212,3.0285714737006595,-5.700000084936619,77.42857258234706,18.099999859929085,195.548
1995-11-13,13.100000195205212,4.957142931010042,-0.5000000074505806,83.01428695129496,2.200000002980232,195.42067
1995-11-20,12.300000183284284,4.285714349576405,-3.400000050663948,85.45714413055352,27.999999821186066,195.73299
1995-11-27,6.000000089406967,1.1000000163912775,-4.700000070035458,85.3571441290634,0.1000000014901161,195.83
1995-12-04,2.500000037252903,0.2857142899717603,-3.200000047683716,86.18571556998151,0.0,195.64567
1995-12-11,2.7000000402331352,-1.1857143033828057,-5.700000084936619,82.17142979587827,0.3000000119209289,195.45172
1995-12-18,3.000000044703484,-0.7857142974223409,-5.200000077486038,82.3857155133571,1.600000023841858,195.36076
1995-12-25,11.500000171363354,2.7857143272246634,-5.700000084936619,91.74285850993223,52.59999859333038,197.22064
1996-01-01,1.100000016391277,-4.057142917598997,-12.300000183284284,76.68571542842048,3.3999999538064003,197.30192
1996-01-08,2.500000037252903,-3.114285760692188,-11.500000171363354,82.17142979587827,1.3000000044703484,196.76091
1996-01-15,6.70000009983778,1.0142857293997491,-2.7000000402331352,89.25714418717793,0.0,196.26382
1996-01-22,2.0000000298023224,-2.571428609745843,-6.800000101327896,81.04285835048982,0.0,195.83718
1996-01-29,2.200000032782554,-4.485714352556637,-9.00000013411045,73.37142966474805,1.5,195.60377
1996-02-05,3.400000050663948,-2.971428615706308,-10.80000016093254,71.95714392938784,2.0000000596046448,195.46443
1996-02-12,4.400000065565109,-3.428571479661124,-13.600000202655792,80.02857262109008,19.800000049173832,195.37239
1996-02-19,4.500000067055225,1.0428571583969253,-2.0000000298023224,85.90000128000975,30.199999608099457,197.30937
1996-02-26,12.500000186264517,-1.528571451348918,-11.10000016540289,71.3000010624528,2.0,196.88262
1996-03-04,11.10000016540289,0.4571428639548165,-6.000000089406967,69.385715319642,0.7000000178813934,196.19804
1996-03-11,7.300000108778477,0.6285714379378727,-4.90000007301569,67.88571529729026,2.700000032782554,195.80761
1996-03-18,10.900000162422655,1.0857143018926894,-7.500000111758709,71.98571535838502,0.1000000014901161,195.60601
1996-03-25,13.800000205636024,6.600000098347664,-0.9000000134110451,77.22857257936683,10.90000019967556,195.5929
1996-04-01,7.200000107288361,1.2285714468785696,-5.900000087916851,71.95714392938784,3.799999922513962,195.66884
1996-04-08,17.100000254809856,4.7285714990326335,-4.500000067055225,76.94285828939506,3.600000001490116,195.72117
1996-04-15,15.500000230968,5.071428646998746,-3.200000047683716,67.07142957087073,1.7999999523162842,195.71706
1996-04-22,27.500000409781933,12.7571430472391,-2.200000032782554,50.98571504546063,0.0,195.62986
1996-04-29,22.600000336766243,12.414285899272986,1.700000025331974,67.37142957534108,7.500000298023224,195.55645
1996-05-06,20.500000305473804,9.842857289527144,0.6000000089406967,74.1571439621704,14.600000217556952,195.51374
1996-05-13,14.800000220537186,8.71428584413869,3.9000000581145287,81.62857264493194,18.0999992787838,195.4882
1996-05-20,21.50000032037497,11.74285731783935,6.500000096857548,84.12857268218484,30.19999957084656,195.61978
1996-05-27,22.30000033229589,12.742857332740511,4.000000059604645,77.92857258979764,33.299999594688416,195.78181
1996-06-03,29.60000044107437,14.814285935035771,4.000000059604645,71.24285820445844,6.0,195.96633
1996-06-10,31.80000047385693,20.928571740431444,7.500000111758709,66.17142955745969,13.39999959617853,195.93128
1996-06-17,30.00000044703484,17.200000256299973,5.200000077486038,61.24285805544683,0.4000000059604645,195.71337
1996-06-24,25.80000038444996,13.271428769188269,9.00000013411045,71.1714296319655,8.200000166893005,195.56213
1996-07-01,23.80000035464764,14.900000222027302,7.300000108778477,75.98571541798967,27.499999523162845,195.37581
1996-07-08,24.600000366568565,14.92857165102448,8.00000011920929,77.15714400687388,32.80000019073486,195.34877
1996-07-15,27.000000402331352,17.15714311280421,9.00000013411045,77.52857258383717,18.899999976158146,195.45938
1996-07-22,24.8000003695488,15.142857368503298,5.900000087916851,64.2571438146489,0.0,195.2131
1996-07-29,26.80000039935112,17.442857402775967,8.800000131130219,79.6428583296282,88.39999794960022,195.2032
1996-08-05,28.80000042915344,17.357143115784442,7.000000104308128,71.1857153464641,0.0,196.46556
1996-08-12,28.200000420212746,17.314285972288676,9.00000013411045,80.17142976607595,28.30000052601099,196.12529
1996-08-19,28.300000421702865,16.685714534350804,10.400000154972076,80.37142976905618,9.200000055134296,195.8288
1996-08-26,28.80000042915344,17.45714311727456,9.80000014603138,80.52857262854066,13.200000204145908,195.55212
1996-09-02,20.60000030696392,13.385714485176972,5.500000081956387,81.32857264046159,15.500000335276129,195.40725
1996-09-09,23.300000347197056,11.942857320819584,3.1000000461936,74.90000111609697,0.2000000029802322,195.25285
1996-09-16,17.30000025779009,10.200000151991844,5.000000074505806,85.97142985250268,19.00000061094761,195.23019
1996-09-23,17.80000026524067,10.100000150501728,4.200000062584877,82.04285836539098,33.09999928623438,195.47464
1996-09-30,20.10000029951334,10.857143018926893,5.700000084936619,87.68571559233325,8.599999815225601,195.41097
1996-10-07,16.600000247359276,9.028571563107628,2.7000000402331352,87.15714415588549,6.499999858438969,195.31458
1996-10-14,19.30000028759241,10.385714440473487,4.200000062584877,85.6000012755394,0.4000000059604644,195.2264
1996-10-21,15.800000235438349,9.44285728356668,3.9000000581145287,90.42857277606215,45.89999949932098,195.97505
1996-10-28,15.100000225007534,8.257142980183874,0.5000000074505806,80.68571548802512,8.999999918043613,196.42079
1996-11-04,15.900000236928465,9.51428585605962,5.000000074505806,80.40000119805336,17.100000217556953,196.6444
1996-11-11,14.100000210106373,7.542857255254473,1.3000000193715096,84.05714410969189,9.499999932944776,196.68742
1996-11-18,11.500000171363354,4.300000064074993,-0.2000000029802322,88.15714417078665,26.999999910593036,197.03029
1996-11-25,7.300000108778477,1.4142857353602136,-3.200000047683716,85.32857270006623,18.80000016838312,197.46799
1996-12-02,5.500000081956387,1.87142859931503,-0.5000000074505806,88.85714418121746,18.799999713897705,197.48573
1996-12-09,9.3000001385808,1.614285738340446,-1.3000000193715096,84.38571554315942,1.7000000476837158,197.65198
1996-12-16,3.1000000461936,-0.4285714349576405,-6.200000092387199,91.35714421847037,7.5,197.40172
1996-12-23,6.000000089406967,-0.3714285769632884,-8.400000125169754,82.3714297988585,9.7999999076128,197.28622
1996-12-30,-2.0000000298023224,-9.028571563107628,-17.30000025779009,72.77142965580735,1.100000023841858,196.99773
1997-01-06,-2.800000041723252,-8.400000125169754,-16.100000239908695,82.34285836986133,3.099999964237213,196.7765
1997-01-13,-1.5000000223517418,-5.914285802415439,-13.100000195205212,84.14285839668342,0.0,196.47262
1997-01-20,3.500000052154064,-3.285714334675244,-11.900000177323818,83.67142981823001,7.500000216066837,196.1362
1997-01-27,5.700000084936619,1.700000025331974,-1.100000016391277,91.87142994041952,16.89999981224537,196.40428
1997-02-03,4.700000070035458,-0.3000000044703484,-6.800000101327896,83.54285838774273,0.6000000238418579,196.0241
1997-02-10,11.900000177323818,3.0142857592020715,-2.3000000342726707,82.64285837433168,17.30000000447035,196.85
1997-02-17,11.900000177323818,3.657142911638533,-2.600000038743019,80.97142977799687,39.30000019073486,198.41356
1997-02-24,13.500000201165676,6.900000102818012,-0.4000000059604645,74.12857253317323,25.000000156462196,198.67988
1997-03-03,18.50000027567148,7.557142969753061,0.5000000074505806,75.95714398899248,41.80000086128712,197.89998
1997-03-10,17.600000262260437,7.114285820296833,-0.2000000029802322,78.54285831323692,2.600000001490116,198.76599
1997-03-17,18.6000002771616,8.114285835197993,-0.2000000029802322,80.48571548504489,4.600000120699406,198.22331
1997-03-24,12.800000190734863,4.071428632097585,-3.000000044703484,80.0000011920929,13.0,197.95
1997-03-31,16.100000239908695,7.285714394279888,2.200000032782554,74.44285825214216,3.699999995529652,197.889
1997-04-07,19.30000028759241,5.914285802415439,-4.000000059604645,68.61428673671824,7.800000108778477,197.56597
1997-04-14,17.600000262260437,6.042857232902732,-4.500000067055225,64.6142866771136,1.5,197.29794
1997-04-21,16.00000023841858,4.428571494562285,-5.700000084936619,59.50000088661909,0.5,197.08919
1997-04-28,17.50000026077032,8.685714415141515,-4.400000065565109,68.7857153107013,13.199999809265137,196.71536
1997-05-05,25.50000037997961,12.442857328270165,3.700000055134296,74.20000110566616,16.79999965429306,196.24107
1997-05-12,24.100000359117985,9.857143004025732,0.2000000029802322,72.55714393832854,18.20000009983778,196.1242
1997-05-19,29.000000432133675,18.01428598271949,5.500000081956387,69.0142867426787,4.299999810755253,195.97733
1997-05-26,20.60000030696392,11.771428746836524,1.3000000193715096,68.42857244823661,12.900000289082527,195.8109
1997-06-02,21.000000312924385,12.057143036808286,2.200000032782554,57.700000859797,0.800000011920929,195.64009
1997-06-09,27.700000412762165,17.21428597079856,6.500000096857548,63.15714379825762,11.300000011920927,195.51096
1997-06-16,29.200000435113907,17.728571692747728,9.100000135600569,68.55714387872389,23.19999954849482,195.45778
1997-06-23,20.30000030249357,13.700000204145908,5.700000084936619,75.14285826257297,33.10000000149012,195.4597
1997-06-30,29.60000044107437,15.085714510508948,9.400000140070915,76.57142971243177,32.59999918937683,195.52477
1997-07-07,25.30000037699937,15.91428595142705,10.000000149011612,75.3428582655532,21.70000024139881,195.49955
1997-07-14,28.10000041872263,18.21428598569972,10.100000150501728,71.52857249443021,30.899999022483826,195.37746
1997-07-21,24.8000003695488,16.85714310833386,10.000000149011612,79.81428690361125,8.10000030696392,195.37641
1997-07-28,26.50000039488077,17.557143118764674,9.00000013411045,76.02857256148543,20.700000166893005,195.33536
1997-08-04,27.3000004068017,17.485714546271733,10.400000154972076,75.74285827151367,10.799999929964542,195.20793
1997-08-11,30.200000450015068,20.25714315899781,11.30000016838312,66.20000098645687,1.7000000476837158,195.07051
1997-08-18,30.300000451505184,20.071428870516165,11.900000177323818,66.71428670840604,0.0,194.94701
1997-08-25,31.600000470876694,21.1000003144145,11.000000163912771,70.07142961557422,1.900000050663948,194.88808
1997-09-01,29.60000044107437,17.942857410226548,9.00000013411045,76.12857256297555,15.500000476837158,194.82391
1997-09-08,25.30000037699937,16.957143109823978,8.00000011920929,77.90000116080046,5.700000107288361,194.70953
1997-09-15,24.600000366568565,11.928571606320997,2.200000032782554,70.44285819253751,4.0000001192092896,194.66459
1997-09-22,25.100000374019142,11.585714458354882,1.100000016391277,72.14285821786949,0.0,194.59843
1997-09-29,23.80000035464764,11.428571598870414,2.7000000402331352,72.68571536881583,0.0,194.5551
1997-10-06,22.500000335276127,11.971428749816758,2.500000037252903,78.0857154492821,15.70000009983778,194.5955
1997-10-13,22.600000336766243,12.82857161973204,4.200000062584877,78.51428688423974,51.99999982118607,194.93577
1997-10-20,14.500000216066836,6.900000102818012,2.500000037252903,86.88571558041232,6.799999870359898,194.78033
1997-10-27,11.500000171363354,3.071428617196424,-3.700000055134296,76.32857256595578,0.5000000149011612,194.58296
1997-11-03,10.400000154972076,1.2285714468785696,-6.70000009983778,74.11428681867463,0.0,194.47
1997-11-10,13.40000019967556,6.9428572463137765,-1.600000023841858,79.97142976309571,21.0999995470047,194.59389
1997-11-17,10.600000157952309,5.300000078976154,-1.3000000193715096,88.5857156057443,18.799999602138996,194.72685
1997-11-24,5.200000077486038,2.0714286022952626,-4.000000059604645,83.2142869542752,5.299999892711639,194.60172
1997-12-01,10.000000149011612,3.7857143421258246,-1.5000000223517418,86.3285727149674,9.399999871850014,194.56859
1997-12-08,4.000000059604645,0.4000000059604645,-4.000000059604645,86.80000129342079,11.800000421702864,194.62332
1997-12-15,11.400000169873238,5.18571436298745,-2.200000032782554,86.27142985697303,47.39999971538782,196.44098
1997-12-22,3.400000050663948,-0.5857142944421087,-7.000000104308128,83.24285838327238,6.100000098347664,196.19148
1997-12-29,13.600000202655792,5.742857228432383,0.9000000134110451,85.01428698109729,19.39999967813492,196.29039
1998-01-05,9.80000014603138,5.614285797945091,-0.800000011920929,79.45714404114655,20.60000000149012,196.74637
1998-01-12,12.000000178813934,5.100000075995922,-2.800000041723252,79.07142974968467,4.700000204145908,197.01055
1998-01-19,9.600000143051147,4.300000064074993,-2.3000000342726707,80.88571549100536,26.199999809265137,196.84893
1998-01-26,4.700000070035458,-0.7000000104308128,-8.800000131130219,80.42857262705054,5.100000098347664,197.19646
1998-02-02,2.1000000312924385,-5.485714367457798,-15.800000235438349,77.014286861888,1.30000002682209,196.79074
1998-02-09,8.300000123679638,-1.9285714573093824,-12.300000183284284,81.9000012204051,0.699999988079071,196.29979
1998-02-16,16.300000242888927,5.557142939950738,-4.200000062584877,76.45714399644307,1.8999999538064003,195.87325
1998-02-23,17.00000025331974,5.771428657429559,-2.200000032782554,80.30000119656324,9.700000025331974,195.69415
1998-03-02,14.900000222027302,6.41428580986602,-1.3000000193715096,78.22857259426799,7.100000143051148,195.63406
1998-03-09,18.0000002682209,6.885714388319424,-4.500000067055225,73.65714395471981,61.09999966621399,198.10599
1998-03-16,9.900000147521496,3.928571487111705,-6.000000089406967,78.24285830876657,9.299999818205832,197.66513
1998-03-23,10.80000016093254,3.928571487111705,-5.000000074505806,72.0000010728836,4.599999964237213,197.24196
1998-03-30,20.80000030994416,5.971428660409791,-6.70000009983778,68.98571531368154,0.0,196.98718
1998-04-06,23.100000344216824,10.471428727465016,3.9000000581145287,76.57142971243177,19.1999998614192,196.81578
1998-04-13,15.800000235438349,6.571428669350488,-1.600000023841858,77.24285829386541,26.40000021457672,196.72118
1998-04-20,15.300000227987766,6.100000090897083,-2.7000000402331352,75.5714296975306,10.800000049173832,196.68506
1998-04-27,21.60000032186508,11.74285731783935,1.700000025331974,75.1000011190772,10.80000002682209,196.69822
1998-05-04,22.30000033229589,11.45714302786759,6.200000092387199,79.58571547163385,20.4000006467104,196.59586
1998-05-11,28.80000042915344,14.385714500078134,2.200000032782554,69.10000102967024,3.1999999582767487,196.22734
1998-05-18,29.700000442564487,16.014285952917167,4.400000065565109,58.04285800776312,0.0,195.95301
1998-05-25,24.100000359117985,12.32857161228146,3.700000055134296,67.41428671883685,0.1000000014901161,195.60242
1998-06-01,24.300000362098217,15.671428804951054,7.900000117719173,75.54285826853344,35.50000021606684,195.33502
1998-06-08,30.800000458955765,19.114285999110766,9.400000140070915,68.55714387872389,10.0,195.29534
1998-06-15,21.1000003144145,13.671428775148732,4.700000070035458,76.70000114291906,13.39999971538782,195.33723
1998-06-22,32.100000478327274,17.50000026077032,8.900000132620335,71.4142867784415,13.499999776482582,195.21806
1998-06-29,29.10000043362379,18.22857170019831,9.500000141561031,68.17142958726201,6.599999964237213,195.05307
1998-07-06,23.80000035464764,16.300000242888927,8.800000131130219,73.27142966325793,17.800000429153442,194.94717
1998-07-13,23.600000351667404,14.942857365523066,9.500000141561031,83.01428695129496,25.59999930858612,194.95849
1998-07-20,33.600000500679016,16.757143106843746,8.50000012665987,75.75714398601225,21.19999957084656,194.99902
1998-07-27,30.70000045746565,19.47142886157547,10.000000149011612,71.14285820296833,4.5,194.76727
1998-08-03,25.30000037699937,16.35714310088328,8.00000011920929,78.57142974223409,19.700000643730164,194.7027
1998-08-10,33.10000049322844,18.94285742512771,8.600000128149986,69.3714296051434,0.5,194.61494
1998-08-17,35.60000053048134,20.071428870516165,8.100000120699406,61.44285805842706,0.0,194.57403
1998-08-24,27.700000412762165,15.985714523919992,9.00000013411045,71.65714392491749,40.00000071525574,194.65108
1998-08-31,22.100000329315662,12.057143036808286,5.200000077486038,75.28571540755885,1.7999999523162842,194.58599
1998-09-07,21.300000317394733,15.100000225007534,5.500000081956387,85.4857155595507,23.099999859929085,194.59
1998-09-14,23.300000347197056,13.571428773658615,7.000000104308128,84.61428697513682,72.49999924004078,194.76413
1998-09-21,19.10000028461218,11.071428736405712,5.000000074505806,82.60000123083591,28.699999809265137,196.36942
1998-09-28,21.60000032186508,13.000000193715096,5.500000081956387,78.60000117123127,2.5,195.86881
1998-10-05,19.10000028461218,9.700000144541264,4.500000067055225,90.34285848907062,34.400000631809235,195.92222
1998-10-12,13.800000205636024,8.942857276116099,6.200000092387199,88.78571560872453,48.79999934136868,197.27152
1998-10-19,19.10000028461218,10.15714300849608,2.7000000402331352,84.61428697513682,9.299999788403513,197.48976
1998-10-26,17.80000026524067,9.671428715544089,3.6000000536441803,80.2428583385689,42.99999952316284,197.41993
1998-11-02,14.600000217556952,7.757142972733293,2.200000032782554,83.9285726792046,110.20000076293944,200.3361
1998-11-09,11.000000163912771,5.928571516914027,0.2000000029802322,84.85714412161282,25.30000012367964,199.67096
1998-11-16,11.30000016838312,3.5857143391455923,-0.2000000029802322,91.24285850248168,21.99999973922968,199.2989
1998-11-23,1.80000002682209,-2.628571467740195,-9.00000013411045,83.55714410224131,3.800000011920929,198.77309
1998-11-30,3.700000055134296,0.2714285754731723,-1.700000025331974,89.55714419164828,6.199999943375588,198.13554
1998-12-07,1.100000016391277,-1.5142857368503295,-4.700000070035458,83.08571552378791,4.299999967217445,197.64537
1998-12-14,9.80000014603138,0.6714285814336368,-10.80000016093254,87.67142987783465,13.20000008493662,197.34759
1998-12-21,9.80000014603138,2.7857143272246634,-2.800000041723252,88.67142989273582,13.100000008940697,197.46963
1998-12-28,12.500000186264517,3.8857143436159407,-3.200000047683716,84.10000125318766,13.200000144541264,197.58768
1999-01-04,11.500000171363354,2.728571469230311,-2.7000000402331352,88.11428702729089,12.099999956786633,197.74646
1999-01-11,15.100000225007534,3.9000000581145287,-1.100000016391277,85.92857270900693,33.599999226629734,198.3746
1999-01-18,12.300000183284284,4.0857143465961725,-2.7000000402331352,78.01428687678916,14.200000002980232,198.79099
1999-01-25,10.100000150501728,2.457142893757139,-3.400000050663948,86.52857271794763,11.900000013411043,198.50915
1999-02-01,10.500000156462193,-0.7000000104308128,-7.200000107288361,84.0428583951933,22.30000026524067,198.78142
1999-02-08,7.900000117719173,2.0142857443009103,-4.90000007301569,86.78571557892221,21.10000003874302,198.64683
1999-02-15,3.1000000461936,-4.3142857785735815,-14.40000021457672,80.62857263003077,2.200000025331974,198.50842
1999-02-22,7.900000117719173,2.642857182238783,-3.000000044703484,85.128572697086,42.99999940395355,198.98127
1999-03-01,12.300000183284284,3.157142904187952,-4.700000070035458,81.80000121891499,22.10000000149012,199.27383
1999-03-08,11.800000175833702,5.314285793474743,-2.200000032782554,81.45714407094887,11.30000001937151,199.48195
1999-03-15,18.6000002771616,5.814285800925323,-1.600000023841858,81.32857264046159,9.40000019222498,199.02426
1999-03-22,10.500000156462193,3.957142916108881,-3.000000044703484,76.55714399793318,12.899999916553496,198.44251
1999-03-29,17.600000262260437,7.314285823277065,1.3000000193715096,83.87142982121024,16.899999789893627,198.20247
1999-04-05,20.30000030249357,9.557142999555383,0.5000000074505806,74.60000111162663,4.800000108778477,197.90178
1999-04-12,19.80000029504299,9.371428711073738,0.9000000134110451,79.2714297526649,26.800000742077827,197.86441
1999-04-19,11.000000163912771,4.700000070035458,-0.800000011920929,81.7714297899178,25.80000042915344,198.28952
1999-04-26,21.000000312924385,10.114285865000316,0.1000000014901161,75.25714397856167,11.500000059604645,198.24514
1999-05-03,22.600000336766243,12.914285906723569,3.9000000581145287,71.12857248846974,0.5,197.8289
1999-05-10,22.500000335276127,12.742857332740511,5.4000000804662704,74.05714396068028,8.199999928474426,197.38989
1999-05-17,19.30000028759241,12.271428754287106,2.7000000402331352,72.61428679632289,7.89999982714653,197.01684
1999-05-24,24.100000359117985,14.328571642083782,6.200000092387199,74.34285825065204,18.900000512599945,196.74136
1999-05-31,30.200000450015068,17.685714549251966,7.000000104308128,70.35714390554598,0.1000000014901161,196.38084
1999-06-07,30.100000448524952,16.314285957387515,7.200000107288361,72.4857153658356,33.29999926686287,196.2098
1999-06-14,23.100000344216824,14.871428793030123,6.200000092387199,71.87142964239631,4.999999910593033,195.9654
1999-06-21,26.100000388920307,15.442857372973648,7.500000111758709,69.44285817763635,5.200000002980232,195.72781
1999-06-28,26.200000390410423,15.41428594397647,4.000000059604645,66.8857152823891,4.0,195.52175
1999-07-05,32.70000048726797,20.128571728510515,9.400000140070915,73.18571537626642,25.10000012069941,195.39305
1999-07-12,27.000000402331352,18.985714568623475,12.4000001847744,79.11428689318043,48.50000011920929,195.48343
1999-07-19,30.70000045746565,18.34285741618701,8.600000128149986,75.55714398303202,30.599999725818638,195.6863
1999-07-26,27.700000412762165,18.271428843694075,10.500000156462193,71.54285820892879,17.00000013411045,195.39737
1999-08-02,29.300000436604023,18.857143138136184,10.30000015348196,61.14285805395672,1.0,195.32442
1999-08-09,29.50000043958425,19.557143148567,11.000000163912771,74.41428682314498,21.70000034570694,195.35971
1999-08-16,23.80000035464764,15.41428594397647,6.000000089406967,77.87142973180327,9.600000143051147,195.22982
1999-08-23,23.100000344216824,14.47142878706966,5.4000000804662704,71.55714392342738,10.700000382959844,194.97834
1999-08-30,28.80000042915344,17.614285976759025,7.500000111758709,73.84285824320146,11.099999725818634,194.75727
1999-09-06,26.30000039190054,16.085714525410108,6.200000092387199,73.47142966623817,6.900000095367432,194.6704
1999-09-13,29.50000043958425,18.100000269711018,10.000000149011612,71.94285821488926,0.0,194.60185
1999-09-20,30.300000451505184,16.442857387874806,6.200000092387199,72.32857250635114,2.899999961256981,194.6
1999-09-27,24.100000359117985,15.8571430934327,10.900000162422655,80.2428583385689,19.800000071525574,194.55803
1999-10-04,18.50000027567148,12.82857161973204,7.000000104308128,83.17142981077943,39.40000007301569,194.86306
1999-10-11,16.600000247359276,10.257143009986196,5.200000077486038,88.457144175257,7.200000047683716,194.56923
1999-10-18,15.600000232458116,6.27142866488014,-1.600000023841858,77.97142973329339,0.0,194.48797
1999-10-25,14.000000208616257,7.728571543736117,0.2000000029802322,77.91428687529904,6.500000096857548,194.51977
1999-11-01,16.600000247359276,9.314285853079388,1.600000023841858,83.80000124871731,16.099999859929085,194.45188
1999-11-08,14.40000021457672,6.600000098347664,-0.6000000089406967,88.2285727432796,10.300000004470348,194.22482
1999-11-15,8.00000011920929,3.5571429101484164,-4.200000062584877,83.81428696321589,22.699999645352367,194.50563
1999-11-22,2.200000032782554,-0.942857156906809,-6.70000009983778,88.80000132322311,15.699999958276749,194.3686
1999-11-29,9.600000143051147,2.571428609745843,-2.500000037252903,92.24285851738284,5.300000198185444,194.53
1999-12-06,9.400000140070915,4.128571490091937,-2.600000038743019,82.17142979587827,16.90000009536743,194.88491
1999-12-13,11.400000169873238,6.228571521384375,2.1000000312924385,83.90000125020742,69.00000001490116,197.00759
1999-12-20,5.000000074505806,-0.1428571449858801,-5.200000077486038,90.22857277308192,16.19999960064888,197.54381
1999-12-27,8.100000120699406,0.4714285784534046,-6.900000102818012,88.00000131130219,43.9000004529953,198.02744
2000-01-03,4.400000065565109,2.0142857443009103,-0.2000000029802322,91.42857279096332,5.100000038743019,197.94906
2000-01-10,8.00000011920929,3.5714286246470044,-1.80000002682209,90.3571442035692,13.199999906122684,197.43673
2000-01-17,6.500000096857548,1.0142857293997491,-2.200000032782554,86.14285842648574,0.3000000044703483,197.10705
2000-01-24,6.900000102818012,-0.3142857189689366,-11.900000177323818,84.41428697215659,14.900000005960464,196.88111
2000-01-31,10.000000149011612,1.0000000149011612,-12.500000186264517,79.38571546865361,25.699999168515205,197.2167
2000-02-07,12.500000186264517,5.314285793474743,0.2000000029802322,83.67142981823001,10.099999956786633,197.46568
2000-02-14,11.400000169873238,3.814285771123001,-4.700000070035458,81.51428692894322,36.99999988079071,198.12725
2000-02-21,10.500000156462193,2.0714286022952626,-4.500000067055225,85.82857270751681,34.799999475479126,198.71555
2000-02-28,16.300000242888927,3.642857197139944,-3.200000047683716,83.28571552676814,15.39999982714653,198.63756
2000-03-06,9.3000001385808,3.342857192669596,-0.5000000074505806,78.85714403220585,41.3000009059906,199.16988
2000-03-13,12.500000186264517,8.057142977203641,-0.2000000029802322,77.74285830131599,20.7999994456768,199.09419
2000-03-20,10.900000162422655,5.728571513933795,-1.5000000223517418,80.27142976756606,17.500000149011612,198.74411
2000-03-27,17.30000025779009,7.142857249294009,-1.700000025331974,76.38571542395013,5.600000098347664,198.35128
2000-04-03,19.30000028759241,6.242857235882964,-0.4000000059604645,80.60000120103359,10.200000241398811,197.88134
2000-04-10,16.00000023841858,6.400000095367432,-3.400000050663948,68.62857245121684,2.0,197.42399
2000-04-17,16.800000250339508,7.828571545226233,-0.5000000074505806,75.00000111758709,15.199999749660492,197.03371
2000-04-24,26.600000396370888,12.7571430472391,2.800000041723252,73.88571538669723,16.300000190734863,196.67738
2000-05-01,24.8000003695488,15.314285942486354,4.000000059604645,77.44285829684564,12.500000290572643,196.44347
2000-05-08,26.600000396370888,16.600000247359276,8.50000012665987,71.8857153568949,4.000000059604645,196.24378
2000-05-15,28.200000420212746,17.42857168827738,7.000000104308128,66.22857241545405,0.0,196.01759
2000-05-22,28.80000042915344,12.54285732976028,3.500000052154064,77.98571544779199,14.399999871850014,195.87292
2000-05-29,21.80000032484532,12.785714476236276,4.200000062584877,75.9428582744939,16.49999988079071,195.69584
2000-06-05,29.10000043362379,16.457143102373397,3.500000052154064,75.97142970349107,31.000000715255737,195.56008
2000-06-12,30.800000458955765,17.200000256299973,5.500000081956387,69.34285817614624,1.9999999403953552,195.40058
2000-06-19,32.20000047981739,17.528571689767496,3.400000050663948,62.17142949785505,0.2000000029802322,195.19629
2000-06-26,33.70000050216913,17.42857168827738,8.50000012665987,66.48571527642864,11.099999956786633,195.0904
2000-07-03,28.200000420212746,15.542857374463765,3.700000055134296,68.54285816422531,14.299999833106996,195.01
2000-07-10,23.100000344216824,15.242857369993414,10.000000149011612,81.84285836241075,66.89999884366989,195.4587
2000-07-17,18.80000028014183,12.871428763227804,5.000000074505806,81.37142978395734,27.50000000745058,195.63802
2000-07-24,24.600000366568565,15.228571655494829,8.100000120699406,78.82857260320868,11.999999716877936,195.23738
2000-07-31,23.300000347197056,16.20000024139881,11.30000016838312,84.07142982419047,48.19999871402979,195.87731
2000-08-07,27.80000041425228,17.12857168380703,9.600000143051147,76.1857154209699,14.200000181794168,195.64699
2000-08-14,30.70000045746565,18.414285988679957,10.400000154972076,76.72857257191625,12.600000023841858,195.35901
2000-08-21,28.10000041872263,19.74285743704864,12.90000019222498,78.35714402475527,45.99999934434891,195.27352
2000-08-28,25.50000037997961,16.12857166890587,9.3000001385808,74.11428681867463,1.7000000476837158,195.45682
2000-09-04,24.100000359117985,14.542857359562602,9.100000135600569,81.58571550143617,33.10000033676624,195.57684
2000-09-11,26.200000390410423,14.40000021457672,6.900000102818012,83.31428695576531,11.500000193715096,195.53118
2000-09-18,25.30000037699937,14.814285935035771,10.000000149011612,85.02857269559588,24.99999987334013,195.64744
2000-09-25,19.60000029206276,11.657143030847822,4.500000067055225,84.34285839966365,11.599999904632568,195.66919
2000-10-02,23.300000347197056,14.285714498588018,9.80000014603138,87.75714416482619,7.200000055134296,195.57617
2000-10-09,18.30000027269125,9.500000141561031,3.200000047683716,87.57142987634454,17.59999966621399,195.36036
2000-10-16,20.30000030249357,10.928571591419834,4.500000067055225,85.1142869825874,13.400000311434267,195.90922
2000-10-23,18.50000027567148,9.257142995085037,4.500000067055225,91.00000135600568,7.000000014901161,195.64213
2000-10-30,15.500000230968,10.51428587096078,4.200000062584877,82.45714408585003,23.299999833106995,195.60575
2000-11-06,14.600000217556952,7.771428687231881,2.0000000298023224,84.5285726881453,22.200000539422035,196.88245
2000-11-13,11.500000171363354,7.000000104308128,1.5000000223517418,83.05714409479073,24.70000024139881,196.73227
2000-11-20,10.500000156462193,4.914285787514278,0.4000000059604645,86.34285842946598,11.2999999076128,197.23
2000-11-27,9.00000013411045,4.914285787514278,-0.5000000074505806,89.42857276116099,12.699999958276749,197.07258
2000-12-04,10.000000149011612,5.942857231412615,2.600000038743019,91.30000136047602,4.699999928474426,196.88563
2000-12-11,12.500000186264517,6.485714382358959,1.3000000193715096,88.02857274029937,16.200000166893005,196.6462
2000-12-18,13.100000195205212,4.714285784534046,-3.700000055134296,83.81428696321589,40.00000033527613,198.32106
2000-12-25,2.800000041723252,-2.257142890776907,-8.900000132620335,82.95714409330061,8.399999976158142,197.63259
2001-01-01,3.200000047683716,0.2428571464759963,-5.500000081956387,89.37142990316663,8.000000014901161,197.40838
2001-01-08,11.000000163912771,4.414285780063698,-0.1000000014901161,88.62857274924006,31.49999925494194,198.3406
2001-01-15,4.700000070035458,-1.0857143018926894,-7.500000111758709,80.95714406349829,10.599999621510504,198.19311
2001-01-22,2.500000037252903,-2.514285751751491,-9.3000001385808,86.61428700493914,27.100000381469727,197.81564
2001-01-29,8.300000123679638,2.9142857577119554,-3.500000052154064,90.21428705858332,26.500000573694702,199.14931
2001-02-05,10.000000149011612,1.685714310833386,-3.000000044703484,89.10000132769346,42.29999893903732,199.76494
2001-02-12,15.300000227987766,6.542857240353312,-4.000000059604645,77.41428686784846,4.9000000059604645,200.14192
2001-02-19,13.600000202655792,3.300000049173832,-2.600000038743019,80.41428691255194,1.6999999806284904,199.17701
2001-02-26,6.000000089406967,-0.2000000029802322,-12.90000019222498,83.27142981226955,10.299999952316284,198.35218
2001-03-05,7.000000104308128,0.6285714379378727,-7.500000111758709,81.97142979289804,17.599999822676182,197.92371
2001-03-12,13.300000198185444,7.12857153479542,-4.200000062584877,86.48571557445186,19.200000621378425,197.66454
2001-03-19,14.40000021457672,6.27142866488014,-0.1000000014901161,84.10000125318766,27.49999988079071,198.55019
2001-03-26,15.100000225007534,5.485714367457798,-4.000000059604645,83.52857267324414,51.00000024586916,200.63486
2001-04-02,21.000000312924385,6.41428580986602,-1.5000000223517418,77.78571544481176,9.999999977648258,199.87039
2001-04-09,17.30000025779009,8.128571549696582,0.1000000014901161,77.28571543736118,16.699999928474426,199.12899
2001-04-16,12.4000001847744,5.200000077486038,-3.9000000581145287,76.12857256297555,20.3000004068017,198.44183
2001-04-23,14.100000210106373,4.142857204590525,-2.200000032782554,77.94285830429622,7.300000019371509,198.00276
2001-04-30,23.80000035464764,10.985714449414186,2.0000000298023224,79.42857261214938,13.900000110268593,197.73791
2001-05-07,27.700000412762165,13.800000205636024,7.400000110268593,73.82857252870288,0.8999999910593033,197.53739
2001-05-14,24.8000003695488,15.42857165847506,6.900000102818012,63.75714380719832,9.300000190734863,197.20439
2001-05-21,22.000000327825543,12.7571430472391,3.700000055134296,76.48571542544025,12.999999858438969,196.91917
2001-05-28,26.600000396370888,17.07142882581268,6.000000089406967,62.91428665178163,0.0,196.56435
2001-06-04,26.00000038743019,13.428571628672737,7.000000104308128,72.01428678738219,16.800000347197056,196.34733
2001-06-11,21.1000003144145,12.585714473256044,8.400000125169754,78.98571546269315,19.100000083446503,196.13654
2001-06-18,25.700000382959843,14.714285933545655,4.90000007301569,78.37142973925386,30.00000023841858,196.00892
2001-06-25,27.80000041425228,15.12857165400471,4.700000070035458,69.81428675459964,0.1000000014901161,195.80603
2001-07-02,29.50000043958425,18.91428599613053,10.400000154972076,71.94285821488926,13.39999959617853,195.5717
2001-07-09,31.10000046342612,19.400000289082527,9.400000140070915,66.21428670095545,1.6999999657273293,195.4176
2001-07-16,27.000000402331352,16.800000250339508,9.100000135600569,74.2714296781591,38.199999928474426,195.33843
2001-07-23,29.300000436604023,17.12857168380703,9.600000143051147,72.6000010818243,2.700000002980232,195.25525
2001-07-30,32.50000048428774,21.60000032186508,11.900000177323818,65.05714382656983,0.1000000014901161,195.04469
2001-08-06,32.00000047683716,19.357143145586765,10.500000156462193,74.62857254062381,21.200000002980232,194.95687
2001-08-13,26.700000397861004,16.514285960367747,7.300000108778477,74.20000110566616,3.3999999538064003,194.93
2001-08-20,33.80000050365925,20.97142888392721,13.500000201165676,72.471429651337,9.400000095367432,194.84839
2001-08-27,33.00000049173832,19.714286008051467,11.500000171363354,73.77142967070851,0.0,194.72133
2001-09-03,23.600000351667404,15.357143085982118,6.70000009983778,73.75714395620993,16.80000001192093,194.7027
2001-09-10,17.100000254809856,11.942857320819584,8.50000012665987,85.41428698705775,44.99999940395356,194.90784
2001-09-17,16.300000242888927,11.01428587841136,7.200000107288361,86.40000128746033,37.30000030994415,194.89229
2001-09-24,17.30000025779009,10.342857296977725,3.000000044703484,85.27142984207187,36.1000007390976,194.89
2001-10-01,19.30000028759241,12.628571616751808,7.000000104308128,87.04285843989679,19.00000014901161,195.21513
2001-10-08,25.50000037997961,13.914285921624728,6.500000096857548,85.20000126957893,12.500000216066836,195.32
2001-10-15,21.1000003144145,12.32857161228146,6.000000089406967,83.74285839072296,0.7000000104308127,195.09001
2001-10-22,20.30000030249357,11.228571595890182,5.500000081956387,86.68571557743209,8.10000017285347,194.96
2001-10-29,15.000000223517418,10.285714438983373,5.900000087916851,92.00000137090684,16.899999536573887,194.95499
2001-11-05,17.50000026077032,6.542857240353312,0.1000000014901161,85.6000012755394,5.099999815225601,195.07464
2001-11-12,10.000000149011612,2.800000041723252,-6.000000089406967,87.32857272986855,58.19999971985817,197.4294
2001-11-19,7.700000114738941,1.3428571628672736,-4.700000070035458,88.31428703027112,1.9000000432133677,196.90878
2001-11-26,7.900000117719173,4.142857204590525,0.1000000014901161,91.11428707199435,33.90000015497208,196.97949
2001-12-03,7.500000111758709,4.842857215021338,0.9000000134110451,93.51428710775716,33.799999952316284,198.42675
2001-12-10,10.000000149011612,2.285714319774083,-6.000000089406967,87.0285727253982,9.699999786913397,198.30411
2001-12-17,4.400000065565109,-1.5714285948446818,-10.30000015348196,81.14285835197994,0.400000013411045,197.84752
2001-12-24,2.1000000312924385,-3.157142904187952,-20.000000298023224,86.65714414843491,28.49999947845936,197.20885
2001-12-31,5.700000084936619,-0.3428571479661124,-9.100000135600569,87.88571559531348,45.3999999538064,198.04309
2002-01-07,0.5000000074505806,-7.114285820296833,-18.100000269711018,82.28571551186698,0.4000000059604645,198.0529
2002-01-14,2.7000000402331352,-2.414285750261375,-6.400000095367432,91.21428707348448,0.2000000029802322,198.45312
2002-01-21,8.00000011920929,0.5857142944421087,-5.700000084936619,90.50000134855507,13.90000021457672,197.82093
2002-01-28,13.000000193715096,7.942857261214938,0.5000000074505806,82.34285836986133,43.99999971687794,199.57978
2002-02-04,16.100000239908695,7.757142972733293,-0.1000000014901161,74.34285825065204,0.4000000059604644,199.85095
2002-02-11,14.600000217556952,7.442857253764357,0.4000000059604645,85.42857270155635,51.80000078678131,199.43574
2002-02-18,12.500000186264517,3.828571485621588,-3.700000055134296,77.50000115483999,44.39999985694885,200.99865
2002-02-25,8.800000131130219,2.8142857562218397,-4.90000007301569,84.54285840264389,77.80000057816505,200.73931
2002-03-04,10.500000156462193,4.242857206080641,-4.400000065565109,76.61428685592753,23.200000524520878,200.74008
2002-03-11,17.600000262260437,5.442857223962035,-2.3000000342726707,76.44285828194448,2.0000000596046448,199.50269
2002-03-18,18.50000027567148,8.028571548206466,0.9000000134110451,76.38571542395013,18.80000001192093,198.63972
2002-03-25,15.100000225007534,6.314285808375904,0.800000011920929,77.28571543736118,35.60000020265579,199.04374
2002-04-01,18.80000028014183,5.057142932500158,-4.200000062584877,67.07142957087073,0.0,198.83
2002-04-08,19.80000029504299,7.485714397260121,-4.700000070035458,56.52857227091278,0.0,198.40274
2002-04-15,15.500000230968,7.014285818806717,-2.7000000402331352,72.52857250933137,10.499999910593033,197.83414
2002-04-22,19.80000029504299,8.614285842648574,1.80000002682209,78.75714403071574,13.399999797344208,197.41051
2002-04-29,20.10000029951334,10.771428731935364,4.90000007301569,77.64285829982587,23.99999988079071,196.9818
2002-05-06,17.80000026524067,9.457142998065269,2.800000041723252,85.05714412459305,42.29999966919422,197.51695
2002-05-13,26.200000390410423,14.84285736403295,2.800000041723252,78.85714403220585,35.70000076293945,198.15163
2002-05-20,27.80000041425228,14.84285736403295,7.500000111758709,72.714286797813,1.8000000044703484,198.54618
2002-05-27,28.10000041872263,13.914285921624728,5.700000084936619,78.00000116229057,22.6999996304512,198.13802
2002-06-03,24.100000359117985,14.057143066610609,4.400000065565109,67.65714386531285,0.4000000059604645,197.46602
2002-06-10,27.000000402331352,16.20000024139881,9.500000141561031,77.44285829684564,40.3999999165535,197.02555
2002-06-17,31.500000469386578,18.38571455968278,9.500000141561031,75.2142868350659,3.600000083446503,196.64609
2002-06-24,34.50000051409006,20.97142888392721,13.600000202655792,73.30000109225512,15.700000286102297,196.29606
2002-07-01,26.600000396370888,15.77142880644117,6.200000092387199,64.28571524364608,1.2000000476837158,196.09588
2002-07-08,31.20000046491623,16.65714310535363,8.400000125169754,73.48571538073676,8.100000143051147,195.91833
2002-07-15,32.50000048428774,18.0000002682209,10.000000149011612,77.98571544779199,22.100000500679016,195.7072
2002-07-22,26.00000038743019,16.12857166890587,8.600000128149986,77.52857258383717,14.399999797344208,195.60019
2002-07-29,31.600000470876694,17.685714549251966,8.800000131130219,77.31428686635834,5.100000120699406,195.37528
2002-08-05,31.300000466406345,18.757143136646068,12.000000178813934,78.0857154492821,50.80000114440918,195.50795
2002-08-12,24.600000366568565,16.757143106843746,10.500000156462193,82.88571552080768,10.0999998152256,195.32742
2002-08-19,30.00000044703484,18.74285742214748,11.60000017285347,75.30000112205744,0.0,195.11467
2002-08-26,30.800000458955765,18.528571704668657,11.900000177323818,79.14285832217762,19.60000076889992,195.05427
2002-09-02,27.10000040382147,18.114285984209605,6.500000096857548,79.45714404114655,3.000000096857548,194.93882
2002-09-09,28.60000042617321,15.900000236928465,8.00000011920929,77.42857258234706,1.7999999523162842,194.9093
2002-09-16,22.100000329315662,12.371428755777222,4.200000062584877,79.80000118911266,10.1999996304512,194.82829
2002-09-23,20.80000030994416,11.200000166893004,4.90000007301569,83.20000123977661,8.100000381469727,194.7766
2002-09-30,18.100000269711018,8.528571555657047,0.2000000029802322,80.92857263450112,8.199999667704105,194.70994
2002-10-07,19.30000028759241,9.87142871852432,2.200000032782554,85.52857270304646,19.90000019222498,194.70618
2002-10-14,16.50000024586916,7.12857153479542,-0.1000000014901161,80.32857262556043,1.199999988079071,194.75
2002-10-21,14.40000021457672,8.957142990614686,-0.6000000089406967,88.17142988528524,59.49999912083149,194.98
2002-10-28,18.30000027269125,10.028571578008789,4.500000067055225,79.98571547759431,83.20000094175339,195.54787
2002-11-04,15.600000232458116,8.671428700642926,3.000000044703484,89.72857276563134,36.0999998152256,198.11567
2002-11-11,11.000000163912771,4.6000000685453415,0.1000000014901161,84.68571554762977,51.19999847561121,199.13075
2002-11-18,12.000000178813934,6.971428675310952,1.600000023841858,88.85714418121746,9.20000009983778,198.84652
2002-11-25,10.600000157952309,5.914285802415439,2.1000000312924385,89.185715614685,3.500000052154064,198.13309
2002-12-02,10.400000154972076,7.028571533305304,3.000000044703484,88.98571561170476,16.500000096857548,197.52429
2002-12-09,7.400000110268593,0.7000000104308128,-8.400000125169754,82.52857265834298,1.899999983608723,197.20572
2002-12-16,4.000000059604645,-2.800000041723252,-11.900000177323818,83.85714410671166,5.800000071525574,196.93793
2002-12-23,9.500000141561031,1.600000023841858,-4.400000065565109,90.87142992551836,23.99999920278788,197.05914
2002-12-30,11.500000171363354,5.285714364477566,1.3000000193715096,92.757144239332,47.20000018179417,198.62008
2003-01-06,11.500000171363354,1.8857143138136183,-5.200000077486038,84.32857268516507,68.5000000372529,201.46711
2003-01-13,-0.5000000074505806,-7.257142965282712,-15.100000225007534,79.34285832515785,7.900000095367432,199.79212
2003-01-20,8.800000131130219,2.1142857457910265,-2.800000041723252,88.27142988677535,3.30000002682209,198.84779
2003-01-27,8.100000120699406,2.6714286112359598,-4.700000070035458,87.72857273582902,13.299999862909315,198.2483
2003-02-03,9.00000013411045,-0.2000000029802322,-7.000000104308128,85.85714413651398,28.799999490380287,198.18761
2003-02-10,3.400000050663948,-1.1000000163912775,-9.80000014603138,87.07142986889396,12.100000098347664,198.33008
2003-02-17,2.200000032782554,-3.7857143421258246,-10.900000162422655,71.97142964388642,0.0,197.91489
2003-02-24,8.900000132620335,-1.9571428863065583,-11.800000175833702,75.80000112950802,0.0,197.45354
2003-03-03,13.500000201165676,3.1000000461936,-7.200000107288361,81.21428692447287,9.600000098347664,197.22448
2003-03-10,17.600000262260437,5.700000084936619,-0.2000000029802322,77.21428686486823,5.400000192224979,197.06218
2003-03-17,16.100000239908695,4.242857206080641,-4.700000070035458,71.40000106394291,5.5,197.05885
2003-03-24,18.80000028014183,3.842857200120176,-4.700000070035458,62.87142950828586,0.0,196.95013
2003-03-31,20.60000030696392,9.828571575028556,0.1000000014901161,72.08571535987514,1.5999999567866323,196.74365
2003-04-07,17.600000262260437,4.585714354046753,-5.500000081956387,65.62857240651336,12.8999999538064,196.57221
2003-04-14,20.10000029951334,4.54285721055099,-7.800000116229057,60.885715192982126,2.5,196.34451
2003-04-21,24.00000035762787,11.285714453884534,-2.0000000298023224,60.214286611548495,0.2000000029802322,196.06121
2003-04-28,23.80000035464764,12.914285906723569,1.80000002682209,66.95714385488203,32.79999962449074,196.10534
2003-05-05,30.200000450015068,13.957143065120492,1.80000002682209,68.54285816422531,3.2000001221895222,195.97122
2003-05-12,25.30000037699937,15.071428796010355,6.200000092387199,79.25714403816632,18.700000166893005,195.77075
2003-05-19,19.10000028461218,10.414285869470664,1.5000000223517418,81.22857263897147,29.800000190734863,195.65743
2003-05-26,28.200000420212746,14.142857353602135,5.700000084936619,78.02857259128776,11.200000047683716,195.73772
2003-06-02,29.60000044107437,18.72857170764889,10.000000149011612,72.50000108033419,22.59999962151051,195.76901
2003-06-09,30.800000458955765,20.52857173447098,12.500000186264517,69.44285817763635,1.0,195.53821
2003-06-16,32.100000478327274,20.214286015502044,9.900000147521496,68.87142959769282,13.900000095367432,195.33884
2003-06-23,32.600000485777855,19.10000028461218,6.500000096857548,66.25714384445122,21.6999996304512,195.25732
2003-06-30,29.800000444054604,19.685714579054288,9.400000140070915,63.300000943243504,4.100000023841858,195.12539
2003-07-07,23.500000350177288,15.757143091942584,9.3000001385808,79.2714297526649,20.399999856948853,195.04391
2003-07-14,29.60000044107437,19.15714314260653,9.00000013411045,61.60000091791153,0.0,194.8521
2003-07-21,34.70000051707029,21.571428892867907,11.30000016838312,62.44285807332823,7.099999904632568,194.74026
2003-07-28,28.700000427663326,19.614286006561347,13.600000202655792,75.61428684102637,24.60000056028366,194.72
2003-08-04,35.60000053048134,21.52857174937214,10.500000156462193,67.31428671734673,0.0,194.68943
2003-08-11,37.30000055581331,25.00000037252903,15.100000225007534,56.285715124436784,0.3000000119209289,194.61122
2003-08-18,37.10000055283308,21.457143176879203,8.50000012665987,58.84285801968405,1.300000011920929,194.57148
2003-08-25,28.50000042468309,18.14285741320678,7.800000116229057,65.57142954851899,0.0,194.52285
2003-09-01,28.300000421702865,14.900000222027302,6.500000096857548,73.97142967368875,18.89999970793724,194.46806
2003-09-08,25.00000037252903,13.18571448219674,3.200000047683716,74.74285825661251,2.399999976158142,194.41021
2003-09-15,23.600000351667404,12.728571618241924,4.500000067055225,78.65714402922562,8.699999868869781,194.39
2003-09-22,30.600000455975533,15.742857377443997,6.400000095367432,68.74285816720554,0.800000011920929,194.37025
2003-09-29,22.800000339746475,10.500000156462193,1.700000025331974,78.57142974223409,6.900000095367432,194.34365
2003-10-06,20.30000030249357,10.3714287259749,2.7000000402331352,83.75714410522154,21.000000193715096,194.33803
2003-10-13,14.500000216066836,8.828571560127395,-0.5000000074505806,83.64285838923284,28.499999403953552,194.53776
2003-10-20,13.100000195205212,4.042857203100409,-3.500000052154064,75.92857255999532,4.5,194.51235
2003-10-27,8.600000128149986,2.271428605275495,-6.800000101327896,82.52857265834298,6.200000055134296,194.50549
2003-11-03,12.600000187754633,6.471428667860372,-3.000000044703484,84.47142983015094,14.0,194.36469
2003-11-10,13.800000205636024,5.057142932500158,-1.3000000193715096,79.78571547461408,0.0,194.30015
2003-11-17,9.00000013411045,2.9142857577119554,-4.500000067055225,88.04285845479795,18.39999994635582,194.30217
2003-11-24,10.500000156462193,7.1000001057982445,2.200000032782554,89.91428705411298,0.9000000208616256,194.31892
2003-12-01,10.80000016093254,5.857142944421087,3.200000047683716,90.15714420058896,13.599999822676182,194.34721
2003-12-08,10.000000149011612,1.1428571598870414,-7.800000116229057,84.17142982568059,0.5000000074505806,194.3671
2003-12-15,10.100000150501728,1.757142883326326,-7.000000104308128,82.77142980481896,39.80000007152557,194.40938
2003-12-22,9.500000141561031,1.757142883326326,-4.000000059604645,88.32857274476972,12.699999742209911,194.44207
2003-12-29,8.00000011920929,0.4571428639548166,-8.00000011920929,82.3714297988585,9.000000156462193,194.46056
2004-01-05,3.400000050663948,-1.685714310833386,-7.900000117719173,79.8857154761042,2.1999999582767487,194.48708
2004-01-12,10.400000154972076,3.6000000536441803,0.1000000014901161,90.4857156340565,59.60000076889992,195.47021
2004-01-19,9.600000143051147,2.9142857577119554,-4.500000067055225,81.15714406647852,36.60000067949295,196.09525
2004-01-26,3.200000047683716,-1.742857168827738,-9.100000135600569,81.72857264642205,1.2999999821186066,196.08894
2004-02-02,11.400000169873238,3.300000049173832,-3.700000055134296,76.48571542544025,18.400000035762787,196.05144
2004-02-09,15.400000229477882,7.942857261214938,0.1000000014901161,72.31428679185254,19.899999856948853,196.32239
2004-02-16,10.100000150501728,2.95714290120772,-3.000000044703484,84.0428583951933,8.499999947845936,196.43543
2004-02-23,5.700000084936619,0.5142857219491687,-3.700000055134296,73.928572530193,0.3000000044703483,196.41275
2004-03-01,3.6000000536441803,-1.700000025331974,-8.600000128149986,75.32857255105462,5.599999904632568,196.36684
2004-03-08,7.000000104308128,0.042857143495764,-5.700000084936619,78.82857260320868,3.89999994635582,196.27825
2004-03-15,14.600000217556952,3.342857192669596,-4.200000062584877,80.64285834452936,1.800000011920929,196.21314
2004-03-22,21.50000032037497,9.485714427062444,1.100000016391277,73.30000109225512,26.49999995529652,196.08227
2004-03-29,13.800000205636024,2.3285714632698467,-5.500000081956387,71.97142964388642,0.1000000014901161,195.89953
2004-04-05,19.500000290572643,8.485714412161283,-1.5000000223517418,69.44285817763635,14.100000381469728,195.7919
2004-04-12,14.100000210106373,5.271428649978978,-1.80000002682209,76.62857257042613,15.500000037252905,195.80853
2004-04-19,21.50000032037497,9.742857288037028,-0.9000000134110451,64.52857239012208,2.900000095367432,195.74465
2004-04-26,24.8000003695488,11.228571595890182,-0.5000000074505806,68.32857244674649,0.4000000059604645,195.57172
2004-05-03,24.300000362098217,14.04285735211202,3.9000000581145287,73.0857153747763,18.400000527501103,195.49382
2004-05-10,20.000000298023224,9.700000144541264,6.000000089406967,83.65714410373143,60.100000098347664,195.69107
2004-05-17,22.000000327825543,12.200000181794168,4.000000059604645,71.12857248846974,0.6000000014901161,195.79678
2004-05-24,24.50000036507845,11.700000174343586,-0.2000000029802322,66.0428581269724,1.899999976158142,195.9708
2004-05-31,24.100000359117985,12.271428754287106,1.100000016391277,63.5428580897195,7.200000047683716,196.11617
2004-06-07,25.80000038444996,14.457143072571071,6.70000009983778,76.40000113844872,12.49999988079071,195.74091
2004-06-14,30.800000458955765,18.14285741320678,8.400000125169754,71.98571535838502,17.900000482797623,195.35518
2004-06-21,24.600000366568565,14.328571642083782,5.500000081956387,73.22857251976218,12.20000034570694,195.20791
2004-06-28,25.80000038444996,16.28571452839034,5.700000084936619,65.27142954404864,3.89999994635582,194.9862
2004-07-05,25.00000037252903,15.714285948446818,8.900000132620335,70.95714391448668,11.59999978542328,194.82883
2004-07-12,24.8000003695488,15.27142879899059,7.500000111758709,74.91428683059556,29.399999864399437,194.839
2004-07-19,30.200000450015068,18.44285741767713,10.600000157952309,76.24285827896425,25.799999669194225,194.82434
2004-07-26,29.800000444054604,19.30000028759241,10.30000015348196,78.12857259277787,13.600000098347664,194.71712
2004-08-02,30.00000044703484,18.571428848164423,7.500000111758709,69.142858173166,0.4000000059604645,194.61606
2004-08-09,32.20000047981739,21.58571460736649,11.400000169873238,62.2285723558494,0.0,194.5713
2004-08-16,31.300000466406345,18.91428599613053,12.500000186264517,76.81428685890776,23.300000481307507,194.54725
2004-08-23,28.80000042915344,17.385714544781617,7.300000108778477,77.88571544630187,41.20000071823597,194.72196
2004-08-30,23.100000344216824,15.55714308896235,8.300000123679638,84.24285839817354,39.80000042915344,194.81791
2004-09-06,27.700000412762165,15.614285946956702,4.500000067055225,75.37142969455037,2.5,194.68181
2004-09-13,26.30000039190054,15.514285945466586,5.700000084936619,70.88571534199374,14.699999824166298,194.5234
2004-09-20,21.80000032484532,12.000000178813934,1.80000002682209,78.9285726046988,3.799999952316284,194.47847
2004-09-27,17.30000025779009,11.414285884371823,7.500000111758709,81.31428692596299,53.300000086426735,195.07198
2004-10-04,21.1000003144145,12.10000018030405,5.700000084936619,83.94285839370319,3.6000000983476643,194.74102
2004-10-11,25.100000374019142,9.914285862020083,0.800000011920929,80.97142977799687,8.899999715387821,194.59117
2004-10-18,12.800000190734863,7.042857247803893,0.9000000134110451,81.5428583579404,13.899999737739565,194.53633
2004-10-25,21.60000032186508,10.142857293997492,1.100000016391277,83.4571441007512,10.000000409781933,194.59145
2004-11-01,16.00000023841858,9.642857286546912,3.6000000536441803,86.85714415141514,9.6999998614192,194.61518
2004-11-08,12.500000186264517,7.414285824767181,-1.100000016391277,85.32857270006623,2.6999999657273293,194.55716
2004-11-15,6.500000096857548,1.2571428758757457,-3.200000047683716,90.31428706007344,19.8999999538064,194.95162
2004-11-22,10.400000154972076,4.514285781553814,-2.600000038743019,84.71428697662694,37.00000064074993,196.45227
2004-11-29,9.600000143051147,2.6714286112359598,-5.000000074505806,88.85714418121746,3.3999999165534973,196.3636
2004-12-06,8.00000011920929,2.1857143182839667,-1.5000000223517418,88.5714298912457,1.9000000357627869,195.92103
2004-12-13,5.200000077486038,-1.9714286008051465,-7.500000111758709,87.55714416184595,0.0,195.48602
2004-12-20,5.700000084936619,-1.1285714453884534,-8.50000012665987,86.88571558041232,23.0,195.93664
2004-12-27,9.100000135600569,1.614285738340446,-10.000000149011612,85.01428698109729,14.099999621510506,196.34345
2005-01-03,8.800000131130219,2.971428615706308,-2.500000037252903,83.87142982121024,9.099999882280828,196.28374
2005-01-10,12.800000190734863,5.900000087916851,1.0000000149011612,78.58571545673269,14.899999797344208,196.73655
2005-01-17,8.900000132620335,1.87142859931503,-5.700000084936619,83.94285839370319,5.699999958276749,196.54254
2005-01-24,9.500000141561031,2.457142893757139,-2.500000037252903,81.91428693490369,54.90000075101853,198.48802
2005-01-31,2.600000038743019,-3.428571479661124,-12.10000018030405,81.7714297899178,9.80000002682209,197.67306
2005-02-07,5.200000077486038,-0.2142857174788202,-7.400000110268593,77.78571544481176,6.999999918043613,197.35875
2005-02-14,10.80000016093254,1.4142857353602136,-10.900000162422655,86.3142870004688,56.299999333918095,199.01027
2005-02-21,3.1000000461936,-1.3571428773658616,-5.000000074505806,79.55714404263666,6.800000064074993,198.53272
2005-02-28,1.5000000223517418,-4.757142928029809,-16.00000023841858,77.80000115931034,8.199999928474426,197.95951
2005-03-07,3.400000050663948,-4.61428578304393,-14.40000021457672,69.51428675012929,0.6000000238418579,197.34217
2005-03-14,7.700000114738941,1.685714310833386,-5.4000000804662704,79.61428690063101,12.899999797344208,197.07229
2005-03-21,20.000000298023224,8.400000125169754,-3.000000044703484,71.21428677546126,1.699999988079071,196.92595
2005-03-28,17.80000026524067,9.242857280586447,-0.2000000029802322,81.34285835496017,20.30000014603138,197.04643
2005-04-04,20.10000029951334,8.257142980183874,-2.200000032782554,66.90000099688768,4.100000098347664,197.10559
2005-04-11,15.600000232458116,7.142857249294009,-1.100000016391277,77.34285829535553,11.399999767541884,197.08701
2005-04-18,21.80000032484532,11.728571603340765,-0.5000000074505806,71.82857249890056,12.300000429153444,196.83242
2005-04-25,18.6000002771616,8.700000129640102,-3.000000044703484,74.37142967964921,58.60000020265579,197.49304
2005-05-02,28.80000042915344,13.742857347641673,1.600000023841858,74.68571539861816,7.399999916553497,198.43461
2005-05-09,21.000000312924385,9.671428715544089,1.100000016391277,77.90000116080046,24.500000298023224,198.20229
2005-05-16,19.10000028461218,9.142857279096331,-0.2000000029802322,72.42857250784125,12.699999511241913,197.6777
2005-05-23,23.100000344216824,12.228571610791343,0.0,76.20000113546848,15.700000241398811,197.10976
2005-05-30,32.30000048130751,18.64285742065736,6.400000095367432,68.74285816720554,1.7000000476837158,196.67441
2005-06-06,27.60000041127205,14.271428784089428,4.400000065565109,68.10000101476908,5.300000011920929,196.31907
2005-06-13,21.80000032484532,11.500000171363354,2.7000000402331352,66.11428669946534,0.1000000014901161,195.99915
2005-06-20,30.800000458955765,18.271428843694075,7.300000108778477,67.1142867143665,0.3000000119209289,195.68519
2005-06-27,31.80000047385693,21.7000003233552,10.500000156462193,65.28571525854724,44.5,195.67868
2005-07-04,29.700000442564487,18.757143136646068,12.10000018030405,75.91428684549672,35.89999959617853,195.56915
2005-07-11,27.80000041425228,15.685714519449643,6.200000092387199,73.48571538073676,30.40000033378601,195.73902
2005-07-18,30.800000458955765,20.45714316197804,11.10000016540289,65.88571526748794,2.8000000715255737,195.4043
2005-07-25,24.300000362098217,16.37142881538187,7.800000116229057,72.31428679185254,12.10000017285347,195.20012
2005-08-01,33.5000004991889,20.17142887200628,9.80000014603138,71.27142963345561,13.199999906122684,195.04656
2005-08-08,23.300000347197056,14.61428593205554,7.200000107288361,75.48571541053909,19.699999764561653,194.87112
2005-08-15,24.50000036507845,14.314285927585193,6.200000092387199,78.51428688423974,21.500000454485416,194.83608
2005-08-22,27.80000041425228,18.31428598718984,9.500000141561031,75.67142969902072,7.900000013411045,194.77369
2005-08-29,27.80000041425228,15.485714516469413,6.200000092387199,76.45714399644307,3.700000055134296,194.66843
2005-09-05,30.600000455975533,19.185714571603707,9.00000013411045,69.9857153285827,0.0,194.55587
2005-09-12,30.600000455975533,17.92857169572796,9.500000141561031,77.87142973180327,24.100000143051147,194.59492
2005-09-19,22.500000335276127,12.628571616751808,1.3000000193715096,76.84285828790495,23.199999809265137,194.71239
2005-09-26,22.500000335276127,11.95714303531817,1.700000025331974,77.94285830429622,1.900000050663948,194.55802
2005-10-03,18.80000028014183,11.51428588586194,5.700000084936619,84.07142982419047,31.89999955147505,194.73759
2005-10-10,21.60000032186508,12.871428763227804,6.400000095367432,81.68571550292629,0.1000000014901161,194.56535
2005-10-17,18.30000027269125,8.157142978693757,0.2000000029802322,79.47142975564513,0.2000000029802322,194.42713
2005-10-24,17.600000262260437,10.271428724484784,-0.6000000089406967,83.31428695576531,8.499999955296516,194.44135
2005-10-31,18.6000002771616,11.257143024887355,5.000000074505806,83.5714298167399,0.1000000014901161,194.34706
2005-11-07,17.600000262260437,9.342857282076563,2.0000000298023224,88.35714417376688,10.500000111758707,194.32799
2005-11-14,13.100000195205212,6.171428663390024,0.2000000029802322,86.64285843393633,0.5,194.28751
2005-11-21,6.200000092387199,1.9428571718079704,-3.6000000536441803,88.74285846522876,14.49999988079071,194.31271
2005-11-28,3.500000052154064,0.2285714319774082,-4.500000067055225,82.52857265834298,17.20000020414591,194.41847
2005-12-05,7.700000114738941,1.4142857353602136,-4.700000070035458,85.18571555508035,18.300000585615635,194.62515
2005-12-12,5.200000077486038,0.8857142989124572,-7.300000108778477,89.01428704070193,0.5000000074505806,194.59733
2005-12-19,7.900000117719173,1.671428596334798,-6.900000102818012,87.42857273135867,25.500000059604645,195.21253
2005-12-26,5.500000081956387,1.9428571718079704,-2.600000038743019,90.3571442035692,6.499999836087227,195.22619
2006-01-02,4.500000067055225,-1.3142857338700975,-6.900000102818012,86.70000129193068,8.199999831616879,195.18372
2006-01-09,3.6000000536441803,0.4000000059604643,-6.200000092387199,81.71428693192345,0.0,195.07349
2006-01-16,1.600000023841858,-3.971428630607469,-10.500000156462193,87.71428702133042,2.600000023841858,194.98237
2006-01-23,5.200000077486038,-0.814285726419517,-10.500000156462193,85.74285842052528,21.09999948740005,195.77273
2006-01-30,3.700000055134296,-5.357142936970506,-12.10000018030405,72.714286797813,3.900000050663948,195.57533
2006-02-06,1.0000000149011612,-4.257142920579229,-11.000000163912771,88.91428703921181,1.199999988079071,195.43128
2006-02-13,3.700000055134296,0.0714285724929401,-7.900000117719173,83.88571553570884,20.70000002533197,196.01792
2006-02-20,8.50000012665987,3.1000000461936,-7.900000117719173,84.65714411863259,29.500000193715096,197.4307
2006-02-27,6.200000092387199,-0.3857142914618764,-8.800000131130219,73.25714394875935,0.5000000074505806,197.02201
2006-03-06,3.500000052154064,-1.5571428803460938,-9.100000135600569,83.55714410224131,19.799999691545963,196.45906
2006-03-13,7.500000111758709,-0.4857142929519926,-9.400000140070915,80.01428690659148,23.600000359117985,197.68131
2006-03-20,13.300000198185444,0.1857142884816442,-9.3000001385808,72.80000108480453,0.0,197.25171
2006-03-27,17.100000254809856,6.171428663390024,-4.000000059604645,74.45714396664074,21.50000059604645,196.88649
2006-04-03,14.800000220537186,8.985714419611863,3.200000047683716,80.51428691404206,38.10000038146973,197.91748
2006-04-10,15.300000227987766,5.128571504993098,-3.9000000581145287,63.72857237820114,2.5999999046325684,198.0341
2006-04-17,15.100000225007534,7.728571543736117,-0.2000000029802322,79.74285833111831,32.1000007763505,197.76781
2006-04-24,21.80000032484532,10.52857158545937,1.100000016391277,67.7142867233072,2.5,197.50641
2006-05-01,22.100000329315662,9.44285728356668,-0.4000000059604645,77.28571543736118,15.800000190734863,197.07147
2006-05-08,24.600000366568565,14.814285935035771,4.90000007301569,53.74285794368812,0.0,196.66602
2006-05-15,24.600000366568565,14.014285923114844,3.6000000536441803,67.74285815230438,12.8999999538064,196.28214
2006-05-22,22.500000335276127,13.90000020712614,7.000000104308128,77.24285829386541,48.80000048130751,196.14114
2006-05-29,18.100000269711018,11.87142874832664,1.3000000193715096,76.44285828194448,58.29999936372042,197.05887
2006-06-05,17.00000025331974,9.328571567577976,2.200000032782554,75.52857255403485,13.200000286102297,197.30567
2006-06-12,28.00000041723252,15.05714308151177,2.600000038743019,64.0142866681729,0.2000000029802322,197.16039
2006-06-19,30.800000458955765,19.685714579054288,8.50000012665987,69.24285817465612,26.59999990463257,196.80976
2006-06-26,30.600000455975533,18.842857423637597,7.700000114738941,71.84285821339914,26.99999964237213,196.39406
2006-07-03,28.700000427663326,19.071428855615004,10.500000156462193,69.08571531517165,0.5000000149011611,196.01625
2006-07-10,31.70000047236681,21.15714317240885,13.600000202655792,73.90000110119581,26.900000549852848,195.81738
2006-07-17,30.70000045746565,20.94285745493003,9.100000135600569,63.24285808524915,5.599999904632568,195.47266
2006-07-24,34.50000051409006,23.100000344216824,11.000000163912771,62.514286645821166,5.5,195.2504
2006-07-31,34.60000051558018,22.085714614817075,14.000000208616257,72.2428582193596,19.80000050365925,195.10142
2006-08-07,24.600000366568565,16.471428816871985,8.50000012665987,77.42857258234706,12.700000196695328,194.95887
2006-08-14,21.60000032186508,14.04285735211202,6.000000089406967,78.10000116378069,11.70000011473894,194.83161
2006-08-21,26.30000039190054,16.185714526900224,9.00000013411045,80.27142976756606,8.600000277161598,194.69982
2006-08-28,22.30000033229589,14.571428788559777,9.80000014603138,82.7428583758218,31.5,194.64603
2006-09-04,25.30000037699937,16.00000023841858,7.700000114738941,77.74285830131599,10.0999998152256,194.60336
2006-09-11,26.600000396370888,16.028571667415754,4.500000067055225,73.200001090765,0.0,194.46391
2006-09-18,27.200000405311584,18.128571698708196,9.3000001385808,73.95714395919016,0.0,194.48113
2006-09-25,26.00000038743019,15.671428804951054,6.500000096857548,72.78571537030595,0.2000000029802322,194.40319
2006-10-02,22.000000327825543,14.61428593205554,8.900000132620335,87.31428701536996,33.89999961853027,194.39563
2006-10-09,18.100000269711018,11.071428736405712,2.800000041723252,87.15714415588549,32.59999978542328,194.69385
2006-10-16,20.60000030696392,11.200000166893004,1.5000000223517418,84.88571555061,4.399999916553497,194.4374
2006-10-23,18.30000027269125,11.285714453884534,0.9000000134110451,84.10000125318766,21.40000021457672,194.43342
2006-10-30,20.30000030249357,12.857143048729217,5.000000074505806,81.51428692894322,4.29999990016222,194.45655
2006-11-06,13.800000205636024,5.771428657429559,-3.400000050663948,80.92857263450112,4.400000020861626,194.3329
2006-11-13,13.000000193715096,6.128571519894259,-1.0000000149011612,84.07142982419047,18.700000166893005,194.36373
2006-11-20,16.50000024586916,9.428571569068092,2.500000037252903,84.77142983462129,14.299999743700027,194.49645
2006-11-27,13.40000019967556,7.571428684251649,2.600000038743019,86.38571557296174,14.80000039935112,194.85291
2006-12-04,11.500000171363354,6.114285805395672,2.200000032782554,88.54285846224853,9.89999983459711,194.59152
2006-12-11,14.600000217556952,7.471428682761533,0.4000000059604645,79.57142975713525,14.000000193715096,194.635
2006-12-18,9.500000141561031,3.5857143391455923,-3.1000000461936,88.28571560127395,4.80000002682209,194.77596
2006-12-25,6.000000089406967,1.9857143153037349,-3.200000047683716,84.25714411267212,0.0,194.60473
2007-01-01,11.800000175833702,2.571428609745843,-4.700000070035458,85.40000127255917,39.30000102519989,194.8487
2007-01-08,10.000000149011612,6.257142950381551,-0.4000000059604645,84.2714298271707,28.30000014603138,197.00449
2007-01-15,13.100000195205212,7.471428682761533,-3.9000000581145287,78.54285831323692,23.60000041872263,197.66844
2007-01-22,13.600000202655792,7.228571536285536,-1.80000002682209,79.37142975415502,35.600000098347664,198.18605
2007-01-29,7.300000108778477,-1.2428571613771575,-12.10000018030405,77.28571543736118,10.399999856948853,197.51758
2007-02-05,9.3000001385808,4.414285780063698,-2.7000000402331352,83.85714410671166,1.4000000357627869,197.09151
2007-02-12,8.800000131130219,3.0142857592020715,-1.100000016391277,88.8285727522203,39.50000047683716,197.43836
2007-02-19,9.600000143051147,4.371428636567933,-3.6000000536441803,79.25714403816632,15.399999618530272,198.47905
2007-02-26,11.500000171363354,5.571428654449327,-1.3000000193715096,84.48571554464954,15.49999973922968,197.92337
2007-03-05,12.500000186264517,6.400000095367432,-0.2000000029802322,77.97142973329339,43.100000098347664,199.35141
2007-03-12,16.50000024586916,5.514285796454975,-2.0000000298023224,77.42857258234706,7.099999904632568,198.84478
2007-03-19,15.400000229477882,5.542857225452151,-2.200000032782554,75.51428683953625,11.400000035762789,198.05491
2007-03-26,16.800000250339508,4.514285781553814,-2.1000000312924385,76.28571542246002,26.799999952316284,197.94906
2007-04-02,18.50000027567148,9.285714424082212,0.0,60.24285804054567,0.9000000134110451,197.74407
2007-04-09,18.6000002771616,7.157142963792596,-3.6000000536441803,66.98571528387922,0.3000000119209289,197.40691
2007-04-16,27.10000040382147,13.98571449411767,0.6000000089406967,59.54285803011486,0.0,196.9963
2007-04-23,24.8000003695488,10.214285866490432,-1.80000002682209,59.70000088959932,0.2000000029802322,196.56728
2007-04-30,27.3000004068017,15.500000230968,2.7000000402331352,57.114286565354895,0.0,196.20018
2007-05-07,24.100000359117985,13.528571630162851,1.100000016391277,52.4571436388152,25.700000002980232,195.91579
2007-05-14,23.100000344216824,13.742857347641673,6.400000095367432,72.91428680079323,47.89999961107969,195.83513
2007-05-21,28.80000042915344,12.857143048729217,1.100000016391277,77.97142973329339,14.099999427795408,195.94655
2007-05-28,29.800000444054604,18.6000002771616,10.30000015348196,74.22857253466334,27.60000026226044,195.7047
2007-06-04,23.100000344216824,14.271428784089428,4.700000070035458,74.55714396813086,23.900000765919685,196.12478
2007-06-11,29.700000442564487,20.057143156017577,11.60000017285347,71.11428677397114,13.999999918043612,195.92108
2007-06-18,28.10000041872263,18.185714556702543,11.000000163912771,76.27142970796142,34.49999995529652,195.73777
2007-06-25,28.60000042617321,17.400000259280205,10.30000015348196,80.28571548206466,48.400000765919685,196.06616
2007-07-02,24.8000003695488,14.714285933545655,9.100000135600569,77.22857257936683,14.999999821186066,196.14648
2007-07-09,23.80000035464764,14.657143075551303,7.200000107288361,77.75714401581457,69.90000128746033,196.76913
2007-07-16,34.30000051110983,18.528571704668657,9.00000013411045,74.30000110715628,5.400000013411045,197.56747
2007-07-23,28.60000042617321,18.51428599017007,8.400000125169754,77.94285830429622,29.99999952316284,197.2807
2007-07-30,26.80000039935112,16.328571671886102,7.900000117719173,74.97142968858991,24.799999929964542,196.91048
2007-08-06,29.10000043362379,15.657143090452466,5.000000074505806,71.54285820892879,5.400000095367432,196.4523
2007-08-13,23.80000035464764,16.800000250339508,10.100000150501728,85.7142869915281,71.30000189691782,198.95479
2007-08-20,27.60000041127205,16.87142882283245,7.200000107288361,76.04285827598402,4.600000023841858,198.70739
2007-08-27,26.80000039935112,17.00000025331974,10.600000157952309,78.00000116229057,3.0,197.80653
2007-09-03,20.10000029951334,13.98571449411767,4.400000065565109,75.97142970349107,15.900000154972076,197.04193
2007-09-10,17.100000254809856,11.557143029357706,4.000000059604645,83.50000124424696,16.10000029951334,196.45458
2007-09-17,22.600000336766243,12.657143045748985,2.3000000342726707,79.6428583296282,7.000000238418579,196.044
2007-09-24,24.100000359117985,11.271428739385945,1.80000002682209,81.50000121444464,8.800000190734863,195.72776
2007-10-01,20.10000029951334,10.900000162422655,2.3000000342726707,85.45714413055352,47.00000020116568,196.25409
2007-10-08,20.30000030249357,11.771428746836524,1.600000023841858,85.28571555657047,0.5000000074505806,196.09496
2007-10-15,17.600000262260437,8.185714407690934,0.1000000014901161,82.71428694682461,0.0,195.83095
2007-10-22,17.600000262260437,5.485714367457798,-3.6000000536441803,84.18571554017919,6.700000062584877,195.57753
2007-10-29,10.900000162422655,6.057142947401319,-0.1000000014901161,81.45714407094887,1.0,195.36174
2007-11-05,11.800000175833702,6.428571524364608,-1.0000000149011612,86.87142986591373,3.900000035762787,195.14344
2007-11-12,9.80000014603138,5.314285793474743,1.5000000223517418,84.08571553868907,58.30000078678131,196.57068
2007-11-19,4.700000070035458,1.4000000208616257,-4.000000059604645,84.92857269410577,11.19999960809946,197.37658
2007-11-26,7.000000104308128,2.800000041723252,-2.7000000402331352,86.15714414098433,13.599999904632568,197.01728
2007-12-03,9.900000147521496,3.5714286246470044,-3.200000047683716,86.65714414843491,35.200000144541264,197.31132
2007-12-10,11.800000175833702,6.357142951871667,1.80000002682209,83.42857267175403,42.10000109672546,199.24699
2007-12-17,5.000000074505806,0.885714298912457,-5.900000087916851,77.17142972137246,2.399999976158142,199.25261
2007-12-24,2.7000000402331352,-4.014285774103233,-8.300000123679638,87.971429882305,0.1000000014901161,198.41941
2007-12-31,4.200000062584877,-0.2285714319774082,-4.200000062584877,90.90000135451557,8.500000014901161,197.73302
2008-01-07,7.800000116229057,0.7000000104308128,-5.500000081956387,81.25714406796864,18.40000033378601,197.33544
2008-01-14,10.500000156462193,2.971428615706308,-3.400000050663948,86.01428699599845,2.999999977648258,197.40647
2008-01-21,12.10000018030405,7.71428582923753,1.600000023841858,80.55714405753783,21.599999725818638,197.50754
2008-01-28,8.300000123679638,4.057142917598997,-3.500000052154064,77.38571543885129,2.499999977648258,197.55067
2008-02-04,6.400000095367432,1.614285738340446,-5.900000087916851,82.82857266281333,19.300000190734863,197.73182
2008-02-11,12.10000018030405,3.257142905678068,-3.6000000536441803,80.65714405902794,13.699999809265137,197.97881
2008-02-18,10.000000149011612,-0.5428571509463447,-8.50000012665987,74.10000110417604,0.0,197.63294
2008-02-25,15.600000232458116,5.271428649978978,-5.200000077486038,82.1428583668811,4.800000011920929,197.36875
2008-03-03,15.500000230968,7.371428681271417,-1.5000000223517418,77.50000115483999,53.299999833107,198.70719
2008-03-10,13.300000198185444,3.800000056624413,-6.400000095367432,72.32857250635114,5.099999882280827,198.81442
2008-03-17,13.100000195205212,6.77142867233072,-2.500000037252903,75.74285827151367,37.7999999076128,199.26597
2008-03-24,6.500000096857548,0.7714285829237529,-8.300000123679638,81.85714407690934,39.59999994188547,199.80066
2008-03-31,20.10000029951334,5.357142936970506,-3.000000044703484,72.68571536881583,9.400000154972076,199.52834
2008-04-07,16.100000239908695,5.471428652959211,-0.4000000059604645,80.48571548504489,21.20000004768372,199.3299
2008-04-14,14.500000216066836,6.314285808375904,-0.9000000134110451,80.97142977799687,35.699999287724495,199.65424
2008-04-21,16.600000247359276,7.157142963792596,-0.6000000089406967,72.20000107586384,14.500000275671482,199.52788
2008-04-28,22.30000033229589,10.485714441963603,2.7000000402331352,72.6000010818243,10.099999979138374,198.94538
2008-05-05,19.80000029504299,10.771428731935364,1.80000002682209,68.38571530474084,6.300000071525574,198.31325
2008-05-12,24.300000362098217,15.27142879899059,3.700000055134296,56.34285798243114,0.0,197.78847
2008-05-19,25.100000374019142,14.857143078531536,6.900000102818012,68.92857245568719,3.800000011920929,197.31728
2008-05-26,24.300000362098217,14.828571649534362,5.500000081956387,62.67142950530563,1.2000000178813934,196.87216
2008-06-02,31.300000466406345,20.957143169428623,12.4000001847744,70.77142962600503,8.700000405311584,196.46819
2008-06-09,27.200000405311584,18.200000271201134,9.100000135600569,69.15714388766459,10.800000190734863,196.10691
2008-06-16,27.500000409781933,13.97142877961908,6.70000009983778,70.17142961706433,9.700000002980232,195.81475
2008-06-23,31.20000046491623,18.31428598718984,5.900000087916851,62.514286645821166,1.8000000715255735,195.53194
2008-06-30,27.700000412762165,18.357143130685603,9.500000141561031,68.75714388170412,10.399999812245367,195.29057
2008-07-07,32.80000048875809,19.000000283122063,7.500000111758709,63.84285809418985,5.3999999538064,195.14255
2008-07-14,28.700000427663326,16.885714537331037,7.000000104308128,69.42857246313777,8.000000149011612,195.01012
2008-07-21,26.200000390410423,15.657143090452466,6.70000009983778,73.84285824320146,17.800000369548798,194.87069
2008-07-28,32.50000048428774,20.114286014011928,7.900000117719173,63.371429515736445,3.799999952316284,194.77426
2008-08-04,31.500000469386578,21.31428603189332,13.100000195205212,66.62857242141452,9.79999989271164,194.68248
2008-08-11,32.50000048428774,18.257143129195487,10.100000150501728,71.22857248995986,21.50000023841858,194.67619
2008-08-18,25.50000037997961,16.242857384894574,6.900000102818012,72.70000108331442,4.999999918043613,194.60526
2008-08-25,23.500000350177288,15.628571661455291,9.500000141561031,78.18571545077222,24.399999991059303,194.59434
2008-09-01,27.000000402331352,17.12857168380703,9.100000135600569,76.1714297064713,13.200000382959844,194.49338
2008-09-08,23.600000351667404,15.628571661455291,8.800000131130219,79.77142976011548,10.999999791383743,194.55436
2008-09-15,24.8000003695488,13.528571630162851,4.200000062584877,79.07142974968467,26.199999645352367,194.5566
2008-09-22,16.600000247359276,8.114285835197993,-0.6000000089406967,76.5428582834346,3.1999999284744263,194.4029
2008-09-29,17.80000026524067,9.371428711073738,1.3000000193715096,82.28571551186698,6.6999999061226845,194.36872
2008-10-06,14.000000208616257,9.100000135600569,1.700000025331974,83.12857266728368,51.89999914169312,194.69593
2008-10-13,18.6000002771616,11.67142874534641,6.200000092387199,88.88571561021465,0.0,194.62298
2008-10-20,17.600000262260437,8.157142978693757,-0.5000000074505806,87.48571558935302,17.700000002980232,194.63593
2008-10-27,19.500000290572643,7.157142963792596,-1.5000000223517418,87.10000129789114,15.899999856948853,194.4778
2008-11-03,13.800000205636024,5.757142942930971,0.6000000089406967,88.41428703176123,11.50000013411045,194.79963
2008-11-10,15.300000227987766,9.271428709583622,1.80000002682209,83.25714409777096,3.600000001490116,194.53987
2008-11-17,14.100000210106373,5.842857229922499,-2.0000000298023224,83.70000124722719,3.399999961256981,194.39215
2008-11-24,8.600000128149986,2.971428615706308,-2.0000000298023224,85.08571555359023,40.299999833107,195.3753
2008-12-01,5.4000000804662704,0.3142857189689363,-4.000000059604645,86.45714414545468,3.500000096857548,195.50851
2008-12-08,5.700000084936619,2.1714286037853787,-2.200000032782554,91.04285849950143,32.799999713897705,196.79305
2008-12-15,7.000000104308128,0.3857142914618764,-3.000000044703484,88.80000132322311,3.6999999284744254,196.63432
2008-12-22,8.600000128149986,2.628571467740195,-1.3000000193715096,91.97142994190963,20.399999737739563,196.29923
2008-12-29,6.000000089406967,-0.2428571464759962,-8.100000120699406,77.91428687529904,0.6000000014901161,196.53514
2009-01-05,0.0,-4.371428636567933,-10.100000150501728,82.04285836539098,3.800000108778477,196.19005
2009-01-12,-2.7000000402331352,-10.94285730591842,-19.80000029504299,80.22857262407031,0.0,195.74702
2009-01-19,5.500000081956387,-2.385714321264199,-12.800000190734863,85.50000127404928,15.200000263750551,195.52485
2009-01-26,6.900000102818012,0.7000000104308128,-5.4000000804662704,86.37142985846315,28.299999237060547,197.28287
2009-02-02,5.500000081956387,-0.4428571494562284,-5.200000077486038,73.22857251976218,0.1000000014901161,196.62769
2009-02-09,6.500000096857548,0.4428571494562284,-4.90000007301569,86.57142986144338,13.60000006109476,196.24326
2009-02-16,6.200000092387199,-0.6428571524364608,-11.10000016540289,85.25714412757328,43.30000078678131,197.56955
2009-02-23,5.500000081956387,-0.1428571449858801,-10.900000162422655,83.2285726687738,11.600000083446504,197.61476
2009-03-02,10.000000149011612,4.428571494562285,-3.6000000536441803,83.94285839370319,6.499999970197678,197.88608
2009-03-09,11.000000163912771,3.714285769632885,-2.7000000402331352,82.11428693788392,25.90000019222498,198.53912
2009-03-16,12.4000001847744,5.357142936970506,-0.4000000059604645,81.67142978842769,24.90000027418137,199.43578
2009-03-23,11.30000016838312,3.357142907168184,-6.200000092387199,67.87142958279166,9.500000387430193,198.68497
2009-03-30,11.800000175833702,4.228571491582053,-4.400000065565109,78.42857259724822,26.09999966621399,198.48246
2009-04-06,21.300000317394733,11.342857311878886,-3.1000000461936,63.97142952467714,1.899999976158142,197.95261
2009-04-13,24.600000366568565,13.90000020712614,4.400000065565109,61.55714377441576,0.2000000029802322,197.53658
2009-04-20,23.100000344216824,11.81428589033229,3.000000044703484,71.08571534497398,23.600000143051147,197.15107
2009-04-27,21.80000032484532,11.400000169873238,-0.1000000014901161,64.64285810611078,0.6000000163912772,196.70482
2009-05-04,21.300000317394733,10.857143018926893,1.5000000223517418,77.41428686784846,3.5000001266598706,196.30975
2009-05-11,21.60000032186508,12.54285732976028,1.100000016391277,76.98571543289083,35.80000056326389,196.03951
2009-05-18,25.600000381469727,13.500000201165676,5.200000077486038,74.92857254509416,13.900000095367432,195.89527
2009-05-25,28.80000042915344,16.942857395325387,4.200000062584877,67.15714385786227,7.400000192224979,195.63063
2009-06-01,23.600000351667404,14.55714307406119,2.7000000402331352,66.57142956342015,2.900000013411045,195.35738
2009-06-08,24.8000003695488,12.18571446729558,4.400000065565109,66.92857242588487,12.699999630451202,195.27597
2009-06-15,26.00000038743019,14.685714504548482,2.7000000402331352,74.94285825959274,43.90000033378601,195.1666
2009-06-22,23.500000350177288,14.1857144970979,5.000000074505806,74.05714396068028,7.000000193715096,195.18002
2009-06-29,26.80000039935112,18.45714313217572,7.800000116229057,69.9857153285827,10.30000038444996,195.08869
2009-07-06,30.100000448524952,20.928571740431444,12.500000186264517,70.27142961855445,36.90000000596047,194.99277
2009-07-13,26.50000039488077,15.55714308896235,8.900000132620335,77.04285829088518,43.89999949932098,195.09532
2009-07-20,27.80000041425228,17.385714544781617,10.30000015348196,79.10000117868185,25.49999976158142,195.08775
2009-07-27,28.80000042915344,18.528571704668657,10.000000149011612,73.442858237241,16.19999971985817,195.01215
2009-08-03,27.10000040382147,17.200000256299973,8.100000120699406,68.98571531368154,2.499999918043613,194.8469
2009-08-10,29.60000044107437,18.842857423637597,8.00000011920929,70.87142962749515,5.600000120699406,194.69891
2009-08-17,30.300000451505184,18.528571704668657,9.100000135600569,76.9000011458993,10.199999816715716,194.63052
2009-08-24,33.20000049471855,18.714285993150305,7.700000114738941,69.21428674565894,4.300000071525574,194.52824
2009-08-31,28.300000421702865,16.91428596632821,4.200000062584877,71.08571534497398,0.1000000014901161,194.47903
2009-09-07,30.70000045746565,15.114285939506122,6.000000089406967,75.8142868440066,32.59999990463257,194.57438
2009-09-14,25.50000037997961,13.914285921624728,6.400000095367432,76.95714400389365,10.100000001490116,194.43479
2009-09-21,23.80000035464764,16.07142881091152,9.400000140070915,81.51428692894322,6.400000095367432,194.41144
2009-09-28,23.100000344216824,12.97142876471792,4.000000059604645,81.85714407690934,0.4000000059604645,194.34415
2009-10-05,17.80000026524067,11.971428749816758,3.200000047683716,80.92857263450112,17.700000010430813,194.35718
2009-10-12,24.100000359117985,13.057143051709447,2.200000032782554,83.64285838923284,30.600000098347664,194.52778
2009-10-19,10.600000157952309,3.685714340635709,-3.700000055134296,82.10000122338533,11.400000013411043,194.52771
2009-10-26,15.300000227987766,6.785714386829308,-2.7000000402331352,83.95714410820177,3.1999999433755875,194.41298
2009-11-02,12.90000019222498,6.371428666370256,-1.5000000223517418,89.35714418866804,15.200000286102297,194.3297
2009-11-09,9.500000141561031,6.314285808375904,3.000000044703484,85.38571555806058,32.29999905824661,194.91439
2009-11-16,13.300000198185444,7.071428676801069,0.2000000029802322,88.91428703921181,13.10000003129244,194.74767
2009-11-23,13.100000195205212,8.171428693192345,0.4000000059604645,82.94285837880203,24.20000004768372,195.21741
2009-11-30,13.600000202655792,8.471428697662693,1.80000002682209,73.58571538222688,22.799999833106995,195.99163
2009-12-07,9.80000014603138,4.285714349576405,-1.600000023841858,88.01428702580077,22.89999943971634,196.40302
2009-12-14,8.600000128149986,2.600000038743019,-4.200000062584877,82.92857266430345,19.9999994635582,197.37576
2009-12-21,0.5000000074505806,-6.885714388319424,-18.6000002771616,81.35714406945876,12.100000143051147,197.01628
2009-12-28,8.00000011920929,1.542857165847506,-5.000000074505806,87.78571559382337,26.199999824166294,197.84246
2010-01-04,8.00000011920929,-0.028571428997176,-12.000000178813934,88.32857274476972,29.89999993145466,198.57359
2010-01-11,-2.0000000298023224,-6.014285803905556,-14.100000210106373,83.27142981226955,5.600000083446503,197.86507
2010-01-18,3.700000055134296,-1.65714288183621,-10.000000149011612,85.85714413651398,12.799999572336674,197.24983
2010-01-25,2.200000032782554,-1.4428571643573898,-5.000000074505806,86.57142986144338,7.599999934434891,196.9997
2010-02-01,1.3000000193715096,-3.814285771123001,-17.80000026524067,86.24285842797586,26.59999990463257,196.72624
2010-02-08,4.200000062584877,-0.3142857189689363,-9.3000001385808,88.5857156057443,13.799999952316284,196.99434
2010-02-15,-0.800000011920929,-4.8857143585171015,-10.30000015348196,80.71428691702229,3.6999999806284896,196.89012
2010-02-22,6.70000009983778,-0.042857143495764,-11.000000163912771,82.44285837135145,9.499999918043612,196.58228
2010-03-01,13.800000205636024,6.042857232902732,-1.3000000193715096,77.7285725868174,24.99999988079071,199.96241
2010-03-08,6.800000101327896,-1.65714288183621,-13.000000193715096,67.57142957832131,6.500000193715096,199.66969
2010-03-15,7.000000104308128,0.9714285859039852,-7.900000117719173,66.4000009894371,8.099999822676182,198.50029
2010-03-22,17.30000025779009,8.471428697662693,-0.9000000134110451,75.90000113099813,16.69999986886978,197.85141
2010-03-29,21.1000003144145,9.08571442110198,1.0000000149011612,77.257144008364,17.700000144541264,197.55809
2010-04-05,18.100000269711018,6.928571531815188,-3.400000050663948,73.17142966176782,15.400000154972076,197.58079
2010-04-12,18.80000028014183,8.071428691702229,-1.100000016391277,65.65714383551052,7.799999810755253,197.39513
2010-04-19,20.60000030696392,8.671428700642926,-2.1000000312924385,65.72857240800347,2.200000032782554,197.15744
2010-04-26,23.100000344216824,9.285714424082212,-4.200000062584877,57.100000850856304,2.1999999061226845,196.86035
2010-05-03,25.80000038444996,12.528571615261692,2.0000000298023224,70.62857248101916,8.300000108778477,196.56411
2010-05-10,15.600000232458116,7.814285830727646,1.3000000193715096,79.6428583296282,20.899999737739563,196.39295
2010-05-17,18.0000002682209,9.15714299359492,1.600000023841858,76.02857256148543,14.900000095367432,196.16117
2010-05-24,25.700000382959843,12.485714471765927,5.000000074505806,75.47142969604049,24.400000870227814,196.2329
2010-05-31,22.600000336766243,13.314285912684031,5.500000081956387,79.2714297526649,37.20000022649765,196.45676
2010-06-07,28.50000042468309,16.41428595887763,6.500000096857548,68.27142958875213,10.600000202655792,196.63624
2010-06-14,29.200000435113907,17.87142883773361,8.600000128149986,74.71428682761533,20.300000488758087,196.56567
2010-06-21,23.100000344216824,14.028571637613434,4.700000070035458,65.65714383551052,0.6000000238418579,196.25931
2010-06-28,30.00000044703484,17.757143121744907,3.200000047683716,63.58571523321526,0.3000000119209289,195.86233
2010-07-05,34.1000005081296,22.100000329315662,11.500000171363354,64.17142952765737,0.0,195.53062
2010-07-12,35.60000053048134,22.0571431858199,7.000000104308128,60.30000089854002,2.799999952316284,195.256
2010-07-19,33.70000050216913,20.24285744449922,8.900000132620335,67.05714385637215,15.300000190734863,195.27636
2010-07-26,33.20000049471855,18.328571701688425,5.900000087916851,73.0714296602777,43.29999879747629,195.14466
2010-08-02,27.3000004068017,16.84285739383527,8.100000120699406,79.41428689765078,33.49999962002039,195.45221
2010-08-09,23.80000035464764,16.228571670395986,9.900000147521496,79.82857261810985,20.499999560415745,195.5496
2010-08-16,26.100000388920307,17.00000025331974,10.500000156462193,81.40000121295452,33.20000000298023,195.66562
2010-08-23,29.60000044107437,17.328571686787264,7.500000111758709,80.9428583489997,32.09999990463257,196.40364
2010-08-30,24.600000366568565,14.75714307704142,7.500000111758709,80.48571548504489,57.09999966621399,197.48701
2010-09-06,19.80000029504299,12.585714473256044,4.200000062584877,76.4285725674459,1.5,198.05851
2010-09-13,22.800000339746475,13.842857349131789,8.50000012665987,83.32857267026391,22.20000028610229,197.41763
2010-09-20,18.80000028014183,11.30000016838312,1.700000025331974,79.77142976011548,6.5,196.90338
2010-09-27,22.800000339746475,11.52857160036053,3.500000052154064,84.72857269112554,15.5999995470047,196.4611
2010-10-04,20.60000030696392,11.428571598870414,4.700000070035458,86.40000128746033,6.200000107288361,196.16067
2010-10-11,19.10000028461218,12.057143036808286,2.3000000342726707,75.11428683357579,0.2000000029802322,195.88358
2010-10-18,14.600000217556952,5.957142945911203,-1.3000000193715096,84.55714411714247,8.699999906122684,195.66949
2010-10-25,10.500000156462193,3.800000056624413,-3.700000055134296,85.128572697086,9.500000096857548,195.50451
2010-11-01,16.600000247359276,6.571428669350488,-4.000000059604645,79.38571546865361,0.0,195.33125
2010-11-08,16.50000024586916,9.542857285056796,0.800000011920929,83.24285838327238,11.800000227987766,195.19514
2010-11-15,18.30000027269125,9.185714422592095,3.200000047683716,80.30000119656324,76.19999957084656,197.26446
2010-11-22,8.600000128149986,4.300000064074993,0.2000000029802322,86.72857272092786,11.09999980032444,198.27658
2010-11-29,4.200000062584877,0.0428571434957641,-4.500000067055225,88.01428702580077,14.7999999076128,198.07983
2010-12-06,1.100000016391277,-5.32857150797333,-14.100000210106373,84.14285839668342,6.200000122189522,197.61884
2010-12-13,3.400000050663948,-0.4285714349576405,-9.100000135600569,88.41428703176123,45.20000004768372,198.61223
2010-12-20,4.000000059604645,-4.285714349576405,-11.500000171363354,85.40000127255917,35.59999991208315,198.35607
2010-12-27,3.400000050663948,-2.8857143287147795,-17.600000262260437,90.52857277755228,25.700000405311584,198.06035
2011-01-03,1.5000000223517418,-2.985714330204896,-9.400000140070915,89.14285847118923,2.1000000312924385,197.86851
2011-01-10,11.800000175833702,1.2285714468785696,-10.600000157952309,89.82857276712146,28.30000016838312,200.64614
2011-01-17,11.900000177323818,5.714285799435207,-1.100000016391277,87.51428701835019,27.199999667704105,201.0655
2011-01-24,8.50000012665987,0.857142869915281,-5.500000081956387,83.67142981823001,7.699999913573265,199.8551
2011-01-31,2.200000032782554,-2.5571428952472552,-9.80000014603138,81.74285836092064,5.600000001490116,199.03039
2011-02-07,10.000000149011612,2.357142892267023,-6.200000092387199,81.35714406945876,2.500000052154064,198.1111
2011-02-14,9.900000147521496,3.185714333185128,-5.000000074505806,86.5571441469448,31.19999998807907,198.40389
2011-02-21,4.500000067055225,0.1428571449858801,-6.500000096857548,80.44285834154913,1.3999999538064003,199.1257
2011-02-28,9.500000141561031,0.028571428997176,-11.60000017285347,68.0857153002705,3.900000035762787,198.53755
2011-03-07,9.900000147521496,1.757142883326326,-6.200000092387199,61.014286623469424,0.0,197.84514
2011-03-14,15.100000225007534,6.5571429548519,-4.400000065565109,67.41428671883685,1.80000002682209,197.39381
2011-03-21,18.30000027269125,5.957142945911203,-5.700000084936619,73.22857251976218,3.899999976158142,197.03561
2011-03-28,17.80000026524067,7.042857247803893,-3.700000055134296,65.42857240353312,0.0,196.69097
2011-04-04,23.300000347197056,10.65714301594666,-3.700000055134296,74.90000111609697,11.5,196.44697
2011-04-11,22.30000033229589,11.771428746836524,1.0000000149011612,64.1428580986602,1.4000000357627869,196.20964
2011-04-18,19.10000028461218,8.085714406200818,-2.200000032782554,62.08571521086352,1.899999976158142,196.00099
2011-04-25,25.700000382959843,14.214285926095076,0.5000000074505806,54.71428652959211,0.0,195.85571
2011-05-02,22.100000329315662,11.942857320819584,1.5000000223517418,67.52857243482556,21.000000096857548,195.71987
2011-05-09,25.80000038444996,11.771428746836524,-2.500000037252903,53.40000079572201,0.0,195.50642
2011-05-16,24.8000003695488,13.271428769188269,3.6000000536441803,65.40000097453594,2.6000000536441803,195.31071
2011-05-23,26.600000396370888,16.35714310088328,4.700000070035458,64.84285810909101,20.199999623000625,195.28413
2011-05-30,30.100000448524952,15.300000227987766,2.0000000298023224,54.071429377155646,1.7999999523162842,195.12758
2011-06-06,29.10000043362379,17.45714311727456,9.100000135600569,67.42857243333545,28.700000002980232,194.99436
2011-06-13,25.80000038444996,15.485714516469413,8.00000011920929,71.28571534795421,3.6000000983476643,194.94179
2011-06-20,25.00000037252903,16.014285952917167,8.300000123679638,76.25714399346283,31.69999957084656,194.85689
2011-06-27,28.60000042617321,16.41428595887763,8.00000011920929,79.10000117868185,36.600000239908695,195.05148
2011-07-04,31.000000461936,16.057143096412933,7.500000111758709,73.11428680377347,10.79999965429306,194.87259
2011-07-11,28.10000041872263,18.700000278651714,11.500000171363354,71.75714392640761,11.899999976158142,194.76486
2011-07-18,28.00000041723252,16.35714310088328,7.400000110268593,73.5571439532297,16.699999809265137,194.71068
2011-07-25,23.500000350177288,14.585714503058366,6.500000096857548,77.18571543587106,18.799999952316284,194.69467
2011-08-01,24.600000366568565,15.800000235438349,7.900000117719173,78.64285831472704,8.100000157952309,194.61931
2011-08-08,27.500000409781933,18.528571704668657,10.000000149011612,78.30000116676092,36.90000069141388,194.77005
2011-08-15,25.80000038444996,16.400000244379044,8.600000128149986,78.72857260171857,19.400000013411045,194.75259
2011-08-22,29.50000043958425,19.057143141116416,8.50000012665987,76.38571542395013,3.500000074505806,194.59109
2011-08-29,33.20000049471855,18.685714564153127,9.00000013411045,76.4285725674459,16.199999809265137,194.61513
2011-09-05,28.700000427663326,16.171428812401636,6.200000092387199,74.95714397409132,7.6000001430511475,194.52123
2011-09-12,27.700000412762165,17.114285969308444,9.3000001385808,77.32857258085694,14.799999691545963,194.49124
2011-09-19,21.80000032484532,13.557143059160028,4.200000062584877,79.5142868991409,2.5999999716877937,194.4443
2011-09-26,25.80000038444996,12.68571447474616,3.9000000581145287,79.60000118613243,0.0,194.36922
2011-10-03,26.50000039488077,15.64285737595388,7.000000104308128,76.40000113844872,0.0,194.32111
2011-10-10,24.300000362098217,11.88571446282523,2.3000000342726707,80.61428691553218,26.899999439716336,194.39681
2011-10-17,15.500000230968,7.957142975713525,-0.9000000134110451,81.92857264940228,18.80000001192093,194.51816
2011-10-24,18.80000028014183,5.214285791984627,-3.400000050663948,84.01428696619612,4.900000035762787,194.38895
2011-10-31,16.100000239908695,8.842857274625983,0.2000000029802322,84.45714411565235,0.1000000014901161,194.32338
2011-11-07,17.80000026524067,8.14285726419517,2.200000032782554,86.24285842797586,0.0,194.32436
2011-11-14,12.500000186264517,3.4571429086583003,-5.000000074505806,90.4857156340565,0.1000000014901161,194.18789
2011-11-21,11.10000016540289,2.0285714587994983,-6.000000089406967,91.0714299284986,0.1000000014901161,194.18671
2011-11-28,9.100000135600569,2.0857143167938506,-3.500000052154064,92.64285852334328,0.3000000119209289,194.13646
2011-12-05,12.90000019222498,4.928571502012866,-3.000000044703484,90.4857156340565,57.49999904632568,194.74656
2011-12-12,10.000000149011612,3.085714331695012,-5.700000084936619,85.3571441290634,35.09999966621399,195.72963
2011-12-19,9.600000143051147,3.671428626137121,-1.100000016391277,85.128572697086,52.80000078678131,197.49075
2011-12-26,8.300000123679638,4.028571488601821,-1.100000016391277,92.21428708838565,24.100000381469727,197.68648
2012-01-02,12.800000190734863,5.742857228432383,0.9000000134110451,90.1428584860904,31.300000198185444,197.6655
2012-01-09,10.30000015348196,4.642857212041106,1.600000023841858,84.8714298361114,47.49999952316284,199.15099
2012-01-16,7.800000116229057,2.3142857487712587,-6.70000009983778,86.3142870004688,7.6999999061226845,198.64802
2012-01-23,8.600000128149986,1.9571428863065583,-8.100000120699406,87.41428701686007,47.1999990940094,199.10063
2012-01-30,3.700000055134296,-0.4714285784534045,-2.800000041723252,84.57142983164105,1.100000016391277,198.91657
2012-02-06,-1.0000000149011612,-9.58571442855256,-17.600000262260437,65.65714383551052,0.0,198.01907
2012-02-13,-2.200000032782554,-9.042857277606217,-18.80000028014183,72.80000108480453,3.6999999582767487,197.28588
2012-02-20,5.900000087916851,1.9285714573093824,-4.200000062584877,87.64285844883749,21.79999989271164,197.06343
2012-02-27,10.900000162422655,3.728571484131472,-5.4000000804662704,83.44285838625261,2.9000001102685933,196.64969
2012-03-05,12.600000187754633,6.62857152734484,1.80000002682209,88.85714418121746,1.8999999910593035,196.3687
2012-03-12,11.30000016838312,4.742857213531222,-4.000000059604645,77.47142972584281,4.500000104308128,196.21571
2012-03-19,20.500000305473804,7.214285821786949,-1.5000000223517418,75.01428683208567,3.300000049173832,196.15444
2012-03-26,20.60000030696392,9.00000013411045,-3.6000000536441803,65.28571525854724,0.0,196.01606
2012-04-02,19.500000290572643,7.7428572582347055,-4.500000067055225,66.8714295678905,1.900000013411045,195.9432
2012-04-09,18.30000027269125,5.900000087916851,-3.700000055134296,72.2428582193596,10.900000274181366,195.88826
2012-04-16,18.30000027269125,7.657142971243177,-1.600000023841858,71.68571535391467,8.999999932944775,195.77312
2012-04-23,15.600000232458116,7.300000108778477,-4.700000070035458,71.64285821041891,7.799999989569187,195.60413
2012-04-30,30.500000454485416,14.742857362542834,5.900000087916851,63.04285808226892,4.399999909102917,195.37697
2012-05-07,24.100000359117985,13.314285912684031,4.200000062584877,78.12857259277787,20.70000061392784,195.24733
2012-05-14,29.300000436604023,13.714285918644496,0.1000000014901161,70.01428675757987,5.399999916553497,195.04525
2012-05-21,26.80000039935112,13.071428766208037,-0.2000000029802322,69.28571531815189,16.699999570846558,195.04422
2012-05-28,29.200000435113907,18.614285991660186,7.700000114738941,58.01428657876594,0.2000000029802322,194.9045
2012-06-04,24.8000003695488,14.871428793030129,7.700000114738941,76.68571542842048,33.29999981075525,194.90947
2012-06-11,23.80000035464764,13.942857350621903,5.200000077486038,75.71428684251649,18.999999530613422,195.10409
2012-06-18,28.80000042915344,16.028571667415754,8.300000123679638,77.12857257787671,7.300000071525574,194.85072
2012-06-25,25.100000374019142,16.685714534350804,7.500000111758709,79.25714403816632,22.300000071525574,194.86375
2012-07-02,29.50000043958425,18.58571456266301,7.200000107288361,80.40000119805336,28.09999966621399,194.86794
2012-07-09,27.3000004068017,18.771428851144652,11.60000017285347,79.35714403965643,24.29999965429306,194.89432
2012-07-16,24.50000036507845,15.442857372973648,10.400000154972076,80.42857262705054,39.69999986886978,195.10204
2012-07-23,25.100000374019142,15.742857377443997,5.700000084936619,74.54285825363228,10.300000108778477,194.96932
2012-07-30,33.20000049471855,20.3857145894851,7.900000117719173,73.22857251976218,25.50000017881393,194.90626
2012-08-06,28.200000420212746,18.9571431396263,10.400000154972076,72.62857251082148,8.600000023841858,194.76705
2012-08-13,26.200000390410423,16.300000242888927,6.800000101327896,70.74285819700786,2.400000095367432,194.61489
2012-08-20,34.70000051707029,21.014286027422973,10.500000156462193,67.8428581537945,11.700000286102297,194.54952
2012-08-27,31.80000047385693,18.685714564153127,8.800000131130219,75.62857255552497,19.999999701976776,194.56603
2012-09-03,27.60000041127205,16.528571674866335,6.800000101327896,76.12857256297555,1.399999976158142,194.44589
2012-09-10,29.60000044107437,15.885714522429875,3.200000047683716,73.48571538073676,0.5,194.40199
2012-09-17,24.50000036507845,12.61428590225322,4.90000007301569,84.5142869736467,21.400000870227814,194.41609
2012-09-24,22.800000339746475,11.257143024887355,1.100000016391277,79.60000118613243,17.300000205636024,194.41625
2012-10-01,17.80000026524067,10.94285730591842,1.80000002682209,84.92857269410577,19.399999976158146,194.50539
2012-10-08,19.60000029206276,10.87142873342548,-0.2000000029802322,85.32857270006623,32.40000070631504,194.722312
2012-10-15,14.600000217556952,7.628571542246001,-1.700000025331974,85.08571555359023,12.999999813735483,194.939234
2012-10-22,19.60000029206276,10.257143009986196,0.800000011920929,87.45714416035584,0.0,195.156156
2012-10-29,13.40000019967556,4.457142923559461,-6.500000096857548,90.3857156325664,20.40000033378601,195.373078
2012-11-05,11.400000169873238,6.585714383849076,1.5000000223517418,87.68571559233325,42.40000021457672,195.59
2012-11-12,11.000000163912771,6.371428666370256,-1.5000000223517418,90.07142991359744,12.400000035762789,195.49
2012-11-19,9.00000013411045,2.514285751751491,-3.200000047683716,92.64285852334328,0.5,195.39
2012-11-26,14.100000210106373,5.18571436298745,-1.100000016391277,90.6000013500452,7.199999816715717,195.29
2012-12-03,8.300000123679638,2.0714286022952626,-6.200000092387199,90.52857277755228,14.49999988079071,195.19
2012-12-10,3.200000047683716,-1.542857165847506,-12.10000018030405,90.57142992104802,22.900000005960464,195.59
2012-12-17,7.500000111758709,0.3285714334675244,-11.60000017285347,90.3714299180678,40.1000000834465,196.325
2012-12-24,13.000000193715096,4.957142931010042,0.0,91.38571564746756,39.20000012218952,197.06
2012-12-31,14.000000208616257,6.9428572463137765,2.1000000312924385,82.05714407988957,24.100000217556957,197.795
2013-01-07,9.3000001385808,5.928571516914027,0.5000000074505806,90.41428706156356,6.099999986588955,198.53
2013-01-14,5.500000081956387,-0.2714285754731723,-9.100000135600569,85.91428699450833,2.499999985098839,198.7775
2013-01-21,-0.6000000089406967,-3.414285765162536,-10.000000149011612,86.60000129044056,24.80000038444996,199.025
2013-01-28,4.200000062584877,-2.4285714647599628,-8.100000120699406,89.50000133365393,2.700000017881393,199.2725
2013-02-04,12.300000183284284,5.18571436298745,-1.100000016391277,84.68571554762977,48.80000019073486,199.52
2013-02-11,5.500000081956387,-1.0857143018926894,-8.600000128149986,85.1142869825874,9.0,198.955
2013-02-18,4.000000059604645,-0.07142857249294,-6.400000095367432,79.6428583296282,2.200000047683716,198.39
2013-02-25,2.7000000402331352,-2.1428571747882024,-7.500000111758709,84.11428696768624,15.000000193715096,197.825
2013-03-04,8.800000131130219,1.2857143048729216,-4.700000070035458,80.42857262705054,0.0,197.26
2013-03-11,16.300000242888927,5.157142933990274,-3.200000047683716,76.70000114291906,4.499999977648258,197.305
2013-03-18,5.700000084936619,-1.9285714573093824,-13.500000201165676,77.64285829982587,20.399999856948853,197.35
2013-03-25,7.400000110268593,0.9571428714053972,-3.9000000581145287,69.2571438891547,7.499999761581421,197.395
2013-04-01,5.900000087916851,0.1571428594844681,-5.500000081956387,65.88571526748794,1.0000000149011612,197.44
2013-04-08,9.80000014603138,2.3142857487712587,-5.000000074505806,65.87142955298934,2.1999999061226845,196.990078
2013-04-15,25.30000037699937,10.51428587096078,3.400000050663948,77.44285829684564,33.89999896287918,196.540156
2013-04-22,23.000000342726707,13.157143053199563,5.700000084936619,60.828572334987776,0.0,196.090234
2013-04-29,24.8000003695488,10.728571588439602,3.6000000536441803,74.61428682612521,20.700000382959843,195.640312
2013-05-06,23.100000344216824,12.0428573223097,4.500000067055225,78.21428687976939,7.599999904632568,195.19039
2013-05-13,22.600000336766243,12.628571616751808,4.90000007301569,80.74285834601947,12.099999845027924,196.19322
2013-05-20,22.500000335276127,13.142857338700976,5.700000084936619,80.50000119954348,29.19999928772449,196.59735
2013-05-27,16.100000239908695,8.742857273135867,2.600000038743019,83.5714298167399,33.89999932050705,196.61088
2013-06-03,21.1000003144145,12.17142875279699,5.700000084936619,78.5571440277355,34.899999141693115,198.77364
2013-06-10,25.30000037699937,16.2142859558974,5.700000084936619,75.00000111758709,12.300000190734863,199.17324
2013-06-17,31.20000046491623,16.971428824322565,6.900000102818012,74.62857254062381,4.300000190734863,198.13151
2013-06-24,34.70000051707029,19.97142886902605,10.30000015348196,73.22857251976218,10.300000190734863,197.36144
2013-07-01,24.100000359117985,12.942857335720744,4.700000070035458,79.37142975415502,13.5,196.71823
2013-07-08,27.200000405311584,18.842857423637597,10.30000015348196,74.81428682910544,5.100000098347664,196.23304
2013-07-15,27.80000041425228,17.971428839223726,7.800000116229057,67.54285814932415,0.0,195.85686
2013-07-22,33.20000049471855,21.514286034873557,10.30000015348196,60.47142947252308,0.0,195.53051
2013-07-29,35.700000531971455,21.942857469831196,14.300000213086603,76.91428686039788,15.19999997317791,195.32838
2013-08-05,35.200000524520874,21.857143182839668,12.10000018030405,68.54285816422531,0.800000011920929,195.1297
2013-08-12,31.000000461936,18.15714312770537,9.3000001385808,77.35714400985411,23.399999618530277,194.98431
2013-08-19,28.300000421702865,16.557143103863513,6.500000096857548,73.51428680973393,7.400000214576721,194.85155
2013-08-26,25.80000038444996,16.171428812401636,7.800000116229057,80.17142976607595,33.50000023841858,195.03243
2013-09-02,25.100000374019142,15.685714519449643,7.700000114738941,76.11428684847695,0.4000000059604645,194.83935
2013-09-09,28.60000042617321,17.757143121744907,9.600000143051147,79.50000118464231,15.600000262260435,194.67054
2013-09-16,17.80000026524067,12.514285900763102,7.800000116229057,90.3857156325664,22.60000006109476,194.68121
2013-09-23,17.80000026524067,11.471428742366175,5.4000000804662704,89.6571441931384,25.0,194.91343
2013-09-30,19.80000029504299,11.657143030847822,1.80000002682209,80.25714405306748,0.8999999910593033,194.67344
2013-10-07,18.30000027269125,9.957143005515848,0.800000011920929,76.7857154299106,31.10000067949295,194.93023
2013-10-14,16.50000024586916,8.185714407690934,1.700000025331974,92.34285851887294,25.8999999538064,195.04427
2013-10-21,18.80000028014183,11.314285882881707,4.90000007301569,88.8285727522203,3.999999910593033,195.03227
2013-10-28,22.000000327825543,14.171428782599312,6.400000095367432,83.71428696172578,14.59999993443489,194.89417
2013-11-04,14.300000213086603,7.885714403220585,-1.3000000193715096,84.77142983462129,27.90000009536743,195.39687
2013-11-11,15.300000227987766,8.114285835197993,-1.0000000149011612,86.94285843840667,30.00000023841858,196.70265
2013-11-18,9.400000140070915,3.342857192669596,-2.7000000402331352,91.00000135600568,0.5,196.59183
2013-11-25,7.000000104308128,3.257142905678068,-4.700000070035458,88.38571560276407,18.90000034123659,196.66285
2013-12-02,7.700000114738941,1.028571443898337,-7.500000111758709,92.64285852334328,5.5000001192092896,196.24967
2013-12-09,7.500000111758709,2.657142896737372,-4.400000065565109,87.47142987485442,10.500000067055224,196.04367
2013-12-16,8.50000012665987,2.7857143272246634,-3.700000055134296,94.15714426019362,2.400000095367432,195.969
2013-12-23,10.000000149011612,3.0142857592020715,-3.500000052154064,91.25714421698024,9.899999871850014,195.86219
2013-12-30,12.500000186264517,5.842857229922499,-1.100000016391277,84.35714411416224,19.099999964237213,196.61246
2014-01-06,10.100000150501728,3.514285766652652,-1.0000000149011612,89.91428705411298,10.900000125169754,196.76344
2014-01-13,12.90000019222498,4.585714354046753,-2.7000000402331352,89.58571562064546,12.500000089406967,197.01063
2014-01-20,9.00000013411045,3.428571479661124,-0.5000000074505806,92.2857156608786,5.399999834597111,197.06258
2014-01-27,5.200000077486038,1.9571428863065583,-1.5000000223517418,92.08571565789836,25.70000009983778,196.89382
2014-02-03,6.200000092387199,1.1428571598870414,-2.7000000402331352,87.3857155878629,2.700000047683716,197.29817
2014-02-10,11.900000177323818,3.985714345106057,-1.5000000223517418,80.3571440545576,9.400000110268593,197.05772
2014-02-17,10.900000162422655,4.90000007301569,-0.9000000134110451,80.68571548802512,13.0999998152256,197.1906
2014-02-24,11.60000017285347,4.842857215021338,-2.0000000298023224,81.44285835645029,2.800000041723252,197.02188
2014-03-03,13.100000195205212,5.085714361497334,-1.700000025331974,82.10000122338533,4.6999999061226845,196.81922
2014-03-10,17.80000026524067,4.957142931010042,-3.200000047683716,76.14285827747413,0.0,196.45173
2014-03-17,18.50000027567148,8.328571552676815,-1.3000000193715096,69.88571532709258,0.700000025331974,196.14047
2014-03-24,20.10000029951334,8.328571552676815,-2.200000032782554,75.4571439815419,12.099999904632568,195.96558
2014-03-31,21.000000312924385,7.571428684251649,-3.700000055134296,68.85714388319424,0.4000000059604645,195.75437
2014-04-07,22.30000033229589,13.171428767698153,3.200000047683716,69.05714388617447,0.6000000089406967,195.57308
2014-04-14,19.10000028461218,10.471428727465016,2.200000032782554,69.12857245866742,3.4000001251697545,195.34283
2014-04-21,20.10000029951334,8.471428697662693,-2.500000037252903,68.54285816422531,3.3999999314546585,195.19925
2014-04-28,24.300000362098217,13.428571628672737,3.200000047683716,78.58571545673269,20.799999594688416,195.11712
2014-05-05,20.000000298023224,10.628571586949484,-1.0000000149011612,80.78571548951524,17.00000023841858,195.13575
2014-05-12,21.1000003144145,11.985714464315349,4.700000070035458,77.54285829833576,30.00000011920929,195.19108
2014-05-19,23.80000035464764,11.728571603340765,3.200000047683716,73.00000108778477,1.7000000029802322,195.01971
2014-05-26,28.00000041723252,16.35714310088328,4.500000067055225,72.58571536732572,44.99999916553497,195.21408
2014-06-02,21.60000032186508,13.04285733721086,3.500000052154064,78.95714403369597,6.700000077486038,195.44125
2014-06-09,34.30000051110983,18.242857414696896,4.500000067055225,68.2000010162592,1.7999999821186066,195.2099
2014-06-16,31.10000046342612,17.842857408736432,7.300000108778477,69.6142867516194,0.6000000238418579,195.0466
2014-06-23,24.600000366568565,14.942857365523066,5.200000077486038,68.30000101774931,0.1000000014901161,194.8833
2014-06-30,26.100000388920307,15.028571652514596,4.500000067055225,74.60000111162663,18.700000301003456,194.72
2014-07-07,30.200000450015068,18.714285993150305,6.000000089406967,67.31428671734673,21.699999809265137,194.82943
2014-07-14,26.200000390410423,16.600000247359276,11.10000016540289,85.87142985101256,68.00000011920929,195.70181
2014-07-21,32.20000047981739,21.200000315904617,11.60000017285347,71.50000106543303,12.800000190734863,195.60129
2014-07-28,28.80000042915344,21.000000312924385,11.900000177323818,70.50000105053186,1.0,195.20567
2014-08-04,27.500000409781933,19.45714314707688,11.800000175833702,81.68571550292629,35.10000038146973,195.00735
2014-08-11,27.500000409781933,18.55714313366584,9.500000141561031,75.11428683357579,14.200000301003458,194.81123
2014-08-18,22.800000339746475,14.885714507528714,9.3000001385808,82.15714408137968,40.50000047683716,194.92037
2014-08-25,20.60000030696392,12.585714473256044,4.000000059604645,78.5571440277355,22.700000002980232,194.75285
2014-09-01,23.600000351667404,14.97142879452024,6.000000089406967,85.57142984654222,30.90000019222498,195.09778
2014-09-08,24.50000036507845,16.542857389364922,8.800000131130219,86.70000129193068,8.899999618530273,194.93225
2014-09-15,21.300000317394733,14.542857359562602,7.300000108778477,85.90000128000975,10.499999821186066,194.75085
2014-09-22,23.80000035464764,15.20000022649765,6.800000101327896,88.77142989422593,24.300000563263893,194.80937
2014-09-29,24.100000359117985,12.571428758757454,3.400000050663948,86.35714414396456,1.2000000327825546,194.72815
2014-10-06,22.100000329315662,13.057143051709447,5.500000081956387,87.64285844883749,2.8999999538064003,194.64667
2014-10-13,20.60000030696392,13.98571449411767,9.400000140070915,93.12857281629528,30.399999797344208,194.98092
2014-10-20,22.100000329315662,13.428571628672737,7.400000110268593,90.88571564001695,13.400000363588331,195.24946
2014-10-27,14.40000021457672,8.614285842648574,2.7000000402331352,88.8142870377217,16.500000096857548,195.379205
2014-11-03,15.600000232458116,8.971428705113274,4.500000067055225,91.51428707795483,4.900000035762787,195.50895
2014-11-10,12.10000018030405,7.014285818806717,0.2000000029802322,92.44285852036306,4.100000061094761,195.32123
2014-11-17,11.30000016838312,8.085714406200818,2.600000038743019,92.55714423635176,10.0,195.17894
2014-11-24,10.000000149011612,5.128571504993098,-1.100000016391277,91.50000136345624,13.90000019222498,195.56165
2014-12-01,5.000000074505806,2.400000035762787,-3.400000050663948,88.50000131875277,0.0,195.43358
2014-12-08,4.700000070035458,1.600000023841858,-3.9000000581145287,91.42857279096332,1.5999999791383743,195.18583
2014-12-15,10.30000015348196,4.128571490091937,-4.000000059604645,90.92857278351272,35.69999980926514,196.10754
2014-12-22,12.500000186264517,6.157142948891435,0.800000011920929,89.44285847565958,29.099999725818638,197.45869
2014-12-29,8.50000012665987,1.3000000193715096,-8.50000012665987,86.3285727149674,13.49999999254942,197.2314
2015-01-05,3.500000052154064,1.1714285888842173,-3.9000000581145287,94.22857283268657,14.50000000745058,197.30442
2015-01-12,13.90000020712614,4.442857209060874,-4.700000070035458,86.42857271645751,30.90000031888485,198.5529
2015-01-19,13.100000195205212,4.100000061094761,-3.000000044703484,84.74285840562412,25.59999966621399,199.00623
2015-01-26,2.0000000298023224,0.057142857994352,-3.6000000536441803,91.85714422592096,5.400000110268593,198.43585
2015-02-02,4.200000062584877,1.1142857308898653,-1.3000000193715096,92.27142994638,29.299999743700027,198.32552
2015-02-09,3.500000052154064,-1.1857143033828057,-9.00000013411045,79.2714297526649,3.5,197.74487
2015-02-16,5.500000081956387,0.3714285769632884,-4.700000070035458,90.7285727805325,0.0,197.34269
2015-02-23,11.30000016838312,1.628571452839034,-2.7000000402331352,86.3285727149674,9.90000019222498,197.02669
2015-03-02,9.400000140070915,3.5857143391455923,-1.600000023841858,81.75714407541922,17.19999986886978,196.85694
2015-03-09,15.800000235438349,3.928571487111705,-4.000000059604645,76.45714399644307,4.599999964237213,197.07823
2015-03-16,14.100000210106373,3.842857200120176,-3.000000044703484,79.02857260618892,4.199999928474426,197.00855
2015-03-23,17.600000262260437,5.385714365967682,-3.9000000581145287,75.1000011190772,0.1000000014901161,196.93056
2015-03-30,18.80000028014183,7.485714397260121,0.2000000029802322,74.64285825512239,28.70000028610229,196.85257
2015-04-06,12.500000186264517,4.61428578304393,-2.7000000402331352,70.01428675757987,24.500000670552254,197.5229
2015-04-13,21.80000032484532,9.285714424082212,-4.200000062584877,68.04285815677473,0.5,197.22996
2015-04-20,24.300000362098217,10.428571583969251,-2.7000000402331352,61.10000091046095,0.1000000014901161,196.989
2015-04-27,22.600000336766243,10.87142873342548,-1.100000016391277,70.48571533603328,5.100000023841858,196.69883
2015-05-04,22.800000339746475,10.600000157952309,-1.100000016391277,75.04285826108286,10.09999993443489,196.40344
2015-05-11,25.30000037699937,14.242857355092251,4.000000059604645,67.74285815230438,1.1999999955296516,196.06292
2015-05-18,28.80000042915344,14.100000210106373,3.500000052154064,62.54285807481834,1.6999999657273293,195.76119
2015-05-25,20.60000030696392,12.628571616751808,1.100000016391277,68.67142959471259,1.4999999776482582,195.48502
2015-06-01,21.60000032186508,12.085714465805465,1.80000002682209,73.65714395471981,6.5000001192092896,195.27236
2015-06-08,32.100000478327274,18.900000281631947,7.500000111758709,61.214286626449656,0.1000000014901161,195.02192
2015-06-15,31.000000461936,17.814285979739257,6.70000009983778,63.928572381181375,0.1000000014901161,194.90996
2015-06-22,22.500000335276127,13.4714287721685,4.90000007301569,73.72857252721276,28.5999995470047,194.78106
2015-06-29,28.200000420212746,16.471428816871985,7.500000111758709,73.24285823426077,13.50000023841858,194.84323
2015-07-06,38.20000056922436,25.35714323499373,12.10000018030405,54.628572242600576,0.699999988079071,194.68319
2015-07-13,35.200000524520874,17.885714552232198,4.700000070035458,65.22857240055289,12.300000108778477,194.5876
2015-07-20,35.00000052154064,21.914286040834018,15.400000229477882,71.74285821190902,4.900000154972076,194.52017
2015-07-27,33.20000049471855,20.25714315899781,8.900000132620335,67.07142957087073,15.59999993443489,194.4931
2015-08-03,32.70000048726797,17.58571454776185,5.500000081956387,58.542858015213696,0.1000000014901161,194.41079
2015-08-10,38.60000057518482,23.757143211151877,10.30000015348196,60.94285805097648,4.299999929964542,194.36686
2015-08-17,35.00000052154064,21.07142888541733,13.40000019967556,76.24285827896425,51.40000033378601,194.53542
2015-08-24,26.600000396370888,16.900000251829624,8.900000132620335,74.97142968858991,5.200000025331974,194.44054
2015-08-31,33.00000049173832,20.01428601252181,9.900000147521496,74.87142968709979,8.200000047683716,194.36654
2015-09-07,23.80000035464764,13.371428770678383,5.4000000804662704,81.91428693490369,10.200000144541264,194.32717
2015-09-14,24.600000366568565,13.700000204145908,5.000000074505806,81.72857264642205,13.99999973922968,194.30846
2015-09-21,19.60000029206276,12.68571447474616,6.900000102818012,89.07142989869628,25.899999976158146,194.44992
2015-09-28,18.100000269711018,11.328571597380298,2.200000032782554,84.17142982568059,6.599999904632568,194.31075
2015-10-05,20.10000029951334,11.057143021907123,1.100000016391277,75.27142969306026,5.5,194.23481
2015-10-12,18.100000269711018,10.700000159442425,-2.3000000342726707,84.84285840711424,7.400000110268593,194.22746
2015-10-19,10.500000156462193,5.04285721800157,-1.600000023841858,91.40000136196612,20.60000018030405,194.31644
2015-10-26,15.600000232458116,7.800000116229057,1.0000000149011612,94.5428585516555,1.5999999791383743,194.17533
2015-11-02,14.800000220537186,7.185714392789772,-2.3000000342726707,89.74285848012993,0.2000000029802322,194.08233
2015-11-09,17.80000026524067,10.485714441963603,-3.6000000536441803,88.42857274625983,6.8000001683831215,194.05585
2015-11-16,14.600000217556952,10.000000149011612,4.000000059604645,83.85714410671166,9.400000095367432,194.0619
2015-11-23,15.000000223517418,6.9428572463137765,-1.100000016391277,88.11428702729089,55.199999906122684,194.99877
2015-11-30,10.500000156462193,2.842857185219015,-3.1000000461936,93.38571567726989,47.6000012755394,195.00538
2015-12-07,12.4000001847744,6.714285814336368,0.1000000014901161,91.28571564597743,7.6000001430511475,196.23973
2015-12-14,8.900000132620335,4.200000062584877,-2.200000032782554,94.64285855314562,17.00000023841858,196.03252
2015-12-21,12.4000001847744,7.71428582923753,2.1000000312924385,95.82857285652842,15.400000035762789,196.1165
2015-12-28,13.40000019967556,7.542857255254473,-0.6000000089406967,88.95714418270758,5.900000095367432,196.36592
2016-01-04,6.800000101327896,1.8857143138136183,-1.700000025331974,93.10000138729812,24.200000382959843,196.19598
2016-01-11,7.000000104308128,2.7571428982274875,-3.200000047683716,94.61428712414843,22.000000171363357,197.20277
2016-01-18,6.000000089406967,0.1571428594844681,-13.300000198185444,90.20000134408474,23.799999952316284,198.06867
