Date,TASMAX,TAS,TASMIN,Humidity,Precipitation,GWL
1988-02-15,6.800000101327896,1.1428571598870414,-6.200000092387199,76.32857256595578,15.49999964237213,323.06
1988-02-22,9.3000001385808,0.9571428714053972,-8.100000120699406,79.58571547163385,21.39999967813492,323.06
1988-02-29,3.500000052154064,-0.3285714334675243,-2.600000038743019,88.8285727522203,43.69999957084656,323.26
1988-03-07,3.1000000461936,-0.5000000074505806,-4.90000007301569,81.47142978544746,20.999999940395355,323.46
1988-03-14,3.700000055134296,-1.0714285873941012,-8.50000012665987,82.58571551633733,26.600000098347664,323.76
1988-03-21,9.80000014603138,3.085714331695012,-5.700000084936619,78.3142868812595,17.49999988079071,324.06
1988-03-28,9.600000143051147,4.428571494562285,1.0000000149011612,86.80000129342079,30.700000166893005,324.16
1988-04-04,14.100000210106373,6.014285803905556,-0.2000000029802322,75.67142969902072,12.399999737739565,324.26
1988-04-11,17.600000262260437,7.085714391299656,-2.600000038743019,72.10000107437372,10.900000095367432,324.46
1988-04-18,21.80000032484532,9.100000135600569,-2.500000037252903,54.61428652810199,7.600000202655792,324.56
1988-04-25,23.300000347197056,8.300000123679638,-4.400000065565109,63.24285808524915,4.200000047683716,324.36
1988-05-02,22.600000336766243,11.60000017285347,-2.7000000402331352,59.25714374014309,1.100000001490116,324.13
1988-05-09,22.100000329315662,13.200000196695328,4.500000067055225,66.05714384147099,3.3000000715255737,323.91
1988-05-16,24.300000362098217,15.571428803460938,2.0000000298023224,49.57142931010042,0.0,323.74
1988-05-23,19.60000029206276,10.342857296977725,3.200000047683716,77.15714400687388,16.600000202655792,323.61
1988-05-30,25.80000038444996,17.228571685297148,4.200000062584877,65.38571526003736,27.600000858306885,323.51
1988-06-06,21.1000003144145,13.628571631652967,7.900000117719173,73.78571538520711,29.09999912232161,323.38
1988-06-13,21.300000317394733,14.685714504548482,5.200000077486038,80.22857262407031,9.199999883770944,323.26
1988-06-20,23.600000351667404,15.42857165847506,8.300000123679638,68.65714388021401,1.800000049173832,323.14
1988-06-27,20.500000305473804,13.728571633143083,7.500000111758709,84.42857268665519,11.39999994635582,323.11
1988-07-04,28.60000042617321,18.01428598271949,10.500000156462193,71.67142963941608,9.40000006556511,323.08
1988-07-11,31.10000046342612,18.357143130685603,8.50000012665987,67.50000100582838,22.600000083446503,323.0
1988-07-18,23.80000035464764,15.600000232458116,9.600000143051147,75.42857255254474,23.99999988079071,323.0
1988-07-25,31.500000469386578,19.97142886902605,10.900000162422655,70.42857247803893,5.199999921023846,322.98
1988-08-01,30.800000458955765,17.80000026524067,8.50000012665987,65.8000009804964,11.99999976158142,322.9
1988-08-08,28.10000041872263,16.442857387874806,6.200000092387199,70.42857247803893,11.5,322.82
1988-08-15,30.70000045746565,21.25714317389897,10.900000162422655,64.05714381166867,2.6999999061226845,322.74
1988-08-22,28.200000420212746,17.08571454031127,7.500000111758709,66.10000098496675,6.6999999061226845,322.74
1988-08-29,26.50000039488077,15.55714308896235,8.800000131130219,72.85714394279888,28.10000000149012,322.72
1988-09-05,26.200000390410423,15.05714308151177,7.900000117719173,75.87142970200095,21.599999740719795,322.68
1988-09-12,23.300000347197056,13.90000020712614,5.000000074505806,74.74285825661251,1.2000000029802322,322.66
1988-09-19,16.800000250339508,11.328571597380298,5.500000081956387,81.98571550739663,4.900000050663948,322.64
1988-09-26,19.30000028759241,13.300000198185444,8.800000131130219,76.24285827896425,4.899999916553497,322.625
1988-10-03,23.100000344216824,12.385714470275811,1.80000002682209,73.82857252870288,4.300000011920929,322.61
1988-10-10,19.80000029504299,10.94285730591842,4.000000059604645,70.80000105500221,8.199999809265137,322.58
1988-10-17,17.50000026077032,11.314285882881707,2.7000000402331352,89.24285847267934,9.600000202655792,322.54
1988-10-24,14.300000213086603,10.128571579498905,6.200000092387199,85.85714413651398,5.199999988079071,322.48
1988-10-31,16.300000242888927,6.328571522874491,-2.200000032782554,76.7857154299106,5.200000002980232,322.44
1988-11-07,7.900000117719173,1.0571428728955132,-6.500000096857548,75.51428683953625,6.600000001490116,322.38
1988-11-14,15.600000232458116,5.028571503502982,-4.500000067055225,75.24285826406309,28.700000382959843,322.34
1988-11-21,10.400000154972076,2.928571472210544,-5.000000074505806,87.32857272986855,25.700000382959843,322.38
1988-11-28,5.200000077486038,0.814285726419517,-8.100000120699406,86.62857271943774,19.7000003233552,322.44
1988-12-05,7.500000111758709,1.4714285933545657,-2.200000032782554,84.38571554315942,30.09999990463257,322.5
1988-12-12,8.600000128149986,3.200000047683716,-3.200000047683716,86.64285843393633,41.49999943375588,322.59
1988-12-19,5.500000081956387,0.0285714289971761,-6.000000089406967,83.87142982121024,31.09999918937683,322.73
1988-12-26,8.50000012665987,3.800000056624413,-7.000000104308128,84.48571554464954,17.699999764561653,322.77
1989-01-02,8.50000012665987,4.257142920579229,0.0,87.95714416780642,8.200000017881393,322.81
1989-01-09,9.3000001385808,3.085714331695012,-3.200000047683716,82.80000123381615,25.200000576674935,323.0
1989-01-16,9.00000013411045,4.0857143465961725,-1.5000000223517418,79.45714404114655,6.400000154972076,323.17
1989-01-23,9.100000135600569,2.1571428892867908,-2.7000000402331352,77.94285830429622,0.699999988079071,323.34
1989-01-30,8.00000011920929,-0.4857142929519926,-5.700000084936619,77.44285829684564,0.0,323.23
1989-02-06,10.900000162422655,1.8428571703178545,-4.200000062584877,81.27142978246722,0.3000000119209289,323.21
1989-02-13,12.000000178813934,2.657142896737372,-2.600000038743019,79.21428689467055,5.300000011920929,323.18
1989-02-20,12.300000183284284,4.61428578304393,-3.500000052154064,78.42857259724822,14.600000143051147,323.13
1989-02-27,10.500000156462193,3.8714286291173527,-3.400000050663948,78.50000116974115,5.800000086426735,323.08
1989-03-06,16.300000242888927,5.300000078976154,0.9000000134110451,77.74285830131599,7.599999763071537,322.98
1989-03-13,18.0000002682209,7.071428676801069,1.80000002682209,70.77142962600503,11.8999999538064,323.0
1989-03-20,14.100000210106373,5.485714367457798,-2.7000000402331352,72.18571536136525,4.10000005364418,323.01
1989-03-27,19.10000028461218,6.314285808375904,-0.2000000029802322,64.24285810015031,8.499999798834324,322.975
1989-04-03,22.30000033229589,7.971428690212114,-2.0000000298023224,67.52857243482556,2.80000002682209,322.94
1989-04-10,13.800000205636024,6.600000098347664,0.6000000089406967,73.90000110119581,14.399999640882015,322.9
1989-04-17,23.100000344216824,11.428571598870414,4.200000062584877,74.41428682314498,9.899999886751177,322.92
1989-04-24,18.100000269711018,7.457142968262945,-1.0000000149011612,72.27142964835677,24.100000217556957,322.91
1989-05-01,19.60000029206276,6.957142960812364,0.5000000074505806,77.40000115334988,36.79999923706055,323.1
1989-05-08,20.80000030994416,10.314285867980548,1.100000016391277,73.62857252572265,1.5000000298023224,323.11
1989-05-15,21.60000032186508,12.028571607811111,3.400000050663948,73.60000109672546,25.499999977648255,323.11
1989-05-22,25.00000037252903,15.371428800480706,2.7000000402331352,61.30000091344118,0.0,323.04
1989-05-29,24.8000003695488,16.50000024586916,5.700000084936619,56.05714369245938,1.300000049173832,323.02
1989-06-05,21.60000032186508,11.042857307408536,3.9000000581145287,80.97142977799687,32.70000019669533,322.98
1989-06-12,22.500000335276127,13.25714305468968,5.000000074505806,71.1714296319655,20.0999993160367,322.95
1989-06-19,24.00000035762787,15.528571659965175,4.90000007301569,63.40000094473362,0.0,322.91
1989-06-26,28.80000042915344,18.45714313217572,10.500000156462193,71.00000105798244,1.9000000059604645,322.895
1989-07-03,27.80000041425228,15.471428801970822,8.100000120699406,80.58571548653501,41.69999915361405,322.88
1989-07-10,31.20000046491623,20.81428602444274,12.10000018030405,70.28571533305305,8.300000108778477,322.8
1989-07-17,24.00000035762787,15.371428800480706,9.400000140070915,67.40000100433826,5.700000002980232,322.77
1989-07-24,29.200000435113907,16.828571679336683,5.700000084936619,67.92857244078603,24.099999219179157,322.73
1989-07-31,25.30000037699937,17.30000025779009,9.100000135600569,78.22857259426799,46.59999966621399,322.73
1989-08-07,26.100000388920307,14.357143071080957,7.200000107288361,74.97142968858991,13.300000190734863,322.72
1989-08-14,26.80000039935112,18.628571706158773,11.30000016838312,72.44285822233984,18.200000405311584,322.7
1989-08-21,32.80000048875809,21.07142888541733,10.30000015348196,66.17142955745969,3.0999999046325684,322.68
1989-08-28,27.3000004068017,15.357143085982118,7.400000110268593,76.60000114142895,27.29999957233668,322.665
1989-09-04,22.500000335276127,11.942857320819584,4.400000065565109,78.04285830578634,15.50000011920929,322.65
1989-09-11,22.30000033229589,13.871428778128964,5.500000081956387,74.11428681867463,0.0,322.63
1989-09-18,28.200000420212746,15.91428595142705,8.400000125169754,78.71428688721997,15.2999999076128,322.58
1989-09-25,29.300000436604023,17.885714552232198,12.000000178813934,79.81428690361125,4.700000092387199,322.54
1989-10-02,18.30000027269125,10.88571444792407,7.700000114738941,85.74285842052528,20.199999906122684,322.5
1989-10-09,18.100000269711018,7.528571540755885,-0.5000000074505806,82.70000123232603,24.500000715255737,322.48
1989-10-16,15.400000229477882,8.957142990614686,3.000000044703484,79.77142976011548,4.699999958276749,322.44
1989-10-23,25.30000037699937,12.714285903743336,2.600000038743019,72.22857250486102,0.4000000059604645,322.4
1989-10-30,23.100000344216824,13.428571628672737,8.00000011920929,75.47142969604049,2.799999952316284,322.38
1989-11-06,14.600000217556952,8.671428700642926,1.700000025331974,84.7571441201227,47.60000038146973,322.34
1989-11-13,13.600000202655792,4.257142920579229,-2.1000000312924385,76.91428686039788,10.900000393390656,322.32
1989-11-20,12.000000178813934,1.4428571643573898,-5.200000077486038,72.10000107437372,0.0,322.32
1989-11-27,8.400000125169754,-0.5000000074505806,-9.500000141561031,84.80000126361847,35.8000003695488,322.36
1989-12-04,6.400000095367432,-2.571428609745843,-10.000000149011612,76.5428582834346,0.2000000029802322,322.4
1989-12-11,4.200000062584877,-0.9571428714053972,-8.50000012665987,84.50000125914812,7.200000137090683,322.4
1989-12-18,14.900000222027302,7.828571545226233,-2.800000041723252,75.7000011280179,19.1000003144145,322.48
1989-12-25,14.000000208616257,7.542857255254473,1.5000000223517418,74.61428682612521,9.999999828636646,322.6
1990-01-01,7.200000107288361,-2.385714321264199,-7.200000107288361,79.6428583296282,0.6000000238418579,322.62
1990-01-08,2.600000038743019,-2.400000035762787,-9.500000141561031,80.42857262705054,3.400000035762787,322.64
1990-01-15,5.900000087916851,1.771428597824914,-3.1000000461936,84.11428696768624,2.2999999821186066,322.61
1990-01-22,9.00000013411045,4.685714355536869,-0.2000000029802322,80.10000119358301,3.0999999344348907,322.54
1990-01-29,11.10000016540289,5.385714365967682,0.5000000074505806,68.55714387872389,3.499999977648258,322.48
1990-02-05,12.90000019222498,6.014285803905556,-1.3000000193715096,67.80000101029873,0.6000000238418579,322.5
1990-02-12,16.800000250339508,5.457142938460622,-2.3000000342726707,65.65714383551052,2.099999986588955,322.52
1990-02-19,13.500000201165676,3.5857143391455923,-3.000000044703484,77.52857258383717,23.99999952316284,322.5
1990-02-26,18.30000027269125,9.57142871405397,0.0,66.30000098794699,9.30000038444996,322.6
1990-03-05,8.50000012665987,2.628571467740195,-2.1000000312924385,76.40000113844872,26.90000007301569,322.64
1990-03-12,17.00000025331974,8.071428691702229,0.5000000074505806,70.91428677099091,6.799999766051769,322.65
1990-03-19,21.1000003144145,7.928571546716349,-1.5000000223517418,65.18571525705713,1.399999976158142,322.67
1990-03-26,18.30000027269125,8.314285838178225,1.600000023841858,69.7428581821067,6.100000128149986,322.675
1990-04-02,21.1000003144145,6.971428675310952,-0.800000011920929,76.01428684698683,3.100000023841858,322.68
1990-04-09,19.30000028759241,4.700000070035458,-5.000000074505806,66.35714384594134,9.600000001490116,322.7
1990-04-16,16.800000250339508,5.542857225452151,-5.500000081956387,72.37142964984689,23.30000025779009,322.64
1990-04-23,16.800000250339508,8.21428583668811,0.5000000074505806,77.12857257787671,17.39999983459711,322.68
1990-04-30,17.80000026524067,7.985714404710701,2.3000000342726707,78.27142973776374,28.800000481307507,322.74
1990-05-07,24.600000366568565,14.957143080021654,4.500000067055225,62.67142950530563,0.0,322.78
1990-05-14,23.80000035464764,14.214285926095076,4.200000062584877,70.8142867695008,10.599999912083147,322.74
1990-05-21,22.800000339746475,12.914285906723569,2.500000037252903,64.42857238863196,5.099999785423279,322.71
1990-05-28,24.600000366568565,12.214285896292754,1.700000025331974,62.128572354359285,0.400000013411045,322.695
1990-06-04,23.80000035464764,13.500000201165676,1.100000016391277,61.30000091344118,16.600000023841858,322.68
1990-06-11,20.500000305473804,12.500000186264517,5.200000077486038,78.97142974819455,53.00000128149986,322.7
1990-06-18,25.30000037699937,14.571428788559777,7.400000110268593,77.62857258532729,5.199999965727329,322.64
1990-06-25,26.100000388920307,16.71428596334798,9.100000135600569,70.20000104606152,29.70000034570694,322.7
1990-07-02,29.300000436604023,19.685714579054288,10.400000154972076,69.05714388617447,24.00000047683716,322.72
1990-07-09,20.80000030994416,14.542857359562602,8.50000012665987,76.50000113993883,23.39999988675117,322.74
1990-07-16,27.000000402331352,15.485714516469413,6.500000096857548,66.68571527940887,4.799999907612801,322.7
1990-07-23,26.50000039488077,15.70000023394823,5.700000084936619,68.94285817018577,0.1000000014901161,322.64
1990-07-30,31.70000047236681,18.157143127705368,6.800000101327896,65.42857240353312,0.0,322.68
1990-08-06,33.10000049322844,21.014286027422973,11.000000163912771,56.12857226495232,8.099999904632568,322.66
1990-08-13,31.80000047385693,18.15714312770537,5.700000084936619,61.9857152093734,1.3999999538064003,322.6
1990-08-20,29.200000435113907,17.314285972288676,8.100000120699406,69.2571438891547,17.40000009536743,322.6
1990-08-27,29.60000044107437,16.528571674866335,7.900000117719173,73.22857251976218,23.50000001490116,322.56
1990-09-03,30.300000451505184,17.2857145432915,10.600000157952309,74.97142968858991,35.00000098347664,322.52
1990-09-10,19.80000029504299,11.87142874832664,5.200000077486038,80.60000120103359,51.90000043064356,322.5
1990-09-17,18.30000027269125,10.971428734915596,2.1000000312924385,79.31428689616067,4.699999988079071,322.58
1990-09-24,18.50000027567148,10.88571444792407,5.000000074505806,72.27142964835677,12.8999999538064,322.56
1990-10-01,22.100000329315662,11.52857160036053,2.7000000402331352,75.25714397856167,16.0,322.54
1990-10-08,22.000000327825543,11.87142874832664,4.000000059604645,75.02857254658427,7.900000169873238,322.5
1990-10-15,24.300000362098217,11.785714461335116,3.000000044703484,71.64285821041891,0.0,322.48
1990-10-22,23.300000347197056,9.914285862020083,-3.500000052154064,76.08571541947978,9.899999976158142,322.46
1990-10-29,15.800000235438349,6.242857235882964,-2.200000032782554,68.24285815975496,11.700000397861006,322.4
1990-11-05,11.500000171363354,5.571428654449327,-0.1000000014901161,78.4428583117468,19.70000004768372,322.4
1990-11-12,11.500000171363354,4.628571497542517,-3.200000047683716,83.35714409926108,6.900000132620335,322.41
1990-11-19,13.100000195205212,7.05714296230248,1.700000025331974,80.27142976756606,14.100000239908695,322.42
1990-11-26,8.00000011920929,2.95714290120772,-1.700000025331974,80.22857262407031,12.099999971687794,322.43
1990-12-03,5.500000081956387,0.3714285769632883,-6.000000089406967,84.88571555061,11.900000296533108,322.44
1990-12-10,4.000000059604645,-1.8285714558192665,-9.80000014603138,80.20000119507313,15.600000098347664,322.48
1990-12-17,4.200000062584877,-0.8714285844138691,-4.000000059604645,88.35714417376688,14.100000120699406,322.48
1990-12-24,5.000000074505806,0.3428571479661123,-5.000000074505806,82.04285836539098,2.800000041723252,322.5
1990-12-31,11.500000171363354,3.214285762182304,-5.700000084936619,74.72857254211392,4.999999858438969,322.62
1991-01-07,10.500000156462193,5.2428572209818025,0.5000000074505806,76.58571542693036,28.59999990463257,322.7
1991-01-14,15.100000225007534,4.585714354046753,-4.90000007301569,74.0428582461817,4.19999998062849,322.78
1991-01-21,8.600000128149986,-1.4285714498588018,-7.900000117719173,59.028572308165685,2.0,322.88
1991-01-28,4.000000059604645,-0.3714285769632884,-2.800000041723252,84.18571554017919,1.500000052154064,322.88
1991-02-04,0.2000000029802322,-5.771428657429559,-15.000000223517418,64.08571524066585,1.2000000476837158,322.88
1991-02-11,5.000000074505806,-6.357142951871667,-19.30000028759241,76.1857154209699,8.200000002980232,322.84
1991-02-18,1.5000000223517418,-3.971428630607469,-9.500000141561031,80.0000011920929,12.600000202655792,322.78
1991-02-25,12.000000178813934,3.671428626137121,-9.500000141561031,75.18571540606874,1.300000011920929,322.74
1991-03-04,11.000000163912771,1.9285714573093824,-4.500000067055225,73.72857252721276,0.0,322.8
1991-03-11,15.600000232458116,7.171428678291185,-0.4000000059604645,75.01428683208567,1.2000000327825546,322.74
1991-03-18,17.600000262260437,8.842857274625983,0.6000000089406967,71.38571534944433,0.3000000119209289,322.76
1991-03-25,17.600000262260437,8.100000120699406,3.200000047683716,76.22857256446567,14.80000024288893,322.78
1991-04-01,10.600000157952309,2.385714321264199,-3.500000052154064,73.95714395919016,7.300000049173832,322.74
1991-04-08,18.6000002771616,9.07142870660339,3.400000050663948,67.7142867233072,2.1999999582767487,322.7
1991-04-15,18.0000002682209,9.671428715544089,-0.6000000089406967,58.12857229475464,0.0,322.68
1991-04-22,11.500000171363354,1.600000023841858,-5.500000081956387,74.95714397409132,24.29999977350235,322.66
1991-04-29,14.40000021457672,5.657142941440855,-1.100000016391277,76.85714400240353,9.399999916553496,322.66
1991-05-06,13.300000198185444,6.957142960812364,1.100000016391277,75.32857255105462,8.700000144541264,322.68
1991-05-13,17.30000025779009,9.271428709583622,-1.100000016391277,74.88571540159839,20.50000044703484,322.68
1991-05-20,17.100000254809856,8.171428693192345,-0.5000000074505806,74.64285825512239,16.200000002980232,322.64
1991-05-27,19.500000290572643,9.58571442855256,0.6000000089406967,73.9142868156944,13.900000095367432,322.66
1991-06-03,22.500000335276127,13.1142859097038,1.80000002682209,64.10000095516443,0.4000000059604645,322.68
1991-06-10,19.30000028759241,12.45714304276875,2.500000037252903,70.74285819700786,10.19999996572733,322.64
1991-06-17,23.80000035464764,15.042857367013182,9.3000001385808,67.0000009983778,47.39999914169312,322.62
1991-06-24,26.50000039488077,15.214285940996238,5.500000081956387,72.1285725033709,17.000000312924385,322.66
1991-07-01,26.30000039190054,15.500000230968,7.000000104308128,74.21428682016474,26.600000835955143,322.64
1991-07-08,31.000000461936,21.228571744901792,10.000000149011612,65.48571526152747,0.6000000238418579,322.62
1991-07-15,33.70000050216913,21.285714602896142,13.000000193715096,70.5714296230248,18.80000000447035,322.62
1991-07-22,23.300000347197056,17.08571454031127,9.80000014603138,67.80000101029873,0.699999988079071,322.6
1991-07-29,28.700000427663326,17.87142883773361,7.400000110268593,69.60000103712082,13.399999797344208,322.57
1991-08-05,27.200000405311584,19.22857171509947,11.900000177323818,79.61428690063101,24.500000193715096,322.54
1991-08-12,33.10000049322844,20.800000309944156,12.800000190734863,70.54285819402763,13.29999965429306,322.48
1991-08-19,28.300000421702865,16.957143109823978,8.900000132620335,67.3571438608425,4.800000049173832,322.44
1991-08-26,27.3000004068017,16.5714288183621,8.00000011920929,73.3142868067537,4.599999904632568,322.41
1991-09-02,25.00000037252903,14.771428791540009,6.800000101327896,73.15714394726923,0.1000000014901161,322.38
1991-09-09,27.10000040382147,14.685714504548482,8.800000131130219,70.67142962451491,3.500000096857548,322.4
1991-09-16,25.80000038444996,14.885714507528714,2.1000000312924385,66.1571438429611,14.299999609589577,322.36
1991-09-23,23.600000351667404,14.057143066610609,3.9000000581145287,75.84285827300378,7.800000011920929,322.32
1991-09-30,25.80000038444996,14.62857164655413,7.400000110268593,74.28571539265769,2.800000049173832,322.24
1991-10-07,22.30000033229589,11.60000017285347,4.90000007301569,73.685715383717,5.0,322.21
1991-10-14,22.600000336766243,12.642857331250395,5.000000074505806,75.11428683357579,0.6000000238418579,322.17
1991-10-21,19.80000029504299,7.085714391299656,-2.500000037252903,77.67142972882304,8.799999952316284,322.14
1991-10-28,9.00000013411045,2.742857183728899,-5.500000081956387,75.35714398005179,14.400000154972076,322.13
1991-11-04,14.300000213086603,4.128571490091937,-6.400000095367432,71.21428677546126,11.399999976158142,322.12
1991-11-11,11.10000016540289,4.90000007301569,0.2000000029802322,79.82857261810985,21.399999737739563,322.1
1991-11-18,11.30000016838312,4.114285775593349,-2.600000038743019,81.81428693341357,10.50000001490116,322.06
1991-11-25,7.500000111758709,1.4142857353602136,-4.200000062584877,87.35714415886572,3.1999999061226845,322.02
1991-12-02,9.500000141561031,1.3857143063630375,-5.500000081956387,84.61428697513682,0.400000013411045,322.02
1991-12-09,2.7000000402331352,-1.3857143063630375,-11.000000163912771,89.98571562660592,12.799999982118608,322.04
1991-12-16,3.200000047683716,-3.357142907168184,-12.300000183284284,75.28571540755885,0.0,322.04
1991-12-23,10.30000015348196,3.800000056624413,-1.100000016391277,81.80000121891499,41.700000286102295,322.06
1991-12-30,8.800000131130219,1.0714285873941012,-3.400000050663948,84.84285840711424,22.50000017881393,322.08
1992-01-06,8.00000011920929,2.842857185219015,-4.200000062584877,79.81428690361125,17.50000023841858,322.12
1992-01-13,11.800000175833702,2.7857143272246634,-5.700000084936619,81.08571549398559,3.8000001236796384,322.14
1992-01-20,4.500000067055225,1.4142857353602136,-9.3000001385808,84.71428697662694,30.20000010728836,322.16
1992-01-27,3.6000000536441803,-4.000000059604645,-12.10000018030405,85.3571441290634,1.899999976158142,322.19
1992-02-03,3.400000050663948,-1.028571443898337,-4.700000070035458,88.74285846522876,1.2000000476837158,322.22
1992-02-10,8.100000120699406,3.285714334675244,-1.80000002682209,82.6285726598331,14.499999798834324,322.26
1992-02-17,12.300000183284284,4.157142919089113,-3.9000000581145287,80.58571548653501,19.00000027567149,322.28
1992-02-24,8.100000120699406,0.1285714304872921,-7.000000104308128,84.54285840264389,15.899999737739565,322.3
1992-03-02,15.400000229477882,5.214285791984627,-2.0000000298023224,72.714286797813,1.7000000476837158,322.44
1992-03-09,17.30000025779009,5.757142942930971,-1.100000016391277,72.80000108480453,5.399999812245369,322.54
1992-03-16,14.500000216066836,3.142857189689364,-1.0000000149011612,76.55714399793318,28.399999499320984,322.62
1992-03-23,13.300000198185444,5.471428652959211,-0.5000000074505806,76.88571543140071,13.699999690055847,322.68
1992-03-30,8.100000120699406,1.3285714483686857,-4.200000062584877,84.50000125914812,37.70000000298023,322.84
1992-04-06,12.10000018030405,4.97142864550863,-1.3000000193715096,74.62857254062381,4.900000043213368,322.98
1992-04-13,18.6000002771616,6.77142867233072,-1.100000016391277,61.08571519596236,1.2000000476837158,323.22
1992-04-20,14.100000210106373,5.800000086426735,-1.3000000193715096,66.8714295678905,11.599999956786633,323.34
1992-04-27,24.00000035762787,11.400000169873238,-3.200000047683716,64.90000096708536,7.599999845027924,323.32
1992-05-04,18.0000002682209,9.242857280586447,0.800000011920929,74.67142968411956,13.800000436604025,323.3
1992-05-11,20.60000030696392,10.728571588439602,1.100000016391277,70.15714390256575,14.899999856948853,323.24
1992-05-18,25.80000038444996,14.785714506038598,4.400000065565109,62.57142950381552,0.0,323.14
1992-05-25,26.100000388920307,17.471428831773146,4.200000062584877,53.38571508122342,0.1000000014901161,323.06
1992-06-01,25.600000381469727,16.328571671886102,5.500000081956387,56.5142865564142,11.100000381469728,323.0
1992-06-08,26.700000397861004,16.87142882283245,9.500000141561031,76.72857257191625,42.899999380111694,322.96
1992-06-15,24.300000362098217,15.05714308151177,7.400000110268593,75.52857255403485,11.600000023841858,323.02
1992-06-22,25.30000037699937,17.171428827302798,9.500000141561031,73.27142966325793,13.399999737739565,323.06
1992-06-29,27.10000040382147,17.885714552232198,7.000000104308128,60.07142946656261,24.100000381469727,323.08
1992-07-06,29.60000044107437,18.200000271201134,12.000000178813934,73.88571538669723,60.09999847412109,323.12
1992-07-13,26.30000039190054,16.5714288183621,10.500000156462193,72.44285822233984,17.600000202655792,323.14
1992-07-20,31.300000466406345,19.500000290572643,9.100000135600569,64.34285810164043,3.300000049173832,323.16
1992-07-27,33.70000050216913,19.414286003581115,11.500000171363354,70.62857248101916,34.70000043511391,323.13
1992-08-03,31.300000466406345,19.828571724040167,7.200000107288361,67.57142957832131,23.100000143051147,323.1
1992-08-10,35.30000052601099,22.471428906278952,9.00000013411045,57.728572288794176,0.1000000014901161,323.04
1992-08-17,24.100000359117985,16.20000024139881,9.500000141561031,69.24285817465612,10.700000196695328,323.02
1992-08-24,29.10000043362379,18.64285742065736,9.500000141561031,76.62857257042613,41.800000965595245,322.99
1992-08-31,32.70000048726797,20.22857173000063,12.600000187754633,70.17142961706433,20.300000101327896,322.92
1992-09-07,19.60000029206276,11.971428749816758,3.500000052154064,75.52857255403485,10.400000050663948,322.81
1992-09-14,24.100000359117985,13.028571622712272,4.90000007301569,76.10000113397837,3.0999999046325684,322.74
1992-09-21,21.60000032186508,12.785714476236276,3.400000050663948,72.74285822681018,0.1000000014901161,322.76
1992-09-28,25.80000038444996,14.34285735658237,6.900000102818012,75.41428683804614,9.200000047683716,322.7
1992-10-05,17.00000025331974,11.471428742366175,6.70000009983778,80.98571549249547,3.700000025331974,322.62
1992-10-12,15.800000235438349,7.957142975713525,-1.3000000193715096,82.70000123232603,9.099999845027924,322.59
1992-10-19,12.10000018030405,3.74285719863006,-4.500000067055225,71.61428678142173,0.800000011920929,322.56
1992-10-26,14.100000210106373,4.928571502012866,0.0,80.37142976905618,20.89999969303608,322.49
1992-11-02,10.30000015348196,3.442857194159712,-4.500000067055225,79.05714403518608,5.800000049173832,322.42
1992-11-09,12.600000187754633,6.457142953361784,-3.000000044703484,79.54285832813808,5.399999976158142,322.38
1992-11-16,11.000000163912771,4.271428635077817,-0.800000011920929,81.68571550292629,10.200000263750551,322.39
1992-11-23,11.400000169873238,4.185714348086289,0.5000000074505806,82.87142980630908,21.50000001490116,322.33
1992-11-30,13.000000193715096,5.5285715109535625,-2.200000032782554,78.4428583117468,3.700000025331974,322.32
1992-12-07,11.800000175833702,4.3142857785735815,-2.7000000402331352,78.90000117570162,1.9000000283122065,322.29
1992-12-14,5.000000074505806,2.0000000298023224,0.0,88.24285845777818,17.000000037252903,322.27
1992-12-21,8.300000123679638,1.771428597824914,-2.200000032782554,82.28571551186698,6.899999894201756,322.24
1992-12-28,4.200000062584877,-3.0428571881992474,-9.00000013411045,84.71428697662694,1.2999999821186066,322.22
1993-01-04,-0.800000011920929,-8.771428702133042,-16.00000023841858,80.20000119507313,0.0,322.2
1993-01-11,11.30000016838312,4.957142931010042,-8.00000011920929,79.2857154671635,17.69999948889017,322.17
1993-01-18,14.600000217556952,6.571428669350488,-1.100000016391277,71.20000106096268,7.70000022649765,322.16
1993-01-25,11.30000016838312,6.042857232902732,-0.9000000134110451,75.31428683655602,11.69999986886978,322.23
1993-02-01,2.3000000342726707,-4.185714348086289,-14.600000217556952,76.08571541947978,14.100000381469728,322.22
1993-02-08,7.500000111758709,-0.9285714424082212,-11.000000163912771,79.20000118017197,6.3999999314546585,322.25
1993-02-15,7.400000110268593,-1.65714288183621,-6.500000096857548,86.0714298539928,0.0,322.26
1993-02-22,4.400000065565109,-0.4142857204590525,-9.100000135600569,83.52857267324414,33.89999929070473,322.32
1993-03-01,4.700000070035458,-2.585714324244431,-9.00000013411045,79.91428690510136,12.200000204145908,322.35
1993-03-08,4.200000062584877,-2.0714286022952626,-11.30000016838312,79.92857261959996,13.899999529123306,322.39
1993-03-15,14.600000217556952,4.128571490091937,-8.50000012665987,70.07142961557422,1.000000037252903,322.54
1993-03-22,16.100000239908695,8.64285727164575,-1.600000023841858,71.22857248995986,10.19999986886978,322.65
1993-03-29,11.000000163912771,0.8428571554166931,-3.700000055134296,78.42857259724822,11.100000143051147,322.59
1993-04-05,17.80000026524067,5.385714365967682,-4.700000070035458,71.4142867784415,0.7000000029802322,322.69
1993-04-12,13.300000198185444,5.214285791984627,-2.0000000298023224,73.95714395919016,10.30000016838312,322.67
1993-04-19,16.100000239908695,7.942857261214938,0.5000000074505806,75.12857254807439,21.599999763071537,322.71
1993-04-26,24.8000003695488,15.085714510508948,5.4000000804662704,58.114286580256056,0.5,322.675
1993-05-03,25.100000374019142,15.34285737148353,6.200000092387199,56.71428655939443,10.399999856948853,322.64
1993-05-10,24.100000359117985,12.128571609301227,2.600000038743019,70.15714390256575,2.2999999299645424,322.64
1993-05-17,24.50000036507845,15.214285940996238,4.500000067055225,61.57142948891436,13.200000435113909,322.61
1993-05-24,26.80000039935112,14.957143080021654,8.400000125169754,73.50000109523535,46.40000069141388,322.58
1993-05-31,26.30000039190054,15.742857377443997,8.900000132620335,69.9714296140841,13.900000333786013,322.59
1993-06-07,27.10000040382147,16.600000247359276,8.50000012665987,75.97142970349107,36.199999429285526,322.62
1993-06-14,29.50000043958425,16.528571674866335,9.500000141561031,74.32857253615346,74.40000051259995,322.76
1993-06-21,25.600000381469727,14.828571649534362,4.700000070035458,74.28571539265769,16.800000429153446,322.85
1993-06-28,21.80000032484532,12.68571447474616,6.70000009983778,77.98571544779199,16.700000248849392,322.83
1993-07-05,28.300000421702865,18.34285741618701,6.500000096857548,64.45714381762913,29.0,322.82
1993-07-12,25.80000038444996,14.000000208616257,8.800000131130219,71.52857249443021,31.200000002980232,322.85
1993-07-19,24.600000366568565,15.985714523919992,8.600000128149986,78.11428687827927,42.299999833107,322.94
1993-07-26,23.600000351667404,14.800000220537186,9.00000013411045,75.1000011190772,11.499999888241293,322.93
1993-08-02,29.300000436604023,17.728571692747728,9.600000143051147,74.32857253615346,10.299999810755253,322.92
1993-08-09,28.80000042915344,17.971428839223726,8.50000012665987,71.91428678589207,28.399999856948853,322.91
1993-08-16,29.60000044107437,17.971428839223726,7.700000114738941,69.68571532411235,16.700000286102295,322.87
1993-08-23,27.3000004068017,15.41428594397647,5.4000000804662704,73.65714395471981,5.2000002190470695,322.83
1993-08-30,18.100000269711018,11.314285882881707,3.400000050663948,74.95714397409132,14.000000178813934,322.77
1993-09-06,16.600000247359276,10.471428727465016,4.000000059604645,85.21428698407752,46.00000023841858,322.78
1993-09-13,23.500000350177288,14.028571637613434,3.500000052154064,81.4142869274531,12.80000041425228,322.76
1993-09-20,20.000000298023224,11.485714456864766,2.1000000312924385,74.22857253466334,0.800000011920929,322.72
1993-09-27,25.700000382959843,14.800000220537186,6.200000092387199,78.77142974521432,0.1000000014901161,322.695
1993-10-04,15.800000235438349,9.957143005515848,1.3000000193715096,75.68571541351932,3.299999952316284,322.67
1993-10-11,21.1000003144145,12.4000001847744,4.500000067055225,79.12857260767903,9.50000011920929,322.62
1993-10-18,22.100000329315662,8.771428702133042,-2.800000041723252,73.3142868067537,3.300000049173832,322.57
1993-10-25,9.00000013411045,3.985714345106057,-3.500000052154064,86.2000012844801,28.500000193715096,322.52
1993-11-01,9.100000135600569,1.9571428863065583,-3.500000052154064,89.21428704368216,0.0,322.49
1993-11-08,12.000000178813934,3.828571485621589,-2.800000041723252,90.6285727790424,14.800000011920927,322.46
1993-11-15,7.500000111758709,3.4714286231568883,-2.200000032782554,86.17142985548291,25.49999936670065,322.42
1993-11-22,0.4000000059604645,-4.342857207570757,-10.80000016093254,86.4428584309561,8.200000032782555,322.47
1993-11-29,3.1000000461936,-6.071428661899907,-10.80000016093254,85.74285842052528,4.299999907612801,322.44
1993-12-06,11.000000163912771,1.700000025331974,-12.600000187754633,83.30000124126673,2.7000000551342964,322.47
1993-12-13,9.900000147521496,3.8857143436159407,-2.200000032782554,81.07142977948699,22.999999798834324,322.53
1993-12-20,12.300000183284284,4.242857206080641,-0.2000000029802322,83.72857267622437,33.80000081658363,322.79
1993-12-27,5.700000084936619,1.1857143033828057,-2.200000032782554,86.81428700791938,20.299999743700024,322.815
1994-01-03,9.80000014603138,2.7714286127260754,-5.000000074505806,82.07142979438815,7.599999904632568,322.84
1994-01-10,10.600000157952309,4.742857213531222,-0.6000000089406967,79.70000118762255,0.5000000074505806,323.01
1994-01-17,11.000000163912771,2.742857183728899,-5.500000081956387,85.02857269559588,10.20000008493662,323.1
1994-01-24,6.800000101327896,0.6285714379378727,-8.50000012665987,76.5428582834346,6.3999999314546585,323.07
1994-01-31,9.100000135600569,3.17142861868654,-0.5000000074505806,80.08571547908443,13.69999996572733,323.11
1994-02-07,6.70000009983778,2.0142857443009103,-2.600000038743019,83.31428695576531,5.100000075995922,323.07
1994-02-14,4.200000062584877,-2.485714322754315,-12.000000178813934,84.01428696619612,16.89999959617853,323.14
1994-02-21,2.3000000342726707,-5.557142939950738,-13.800000205636024,66.18571527195829,0.6000000238418579,323.15
1994-02-28,13.600000202655792,3.428571479661124,-8.00000011920929,86.24285842797586,18.099999725818638,323.16
1994-03-07,11.500000171363354,5.25714293548039,-2.200000032782554,76.14285827747413,13.000000417232512,323.2
1994-03-14,15.100000225007534,7.642857256744589,-2.0000000298023224,78.54285831323692,12.299999691545963,323.36
1994-03-21,8.900000132620335,3.342857192669596,-1.100000016391277,80.85714406200817,34.70000076293945,323.49
1994-03-28,12.90000019222498,6.514285811356136,-2.3000000342726707,74.20000110566616,18.39999989420176,323.59
1994-04-04,18.80000028014183,7.600000113248825,-0.800000011920929,77.32857258085694,5.700000010430813,323.69
1994-04-11,10.100000150501728,3.142857189689364,-1.5000000223517418,76.68571542842048,9.899999625980854,323.56
1994-04-18,10.500000156462193,4.557142925049577,-1.100000016391277,88.28571560127395,51.80000054836273,323.74
1994-04-25,21.000000312924385,10.957143020417009,0.2000000029802322,64.67142953510795,0.5,323.89
1994-05-02,24.00000035762787,11.88571446282523,4.000000059604645,75.25714397856167,0.800000011920929,323.67
1994-05-09,21.1000003144145,11.60000017285347,-0.5000000074505806,65.02857239757266,11.800000190734863,323.64
1994-05-16,23.600000351667404,14.385714500078134,4.200000062584877,65.51428669052464,5.399999976158142,323.53
1994-05-23,21.1000003144145,12.714285903743336,4.000000059604645,81.71428693192345,37.19999924302101,323.46
1994-05-30,21.50000032037497,11.442857313369002,3.400000050663948,80.62857263003077,32.30000001192093,323.44
1994-06-06,27.80000041425228,13.514285915664264,0.800000011920929,67.37142957534108,14.699999988079073,323.29
1994-06-13,24.8000003695488,12.82857161973204,5.700000084936619,74.44285825214216,5.800000004470348,323.19
1994-06-20,26.600000396370888,14.285714498588018,7.300000108778477,70.54285819402763,13.19999962300062,323.18
1994-06-27,29.60000044107437,19.657143150057117,5.900000087916851,59.92857232157673,0.0,323.13
1994-07-04,32.70000048726797,20.94285745493003,9.400000140070915,63.985715239175725,21.09999990463257,323.08
1994-07-11,26.80000039935112,17.114285969308444,9.100000135600569,75.72857255701508,10.299999989569187,323.04
1994-07-18,30.600000455975533,20.97142888392721,12.000000178813934,70.64285819551775,52.19999991357327,322.98
1994-07-25,32.20000047981739,21.357143175389087,11.900000177323818,53.642857942198006,2.299999952316284,322.95
1994-08-01,34.1000005081296,23.70000035315752,15.100000225007534,59.028572308165685,42.29999923706055,322.88
1994-08-08,34.70000051707029,21.800000324845318,14.000000208616257,64.07142952616725,13.299999833106996,322.83
1994-08-15,28.300000421702865,16.257143099393165,7.500000111758709,69.27142960365329,24.80000042915344,322.79
1994-08-22,25.100000374019142,15.500000230968,5.4000000804662704,70.51428676503045,27.00000047683716,322.76
1994-08-29,24.8000003695488,16.028571667415754,9.500000141561031,79.41428689765078,49.3999987617135,322.76
1994-09-05,23.600000351667404,15.171428797500472,6.900000102818012,76.31428685145718,15.49999988079071,322.73
1994-09-12,21.60000032186508,14.414285929075309,8.50000012665987,75.52857255403485,38.1999996304512,322.74
1994-09-19,19.60000029206276,11.400000169873238,6.800000101327896,79.21428689467055,17.099999845027924,322.7
1994-09-26,24.00000035762787,12.31428589778287,4.000000059604645,80.18571548057454,0.0,322.685
1994-10-03,20.500000305473804,12.714285903743336,7.700000114738941,80.80000120401382,22.900000035762787,322.67
1994-10-10,11.30000016838312,4.257142920579229,-1.80000002682209,78.9285726046988,3.600000001490116,322.63
1994-10-17,18.80000028014183,6.77142867233072,-1.80000002682209,79.95714404859713,0.4000000059604645,322.61
1994-10-24,14.500000216066836,6.100000090897083,-4.700000070035458,70.44285819253751,1.2000000476837158,322.58
1994-10-31,16.300000242888927,9.51428585605962,2.0000000298023224,77.35714400985411,13.80000014603138,322.53
1994-11-07,15.900000236928465,7.657142971243177,-1.0000000149011612,75.71428684251649,0.1000000014901161,322.47
1994-11-14,11.500000171363354,6.285714379378727,-0.2000000029802322,85.05714412459305,6.900000102818012,322.44
1994-11-21,14.100000210106373,6.928571531815188,-0.4000000059604645,84.48571554464954,25.09999936819076,322.42
1994-11-28,11.30000016838312,5.742857228432383,-0.800000011920929,88.47142988975558,15.300000250339508,322.4
1994-12-05,10.600000157952309,4.8571429295199255,-3.700000055134296,80.68571548802512,9.400000028312206,322.42
1994-12-12,12.4000001847744,6.442857238863196,-2.1000000312924385,75.74285827151367,7.700000122189522,322.49
1994-12-19,10.900000162422655,0.9571428714053972,-6.70000009983778,83.32857267026391,26.300000049173832,322.55
1994-12-26,4.000000059604645,-1.0857143018926894,-7.900000117719173,84.34285839966365,2.7000000551342964,322.55
1995-01-02,12.000000178813934,5.357142936970506,-2.500000037252903,78.28571545226234,14.70000010728836,322.55
1995-01-09,0.0,-7.05714296230248,-15.800000235438349,83.35714409926108,8.199999958276749,322.5
1995-01-16,5.200000077486038,-0.5142857219491687,-9.500000141561031,82.30000122636557,12.10000017285347,322.53
1995-01-23,10.100000150501728,1.7857143123235022,-5.700000084936619,73.41428680824382,17.19999971985817,322.58
1995-01-30,12.500000186264517,4.528571496052401,-0.9000000134110451,76.45714399644307,15.900000050663948,322.81
1995-02-06,9.3000001385808,4.400000065565109,-3.200000047683716,74.10000110417604,5.70000009983778,322.9
1995-02-13,13.40000019967556,4.157142919089113,-7.500000111758709,75.5857154120292,17.899999633431435,323.03
1995-02-20,10.30000015348196,6.057142947401319,1.600000023841858,74.35714396515063,6.799999855458736,323.08
1995-02-27,15.600000232458116,3.442857194159712,-1.80000002682209,76.70000114291906,9.40000033378601,323.15
1995-03-06,10.900000162422655,4.385714351066521,-3.700000055134296,69.3714296051434,0.8000000268220901,323.09
1995-03-13,12.300000183284284,2.585714324244431,-3.700000055134296,69.27142960365329,3.3999999091029167,323.11
1995-03-20,10.400000154972076,2.571428609745843,-4.500000067055225,75.04285826108286,10.299999967217444,322.99
1995-03-27,16.600000247359276,4.714285784534046,-1.80000002682209,68.88571531219142,19.49999962002039,323.055
1995-04-03,19.80000029504299,4.757142928029809,-6.500000096857548,74.18571539116758,38.79999933391809,323.12
1995-04-10,13.300000198185444,6.214285806885788,-0.6000000089406967,73.64285824022123,23.0,323.27
1995-04-17,9.500000141561031,4.8857143585171015,-0.1000000014901161,85.4857155595507,44.09999944269657,323.5
1995-04-24,25.700000382959843,11.800000175833702,4.000000059604645,70.27142961855445,16.000000096857548,323.9
1995-05-01,20.000000298023224,10.271428724484784,-0.2000000029802322,77.22857257936683,12.299999803304672,323.74
1995-05-08,23.000000342726707,13.200000196695328,1.3000000193715096,59.87142946358238,5.699999809265137,323.72
1995-05-15,13.600000202655792,7.685714400240353,-0.2000000029802322,76.07142970498118,44.80000074207783,323.76
1995-05-22,17.100000254809856,9.828571575028556,0.9000000134110451,69.05714388617447,17.700000382959843,323.7
1995-05-29,28.60000042617321,17.80000026524067,4.700000070035458,61.30000091344118,2.0,323.62
1995-06-05,20.60000030696392,12.31428589778287,4.500000067055225,85.128572697086,75.50000095367432,323.97
1995-06-12,20.10000029951334,12.228571610791343,7.500000111758709,82.3857155133571,19.999999716877937,323.94
1995-06-19,21.60000032186508,13.285714483686856,7.700000114738941,78.71428688721997,31.799999788403507,324.06
1995-06-26,27.200000405311584,15.228571655494829,7.500000111758709,78.90000117570162,14.699999928474426,324.005
1995-07-03,26.80000039935112,19.000000283122063,8.300000123679638,66.65714385041169,10.600000023841858,323.95
1995-07-10,32.80000048875809,20.000000298023224,9.400000140070915,62.21428664135082,2.700000047683716,323.79
1995-07-17,30.800000458955765,20.928571740431444,12.300000183284284,72.17142964686666,11.79999976605177,323.66
1995-07-24,33.00000049173832,19.88571458203452,8.900000132620335,70.61428676652056,34.10000038146973,323.56
1995-07-31,29.50000043958425,20.31428601699216,10.500000156462193,66.14285812846252,34.09999942779541,323.41
1995-08-07,29.300000436604023,19.98571458352464,10.000000149011612,63.01428665327175,0.0,323.28
1995-08-14,30.300000451505184,18.74285742214748,8.50000012665987,59.85714374908379,16.200000286102295,323.2
1995-08-21,29.60000044107437,18.58571456266301,10.600000157952309,74.70000111311674,9.900000274181366,323.11
1995-08-28,29.800000444054604,17.057143111314094,8.50000012665987,77.94285830429622,31.799999952316284,323.185
1995-09-04,17.30000025779009,10.957143020417009,6.900000102818012,83.9285726792046,125.89999967068434,323.26
1995-09-11,23.600000351667404,15.000000223517418,8.00000011920929,72.0000010728836,3.100000023841858,323.36
1995-09-18,23.100000344216824,14.285714498588018,6.900000102818012,77.27142972286258,2.100000001490116,323.34
1995-09-25,18.50000027567148,11.857143033828054,7.000000104308128,85.2428584130747,28.799999915063378,323.34
1995-10-02,17.80000026524067,9.385714425572328,2.7000000402331352,79.67142975862537,29.30000001192093,323.4
1995-10-09,24.8000003695488,15.142857368503298,7.900000117719173,79.38571546865361,0.400000013411045,323.36
1995-10-16,24.600000366568565,13.000000193715096,7.800000116229057,83.42857267175403,0.3000000044703483,323.32
1995-10-23,19.10000028461218,8.985714419611863,-1.700000025331974,79.2857154671635,5.299999952316284,323.22
1995-10-30,19.30000028759241,11.10000016540289,3.1000000461936,81.27142978246722,19.0999995470047,323.18
1995-11-06,10.500000156462193,2.385714321264199,-3.700000055134296,86.27142985697303,78.40000076591969,323.75
1995-11-13,11.60000017285347,3.814285771123001,-1.600000023841858,84.94285840860435,9.399999856948853,323.79
1995-11-20,12.000000178813934,3.4571429086583003,-4.700000070035458,84.2857155416693,26.60000032186508,323.81
1995-11-27,10.000000149011612,0.7714285829237529,-8.100000120699406,77.82857258830752,0.3000000044703483,323.79
1995-12-04,1.3000000193715096,-1.3142857338700975,-6.200000092387199,87.15714415588549,1.9999999701976776,323.77
1995-12-11,3.1000000461936,-2.414285750261375,-8.50000012665987,85.55714413204363,8.100000105798244,323.64
1995-12-18,2.7000000402331352,-1.9000000283122065,-6.500000096857548,86.3285727149674,6.899999894201756,323.6
1995-12-25,11.000000163912771,1.5714285948446818,-9.00000013411045,88.02857274029937,31.10000044107437,323.65
1996-01-01,1.3000000193715096,-6.185714377888611,-14.300000213086603,79.10000117868185,0.7000000104308128,323.64
1996-01-08,4.700000070035458,-3.942857201610293,-13.300000198185444,84.78571554911989,1.4999999925494194,323.6
1996-01-15,8.50000012665987,0.6000000089406966,-5.200000077486038,83.01428695129496,0.0,323.48
1996-01-22,3.500000052154064,-4.328571493072169,-10.500000156462193,79.95714404859713,0.0,323.4
1996-01-29,0.2000000029802322,-6.785714386829308,-13.100000195205212,75.84285827300378,0.2000000029802322,323.28
1996-02-05,3.9000000581145287,-4.157142919089113,-11.800000175833702,76.50000113993883,4.799999952316284,323.18
1996-02-12,5.000000074505806,-5.514285796454975,-16.50000024586916,70.9428581999881,0.3000000044703483,323.07
1996-02-19,5.4000000804662704,0.5142857219491687,-3.200000047683716,81.21428692447287,24.500000298023224,323.06
1996-02-26,11.000000163912771,-2.5571428952472552,-12.300000183284284,73.38571537924665,8.700000166893005,323.045
1996-03-04,11.500000171363354,-0.842857155416693,-8.50000012665987,77.60000115633011,6.199999816715717,323.03
1996-03-11,4.200000062584877,-1.028571443898337,-6.500000096857548,71.64285821041891,3.900000005960465,322.96
1996-03-18,7.500000111758709,-0.0857142869915281,-7.500000111758709,81.32857264046159,1.2000000029802322,322.94
1996-03-25,12.000000178813934,4.371428636567933,-4.200000062584877,80.14285833707878,7.600000061094761,322.96
1996-04-01,7.800000116229057,0.128571430487292,-6.70000009983778,74.18571539116758,20.69999966025352,323.07
1996-04-08,16.100000239908695,3.24285719117948,-4.500000067055225,84.74285840562412,8.200000122189522,323.11
1996-04-15,12.4000001847744,3.957142916108881,-4.200000062584877,75.62857255552497,10.500000208616257,323.18
1996-04-22,27.3000004068017,13.242857340191092,-0.6000000089406967,46.04285782894918,0.0,323.2
1996-04-29,26.80000039935112,12.657143045748985,2.800000041723252,64.44285810313055,12.099999904632568,323.13
1996-05-06,17.600000262260437,9.914285862020083,3.400000050663948,75.54285826853344,15.100000083446504,323.17
1996-05-13,10.900000162422655,7.457142968262945,3.1000000461936,90.97142992700849,20.100000150501728,323.2
1996-05-20,24.00000035762787,12.014285893312522,5.500000081956387,83.42857267175403,41.19999994337559,323.61
1996-05-27,21.50000032037497,12.585714473256044,4.200000062584877,74.17142967666898,29.70000024139881,323.645
1996-06-03,29.50000043958425,14.585714503058366,1.5000000223517418,73.3285725212523,3.100000001490116,323.68
1996-06-10,32.100000478327274,20.35714316048793,7.700000114738941,66.2714295589498,27.29999963194132,323.58
1996-06-17,29.000000432133675,15.957143094922817,6.500000096857548,67.50000100582838,2.0,323.5
1996-06-24,24.8000003695488,12.0428573223097,8.100000120699406,79.0428583206875,20.699999623000625,323.39
1996-07-01,21.000000312924385,14.214285926095076,6.200000092387199,75.14285826257297,20.20000024139881,323.35
1996-07-08,25.80000038444996,15.000000223517418,8.400000125169754,75.84285827300378,83.29999809712172,323.35
1996-07-15,25.600000381469727,15.885714522429875,9.100000135600569,79.24285832366773,20.399999529123303,323.71
1996-07-22,24.100000359117985,13.385714485176972,5.200000077486038,68.37142959024224,1.0,323.57
1996-07-29,27.3000004068017,17.58571454776185,8.800000131130219,74.85714397260121,20.60000053048134,323.45
1996-08-05,27.10000040382147,16.485714531370572,7.200000107288361,74.44285825214216,7.400000095367432,323.36
1996-08-12,26.600000396370888,17.37142883028303,7.500000111758709,75.31428683655602,14.899999618530272,323.27
1996-08-19,27.200000405311584,16.328571671886102,11.000000163912771,82.04285836539098,31.299999572336677,323.27
1996-08-26,27.3000004068017,18.242857414696896,11.800000175833702,73.3142868067537,17.599999822676182,323.2
1996-09-02,21.1000003144145,14.157143068100725,5.200000077486038,76.97142971839223,4.199999965727329,323.13
1996-09-09,19.60000029206276,11.10000016540289,6.200000092387199,81.32857264046159,22.10000007599592,323.08
1996-09-16,14.500000216066836,9.600000143051147,5.500000081956387,85.57142984654222,46.400000765919685,323.06
1996-09-23,15.900000236928465,9.44285728356668,5.000000074505806,84.84285840711424,6.200000047683716,323.09
1996-09-30,19.30000028759241,10.914285876921245,5.500000081956387,85.128572697086,18.099999621510506,323.05
1996-10-07,21.80000032484532,10.600000157952309,3.700000055134296,81.60000121593475,7.800000242888927,323.02
1996-10-14,20.60000030696392,10.485714441963603,3.700000055134296,85.88571556551116,2.5000000596046448,323.0
1996-10-21,19.500000290572643,9.842857289527144,4.500000067055225,91.0857156429972,51.400000005960464,323.08
1996-10-28,14.100000210106373,7.285714394279888,-0.800000011920929,82.31428694086415,2.200000032782554,323.135
1996-11-04,14.40000021457672,9.714285859039853,5.200000077486038,77.58571544183152,4.399999976158142,323.19
1996-11-11,14.000000208616257,7.914285832217762,1.600000023841858,76.10000113397837,10.300000049173832,323.13
1996-11-18,13.100000195205212,4.457142923559461,1.100000016391277,91.50000136345624,14.999999888241293,323.11
1996-11-25,7.400000110268593,1.4857143078531538,-2.500000037252903,77.90000116080046,7.199999809265137,323.13
1996-12-02,3.700000055134296,0.842857155416693,-1.80000002682209,88.88571561021465,19.899999916553497,323.11
1996-12-09,8.900000132620335,0.4285714349576404,-4.90000007301569,82.05714407988957,0.0,323.16
1996-12-16,3.9000000581145287,-0.6857142959322248,-7.300000108778477,88.97142989720616,10.099999621510504,323.18
1996-12-23,6.70000009983778,-3.400000050663948,-16.100000239908695,88.14285845628807,21.59999990463257,323.22
1996-12-30,-5.200000077486038,-11.38571445537465,-21.60000032186508,80.27142976756606,1.0000000149011612,323.2
1997-01-06,-4.000000059604645,-10.485714441963603,-20.000000298023224,88.00000131130219,3.100000001490116,323.15
1997-01-13,4.700000070035458,-6.328571522874491,-15.400000229477882,86.77142986442361,0.6000000089406967,323.06
1997-01-20,8.50000012665987,0.9285714424082212,-5.200000077486038,80.05714405008725,10.099999904632568,323.01
1997-01-27,8.00000011920929,1.528571451348918,-4.90000007301569,85.9571441380041,3.599999912083149,322.995
1997-02-03,4.500000067055225,-0.5714285799435207,-8.800000131130219,82.94285837880203,4.799999982118607,322.98
1997-02-10,11.000000163912771,4.057142917598997,-1.700000025331974,76.08571541947978,5.699999809265137,322.95
1997-02-17,10.30000015348196,3.071428617196424,-3.700000055134296,80.10000119358301,11.800000049173832,322.99
1997-02-24,13.800000205636024,6.514285811356136,0.9000000134110451,75.61428684102637,10.8000004068017,323.03
1997-03-03,17.80000026524067,7.328571537775653,0.5000000074505806,73.40000109374523,23.19999957084656,323.14
1997-03-10,16.600000247359276,6.328571522874491,-1.3000000193715096,78.4428583117468,1.5,323.18
1997-03-17,16.100000239908695,5.928571516914027,0.2000000029802322,85.25714412757328,23.800000309944156,323.17
1997-03-24,7.200000107288361,1.742857168827738,-3.9000000581145287,85.22857269857612,24.39999947696924,323.41
1997-03-31,14.100000210106373,6.028571518404143,0.2000000029802322,77.257144008364,11.300000190734863,323.51
1997-04-07,16.800000250339508,4.685714355536869,-4.500000067055225,71.92857250039067,14.899999737739565,323.46
1997-04-14,13.300000198185444,4.957142931010042,-4.200000062584877,68.75714388170412,14.000000193715096,323.48
1997-04-21,14.000000208616257,2.8857143287147795,-4.500000067055225,70.02857247207847,5.199999965727329,323.46
1997-04-28,16.100000239908695,8.385714410671167,-3.1000000461936,68.71428673820836,10.899999618530272,323.3
1997-05-05,23.100000344216824,12.428571613771576,3.400000050663948,76.74285828641483,11.600000336766245,323.32
1997-05-12,24.50000036507845,11.342857311878886,0.6000000089406967,64.47142953212771,17.40000009536743,323.23
1997-05-19,28.700000427663326,18.814285994640414,10.500000156462193,67.31428671734673,6.500000059604645,323.19
1997-05-26,23.80000035464764,11.400000169873238,0.2000000029802322,72.2428582193596,15.899999886751177,323.14
1997-06-02,17.50000026077032,9.885714433022908,1.3000000193715096,73.04285823128053,10.799999713897703,323.09
1997-06-09,25.30000037699937,16.542857389364922,5.4000000804662704,60.07142946656261,0.8999999761581421,323.02
1997-06-16,27.500000409781933,18.15714312770537,9.500000141561031,67.54285814932415,43.79999905824661,322.98
1997-06-23,19.30000028759241,13.028571622712272,7.000000104308128,77.05714400538376,14.200000025331974,322.95
1997-06-30,32.20000047981739,16.671428819852217,9.00000013411045,72.54285822382995,18.09999987483025,322.9
1997-07-07,25.30000037699937,16.014285952917167,9.400000140070915,76.7857154299106,9.999999910593033,322.85
1997-07-14,25.80000038444996,17.685714549251966,9.100000135600569,68.04285815677473,1.800000049173832,322.81
1997-07-21,23.600000351667404,15.828571664435524,10.500000156462193,88.65714417823723,124.09999990463255,323.01
1997-07-28,25.30000037699937,17.34285740128585,11.30000016838312,79.50000118464231,17.600000262260437,323.12
1997-08-04,25.100000374019142,16.771428821342333,9.400000140070915,76.92857257489648,21.89999967813492,323.23
1997-08-11,27.700000412762165,18.857143138136184,10.100000150501728,71.42857249294009,0.0,323.23
1997-08-18,29.800000444054604,19.371428860085352,11.800000175833702,68.98571531368154,11.199999816715716,323.18
1997-08-25,29.800000444054604,20.22857173000063,12.000000178813934,75.15714397707156,4.100000098347664,323.12
1997-09-01,29.300000436604023,18.471428846674307,11.400000169873238,73.6714296692184,19.599999822676185,323.04
1997-09-08,27.60000041127205,17.728571692747728,9.400000140070915,78.74285831621715,3.800000011920929,322.99
1997-09-15,26.00000038743019,12.68571447474616,3.200000047683716,71.4142867784415,17.000000156462193,322.94
1997-09-22,24.300000362098217,11.171428737895829,1.0000000149011612,73.27142966325793,0.1000000014901161,322.88
1997-09-29,21.80000032484532,11.10000016540289,2.3000000342726707,74.91428683059556,1.6000000089406967,322.82
1997-10-06,22.600000336766243,11.842857319329466,6.500000096857548,79.77142976011548,5.400000035762787,322.77
1997-10-13,23.80000035464764,12.81428590523345,5.500000081956387,77.61428687082869,43.19999980926514,322.75
1997-10-20,19.000000283122063,6.62857152734484,-0.2000000029802322,81.22857263897147,10.5,322.72
1997-10-27,9.600000143051147,1.9571428863065583,-4.200000062584877,78.9142868902002,4.5,322.69
1997-11-03,8.800000131130219,0.5428571509463446,-7.000000104308128,80.98571549249547,0.7000000178813934,322.66
1997-11-10,16.300000242888927,7.785714401730469,-3.500000052154064,69.84285818359682,2.0999999791383743,322.64
1997-11-17,12.500000186264517,4.714285784534046,-2.200000032782554,86.75714414992503,14.099999621510504,322.61
1997-11-24,5.500000081956387,0.7571428684251649,-8.00000011920929,84.67142983313117,1.100000023841858,322.58
1997-12-01,10.30000015348196,3.285714334675244,-2.0000000298023224,88.60000132024288,5.799999929964542,322.55
1997-12-08,5.500000081956387,0.4714285784534046,-3.000000044703484,90.40000134706496,23.400000393390656,322.53
1997-12-15,10.100000150501728,4.057142917598997,-5.900000087916851,86.92857272390809,28.600000455975533,322.59
1997-12-22,3.1000000461936,-1.7857143123235022,-10.900000162422655,85.27142984207187,9.299999803304672,322.62
1997-12-29,12.800000190734863,4.97142864550863,0.5000000074505806,81.71428693192345,5.799999862909317,322.65
1998-01-05,10.600000157952309,5.828571515423911,-0.6000000089406967,72.14285821786949,5.200000047683716,322.64
1998-01-12,13.500000201165676,7.157142963792596,1.3000000193715096,69.60000103712082,2.799999952316284,322.63
1998-01-19,11.500000171363354,4.700000070035458,0.2000000029802322,72.8428582283003,6.999999910593033,322.62
1998-01-26,4.500000067055225,-2.728571469230311,-11.30000016838312,90.18571562958616,15.80000014603138,322.62
1998-02-02,0.2000000029802322,-6.357142951871667,-18.30000027269125,78.15714402177504,8.600000023841858,322.62
1998-02-09,5.700000084936619,0.4714285784534046,-9.80000014603138,71.21428677546126,0.2000000029802322,322.6
1998-02-16,15.100000225007534,9.171428708093506,1.700000025331974,65.50000097602606,7.599999904632568,322.62
1998-02-23,17.600000262260437,6.471428667860372,0.5000000074505806,74.01428681718451,6.900000028312206,322.63
1998-03-02,10.600000157952309,5.814285800925323,-0.800000011920929,82.58571551633733,20.899999767541885,322.69
1998-03-09,18.0000002682209,6.142857234392848,-3.9000000581145287,73.17142966176782,29.199999928474423,322.78
1998-03-16,7.400000110268593,2.1857143182839667,-3.700000055134296,80.57142977203641,26.99999925494194,322.84
1998-03-23,8.800000131130219,2.6714286112359598,-4.700000070035458,75.98571541798967,12.3999999538064,323.04
1998-03-30,18.50000027567148,5.985714374908379,-6.200000092387199,64.57142953361783,0.1000000014901161,323.18
1998-04-06,20.80000030994416,11.02857159290995,5.000000074505806,70.14285818806717,5.600000098347664,323.17
1998-04-13,16.600000247359276,7.300000108778477,1.100000016391277,71.58571535242456,28.399999618530277,323.16
1998-04-20,15.100000225007534,6.642857241843428,-1.5000000223517418,67.6000010073185,0.4000000059604644,323.08
1998-04-27,22.500000335276127,12.24285732528993,0.800000011920929,68.54285816422531,4.400000125169754,323.065
1998-05-04,20.80000030994416,11.842857319329466,4.500000067055225,77.20000115036964,4.800000071525574,323.05
1998-05-11,27.10000040382147,15.371428800480706,3.200000047683716,62.61428664731128,0.6000000089406967,322.98
1998-05-18,27.60000041127205,13.957143065120492,2.200000032782554,62.8285723647901,0.3000000119209289,322.89
1998-05-25,21.50000032037497,10.600000157952309,4.000000059604645,76.52857256893601,20.000000342726707,322.87
1998-06-01,26.80000039935112,16.242857384894574,7.200000107288361,73.685715383717,22.300000190734863,322.8
1998-06-08,32.20000047981739,19.657143150057117,6.000000089406967,65.40000097453594,15.899999432265757,322.76
1998-06-15,24.8000003695488,14.04285735211202,3.700000055134296,75.4571439815419,58.90000128746033,322.78
1998-06-22,29.800000444054604,16.328571671886102,9.00000013411045,76.5428582834346,16.099999718368053,322.76
1998-06-29,27.10000040382147,18.0000002682209,10.30000015348196,71.78571535540479,5.90000007301569,322.74
1998-07-06,23.100000344216824,15.071428796010355,8.400000125169754,78.01428687678916,28.59999990463257,322.72
1998-07-13,25.100000374019142,13.97142877961908,8.100000120699406,83.07142980928931,51.69999976456165,322.82
1998-07-20,32.20000047981739,17.357143115784442,8.900000132620335,67.85714386829308,7.499999977648258,322.83
1998-07-27,33.5000004991889,20.41428601848228,10.600000157952309,69.65714389511517,38.09999930858612,322.825
1998-08-03,25.50000037997961,17.100000254809856,9.400000140070915,75.31428683655602,26.89999931305647,322.82
1998-08-10,30.600000455975533,19.02857171211924,8.800000131130219,63.14285808375904,1.0,322.85
1998-08-17,34.70000051707029,19.60000029206276,9.400000140070915,67.75714386680296,18.299999713897705,322.85
1998-08-24,27.000000402331352,15.671428804951054,8.400000125169754,70.38571533454316,15.200000405311586,322.83
1998-08-31,16.600000247359276,11.485714456864766,7.700000114738941,80.0000011920929,20.50000025331974,322.78
1998-09-07,21.80000032484532,15.328571656984945,5.4000000804662704,79.57142975713525,22.40000076591969,322.76
1998-09-14,24.100000359117985,14.285714498588018,5.000000074505806,80.07142976458583,37.20000000298023,322.8
1998-09-21,17.600000262260437,11.000000163912771,5.4000000804662704,86.12857271198716,43.100000858306885,322.95
1998-09-28,20.60000030696392,12.31428589778287,5.500000081956387,83.05714409479073,0.0,323.02
1998-10-05,18.6000002771616,8.557142984654222,3.200000047683716,89.55714419164828,18.700000770390037,323.02
1998-10-12,13.100000195205212,8.71428584413869,5.200000077486038,88.5857156057443,29.099999822676185,323.12
1998-10-19,19.10000028461218,10.22857158098902,0.5000000074505806,79.71428690212113,9.299999959766865,323.18
1998-10-26,17.600000262260437,9.614285857549737,0.5000000074505806,74.42857253764357,14.799999952316284,323.25
1998-11-02,14.600000217556952,6.314285808375904,2.7000000402331352,81.00000120699406,42.49999976158142,323.32
1998-11-09,10.000000149011612,5.442857223962035,-0.2000000029802322,81.81428693341357,16.100000083446503,323.48
1998-11-16,10.500000156462193,2.928571472210544,-3.000000044703484,89.72857276563134,25.59999997913837,323.65
1998-11-23,0.6000000089406967,-3.828571485621589,-13.800000205636024,86.72857272092786,7.799999989569187,323.78
1998-11-30,3.400000050663948,-0.1285714304872921,-5.700000084936619,89.50000133365393,1.3000000342726707,323.67
1998-12-07,0.4000000059604645,-2.985714330204896,-6.500000096857548,84.17142982568059,16.300000429153442,323.59
1998-12-14,8.00000011920929,-1.671428596334798,-12.600000187754633,82.12857265238252,7.699999786913395,323.6
1998-12-21,9.500000141561031,3.8714286291173527,-1.600000023841858,79.80000118911266,8.999999955296516,323.62
1998-12-28,12.800000190734863,3.942857201610293,-3.200000047683716,75.44285826704332,1.899999976158142,323.595
1999-01-04,10.30000015348196,2.842857185219015,-3.1000000461936,78.40000116825104,0.5,323.57
1999-01-11,13.300000198185444,4.457142923559461,-2.200000032782554,80.1285726225802,16.29999978840351,323.5
1999-01-18,12.500000186264517,3.328571478171008,-3.9000000581145287,72.15714393236807,2.600000075995922,323.39
1999-01-25,11.60000017285347,4.457142923559461,-0.800000011920929,75.91428684549672,5.1999999061226845,323.36
1999-02-01,9.00000013411045,-2.3142857487712587,-14.40000021457672,85.20000126957893,21.89999983459711,323.3
1999-02-08,6.500000096857548,1.3571428773658616,-3.200000047683716,85.77142984952245,35.299999475479126,323.5
1999-02-15,1.3000000193715096,-5.385714365967682,-14.600000217556952,81.0571440649884,11.100000128149986,323.53
1999-02-22,5.500000081956387,1.2285714468785696,-2.200000032782554,84.81428697811705,25.999999195337296,323.83
1999-03-01,11.000000163912771,3.0142857592020715,-3.9000000581145287,77.22857257936683,29.0999995470047,323.99
1999-03-08,12.500000186264517,5.04285721800157,-2.600000038743019,79.77142976011548,13.600000195205212,324.22
1999-03-15,15.000000223517418,4.628571497542517,-3.9000000581145287,77.9571440187948,7.70000009983778,324.2
1999-03-22,9.600000143051147,2.8142857562218397,-3.700000055134296,78.77142974521432,7.499999932944775,324.27
1999-03-29,20.000000298023224,7.442857253764357,1.3000000193715096,79.08571546418327,13.300000041723251,324.01
1999-04-05,17.80000026524067,9.700000144541264,1.3000000193715096,72.2428582193596,15.39999982714653,323.94
1999-04-12,18.100000269711018,9.485714427062444,3.9000000581145287,74.62857254062381,15.400000095367432,323.93
1999-04-19,11.60000017285347,4.571428639548166,-0.6000000089406967,75.2142868350659,18.90000007301569,323.89
1999-04-26,18.6000002771616,9.614285857549737,-0.9000000134110451,74.08571538967746,2.000000014901161,323.82
1999-05-03,20.10000029951334,10.88571444792407,2.1000000312924385,73.94285824469158,2.5999999046325684,323.75
1999-05-10,22.100000329315662,13.057143051709447,4.200000062584877,60.64285804650613,15.999999582767485,323.61
1999-05-17,19.30000028759241,11.542857314859118,2.0000000298023224,70.97142962898526,12.500000096857548,323.52
1999-05-24,22.600000336766243,14.328571642083782,4.700000070035458,67.34285814634391,24.40000033378601,323.38
1999-05-31,29.50000043958425,18.15714312770537,8.50000012665987,67.45714386233261,17.29999981075525,323.28
1999-06-07,28.300000421702865,16.257143099393165,8.100000120699406,69.12857245866742,11.800000123679638,323.23
1999-06-14,20.60000030696392,13.742857347641673,7.000000104308128,77.04285829088518,23.59999966621399,323.17
1999-06-21,22.600000336766243,14.48571450156825,9.400000140070915,77.30000115185976,57.90000057220459,323.24
1999-06-28,23.600000351667404,14.157143068100725,4.700000070035458,73.41428680824382,23.199999421834946,323.2
1999-07-05,32.20000047981739,20.67142887945686,8.600000128149986,67.85714386829308,37.90000081807375,323.24
1999-07-12,27.000000402331352,18.22857170019831,13.90000020712614,81.58571550143617,37.50000058114529,323.54
1999-07-19,30.300000451505184,18.785714565643243,9.80000014603138,69.40000103414059,39.30000001192093,323.59
1999-07-26,26.30000039190054,18.02857169721808,10.500000156462193,72.27142964835677,13.600000113248823,323.52
1999-08-02,27.000000402331352,18.08571455521243,8.800000131130219,60.50000090152025,0.1000000014901161,323.45
1999-08-09,28.50000042468309,20.10000029951334,11.60000017285347,63.128572369260446,4.199999928474426,323.38
1999-08-16,23.100000344216824,15.257143084492002,6.800000101327896,73.65714395471981,25.20000024139881,323.25
1999-08-23,23.100000344216824,14.742857362542834,4.400000065565109,68.17142958726201,7.600000023841858,323.15
1999-08-30,27.3000004068017,16.614285961857863,5.700000084936619,71.61428678142173,10.799999833106996,323.06
1999-09-06,25.50000037997961,15.242857369993414,6.500000096857548,76.70000114291906,10.000000193715096,322.98
1999-09-13,28.80000042915344,18.31428598718984,11.400000169873238,70.11428675906998,1.100000023841858,322.95
1999-09-20,28.50000042468309,18.071428840713843,8.50000012665987,67.67142957981143,8.800000011920929,322.89
1999-09-27,23.500000350177288,16.2142859558974,11.800000175833702,77.12857257787671,7.000000096857548,322.86
1999-10-04,18.80000028014183,13.314285912684031,8.300000123679638,77.08571543438094,10.900000050663948,322.83
1999-10-11,16.600000247359276,10.314285867980548,5.700000084936619,83.50000124424696,19.99999997019768,322.76
1999-10-18,13.40000019967556,5.171428648488862,-2.200000032782554,82.45714408585003,5.000000096857548,322.73
1999-10-25,16.00000023841858,6.728571528834956,-2.3000000342726707,77.65714401432446,12.499999858438969,322.7
1999-11-01,17.00000025331974,10.957143020417009,2.1000000312924385,73.442858237241,1.2000000104308128,322.65
1999-11-08,15.600000232458116,6.84285724482366,-1.100000016391277,83.2142869542752,33.40000031143427,322.61
1999-11-15,6.000000089406967,2.2428571762783185,-3.700000055134296,91.28571564597743,27.89999921619892,322.64
1999-11-22,2.1000000312924385,-1.028571443898337,-6.900000102818012,83.64285838923284,8.900000005960464,322.64
1999-11-29,9.900000147521496,3.685714340635709,-1.80000002682209,80.37142976905618,0.8000000193715096,322.62
1999-12-06,8.300000123679638,4.100000061094761,-2.1000000312924385,74.55714396813086,7.299999907612801,322.6
1999-12-13,10.80000016093254,5.642857226942267,1.3000000193715096,76.4285725674459,4.300000101327896,322.59
1999-12-20,3.9000000581145287,-0.3714285769632884,-4.000000059604645,82.57142980183873,13.100000217556952,322.57
1999-12-27,6.70000009983778,0.7857142974223409,-8.00000011920929,75.97142970349107,18.799999624490734,322.575
2000-01-03,3.9000000581145287,1.0714285873941012,-2.1000000312924385,87.24285844287702,11.000000149011612,322.58
2000-01-10,6.70000009983778,3.0428571881992474,-1.80000002682209,83.95714410820177,6.299999967217445,322.63
2000-01-17,5.200000077486038,-1.028571443898337,-8.00000011920929,82.95714409330061,17.299999833106995,322.64
2000-01-24,5.200000077486038,-2.1285714602896144,-13.600000202655792,83.52857267324414,26.900000743567944,322.68
2000-01-31,8.800000131130219,0.5857142944421087,-14.000000208616257,77.91428687529904,20.00000011920929,322.75
2000-02-07,13.800000205636024,6.41428580986602,0.1000000014901161,76.34285828045437,7.89999982714653,322.88
2000-02-14,10.80000016093254,3.828571485621589,-3.200000047683716,73.52857252423253,13.700000025331974,322.96
2000-02-21,7.500000111758709,1.3285714483686857,-4.400000065565109,83.81428696321589,17.100000098347664,323.1
2000-02-28,15.900000236928465,3.857142914618765,-5.900000087916851,77.55714401283434,20.699999928474423,323.38
2000-03-06,12.000000178813934,2.928571472210544,-2.200000032782554,75.24285826406309,18.399999618530277,323.58
2000-03-13,12.500000186264517,6.214285806885788,1.0000000149011612,79.61428690063101,39.60000038146973,323.88
2000-03-20,9.600000143051147,2.542857180748667,-2.200000032782554,82.21428693937403,52.59999914467335,324.34
2000-03-27,16.00000023841858,7.085714391299656,0.2000000029802322,78.72857260171857,17.600000478327274,324.42
2000-04-03,17.100000254809856,6.057142947401319,1.100000016391277,80.17142976607595,12.400000169873238,324.5
2000-04-10,15.900000236928465,5.285714364477566,-1.80000002682209,72.44285822233984,5.90000007301569,324.44
2000-04-17,21.1000003144145,8.28571440918105,-1.3000000193715096,68.57142959322248,11.699999906122684,324.37
2000-04-24,27.60000041127205,14.657143075551303,5.000000074505806,68.94285817018577,7.299999810755253,324.23
2000-05-01,23.80000035464764,16.04285738191434,5.900000087916851,72.15714393236807,26.40000057220459,324.04
2000-05-08,25.600000381469727,16.228571670395986,6.800000101327896,61.271429484444006,6.100000202655792,323.91
2000-05-15,26.80000039935112,16.91428596632821,4.90000007301569,60.98571519447224,0.0,323.75
2000-05-22,28.60000042617321,13.028571622712272,5.500000081956387,73.97142967368875,22.80000038444996,323.61
2000-05-29,21.80000032484532,14.40000021457672,5.700000084936619,66.30000098794699,5.900000095367432,323.41
2000-06-05,28.60000042617321,17.385714544781617,4.400000065565109,66.31428670244557,27.29999933391809,323.3
2000-06-12,31.300000466406345,17.742857407246316,6.70000009983778,69.11428674416882,5.499999910593033,323.22
2000-06-19,31.000000461936,16.9285716808268,5.4000000804662704,64.88571525258678,9.5,323.14
2000-06-26,35.200000524520874,18.64285742065736,9.100000135600569,61.52857234541859,19.700000442564487,323.09
2000-07-03,25.600000381469727,15.228571655494829,5.700000084936619,65.37142954553876,8.699999928474426,323.04
2000-07-10,24.600000366568565,15.100000225007534,9.500000141561031,79.72857261661973,45.99999964237213,322.99
2000-07-17,19.30000028759241,13.18571448219674,7.000000104308128,76.38571542395013,23.69999996572733,322.96
2000-07-24,23.600000351667404,14.685714504548482,8.50000012665987,77.40000115334988,3.699999943375588,322.9
2000-07-31,22.600000336766243,16.671428819852217,12.10000018030405,77.57142972733293,24.69999974966049,322.84
2000-08-07,27.200000405311584,17.842857408736432,10.000000149011612,69.47142960663352,5.900000035762787,322.8
2000-08-14,31.10000046342612,19.02857171211924,10.600000157952309,67.04285814187357,1.5999999642372131,322.77
2000-08-21,31.000000461936,21.485714605876375,14.100000210106373,65.54285811952182,44.40000066906214,322.72
2000-08-28,24.50000036507845,15.742857377443997,7.200000107288361,70.25714390405587,12.900000169873238,322.71
2000-09-04,22.800000339746475,14.571428788559777,9.80000014603138,79.38571546865361,20.99999964237213,322.7
2000-09-11,24.300000362098217,14.800000220537186,8.00000011920929,79.72857261661973,10.799999833106996,322.68
2000-09-18,26.700000397861004,15.442857372973648,10.000000149011612,78.71428688721997,13.90000021457672,322.67
2000-09-25,18.50000027567148,10.757143017436777,2.7000000402331352,84.2857155416693,11.99999953061342,322.63
2000-10-02,24.100000359117985,15.357143085982118,9.400000140070915,76.55714399793318,19.200000382959843,322.61
2000-10-09,19.80000029504299,10.985714449414186,6.200000092387199,87.52857273284879,28.400000669062138,322.6
2000-10-16,21.50000032037497,12.442857328270165,4.400000065565109,80.74285834601947,1.500000037252903,322.61
2000-10-23,19.10000028461218,9.628571572048324,2.3000000342726707,82.65714408883026,0.6000000089406967,322.58
2000-10-30,15.300000227987766,10.985714449414186,6.000000089406967,75.42857255254474,11.799999676644802,322.56
2000-11-06,14.600000217556952,7.842857259724822,1.100000016391277,77.32857258085694,7.299999885261059,322.53
2000-11-13,13.90000020712614,7.342857252274241,1.700000025331974,71.32857249144998,0.1000000014901161,322.5
2000-11-20,10.000000149011612,4.97142864550863,0.5000000074505806,83.54285838774273,17.200000047683716,322.48
2000-11-27,10.400000154972076,5.471428652959211,1.80000002682209,85.70000127702951,11.299999929964542,322.47
2000-12-04,13.600000202655792,6.62857152734484,0.800000011920929,87.28571558637279,6.899999812245369,322.46
2000-12-11,12.800000190734863,7.242857250784125,1.3000000193715096,79.65714404412678,4.699999958276749,322.41
2000-12-18,12.90000019222498,5.357142936970506,-0.5000000074505806,77.31428686635834,4.799999944865704,322.43
2000-12-25,5.900000087916851,-1.9571428863065583,-11.800000175833702,76.4285725674459,1.100000001490116,322.42
2001-01-01,6.200000092387199,0.5000000074505806,-8.00000011920929,80.3571440545576,4.199999935925007,322.38
2001-01-08,11.000000163912771,5.114285790494511,-0.800000011920929,79.57142975713525,1.8000000566244123,322.36
2001-01-15,3.500000052154064,-2.385714321264199,-10.400000154972076,84.31428697066647,2.400000095367432,322.32
2001-01-22,3.000000044703484,-2.400000035762787,-10.400000154972076,81.25714406796864,4.600000001490116,322.3
2001-01-29,8.600000128149986,2.9428571867091318,-1.700000025331974,80.31428691106183,7.600000061094761,322.27
2001-02-05,8.800000131130219,0.4428571494562285,-5.000000074505806,88.61428703474147,20.699999764561653,322.3
2001-02-12,15.400000229477882,7.371428681271417,-2.600000038743019,68.77142959620271,4.599999964237213,322.28
2001-02-19,13.000000193715096,2.385714321264199,-3.6000000536441803,82.52857265834298,1.2000000327825546,322.27
2001-02-26,5.900000087916851,-0.9285714424082212,-13.40000019967556,80.57142977203641,17.699999809265137,322.26
2001-03-05,6.000000089406967,0.0,-7.700000114738941,79.6428583296282,10.700000196695328,322.25
2001-03-12,14.600000217556952,6.914285817316601,-5.500000081956387,79.54285832813808,20.50000038743019,322.34
2001-03-19,11.900000177323818,5.142857219491686,0.0,84.62857268963542,19.299999952316284,322.5
2001-03-26,14.100000210106373,3.214285762182304,-2.7000000402331352,86.75714414992503,36.39999981224537,322.57
2001-04-02,19.80000029504299,5.757142942930971,-4.500000067055225,73.51428680973393,3.799999944865704,322.64
2001-04-09,19.60000029206276,8.757142987634454,3.6000000536441803,74.32857253615346,8.700000166893005,322.66
2001-04-16,11.800000175833702,3.928571487111705,-1.700000025331974,84.24285839817354,23.799999833106995,322.68
2001-04-23,12.90000019222498,3.928571487111705,-1.80000002682209,80.54285834303924,10.600000083446504,322.71
2001-04-30,23.600000351667404,11.471428742366175,3.200000047683716,72.1285725033709,8.800000011920929,322.74
2001-05-07,27.80000041425228,13.000000193715096,5.200000077486038,79.17142975117478,17.100000120699406,322.74
2001-05-14,24.8000003695488,14.1857144970979,4.90000007301569,67.2428581448538,0.0,322.77
2001-05-21,22.500000335276127,13.728571633143083,4.90000007301569,72.1142867888723,2.400000035762787,322.72
2001-05-28,24.100000359117985,15.528571659965175,4.400000065565109,63.985715239175725,6.899999976158142,322.705
2001-06-04,23.80000035464764,12.285714468785695,5.4000000804662704,77.52857258383717,32.29999941587448,322.69
2001-06-11,19.30000028759241,12.257143039788518,6.000000089406967,81.98571550739663,20.300000190734863,322.67
2001-06-18,25.100000374019142,15.157143083001886,6.900000102818012,76.22857256446567,25.700000166893005,322.64
2001-06-25,23.600000351667404,14.271428784089428,8.300000123679638,77.30000115185976,16.299999713897705,322.63
2001-07-02,29.10000043362379,18.528571704668657,9.900000147521496,74.0428582461817,8.800000190734863,322.61
2001-07-09,29.50000043958425,18.900000281631947,10.100000150501728,71.64285821041891,61.50000143051148,322.63
2001-07-16,25.700000382959843,16.87142882283245,11.10000016540289,74.88571540159839,40.100000374019146,322.68
2001-07-23,26.30000039190054,16.37142881538187,7.000000104308128,73.84285824320146,2.100000001490116,322.77
2001-07-30,30.200000450015068,21.17142888690744,13.100000195205212,65.67142955000911,0.2000000029802322,322.82
2001-08-06,30.600000455975533,19.17142885710512,10.000000149011612,71.02857248697963,14.900000363588331,322.81
2001-08-13,24.100000359117985,17.51428597526891,7.700000114738941,64.92857239608254,4.000000081956387,322.76
2001-08-20,34.1000005081296,22.31428604679448,14.300000213086603,68.84285816869566,19.700000435113907,322.71
2001-08-27,30.800000458955765,20.22857173000063,11.500000171363354,76.14285827747413,5.300000190734863,322.66
2001-09-03,23.80000035464764,15.114285939506122,6.000000089406967,72.65714393981865,16.40000043064356,322.61
2001-09-10,17.50000026077032,11.728571603340765,7.200000107288361,84.71428697662694,54.99999988079071,322.55
2001-09-17,15.300000227987766,10.785714446433952,7.400000110268593,84.10000125318766,16.09999956190586,322.59
2001-09-24,17.80000026524067,10.94285730591842,3.6000000536441803,82.12857265238252,17.400000050663948,322.64
2001-10-01,19.500000290572643,12.842857334230628,5.500000081956387,87.7428584503276,22.59999990463257,322.57
2001-10-08,24.100000359117985,14.571428788559777,5.700000084936619,81.45714407094887,21.80000052601099,322.61
2001-10-15,24.00000035762787,13.671428775148732,6.900000102818012,74.0428582461817,0.0,322.62
2001-10-22,19.000000283122063,10.671428730445248,4.500000067055225,86.10000128298998,9.000000357627869,322.63
2001-10-29,14.900000222027302,10.242857295487608,5.900000087916851,87.64285844883749,10.300000049173832,322.51
2001-11-05,18.80000028014183,8.542857270155634,0.5000000074505806,79.44285832664796,9.400000125169754,322.56
2001-11-12,8.800000131130219,2.9428571867091318,-5.700000084936619,87.8571441663163,54.59999918937683,322.7
2001-11-19,6.000000089406967,1.7857143123235022,-3.1000000461936,90.98571564150708,4.800000108778477,322.82
2001-11-26,6.500000096857548,2.95714290120772,-1.3000000193715096,89.94285848311016,26.699999451637268,322.905
2001-12-03,7.500000111758709,3.185714333185128,-3.700000055134296,88.92857275371041,6.999999895691872,322.99
2001-12-10,7.200000107288361,1.8428571703178545,-5.4000000804662704,89.35714418866804,27.899999737739563,323.11
2001-12-17,2.3000000342726707,-3.728571484131472,-14.000000208616257,88.77142989422593,12.49999999254942,323.34
2001-12-24,2.200000032782554,-3.085714331695012,-12.10000018030405,83.74285839072296,30.299999237060547,323.46
2001-12-31,4.500000067055225,-0.5142857219491687,-7.500000111758709,83.2142869542752,27.7999999076128,323.32
2002-01-07,1.100000016391277,-5.485714367457798,-17.30000025779009,82.80000123381615,6.40000007301569,323.4
2002-01-14,2.200000032782554,-2.842857185219015,-10.400000154972076,87.78571559382337,0.5000000149011611,323.41
2002-01-21,7.300000108778477,-0.3428571479661124,-9.600000143051147,84.31428697066647,2.9999999552965164,323.42
2002-01-28,12.600000187754633,7.171428678291185,1.0000000149011612,74.2714296781591,12.300000011920927,323.57
2002-02-04,16.300000242888927,9.385714425572328,4.000000059604645,61.82857234988894,0.1000000014901161,323.72
2002-02-11,11.800000175833702,7.3571429667728285,1.80000002682209,77.91428687529904,8.999999850988388,323.71
2002-02-18,12.300000183284284,3.228571476680892,-4.500000067055225,75.42857255254474,22.199999809265137,323.8
2002-02-25,6.200000092387199,1.4142857353602136,-6.200000092387199,83.71428696172578,29.50000035762787,323.87
2002-03-04,10.000000149011612,3.7571429131286487,-2.3000000342726707,74.84285825810262,8.899999916553497,324.07
2002-03-11,16.00000023841858,6.157142948891435,-2.3000000342726707,66.2857152734484,3.1000000536441803,324.04
2002-03-18,18.6000002771616,6.928571531815188,0.0,76.12857256297555,7.5000001192092896,323.92
2002-03-25,12.800000190734863,4.028571488601821,-1.5000000223517418,85.55714413204363,37.09999952465296,323.85
2002-04-01,18.80000028014183,4.714285784534046,-6.200000092387199,68.75714388170412,0.0,323.94
2002-04-08,17.00000025331974,4.942857216511454,-4.700000070035458,59.50000088661909,0.0,323.79
2002-04-15,11.800000175833702,5.971428660409791,-3.000000044703484,79.02857260618892,30.00000023841858,323.71
2002-04-22,15.300000227987766,8.042857262705054,1.0000000149011612,78.94285831919738,0.5000000149011611,323.63
2002-04-29,18.0000002682209,10.22857158098902,3.400000050663948,75.72857255701508,13.500000387430193,323.61
2002-05-06,20.30000030249357,11.485714456864766,6.000000089406967,79.35714403965643,22.900000244379044,323.51
2002-05-13,25.100000374019142,15.685714519449643,8.100000120699406,75.47142969604049,27.000000573694702,323.45
2002-05-20,26.30000039190054,15.585714517959527,8.300000123679638,69.32857246164765,7.400000095367432,323.49
2002-05-27,26.30000039190054,14.771428791540009,6.500000096857548,79.20000118017197,28.900000870227817,323.43
2002-06-03,23.500000350177288,14.04285735211202,4.500000067055225,68.94285817018577,5.3999998569488525,323.37
2002-06-10,25.600000381469727,16.314285957387515,11.000000163912771,78.90000117570162,31.299999713897705,323.34
2002-06-17,28.80000042915344,17.742857407246316,9.500000141561031,74.14285824767181,12.900000289082527,323.31
2002-06-24,32.70000048726797,20.842857453439915,13.600000202655792,74.94285825959274,18.099999621510506,323.26
2002-07-01,25.100000374019142,16.485714531370572,7.900000117719173,60.0857151810612,0.9000000134110451,323.23
2002-07-08,29.200000435113907,17.842857408736432,10.30000015348196,66.55714384892157,1.2000000476837158,323.11
2002-07-15,32.70000048726797,19.72857172255005,10.900000162422655,71.51428677993161,21.000000834465027,323.04
2002-07-22,26.80000039935112,17.01428596781833,12.300000183284284,77.1428582923753,59.699999526143074,323.1
2002-07-29,30.800000458955765,18.0000002682209,10.400000154972076,71.08571534497398,4.499999895691872,323.11
2002-08-05,31.10000046342612,20.31428601699216,12.300000183284284,73.70000109821558,35.399998880922794,323.12
2002-08-12,25.100000374019142,17.571428833263262,11.000000163912771,85.70000127702951,187.60000324249268,324.06
2002-08-19,29.300000436604023,18.657143135155952,13.90000020712614,79.24285832366773,2.5000000596046448,324.1
2002-08-26,29.10000043362379,19.70000029355288,12.90000019222498,74.70000111311674,29.200000762939457,324.045
2002-09-02,28.200000420212746,17.828571694237844,7.000000104308128,78.38571545375245,28.20000095665455,323.99
2002-09-09,26.100000388920307,16.814285964838096,7.800000116229057,76.04285827598402,10.800000190734863,323.93
2002-09-16,20.000000298023224,13.057143051709447,4.400000065565109,79.61428690063101,23.299999572336677,323.84
2002-09-23,18.100000269711018,11.771428746836524,6.000000089406967,82.72857266132321,7.099999859929085,323.74
2002-09-30,17.100000254809856,8.57142869915281,3.400000050663948,81.94285836390087,19.700000405311584,323.56
2002-10-07,19.000000283122063,10.185714437493257,3.400000050663948,83.90000125020742,27.900000631809235,323.51
2002-10-14,13.40000019967556,5.542857225452151,0.9000000134110451,83.12857266728368,1.3000000417232511,323.45
2002-10-21,14.500000216066836,8.542857270155634,0.800000011920929,81.44285835645029,29.99999973922968,323.53
2002-10-28,15.000000223517418,9.600000143051147,2.1000000312924385,74.75714397111109,16.600000202655792,323.54
2002-11-04,10.900000162422655,6.171428663390024,0.1000000014901161,86.72857272092786,27.100000210106373,323.55
2002-11-11,8.50000012665987,2.271428605275495,-5.200000077486038,82.21428693937403,32.700000286102295,323.66
2002-11-18,13.100000195205212,7.657142971243177,2.200000032782554,81.08571549398559,11.500000216066836,323.92
2002-11-25,11.800000175833702,4.97142864550863,-0.2000000029802322,88.2285727432796,42.0999998152256,324.17
2002-12-02,9.900000147521496,5.757142942930971,0.5000000074505806,89.95714419760874,33.999999806284904,324.47
2002-12-09,4.500000067055225,-1.628571452839034,-10.500000156462193,90.68571563703674,1.7999999672174454,324.53
2002-12-16,3.9000000581145287,-4.800000071525574,-13.100000195205212,81.98571550739663,2.700000062584877,324.5
2002-12-23,5.500000081956387,-0.2285714319774082,-7.000000104308128,92.9714299568108,24.300000622868534,324.33
2002-12-30,10.100000150501728,3.371428621666772,-1.3000000193715096,86.12857271198716,39.60000057518482,324.55
2003-01-06,9.100000135600569,-0.1857142884816442,-10.30000015348196,86.41428700195891,26.399999618530277,324.71
2003-01-13,0.1000000014901161,-8.542857270155634,-16.600000247359276,88.00000131130219,19.89999930560589,324.67
2003-01-20,6.800000101327896,2.542857180748667,-1.3000000193715096,81.0571440649884,0.7000000104308128,324.7
2003-01-27,6.900000102818012,2.1571428892867908,-1.100000016391277,88.27142988677535,21.899999856948853,324.705
2003-02-03,7.800000116229057,-0.9285714424082212,-8.50000012665987,86.11428699748856,25.90000013262033,324.71
2003-02-10,1.80000002682209,-2.857142899717604,-11.500000171363354,85.87142985101256,10.199999786913397,324.68
2003-02-17,-0.5000000074505806,-7.171428678291185,-15.600000232458116,81.4285726419517,1.4999999552965164,324.52
2003-02-24,8.50000012665987,-4.028571488601821,-13.800000205636024,81.3000012114644,0.0,324.32
2003-03-03,12.300000183284284,3.957142916108881,-7.400000110268593,70.65714391001633,3.100000023841858,324.15
2003-03-10,15.000000223517418,4.414285780063698,-0.5000000074505806,78.64285831472704,7.199999965727329,324.13
2003-03-17,14.500000216066836,3.300000049173832,-3.200000047683716,78.3285725957581,12.700000382959844,324.08
2003-03-24,15.900000236928465,3.400000050663948,-5.200000077486038,63.01428665327175,0.0,324.11
2003-03-31,16.800000250339508,8.771428702133042,0.5000000074505806,69.0285724571773,3.900000013411045,323.88
2003-04-07,15.300000227987766,3.342857192669596,-5.200000077486038,70.4571439070361,13.399999871850014,323.74
2003-04-14,17.30000025779009,3.185714333185128,-7.700000114738941,65.27142954404864,2.000000052154064,323.6
2003-04-21,20.000000298023224,9.742857288037028,1.3000000193715096,64.72857239310231,15.300000190734863,323.52
2003-04-28,24.300000362098217,13.085714480706624,2.7000000402331352,58.98571516466992,8.000000096857548,323.39
2003-05-05,30.00000044703484,15.357143085982118,4.200000062584877,54.90000081807375,0.2000000029802322,323.32
2003-05-12,27.200000405311584,15.600000232458116,7.500000111758709,76.3000011369586,21.89999967813492,323.22
2003-05-19,19.60000029206276,11.357143026377472,1.80000002682209,75.04285826108286,21.500000171363357,323.19
2003-05-26,28.10000041872263,15.114285939506122,5.900000087916851,72.01428678738219,3.600000098347664,323.17
2003-06-02,28.00000041723252,18.22857170019831,11.000000163912771,65.54285811952182,1.0,323.15
2003-06-09,30.70000045746565,21.25714317389897,11.30000016838312,65.20000097155571,3.300000101327897,323.09
2003-06-16,30.600000455975533,20.114286014011928,9.3000001385808,64.08571524066585,6.600000098347664,323.02
2003-06-23,32.600000485777855,17.885714552232198,6.500000096857548,66.97142956938062,22.80000028759241,322.96
2003-06-30,27.3000004068017,18.88571456713336,8.600000128149986,63.57142951871668,14.699999809265137,322.89
2003-07-07,21.1000003144145,15.457143087472234,11.900000177323818,79.6428583296282,24.89999983459711,322.85
2003-07-14,25.80000038444996,17.014285967818328,7.500000111758709,66.38571527493852,5.400000095367432,322.84
2003-07-21,33.30000049620867,22.0571431858199,10.80000016093254,59.05714373716286,12.800000049173832,322.78
2003-07-28,33.70000050216913,20.7428574519498,13.800000205636024,71.80000106990337,21.49999985843897,322.76
2003-08-04,32.80000048875809,21.97142889882837,11.30000016838312,67.9571438697832,0.9000000134110451,322.74
2003-08-11,32.30000048130751,23.185714631208352,12.600000187754633,50.314286464027,0.0,322.69
2003-08-18,37.10000055283308,21.514286034873557,8.400000125169754,55.15714367904833,10.600000083446504,322.65
2003-08-25,27.60000041127205,18.74285742214748,10.80000016093254,65.40000097453594,1.9999999776482584,322.56
2003-09-01,26.100000388920307,15.328571656984945,8.50000012665987,69.57142960812364,16.399999976158142,322.5
2003-09-08,24.100000359117985,14.057143066610609,2.1000000312924385,68.67142959471259,12.699999570846556,322.44
2003-09-15,20.60000030696392,12.90000019222498,7.800000116229057,85.40000127255917,43.600000113248825,322.44
2003-09-22,29.000000432133675,17.600000262260437,7.900000117719173,63.81428666519268,0.0,322.4
2003-09-29,21.60000032186508,11.685714459844998,1.80000002682209,74.71428682761533,10.599999912083147,322.42
2003-10-06,17.80000026524067,10.414285869470664,3.400000050663948,82.28571551186698,13.79999965429306,322.4
2003-10-13,13.300000198185444,7.942857261214938,-1.100000016391277,83.84285839221307,30.39999923110008,322.36
2003-10-20,10.30000015348196,2.9142857577119554,-3.500000052154064,81.31428692596299,0.5,322.39
2003-10-27,5.000000074505806,1.8857143138136183,-3.1000000461936,85.87142985101256,7.699999891221523,322.385
2003-11-03,12.300000183284284,6.642857241843428,-3.000000044703484,76.28571542246002,10.700000122189522,322.38
2003-11-10,12.000000178813934,4.400000065565109,-1.3000000193715096,84.57142983164105,0.3000000044703483,322.33
2003-11-17,8.900000132620335,3.271428620176656,-4.200000062584877,81.50000121444464,5.699999839067459,322.29
2003-11-24,15.100000225007534,8.671428700642926,4.000000059604645,79.45714404114655,0.0,322.27
2003-12-01,11.900000177323818,5.942857231412615,1.100000016391277,89.1714299001864,10.099999822676182,322.23
2003-12-08,8.100000120699406,1.2571428758757457,-7.800000116229057,86.6714298629335,2.0999999567866325,322.22
2003-12-15,10.500000156462193,3.185714333185128,-5.700000084936619,74.9857154030885,13.9000004529953,322.19
2003-12-22,8.300000123679638,2.057142887796674,-3.700000055134296,84.400001257658,18.100000336766243,322.17
2003-12-29,8.300000123679638,0.7142857249294009,-10.600000157952309,71.22857248995986,0.2000000029802322,322.17
2004-01-05,0.5000000074505806,-4.014285774103233,-11.900000177323818,87.57142987634454,8.900000147521496,322.16
2004-01-12,7.000000104308128,1.914285742810794,-13.500000201165676,85.67142984803233,30.600000381469727,322.27
2004-01-19,7.300000108778477,2.271428605275495,-5.900000087916851,80.88571549100536,25.199999414384365,322.26
2004-01-26,2.3000000342726707,-4.214285777083465,-13.500000201165676,83.31428695576531,7.199999965727329,322.28
2004-02-02,10.000000149011612,1.8571428848164424,-6.500000096857548,75.32857255105462,21.19999998062849,322.3
2004-02-09,14.100000210106373,8.028571548206466,-0.800000011920929,70.14285818806717,4.299999989569187,322.46
2004-02-16,6.000000089406967,1.1857143033828057,-5.200000077486038,86.68571557743209,19.799999952316284,322.51
2004-02-23,4.500000067055225,-0.2428571464759963,-4.700000070035458,75.18571540606874,4.199999965727329,322.74
2004-03-01,3.1000000461936,-1.9714286008051465,-7.400000110268593,76.27142970796142,11.599999956786633,322.75
2004-03-08,4.700000070035458,-0.9285714424082212,-8.400000125169754,77.3714297243527,5.999999970197678,322.76
2004-03-15,12.500000186264517,3.857142914618765,-4.000000059604645,75.35714398005179,9.499999918043612,322.79
2004-03-22,20.30000030249357,10.285714438983373,2.3000000342726707,68.65714388021401,9.899999722838402,322.88
2004-03-29,11.900000177323818,2.385714321264199,-2.7000000402331352,74.71428682761533,9.49999976158142,322.93
2004-04-05,17.50000026077032,8.842857274625983,-0.9000000134110451,64.1428580986602,3.200000047683716,322.95
2004-04-12,11.500000171363354,4.8571429295199255,-0.9000000134110451,79.34285832515785,11.400000050663948,322.91
2004-04-19,18.80000028014183,10.214285866490432,0.5000000074505806,65.97142955447946,5.3999998569488525,322.9
2004-04-26,21.80000032484532,10.257143009986196,3.9000000581145287,73.11428680377347,7.1999999061226845,322.89
2004-05-03,23.300000347197056,13.728571633143083,4.200000062584877,67.94285815528461,8.299999833106995,322.88
2004-05-10,21.000000312924385,10.600000157952309,3.200000047683716,81.10000120848417,87.29999951273203,322.91
2004-05-17,18.6000002771616,10.757143017436777,5.900000087916851,81.15714406647852,17.499999955296516,323.21
2004-05-24,21.80000032484532,10.80000016093254,1.600000023841858,72.18571536136525,14.099999763071535,323.35
2004-05-31,22.600000336766243,12.071428751306874,1.3000000193715096,66.2857152734484,18.69999921321869,323.41
2004-06-07,24.300000362098217,14.171428782599312,6.70000009983778,78.52857259873834,13.19999972730875,323.44
2004-06-14,28.10000041872263,17.74285740724632,10.000000149011612,74.1571439621704,19.50000023841858,323.42
2004-06-21,24.300000362098217,13.600000202655792,6.000000089406967,74.07142967517886,15.500000178813934,323.35
2004-06-28,23.100000344216824,16.12857166890587,7.900000117719173,64.3714295306376,3.200000047683716,323.28
2004-07-05,23.80000035464764,15.471428801970822,9.00000013411045,70.75714391150645,34.79999941587448,323.22
2004-07-12,23.000000342726707,14.814285935035771,7.900000117719173,74.88571540159839,42.39999929815531,323.35
2004-07-19,29.300000436604023,17.971428839223726,9.600000143051147,74.24285824916193,15.299999803304672,323.38
2004-07-26,29.800000444054604,18.88571456713336,11.000000163912771,77.48571544034141,50.00000152736902,323.47
2004-08-02,27.3000004068017,18.08571455521243,8.400000125169754,68.34285816124508,0.0,323.56
2004-08-09,28.00000041723252,21.228571744901792,12.10000018030405,60.05714375206402,0.0,323.5
2004-08-16,29.800000444054604,19.828571724040167,12.10000018030405,67.82857243929591,19.099999964237213,323.36
2004-08-23,28.200000420212746,17.95714312472514,6.500000096857548,69.87142961259399,11.899999812245367,323.25
2004-08-30,23.600000351667404,16.12857166890587,12.300000183284284,76.9000011458993,14.199999883770944,323.12
2004-09-06,27.000000402331352,16.271428813891752,6.200000092387199,67.54285814932415,0.2000000029802322,323.02
2004-09-13,25.700000382959843,15.442857372973648,4.200000062584877,64.05714381166867,24.0,322.99
2004-09-20,23.100000344216824,14.171428782599312,3.9000000581145287,68.47142959173236,0.5,322.93
2004-09-27,16.00000023841858,10.314285867980548,7.500000111758709,84.61428697513682,40.500000059604645,322.895
2004-10-04,20.30000030249357,11.842857319329466,5.000000074505806,80.87142977650676,9.999999918043612,322.86
2004-10-11,25.100000374019142,10.171428722994667,-1.100000016391277,78.94285831919738,10.900000147521496,322.83
2004-10-18,12.90000019222498,6.9428572463137765,-0.9000000134110451,76.64285828492471,6.800000086426735,322.81
2004-10-25,20.30000030249357,12.485714471765927,2.0000000298023224,73.71428681271416,4.100000001490116,322.76
2004-11-01,17.80000026524067,10.242857295487608,5.000000074505806,88.2285727432796,22.60000001639128,322.67
2004-11-08,14.600000217556952,6.800000101327896,0.0,89.32857275967088,22.699999436736107,322.62
2004-11-15,5.200000077486038,2.0000000298023224,-0.1000000014901161,89.95714419760874,28.10000026226044,322.74
2004-11-22,9.100000135600569,3.4714286231568883,-1.3000000193715096,89.35714418866804,56.20000100135803,322.96
2004-11-29,9.00000013411045,2.528571466250079,-4.500000067055225,81.24285835347006,14.800000198185444,323.29
2004-12-06,6.200000092387199,1.8285714558192665,-3.9000000581145287,89.85714419611863,1.0000000149011612,323.25
2004-12-13,5.500000081956387,-1.0000000149011614,-6.000000089406967,88.07142988379512,0.2000000029802322,323.2
2004-12-20,7.400000110268593,-0.2285714319774082,-6.800000101327896,80.1285726225802,12.700000204145908,323.14
2004-12-27,8.900000132620335,1.1285714453884534,-9.400000140070915,87.51428701835019,26.89999983459711,323.145
2005-01-03,7.500000111758709,2.3142857487712587,-2.7000000402331352,84.157144111182,6.100000090897083,323.15
2005-01-10,12.800000190734863,5.800000086426735,2.200000032782554,76.07142970498118,3.5999999791383743,323.37
2005-01-17,9.00000013411045,2.971428615706308,-4.90000007301569,77.90000116080046,2.100000023841858,323.3
2005-01-24,6.900000102818012,1.4000000208616257,-3.700000055134296,83.77142981972013,45.100000500679016,323.43
2005-01-31,1.700000025331974,-4.585714354046753,-9.500000141561031,87.77142987932477,33.800000324845314,323.52
2005-02-07,2.200000032782554,-2.0285714587994983,-10.000000149011612,80.45714405604771,12.499999575316904,323.67
2005-02-14,9.600000143051147,1.2714285903743334,-7.500000111758709,80.98571549249547,37.60000059753656,324.07
2005-02-21,2.7000000402331352,-2.5571428952472552,-8.400000125169754,87.07142986889396,14.100000143051147,324.25
2005-02-28,0.800000011920929,-5.171428648488862,-12.000000178813934,83.2142869542752,12.70000009983778,324.26
2005-03-07,1.5000000223517418,-5.471428652959211,-12.500000186264517,71.84285821339914,5.800000011920929,324.11
2005-03-14,4.700000070035458,-0.2000000029802322,-9.80000014603138,80.95714406349829,12.199999786913397,323.96
2005-03-21,17.30000025779009,6.285714379378727,-3.9000000581145287,70.90000105649233,16.99999961256981,324.48
2005-03-28,17.80000026524067,8.628571557147163,-1.80000002682209,78.64285831472704,9.799999810755253,324.435
2005-04-04,19.60000029206276,7.514285826257297,-2.600000038743019,57.242857995842186,5.300000190734863,324.39
2005-04-11,16.600000247359276,7.414285824767181,-1.3000000193715096,76.48571542544025,6.299999982118607,324.38
2005-04-18,20.60000030696392,11.214285881391593,0.0,72.37142964984689,4.100000001490116,324.19
2005-04-25,17.30000025779009,7.485714397260121,-3.000000044703484,63.71428666370256,10.600000381469728,323.95
2005-05-02,28.80000042915344,13.785714491137435,3.6000000536441803,69.04285817167589,3.8999999538064,323.78
2005-05-09,20.30000030249357,9.44285728356668,1.80000002682209,78.05714402028492,29.399999767541885,323.68
2005-05-16,17.100000254809856,9.114285850099154,0.9000000134110451,72.15714393236807,13.500000059604645,323.56
2005-05-23,22.800000339746475,11.82857160483088,0.1000000014901161,75.84285827300378,13.199999749660492,323.51
2005-05-30,31.70000047236681,19.25714314409665,7.700000114738941,63.17142951275621,5.400000095367432,323.34
2005-06-06,27.200000405311584,13.814285920134612,3.700000055134296,68.34285816124508,20.40000082552433,323.24
2005-06-13,21.60000032186508,10.52857158545937,2.500000037252903,72.1285725033709,13.600000478327274,323.21
2005-06-20,25.100000374019142,17.542857404266083,7.800000116229057,69.44285817763635,7.899999767541885,323.15
2005-06-27,30.500000454485416,19.95714315452746,10.400000154972076,67.20000100135803,30.199999332427986,323.15
2005-07-04,27.3000004068017,17.828571694237844,10.000000149011612,74.97142968858991,28.999999910593036,323.15
2005-07-11,25.30000037699937,15.27142879899059,8.00000011920929,78.05714402028492,17.400000035762787,323.18
2005-07-18,30.70000045746565,20.17142887200628,9.900000147521496,62.98571522427456,2.800000011920929,323.17
2005-07-25,23.80000035464764,15.528571659965175,9.400000140070915,76.67142971392188,38.80000076442957,323.11
2005-08-01,33.20000049471855,20.90000031143427,11.400000169873238,67.4857152913298,32.79999924451113,323.12
2005-08-08,22.100000329315662,13.600000202655792,6.500000096857548,80.97142977799687,60.30000004917383,323.32
2005-08-15,22.800000339746475,13.90000020712614,8.00000011920929,79.65714404412678,17.600000150501728,323.4
2005-08-22,26.700000397861004,17.42857168827738,10.100000150501728,77.75714401581457,37.5999984294176,323.45
2005-08-29,27.10000040382147,15.800000235438349,8.100000120699406,76.98571543289083,14.099999904632568,323.52
2005-09-05,28.200000420212746,18.242857414696896,9.00000013411045,74.58571539712804,0.2000000029802322,323.38
2005-09-12,29.300000436604023,18.51428599017007,8.50000012665987,74.54285825363228,39.39999961853027,323.28
2005-09-19,20.60000030696392,11.95714303531817,1.80000002682209,81.32857264046159,26.999999433755875,323.3
2005-09-26,22.600000336766243,12.514285900763102,1.80000002682209,76.11428684847695,1.7999999523162842,323.265
2005-10-03,18.30000027269125,10.928571591419834,6.200000092387199,85.77142984952245,29.6000003144145,323.23
2005-10-10,19.80000029504299,13.228571625692505,5.4000000804662704,76.27142970796142,0.0,323.28
2005-10-17,17.80000026524067,8.57142869915281,0.9000000134110451,76.37142970945153,0.0,323.17
2005-10-24,18.6000002771616,10.200000151991844,-1.3000000193715096,75.11428683357579,7.399999931454658,323.12
2005-10-31,21.1000003144145,11.82857160483088,4.500000067055225,73.48571538073676,1.600000023841858,322.99
2005-11-07,16.50000024586916,8.557142984654222,0.2000000029802322,83.70000124722719,7.70000021904707,322.93
2005-11-14,15.000000223517418,6.62857152734484,0.2000000029802322,81.22857263897147,0.1000000014901161,322.9
2005-11-21,5.000000074505806,1.4142857353602136,-2.3000000342726707,90.3571442035692,39.399999529123306,322.87
2005-11-28,2.800000041723252,-0.814285726419517,-4.500000067055225,82.82857266281333,3.6000000312924385,322.91
2005-12-05,6.200000092387199,0.9857143004025732,-7.000000104308128,80.28571548206466,4.700000047683716,322.88
2005-12-12,5.500000081956387,1.2000000178813934,-5.000000074505806,88.88571561021465,3.1999999657273293,322.85
2005-12-19,5.4000000804662704,1.0000000149011612,-3.1000000461936,89.15714418568781,31.0,322.88
2005-12-26,4.500000067055225,1.4714285933545657,-4.400000065565109,90.92857278351272,14.900000095367432,322.985
2006-01-02,3.6000000536441803,-2.3428571777684346,-8.50000012665987,88.42857274625983,12.399999558925629,323.09
2006-01-09,2.1000000312924385,-1.542857165847506,-9.100000135600569,90.8428584965212,1.0,323.06
2006-01-16,4.500000067055225,-3.24285719117948,-10.000000149011612,80.28571548206466,2.0999999791383743,323.07
2006-01-23,3.9000000581145287,-3.24285719117948,-16.800000250339508,87.78571559382337,21.2000003606081,323.0
2006-01-30,0.1000000014901161,-7.985714404710701,-15.000000223517418,79.85714404710701,0.2000000029802322,323.0
2006-02-06,3.700000055134296,-4.771428642528398,-12.800000190734863,89.87142991061721,9.60000006109476,322.99
2006-02-13,3.200000047683716,-0.7142857249294009,-8.50000012665987,88.27142988677535,36.20000020414591,322.94
2006-02-20,7.800000116229057,1.9857143153037344,-11.30000016838312,82.9714298077992,3.799999982118607,322.99
2006-02-27,2.500000037252903,-2.2714286052754944,-7.500000111758709,85.22857269857612,5.200000159442425,323.01
2006-03-06,2.3000000342726707,-1.7857143123235022,-7.300000108778477,78.17142973627362,14.60000029206276,322.97
2006-03-13,6.900000102818012,-1.4714285933545657,-8.00000011920929,86.40000128746033,39.099999614059925,323.07
2006-03-20,7.200000107288361,-1.3428571628672736,-12.90000019222498,86.65714414843491,2.2999999821186066,323.15
2006-03-27,18.50000027567148,4.528571496052401,-6.900000102818012,74.61428682612521,13.299999713897703,323.455
2006-04-03,15.600000232458116,8.985714419611863,3.1000000461936,77.47142972584281,21.90000021457672,323.76
2006-04-10,14.500000216066836,4.785714357026985,-1.700000025331974,65.42857240353312,1.400000013411045,323.85
2006-04-17,14.600000217556952,6.971428675310952,0.5000000074505806,78.97142974819455,18.400000035762787,323.76
2006-04-24,20.60000030696392,10.700000159442425,4.200000062584877,70.00000104308128,2.999999918043613,323.71
2006-05-01,22.100000329315662,9.785714431532792,0.6000000089406967,76.01428684698683,37.200000144541264,323.79
2006-05-08,22.800000339746475,13.885714492627551,4.500000067055225,54.75714367308787,0.0,323.72
2006-05-15,23.600000351667404,13.657143060650144,4.400000065565109,65.07142954106841,7.699999883770943,323.59
2006-05-22,25.30000037699937,14.200000211596487,7.000000104308128,73.442858237241,40.299999833107,323.56
2006-05-29,17.50000026077032,11.842857319329466,4.90000007301569,71.40000106394291,45.39999985694886,323.84
2006-06-05,17.50000026077032,8.371428696172577,1.100000016391277,79.35714403965643,22.200000144541264,323.81
2006-06-12,27.3000004068017,14.200000211596487,4.000000059604645,65.11428668456418,0.3000000044703483,323.74
2006-06-19,30.200000450015068,19.81428600954158,10.000000149011612,66.58571527791875,4.099999979138374,323.59
2006-06-26,30.600000455975533,20.328571731490747,10.000000149011612,68.15714387276343,3.1999999284744263,323.485
2006-07-03,28.10000041872263,18.05714312621525,9.500000141561031,71.34285820594856,18.700000762939453,323.38
2006-07-10,30.70000045746565,21.485714605876375,12.4000001847744,67.98571529878038,7.29999977350235,323.28
2006-07-17,31.000000461936,19.828571724040167,7.500000111758709,65.48571526152747,0.0,323.18
2006-07-24,35.60000053048134,23.98571464312928,10.500000156462193,51.48571505291121,0.3000000119209289,323.07
2006-07-31,34.20000050961971,22.514286049774714,15.600000232458116,67.1285724288651,14.500000178813934,322.96
2006-08-07,24.300000362098217,16.700000248849392,9.900000147521496,76.22857256446567,63.0000000372529,322.96
2006-08-14,20.10000029951334,14.328571642083782,10.000000149011612,78.97142974819455,17.599999763071537,322.91
2006-08-21,26.80000039935112,17.471428831773146,9.600000143051147,73.11428680377347,5.800000064074993,322.86
2006-08-28,23.600000351667404,14.542857359562602,7.900000117719173,80.55714405753783,22.600000381469727,322.845
2006-09-04,24.600000366568565,15.91428595142705,9.00000013411045,73.8000010997057,17.400000132620335,322.83
2006-09-11,29.000000432133675,15.900000236928465,4.700000070035458,70.42857247803893,2.0999999046325684,322.75
2006-09-18,26.80000039935112,18.14285741320678,7.700000114738941,64.95714382507971,2.600000001490116,322.71
2006-09-25,25.700000382959843,15.842857378934111,6.70000009983778,69.6142867516194,3.4999999701976776,322.59
2006-10-02,23.100000344216824,15.28571451348918,7.900000117719173,82.7428583758218,17.199999667704105,322.54
2006-10-09,20.10000029951334,11.471428742366175,3.000000044703484,83.52857267324414,54.29999873787165,322.62
2006-10-16,20.30000030249357,10.485714441963603,1.80000002682209,86.94285843840667,0.2000000029802322,322.54
2006-10-23,19.80000029504299,11.714285888842172,-0.5000000074505806,74.1571439621704,1.8000000342726707,322.51
2006-10-30,23.600000351667404,13.128571624202388,6.000000089406967,74.71428682761533,17.499999813735485,322.5
2006-11-06,14.900000222027302,5.18571436298745,-3.000000044703484,80.9428583489997,18.40000033378601,322.47
2006-11-13,12.600000187754633,6.542857240353312,1.80000002682209,78.30000116676092,17.300000190734863,322.48
2006-11-20,19.60000029206276,10.185714437493257,3.9000000581145287,77.80000115931034,4.400000028312206,322.47
2006-11-27,15.600000232458116,8.014285833707877,1.80000002682209,78.81428688871009,5.8999998569488525,322.43
2006-12-04,10.500000156462193,5.842857229922499,0.0,83.54285838774273,0.3000000119209289,322.39
2006-12-11,15.100000225007534,7.571428684251649,0.5000000074505806,77.41428686784846,8.70000010728836,322.41
2006-12-18,11.000000163912771,5.085714361497334,0.5000000074505806,78.87142974670444,11.000000149011612,322.37
2006-12-25,5.000000074505806,2.0428571732980862,-2.0000000298023224,94.28571569068092,4.299999922513962,322.35
2007-01-01,10.600000157952309,2.800000041723252,-3.700000055134296,81.10000120848417,11.89999983459711,322.35
2007-01-08,9.500000141561031,5.700000084936619,0.800000011920929,82.21428693937403,6.899999812245369,322.27
2007-01-15,12.500000186264517,7.3571429667728285,-2.0000000298023224,74.90000111609697,8.100000038743019,322.29
2007-01-22,12.600000187754633,6.642857241843428,-4.200000062584877,74.9857154030885,9.299999728798866,322.26
2007-01-29,4.500000067055225,-2.457142893757139,-13.600000202655792,86.57142986144338,28.099999725818638,322.41
2007-02-05,7.700000114738941,3.942857201610293,-0.5000000074505806,84.31428697066647,5.099999904632568,322.45
2007-02-12,7.500000111758709,2.4285714647599628,-3.200000047683716,87.27142987187419,10.49999988079071,322.44
2007-02-19,10.000000149011612,3.985714345106057,-3.1000000461936,80.88571549100536,12.999999776482582,322.56
2007-02-26,13.100000195205212,5.5285715109535625,-1.3000000193715096,77.28571543736118,5.799999989569187,322.57
2007-03-05,11.60000017285347,5.557142939950738,0.6000000089406967,79.65714404412678,19.600000575184826,322.69
2007-03-12,18.100000269711018,6.885714388319424,0.0,73.6714296692184,3.799999952316284,322.73
2007-03-19,18.100000269711018,6.157142948891435,-1.600000023841858,75.80000112950802,5.200000025331974,322.74
2007-03-26,14.300000213086603,3.8714286291173527,-1.600000023841858,81.70000121742487,19.40000019222498,322.795
2007-04-02,16.800000250339508,8.42857155416693,0.4000000059604645,57.300000853836536,0.0,322.85
2007-04-09,15.600000232458116,6.328571522874491,-2.7000000402331352,70.90000105649233,0.3000000119209289,322.86
2007-04-16,24.100000359117985,13.085714480706624,2.0000000298023224,60.31428661303861,0.0,322.8
2007-04-23,23.300000347197056,9.857143004025732,-1.600000023841858,57.100000850856304,1.300000049173832,322.7
2007-04-30,24.8000003695488,13.714285918644496,-0.4000000059604645,60.271429469542845,1.100000023841858,322.65
2007-05-07,21.60000032186508,12.228571610791343,0.2000000029802322,53.15714364924601,14.899999618530272,322.59
2007-05-14,23.600000351667404,14.25714306959084,8.00000011920929,67.4714295768312,25.09999991953373,322.41
2007-05-21,29.300000436604023,14.028571637613434,3.500000052154064,67.51428672032696,9.599999904632568,322.5
2007-05-28,29.60000044107437,19.057143141116416,12.300000183284284,75.80000112950802,52.30000066757202,322.53
2007-06-04,21.60000032186508,14.157143068100725,6.500000096857548,79.5285726136395,12.299999862909315,322.56
2007-06-11,28.50000042468309,20.25714315899781,11.000000163912771,68.32857244674649,5.8999999538064,322.51
2007-06-18,27.500000409781933,18.685714564153127,11.500000171363354,71.11428677397114,76.79999986290932,322.51
2007-06-25,29.10000043362379,18.042857411716664,12.000000178813934,74.81428682910544,33.20000088214874,322.61
2007-07-02,26.50000039488077,15.12857165400471,9.100000135600569,72.77142965580735,13.199999943375587,322.71
2007-07-09,23.500000350177288,15.242857369993414,10.400000154972076,72.3571439353483,22.40000009536743,322.62
2007-07-16,35.200000524520874,19.44285743257829,9.00000013411045,66.38571527493852,6.499999791383743,322.65
2007-07-23,30.00000044703484,20.128571728510515,10.80000016093254,70.20000104606152,45.9000009894371,322.6
2007-07-30,26.30000039190054,16.942857395325387,9.600000143051147,68.84285816869566,20.999999433755875,322.71
2007-08-06,27.500000409781933,16.04285738191434,7.300000108778477,66.55714384892157,3.5,322.69
2007-08-13,28.10000041872263,17.628571691257612,11.500000171363354,85.128572697086,87.70000010728836,323.16
2007-08-20,27.80000041425228,18.38571455968278,10.000000149011612,69.72857246760812,41.99999831616878,323.34
2007-08-27,25.700000382959843,17.15714311280421,10.80000016093254,79.70000118762255,27.39999957382679,323.435
2007-09-03,18.50000027567148,13.457143057669912,5.000000074505806,75.14285826257297,11.700000144541264,323.53
2007-09-10,15.800000235438349,11.171428737895829,6.200000092387199,86.91428700940949,41.40000021457672,323.49
2007-09-17,23.100000344216824,13.100000195205212,4.000000059604645,77.41428686784846,4.299999862909317,323.7
2007-09-24,24.100000359117985,12.857143048729217,4.400000065565109,73.47142966623817,11.100000202655792,323.66
2007-10-01,19.30000028759241,11.128571594400066,5.4000000804662704,84.95714412310294,60.69999831914901,323.93
2007-10-08,19.60000029206276,11.557143029357706,4.000000059604645,87.2571441573756,4.999999821186066,324.0
2007-10-15,18.80000028014183,8.64285727164575,-0.6000000089406967,79.91428690510136,0.5,323.93
2007-10-22,18.6000002771616,6.185714377888611,-2.500000037252903,84.67142983313117,22.49999962002039,323.86
2007-10-29,12.90000019222498,5.542857225452151,1.80000002682209,90.05714419909886,2.9999999552965164,323.67
2007-11-05,11.500000171363354,7.300000108778477,1.600000023841858,87.80000130832195,7.399999983608723,323.65
2007-11-12,9.500000141561031,3.800000056624413,0.5000000074505806,87.40000130236149,57.69999980926514,324.01
2007-11-19,4.700000070035458,0.5428571509463446,-2.800000041723252,93.41428710626704,15.699999809265137,324.18
2007-11-26,8.00000011920929,2.3000000342726707,-2.800000041723252,86.22857271347728,9.599999859929085,324.185
2007-12-03,8.800000131130219,2.928571472210544,-3.200000047683716,83.48571552974838,7.699999861419201,324.19
2007-12-10,11.500000171363354,5.757142942930971,2.0000000298023224,80.1142869080816,11.900000058114529,324.14
2007-12-17,4.500000067055225,-0.0571428579943518,-5.4000000804662704,87.64285844883749,16.100000098347664,324.22
2007-12-24,3.1000000461936,-3.1000000461936,-7.400000110268593,88.457144175257,1.600000023841858,324.18
2007-12-31,5.200000077486038,0.4428571494562285,-5.900000087916851,81.1714297809771,4.700000107288361,323.94
2008-01-07,5.200000077486038,-0.4285714349576405,-6.500000096857548,82.92857266430345,4.0,323.77
2008-01-14,10.000000149011612,4.200000062584877,-2.0000000298023224,75.05714397558144,0.4000000059604645,323.66
2008-01-21,12.10000018030405,7.328571537775653,1.600000023841858,78.40000116825104,12.399999633431436,323.69
2008-01-28,7.900000117719173,4.357142922069345,-0.2000000029802322,79.41428689765078,23.300000071525574,323.78
2008-02-04,9.400000140070915,2.542857180748667,-3.400000050663948,78.50000116974115,6.199999965727329,323.87
2008-02-11,11.400000169873238,4.200000062584877,-1.700000025331974,79.55714404263666,10.8000003695488,323.74
2008-02-18,4.90000007301569,-0.3428571479661123,-7.800000116229057,77.67142972882304,1.5,323.72
2008-02-25,17.50000026077032,6.70000009983778,-3.200000047683716,77.64285829982587,2.799999922513962,323.66
2008-03-03,14.600000217556952,6.9428572463137765,0.6000000089406967,74.12857253317323,22.90000009536743,323.71
2008-03-10,13.600000202655792,3.7571429131286487,-4.000000059604645,71.27142963345561,1.700000025331974,323.67
2008-03-17,12.300000183284284,5.971428660409791,-0.5000000074505806,73.34285823575088,19.60000003874302,323.54
2008-03-24,5.700000084936619,0.4714285784534046,-4.000000059604645,83.08571552378791,18.899999864399437,323.74
2008-03-31,17.00000025331974,5.071428646998746,-2.200000032782554,68.92857245568719,2.3999999538064003,323.66
2008-04-07,14.900000222027302,5.357142936970506,-0.4000000059604645,82.84285837731191,34.69999998807907,323.94
2008-04-14,16.00000023841858,6.857142959322248,0.1000000014901161,77.85714401730469,31.29999957233668,324.24
2008-04-21,15.100000225007534,5.514285796454975,-2.0000000298023224,83.88571553570884,11.899999856948853,324.31
2008-04-28,21.80000032484532,10.628571586949484,1.600000023841858,69.54285817912647,13.400000005960464,324.28
2008-05-05,18.100000269711018,10.457143012966428,2.7000000402331352,76.35714399495295,19.300000049173832,324.34
2008-05-12,22.30000033229589,14.057143066610609,4.500000067055225,60.94285805097648,0.0,324.2
2008-05-19,23.300000347197056,13.68571448964732,4.500000067055225,75.14285826257297,11.500000029802322,324.01
2008-05-26,22.800000339746475,12.54285732976028,2.200000032782554,74.85714397260121,1.8000000417232511,323.875
2008-06-02,29.700000442564487,20.485714590975217,11.800000175833702,71.24285820445844,4.800000190734863,323.74
2008-06-09,25.600000381469727,17.914285981229376,8.400000125169754,69.42857246313777,4.799999810755253,323.57
2008-06-16,27.700000412762165,13.342857341681208,6.000000089406967,74.14285824767181,15.600000083446504,323.44
2008-06-23,31.000000461936,18.21428598569972,5.200000077486038,63.24285808524915,1.1000000312924385,323.28
2008-06-30,27.80000041425228,18.38571455968278,11.000000163912771,65.72857240800347,13.899999618530272,323.17
2008-07-07,31.300000466406345,19.414286003581115,10.000000149011612,62.88571522278445,12.100000098347664,323.11
2008-07-14,29.300000436604023,16.942857395325387,11.000000163912771,71.60000106692314,13.800000011920927,323.02
2008-07-21,24.100000359117985,15.971428809421402,9.500000141561031,71.4142867784415,20.499999821186066,322.96
2008-07-28,30.200000450015068,18.67142884965454,9.600000143051147,72.1142867888723,11.200000077486038,322.91
2008-08-04,31.10000046342612,21.714286037853785,13.300000198185444,62.257143784846576,3.80000002682209,322.86
2008-08-11,32.20000047981739,19.01428599762065,9.600000143051147,62.500000931322575,13.199999928474426,322.84
2008-08-18,24.8000003695488,16.78571453584092,8.800000131130219,69.15714388766459,27.100000202655792,322.76
2008-08-25,26.80000039935112,16.64285739085504,8.50000012665987,70.92857248548951,30.49999957531691,322.73
2008-09-01,25.100000374019142,17.15714311280421,8.50000012665987,71.68571535391467,1.399999976158142,322.62
2008-09-08,26.30000039190054,17.5285716897675,11.000000163912771,75.05714397558144,42.19999924302101,322.61
2008-09-15,24.8000003695488,13.728571633143083,3.200000047683716,73.61428681122405,1.100000023841858,322.56
2008-09-22,13.800000205636024,7.728571543736117,-0.9000000134110451,81.61428693043334,15.0999998152256,322.54
2008-09-29,18.0000002682209,9.757143002535615,3.6000000536441803,85.70000127702951,2.100000038743019,322.53
2008-10-06,13.90000020712614,9.3000001385808,3.400000050663948,78.41428688274962,14.9999997317791,322.49
2008-10-13,21.60000032186508,12.514285900763102,6.800000101327896,83.95714410820177,2.5,322.46
2008-10-20,18.100000269711018,9.928571576518673,1.80000002682209,79.12857260767903,13.199999988079073,322.4
2008-10-27,19.60000029206276,8.00000011920929,-2.1000000312924385,81.02857263599124,26.899999260902405,322.48
2008-11-03,12.000000178813934,4.7285714990326335,-0.4000000059604645,93.8142871122275,28.399999976158146,322.56
2008-11-10,14.600000217556952,9.014285848609038,4.500000067055225,87.58571559084314,0.2000000029802322,322.56
2008-11-17,15.900000236928465,6.485714382358959,-2.3000000342726707,77.90000116080046,0.3000000119209289,322.49
2008-11-24,8.400000125169754,2.0285714587994983,-2.200000032782554,82.8571440918105,19.4000006467104,322.48
2008-12-01,7.300000108778477,0.9000000134110451,-4.200000062584877,83.52857267324414,10.899999871850014,322.43
2008-12-08,6.900000102818012,2.6714286112359598,-1.0000000149011612,84.62857268963542,11.200000151991844,322.45
2008-12-15,5.200000077486038,0.2428571464759962,-3.9000000581145287,90.70000135153532,11.00000011920929,322.5
2008-12-22,8.00000011920929,2.600000038743019,-0.5000000074505806,90.7142870660339,13.899999797344208,322.53
2008-12-29,5.000000074505806,-1.1714285888842173,-9.00000013411045,85.18571555508035,11.299999952316284,322.64
2009-01-05,2.1000000312924385,-4.557142925049577,-13.600000202655792,85.81428699301821,18.399999499320984,322.6
2009-01-12,3.200000047683716,-8.614285842648574,-22.500000335276127,77.92857258979764,0.699999988079071,322.56
2009-01-19,5.700000084936619,0.1714285739830562,-9.500000141561031,78.22857259426799,2.000000014901161,322.53
2009-01-26,6.500000096857548,1.1285714453884534,-3.700000055134296,81.9000012204051,0.6000000089406967,322.5
2009-02-02,3.400000050663948,-1.4857143078531538,-5.4000000804662704,87.57142987634454,1.600000001490116,322.47
2009-02-09,9.00000013411045,1.685714310833386,-2.7000000402331352,81.10000120848417,4.200000002980232,322.47
2009-02-16,7.000000104308128,-1.4142857353602136,-6.800000101327896,84.90000126510859,23.200000382959843,322.44
2009-02-23,3.000000044703484,-1.2571428758757457,-9.100000135600569,90.10000134259462,29.000000059604645,322.44
2009-03-02,11.000000163912771,3.285714334675244,-1.80000002682209,88.92857275371041,20.900000371038917,322.93
2009-03-09,10.600000157952309,4.028571488601821,-0.800000011920929,84.55714411714247,11.700000047683716,323.22
2009-03-16,10.500000156462193,4.6000000685453415,0.1000000014901161,85.7285727060267,38.299999475479126,323.72
2009-03-23,9.500000141561031,3.142857189689364,-2.0000000298023224,72.28571536285537,8.900000013411045,323.99
2009-03-30,9.80000014603138,3.814285771123001,-4.500000067055225,80.4714297705463,9.199999928474426,323.96
2009-04-06,21.60000032186508,10.285714438983373,-1.80000002682209,69.6142867516194,0.3000000119209289,323.87
2009-04-13,23.000000342726707,13.742857347641673,3.500000052154064,63.314286657742095,0.1000000014901161,323.74
2009-04-20,22.100000329315662,11.657143030847822,2.600000038743019,70.74285819700786,26.900000035762787,323.79
2009-04-27,22.30000033229589,11.771428746836524,2.0000000298023224,63.97142952467714,9.400000095367432,323.75
2009-05-04,21.80000032484532,12.228571610791343,3.200000047683716,75.62857255552497,34.600000739097595,323.71
2009-05-11,20.80000030994416,12.257143039788518,2.0000000298023224,76.28571542246002,20.99999988079071,323.61
2009-05-18,25.30000037699937,13.242857340191092,4.700000070035458,67.58571529281991,9.699999809265137,323.56
2009-05-25,25.30000037699937,16.42857167337622,7.500000111758709,68.65714388021401,18.100000359117985,323.44
2009-06-01,28.200000420212746,13.100000195205212,4.700000070035458,76.04285827598402,27.200000405311588,323.38
2009-06-08,22.600000336766243,11.757143032337938,3.000000044703484,69.7428581821067,5.100000023841858,323.31
2009-06-15,24.300000362098217,14.428571643573898,5.200000077486038,72.92857251529183,48.6999991312623,323.22
2009-06-22,22.600000336766243,13.771428776638848,7.000000104308128,79.07142974968467,14.900000050663948,323.34
2009-06-29,22.800000339746475,15.77142880644117,9.00000013411045,87.84285845181772,13.199999809265137,323.28
2009-07-06,27.700000412762165,19.80000029504299,11.60000017285347,77.48571544034141,15.899999797344208,323.25
2009-07-13,26.00000038743019,15.657143090452466,10.000000149011612,73.9142868156944,19.89999971538782,323.16
2009-07-20,28.60000042617321,18.30000027269125,11.500000171363354,75.32857255105462,47.29999831318855,323.28
2009-07-27,27.700000412762165,18.92857171062912,10.900000162422655,67.05714385637215,10.09999993443489,323.27
2009-08-03,29.300000436604023,18.34285741618701,9.400000140070915,65.67142955000911,4.700000062584877,323.26
2009-08-10,27.3000004068017,19.242857429598057,9.100000135600569,64.65714382060936,10.600000381469728,323.16
2009-08-17,30.00000044703484,18.857143138136184,9.500000141561031,70.51428676503045,16.899999737739563,323.07
2009-08-24,31.500000469386578,18.714285993150305,8.100000120699406,64.88571525258678,12.399999618530272,322.99
2009-08-31,28.700000427663326,18.05714312621525,7.000000104308128,67.67142957981143,24.90000021457672,322.93
2009-09-07,30.500000454485416,16.271428813891752,8.600000128149986,69.42857246313777,20.999999620020382,322.86
2009-09-14,25.30000037699937,14.171428782599312,7.800000116229057,75.31428683655602,12.600000381469728,322.84
2009-09-21,24.00000035762787,15.157143083001886,8.100000120699406,84.67142983313117,0.8999999910593033,322.76
2009-09-28,23.100000344216824,13.742857347641673,4.500000067055225,80.20000119507313,1.0,322.66
2009-10-05,16.800000250339508,11.45714302786759,5.700000084936619,79.98571547759431,13.30000013113022,322.58
2009-10-12,22.30000033229589,12.257143039788518,3.700000055134296,83.61428696023566,27.40000015497208,322.56
2009-10-19,8.800000131130219,2.985714330204896,0.0,90.6000013500452,45.99999904632568,322.69
2009-10-26,13.000000193715096,6.385714380868843,-2.500000037252903,86.92857272390809,8.200000196695328,322.655
2009-11-02,12.500000186264517,6.371428666370256,-2.600000038743019,86.04285842499563,30.4000004529953,322.62
2009-11-09,11.10000016540289,5.271428649978978,-0.4000000059604645,85.25714412757328,12.599999904632568,322.83
2009-11-16,16.600000247359276,7.971428690212114,2.3000000342726707,81.3000012114644,4.80000002682209,322.84
2009-11-23,15.500000230968,10.071428721504551,4.700000070035458,73.52857252423253,3.899999916553497,322.84
2009-11-30,13.600000202655792,8.242857265685286,3.400000050663948,68.94285817018577,9.599999979138374,322.82
2009-12-07,9.400000140070915,4.028571488601821,-1.100000016391277,85.2428584130747,12.899999856948853,322.78
2009-12-14,8.300000123679638,1.4857143078531538,-4.000000059604645,89.85714419611863,24.80000066757202,322.99
2009-12-21,0.6000000089406967,-7.685714400240353,-18.30000027269125,84.157144111182,3.7000000178813934,323.04
2009-12-28,8.900000132620335,1.8142857413206777,-2.200000032782554,82.54285837284156,9.0,323.09
2010-01-04,7.700000114738941,-1.614285738340446,-11.500000171363354,93.31428710477692,26.699999667704105,323.14
2010-01-11,-3.6000000536441803,-7.3571429667728285,-14.600000217556952,90.98571564150708,14.0,323.18
2010-01-18,2.7000000402331352,-3.185714333185128,-14.000000208616257,86.60000129044056,13.49999964237213,323.13
2010-01-25,2.200000032782554,-4.257142920579229,-10.000000149011612,88.92857275371041,1.399999976158142,323.26
2010-02-01,1.3000000193715096,-4.500000067055225,-16.600000247359276,81.71428693192345,6.900000035762787,323.26
2010-02-08,4.500000067055225,-1.8857143138136183,-8.800000131130219,83.28571552676814,3.3999999538064003,323.2
2010-02-15,-0.5000000074505806,-5.485714367457798,-10.30000015348196,85.78571556402105,11.799999952316284,323.13
2010-02-22,7.000000104308128,-0.1857142884816441,-12.000000178813934,79.54285832813808,4.599999815225601,323.08
2010-03-01,13.600000202655792,5.728571513933795,0.1000000014901161,73.22857251976218,4.900000035762787,323.33
2010-03-08,5.4000000804662704,-2.8857143287147795,-12.90000019222498,76.68571542842048,5.099999941885471,323.42
2010-03-15,4.700000070035458,-1.1714285888842173,-13.800000205636024,77.64285829982587,17.000000528991222,323.4
2010-03-22,15.800000235438349,7.814285830727646,-0.4000000059604645,72.40000107884407,6.200000166893005,323.57
2010-03-29,21.80000032484532,9.757143002535615,0.5000000074505806,71.52857249443021,13.70000022649765,323.6
2010-04-05,19.10000028461218,7.542857255254473,-0.9000000134110451,65.94285812548229,1.300000049173832,323.56
2010-04-12,19.10000028461218,6.9428572463137765,1.3000000193715096,71.31428677695138,15.899999856948853,323.48
2010-04-19,18.80000028014183,6.928571531815188,-1.3000000193715096,77.21428686486823,6.999999955296516,323.39
2010-04-26,21.60000032186508,8.942857276116099,-2.3000000342726707,60.54285804501602,3.099999964237213,323.35
2010-05-03,24.100000359117985,13.171428767698153,3.200000047683716,70.38571533454316,13.0,323.31
2010-05-10,16.800000250339508,8.257142980183874,2.600000038743019,83.18571552527803,12.100000120699406,323.21
2010-05-17,15.900000236928465,8.814285845628806,3.700000055134296,82.30000122636557,13.800000347197058,323.19
2010-05-24,22.100000329315662,12.000000178813934,5.700000084936619,83.50000124424696,28.29999965429306,323.17
2010-05-31,19.10000028461218,12.271428754287106,6.500000096857548,80.45714405604771,33.90000005066395,323.27
2010-06-07,27.700000412762165,14.47142878706966,6.500000096857548,78.6857154582228,30.40000009536743,323.66
2010-06-14,29.000000432133675,18.685714564153127,10.500000156462193,71.00000105798244,6.699999928474426,323.51
2010-06-21,22.100000329315662,13.485714486667089,6.000000089406967,69.07142960067306,4.200000077486038,323.36
2010-06-28,27.10000040382147,16.800000250339508,6.400000095367432,66.45714384743145,1.2000000476837158,323.23
2010-07-05,31.600000470876694,22.04285747132131,11.900000177323818,62.70000093430281,24.70000028610229,323.19
2010-07-12,34.70000051707029,22.20000033080578,9.400000140070915,59.35714374163321,7.499999821186066,323.11
2010-07-19,33.20000049471855,21.25714317389897,9.400000140070915,67.30000100284815,13.799999594688416,323.06
2010-07-26,32.30000048130751,18.571428848164423,9.400000140070915,70.44285819253751,96.29999996721745,323.28
2010-08-02,27.700000412762165,17.557143118764674,9.80000014603138,74.60000111162663,32.60000065714121,323.5
2010-08-09,23.500000350177288,16.58571453286069,9.900000147521496,80.72857263152089,92.00000095367432,324.41
2010-08-16,24.600000366568565,16.9285716808268,12.000000178813934,81.61428693043334,44.90000019222498,324.38
2010-08-23,29.200000435113907,18.01428598271949,8.400000125169754,74.18571539116758,20.799999713897705,324.48
2010-08-30,24.600000366568565,14.957143080021654,7.500000111758709,77.64285829982587,50.59999938309193,324.61
2010-09-06,17.30000025779009,11.228571595890182,2.800000041723252,81.7714297899178,3.500000037252903,324.55
2010-09-13,22.600000336766243,13.97142877961908,3.6000000536441803,78.84285831770727,14.99999998509884,324.46
2010-09-20,18.100000269711018,11.685714459844998,5.900000087916851,76.08571541947978,6.800000071525574,324.2
2010-09-27,23.600000351667404,12.67142876024757,5.700000084936619,81.22857263897147,77.70000040531158,324.41
2010-10-04,17.80000026524067,9.985714434513024,6.000000089406967,85.15714412608317,11.699999667704104,324.62
2010-10-11,18.30000027269125,10.128571579498905,-1.0000000149011612,78.37142973925386,0.0,324.46
2010-10-18,10.30000015348196,5.085714361497334,-1.5000000223517418,90.6142870645438,9.099999964237211,324.37
2010-10-25,10.900000162422655,4.90000007301569,-0.1000000014901161,79.44285832664796,5.800000004470348,324.21
2010-11-01,18.0000002682209,7.785714401730469,0.1000000014901161,72.54285822382995,0.1000000014901161,323.95
2010-11-08,16.300000242888927,8.72857155863728,0.9000000134110451,84.54285840264389,26.30000038444996,323.81
2010-11-15,18.6000002771616,8.771428702133042,0.1000000014901161,77.87142973180327,23.500000059604645,323.71
2010-11-22,8.100000120699406,3.5714286246470044,-1.80000002682209,92.5285728073546,35.30000077933073,324.01
2010-11-29,2.600000038743019,-1.9285714573093824,-9.00000013411045,92.70000138133764,26.59999997913837,324.14
2010-12-06,1.0000000149011612,-6.500000096857548,-15.100000225007534,84.88571555061,9.69999986886978,324.06
2010-12-13,3.6000000536441803,-1.8857143138136183,-6.900000102818012,91.64285850844212,44.49999964237213,324.27
2010-12-20,3.400000050663948,-4.842857215021338,-11.900000177323818,86.02857271049704,18.79999990016222,324.32
2010-12-27,3.500000052154064,-3.0428571881992474,-13.300000198185444,92.62857280884472,22.80000002682209,324.33
2011-01-03,0.9000000134110451,-5.371428651469095,-18.0000002682209,88.87142989571605,4.099999949336052,324.34
2011-01-10,11.10000016540289,1.8428571703178545,-9.100000135600569,82.6142869453345,7.299999907612801,324.48
2011-01-17,11.000000163912771,5.600000083446503,-2.500000037252903,84.22857268367495,20.299999952316284,325.3
2011-01-24,8.300000123679638,-0.2285714319774082,-7.000000104308128,90.7142870660339,20.700000166893005,325.44
2011-01-31,1.3000000193715096,-4.514285781553814,-13.90000020712614,87.57142987634454,5.999999918043613,325.21
2011-02-07,10.80000016093254,1.4428571643573898,-14.100000210106373,78.72857260171857,5.500000193715096,325.23
2011-02-14,10.000000149011612,2.6714286112359598,-3.400000050663948,77.61428687082869,8.19999984651804,325.15
2011-02-21,5.700000084936619,-3.0285714737006595,-13.800000205636024,85.07142983909164,3.1000000536441803,324.89
2011-02-28,8.00000011920929,-3.357142907168184,-16.300000242888927,69.20000103116035,0.0,324.64
2011-03-07,7.000000104308128,-0.4285714349576405,-7.800000116229057,72.67142965431724,0.0,324.44
2011-03-14,15.400000229477882,6.9428572463137765,-4.400000065565109,61.9857152093734,1.4999999776482582,324.22
2011-03-21,15.900000236928465,4.571428639548166,-3.200000047683716,84.08571553868907,8.800000131130219,324.0
2011-03-28,14.000000208616257,5.414285794964859,-3.400000050663948,72.07142964537654,1.2999999523162842,323.88
2011-04-04,23.600000351667404,11.60000017285347,-2.3000000342726707,68.70000102370977,15.299999594688414,323.76
2011-04-11,21.80000032484532,10.757143017436777,0.5000000074505806,66.1571438429611,0.0,323.63
2011-04-18,16.800000250339508,7.600000113248825,1.3000000193715096,68.21428673075778,12.900000393390656,323.5
2011-04-25,23.300000347197056,13.285714483686856,2.7000000402331352,57.05714370736054,0.3000000119209289,323.4
2011-05-02,21.60000032186508,10.500000156462193,1.0000000149011612,74.07142967517886,7.500000052154064,323.23
2011-05-09,23.000000342726707,10.285714438983373,-0.5000000074505806,58.08571515125888,1.0999999791383743,323.16
2011-05-16,25.100000374019142,13.414285914174148,5.4000000804662704,67.6000010073185,16.199999898672104,323.08
2011-05-23,25.600000381469727,15.985714523919992,6.800000101327896,70.30000104755163,11.400000035762789,323.06
2011-05-30,28.300000421702865,15.91428595142705,3.700000055134296,53.32857222322907,0.1000000014901161,322.96
2011-06-06,28.700000427663326,17.571428833263262,8.100000120699406,69.68571532411235,38.00000090897083,322.95
2011-06-13,25.100000374019142,16.228571670395986,7.000000104308128,69.78571532560247,6.700000025331974,322.89
2011-06-20,26.80000039935112,16.514285960367747,10.000000149011612,70.40000104904175,15.600000143051147,322.84
2011-06-27,27.3000004068017,16.400000244379044,8.900000132620335,74.55714396813086,22.500000193715096,322.815
2011-07-04,29.10000043362379,14.70000021904707,8.00000011920929,78.07142973478351,56.90000038594008,322.79
2011-07-11,28.00000041723252,18.88571456713336,10.500000156462193,73.685715383717,59.30000112950802,322.91
2011-07-18,26.30000039190054,17.78571455074208,10.500000156462193,64.1428580986602,15.399999812245367,323.07
2011-07-25,24.00000035762787,14.62857164655413,8.50000012665987,70.9428581999881,7.0,323.09
2011-08-01,24.8000003695488,15.28571451348918,7.000000104308128,78.15714402177504,44.49999940395355,323.11
2011-08-08,27.60000041127205,19.10000028461218,10.500000156462193,74.70000111311674,12.100000113248823,323.22
2011-08-15,26.30000039190054,16.65714310535363,10.400000154972076,73.15714394726923,11.999999955296516,323.18
2011-08-22,29.300000436604023,19.44285743257829,9.600000143051147,71.90000107139349,18.699999809265137,323.12
2011-08-29,32.20000047981739,19.828571724040167,10.100000150501728,70.7000010535121,14.299999833106996,323.04
2011-09-05,29.50000043958425,16.442857387874806,6.800000101327896,70.07142961557422,27.19999921321869,323.05
2011-09-12,29.700000442564487,16.814285964838096,10.500000156462193,74.65714396962098,18.20000010728836,323.09
2011-09-19,23.500000350177288,14.357143071080957,5.200000077486038,76.34285828045437,26.199999250471592,323.12
2011-09-26,24.8000003695488,13.457143057669912,4.700000070035458,76.72857257191625,0.0,323.075
2011-10-03,25.80000038444996,16.07142881091152,7.700000114738941,73.12857251827207,0.0,323.03
2011-10-10,23.600000351667404,11.585714458354882,2.600000038743019,79.17142975117478,23.09999990463257,322.97
2011-10-17,15.600000232458116,7.371428681271417,-2.1000000312924385,80.95714406349829,22.799999237060547,322.98
2011-10-24,17.80000026524067,5.942857231412615,-3.000000044703484,78.97142974819455,8.099999964237213,322.96
2011-10-31,17.30000025779009,9.671428715544089,3.1000000461936,83.88571553570884,0.3000000119209289,322.9
2011-11-07,15.600000232458116,7.12857153479542,1.3000000193715096,84.91428697960717,0.0,322.83
2011-11-14,13.000000193715096,3.0428571881992474,-3.9000000581145287,85.61428699003798,0.0,322.74
2011-11-21,10.30000015348196,2.1571428892867908,-4.400000065565109,89.42857276116099,0.0,322.67
2011-11-28,12.4000001847744,4.171428633587701,-2.200000032782554,80.2428583385689,0.0,322.57
2011-12-05,13.300000198185444,5.18571436298745,-2.7000000402331352,80.50000119954348,21.500000715255737,322.52
2011-12-12,8.400000125169754,2.9000000432133675,-2.7000000402331352,78.12857259277787,6.099999934434891,322.49
2011-12-19,9.400000140070915,3.31428576367242,-1.100000016391277,78.6857154582228,9.70000022649765,322.47
2011-12-26,7.500000111758709,3.257142905678068,-2.0000000298023224,88.5714298912457,15.799999691545963,322.475
2012-01-02,11.500000171363354,4.914285787514278,0.2000000029802322,85.7285727060267,11.700000166893004,322.48
2012-01-09,8.800000131130219,3.442857194159712,0.5000000074505806,81.71428693192345,28.199999541044235,322.53
2012-01-16,7.300000108778477,1.9428571718079704,-3.200000047683716,83.1000012382865,6.5,322.7
2012-01-23,5.500000081956387,1.87142859931503,-3.9000000581145287,82.11428693788392,35.40000034868717,322.88
2012-01-30,2.3000000342726707,-2.1857143182839667,-8.300000123679638,83.61428696023566,8.099999941885471,323.14
2012-02-06,-2.800000041723252,-13.314285912684031,-22.30000033229589,76.81428685890776,0.1000000014901161,323.16
2012-02-13,-2.7000000402331352,-11.728571603340765,-22.30000033229589,82.68571551782745,3.799999982118607,323.16
2012-02-20,5.500000081956387,0.9571428714053972,-5.200000077486038,81.68571550292629,18.20000028610229,323.1
2012-02-27,8.800000131130219,3.485714337655476,-3.500000052154064,79.90000119060278,11.29999988526106,323.2
2012-03-05,11.500000171363354,5.68571437043803,-1.80000002682209,85.2428584130747,7.800000287592411,323.37
2012-03-12,9.3000001385808,4.257142920579229,-3.200000047683716,78.01428687678916,9.399999976158142,323.36
2012-03-19,21.000000312924385,8.00000011920929,-1.100000016391277,69.07142960067306,3.600000120699406,323.33
2012-03-26,17.00000025331974,7.642857256744589,-2.200000032782554,71.50000106543303,0.0,323.295
2012-04-02,17.50000026077032,6.728571528834956,-1.100000016391277,70.85714391299656,10.099999904632568,323.26
2012-04-09,16.800000250339508,4.328571493072169,-3.000000044703484,74.58571539712804,2.4000000208616257,323.19
2012-04-16,18.0000002682209,6.914285817316601,-1.5000000223517418,75.12857254807439,16.3999999538064,323.16
2012-04-23,14.600000217556952,7.457142968262945,-1.80000002682209,67.1285724288651,7.30000014603138,323.11
2012-04-30,30.100000448524952,15.471428801970822,4.500000067055225,57.042857992861954,2.9000000059604645,323.06
2012-05-07,26.200000390410423,12.871428763227804,4.500000067055225,80.828572633011,32.90000033378601,323.01
2012-05-14,28.50000042468309,13.842857349131789,0.9000000134110451,66.72857242290463,7.600000098347664,323.01
2012-05-21,26.30000039190054,12.81428590523345,2.200000032782554,58.92857230667557,5.800000190734864,322.98
2012-05-28,27.3000004068017,17.15714311280421,5.200000077486038,61.57142948891436,4.200000002980232,322.935
2012-06-04,23.500000350177288,12.90000019222498,4.200000062584877,76.98571543289083,39.500000812113285,322.89
2012-06-11,22.100000329315662,14.171428782599312,2.7000000402331352,72.57142965282712,4.999999992549419,322.88
2012-06-18,30.200000450015068,16.314285957387515,5.900000087916851,75.01428683208567,25.199999071657658,322.86
2012-06-25,24.8000003695488,16.985714538821153,9.400000140070915,74.67142968411956,22.300000049173832,322.86
2012-07-02,31.10000046342612,18.80000028014183,8.100000120699406,74.58571539712804,32.30000019073486,322.83
2012-07-09,26.700000397861004,18.44285741767713,12.800000190734863,80.97142977799687,57.100000239908695,323.06
2012-07-16,24.00000035762787,15.628571661455291,9.00000013411045,73.90000110119581,34.9000004529953,323.09
2012-07-23,23.600000351667404,15.485714516469413,6.200000092387199,73.27142966325793,16.500000044703484,323.16
2012-07-30,31.70000047236681,21.44285746238061,8.600000128149986,63.128572369260446,4.499999970197678,323.1
2012-08-06,29.300000436604023,19.771428866045817,11.10000016540289,66.55714384892157,4.200000047683716,323.03
2012-08-13,23.300000347197056,15.64285737595388,6.200000092387199,66.62857242141452,0.400000013411045,322.93
2012-08-20,37.10000055283308,20.057143156017577,6.800000101327896,57.80000086128712,12.5,322.87
2012-08-27,31.300000466406345,19.242857429598057,10.100000150501728,69.24285817465612,14.500000037252905,322.79
2012-09-03,28.10000041872263,16.442857387874806,7.500000111758709,75.71428684251649,15.8999999538064,322.71
2012-09-10,29.50000043958425,16.728571677846567,7.400000110268593,68.75714388170412,1.399999976158142,322.66
2012-09-17,27.80000041425228,13.885714492627551,4.400000065565109,73.442858237241,21.500000335276127,322.61
2012-09-24,24.100000359117985,11.642857316349234,3.200000047683716,72.1285725033709,17.100000381469727,322.59
2012-10-01,23.80000035464764,12.82857161973204,5.200000077486038,73.75714395620993,10.799999594688414,322.54
2012-10-08,20.80000030994416,11.685714459844998,3.1000000461936,75.18571540606874,12.700000174343586,322.51
2012-10-15,14.600000217556952,7.785714401730469,1.100000016391277,76.7857154299106,3.0,322.49
2012-10-22,24.300000362098217,11.114285879901477,2.1000000312924385,76.81428685890776,0.0,322.46
2012-10-29,13.600000202655792,3.614285768142768,-6.400000095367432,90.22857277308192,18.999999813735485,322.42
2012-11-05,11.800000175833702,6.171428663390024,0.2000000029802322,81.10000120848417,12.69999998062849,322.39
2012-11-12,11.000000163912771,6.585714383849076,1.100000016391277,83.07142980928931,13.100000239908695,322.33
2012-11-19,9.00000013411045,2.0285714587994983,-5.000000074505806,88.31428703027112,0.699999988079071,322.36
2012-11-26,12.600000187754633,5.728571513933795,-2.1000000312924385,82.11428693788392,0.0,322.315
2012-12-03,8.900000132620335,0.9142857279096333,-7.500000111758709,91.0857156429972,41.59999915957451,322.27
2012-12-10,2.1000000312924385,-3.300000049173832,-15.600000232458116,85.64285841903516,16.49999988079071,322.41
2012-12-17,6.000000089406967,-0.028571428997176,-9.100000135600569,83.80000124871731,9.40000021457672,322.41
2012-12-24,12.000000178813934,3.0428571881992474,-3.700000055134296,90.22857277308192,31.19999896734953,322.58
2012-12-31,14.40000021457672,6.071428661899907,-1.80000002682209,73.87142967219863,12.899999886751177,323.01
2013-01-07,9.100000135600569,5.385714365967682,1.100000016391277,87.12857272688832,42.79999992251396,323.42
2013-01-14,5.700000084936619,-0.6428571524364608,-8.300000123679638,88.214287028781,17.09999994188547,323.76
2013-01-21,-1.100000016391277,-5.557142939950738,-10.500000156462193,87.31428701536996,8.599999882280827,323.71
2013-01-28,3.6000000536441803,-5.571428654449327,-15.800000235438349,85.38571555806058,2.500000014901161,323.745
2013-02-04,12.000000178813934,3.7571429131286487,-2.0000000298023224,83.38571552825826,26.40000015497208,323.78
2013-02-11,5.700000084936619,-2.200000032782554,-12.500000186264517,82.88571552080768,7.500000074505806,323.86
2013-02-18,3.200000047683716,-1.1142857308898653,-3.9000000581145287,86.22857271347728,4.000000067055225,323.81
2013-02-25,1.80000002682209,-2.9428571867091318,-7.000000104308128,91.6714299374393,23.70000010728836,323.76
2013-03-04,7.500000111758709,0.1428571449858801,-4.000000059604645,87.24285844287702,0.7000000104308127,323.68
2013-03-11,14.000000208616257,2.285714319774083,-5.700000084936619,82.64285837433168,3.899999976158142,323.76
2013-03-18,4.700000070035458,-3.614285768142768,-14.300000213086603,76.50000113993883,16.30000001192093,323.78
2013-03-25,5.500000081956387,-2.728571469230311,-10.000000149011612,75.35714398005179,6.700000047683716,323.82
2013-04-01,3.200000047683716,-1.5571428803460938,-7.000000104308128,75.00000111758709,7.300000071525574,323.8
2013-04-08,8.400000125169754,0.1571428594844683,-5.4000000804662704,79.61428690063101,1.3999999538064003,323.78
2013-04-15,22.800000339746475,9.771428717034205,2.1000000312924385,72.10000107437372,10.300000041723251,323.75
2013-04-22,25.30000037699937,12.657143045748985,2.0000000298023224,67.10000099986792,6.200000204145908,323.72
2013-04-29,24.600000366568565,11.95714303531817,2.200000032782554,70.67142962451491,15.000000394880772,323.6
2013-05-06,20.10000029951334,10.814285875431128,5.200000077486038,83.98571553719896,12.499999828636646,323.56
2013-05-13,22.800000339746475,13.085714480706624,4.000000059604645,80.37142976905618,9.3999999538064,323.51
2013-05-20,24.100000359117985,14.957143080021654,5.700000084936619,70.14285818806717,32.40000066906214,323.53
2013-05-27,17.30000025779009,8.242857265685286,3.400000050663948,83.58571553123849,50.59999964386225,323.995
2013-06-03,18.100000269711018,10.428571583969251,6.000000089406967,91.38571564746756,170.70000386238098,324.46
2013-06-10,23.100000344216824,14.40000021457672,6.000000089406967,83.60000124573708,20.5999995470047,325.11
2013-06-17,27.3000004068017,17.414285973778792,8.300000123679638,68.41428673373801,5.0,325.26
2013-06-24,32.600000485777855,20.571428877966746,12.500000186264517,70.80000105500221,24.600000858306885,325.09
2013-07-01,23.600000351667404,12.7571430472391,6.70000009983778,77.85714401730469,23.299999713897705,324.96
2013-07-08,24.600000366568565,18.30000027269125,10.000000149011612,74.40000110864639,3.400000035762787,324.7
2013-07-15,26.100000388920307,16.457143102373397,8.400000125169754,73.15714394726923,0.0,324.5
2013-07-22,30.300000451505184,19.614286006561347,9.00000013411045,65.08571525556701,0.0,324.21
2013-07-29,35.200000524520874,23.20000034570694,12.000000178813934,63.300000943243504,31.699999809265137,323.88
2013-08-05,34.20000050961971,21.942857469831196,12.90000019222498,68.21428673075778,14.999999634921547,323.73
2013-08-12,31.300000466406345,18.471428846674307,9.00000013411045,75.90000113099813,30.700000479817398,323.58
2013-08-19,28.300000421702865,17.271428828792914,6.500000096857548,64.9857152540769,7.899999931454658,323.46
2013-08-26,23.80000035464764,15.714285948446818,7.800000116229057,73.45714395173958,4.299999810755253,323.37
2013-09-02,24.50000036507845,15.357143085982118,7.800000116229057,70.51428676503045,9.799999833106996,323.28
2013-09-09,28.50000042468309,17.485714546271733,9.400000140070915,75.91428684549672,26.20000004768372,323.16
2013-09-16,19.500000290572643,12.54285732976028,8.00000011920929,84.70000126212835,16.400000110268593,323.12
2013-09-23,16.300000242888927,11.314285882881707,6.000000089406967,84.00000125169754,6.1999999061226845,323.07
2013-09-30,17.30000025779009,10.185714437493257,0.5000000074505806,78.70000117272139,2.0,323.01
2013-10-07,17.00000025331974,8.557142984654222,-2.1000000312924385,70.18571533156293,0.0,322.93
2013-10-14,16.800000250339508,8.742857273135867,2.1000000312924385,86.54285843244621,29.699999690055847,322.92
2013-10-21,18.50000027567148,11.000000163912771,1.3000000193715096,81.57142978693757,14.600000202655792,322.9
2013-10-28,22.600000336766243,15.28571451348918,5.500000081956387,70.18571533156293,3.700000047683716,322.865
2013-11-04,14.600000217556952,8.585714413651399,-0.800000011920929,75.38571540904897,4.900000050663948,322.83
2013-11-11,15.100000225007534,7.614285827747413,-0.4000000059604645,84.05714410969189,15.600000239908695,322.77
2013-11-18,7.500000111758709,2.600000038743019,-2.500000037252903,91.41428707646472,2.399999976158142,322.7
2013-11-25,6.70000009983778,2.5571428952472552,-3.6000000536441803,93.000001385808,11.200000002980232,322.64
2013-12-02,5.700000084936619,1.3428571628672736,-7.000000104308128,89.42857276116099,7.499999977648258,322.61
2013-12-09,6.400000095367432,1.7857143123235022,-3.500000052154064,83.75714410522154,29.200000435113907,322.58
2013-12-16,12.4000001847744,3.542857195649828,-2.0000000298023224,85.31428698556763,1.300000011920929,322.74
2013-12-23,13.000000193715096,5.5285715109535625,-0.5000000074505806,71.72857249741044,3.0,322.75
2013-12-30,11.500000171363354,6.085714376398495,-1.700000025331974,71.91428678589207,1.0999999940395355,322.63
2014-01-06,10.100000150501728,4.800000071525574,-2.1000000312924385,74.71428682761533,1.0000000149011612,322.6
2014-01-13,12.300000183284284,5.614285797945091,-2.800000041723252,76.48571542544025,4.9000000059604645,322.56
2014-01-20,8.00000011920929,2.6714286112359598,-1.3000000193715096,90.74285849503109,12.40000021457672,322.5
2014-01-27,3.6000000536441803,-2.7000000402331352,-9.00000013411045,92.67142995234046,5.200000062584877,322.505
2014-02-03,7.700000114738941,-0.3142857189689363,-6.800000101327896,84.74285840562412,0.800000011920929,322.51
2014-02-10,13.100000195205212,4.157142919089113,-3.400000050663948,68.84285816869566,0.0,322.45
2014-02-17,10.500000156462193,4.985714360007218,0.0,70.15714390256575,2.299999989569187,322.44
2014-02-24,13.600000202655792,5.071428646998746,-2.7000000402331352,74.20000110566616,2.3000000044703484,322.39
2014-03-03,13.40000019967556,4.928571502012866,-1.5000000223517418,73.77142967070851,0.1000000014901161,322.36
2014-03-10,18.30000027269125,5.485714367457798,-3.200000047683716,76.25714399346283,0.1000000014901161,322.33
2014-03-17,17.600000262260437,7.242857250784125,-2.1000000312924385,69.8571438980954,3.6999999284744254,322.29
2014-03-24,20.30000030249357,9.185714422592095,0.9000000134110451,70.01428675757987,7.200000151991845,322.24
2014-03-31,19.80000029504299,6.585714383849076,-3.1000000461936,74.72857254211392,1.3999999538064003,322.2
2014-04-07,22.30000033229589,12.385714470275811,2.7000000402331352,71.1857153464641,0.9999999776482582,322.15
2014-04-14,17.30000025779009,9.128571564597744,1.80000002682209,73.28571537775653,13.299999959766865,322.16
2014-04-21,18.30000027269125,7.085714391299656,-2.500000037252903,76.94285828939506,10.600000023841858,322.12
2014-04-28,22.000000327825543,13.242857340191092,4.90000007301569,79.2857154671635,3.4000000730156903,322.12
2014-05-05,21.1000003144145,8.957142990614686,-0.2000000029802322,79.81428690361125,8.500000238418579,322.14
2014-05-12,22.000000327825543,12.32857161228146,3.1000000461936,70.42857247803893,18.40000015497208,322.08
2014-05-19,22.30000033229589,9.971428720014435,3.700000055134296,81.48571549994605,35.79999899864197,322.12
2014-05-26,29.000000432133675,17.700000263750553,8.50000012665987,68.80000102519989,18.0,322.225
2014-06-02,19.60000029206276,11.87142874832664,4.90000007301569,81.22857263897147,27.599999964237213,322.33
2014-06-09,32.50000048428774,18.757143136646068,6.200000092387199,60.0857151810612,0.800000011920929,322.26
2014-06-16,31.70000047236681,16.84285739383527,5.500000081956387,72.471429651337,1.2999999970197678,322.28
2014-06-23,23.600000351667404,14.014285923114844,6.900000102818012,71.78571535540479,5.000000059604645,322.31
2014-06-30,24.300000362098217,14.414285929075309,6.200000092387199,78.58571545673269,31.200000822544094,322.23
2014-07-07,30.300000451505184,19.557143148567,6.500000096857548,59.54285803011486,3.500000096857548,322.21
2014-07-14,25.700000382959843,16.35714310088328,9.500000141561031,83.12857266728368,80.39999860525131,322.3
2014-07-21,32.80000048875809,21.957143184329784,12.500000186264517,63.82857237969126,14.600000381469728,322.36
2014-07-28,28.300000421702865,19.6714288645557,13.100000195205212,75.11428683357579,5.799999892711639,322.365
2014-08-04,29.200000435113907,19.45714314707688,11.10000016540289,80.37142976905618,35.30000042915344,322.37
2014-08-11,29.000000432133675,19.414286003581115,12.300000183284284,70.97142962898526,13.899999618530272,322.41
2014-08-18,22.100000329315662,15.400000229477882,11.10000016540289,73.78571538520711,15.90000033378601,322.44
2014-08-25,20.000000298023224,13.25714305468968,6.900000102818012,69.6142867516194,11.300000011920927,322.4
2014-09-01,22.500000335276127,14.671428790049893,5.900000087916851,80.70000120252371,19.30000002682209,322.36
2014-09-08,26.200000390410423,16.37142881538187,9.80000014603138,86.42857271645751,10.900000289082527,322.33
2014-09-15,22.100000329315662,14.528571645064014,10.500000156462193,91.00000135600568,49.099999621510506,322.38
2014-09-22,24.50000036507845,15.28571451348918,7.400000110268593,84.50000125914812,42.90000057220459,322.44
2014-09-29,24.300000362098217,12.428571613771576,2.7000000402331352,81.4285726419517,4.0999999567866325,322.6
2014-10-06,20.30000030249357,12.914285906723569,4.700000070035458,84.12857268218484,0.5,322.69
2014-10-13,25.00000037252903,15.385714514979297,8.100000120699406,80.17142976607595,3.6999999284744254,322.62
2014-10-20,21.60000032186508,13.885714492627551,9.100000135600569,83.14285838178226,8.300000071525574,322.55
2014-10-27,14.500000216066836,8.42857155416693,1.80000002682209,87.72857273582902,34.39999943971634,322.585
2014-11-03,19.000000283122063,9.857143004025732,0.6000000089406967,79.8857154761042,0.0,322.62
2014-11-10,15.800000235438349,7.528571540755885,0.0,86.27142985697303,4.399999909102917,322.57
2014-11-17,14.100000210106373,7.514285826257297,0.2000000029802322,89.94285848311016,0.400000013411045,322.53
2014-11-24,13.800000205636024,4.700000070035458,-1.700000025331974,90.54285849205084,5.8999999314546585,322.47
2014-12-01,7.700000114738941,0.5857142944421087,-3.400000050663948,88.67142989273582,0.0,322.42
2014-12-08,4.500000067055225,0.814285726419517,-2.800000041723252,93.08571567279952,3.700000010430813,322.38
2014-12-15,9.600000143051147,3.185714333185128,-5.200000077486038,86.92857272390809,15.90000019222498,322.33
2014-12-22,12.10000018030405,5.557142939950738,0.1000000014901161,83.61428696023566,15.49999988079071,322.37
2014-12-29,9.00000013411045,0.0857142869915281,-9.500000141561031,84.25714411267212,15.599999904632568,322.36
2015-01-05,4.700000070035458,1.0857143018926894,-6.000000089406967,88.51428703325135,13.299999833106996,322.48
2015-01-12,14.000000208616257,4.128571490091937,-1.100000016391277,79.24285832366773,16.09999994188547,322.75
2015-01-19,11.800000175833702,3.8714286291173527,-4.000000059604645,78.34285831025669,9.499999940395355,322.92
2015-01-26,2.600000038743019,-0.4714285784534046,-4.000000059604645,93.000001385808,14.00000011920929,323.0
2015-02-02,3.200000047683716,0.5714285799435207,-2.7000000402331352,83.98571553719896,4.200000077486038,323.08
2015-02-09,3.200000047683716,-1.7857143123235022,-6.800000101327896,82.70000123232603,5.100000120699406,323.06
2015-02-16,8.00000011920929,0.9285714424082212,-5.500000081956387,82.9857155222978,0.0,323.04
2015-02-23,9.600000143051147,1.9285714573093824,-3.1000000461936,78.38571545375245,0.9000000134110451,323.0
2015-03-02,9.900000147521496,3.085714331695012,-4.200000062584877,74.55714396813086,5.100000023841858,322.95
2015-03-09,15.900000236928465,4.385714351066521,-0.2000000029802322,73.35714395024947,5.5000001192092896,322.89
2015-03-16,13.40000019967556,3.5857143391455923,-0.9000000134110451,85.38571555806058,9.0,322.82
2015-03-23,15.600000232458116,4.557142925049577,-4.500000067055225,71.55714392342738,0.2000000029802322,322.83
2015-03-30,17.600000262260437,6.8142858158264845,-1.100000016391277,75.07142969008002,17.800000101327896,322.77
2015-04-06,12.000000178813934,2.528571466250079,-2.7000000402331352,78.28571545226234,21.29999953508377,322.91
2015-04-13,19.30000028759241,9.028571563107628,-3.000000044703484,67.8428581537945,2.099999964237213,322.95
2015-04-20,22.600000336766243,9.08571442110198,-0.5000000074505806,62.64285807630846,0.1000000014901161,322.93
2015-04-27,21.1000003144145,11.085714450904302,0.1000000014901161,67.2428581448538,17.199999250471592,322.93
2015-05-04,21.80000032484532,9.785714431532792,0.2000000029802322,70.97142962898526,24.199999906122684,322.93
2015-05-11,25.30000037699937,14.428571643573898,3.200000047683716,62.84285807928869,7.100000098347664,322.92
2015-05-18,26.700000397861004,12.800000190734863,2.200000032782554,62.628572361809866,5.599999904632568,322.92
2015-05-25,19.30000028759241,12.414285899272986,1.80000002682209,68.22857244525638,2.900000095367432,322.87
2015-06-01,20.60000030696392,12.45714304276875,4.200000062584877,67.7142867233072,3.699999906122685,322.79
2015-06-08,32.100000478327274,18.257143129195487,7.500000111758709,62.32857235733952,17.899999976158142,322.72
2015-06-15,27.80000041425228,15.885714522429875,8.100000120699406,78.82857260320868,30.399998858571053,322.66
2015-06-22,19.10000028461218,12.300000183284284,4.500000067055225,77.58571544183152,29.69999948143959,322.73
2015-06-29,26.00000038743019,15.400000229477882,7.000000104308128,74.12857253317323,9.300000213086603,322.81
2015-07-06,35.200000524520874,23.34285749069282,11.000000163912771,59.95714375057391,4.600000083446503,322.77
2015-07-13,32.80000048875809,17.200000256299973,6.70000009983778,66.60000099241734,17.40000031143427,322.72
2015-07-20,33.20000049471855,21.285714602896142,14.600000217556952,69.58571532262224,15.60000006109476,322.66
2015-07-27,33.70000050216913,20.22857173000063,11.800000175833702,65.20000097155571,22.399999767541885,322.615
2015-08-03,30.600000455975533,17.21428597079856,8.00000011920929,58.80000087618828,1.0999999940395355,322.57
2015-08-10,37.2000005543232,24.385714649089746,13.600000202655792,56.05714369245938,1.0000000149011612,322.51
2015-08-17,34.60000051558018,22.100000329315662,14.100000210106373,71.50000106543303,44.79999935626984,322.49
2015-08-24,26.80000039935112,16.485714531370572,8.100000120699406,76.92857257489648,25.100000143051147,322.44
2015-08-31,34.1000005081296,20.3857145894851,10.600000157952309,68.52857244972672,5.199999958276749,322.42
2015-09-07,30.70000045746565,13.771428776638848,6.200000092387199,78.37142973925386,23.300000049173832,322.41
2015-09-14,25.30000037699937,13.885714492627551,4.000000059604645,77.15714400687388,3.3999999538064003,322.41
2015-09-21,25.700000382959843,14.800000220537186,9.100000135600569,75.27142969306026,10.0,322.36
2015-09-28,18.0000002682209,11.500000171363354,4.200000062584877,79.68571547312396,2.0,322.29
2015-10-05,22.500000335276127,10.15714300849608,-0.5000000074505806,75.61428684102637,0.8000000268220901,322.29
2015-10-12,18.80000028014183,9.08571442110198,-4.000000059604645,87.45714416035584,35.20000008493662,322.29
2015-10-19,8.900000132620335,4.128571490091937,-1.700000025331974,96.12857286099876,28.79999966919422,322.34
2015-10-26,16.50000024586916,7.928571546716349,-0.1000000014901161,89.12857275669064,11.099999621510506,322.335
2015-11-02,17.100000254809856,7.271428679781301,-0.5000000074505806,82.87142980630908,0.1000000014901161,322.33
2015-11-09,18.6000002771616,11.657143030847822,-2.200000032782554,78.35714402475527,4.099999897181988,322.31
2015-11-16,15.800000235438349,10.30000015348196,3.700000055134296,81.48571549994605,21.999999821186066,322.28
2015-11-23,14.600000217556952,6.114285805395672,-2.600000038743019,83.52857267324414,23.700000166893005,322.39
2015-11-30,9.500000141561031,2.285714319774083,-3.700000055134296,86.24285842797586,20.699999436736107,322.39
2015-12-07,12.800000190734863,6.957142960812364,1.600000023841858,81.44285835645029,4.999999918043613,322.45
2015-12-14,13.40000019967556,4.042857203100409,-1.80000002682209,85.90000128000975,9.600000098347664,322.46
2015-12-21,14.500000216066836,8.50000012665987,1.80000002682209,85.14285841158458,5.899999938905239,322.48
2015-12-28,13.500000201165676,9.07142870660339,1.5000000223517418,78.54285831323692,0.700000025331974,322.445
2016-01-04,8.400000125169754,-0.0142857144985878,-4.500000067055225,83.88571553570884,5.80000014603138,322.41
2016-01-11,6.800000101327896,1.8571428848164424,-3.1000000461936,87.20000129938126,5.5000001192092896,322.39
2016-01-18,5.700000084936619,-0.2285714319774083,-12.10000018030405,87.40000130236149,11.099999949336052,322.36
