Date,TASMAX,TAS,TASMIN,Humidity,Precipitation,GWL
1988-02-15,5.500000081956387,0.1142857159887041,-6.400000095367432,83.74285839072296,20.50000023841858,510.35
1988-02-22,9.600000143051147,0.3285714334675244,-7.000000104308128,81.88571550590652,11.800000071525574,510.71
1988-02-29,2.500000037252903,-1.714285739830562,-4.200000062584877,90.51428706305369,53.40000009536743,510.65
1988-03-07,3.700000055134296,-1.9000000283122065,-7.500000111758709,86.92857272390809,37.59999988228083,512.173333333333
1988-03-14,3.6000000536441803,-1.2285714468785696,-14.000000208616257,88.41428703176123,95.99999985843895,513.696666666667
1988-03-21,14.000000208616257,4.057142917598997,-5.4000000804662704,81.27142978246722,27.70000010728836,515.22
1988-03-28,7.500000111758709,3.685714340635709,0.2000000029802322,88.75714417972735,74.30000028759241,516.177249339301
1988-04-04,12.000000178813934,4.171428633587701,-2.1000000312924385,80.18571548057454,15.80000013113022,517.079095967952
1988-04-11,16.100000239908695,7.014285818806717,-1.5000000223517418,78.6857154582228,6.5,517.90327704995
1988-04-18,19.60000029206276,8.342857267175402,-3.200000047683716,72.45714393683842,26.100000143051147,518.627529749291
1988-04-25,20.80000030994416,7.928571546716349,-3.700000055134296,67.04285814187357,4.199999809265137,519.22959122997
1988-05-02,21.000000312924385,10.100000150501728,-2.200000032782554,69.04285817167589,4.999999813735485,519.687198655984
1988-05-09,22.30000033229589,13.371428770678383,5.200000077486038,69.51428675012929,7.29999977350235,519.978089191329
1988-05-16,23.300000347197056,14.942857365523066,7.900000117719173,61.71428663390024,13.399999618530272,520.08
1988-05-23,18.6000002771616,10.44285729846784,0.2000000029802322,79.2857154671635,23.40000021457672,519.92
1988-05-30,24.300000362098217,14.75714307704142,4.500000067055225,71.44285820743868,11.599999904632568,519.64
1988-06-06,23.000000342726707,11.51428588586194,7.300000108778477,84.57142983164105,64.50000047683716,519.28
1988-06-13,22.800000339746475,14.085714495607784,7.700000114738941,81.32857264046159,63.60000035911799,520.0
1988-06-20,24.00000035762787,15.657143090452466,6.800000101327896,65.47142954702888,2.900000095367432,520.05
1988-06-27,21.80000032484532,13.914285921624728,4.700000070035458,78.6714297437242,24.500000655651093,519.63
1988-07-04,24.8000003695488,16.114285954407283,10.100000150501728,80.30000119656324,21.50000014901161,519.17
1988-07-11,27.80000041425228,16.614285961857863,10.000000149011612,76.21428684996707,21.69999971985817,518.74
1988-07-18,25.00000037252903,14.12857163910355,9.3000001385808,80.05714405008725,31.900000289082527,518.23
1988-07-25,30.500000454485416,18.92857171062912,7.000000104308128,73.22857251976218,5.500000096857548,517.68
1988-08-01,29.50000043958425,16.671428819852217,8.400000125169754,75.25714397856167,28.29999947547913,517.18
1988-08-08,27.60000041127205,16.185714526900224,7.500000111758709,76.24285827896425,22.199999809265137,516.66
1988-08-15,29.000000432133675,19.60000029206276,11.500000171363354,75.3428582655532,8.299999810755253,516.02
1988-08-22,28.50000042468309,16.028571667415754,8.00000011920929,79.44285832664796,19.299999572336677,515.3
1988-08-29,25.700000382959843,13.728571633143083,8.100000120699406,84.24285839817354,37.59999942779541,514.53
1988-09-05,25.30000037699937,13.728571633143083,6.200000092387199,85.68571556253093,56.70000076293945,513.95
1988-09-12,22.100000329315662,13.528571630162851,5.4000000804662704,79.94285833409855,1.4999999776482582,513.67
1988-09-19,15.400000229477882,9.500000141561031,5.4000000804662704,88.457144175257,7.499999992549419,513.06
1988-09-26,20.60000030696392,12.014285893312522,5.700000084936619,82.92857266430345,8.499999955296516,512.28
1988-10-03,22.500000335276127,10.971428734915596,5.700000084936619,86.6714298629335,22.299999251961708,511.49
1988-10-10,19.30000028759241,9.500000141561031,4.400000065565109,84.54285840264389,38.89999955147505,510.73
1988-10-17,19.30000028759241,11.942857320819584,7.400000110268593,91.57142993594918,5.699999921023846,510.31
1988-10-24,20.000000298023224,10.100000150501728,4.400000065565109,88.98571561170476,1.7000000178813934,509.63
1988-10-31,16.800000250339508,5.7857143719281465,-3.700000055134296,85.18571555508035,11.500000096857548,508.81
1988-11-07,9.00000013411045,0.4142857204590525,-7.000000104308128,80.78571548951524,1.600000023841858,508.04
1988-11-14,12.000000178813934,3.928571487111705,-3.1000000461936,90.07142991359744,6.499999955296516,507.2
1988-11-21,8.300000123679638,2.457142893757139,-7.700000114738941,92.11428708689552,24.29999977350235,506.66
1988-11-28,2.3000000342726707,-1.814285741320678,-13.40000019967556,93.02857281480516,2.000000014901161,505.66
1988-12-05,9.400000140070915,3.642857197139944,-0.2000000029802322,93.07142995830093,90.00000059604645,506.28
1988-12-12,6.000000089406967,1.757142883326326,-3.200000047683716,93.9428585427148,37.40000009536743,508.65
1988-12-19,4.90000007301569,-0.7857142974223409,-9.00000013411045,88.1000013127923,29.800000227987766,510.91
1988-12-26,8.50000012665987,3.442857194159712,-3.700000055134296,91.70000136643648,15.30000028014183,512.17
1989-01-02,8.00000011920929,1.7857143123235022,-2.0000000298023224,91.77142993892942,0.2000000029802322,512.74
1989-01-09,6.500000096857548,1.9285714573093824,-3.700000055134296,91.82857279692378,19.399999849498272,512.91
1989-01-16,7.300000108778477,2.3428571777684346,-3.200000047683716,88.942858468209,7.100000001490116,514.48
1989-01-23,3.9000000581145287,-0.042857143495764,-4.000000059604645,92.94285852781364,0.9000000134110451,512.98
1989-01-30,4.500000067055225,-2.9142857577119554,-9.00000013411045,89.4142870466624,0.2000000029802322,512.55
1989-02-06,9.500000141561031,-1.2571428758757457,-8.00000011920929,83.75714410522154,0.3000000044703483,512.25
1989-02-13,10.000000149011612,0.4571428639548165,-4.700000070035458,87.54285844734737,10.899999812245367,512.15
1989-02-20,12.500000186264517,3.971428630607469,-2.200000032782554,84.72857269112554,24.500000335276127,511.29
1989-02-27,8.50000012665987,3.52857148115124,-1.3000000193715096,87.1428584413869,11.59999980032444,511.36
1989-03-06,15.400000229477882,4.357142922069345,-1.0000000149011612,80.01428690659148,10.200000151991844,511.03
1989-03-13,17.100000254809856,5.871428658919675,-1.3000000193715096,74.28571539265769,3.300000108778477,510.58
1989-03-20,11.500000171363354,4.842857215021338,-3.500000052154064,82.0285726508924,5.300000049173832,510.01
1989-03-27,21.300000317394733,6.328571522874491,-3.1000000461936,71.54285820892879,3.9000000208616257,509.2
1989-04-03,22.600000336766243,9.371428711073738,2.200000032782554,77.22857257936683,38.19999921321869,508.68
1989-04-10,13.90000020712614,6.77142867233072,1.700000025331974,78.85714403220585,1.700000062584877,508.41
1989-04-17,21.300000317394733,7.485714397260121,3.500000052154064,87.1428584413869,28.899999916553497,507.97
1989-04-24,17.80000026524067,5.814285800925323,-0.6000000089406967,78.8000011742115,23.500000596046448,507.78
1989-05-01,17.50000026077032,5.342857222471919,-0.2000000029802322,82.5000012293458,9.60000006109476,507.92
1989-05-08,20.80000030994416,10.328571582479135,-1.5000000223517418,66.78571528089898,0.0,507.63
1989-05-15,24.600000366568565,11.271428739385945,2.0000000298023224,77.9571440187948,17.599999621510506,506.84
1989-05-22,23.600000351667404,15.27142879899059,2.7000000402331352,62.95714379527739,0.0,505.37
1989-05-29,25.100000374019142,16.20000024139881,7.000000104308128,58.17142943825041,15.200000286102297,505.67
1989-06-05,22.100000329315662,10.742857302938187,4.400000065565109,80.28571548206466,29.19999987632036,505.01
1989-06-12,22.000000327825543,12.10000018030405,3.1000000461936,74.02857253168311,14.299999810755253,504.33
1989-06-19,23.300000347197056,15.842857378934111,5.200000077486038,56.85714370438031,0.800000011920929,502.88
1989-06-26,26.700000397861004,16.314285957387515,8.100000120699406,78.14285830727646,21.800000049173832,502.88
1989-07-03,25.100000374019142,15.185714511999064,7.000000104308128,79.12857260767903,22.499999918043613,502.18
1989-07-10,27.500000409781933,19.44285743257829,12.4000001847744,78.9142868902002,77.00000029802322,501.54
1989-07-17,22.100000329315662,15.314285942486354,8.300000123679638,72.22857250486102,24.200000762939453,502.86
1989-07-24,28.80000042915344,18.114285984209605,5.700000084936619,68.97142959918294,5.499999977648258,501.4
1989-07-31,26.00000038743019,16.65714310535363,7.800000116229057,75.8285725585052,18.79999992251396,501.29
1989-08-07,25.50000037997961,14.228571640593666,7.500000111758709,81.15714406647852,23.200000017881397,500.78
1989-08-14,25.30000037699937,17.942857410226548,9.500000141561031,76.97142971839223,1.3999999538064003,499.8
1989-08-21,33.70000050216913,19.70000029355288,9.500000141561031,69.45714389213494,11.899999797344208,499.57
1989-08-28,28.80000042915344,15.657143090452466,8.100000120699406,77.45714401134423,17.99999976158142,498.78
1989-09-04,21.80000032484532,11.000000163912771,2.7000000402331352,81.98571550739663,13.499999918043612,498.23
1989-09-11,21.80000032484532,11.95714303531817,3.700000055134296,79.17142975117478,0.1000000014901161,497.64
1989-09-18,26.50000039488077,14.385714500078134,7.500000111758709,83.38571552825826,28.600000619888306,497.18
1989-09-25,26.30000039190054,14.957143080021655,9.500000141561031,85.64285841903516,0.9000000134110451,496.63
1989-10-02,13.800000205636024,8.842857274625983,1.3000000193715096,87.47142987485442,5.300000049173832,496.04
1989-10-09,17.100000254809856,6.585714383849076,-1.600000023841858,85.54285841754505,21.00000023841858,495.58
1989-10-16,15.600000232458116,6.27142866488014,-1.3000000193715096,86.92857272390809,6.799999929964542,495.1
1989-10-23,22.600000336766243,9.51428585605962,-0.2000000029802322,78.21428687976939,0.3000000119209289,494.6
1989-10-30,21.000000312924385,10.65714301594666,3.400000050663948,79.58571547163385,19.700000762939453,494.23
1989-11-06,15.500000230968,7.828571545226233,2.200000032782554,91.28571564597743,35.89999943971634,494.18
1989-11-13,8.400000125169754,1.2714285903743334,-4.000000059604645,88.62857274924006,2.1000000089406967,495.07
1989-11-20,9.100000135600569,-0.5000000074505806,-5.700000084936619,81.5428583579404,0.0,494.33
1989-11-27,10.000000149011612,-2.371428606765611,-13.90000020712614,81.11428692298276,3.900000005960465,493.78
1989-12-04,5.000000074505806,-2.842857185219015,-8.400000125169754,78.35714402475527,0.0,493.01
1989-12-11,2.1000000312924385,-3.128571475190776,-9.900000147521496,90.3857156325664,0.0,495.28
1989-12-18,13.40000019967556,6.200000092387199,-8.00000011920929,83.62857267473426,55.99999928474426,496.55
1989-12-25,11.500000171363354,4.771428642528398,-3.200000047683716,83.64285838923284,28.20000024139881,496.07
1990-01-01,0.1000000014901161,-2.9000000432133675,-6.500000096857548,91.9142870839153,0.3000000044703483,496.07
1990-01-08,1.80000002682209,-2.7857143272246634,-7.800000116229057,91.785715653428,4.400000192224979,496.17
1990-01-15,1.3000000193715096,-4.442857209060874,-11.000000163912771,91.9142870839153,0.5000000149011611,494.03
1990-01-22,6.200000092387199,1.4285714498588018,-5.500000081956387,90.25714420207908,5.499999955296516,494.39
1990-01-29,10.500000156462193,3.642857197139944,-3.1000000461936,76.771429715412,15.800000049173832,495.28
1990-02-05,11.800000175833702,2.95714290120772,-4.500000067055225,78.52857259873834,2.700000002980232,495.23
1990-02-12,15.400000229477882,2.628571467740195,-5.700000084936619,78.40000116825104,26.399999976158146,495.23
1990-02-19,12.90000019222498,2.7714286127260754,-5.200000077486038,84.85714412161282,100.00000081211329,500.4
1990-02-26,18.6000002771616,7.400000110268593,0.1000000014901161,74.82857254360404,12.800000190734863,502.6
1990-03-05,8.400000125169754,1.4428571643573898,-3.200000047683716,78.85714403220585,41.90000081062317,504.4
1990-03-12,18.100000269711018,7.3571429667728285,-2.600000038743019,67.40000100433826,0.6000000238418579,504.6
1990-03-19,18.30000027269125,5.871428658919675,-2.3000000342726707,75.92857255999532,0.3000000119209289,504.78
1990-03-26,22.100000329315662,7.142857249294009,-1.600000023841858,72.64285822532007,8.300000101327896,504.15
1990-04-02,20.30000030249357,6.100000090897083,-2.200000032782554,79.35714403965643,9.600000195205212,504.04
1990-04-09,15.600000232458116,3.5857143391455923,-0.5000000074505806,80.50000119954348,10.800000071525574,502.99
1990-04-16,12.800000190734863,4.071428632097585,-1.80000002682209,79.54285832813808,18.899999983608723,502.58
1990-04-23,15.400000229477882,6.41428580986602,0.800000011920929,79.62857261512961,33.10000029206276,502.4
1990-04-30,18.80000028014183,7.871428688721997,0.0,77.18571543587106,6.899999834597111,502.11
1990-05-07,23.600000351667404,14.34285735658237,4.700000070035458,61.10000091046095,5.600000023841858,501.63
1990-05-14,21.80000032484532,12.471428757267338,5.200000077486038,77.07142971988235,14.600000143051147,501.21
1990-05-21,22.800000339746475,14.814285935035771,5.4000000804662704,63.78571523619549,4.599999904632568,500.7
1990-05-28,21.1000003144145,12.057143036808286,2.1000000312924385,66.02857241247382,8.000000096857548,499.58
1990-06-04,24.50000036507845,12.285714468785695,0.0,60.60000090301037,29.60000076889992,499.22
1990-06-11,17.50000026077032,11.38571445537465,5.200000077486038,81.01428692149264,27.80000050365925,498.83
1990-06-18,22.000000327825543,12.928571621222156,6.200000092387199,81.01428692149264,12.599999725818632,499.09
1990-06-25,25.30000037699937,15.28571451348918,8.300000123679638,75.37142969455037,15.499999910593033,497.66
1990-07-02,27.80000041425228,17.600000262260437,8.400000125169754,76.82857257340636,67.60000157356262,497.28
1990-07-09,22.100000329315662,13.357143056179796,6.200000092387199,86.24285842797586,56.000001192092896,497.36
1990-07-16,26.600000396370888,15.971428809421402,5.700000084936619,64.72857239310231,1.7000000476837158,497.46
1990-07-23,27.60000041127205,16.971428824322565,7.200000107288361,65.00000096857548,0.0,497.4
1990-07-30,30.800000458955765,19.20000028610229,6.400000095367432,57.65714371630124,0.0,496.77
1990-08-06,31.600000470876694,20.30000030249357,11.10000016540289,63.34285808673927,10.19999996572733,497.55
1990-08-13,30.600000455975533,17.357143115784442,4.700000070035458,58.72857230369534,2.299999952316284,497.47
1990-08-20,24.8000003695488,16.542857389364922,5.4000000804662704,71.45714392193726,5.100000001490116,495.18
1990-08-27,29.000000432133675,16.65714310535363,4.700000070035458,72.78571537030595,13.999999672174452,494.62
1990-09-03,29.10000043362379,15.28571451348918,8.100000120699406,80.64285834452936,39.00000083446503,494.11
1990-09-10,21.50000032037497,10.985714449414186,3.500000052154064,80.68571548802512,28.99999964237213,493.73
1990-09-17,20.30000030249357,10.200000151991844,1.80000002682209,77.45714401134423,0.4000000059604645,493.31
1990-09-24,21.300000317394733,11.000000163912771,5.4000000804662704,77.014286861888,36.89999923855066,496.1
1990-10-01,20.60000030696392,10.3714287259749,2.200000032782554,80.30000119656324,21.299999810755253,493.33
1990-10-08,21.1000003144145,10.100000150501728,2.200000032782554,83.65714410373143,10.70000009983778,492.81
1990-10-15,23.600000351667404,10.428571583969251,-1.5000000223517418,77.257144008364,0.0,492.51
1990-10-22,20.10000029951334,9.57142871405397,0.6000000089406967,82.41428694235427,1.2000000476837158,492.24
1990-10-29,15.100000225007534,5.900000087916851,-2.800000041723252,80.80000120401382,30.19999957084656,492.08
1990-11-05,10.100000150501728,4.142857204590525,0.1000000014901161,88.52857274774995,23.699999451637268,492.1
1990-11-12,8.400000125169754,1.7285714543291502,-4.200000062584877,90.58571563554662,8.800000049173832,492.12
1990-11-19,12.000000178813934,6.514285811356136,2.0000000298023224,88.71428703623158,53.79999881982803,492.69
1990-11-26,10.80000016093254,2.0285714587994983,-1.80000002682209,90.34285848907062,37.19999933242798,497.55
1990-12-03,3.700000055134296,-1.2000000178813934,-10.500000156462193,89.94285848311016,12.200000122189522,497.27
1990-12-10,1.3000000193715096,-3.6000000536441803,-11.000000163912771,86.30000128597021,12.699999809265137,496.4
1990-12-17,0.0,-2.571428609745843,-10.000000149011612,90.57142992104802,18.19999981671572,496.41
1990-12-24,3.200000047683716,-1.1571428743856291,-6.000000089406967,92.80000138282776,9.900000050663948,496.4
1990-12-31,9.100000135600569,2.4428571792585507,-2.200000032782554,89.10000132769346,32.09999990463257,498.43
1991-01-07,10.500000156462193,3.7571429131286487,-0.4000000059604645,86.24285842797586,26.299999833106995,501.15
1991-01-14,14.500000216066836,3.8857143436159407,-2.600000038743019,79.6428583296282,13.399999648332596,502.7
1991-01-21,2.500000037252903,-3.157142904187952,-9.100000135600569,77.61428687082869,2.2999999076128006,502.98
1991-01-28,0.5000000074505806,-2.628571467740195,-8.00000011920929,84.71428697662694,0.0,502.43
1991-02-04,-0.1000000014901161,-6.471428667860372,-14.300000213086603,72.41428679334265,0.0,502.12
1991-02-11,3.1000000461936,-7.585714398750237,-17.600000262260437,82.55714408734015,17.19999958574772,501.89
1991-02-18,1.0000000149011612,-4.957142931010042,-15.900000236928465,84.94285840860435,20.10000000149012,501.87
1991-02-25,14.800000220537186,1.528571451348918,-7.500000111758709,76.74285828641483,0.7000000178813934,502.54
1991-03-04,10.900000162422655,1.100000016391277,-3.700000055134296,91.3142870749746,8.599999718368053,502.35
1991-03-11,14.500000216066836,5.871428658919675,0.6000000089406967,85.18571555508035,6.0,501.97
1991-03-18,16.100000239908695,6.428571524364608,-0.800000011920929,77.257144008364,0.2000000029802322,501.97
1991-03-25,19.10000028461218,7.857142974223409,2.3000000342726707,84.31428697066647,29.10000003129244,502.2
1991-04-01,15.800000235438349,2.0857143167938506,-4.700000070035458,73.95714395919016,0.2000000029802322,502.07
1991-04-08,17.50000026077032,7.885714403220585,1.80000002682209,73.74285824171135,15.49999976158142,500.53
1991-04-15,18.30000027269125,8.828571560127395,0.6000000089406967,64.24285810015031,0.5,501.08
1991-04-22,16.50000024586916,1.814285741320678,-6.000000089406967,68.91428674118859,7.099999904632568,500.38
1991-04-29,15.100000225007534,5.2428572209818025,-4.200000062584877,72.20000107586384,10.899999856948853,499.9
1991-05-06,11.10000016540289,5.228571506483214,-1.5000000223517418,83.91428696470601,22.500000573694702,500.53
1991-05-13,17.80000026524067,8.71428584413869,-0.800000011920929,75.84285827300378,37.699998430907726,499.88
1991-05-20,16.300000242888927,7.12857153479542,1.100000016391277,73.35714395024947,10.6999998614192,500.17
1991-05-27,21.1000003144145,9.914285862020083,0.4000000059604645,69.44285817763635,3.900000095367432,499.88
1991-06-03,22.500000335276127,13.285714483686856,1.3000000193715096,59.95714375057391,4.700000047683716,499.28
1991-06-10,18.6000002771616,11.400000169873238,2.7000000402331352,73.50000109523535,22.40000007301569,498.9
1991-06-17,24.8000003695488,13.842857349131789,7.300000108778477,73.24285823426077,63.39999844133854,498.38
1991-06-24,26.600000396370888,14.157143068100725,3.9000000581145287,80.75714406051806,26.10000032186508,499.18
1991-07-01,24.300000362098217,14.34285735658237,6.000000089406967,77.07142971988235,16.39999993145466,498.86
1991-07-08,28.00000041723252,20.842857453439915,9.500000141561031,66.2714295589498,0.1000000014901161,498.39
1991-07-15,31.000000461936,20.2714288734964,13.100000195205212,73.71428681271416,13.300000190734863,497.91
1991-07-22,23.80000035464764,16.84285739383527,8.600000128149986,69.6142867516194,4.299999952316284,497.39
1991-07-29,27.500000409781933,15.91428595142705,8.300000123679638,76.08571541947978,27.5999998152256,496.95
1991-08-05,26.200000390410423,17.614285976759025,11.30000016838312,79.02857260618892,23.299999810755253,496.84
1991-08-12,32.30000048130751,20.928571740431444,12.000000178813934,66.72857242290463,1.2000000476837158,496.43
1991-08-19,27.80000041425228,17.400000259280205,6.900000102818012,61.71428663390024,0.4000000059604645,495.38
1991-08-26,28.80000042915344,17.028571682316915,5.700000084936619,69.27142960365329,6.3999998569488525,494.89
1991-09-02,25.100000374019142,15.27142879899059,5.4000000804662704,61.58571520341294,0.0,494.18
1991-09-09,28.80000042915344,14.428571643573898,4.000000059604645,65.61428669201476,0.0,493.88
1991-09-16,26.600000396370888,15.114285939506122,5.700000084936619,80.74285834601947,30.59999924898148,493.68
1991-09-23,24.300000362098217,13.728571633143083,7.300000108778477,78.6714297437242,27.500000670552254,493.21
1991-09-30,24.300000362098217,12.000000178813934,3.200000047683716,84.62857268963542,16.800000488758087,492.9
1991-10-07,19.80000029504299,9.94285729101726,2.3000000342726707,80.84285834750959,3.6000000536441803,492.6
1991-10-14,18.80000028014183,10.400000154972076,4.200000062584877,87.971429882305,1.900000013411045,491.98
1991-10-21,16.800000250339508,6.014285803905556,-2.3000000342726707,83.91428696470601,19.200000382959843,492.05
1991-10-28,8.00000011920929,2.257142890776907,-4.500000067055225,80.61428691553218,0.800000011920929,491.93
1991-11-04,16.100000239908695,3.1000000461936,-5.000000074505806,88.62857274924006,19.10000000149012,491.74
1991-11-11,9.00000013411045,3.128571475190776,-3.6000000536441803,84.07142982419047,23.60000000149012,492.18
1991-11-18,10.400000154972076,2.928571472210544,-2.7000000402331352,89.61428704964263,21.599999882280827,492.3
1991-11-25,8.800000131130219,1.2000000178813934,-3.6000000536441803,92.028572799904,6.000000149011612,492.37
1991-12-02,4.000000059604645,-0.3285714334675244,-3.200000047683716,91.6857156519379,0.5000000074505805,492.17
1991-12-09,0.1000000014901161,-2.642857182238783,-7.900000117719173,87.60000130534172,1.4000000208616257,491.8
1991-12-16,1.5000000223517418,-8.100000120699406,-13.600000202655792,79.50000118464231,1.0,491.44
1991-12-23,9.400000140070915,3.714285769632885,-4.200000062584877,89.3000013306737,85.89999866485596,496.39
1991-12-30,7.200000107288361,-0.2000000029802322,-7.200000107288361,87.30000130087137,13.200000286102297,498.7
1992-01-06,8.50000012665987,0.9285714424082212,-5.500000081956387,77.54285829833576,6.199999913573265,498.77
1992-01-13,9.3000001385808,2.0428571732980862,-3.200000047683716,85.92857270900693,14.699999801814556,499.45
1992-01-20,2.500000037252903,-0.2428571464759963,-6.000000089406967,84.97142983760152,6.599999859929085,499.22
1992-01-27,-0.1000000014901161,-5.342857222471919,-11.000000163912771,84.82857269261565,0.0,498.46
1992-02-03,6.900000102818012,-1.685714310833386,-7.200000107288361,83.52857267324414,3.200000047683716,497.78
1992-02-10,7.000000104308128,1.3142857338700975,-3.9000000581145287,87.3857155878629,22.800000227987766,499.06
1992-02-17,10.000000149011612,2.3000000342726707,-4.200000062584877,86.01428699599845,30.000000298023224,499.58
1992-02-24,8.300000123679638,-1.9857143153037344,-15.600000232458116,80.97142977799687,0.6000000089406966,499.73
1992-03-02,14.500000216066836,3.5857143391455923,-2.500000037252903,79.00000117719173,4.400000095367432,499.88
1992-03-09,15.000000223517418,5.142857219491686,-2.3000000342726707,74.61428682612521,0.700000025331974,499.46
1992-03-16,15.300000227987766,3.657142911638533,-0.9000000134110451,77.51428686933858,49.500000193715096,500.18
1992-03-23,13.500000201165676,5.100000075995922,-1.700000025331974,80.61428691553218,52.09999990463257,502.18
1992-03-30,10.80000016093254,1.2571428758757457,-2.200000032782554,86.35714414396456,26.39999914169311,504.98
1992-04-06,14.000000208616257,3.957142916108881,-2.7000000402331352,80.67142977352653,29.09999978542328,505.78
1992-04-13,16.800000250339508,6.142857234392848,-3.1000000461936,61.757143777396,3.600000023841858,507.58
1992-04-20,13.40000019967556,5.128571504993098,-1.100000016391277,74.64285825512239,12.500000178813934,507.46
1992-04-27,27.60000041127205,11.67142874534641,-1.0000000149011612,68.48571530623096,8.5,507.18
1992-05-04,17.30000025779009,8.057142977203641,1.0000000149011612,81.60000121593475,20.30000000447035,506.58
1992-05-11,19.500000290572643,11.314285882881707,3.400000050663948,69.20000103116035,4.299999952316284,506.63
1992-05-18,27.60000041127205,15.77142880644117,1.700000025331974,55.77142940248762,0.0,506.03
1992-05-25,24.50000036507845,15.357143085982118,6.500000096857548,57.74285800329277,1.6999999657273293,505.38
1992-06-01,24.00000035762787,16.457143102373397,7.000000104308128,58.70000087469816,1.9999999552965164,504.63
1992-06-08,26.50000039488077,14.085714495607784,8.50000012665987,82.52857265834298,83.30000048875809,504.23
1992-06-15,24.300000362098217,14.642857361052718,6.800000101327896,75.91428684549672,14.49999962002039,504.61
1992-06-22,24.100000359117985,15.42857165847506,8.100000120699406,74.94285825959274,14.40000019222498,504.28
1992-06-29,24.50000036507845,16.085714525410108,8.600000128149986,76.02857256148543,36.69999980926514,503.93
1992-07-06,27.200000405311584,16.757143106843746,10.500000156462193,76.11428684847695,17.800000190734863,503.18
1992-07-13,24.100000359117985,15.300000227987766,9.80000014603138,82.45714408585003,18.5,502.58
1992-07-20,28.80000042915344,18.771428851144652,10.100000150501728,72.21428679036242,7.299999818205833,502.02
1992-07-27,30.600000455975533,19.27142885859524,11.000000163912771,72.81428679930312,8.099999763071537,501.88
1992-08-03,30.500000454485416,20.31428601699216,8.50000012665987,67.88571529729026,14.50000035762787,500.69
1992-08-10,33.70000050216913,21.55714317836932,10.30000015348196,64.41428667413336,5.8999998569488525,500.08
1992-08-17,26.100000388920307,15.92857166592564,8.400000125169754,72.97142965878759,7.899999856948851,499.33
1992-08-24,30.70000045746565,20.01428601252181,11.500000171363354,72.52857250933137,26.5999998152256,498.75
1992-08-31,31.80000047385693,19.27142885859524,10.500000156462193,70.14285818806717,26.59999978542328,498.13
1992-09-07,21.300000317394733,10.628571586949484,2.200000032782554,76.47142971094165,19.199999809265137,497.58
1992-09-14,22.600000336766243,13.857143063630376,5.500000081956387,77.87142973180327,10.400000154972076,496.98
1992-09-21,23.500000350177288,13.942857350621903,6.900000102818012,82.0285726508924,0.0,496.21
1992-09-28,23.80000035464764,12.54285732976028,6.400000095367432,86.01428699599845,10.900000013411043,495.68
1992-10-05,16.600000247359276,11.500000171363354,8.100000120699406,89.57142990614686,37.99999967217445,495.38
1992-10-12,14.900000222027302,8.785714416631631,0.2000000029802322,85.91428699450833,7.0000001192092896,494.98
1992-10-19,10.900000162422655,3.157142904187952,-3.700000055134296,84.14285839668342,13.999999582767488,494.48
1992-10-26,10.000000149011612,4.442857209060874,0.5000000074505806,90.25714420207908,66.39999896287918,494.26
1992-11-02,9.3000001385808,3.371428621666772,-1.3000000193715096,91.15714421549012,27.90000034123659,497.28
1992-11-09,12.4000001847744,5.714285799435207,-0.5000000074505806,91.12857278649297,6.800000198185445,496.73
1992-11-16,10.000000149011612,3.17142861868654,-2.1000000312924385,91.9285727984139,53.09999966621399,498.13
1992-11-23,11.900000177323818,4.400000065565109,-2.7000000402331352,86.74285843542644,39.30000000447035,499.98
1992-11-30,13.100000195205212,5.68571437043803,0.0,90.18571562958616,25.199999883770943,501.68
1992-12-07,10.600000157952309,3.5714286246470044,-1.3000000193715096,90.8428584965212,32.60000063478947,503.13
1992-12-14,4.500000067055225,0.5142857219491687,-1.100000016391277,91.60000136494637,19.90000019222498,504.33
1992-12-21,4.90000007301569,-0.2571428609745843,-4.500000067055225,91.9142870839153,10.2000003606081,505.06
1992-12-28,5.500000081956387,-3.24285719117948,-11.10000016540289,92.34285851887294,0.7000000178813933,505.06
1993-01-04,-0.5000000074505806,-8.72857155863728,-13.100000195205212,77.85714401730469,0.0,504.69
1993-01-11,10.500000156462193,3.24285719117948,-14.40000021457672,88.54285846224853,20.299999713897705,504.68
1993-01-18,14.600000217556952,3.6000000536441803,-2.7000000402331352,88.04285845479795,9.0,504.83
1993-01-25,10.80000016093254,5.985714374908379,-0.800000011920929,79.62857261512961,28.10000044107437,504.88
1993-02-01,4.700000070035458,-0.7428571539265769,-5.200000077486038,91.6857156519379,17.99999985843897,505.98
1993-02-08,7.500000111758709,-0.885714298912457,-6.500000096857548,86.3142870004688,0.900000013411045,505.75
1993-02-15,0.5000000074505806,-1.9857143153037344,-4.400000065565109,93.30000139027834,0.1000000014901161,505.68
1993-02-22,3.700000055134296,-1.628571452839034,-11.500000171363354,89.08571561319488,35.89999981224537,505.71
1993-03-01,3.1000000461936,-5.500000081956387,-17.50000026077032,77.74285830131599,0.9000000134110451,505.72
1993-03-08,4.90000007301569,-1.65714288183621,-7.900000117719173,82.07142979438815,9.30000013113022,505.73
1993-03-15,13.500000201165676,2.357142892267023,-7.000000104308128,71.40000106394291,0.0,505.03
1993-03-22,18.100000269711018,8.300000123679638,-1.0000000149011612,78.50000116974115,11.899999976158142,505.28
1993-03-29,9.100000135600569,-0.0857142869915281,-8.00000011920929,77.34285829535553,3.000000014901161,505.3
1993-04-05,18.6000002771616,5.457142938460622,-7.800000116229057,72.57142965282712,9.399999916553496,505.93
1993-04-12,12.500000186264517,5.885714373418263,-3.200000047683716,81.87142979140792,13.800000056624413,505.43
1993-04-19,14.800000220537186,7.257142965282712,0.4000000059604645,81.50000121444464,12.899999856948853,505.1
1993-04-26,23.500000350177288,14.98571450901883,5.000000074505806,57.75714371779135,0.2000000029802322,505.08
1993-05-03,24.100000359117985,14.600000217556952,7.700000114738941,66.1571438429611,10.000000178813934,503.95
1993-05-10,23.000000342726707,12.485714471765927,5.200000077486038,73.8000010997057,11.70000009983778,504.06
1993-05-17,23.600000351667404,13.68571448964732,4.200000062584877,75.2285725495645,27.600000023841854,502.83
1993-05-24,24.300000362098217,14.600000217556952,4.200000062584877,70.11428675906998,15.099999904632568,502.18
1993-05-31,28.80000042915344,16.20000024139881,6.70000009983778,69.58571532262224,25.09999991208315,501.38
1993-06-07,26.600000396370888,16.728571677846567,6.200000092387199,77.81428687380892,19.49999976158142,500.98
1993-06-14,27.000000402331352,15.657143090452466,5.700000084936619,75.75714398601225,13.600000023841858,500.28
1993-06-21,27.700000412762165,15.185714511999064,5.200000077486038,80.52857262854066,34.099999725818634,499.38
1993-06-28,19.60000029206276,13.557143059160028,4.90000007301569,76.64285828492471,24.699999608099464,499.08
1993-07-05,27.80000041425228,18.785714565643243,4.700000070035458,65.15714382805994,13.5,498.38
1993-07-12,25.600000381469727,13.128571624202388,5.000000074505806,77.00000114738941,23.799999624490734,498.03
1993-07-19,23.600000351667404,15.385714514979297,6.000000089406967,85.6000012755394,64.79999972879887,497.48
1993-07-26,23.500000350177288,14.285714498588018,9.100000135600569,77.1428582923753,10.699999883770944,497.48
1993-08-02,29.800000444054604,17.14285739830562,7.900000117719173,75.97142970349107,44.000000193715096,497.35
1993-08-09,26.80000039935112,17.014285967818328,7.000000104308128,74.97142968858991,17.499999955296516,497.52
1993-08-16,28.700000427663326,17.87142883773361,9.3000001385808,71.82857249890056,18.50000047683716,497.42
1993-08-23,30.300000451505184,17.985714553722314,10.500000156462193,72.34285822084972,15.900000095367432,496.96
1993-08-30,18.50000027567148,10.914285876921245,2.800000041723252,79.37142975415502,18.699999645352364,496.48
1993-09-06,17.600000262260437,9.6571430010455,1.3000000193715096,84.48571554464954,24.000000193715096,496.28
1993-09-13,20.60000030696392,12.68571447474616,3.1000000461936,86.48571557445186,29.999999672174454,496.18
1993-09-20,19.500000290572643,11.400000169873238,3.9000000581145287,80.07142976458583,2.8999999538064003,495.86
1993-09-27,25.50000037997961,13.571428773658615,5.000000074505806,82.68571551782745,3.8000000715255737,495.43
1993-10-04,13.600000202655792,8.485714412161283,3.6000000536441803,91.95714422741106,31.79999938607216,495.34
1993-10-11,19.10000028461218,10.80000016093254,3.700000055134296,86.64285843393633,30.199999429285526,496.18
1993-10-18,19.60000029206276,8.485714412161283,2.200000032782554,83.78571553421872,14.499999850988388,495.71
1993-10-25,6.000000089406967,3.414285765162536,1.3000000193715096,94.01428711520774,35.69999976456165,497.31
1993-11-01,7.400000110268593,2.2428571762783185,-2.500000037252903,89.38571561766523,0.0,497.48
1993-11-08,7.800000116229057,4.8571429295199255,1.100000016391277,95.24285856208633,16.299999833106995,497.08
1993-11-15,11.400000169873238,2.857142899717604,-1.80000002682209,91.61428707944496,22.799999929964542,497.23
1993-11-22,0.9000000134110451,-4.342857207570757,-10.500000156462193,81.68571550292629,1.0000000149011612,497.58
1993-11-29,-2.1000000312924385,-5.000000074505806,-6.900000102818012,88.75714417972735,1.600000023841858,497.03
1993-12-06,12.500000186264517,0.028571428997176,-8.50000012665987,89.78571562362569,3.100000075995922,496.58
1993-12-13,10.000000149011612,3.514285766652652,-1.700000025331974,85.7285727060267,63.99999976158142,498.33
1993-12-20,13.90000020712614,4.700000070035458,-0.2000000029802322,87.7428584503276,88.39999947696924,501.83
1993-12-27,12.000000178813934,0.0571428579943521,-5.000000074505806,87.44285844585725,20.099999725818638,505.78
1994-01-03,8.50000012665987,2.0428571732980862,-7.800000116229057,87.04285843989679,37.20000107586384,506.53
1994-01-10,8.100000120699406,3.300000049173832,0.0,87.24285844287702,1.8000000119209287,509.48
1994-01-17,10.30000015348196,1.2571428758757457,-7.400000110268593,90.01428705560309,15.599999621510506,509.88
1994-01-24,5.500000081956387,-1.9285714573093824,-10.000000149011612,86.68571557743209,19.899999618530277,509.93
1994-01-31,8.600000128149986,2.0714286022952626,-3.200000047683716,82.18571551037687,40.90000019222498,511.28
1994-02-07,7.500000111758709,2.3428571777684346,-4.90000007301569,89.42857276116099,17.399999618530273,512.33
1994-02-14,4.700000070035458,-2.057142887796674,-9.00000013411045,84.48571554464954,11.899999633431436,512.68
1994-02-21,1.80000002682209,-5.357142936970506,-14.100000210106373,77.60000115633011,3.00000011920929,512.8
1994-02-28,16.600000247359276,4.000000059604645,-2.1000000312924385,84.71428697662694,14.900000154972076,512.78
1994-03-07,13.500000201165676,5.04285721800157,-3.200000047683716,77.42857258234706,21.70000010728836,512.93
1994-03-14,17.100000254809856,7.471428682761533,-0.2000000029802322,84.61428697513682,6.099999994039536,513.13
1994-03-21,10.000000149011612,4.757142928029809,-1.0000000149011612,80.28571548206466,33.69999980926514,513.13
1994-03-28,17.30000025779009,8.014285833707877,-1.80000002682209,73.94285824469158,17.499999597668648,513.2
1994-04-04,19.80000029504299,6.242857235882964,-2.7000000402331352,80.60000120103359,29.199999451637268,513.43
1994-04-11,8.600000128149986,2.0285714587994983,-2.500000037252903,82.2571440828698,13.19999984651804,513.58
1994-04-18,12.90000019222498,4.4714286380580495,-0.1000000014901161,87.58571559084314,105.79999846220016,517.83
1994-04-25,19.60000029206276,10.08571443600314,-2.1000000312924385,73.9142868156944,52.49999971687794,518.71
1994-05-02,22.600000336766243,11.757143032337938,0.9000000134110451,70.08571533007282,4.200000047683716,518.85
1994-05-09,20.10000029951334,10.80000016093254,1.3000000193715096,69.0285724571773,5.500000193715096,518.8
1994-05-16,23.500000350177288,13.32857162718262,6.500000096857548,72.28571536285537,8.800000250339508,518.53
1994-05-23,20.30000030249357,13.04285733721086,5.700000084936619,84.2857155416693,33.80000019073486,518.13
1994-05-30,21.1000003144145,11.51428588586194,6.800000101327896,84.00000125169754,43.8000009059906,517.88
1994-06-06,27.500000409781933,13.157143053199563,3.200000047683716,71.98571535838502,38.19999980926514,517.58
1994-06-13,23.80000035464764,11.87142874832664,5.500000081956387,77.58571544183152,14.700000055134296,517.37
1994-06-20,26.30000039190054,15.714285948446818,7.200000107288361,72.62857251082148,3.5000000298023224,517.08
1994-06-27,30.200000450015068,20.214286015502044,9.100000135600569,67.42857243333545,5.499999910593033,516.68
1994-07-04,32.70000048726797,22.32857176129307,14.500000216066836,69.9714296140841,25.900000393390656,516.18
1994-07-11,25.00000037252903,17.21428597079856,10.30000015348196,73.02857251678195,35.40000028908253,515.88
1994-07-18,28.700000427663326,20.428571732980863,13.500000201165676,72.78571537030595,24.100000098347664,515.23
1994-07-25,30.600000455975533,19.75714315154723,12.600000187754633,71.15714391746691,48.09999829530715,514.78
1994-08-01,30.200000450015068,21.77142889584814,14.100000210106373,70.77142962600503,10.400000050663948,514.21
1994-08-08,32.600000485777855,22.24285747430154,14.000000208616257,67.55714386382273,12.700000405311586,513.52
1994-08-15,27.000000402331352,16.04285738191434,4.90000007301569,74.2714296781591,16.999999821186066,512.75
1994-08-22,27.60000041127205,16.314285957387515,5.4000000804662704,75.38571540904897,17.100000001490116,511.92
1994-08-29,26.200000390410423,15.8571430934327,9.100000135600569,80.44285834154913,23.60000026226044,511.08
1994-09-05,23.500000350177288,15.27142879899059,7.700000114738941,76.80000114440918,4.80000014603138,510.18
1994-09-12,20.60000030696392,13.857143063630376,6.900000102818012,84.85714412161282,47.79999989271164,509.38
1994-09-19,15.600000232458116,9.371428711073738,3.200000047683716,85.7142869915281,23.300000362098217,508.72
1994-09-26,23.600000351667404,13.18571448219674,2.7000000402331352,83.30000124126673,6.099999815225601,507.93
1994-10-03,18.6000002771616,12.7571430472391,6.000000089406967,89.57142990614686,18.40000027418137,506.73
1994-10-10,13.500000201165676,2.842857185219015,-2.500000037252903,77.31428686635834,2.0999999046325684,506.38
1994-10-17,19.80000029504299,7.442857253764357,-0.5000000074505806,81.28571549696582,0.0,505.58
1994-10-24,15.400000229477882,5.7857143719281465,-2.7000000402331352,82.60000123083591,6.499999940395355,504.73
1994-10-31,19.10000028461218,8.071428691702229,1.600000023841858,81.64285835943052,22.400000385940075,504.56
1994-11-07,18.50000027567148,7.928571546716349,0.0,87.1428584413869,0.3000000044703483,503.18
1994-11-14,11.500000171363354,7.042857247803893,3.400000050663948,93.05714424380234,23.19999946653843,502.48
1994-11-21,13.100000195205212,7.700000114738941,4.200000062584877,90.4857156340565,20.70000028610229,502.26
1994-11-28,11.000000163912771,6.042857232902732,2.200000032782554,91.25714421698024,3.600000113248825,502.01
1994-12-05,8.600000128149986,2.614285753241607,-2.600000038743019,91.9285727984139,21.799999989569187,501.43
1994-12-12,11.30000016838312,5.700000084936619,-3.6000000536441803,84.81428697811705,12.09999980032444,501.85
1994-12-19,9.500000141561031,0.857142869915281,-5.700000084936619,88.50000131875277,7.300000108778477,501.58
1994-12-26,2.7000000402331352,-1.8571428848164424,-5.4000000804662704,88.68571560723441,4.200000002980232,501.73
1995-01-02,9.600000143051147,3.200000047683716,-3.6000000536441803,86.80000129342079,55.39999976754189,502.63
1995-01-09,-0.5000000074505806,-7.171428678291185,-13.500000201165676,87.68571559233325,15.799999848008156,504.34
1995-01-16,2.3000000342726707,-3.4571429086583003,-15.100000225007534,89.34285847416946,28.80000087618828,504.66
1995-01-23,9.500000141561031,-0.07142857249294,-12.500000186264517,85.07142983909164,15.99999965727329,506.34
1995-01-30,11.000000163912771,3.5714286246470044,-3.500000052154064,82.57142980183873,51.60000061988831,506.98
1995-02-06,11.30000016838312,2.585714324244431,-6.200000092387199,82.52857265834298,1.2999999895691872,509.03
1995-02-13,12.600000187754633,4.814285786024162,-1.700000025331974,82.52857265834298,22.69999984651804,509.63
1995-02-20,10.000000149011612,4.7285714990326335,-1.3000000193715096,82.45714408585003,15.999999918043612,509.85
1995-02-27,14.800000220537186,1.5714285948446818,-2.7000000402331352,84.38571554315942,33.89999970793724,510.28
1995-03-06,13.800000205636024,2.2428571762783185,-5.000000074505806,76.01428684698683,10.500000096857548,511.08
1995-03-13,12.600000187754633,2.0285714587994983,-4.700000070035458,70.61428676652056,0.9000000059604645,511.18
1995-03-20,8.800000131130219,2.457142893757139,-2.500000037252903,82.18571551037687,57.79999891668558,511.18
1995-03-27,15.100000225007534,3.400000050663948,-4.200000062584877,76.27142970796142,39.90000009536743,511.48
1995-04-03,20.10000029951334,2.842857185219015,-9.100000135600569,78.58571545673269,24.59999990463257,513.53
1995-04-10,18.0000002682209,7.114285820296833,-2.200000032782554,71.78571535540479,1.30000002682209,514.78
1995-04-17,10.500000156462193,4.528571496052401,-0.2000000029802322,84.30000125616789,21.400000408291817,515.05
1995-04-24,23.500000350177288,10.485714441963603,1.80000002682209,72.30000107735395,6.799999862909317,514.93
1995-05-01,18.6000002771616,10.171428722994667,2.3000000342726707,84.77142983462129,10.700000002980232,514.58
1995-05-08,24.300000362098217,13.857143063630376,2.200000032782554,59.21428659664733,12.999999620020388,514.2
1995-05-15,14.40000021457672,7.7428572582347055,-2.1000000312924385,75.92857255999532,38.49999904632568,513.86
1995-05-22,16.50000024586916,9.171428708093506,2.3000000342726707,76.70000114291906,11.799999788403513,513.73
1995-05-29,25.50000037997961,16.15714309790305,2.3000000342726707,71.27142963345561,26.60000000149012,513.34
1995-06-05,18.100000269711018,11.771428746836524,8.300000123679638,88.30000131577253,27.300000190734863,512.88
1995-06-12,18.0000002682209,11.15714302339724,5.900000087916851,85.94285842350551,24.599999636411667,512.58
1995-06-19,22.600000336766243,12.571428758757454,6.800000101327896,82.90000123530626,33.89999998360872,512.51
1995-06-26,26.700000397861004,14.685714504548482,5.700000084936619,80.05714405008725,13.10000005364418,512.33
1995-07-03,28.80000042915344,19.45714314707688,9.100000135600569,66.08571527046817,13.59999978542328,511.93
1995-07-10,31.300000466406345,19.414286003581115,9.00000013411045,65.62857240651336,0.0,511.3
1995-07-17,30.600000455975533,19.47142886157547,13.300000198185444,78.95714403369597,45.49999989569187,510.68
1995-07-24,32.20000047981739,19.97142886902605,12.000000178813934,75.50000112503767,13.599999621510504,509.98
1995-07-31,28.80000042915344,19.657143150057117,9.500000141561031,71.75714392640761,18.600000381469727,509.18
1995-08-07,29.50000043958425,20.01428601252181,10.000000149011612,61.02857233796801,8.699999809265137,508.44
1995-08-14,28.50000042468309,17.671428834753378,8.600000128149986,75.3428582655532,21.299999713897705,506.82
1995-08-21,25.80000038444996,16.757143106843746,9.500000141561031,77.40000115334988,9.799999810755253,506.82
1995-08-28,26.100000388920307,15.400000229477882,8.00000011920929,84.71428697662694,47.39999961853027,506.06
1995-09-04,14.800000220537186,9.314285853079388,5.500000081956387,87.90000130981207,19.29999986290932,505.4
1995-09-11,23.600000351667404,12.385714470275811,2.7000000402331352,81.6571440739291,19.100000083446503,504.64
1995-09-18,20.80000030994416,12.485714471765927,4.700000070035458,87.87142988081489,16.099999763071537,504.03
1995-09-25,16.300000242888927,10.271428724484784,4.700000070035458,91.4428585054619,9.200000002980232,503.43
1995-10-02,17.80000026524067,8.585714413651399,1.0000000149011612,84.7571441201227,16.400000147521496,502.88
1995-10-09,23.300000347197056,14.371428785579544,6.800000101327896,86.01428699599845,1.9000000283122065,502.21
1995-10-16,17.100000254809856,11.942857320819584,7.300000108778477,93.87142997022184,1.3000000193715096,501.53
1995-10-23,16.800000250339508,7.828571545226233,-0.5000000074505806,89.38571561766523,4.600000098347664,500.94
1995-10-30,17.600000262260437,10.342857296977725,1.0000000149011612,89.10000132769346,11.59999993443489,500.36
1995-11-06,11.000000163912771,1.742857168827738,-7.700000114738941,85.88571556551116,37.39999959617853,500.93
1995-11-13,9.80000014603138,2.5571428952472552,-3.400000050663948,91.15714421549012,2.0999999940395355,501.38
1995-11-20,9.500000141561031,2.871428614216192,-6.000000089406967,90.65714420803955,51.299998857080936,501.78
1995-11-27,5.4000000804662704,-0.7142857249294009,-9.00000013411045,90.6285727790424,1.700000040233135,502.2
1995-12-04,3.700000055134296,0.4571428639548165,-2.600000038743019,92.64285852334328,5.100000038743019,502.08
1995-12-11,0.2000000029802322,-3.300000049173832,-5.900000087916851,89.58571562064546,1.900000050663948,501.68
1995-12-18,2.800000041723252,-2.5571428952472552,-6.000000089406967,91.0714299284986,6.099999994039536,501.15
1995-12-25,11.000000163912771,3.6000000536441803,-1.100000016391277,93.38571567726989,59.60000038146973,500.93
1996-01-01,0.2000000029802322,-5.928571516914027,-11.900000177323818,87.01428701089961,1.8000000044703484,504.25
1996-01-08,3.000000044703484,-4.071428632097585,-11.000000163912771,93.80000139772892,4.299999959766865,504.24
1996-01-15,4.500000067055225,-1.0000000149011612,-3.700000055134296,94.20000140368938,0.7000000178813934,503.93
1996-01-22,-1.0000000149011612,-4.128571490091937,-6.000000089406967,90.21428705858332,0.1000000014901161,503.4
1996-01-29,-2.7000000402331352,-4.928571502012866,-8.100000120699406,87.84285845181772,3.0999999567866325,502.98
1996-02-05,2.7000000402331352,-3.628571482641356,-11.000000163912771,78.51428688423974,1.30000002682209,502.16
1996-02-12,5.000000074505806,-3.7857143421258246,-13.000000193715096,82.9857155222978,3.599999949336052,501.48
1996-02-19,3.500000052154064,-0.5142857219491687,-3.700000055134296,88.32857274476972,32.60000020265579,500.98
1996-02-26,13.600000202655792,-3.828571485621589,-17.30000025779009,74.45714396664074,1.2000000178813934,500.86
1996-03-04,10.500000156462193,-1.8428571703178545,-10.000000149011612,75.02857254658427,3.000000096857548,500.18
1996-03-11,3.9000000581145287,-1.814285741320678,-10.600000157952309,75.11428683357579,1.4000000283122065,499.48
1996-03-18,8.400000125169754,-1.2857143048729216,-12.800000190734863,82.40000122785568,1.400000050663948,499.13
1996-03-25,13.90000020712614,5.357142936970506,-2.800000041723252,83.25714409777096,15.199999928474426,501.98
1996-04-01,13.600000202655792,0.7857142974223409,-7.000000104308128,77.94285830429622,17.100000143051147,503.28
1996-04-08,16.800000250339508,3.128571475190776,-4.000000059604645,80.77142977501664,11.49999976158142,503.04
1996-04-15,13.600000202655792,4.642857212041106,-3.1000000461936,73.12857251827207,5.800000011920929,502.9
1996-04-22,26.200000390410423,12.428571613771576,-4.200000062584877,49.44285787961313,0.0,502.51
1996-04-29,24.600000366568565,12.200000181794168,3.200000047683716,69.31428674714905,12.600000098347664,502.0
1996-05-06,19.000000283122063,9.885714433022908,1.80000002682209,75.01428683208567,12.300000369548798,501.43
1996-05-13,21.1000003144145,8.85714298912457,2.600000038743019,88.1000013127923,30.500000715255737,500.88
1996-05-20,20.80000030994416,11.82857160483088,7.000000104308128,87.5000013038516,31.89999938011169,501.33
1996-05-27,23.300000347197056,11.557143029357706,3.200000047683716,80.92857263450112,38.39999997615814,501.48
1996-06-03,29.300000436604023,14.04285735211202,1.3000000193715096,71.01428677248103,1.300000049173832,502.48
1996-06-10,30.70000045746565,19.771428866045817,9.900000147521496,64.68571524960655,1.8999999538064003,501.58
1996-06-17,28.60000042617321,17.414285973778792,5.000000074505806,59.27142945464168,0.800000011920929,501.58
1996-06-24,26.00000038743019,13.142857338700976,6.800000101327896,77.12857257787671,34.5,500.98
1996-07-01,22.600000336766243,14.171428782599312,5.500000081956387,72.81428679930312,12.699999570846558,500.41
1996-07-08,25.100000374019142,13.97142877961908,6.000000089406967,78.4428583117468,59.09999907016754,499.88
1996-07-15,25.80000038444996,16.314285957387515,6.70000009983778,78.9285726046988,35.89999961853027,501.8
1996-07-22,23.100000344216824,14.171428782599312,5.500000081956387,62.87142950828586,0.0,502.58
1996-07-29,29.700000442564487,17.542857404266083,7.700000114738941,76.15714399197272,22.500000312924385,501.36
1996-08-05,28.00000041723252,16.942857395325387,8.50000012665987,75.07142969008002,9.199999928474426,499.98
1996-08-12,27.200000405311584,16.900000251829624,10.100000150501728,80.90000120550394,57.2999993339181,500.68
1996-08-19,26.00000038743019,15.64285737595388,9.500000141561031,78.70000117272139,14.599999964237211,500.76
1996-08-26,25.80000038444996,16.28571452839034,10.30000015348196,82.27142979736838,31.70000028610229,499.37
1996-09-02,20.500000305473804,12.17142875279699,4.90000007301569,81.75714407541922,11.099999576807022,499.2
1996-09-09,20.500000305473804,10.3714287259749,1.5000000223517418,77.98571544779199,0.5,498.75
1996-09-16,15.800000235438349,8.842857274625983,1.80000002682209,84.81428697811705,31.600000955164436,498.6
1996-09-23,16.300000242888927,8.657142986144338,0.5000000074505806,87.34285844436714,5.499999836087227,497.71
1996-09-30,22.30000033229589,9.757143002535615,2.3000000342726707,80.78571548951524,4.599999934434891,496.89
1996-10-07,21.60000032186508,8.185714407690934,-0.5000000074505806,86.10000128298998,9.799999788403513,496.88
1996-10-14,16.600000247359276,10.057143007005964,2.200000032782554,83.78571553421872,0.2000000029802322,497.16
1996-10-21,16.100000239908695,7.914285832217762,1.80000002682209,92.22857280288424,41.60000014305115,497.17
1996-10-28,17.100000254809856,6.600000098347664,-1.600000023841858,82.57142980183873,2.0000000298023224,497.14
1996-11-04,17.100000254809856,7.571428684251649,0.800000011920929,80.77142977501664,22.699999809265137,497.01
1996-11-11,11.60000017285347,6.085714376398495,-0.800000011920929,83.61428696023566,38.10000002384186,496.98
1996-11-18,12.10000018030405,3.128571475190776,0.0,92.20000137388706,19.599999710917476,496.94
1996-11-25,7.400000110268593,-0.4428571494562285,-7.800000116229057,86.62857271943774,23.60000029951334,496.84
1996-12-02,2.800000041723252,-0.6142857234392848,-4.200000062584877,89.5428584771497,38.10000002384186,497.03
1996-12-09,6.000000089406967,-1.671428596334798,-5.4000000804662704,89.97142991210733,0.0,497.03
1996-12-16,3.1000000461936,-1.0857143018926891,-6.200000092387199,93.05714424380234,4.100000098347664,497.15
1996-12-23,7.000000104308128,0.3857142914618764,-5.500000081956387,90.87142992551836,29.400000289082527,497.15
1996-12-30,-5.200000077486038,-12.628571616751808,-20.10000029951334,82.71428694682461,4.700000040233135,497.26
1997-01-06,-2.1000000312924385,-7.557142969753061,-16.800000250339508,87.95714416780642,0.2000000029802322,499.53
1997-01-13,-2.3000000342726707,-6.214285806885788,-10.900000162422655,90.00000134110451,0.0,500.84
1997-01-20,3.200000047683716,-3.7857143421258246,-12.000000178813934,84.2857155416693,0.2000000029802322,502.55
1997-01-27,8.50000012665987,1.0714285873941012,-2.3000000342726707,93.10000138729812,1.4000000059604645,501.71
1997-02-03,2.200000032782554,-2.728571469230311,-9.3000001385808,87.30000130087137,0.0,501.62
1997-02-10,11.000000163912771,1.2714285903743334,-6.000000089406967,76.3000011369586,5.699999809265137,501.73
1997-02-17,9.3000001385808,2.1571428892867908,-2.800000041723252,82.41428694235427,39.89999933540821,503.63
1997-02-24,13.600000202655792,5.200000077486038,-1.80000002682209,73.27142966325793,11.200000405311586,503.63
1997-03-03,18.50000027567148,6.62857152734484,-1.3000000193715096,75.41428683804614,31.40000067651272,505.16
1997-03-10,15.900000236928465,5.771428657429559,-1.3000000193715096,80.97142977799687,8.299999833106995,506.56
1997-03-17,16.100000239908695,7.12857153479542,-1.80000002682209,78.10000116378069,5.100000075995922,507.06
1997-03-24,13.600000202655792,3.057142902697836,-4.200000062584877,85.0000012665987,26.199999511241916,507.56
1997-03-31,11.500000171363354,4.928571502012866,-0.6000000089406967,83.64285838923284,20.199999764561653,507.67
1997-04-07,17.30000025779009,5.128571504993098,-3.700000055134296,68.47142959173236,21.100000858306885,507.77
1997-04-14,17.30000025779009,5.485714367457798,-3.700000055134296,61.60000091791153,2.8000000044703484,508.22
1997-04-21,16.100000239908695,2.8142857562218397,-5.500000081956387,68.75714388170412,5.5,508.02
1997-04-28,18.100000269711018,8.71428584413869,-6.200000092387199,64.2571438146489,14.59999966621399,507.82
1997-05-05,23.300000347197056,11.171428737895829,1.100000016391277,76.22857256446567,11.50000013411045,507.38
1997-05-12,22.600000336766243,8.242857265685286,-2.7000000402331352,75.2142868350659,9.899999812245367,506.77
1997-05-19,29.000000432133675,17.985714553722314,7.000000104308128,67.08571528536933,0.0,506.01
1997-05-26,21.000000312924385,12.414285899272986,2.3000000342726707,64.91428668158395,7.600000083446503,505.49
1997-06-02,18.80000028014183,11.757143032337938,1.3000000193715096,57.728572288794176,0.3000000119209289,504.68
1997-06-09,25.50000037997961,16.600000247359276,7.800000116229057,70.87142962749515,17.400000393390656,503.89
1997-06-16,27.60000041127205,17.671428834753378,9.500000141561031,67.98571529878038,19.00000023841858,503.14
1997-06-23,18.80000028014183,12.071428751306874,4.200000062584877,84.67142983313117,45.60000005364418,501.93
1997-06-30,23.300000347197056,13.914285921624728,8.800000131130219,83.67142981823001,40.3999999538064,501.76
1997-07-07,24.600000366568565,14.142857353602135,7.300000108778477,81.98571550739663,46.90000009536743,501.76
1997-07-14,25.80000038444996,16.65714310535363,8.50000012665987,74.57142968262944,22.7000003233552,501.72
1997-07-21,24.300000362098217,15.214285940996238,9.600000143051147,81.9000012204051,21.60000023990869,501.76
1997-07-28,25.00000037252903,17.057143111314094,10.500000156462193,78.45714402624539,28.79999943077564,501.57
1997-08-04,27.500000409781933,16.400000244379044,9.500000141561031,74.62857254062381,4.600000083446503,500.93
1997-08-11,27.700000412762165,19.10000028461218,10.000000149011612,68.42857244823661,2.999999910593033,500.42
1997-08-18,29.000000432133675,18.72857170764889,10.80000016093254,67.80000101029873,0.800000011920929,499.87
1997-08-25,29.300000436604023,20.000000298023224,11.60000017285347,66.4000009894371,7.100000098347664,499.17
1997-09-01,28.300000421702865,16.37142881538187,9.00000013411045,81.55714407243899,25.39999989420176,498.39
1997-09-08,25.600000381469727,16.35714310088328,7.000000104308128,79.95714404859713,12.80000016838312,497.56
1997-09-15,27.3000004068017,12.54285732976028,2.600000038743019,71.21428677546126,8.200000196695328,496.97
1997-09-22,23.100000344216824,11.971428749816758,0.800000011920929,71.34285820594856,0.0,496.24
1997-09-29,23.000000342726707,12.31428589778287,2.600000038743019,69.142858173166,0.0,495.77
1997-10-06,24.100000359117985,12.414285899272986,0.9000000134110451,71.82857249890056,0.5000000074505806,495.47
1997-10-13,24.600000366568565,12.871428763227804,4.200000062584877,78.34285831025669,50.30000001192093,494.96
1997-10-20,12.90000019222498,6.8142858158264845,3.700000055134296,90.28571563107629,12.29999978095293,494.65
1997-10-27,9.80000014603138,3.371428621666772,-3.200000047683716,79.91428690510136,0.2000000029802322,494.37
1997-11-03,12.300000183284284,1.4142857353602136,-4.000000059604645,65.28571525854724,0.0,494.24
1997-11-10,17.100000254809856,6.885714388319424,0.0,77.12857257787671,2.3999999165534973,493.73
1997-11-17,10.500000156462193,4.100000061094761,-0.5000000074505806,85.74285842052528,11.100000359117988,493.37
1997-11-24,7.800000116229057,1.1142857308898653,-5.000000074505806,87.9857155968036,4.100000001490116,493.1
1997-12-01,11.000000163912771,2.400000035762787,-1.100000016391277,92.30000137537718,8.400000229477882,493.0
1997-12-08,3.500000052154064,-1.0142857293997491,-7.800000116229057,90.6142870645438,9.50000023841858,492.67
1997-12-15,10.400000154972076,3.257142905678068,-4.000000059604645,90.31428706007344,52.40000043064356,495.2
1997-12-22,3.700000055134296,-0.9285714424082212,-7.000000104308128,86.4428584309561,41.599999621510506,495.48
1997-12-29,10.400000154972076,3.38571433616536,-0.5000000074505806,90.55714420654944,16.80000014603138,497.13
1998-01-05,9.400000140070915,4.528571496052401,-1.80000002682209,77.45714401134423,13.30000002682209,497.84
1998-01-12,10.80000016093254,3.971428630607469,-3.700000055134296,75.48571541053909,3.5000000074505806,497.99
1998-01-19,9.00000013411045,2.3142857487712587,-4.90000007301569,84.74285840562412,35.899999633431435,498.27
1998-01-26,3.200000047683716,-1.9857143153037344,-8.600000128149986,86.18571556998151,5.699999824166298,498.56
1998-02-02,0.6000000089406967,-6.742857243333544,-12.000000178813934,80.2428583385689,0.1000000014901161,498.07
1998-02-09,9.3000001385808,-2.6714286112359598,-11.900000177323818,73.27142966325793,0.0,497.5
1998-02-16,15.000000223517418,5.914285802415439,-3.000000044703484,70.04285818657705,1.2999999523162842,497.35
1998-02-23,17.50000026077032,5.357142936970506,-1.5000000223517418,82.31428694086415,8.099999904632568,497.08
1998-03-02,10.80000016093254,4.928571502012866,-1.0000000149011612,82.55714408734015,5.799999989569187,496.82
1998-03-09,20.30000030249357,6.614285812846252,-4.000000059604645,66.70000099390745,41.39999914169312,498.7
1998-03-16,7.500000111758709,2.8285714707204277,-5.700000084936619,79.74285833111831,18.399999774992462,499.69
1998-03-23,8.900000132620335,2.842857185219015,-5.500000081956387,76.71428685741765,19.20000050216913,499.95
1998-03-30,19.80000029504299,5.314285793474743,-7.000000104308128,69.67142960961375,0.0,500.1
1998-04-06,21.80000032484532,10.385714440473487,3.400000050663948,72.80000108480453,11.999999858438969,499.89
1998-04-13,17.100000254809856,5.671428655939443,-0.5000000074505806,80.14285833707878,20.800000175833706,499.51
1998-04-20,15.900000236928465,6.014285803905556,-2.1000000312924385,69.34285817614624,4.70000009983778,499.29
1998-04-27,22.100000329315662,12.45714304276875,3.700000055134296,69.31428674714905,8.799999937415123,499.02
1998-05-04,20.30000030249357,10.028571578008789,2.500000037252903,80.91428692000252,23.29999935626984,498.85
1998-05-11,27.60000041127205,15.228571655494829,5.200000077486038,60.90000090748072,0.4000000059604644,498.55
1998-05-18,28.200000420212746,15.828571664435524,5.000000074505806,55.57142939950739,0.6000000238418579,498.17
1998-05-25,22.100000329315662,12.32857161228146,0.5000000074505806,64.84285810909101,2.200000025331974,497.66
1998-06-01,25.100000374019142,15.314285942486354,8.00000011920929,73.94285824469158,23.7999999076128,497.31
1998-06-08,32.00000047683716,19.72857172255005,10.400000154972076,67.27142957385097,28.89999947696925,496.88
1998-06-15,24.300000362098217,12.742857332740511,4.000000059604645,81.0571440649884,35.99999958276749,496.74
1998-06-22,32.30000048130751,17.328571686787264,8.300000123679638,71.44285820743868,5.100000120699406,496.29
1998-06-29,26.80000039935112,17.6428574057562,9.900000147521496,69.68571532411235,25.000000596046448,496.05
1998-07-06,23.600000351667404,16.085714525410108,9.500000141561031,71.74285821190902,2.999999977648258,495.66
1998-07-13,26.50000039488077,14.457143072571071,8.00000011920929,80.32857262556043,21.70000012218952,495.23
1998-07-20,33.70000050216913,17.400000259280205,6.70000009983778,69.95714389958552,15.00000035762787,494.87
1998-07-27,30.200000450015068,19.114285999110766,10.400000154972076,74.17142967666898,20.39999981224537,494.52
1998-08-03,24.100000359117985,16.528571674866335,9.500000141561031,79.00000117719173,30.20000047981739,494.11
1998-08-10,32.600000485777855,20.44285744747945,10.100000150501728,60.71428661899908,0.3000000119209289,493.8
1998-08-17,34.50000051409006,20.70000030845404,9.500000141561031,62.20000092685223,3.799999952316284,493.5
1998-08-24,25.80000038444996,15.728571662945408,9.600000143051147,77.81428687380892,37.200000286102295,493.21
1998-08-31,22.100000329315662,11.74285731783935,4.200000062584877,71.97142964388642,1.0000000149011612,492.98
1998-09-07,22.800000339746475,15.042857367013182,6.000000089406967,82.22857265387263,30.999999672174454,492.84
1998-09-14,25.100000374019142,12.7571430472391,5.700000084936619,82.35714408435992,44.399999260902405,492.72
1998-09-21,16.600000247359276,9.528571570558208,1.80000002682209,81.5428583579404,40.19999945163727,494.03
1998-09-28,19.80000029504299,11.971428749816758,4.500000067055225,81.00000120699406,6.0000001192092896,493.84
1998-10-05,17.50000026077032,10.257143009986196,6.800000101327896,90.08571562809604,39.7999999076128,494.75
1998-10-12,13.40000019967556,8.771428702133042,5.500000081956387,88.1000013127923,40.90000069141388,495.54
1998-10-19,19.60000029206276,9.528571570558208,1.80000002682209,84.74285840562412,18.199999906122684,496.63
1998-10-26,16.300000242888927,8.071428691702229,0.0,79.42857261214938,47.10000002384186,497.28
1998-11-02,16.00000023841858,6.385714380868843,-0.2000000029802322,85.34285841456482,93.40000224113464,502.68
1998-11-09,10.100000150501728,4.771428642528398,-2.600000038743019,86.27142985697303,36.30000028759241,505.66
1998-11-16,10.80000016093254,2.4428571792585507,-2.3000000342726707,91.22857278798308,38.399999886751175,507.6
1998-11-23,1.100000016391277,-4.82857150052275,-10.000000149011612,83.18571552527803,2.4000000581145287,509.46
1998-11-30,2.1000000312924385,-1.3000000193715096,-4.400000065565109,86.98571558190244,6.400000065565109,510.05
1998-12-07,0.4000000059604645,-3.428571479661124,-6.800000101327896,89.02857275520053,25.80000001192093,509.95
1998-12-14,8.100000120699406,-0.5857142944421087,-13.40000019967556,89.48571561915534,19.199999824166294,509.85
1998-12-21,8.100000120699406,0.842857155416693,-5.200000077486038,86.30000128597021,7.399999812245369,510.56
1998-12-28,9.100000135600569,0.9000000134110451,-7.200000107288361,82.04285836539098,3.699999906122685,510.94
1999-01-04,11.30000016838312,1.1000000163912775,-5.000000074505806,86.97142986740384,7.599999956786632,511.05
1999-01-11,13.100000195205212,2.871428614216192,-1.700000025331974,83.88571553570884,28.100000381469727,511.26
1999-01-18,8.50000012665987,0.5142857219491687,-6.500000096857548,77.20000115036964,12.699999928474426,511.96
1999-01-25,7.300000108778477,-0.1857142884816441,-6.200000092387199,83.80000124871731,0.1000000014901161,511.9
1999-02-01,6.800000101327896,-3.31428576367242,-11.60000017285347,85.65714413353375,38.50000116229057,511.61
1999-02-08,5.200000077486038,0.1428571449858801,-7.000000104308128,89.15714418568781,38.39999943226576,511.94
1999-02-15,0.4000000059604645,-7.1000001057982445,-16.600000247359276,86.34285842946598,3.500000037252903,512.21
1999-02-22,5.000000074505806,0.6857142959322248,-10.000000149011612,92.94285852781364,84.6000018119812,513.1
1999-03-01,12.600000187754633,0.4285714349576404,-6.500000096857548,84.5142869736467,27.799999445676804,516.6
1999-03-08,11.400000169873238,2.800000041723252,-2.500000037252903,83.98571553719896,25.199999660253525,519.17
1999-03-15,18.6000002771616,5.700000084936619,0.2000000029802322,83.42857267175403,15.200000286102297,520.36
1999-03-22,9.400000140070915,1.7857143123235022,-5.000000074505806,79.42857261214938,10.299999862909315,520.33
1999-03-29,18.30000027269125,6.228571521384375,0.2000000029802322,81.94285836390087,11.90000019222498,519.98
1999-04-05,17.50000026077032,8.128571549696582,-0.800000011920929,74.84285825810262,7.699999809265137,519.77
1999-04-12,19.10000028461218,7.600000113248825,0.5000000074505806,79.48571547014373,30.50000002980232,519.32
1999-04-19,13.100000195205212,3.500000052154064,0.0,83.35714409926108,24.499999403953552,519.47
1999-04-26,19.30000028759241,9.671428715544089,-1.100000016391277,75.15714397707156,6.899999976158142,519.15
1999-05-03,22.500000335276127,13.271428769188269,4.500000067055225,71.21428677546126,0.4000000059604645,518.94
1999-05-10,23.000000342726707,13.442857343171324,5.700000084936619,78.4428583117468,19.600000023841854,518.54
1999-05-17,18.0000002682209,12.028571607811111,4.200000062584877,77.52857258383717,33.799999952316284,518.08
1999-05-24,21.300000317394733,13.085714480706624,6.200000092387199,77.85714401730469,58.79999995231629,518.26
1999-05-31,28.700000427663326,19.02857171211924,8.50000012665987,64.48571524662631,2.400000095367432,518.25
1999-06-07,29.000000432133675,15.085714510508948,6.200000092387199,73.442858237241,18.800000049173832,517.99
1999-06-14,19.60000029206276,13.557143059160028,5.200000077486038,77.82857258830752,20.200000017881397,517.66
1999-06-21,20.80000030994416,13.671428775148732,4.500000067055225,73.77142967070851,13.899999767541884,517.38
1999-06-28,25.00000037252903,14.071428781109196,3.1000000461936,71.42857249294009,19.09999966621399,516.76
1999-07-05,31.300000466406345,20.128571728510515,7.300000108778477,67.41428671883685,4.599999949336052,516.13
1999-07-12,21.300000317394733,15.92857166592564,10.600000157952309,88.88571561021465,54.99999904632568,515.69
1999-07-19,27.3000004068017,17.571428833263262,8.800000131130219,72.471429651337,16.5,514.93
1999-07-26,26.50000039488077,16.20000024139881,7.800000116229057,76.27142970796142,23.899999856948853,514.31
1999-08-02,27.80000041425228,18.771428851144652,9.500000141561031,62.24285807034799,0.0,513.51
1999-08-09,27.500000409781933,19.54285743406841,10.000000149011612,77.11428686337811,41.3000004068017,512.56
1999-08-16,21.60000032186508,14.771428791540009,8.600000128149986,82.44285837135145,17.800000205636024,511.74
1999-08-23,21.60000032186508,14.48571450156825,6.900000102818012,73.8000010997057,3.599999964237213,510.94
1999-08-30,26.30000039190054,16.614285961857863,9.00000013411045,83.12857266728368,13.400000095367432,510.04
1999-09-06,24.300000362098217,15.228571655494829,6.800000101327896,77.9571440187948,10.30000038444996,509.13
1999-09-13,27.60000041127205,17.700000263750553,9.900000147521496,69.52857246462789,0.0,508.23
1999-09-20,28.300000421702865,15.614285946956702,8.400000125169754,78.54285831323692,16.40000009536743,507.27
1999-09-27,22.600000336766243,14.55714307406119,8.400000125169754,85.01428698109729,29.70000008493662,506.32
1999-10-04,18.30000027269125,10.614285872450896,4.000000059604645,86.82857272241797,35.5,505.47
1999-10-11,15.300000227987766,8.28571440918105,0.800000011920929,84.05714410969189,3.1000000834465027,504.88
1999-10-18,15.400000229477882,5.714285799435207,-1.5000000223517418,79.91428690510136,0.0,503.72
1999-10-25,14.300000213086603,6.285714379378727,-2.500000037252903,83.87142982121024,14.19999984651804,503.04
1999-11-01,16.600000247359276,9.642857286546912,-0.1000000014901161,80.75714406051806,18.200000002980232,502.17
1999-11-08,13.000000193715096,6.300000093877316,-0.5000000074505806,88.214287028781,14.399999976158142,502.04
1999-11-15,4.90000007301569,1.642857167337622,-2.7000000402331352,91.04285849950143,29.599999301135536,502.76
1999-11-22,0.0,-3.228571476680892,-8.50000012665987,88.50000131875277,7.399999871850014,502.19
1999-11-29,5.200000077486038,-0.5714285799435206,-6.500000096857548,87.78571559382337,3.0,501.49
1999-12-06,7.800000116229057,1.3285714483686857,-6.200000092387199,86.87142986591373,22.20000020414591,501.63
1999-12-13,11.500000171363354,3.700000055134296,-1.0000000149011612,83.00000123679638,12.800000064074991,501.95
1999-12-20,2.800000041723252,-1.9571428863065583,-10.500000156462193,89.60000133514404,54.5999995470047,502.76
1999-12-27,6.900000102818012,-1.9714286008051465,-13.300000198185444,86.90000129491091,30.300000466406345,505.18
2000-01-03,3.000000044703484,-0.814285726419517,-4.000000059604645,92.78571566832916,6.699999995529652,506.06
2000-01-10,5.500000081956387,1.4428571643573898,-2.500000037252903,92.60000137984753,6.199999883770943,506.73
2000-01-17,2.3000000342726707,-2.1428571747882024,-8.900000132620335,88.74285846522876,0.8999999910593033,506.86
2000-01-24,3.6000000536441803,-2.271428605275495,-14.600000217556952,88.78571560872453,25.60000012069941,506.94
2000-01-31,7.800000116229057,-2.000000029802323,-17.600000262260437,80.18571548057454,25.400000005960464,507.61
2000-02-07,11.000000163912771,3.8714286291173527,-2.500000037252903,80.21428690957171,4.800000049173832,509.46
2000-02-14,10.400000154972076,2.3000000342726707,-5.200000077486038,83.05714409479073,33.199999906122684,510.26
2000-02-21,8.400000125169754,0.3285714334675244,-6.200000092387199,89.25714418717793,34.700000286102295,511.37
2000-02-28,15.800000235438349,3.257142905678068,-4.700000070035458,79.31428689616067,7.200000196695328,512.46
2000-03-06,10.400000154972076,1.614285738340446,-4.700000070035458,81.15714406647852,29.700000166893005,513.37
2000-03-13,12.4000001847744,6.028571518404143,-4.200000062584877,80.52857262854066,8.000000089406967,513.8
2000-03-20,9.3000001385808,4.042857203100409,-3.6000000536441803,86.38571557296174,49.70000022649765,514.76
2000-03-27,15.900000236928465,6.185714377888611,-1.700000025331974,76.48571542544025,11.600000239908695,515.94
2000-04-03,17.100000254809856,4.285714349576405,-1.80000002682209,82.68571551782745,31.6999996304512,517.0
2000-04-10,15.600000232458116,5.500000081956387,-2.7000000402331352,69.10000102967024,13.69999983906746,517.5
2000-04-17,16.800000250339508,7.328571537775653,1.3000000193715096,77.78571544481176,14.599999763071535,517.46
2000-04-24,27.60000041127205,12.24285732528993,3.200000047683716,68.55714387872389,2.100000023841858,517.14
2000-05-01,24.00000035762787,14.028571637613434,2.800000041723252,76.21428684996707,13.199999928474426,516.85
2000-05-08,24.100000359117985,15.12857165400471,6.70000009983778,74.78571540010827,20.59999990463257,516.45
2000-05-15,28.300000421702865,17.242857399795735,7.000000104308128,65.60000097751617,21.50000047683716,515.76
2000-05-22,27.60000041127205,11.614285887352056,1.100000016391277,77.50000115483999,14.500000037252905,515.48
2000-05-29,21.50000032037497,12.642857331250395,4.700000070035458,77.31428686635834,15.100000023841858,514.87
2000-06-05,30.200000450015068,16.771428821342333,3.400000050663948,70.91428677099091,37.19999925047159,514.34
2000-06-12,27.700000412762165,16.91428596632821,5.000000074505806,73.41428680824382,5.6999999061226845,513.9
2000-06-19,29.60000044107437,17.614285976759025,5.500000081956387,62.28571521384375,0.4000000059604644,513.23
2000-06-26,31.000000461936,16.685714534350804,8.100000120699406,67.2428581448538,5.900000013411045,511.86
2000-07-03,27.3000004068017,16.971428824322565,3.200000047683716,59.81428660558803,5.400000184774399,511.46
2000-07-10,25.80000038444996,15.142857368503298,8.50000012665987,79.00000117719173,45.69999945163727,510.09
2000-07-17,17.80000026524067,10.957143020417009,5.500000081956387,84.50000125914812,33.699999421834946,509.24
2000-07-24,23.80000035464764,15.157143083001886,6.500000096857548,74.84285825810262,3.299999952316284,508.28
2000-07-31,24.100000359117985,15.842857378934111,9.00000013411045,80.37142976905618,26.99999904632568,507.37
2000-08-07,26.80000039935112,15.542857374463765,9.600000143051147,85.8428584220154,22.699999809265137,506.67
2000-08-14,30.500000454485416,19.114285999110766,11.000000163912771,70.7000010535121,1.399999976158142,505.84
2000-08-21,32.20000047981739,20.200000301003456,13.300000198185444,74.77142968560968,34.40000078082085,505.05
2000-08-28,26.200000390410423,16.685714534350804,10.000000149011612,72.42857250784125,1.4999999776482582,504.11
2000-09-04,23.500000350177288,13.742857347641673,7.400000110268593,83.80000124871731,23.19999957084656,503.11
2000-09-11,26.200000390410423,13.800000205636024,5.200000077486038,77.74285830131599,14.799999952316284,502.64
2000-09-18,25.50000037997961,14.814285935035771,10.000000149011612,83.1000012382865,23.200000390410423,501.96
2000-09-25,17.50000026077032,10.65714301594666,4.700000070035458,92.87142995532068,27.60000019520521,502.53
2000-10-02,22.30000033229589,13.842857349131789,9.600000143051147,87.91428702431065,12.900000363588331,502.89
2000-10-09,14.600000217556952,8.171428693192345,0.2000000029802322,90.3571442035692,16.199999667704105,500.98
2000-10-16,18.80000028014183,9.785714431532792,2.7000000402331352,89.31428704517228,19.999999597668648,501.96
2000-10-23,15.100000225007534,9.371428711073738,4.400000065565109,92.0142870854054,4.600000150501728,501.33
2000-10-30,15.600000232458116,9.171428708093506,2.7000000402331352,85.3571441290634,17.300000309944153,500.77
2000-11-06,12.90000019222498,5.985714374908379,0.4000000059604645,85.55714413204363,17.600000143051147,500.26
2000-11-13,10.80000016093254,4.957142931010042,-1.80000002682209,80.51428691404206,1.7000000253319738,499.96
2000-11-20,8.400000125169754,3.0285714737006595,-2.600000038743019,92.18571565938848,29.39999947696924,500.26
2000-11-27,7.900000117719173,3.400000050663948,-0.4000000059604645,92.37142994787013,14.099999882280828,500.42
2000-12-04,10.000000149011612,4.585714354046753,0.2000000029802322,93.40000139176846,2.200000017881393,500.19
2000-12-11,12.90000019222498,5.7857143719281465,1.100000016391277,86.72857272092786,5.200000047683716,499.71
2000-12-18,12.600000187754633,4.028571488601821,-1.3000000193715096,85.31428698556763,21.799999952316284,499.26
2000-12-25,4.700000070035458,-1.9000000283122065,-7.400000110268593,87.81428702282054,3.500000037252903,499.1
2001-01-01,5.700000084936619,-1.0571428728955132,-12.000000178813934,88.32857274476972,10.10000018030405,499.94
2001-01-08,8.100000120699406,2.742857183728899,-2.0000000298023224,93.44285853526422,40.10000005364418,501.96
2001-01-15,4.000000059604645,-2.1285714602896144,-9.400000140070915,83.9285726792046,6.400000244379044,503.18
2001-01-22,4.000000059604645,-2.7714286127260754,-11.30000016838312,89.10000132769346,8.90000006556511,503.03
2001-01-29,7.400000110268593,1.628571452839034,-4.500000067055225,87.90000130981207,16.900000035762787,503.54
2001-02-05,8.50000012665987,0.814285726419517,-5.000000074505806,86.58571557594198,42.39999911934137,504.05
2001-02-12,16.00000023841858,4.97142864550863,-3.500000052154064,75.85714398750237,0.5,506.51
2001-02-19,10.100000150501728,1.9142857428107944,-3.700000055134296,83.42857267175403,1.700000062584877,506.69
2001-02-26,4.700000070035458,-0.857142869915281,-9.500000141561031,84.642858404134,17.000000059604645,506.8
2001-03-05,6.70000009983778,0.5285714364477566,-10.100000150501728,82.34285836986133,26.49999973922968,507.06
2001-03-12,12.10000018030405,6.014285803905556,-2.1000000312924385,92.12857280139411,50.30000086128712,508.1
2001-03-19,15.800000235438349,6.34285723737308,1.0000000149011612,83.51428695874554,30.400000527501103,510.6
2001-03-26,13.000000193715096,6.228571521384375,-3.9000000581145287,91.75714422443085,61.70000095665456,513.29
2001-04-02,18.30000027269125,6.428571524364608,-1.100000016391277,77.60000115633011,7.200000002980232,514.99
2001-04-09,17.600000262260437,7.171428678291185,-0.2000000029802322,80.05714405008725,20.39999994635582,515.27
2001-04-16,10.900000162422655,3.514285766652652,-2.600000038743019,80.95714406349829,28.399999618530277,515.26
2001-04-23,10.30000015348196,2.528571466250079,-2.1000000312924385,85.9571441380041,13.899999774992466,515.47
2001-04-30,23.100000344216824,10.185714437493257,-0.4000000059604645,74.87142968709979,8.900000013411045,515.54
2001-05-07,25.100000374019142,12.82857161973204,6.200000092387199,78.3142868812595,3.800000004470349,515.4
2001-05-14,23.000000342726707,13.942857350621903,6.400000095367432,66.7571438519018,11.5,515.11
2001-05-21,21.50000032037497,12.471428757267338,3.200000047683716,78.90000117570162,32.5999990478158,514.76
2001-05-28,25.30000037699937,17.014285967818328,7.900000117719173,63.314286657742095,0.0,514.79
2001-06-04,25.80000038444996,13.442857343171324,4.90000007301569,70.71428676801068,19.10000026226044,513.83
2001-06-11,19.80000029504299,12.085714465805465,2.800000041723252,83.80000124871731,31.90000010281801,513.18
2001-06-18,23.500000350177288,14.085714495607784,3.700000055134296,78.22857259426799,24.899999499320984,512.52
2001-06-25,25.80000038444996,14.91428593652589,5.200000077486038,66.84285813889333,0.5,511.8
2001-07-02,29.10000043362379,18.542857419167245,9.80000014603138,69.385715319642,13.399999678134916,511.0
2001-07-09,30.100000448524952,17.95714312472514,8.800000131130219,68.48571530623096,11.600000023841858,510.13
2001-07-16,26.100000388920307,15.800000235438349,8.600000128149986,78.3142868812595,39.40000052750111,510.26
2001-07-23,27.000000402331352,15.514285945466586,8.600000128149986,75.38571540904897,6.599999979138374,508.41
2001-07-30,29.800000444054604,21.142857457910264,12.90000019222498,63.87142952318703,5.599999822676182,507.54
2001-08-06,31.80000047385693,19.22857171509947,10.30000015348196,74.70000111311674,28.5,507.06
2001-08-13,25.600000381469727,16.028571667415754,6.000000089406967,73.75714395620993,8.29999977350235,505.89
2001-08-20,33.70000050216913,20.60000030696392,12.000000178813934,73.24285823426077,10.499999642372131,505.06
2001-08-27,30.200000450015068,19.72857172255005,10.100000150501728,70.64285819551775,0.0,504.05
2001-09-03,23.100000344216824,14.528571645064014,6.500000096857548,72.07142964537654,12.100000113248823,503.33
2001-09-10,16.300000242888927,10.257143009986196,5.500000081956387,88.44285846075842,65.50000059604645,502.96
2001-09-17,16.00000023841858,9.22857156608786,5.200000077486038,88.77142989422593,32.09999990463257,503.11
2001-09-24,15.900000236928465,9.22857156608786,1.100000016391277,88.61428703474147,23.99999988079071,503.2
2001-10-01,21.300000317394733,11.357143026377472,5.000000074505806,87.72857273582902,10.699999809265137,503.16
2001-10-08,24.8000003695488,13.057143051709447,4.000000059604645,85.7142869915281,25.20000002533197,502.71
2001-10-15,20.60000030696392,11.785714461335116,3.6000000536441803,87.01428701089961,0.0,502.34
2001-10-22,19.30000028759241,10.3714287259749,5.900000087916851,91.72857279543366,13.100000016391276,501.75
2001-10-29,16.300000242888927,9.928571576518673,3.1000000461936,93.4714299642614,14.80000052601099,501.5
2001-11-05,20.30000030249357,5.914285802415439,-1.3000000193715096,86.64285843393633,5.699999809265137,501.04
2001-11-12,9.600000143051147,2.0285714587994983,-6.900000102818012,86.60000129044056,53.50000014901161,500.96
2001-11-19,3.700000055134296,-0.6000000089406966,-5.500000081956387,91.0714299284986,3.900000050663948,503.17
2001-11-26,6.200000092387199,1.528571451348918,-2.500000037252903,92.82857281182494,39.79999911785126,503.2
2001-12-03,8.00000011920929,3.828571485621589,-1.0000000149011612,96.30000143498182,30.99999952316284,506.12
2001-12-10,10.000000149011612,1.4714285933545657,-6.70000009983778,86.52857271794763,11.299999810755253,506.66
2001-12-17,1.3000000193715096,-5.157142933990274,-14.40000021457672,85.02857269559588,1.5000000074505806,507.87
2001-12-24,-0.1000000014901161,-4.671428641038282,-22.500000335276127,83.90000125020742,26.599999725818638,508.296666666667
2001-12-31,5.4000000804662704,-1.2285714468785696,-8.50000012665987,89.38571561766523,69.7999997138977,508.723333333333
2002-01-07,1.100000016391277,-6.8142858158264845,-17.00000025331974,77.71428687231881,0.7000000178813933,509.15
2002-01-14,2.1000000312924385,-4.700000070035458,-11.60000017285347,91.24285850248168,0.1000000014901161,509.4
2002-01-21,7.300000108778477,-0.885714298912457,-8.50000012665987,90.55714420654944,11.90000019222498,509.26
2002-01-28,12.500000186264517,5.514285796454975,-2.200000032782554,82.00000122189522,28.100000083446503,514.06
2002-02-04,13.90000020712614,5.542857225452151,-1.700000025331974,71.52857249443021,0.0,513.56
2002-02-11,11.30000016838312,5.557142939950738,-0.1000000014901161,85.78571556402105,17.99999988079071,510.97
2002-02-18,10.900000162422655,3.157142904187952,-4.700000070035458,77.82857258830752,9.199999816715716,513.47
2002-02-25,5.4000000804662704,1.0142857293997491,-8.800000131130219,89.185715614685,69.90000081062317,514.22
2002-03-04,9.600000143051147,2.928571472210544,-5.4000000804662704,81.5428583579404,13.799999952316284,516.77
2002-03-11,16.800000250339508,5.057142932500158,-4.400000065565109,71.4142867784415,0.7000000178813934,517.05
2002-03-18,20.60000030696392,7.400000110268593,-0.800000011920929,73.97142967368875,8.200000017881393,517.01
2002-03-25,12.500000186264517,4.257142920579229,-3.700000055134296,88.72857275073018,102.50000154972076,519.76
2002-04-01,16.800000250339508,4.414285780063698,-6.500000096857548,65.55714383402041,0.0,520.16
2002-04-08,17.00000025331974,6.171428663390024,-4.500000067055225,56.61428655790432,0.0,519.94
2002-04-15,16.100000239908695,5.657142941440855,-1.100000016391277,76.21428684996707,8.299999870359898,519.52
2002-04-22,16.800000250339508,6.27142866488014,-2.1000000312924385,84.22857268367495,13.400000110268593,519.0
2002-04-29,18.100000269711018,9.828571575028556,2.0000000298023224,75.31428683655602,28.200000658631325,518.79
2002-05-06,16.600000247359276,8.957142990614686,4.000000059604645,82.77142980481896,15.700000286102297,518.31
2002-05-13,24.600000366568565,13.857143063630376,2.200000032782554,76.14285827747413,32.29999992251396,518.04
2002-05-20,26.80000039935112,14.70000021904707,6.400000095367432,70.90000105649233,34.900001525878906,517.92
2002-05-27,25.50000037997961,12.385714470275811,4.700000070035458,83.2142869542752,39.99999904632568,517.71
2002-06-03,22.100000329315662,13.771428776638848,4.90000007301569,66.44285813293287,1.200000025331974,517.31
2002-06-10,24.600000366568565,14.62857164655413,7.800000116229057,79.25714403816632,29.399999499320984,516.86
2002-06-17,30.600000455975533,18.87142885263477,6.70000009983778,70.20000104606152,4.0,516.8
2002-06-24,33.00000049173832,22.442857477281773,13.600000202655792,72.81428679930312,28.699999034404755,516.47
2002-07-01,24.50000036507845,16.185714526900224,5.500000081956387,61.24285805544683,2.5,515.05
2002-07-08,28.200000420212746,16.085714525410108,6.200000092387199,76.40000113844872,14.799999862909315,514.37
2002-07-15,29.800000444054604,17.08571454031127,10.500000156462193,81.14285835197994,15.000000059604645,513.5
2002-07-22,25.700000382959843,15.500000230968,8.50000012665987,81.34285835496017,28.90000009536743,512.29
2002-07-29,27.80000041425228,17.171428827302798,8.00000011920929,75.9428582744939,8.099999897181988,512.2
2002-08-05,29.000000432133675,18.328571701688425,10.600000157952309,76.98571543289083,62.699999526143074,511.36
2002-08-12,22.600000336766243,15.28571451348918,10.600000157952309,89.38571561766523,61.90000015497208,510.34
2002-08-19,27.60000041127205,17.600000262260437,10.000000149011612,75.75714398601225,0.0,510.21
2002-08-26,28.10000041872263,17.92857169572796,9.3000001385808,78.47142974074397,27.8000004068017,510.13
2002-09-02,24.50000036507845,16.314285957387515,11.000000163912771,87.971429882305,50.40000036358833,509.93
2002-09-09,25.30000037699937,15.500000230968,8.00000011920929,77.92857258979764,5.899999976158142,509.86
2002-09-16,19.30000028759241,11.37142874087606,3.700000055134296,77.71428687231881,5.900000095367432,509.31
2002-09-23,21.1000003144145,11.52857160036053,3.200000047683716,84.61428697513682,53.0,508.37
2002-09-30,16.100000239908695,5.842857229922499,0.1000000014901161,86.34285842946598,27.5,509.23
2002-10-07,16.800000250339508,8.185714407690934,0.0,89.21428704368216,28.0,509.6
2002-10-14,11.500000171363354,6.400000095367432,-1.0000000149011612,90.18571562958616,3.8000000417232513,509.77
2002-10-21,17.80000026524067,7.857142974223409,-1.5000000223517418,89.98571562660592,53.4000004529953,510.39
2002-10-28,17.100000254809856,8.900000132620335,2.0000000298023224,80.02857262109008,31.60000000149012,511.35
2002-11-04,13.800000205636024,8.814285845628806,0.6000000089406967,90.2428584875805,57.40000009536743,512.22
2002-11-11,11.000000163912771,3.7571429131286487,-0.800000011920929,91.38571564746756,50.10000038892031,514.16
2002-11-18,12.500000186264517,5.771428657429559,0.1000000014901161,89.14285847118923,19.10000041127205,516.01
2002-11-25,9.80000014603138,4.90000007301569,0.5000000074505806,91.54285850695202,19.099999956786636,516.66
2002-12-02,7.500000111758709,4.771428642528398,-0.2000000029802322,95.600001424551,32.30000029504299,517.2
2002-12-09,4.700000070035458,0.1142857159887042,-6.500000096857548,90.64285849354096,4.500000089406967,517.47
2002-12-16,4.500000067055225,-2.8285714707204277,-9.500000141561031,90.91428706901414,11.40000019222498,517.63
2002-12-23,9.900000147521496,2.457142893757139,-6.400000095367432,93.5714299657515,22.999999292194843,517.79
2002-12-30,11.10000016540289,4.685714355536869,0.5000000074505806,93.5857156802501,20.900000028312206,518.11
2003-01-06,11.000000163912771,2.285714319774083,-9.600000143051147,89.14285847118923,46.10000039637089,518.54
2003-01-13,-1.0000000149011612,-8.21428583668811,-14.100000210106373,80.72857263152089,9.200000382959844,519.37
2003-01-20,5.500000081956387,-0.3000000044703483,-5.500000081956387,94.00000140070917,1.9000000059604645,519.4
2003-01-27,6.400000095367432,0.842857155416693,-3.1000000461936,92.88571566981928,12.799999870359898,519.35
2003-02-03,7.500000111758709,-1.9714286008051465,-11.000000163912771,90.01428705560309,38.39999967813492,518.91
2003-02-10,1.600000023841858,-2.528571466250079,-8.300000123679638,92.0428585144026,12.600000143051147,518.64
2003-02-17,-1.100000016391277,-6.914285817316601,-13.300000198185444,83.14285838178226,0.2000000029802322,518.61
2003-02-24,4.200000062584877,-4.985714360007218,-11.500000171363354,82.48571551484721,0.0,517.15
2003-03-03,12.000000178813934,1.785714312323502,-11.000000163912771,76.88571543140071,9.000000290572643,517.77
2003-03-10,18.30000027269125,4.500000067055225,-1.3000000193715096,75.14285826257297,2.5,518.0
2003-03-17,17.50000026077032,3.31428576367242,-5.000000074505806,69.41428674863917,4.300000190734863,518.07
2003-03-24,16.600000247359276,3.142857189689364,-4.700000070035458,58.20000086724758,0.0,517.94
2003-03-31,19.000000283122063,9.600000143051147,-1.5000000223517418,65.85714383849076,2.0,517.77
2003-04-07,17.00000025331974,2.642857182238783,-5.500000081956387,69.8571438980954,17.000000193715096,517.34
2003-04-14,17.80000026524067,3.500000052154064,-8.800000131130219,67.7142867233072,4.100000098347664,517.02
2003-04-21,19.80000029504299,9.72857157353844,-1.5000000223517418,57.042857992861954,0.0,516.48
2003-04-28,22.800000339746475,11.60000017285347,2.200000032782554,64.3714295306376,9.90000033378601,515.17
2003-05-05,29.000000432133675,14.157143068100725,3.700000055134296,62.1142866398607,8.799999713897705,515.05
2003-05-12,26.200000390410423,15.571428803460938,9.100000135600569,76.84285828790495,23.100000619888306,514.62
2003-05-19,22.800000339746475,9.80000014603138,-0.2000000029802322,76.27142970796142,11.100000113248823,513.91
2003-05-26,27.3000004068017,12.742857332740511,4.200000062584877,78.88571546120303,5.300000071525574,513.04
2003-06-02,27.10000040382147,17.471428831773146,9.80000014603138,76.22857256446567,4.8999999538064,512.19
2003-06-09,29.300000436604023,20.31428601699216,12.300000183284284,71.34285820594856,7.200000204145908,511.3
2003-06-16,32.600000485777855,20.87142888243709,12.500000186264517,71.15714391746691,12.299999713897703,510.3
2003-06-23,34.1000005081296,18.700000278651714,8.00000011920929,66.17142955745969,12.699999816715716,508.61
2003-06-30,32.70000048726797,20.17142887200628,10.900000162422655,66.24285812995264,15.29999977350235,507.78
2003-07-07,24.100000359117985,14.657143075551303,8.900000132620335,78.51428688423974,18.800000339746475,507.4
2003-07-14,26.600000396370888,18.37142884518419,8.50000012665987,59.85714374908379,0.0,506.51
2003-07-21,32.20000047981739,20.000000298023224,8.400000125169754,64.3714295306376,27.80000001192093,505.75
2003-07-28,29.300000436604023,19.22857171509947,11.10000016540289,70.91428677099091,36.09999942779541,504.74
2003-08-04,34.1000005081296,20.94285745493003,8.600000128149986,61.00000090897083,0.0,503.94
2003-08-11,35.200000524520874,24.900000371038917,15.000000223517418,48.857143585171016,1.2000000178813934,503.0
2003-08-18,35.80000053346157,21.657143179859435,11.000000163912771,60.828572334987776,22.10000012069941,502.26
2003-08-25,28.60000042617321,19.02857171211924,10.80000016093254,62.60000093281269,0.7999999895691872,501.35
2003-09-01,28.60000042617321,15.20000022649765,4.500000067055225,70.5714296230248,23.40000009536743,500.64
2003-09-08,23.300000347197056,12.90000019222498,2.3000000342726707,67.07142957087073,2.400000035762787,499.81
2003-09-15,19.80000029504299,11.657143030847822,3.200000047683716,78.2000011652708,7.30000014603138,498.84
2003-09-22,28.700000427663326,17.15714311280421,5.000000074505806,54.185715093144346,0.0,498.24
2003-09-29,22.600000336766243,11.228571595890182,1.80000002682209,70.8142867695008,5.899999976158142,497.74
2003-10-06,22.500000335276127,10.242857295487608,2.1000000312924385,83.37142981375966,38.30000019073486,497.67
2003-10-13,15.100000225007534,7.842857259724822,0.5000000074505806,85.85714413651398,43.09999942779541,497.1
2003-10-20,10.100000150501728,3.5857143391455923,-3.200000047683716,74.70000111311674,6.199999809265137,496.62
2003-10-27,6.500000096857548,0.0142857144985878,-5.500000081956387,84.8714298361114,0.3000000044703483,495.96
2003-11-03,12.000000178813934,4.4714286380580495,-4.200000062584877,83.97142982270036,14.200000047683716,495.4
2003-11-10,13.600000202655792,4.171428633587701,-2.7000000402331352,82.51428694384438,0.2000000029802322,495.16
2003-11-17,11.500000171363354,2.7000000402331352,-0.5000000074505806,93.2142871032868,7.199999801814556,494.65
2003-11-24,11.900000177323818,4.54285721055099,-0.6000000089406967,89.74285848012993,0.400000013411045,493.97
2003-12-01,10.100000150501728,3.414285765162536,0.1000000014901161,96.3142871494804,27.6000008136034,494.87
2003-12-08,6.200000092387199,-0.2142857174788203,-8.300000123679638,93.64285853824444,1.0000000074505806,494.79
2003-12-15,8.400000125169754,0.9428571569068092,-7.200000107288361,84.14285839668342,31.00000057369471,494.71
2003-12-22,7.500000111758709,-0.1142857159887041,-6.800000101327896,89.07142989869628,15.59999991953373,495.97
2003-12-29,6.200000092387199,-2.371428606765611,-11.900000177323818,79.72857261661973,0.699999988079071,495.53
2004-01-05,-0.1000000014901161,-3.685714340635709,-13.500000201165676,88.18571559978383,8.200000047683716,495.72
2004-01-12,9.00000013411045,1.542857165847506,-2.0000000298023224,95.30000142008066,71.60000029951334,497.46
2004-01-19,9.500000141561031,1.3000000193715096,-5.200000077486038,87.31428701536996,57.69999906420708,501.94
2004-01-26,1.100000016391277,-3.614285768142768,-12.4000001847744,86.52857271794763,11.099999882280828,503.87
2004-02-02,10.80000016093254,0.6000000089406967,-8.00000011920929,77.18571543587106,3.700000047683716,504.17
2004-02-09,16.100000239908695,5.557142939950738,-1.80000002682209,70.20000104606152,13.0,504.45
2004-02-16,6.400000095367432,0.2428571464759962,-7.000000104308128,88.700001321733,7.999999955296516,504.97
2004-02-23,6.200000092387199,-0.6857142959322248,-4.400000065565109,82.5000012293458,6.999999798834324,505.05
2004-03-01,0.9000000134110451,-4.700000070035458,-14.100000210106373,80.71428691702229,2.0000000074505806,505.14
2004-03-08,6.500000096857548,-1.1142857308898653,-7.800000116229057,81.5428583579404,4.89999994635582,504.31
2004-03-15,15.600000232458116,1.9714286008051465,-8.50000012665987,77.65714401432446,4.900000095367432,503.96
2004-03-22,20.80000030994416,8.800000131130219,-0.4000000059604645,70.67142962451491,6.500000059604645,503.71
2004-03-29,10.900000162422655,0.5428571509463447,-6.800000101327896,80.1142869080816,15.200000286102297,503.56
2004-04-05,19.10000028461218,7.928571546716349,-1.80000002682209,70.90000105649233,15.700000286102297,503.22
2004-04-12,11.500000171363354,3.700000055134296,-2.0000000298023224,80.64285834452936,11.600000239908695,503.4
2004-04-19,18.80000028014183,8.385714410671165,-0.9000000134110451,69.72857246760812,9.600000023841858,503.32
2004-04-26,21.50000032037497,10.185714437493257,-1.0000000149011612,67.0000009983778,0.0,503.29
2004-05-03,21.80000032484532,12.728571618241924,3.1000000461936,69.2571438891547,9.900000154972076,503.26
2004-05-10,18.50000027567148,7.600000113248825,4.000000059604645,85.0000012665987,53.99999985843897,503.52
2004-05-17,20.30000030249357,10.828571589929718,2.200000032782554,73.42857252274241,3.1999999061226845,503.36
2004-05-24,23.600000351667404,11.81428589033229,0.2000000029802322,67.02857242737498,23.00000047683716,502.77
2004-05-31,21.50000032037497,12.214285896292754,2.800000041723252,62.35714378633669,5.8999999538064,502.3
2004-06-07,23.600000351667404,11.87142874832664,5.200000077486038,83.52857267324414,18.300000071525574,501.72
2004-06-14,31.10000046342612,16.514285960367747,6.000000089406967,73.8000010997057,21.200000002980232,501.35
2004-06-21,23.600000351667404,13.61428591715438,4.700000070035458,71.78571535540479,5.999999895691872,500.54
2004-06-28,27.60000041127205,15.91428595142705,4.700000070035458,65.04285811207124,11.200000286102297,499.87
2004-07-05,25.100000374019142,15.42857165847506,7.000000104308128,63.47142951722656,8.300000049173832,499.69
2004-07-12,23.000000342726707,13.628571631652967,6.200000092387199,80.95714406349829,36.8999999165535,498.74
2004-07-19,28.60000042617321,17.42857168827738,9.500000141561031,75.32857255105462,2.8999999910593037,498.21
2004-07-26,30.00000044703484,18.771428851144652,9.400000140070915,77.42857258234706,16.799999952316284,497.62
2004-08-02,28.80000042915344,17.771428836243494,7.000000104308128,62.05714378186634,0.0,497.44
2004-08-09,29.10000043362379,20.3857145894851,11.500000171363354,62.21428664135082,1.899999976158142,497.07
2004-08-16,30.300000451505184,17.485714546271733,10.400000154972076,76.15714399197272,31.80000030994416,496.81
2004-08-23,28.300000421702865,16.271428813891752,8.100000120699406,78.41428688274962,24.19999998062849,495.54
2004-08-30,23.600000351667404,14.40000021457672,8.50000012665987,82.82857266281333,27.10000023990869,495.13
2004-09-06,26.30000039190054,16.07142881091152,5.700000084936619,70.05714390107563,0.0,494.66
2004-09-13,25.100000374019142,15.442857372973648,6.500000096857548,66.90000099688768,8.600000143051147,494.2
2004-09-20,23.600000351667404,12.54285732976028,2.500000037252903,77.17142972137246,1.8000000044703484,493.76
2004-09-27,14.600000217556952,9.44285728356668,4.500000067055225,85.91428699450833,47.89999985694885,493.62
2004-10-04,21.80000032484532,12.200000181794168,6.200000092387199,85.04285841009447,17.600000098347664,493.61
2004-10-11,26.200000390410423,10.928571591419834,3.9000000581145287,84.41428697215659,31.000000573694702,493.42
2004-10-18,12.800000190734863,5.757142942930971,-0.4000000059604645,88.42857274625983,15.699999943375587,493.3
2004-10-25,20.80000030994416,11.01428587841136,1.0000000149011612,84.58571554613965,16.600000247359276,493.02
2004-11-01,14.000000208616257,8.28571440918105,1.3000000193715096,93.51428710775716,25.999999418854717,494.35
2004-11-08,14.000000208616257,6.5571429548519,-1.5000000223517418,91.6857156519379,7.699999921023846,494.47
2004-11-15,3.200000047683716,-0.0857142869915282,-6.000000089406967,90.70000135153532,9.099999882280828,493.81
2004-11-22,9.00000013411045,2.2285714617797305,-4.700000070035458,82.08571550888675,17.399999909102917,493.74
2004-11-29,7.500000111758709,1.7285714543291502,-5.500000081956387,93.08571567279952,11.399999871850014,494.4
2004-12-06,6.000000089406967,1.742857168827738,-2.200000032782554,93.07142995830093,10.400000229477882,495.06
2004-12-13,0.2000000029802322,-3.214285762182304,-6.200000092387199,95.24285856208633,0.3000000044703483,495.09
2004-12-20,4.700000070035458,-2.285714319774083,-11.800000175833702,89.28571561617511,21.600000098347664,495.08
2004-12-27,8.100000120699406,-0.6000000089406967,-12.500000186264517,91.60000136494637,28.500000596046448,494.97
2005-01-03,5.700000084936619,0.0571428579943521,-7.200000107288361,91.40000136196612,13.399999976158142,495.47
2005-01-10,13.90000020712614,4.000000059604645,-1.600000023841858,81.22857263897147,14.700000047683716,499.2
2005-01-17,9.00000013411045,0.0857142869915281,-9.100000135600569,84.80000126361847,4.100000001490116,499.48
2005-01-24,7.500000111758709,0.1285714304872922,-5.000000074505806,86.18571556998151,36.99999940395355,501.35
2005-01-31,1.100000016391277,-7.185714392789772,-16.300000242888927,84.37142982866082,13.599999770522118,501.84
2005-02-07,2.1000000312924385,-3.000000044703484,-11.60000017285347,88.98571561170476,10.200000166893004,501.76
2005-02-14,8.100000120699406,0.6857142959322248,-9.400000140070915,86.64285843393633,57.70000076293945,502.65
2005-02-21,0.5000000074505806,-3.38571433616536,-7.400000110268593,91.21428707348448,20.799999982118607,503.783333333333
2005-02-28,1.100000016391277,-7.1000001057982445,-20.80000030994416,85.87142985101256,11.999999918043612,504.916666666667
2005-03-07,3.000000044703484,-7.942857261214938,-22.600000336766243,76.61428685592753,5.399999916553497,506.05
2005-03-14,6.900000102818012,-0.7142857249294009,-10.400000154972076,83.2142869542752,22.49999985843897,506.47
2005-03-21,18.100000269711018,7.042857247803893,-1.700000025331974,72.2428582193596,0.2000000029802322,507.35
2005-03-28,14.900000222027302,7.871428688721997,-1.0000000149011612,88.38571560276407,28.30000052601099,509.81
2005-04-04,18.30000027269125,7.585714398750237,-2.200000032782554,68.01428672777755,26.600000478327274,509.66
2005-04-11,16.800000250339508,6.571428669350488,-3.9000000581145287,78.81428688871009,14.0,512.8
2005-04-18,20.500000305473804,9.87142871852432,2.200000032782554,71.85714392789772,26.49999952316284,512.86
2005-04-25,16.100000239908695,7.014285818806717,-3.700000055134296,78.9142868902002,43.10000014305115,512.9
2005-05-02,27.80000041425228,14.171428782599312,2.7000000402331352,66.91428671138627,4.599999979138374,513.87
2005-05-09,19.80000029504299,8.471428697662693,0.5000000074505806,82.78571551931756,34.200000286102295,513.82
2005-05-16,18.30000027269125,8.985714419611863,-0.2000000029802322,71.58571535242456,20.60000006109476,513.7
2005-05-23,22.500000335276127,11.942857320819584,4.700000070035458,77.34285829535553,22.00000000745058,513.45
2005-05-30,30.100000448524952,18.842857423637597,6.500000096857548,59.80000089108944,5.699999809265137,513.17
2005-06-06,26.80000039935112,14.000000208616257,5.700000084936619,65.9285724109837,5.999999910593033,513.36
2005-06-13,22.000000327825543,10.957143020417009,3.200000047683716,68.21428673075778,1.0999999791383743,512.22
2005-06-20,27.500000409781933,18.05714312621525,10.000000149011612,65.84285812399217,3.5,511.56
2005-06-27,31.70000047236681,22.000000327825543,12.800000190734863,62.61428664731128,11.40000021457672,510.77
2005-07-04,29.700000442564487,18.242857414696896,11.500000171363354,76.37142970945153,32.29999965429306,510.61
2005-07-11,22.30000033229589,13.485714486667089,7.200000107288361,81.58571550143617,37.39999969303608,509.04
2005-07-18,28.300000421702865,20.18571458650487,12.500000186264517,65.32857240204301,9.90000019222498,508.26
2005-07-25,21.60000032186508,15.657143090452466,10.400000154972076,76.7857154299106,37.6000007390976,508.05
2005-08-01,32.20000047981739,20.042857441518983,10.900000162422655,70.8285724839994,6.399999976158142,507.36
2005-08-08,22.30000033229589,13.68571448964732,6.70000009983778,78.30000116676092,21.800000585615635,506.62
2005-08-15,23.100000344216824,13.857143063630376,6.500000096857548,75.30000112205744,5.800000011920929,506.49
2005-08-22,25.700000382959843,15.900000236928465,9.400000140070915,85.07142983909164,88.49999904632568,506.36
2005-08-29,24.600000366568565,15.400000229477882,8.50000012665987,76.85714400240353,4.300000071525574,505.69
2005-09-05,28.200000420212746,18.72857170764889,9.80000014603138,75.98571541798967,0.1000000014901161,504.49
2005-09-12,26.700000397861004,17.485714546271733,10.000000149011612,78.72857260171857,31.50000071525574,503.67
2005-09-19,19.30000028759241,11.942857320819584,3.000000044703484,81.98571550739663,12.599999621510504,503.5
2005-09-26,21.60000032186508,11.87142874832664,2.7000000402331352,77.31428686635834,0.0,502.26
2005-10-03,16.800000250339508,10.30000015348196,4.000000059604645,88.65714417823723,50.50000023841858,501.71
2005-10-10,17.30000025779009,11.67142874534641,6.000000089406967,89.94285848311016,1.700000025331974,501.36
2005-10-17,16.00000023841858,7.600000113248825,1.3000000193715096,82.9857155222978,0.0,500.74
2005-10-24,18.30000027269125,9.185714422592095,0.5000000074505806,84.47142983015094,5.999999918043613,500.4
2005-10-31,17.80000026524067,10.042857292507376,3.700000055134296,88.65714417823723,2.700000047683716,500.14
2005-11-07,18.0000002682209,8.14285726419517,1.100000016391277,90.8571442110198,18.199999742209908,498.62
2005-11-14,12.90000019222498,4.485714352556637,0.1000000014901161,90.82857278202262,0.5000000074505805,497.99
2005-11-21,6.500000096857548,0.5000000074505805,-5.900000087916851,89.84285848162004,16.99999964237213,497.64
2005-11-28,1.5000000223517418,-2.714285754731723,-9.600000143051147,81.87142979140792,5.8999999538064,496.82
2005-12-05,6.500000096857548,0.1857142884816442,-6.900000102818012,88.74285846522876,9.60000003874302,496.64
2005-12-12,4.700000070035458,-0.7142857249294007,-6.70000009983778,88.51428703325135,6.799999833106995,496.75
2005-12-19,3.700000055134296,-0.7714285829237529,-5.200000077486038,90.82857278202262,32.999999575316906,497.14
2005-12-26,2.600000038743019,-0.3571428624647004,-4.200000062584877,93.74285853973456,6.599999979138374,497.39
2006-01-02,5.000000074505806,-3.328571478171008,-13.800000205636024,90.52857277755228,21.900000110268596,497.14
2006-01-09,0.800000011920929,-2.1000000312924385,-8.600000128149986,91.04285849950143,1.5000000074505806,496.87
2006-01-16,-0.2000000029802322,-6.98571438980954,-12.4000001847744,86.60000129044056,1.1999999806284904,496.71
2006-01-23,3.500000052154064,-1.4142857353602136,-11.30000016838312,88.71428703623158,26.60000041127205,496.64
2006-01-30,0.9000000134110451,-5.828571515423911,-12.300000183284284,77.64285829982587,0.2000000029802322,496.16
2006-02-06,4.000000059604645,-4.228571491582053,-11.400000169873238,81.3000012114644,0.800000011920929,495.79
2006-02-13,1.80000002682209,-2.585714324244431,-11.500000171363354,88.62857274924006,19.39999981224537,495.583333333333
2006-02-20,7.400000110268593,2.3000000342726707,-9.100000135600569,84.21428696917636,19.999999716877937,495.376666666667
2006-02-27,6.800000101327896,-1.2857143048729216,-8.600000128149986,82.5000012293458,2.9000000804662704,495.17
2006-03-06,5.4000000804662704,-2.857142899717604,-8.400000125169754,83.2142869542752,43.000001192092896,497.66
2006-03-13,6.500000096857548,-1.7857143123235022,-10.500000156462193,84.08571553868907,41.60000005364418,500.15
2006-03-20,11.500000171363354,-1.0571428728955132,-11.000000163912771,75.50000112503767,0.3000000044703483,502.64
2006-03-27,19.80000029504299,5.942857231412615,-2.200000032782554,80.2428583385689,19.60000005364418,505.09
2006-04-03,16.800000250339508,7.971428690212114,2.500000037252903,78.11428687827927,27.1000002771616,506.13
2006-04-10,14.900000222027302,3.52857148115124,-3.200000047683716,75.40000112354755,44.59999869018793,506.57
2006-04-17,14.100000210106373,6.228571521384375,-0.4000000059604645,82.92857266430345,15.900000005960464,510.97
2006-04-24,20.10000029951334,11.10000016540289,3.200000047683716,64.32857238714185,0.800000011920929,514.48
2006-05-01,19.500000290572643,9.028571563107628,-2.0000000298023224,77.35714400985411,31.799999453127384,513.74
2006-05-08,22.000000327825543,14.085714495607784,5.500000081956387,51.21428647743805,0.0,514.25
2006-05-15,22.100000329315662,12.485714471765927,4.500000067055225,70.08571533007282,17.099999725818634,513.53
2006-05-22,23.80000035464764,13.857143063630376,7.700000114738941,74.91428683059556,39.59999952465296,511.74
2006-05-29,18.6000002771616,12.000000178813934,4.500000067055225,74.94285825959274,67.80000042915344,511.17
2006-06-05,15.600000232458116,7.785714401730469,2.600000038743019,78.85714403220585,13.80000028014183,511.47
2006-06-12,24.50000036507845,13.642857346151557,2.7000000402331352,60.47142947252308,0.0,511.99
2006-06-19,28.80000042915344,20.585714592465333,10.000000149011612,61.9857152093734,4.5000001192092896,511.48
2006-06-26,29.800000444054604,19.900000296533108,11.000000163912771,71.98571535838502,2.300000041723252,511.3
2006-07-03,26.30000039190054,18.628571706158773,11.30000016838312,71.87142964239631,11.199999824166298,510.93
2006-07-10,29.800000444054604,20.000000298023224,13.100000195205212,73.24285823426077,36.100000858306885,510.69
2006-07-17,29.50000043958425,20.97142888392721,11.000000163912771,60.64285804650613,0.800000011920929,509.2
2006-07-24,33.20000049471855,23.228571774704115,11.500000171363354,53.37142936672483,0.6000000089406967,508.42
2006-07-31,32.600000485777855,22.11428604381425,15.100000225007534,65.52857240502324,84.30000042915344,507.75
2006-08-07,22.000000327825543,15.071428796010355,9.500000141561031,80.828572633011,31.6999995559454,508.07
2006-08-14,21.000000312924385,12.571428758757454,7.300000108778477,81.85714407690934,24.599999606609344,507.48
2006-08-21,25.700000382959843,16.242857384894574,10.600000157952309,75.27142969306026,18.39999957382679,507.56
2006-08-28,22.000000327825543,13.600000202655792,8.50000012665987,80.52857262854066,36.19999995827675,505.95
2006-09-04,24.8000003695488,14.814285935035771,6.200000092387199,76.10000113397837,14.300000101327896,504.86
2006-09-11,26.80000039935112,16.5714288183621,6.000000089406967,71.58571535242456,0.4000000059604645,504.37
2006-09-18,25.50000037997961,16.9285716808268,10.500000156462193,76.24285827896425,10.299999967217444,503.76
2006-09-25,22.600000336766243,14.728571648044246,7.800000116229057,83.30000124126673,7.300000049173832,503.49
2006-10-02,21.50000032037497,13.928571636123316,9.500000141561031,88.95714418270758,32.999999672174454,503.06
2006-10-09,19.60000029206276,10.557143014456544,3.500000052154064,83.85714410671166,22.599999338388443,502.97
2006-10-16,20.60000030696392,10.94285730591842,3.200000047683716,84.41428697215659,0.0,502.76
2006-10-23,19.10000028461218,10.357143011476312,0.9000000134110451,84.70000126212835,9.299999833106996,502.63
2006-10-30,22.100000329315662,12.028571607811111,3.500000052154064,79.2857154671635,6.0,502.52
2006-11-06,14.600000217556952,3.928571487111705,-3.700000055134296,81.04285835048982,9.099999904632568,501.02
2006-11-13,14.100000210106373,5.414285794964859,-2.200000032782554,81.04285835048982,28.50000023841858,498.46
2006-11-20,15.500000230968,8.114285835197993,2.1000000312924385,86.35714414396456,13.000000178813934,498.24
2006-11-27,14.100000210106373,6.257142950381551,-0.1000000014901161,85.80000127851963,4.0000001192092896,498.07
2006-12-04,10.500000156462193,4.61428578304393,-0.2000000029802322,92.44285852036306,14.399999581277369,497.96
2006-12-11,14.40000021457672,4.928571502012866,-3.000000044703484,87.55714416184595,17.099999636411667,497.53
2006-12-18,10.100000150501728,2.585714324244431,-1.80000002682209,83.31428695576531,1.6999999582767489,497.46
2006-12-25,3.1000000461936,-0.7571428684251649,-5.200000077486038,88.04285845479795,0.5000000074505805,497.42
2007-01-01,11.000000163912771,1.542857165847506,-6.200000092387199,83.08571552378791,20.09999980032444,497.39
2007-01-08,9.100000135600569,4.242857206080641,-0.5000000074505806,86.02857271049704,18.40000015497208,497.34
2007-01-15,12.500000186264517,6.257142950381551,-3.700000055134296,81.64285835943052,9.300000108778477,497.33
2007-01-22,12.4000001847744,6.614285812846252,-1.600000023841858,81.57142978693757,24.5999998152256,497.69
2007-01-29,2.7000000402331352,-3.24285719117948,-11.500000171363354,86.78571557892221,24.0999995470047,497.79
2007-02-05,6.200000092387199,2.2142857472811426,-3.400000050663948,88.61428703474147,5.000000029802322,497.87
2007-02-12,7.500000111758709,2.971428615706308,-1.3000000193715096,88.44285846075842,32.199999928474426,500.26
2007-02-19,8.600000128149986,2.95714290120772,-3.000000044703484,83.98571553719896,20.40000009536743,502.96
2007-02-26,13.40000019967556,5.18571436298745,-1.700000025331974,80.57142977203641,18.200000002980232,503.55
2007-03-05,11.60000017285347,5.514285796454975,0.5000000074505806,79.67142975862537,40.29999941587448,505.21
2007-03-12,13.300000198185444,5.028571503502982,-2.500000037252903,74.07142967517886,5.1999999061226845,505.66
2007-03-19,15.100000225007534,5.700000084936619,-0.5000000074505806,74.72857254211392,11.400000005960464,505.96
2007-03-26,13.500000201165676,2.1571428892867908,-1.700000025331974,82.21428693937403,22.300000190734863,505.88
2007-04-02,15.300000227987766,7.000000104308128,-0.5000000074505806,70.20000104606152,0.8999999761581421,506.06
2007-04-09,17.00000025331974,7.314285823277065,-2.200000032782554,65.60000097751617,3.300000011920929,505.24
2007-04-16,23.600000351667404,13.90000020712614,2.0000000298023224,54.98571510506528,0.0,505.28
2007-04-23,22.800000339746475,11.285714453884534,0.0,54.78571510208504,0.0,505.05
2007-04-30,24.50000036507845,15.300000227987766,5.000000074505806,52.18571506334202,0.0,503.86
2007-05-07,19.60000029206276,12.357143041278634,3.500000052154064,57.100000850856304,11.90000007301569,503.19
2007-05-14,26.700000397861004,14.085714495607784,6.500000096857548,70.01428675757987,62.000000812113285,503.37
2007-05-21,26.80000039935112,12.485714471765927,2.500000037252903,72.957143944289,17.0,503.49
2007-05-28,27.80000041425228,17.757143121744907,6.500000096857548,72.02857250188079,55.09999984502793,503.47
2007-06-04,22.000000327825543,12.54285732976028,4.400000065565109,80.14285833707878,85.60000097751617,504.39
2007-06-11,26.100000388920307,18.6000002771616,11.30000016838312,72.87142965729747,4.600000098347664,504.65
2007-06-18,27.200000405311584,17.71428597824914,9.80000014603138,75.15714397707156,52.30000016838312,504.86
2007-06-25,27.80000041425228,17.58571454776185,9.400000140070915,73.61428681122405,76.30000028759241,505.1
2007-07-02,26.00000038743019,13.842857349131789,8.00000011920929,77.48571544034141,26.00000007450581,505.6
2007-07-09,23.500000350177288,14.014285923114844,9.100000135600569,79.50000118464231,35.500000298023224,505.77
2007-07-16,33.30000049620867,18.242857414696896,7.000000104308128,66.30000098794699,9.299999952316284,505.96
2007-07-23,30.100000448524952,19.80000029504299,10.400000154972076,72.70000108331442,24.90000016987324,506.13
2007-07-30,26.100000388920307,16.514285960367747,8.00000011920929,71.45714392193726,16.499999672174454,505.6
2007-08-06,27.80000041425228,16.028571667415754,5.200000077486038,67.44285814783403,5.600000217556953,505.51
2007-08-13,23.500000350177288,15.542857374463765,10.900000162422655,87.9857155968036,86.60000000149012,505.37
2007-08-20,29.300000436604023,16.9285716808268,9.100000135600569,76.75714400091341,24.30000057816505,505.25
2007-08-27,26.100000388920307,17.328571686787264,11.10000016540289,74.25714396366051,20.100000023841854,505.49
2007-09-03,19.80000029504299,13.300000198185444,7.300000108778477,81.62857264493194,26.90000031143427,505.66
2007-09-10,16.100000239908695,10.028571578008789,3.400000050663948,86.50000128895044,24.199999392032623,505.7
2007-09-17,23.600000351667404,13.085714480706624,5.000000074505806,78.90000117570162,16.200000166893005,504.94
2007-09-24,23.500000350177288,12.014285893312522,2.500000037252903,77.92857258979764,13.59999942779541,504.42
2007-10-01,20.80000030994416,9.885714433022908,4.500000067055225,86.04285842499563,31.999999716877937,504.34
2007-10-08,22.100000329315662,12.585714473256044,1.80000002682209,85.17142984058175,1.2000000327825546,504.43
2007-10-15,16.600000247359276,7.942857261214938,1.100000016391277,81.97142979289804,0.0,504.36
2007-10-22,18.6000002771616,5.214285791984627,-1.3000000193715096,83.95714410820177,8.699999988079071,504.3
2007-10-29,12.300000183284284,4.628571497542517,0.0,86.22857271347728,0.5,504.14
2007-11-05,11.000000163912771,5.057142932500158,-1.3000000193715096,85.4714298450521,6.199999809265137,502.63
2007-11-12,7.900000117719173,3.500000052154064,-0.5000000074505806,87.91428702431065,88.80000066757202,503.0
2007-11-19,2.7000000402331352,-1.3142857338700975,-5.900000087916851,88.31428703027112,19.200000435113907,503.36
2007-11-26,6.70000009983778,1.628571452839034,-3.500000052154064,91.95714422741106,13.89999996125698,502.68
2007-12-03,8.600000128149986,2.200000032782554,-5.200000077486038,86.58571557594198,23.30000001192093,504.36
2007-12-10,11.30000016838312,4.685714355536869,1.100000016391277,84.35714411416224,52.0000005364418,505.57
2007-12-17,2.7000000402331352,-1.1428571598870414,-5.000000074505806,85.64285841903516,11.700000263750551,511.49
2007-12-24,-0.2000000029802322,-4.985714360007218,-9.100000135600569,86.30000128597021,0.1000000014901161,512.15
2007-12-31,4.400000065565109,-2.1142857457910265,-8.900000132620335,89.48571561915534,9.69999998062849,512.6
2008-01-07,8.300000123679638,-0.6571428669350488,-5.000000074505806,83.14285838178226,40.99999952316284,512.12
2008-01-14,8.900000132620335,2.4285714647599628,-2.3000000342726707,83.28571552676814,0.6000000089406966,512.25
2008-01-21,11.000000163912771,5.4000000804662704,-0.5000000074505806,78.95714403369597,23.899999856948853,512.31
2008-01-28,8.900000132620335,2.514285751751491,-3.400000050663948,69.7428581821067,8.399999976158142,512.77
2008-02-04,9.00000013411045,0.7857142974223409,-6.200000092387199,82.24285836837122,7.200000025331974,512.81
2008-02-11,9.100000135600569,2.500000037252903,-3.9000000581145287,72.58571536732572,8.799999952316284,512.83
2008-02-18,8.900000132620335,-1.3714285918644495,-8.600000128149986,68.60000102221966,0.1000000014901161,512.94
2008-02-25,18.50000027567148,6.100000090897083,-4.000000059604645,72.92857251529183,2.1999999582767487,513.35
2008-03-03,15.000000223517418,6.742857243333544,-1.600000023841858,77.27142972286258,33.799999952316284,511.61
2008-03-10,12.800000190734863,1.7285714543291502,-7.300000108778477,70.65714391001633,4.100000061094761,512.28
2008-03-17,11.800000175833702,6.228571521384375,0.2000000029802322,78.42857259724822,59.80000066757202,513.13
2008-03-24,4.500000067055225,-0.3857142914618764,-7.900000117719173,80.55714405753783,29.600000575184826,513.48
2008-03-31,18.80000028014183,4.371428636567933,-3.200000047683716,68.75714388170412,3.1999999061226845,513.6
2008-04-07,13.800000205636024,4.4714286380580495,-2.7000000402331352,80.15714405157736,35.99999938160181,514.5
2008-04-14,16.300000242888927,7.371428681271417,-4.000000059604645,74.01428681718451,26.500000096857548,515.19
2008-04-21,17.30000025779009,6.5571429548519,-0.5000000074505806,79.01428689169032,37.60000014305115,515.86
2008-04-28,21.300000317394733,9.957143005515848,3.000000044703484,71.77142964090619,19.19999974966049,516.27
2008-05-05,17.30000025779009,10.15714300849608,3.1000000461936,67.05714385637215,6.500000007450581,516.29
2008-05-12,21.80000032484532,14.014285923114844,4.500000067055225,54.38571509612458,0.0,515.96
2008-05-19,23.80000035464764,14.200000211596487,6.500000096857548,68.17142958726201,61.600000098347664,515.7
2008-05-26,24.8000003695488,13.028571622712272,6.400000095367432,74.67142968411956,5.599999912083149,515.55
2008-06-02,28.300000421702865,19.54285743406841,10.000000149011612,71.62857249592032,22.40000009536743,515.2
2008-06-09,22.100000329315662,15.600000232458116,9.900000147521496,80.95714406349829,31.000000536441803,515.85
2008-06-16,25.100000374019142,13.028571622712272,5.000000074505806,73.54285823873111,20.100000143051147,516.16
2008-06-23,30.300000451505184,18.185714556702543,10.100000150501728,70.24285818955728,14.899999737739565,515.07
2008-06-30,29.000000432133675,19.485714576074056,11.400000169873238,69.18571531666177,16.5,515.16
2008-07-07,29.700000442564487,18.40000027418137,8.800000131130219,65.47142954702888,42.80000114440918,514.04
2008-07-14,29.10000043362379,16.285714528390336,9.80000014603138,73.28571537775653,37.200000166893005,513.38
2008-07-21,24.600000366568565,15.514285945466586,9.00000013411045,73.5571439532297,18.1999996304512,511.06
2008-07-28,28.10000041872263,17.542857404266083,7.500000111758709,72.75714394130877,2.699999988079071,510.12
2008-08-04,29.700000442564487,20.41428601848228,14.40000021457672,72.28571536285537,15.999999977648258,509.16
2008-08-11,30.500000454485416,18.22857170019831,10.80000016093254,72.51428679483277,23.60000000149012,508.9
2008-08-18,24.8000003695488,15.242857369993414,7.300000108778477,76.47142971094165,41.20000064373016,506.67
2008-08-25,27.200000405311584,15.457143087472234,8.300000123679638,76.68571542842048,15.40000033378601,506.06
2008-09-01,26.30000039190054,17.07142882581268,9.3000001385808,75.91428684549672,7.300000190734863,505.95
2008-09-08,26.80000039935112,16.37142881538187,8.600000128149986,81.72857264642205,37.99999924004078,505.28
2008-09-15,24.8000003695488,13.142857338700976,3.700000055134296,82.04285836539098,7.700000077486038,504.66
2008-09-22,14.600000217556952,7.271428679781301,1.80000002682209,78.50000116974115,2.0,503.84
2008-09-29,14.800000220537186,8.071428691702229,1.80000002682209,85.01428698109729,2.400000050663948,503.02
2008-10-06,17.100000254809856,8.585714413651399,1.100000016391277,80.34285834005901,17.200000181794167,502.27
2008-10-13,20.000000298023224,11.942857320819584,5.700000084936619,87.22857272837844,1.1000000089406967,501.47
2008-10-20,19.000000283122063,9.342857282076563,-0.5000000074505806,84.7571441201227,13.599999621510504,501.13
2008-10-27,18.6000002771616,6.757142957832132,-0.5000000074505806,87.7428584503276,15.40000033378601,500.76
2008-11-03,13.90000020712614,4.628571497542517,-0.5000000074505806,94.04285854420492,29.60000118613243,500.47
2008-11-10,14.600000217556952,7.71428582923753,1.100000016391277,88.28571560127395,1.600000023841858,500.34
2008-11-17,13.40000019967556,4.200000062584877,-2.200000032782554,87.45714416035584,2.299999989569187,499.26
2008-11-24,7.500000111758709,1.528571451348918,-3.700000055134296,87.21428701387984,56.099998869001865,499.09
2008-12-01,4.700000070035458,-1.2000000178813934,-6.400000095367432,85.3571441290634,5.1999999061226845,498.85
2008-12-08,4.90000007301569,1.2285714468785696,-4.400000065565109,87.60000130534172,20.299999967217445,499.17
2008-12-15,3.700000055134296,-1.3000000193715096,-4.500000067055225,94.91428712861878,27.19999934732914,499.51
2008-12-22,6.800000101327896,1.4714285933545657,-3.400000050663948,96.72857286993948,30.60000091791153,499.83
2008-12-29,5.200000077486038,-1.671428596334798,-8.00000011920929,84.92857269410577,1.0,500.76
2009-01-05,0.800000011920929,-4.500000067055225,-9.500000141561031,89.48571561915534,9.09999991953373,501.17
2009-01-12,-1.5000000223517418,-8.785714416631631,-15.100000225007534,85.97142985250268,0.2000000029802322,501.08
2009-01-19,6.000000089406967,-1.5714285948446818,-11.500000171363354,85.52857270304646,8.999999940395355,503.11
2009-01-26,5.700000084936619,-0.1571428594844681,-5.700000084936619,88.62857274924006,13.79999977350235,503.74
2009-02-02,2.600000038743019,-2.471428608255727,-6.500000096857548,83.20000123977661,1.5,504.03
2009-02-09,7.200000107288361,0.3000000044703483,-4.500000067055225,86.0714298539928,10.60000039637089,503.49
2009-02-16,7.700000114738941,-2.1000000312924385,-8.400000125169754,84.90000126510859,23.59999990463257,503.74
2009-02-23,2.1000000312924385,-2.871428614216192,-14.40000021457672,89.7714299091271,27.79999947547913,504.24
2009-03-02,11.60000017285347,2.514285751751491,-2.200000032782554,87.18571558488267,6.599999904632568,504.2
2009-03-09,6.200000092387199,1.714285739830562,-2.500000037252903,90.82857278202262,34.199999913573265,504.33
2009-03-16,10.80000016093254,3.728571484131472,-0.2000000029802322,86.71428700642926,37.69999988377094,508.55
2009-03-23,10.000000149011612,2.1857143182839667,-6.000000089406967,67.97142958428178,11.899999618530272,510.69
2009-03-30,8.50000012665987,2.985714330204896,-3.400000050663948,86.2000012844801,43.000000178813934,512.24
2009-04-06,19.500000290572643,9.785714431532792,0.1000000014901161,76.40000113844872,2.299999952316284,513.77
2009-04-13,21.80000032484532,13.171428767698153,4.000000059604645,56.61428655790432,0.1000000014901161,514.61
2009-04-20,21.50000032037497,11.02857159290995,1.5000000223517418,68.2000010162592,19.100000381469727,514.73
2009-04-27,21.50000032037497,11.114285879901477,0.2000000029802322,62.7142866488014,0.699999988079071,514.76
2009-05-04,20.000000298023224,9.58571442855256,2.0000000298023224,79.2714297526649,11.100000143051147,513.86
2009-05-11,23.100000344216824,13.028571622712272,0.1000000014901161,74.87142968709979,59.199998289346695,513.36
2009-05-18,26.200000390410423,12.942857335720744,7.400000110268593,86.3285727149674,39.49999991059303,513.25
2009-05-25,28.80000042915344,17.414285973778792,5.900000087916851,68.98571531368154,29.80000076442957,512.64
2009-06-01,24.300000362098217,12.800000190734863,5.000000074505806,72.4857153658356,20.29999959468842,512.36
2009-06-08,21.50000032037497,12.957143050219331,5.000000074505806,68.85714388319424,20.899999618530277,512.67
2009-06-15,26.100000388920307,15.500000230968,6.800000101327896,70.65714391001633,22.19999933242798,512.86
2009-06-22,26.80000039935112,14.142857353602135,6.70000009983778,75.9428582744939,10.000000096857548,513.32
2009-06-29,24.300000362098217,16.185714526900224,9.80000014603138,85.04285841009447,46.29999849945307,513.16
2009-07-06,26.700000397861004,19.22857171509947,13.600000202655792,78.6714297437242,27.90000019222498,513.06
2009-07-13,25.80000038444996,14.657143075551303,6.70000009983778,77.75714401581457,10.999999910593033,512.62
2009-07-20,27.10000040382147,17.07142882581268,9.3000001385808,80.04285833558866,54.50000084936619,510.9
2009-07-27,28.80000042915344,18.44285741767713,8.100000120699406,68.92857245568719,24.700000405311584,510.25
2009-08-03,27.60000041127205,17.385714544781617,9.500000141561031,72.14285821786949,0.5,509.56
2009-08-10,26.80000039935112,18.100000269711018,9.100000135600569,73.21428680526358,8.200000382959843,509.45
2009-08-17,29.300000436604023,18.74285742214748,11.500000171363354,75.77142970051084,13.200000286102297,507.75
2009-08-24,32.20000047981739,18.900000281631947,7.500000111758709,72.77142965580735,5.299999892711639,507.5
2009-08-31,27.000000402331352,17.100000254809856,5.000000074505806,70.67142962451491,18.100000381469727,507.37
2009-09-07,30.800000458955765,15.20000022649765,5.500000081956387,75.30000112205744,15.09999978542328,506.05
2009-09-14,23.100000344216824,13.528571630162851,5.700000084936619,73.37142966474805,5.800000190734864,504.84
2009-09-21,22.500000335276127,14.814285935035771,7.500000111758709,89.21428704368216,2.8999999165534973,504.37
2009-09-28,23.300000347197056,14.1857144970979,5.700000084936619,78.24285830876657,0.0,503.24
2009-10-05,18.0000002682209,11.071428736405712,2.0000000298023224,78.0857154492821,5.400000095367432,501.64
2009-10-12,25.100000374019142,13.142857338700976,3.400000050663948,86.14285842648574,53.39999997615814,501.24
2009-10-19,7.800000116229057,2.1571428892867908,-3.400000050663948,89.12857275669064,32.10000005364418,500.91
2009-10-26,14.100000210106373,5.814285800925323,-2.500000037252903,92.30000137537718,6.099999964237213,500.3
2009-11-02,13.000000193715096,5.928571516914027,-0.9000000134110451,91.04285849950143,22.09999942779541,500.28
2009-11-09,9.80000014603138,3.942857201610293,-0.4000000059604645,88.8142870377217,22.700000278651714,500.14
2009-11-16,13.800000205636024,5.700000084936619,-2.600000038743019,91.97142994190963,15.699999548494814,499.91
2009-11-23,16.300000242888927,7.328571537775653,-0.5000000074505806,83.05714409479073,4.399999916553497,499.9
2009-11-30,13.800000205636024,5.828571515423911,-0.2000000029802322,79.47142975564513,17.199999816715717,499.47
2009-12-07,8.300000123679638,2.857142899717604,-2.200000032782554,90.44285849056074,27.39999919384718,499.79
2009-12-14,7.500000111758709,0.4714285784534046,-6.70000009983778,89.97142991210733,34.10000026226044,500.74
2009-12-21,1.0000000149011612,-7.585714398750237,-19.000000283122063,81.87142979140792,11.000000089406967,502.51
2009-12-28,8.50000012665987,1.0857143018926891,-5.000000074505806,87.28571558637279,8.400000110268593,502.42
2010-01-04,7.400000110268593,-0.1857142884816442,-9.500000141561031,91.64285850844212,20.49999997019768,499.69
2010-01-11,-1.100000016391277,-5.2428572209818025,-7.200000107288361,90.77142992402824,18.20000004768372,499.63
2010-01-18,5.000000074505806,-2.414285750261375,-7.500000111758709,93.54285853675434,23.200000777840614,499.855
2010-01-25,3.9000000581145287,-2.500000037252903,-6.900000102818012,93.17142995979104,6.099999934434891,500.08
2010-02-01,0.2000000029802322,-4.657142926539693,-13.40000019967556,88.2285727432796,23.599999994039536,500.305
2010-02-08,6.500000096857548,-0.3428571479661124,-6.000000089406967,92.31428708987576,15.599999904632568,500.53
2010-02-15,-2.800000041723252,-6.000000089406967,-9.00000013411045,87.58571559084314,15.20000011473894,501.47
2010-02-22,8.300000123679638,-0.6285714379378727,-10.100000150501728,83.20000123977661,8.900000050663948,502.26
2010-03-01,12.90000019222498,5.100000075995922,-1.100000016391277,71.45714392193726,8.400000125169754,503.64
2010-03-08,4.400000065565109,-3.114285760692188,-11.800000175833702,73.98571538818734,15.299999952316284,504.36
2010-03-15,4.700000070035458,-2.0285714587994983,-11.30000016838312,78.70000117272139,20.899999856948853,504.69
2010-03-22,16.600000247359276,7.300000108778477,-2.7000000402331352,73.442858237241,6.1999999061226845,507.56
2010-03-29,21.000000312924385,8.871428703623158,0.4000000059604645,71.77142964090619,8.800000168383121,508.46
2010-04-05,18.6000002771616,5.957142945911203,-3.000000044703484,70.92857248548951,5.8999998196959496,508.38
2010-04-12,17.50000026077032,6.27142866488014,-2.1000000312924385,70.64285819551775,3.1999999061226845,508.17
2010-04-19,18.80000028014183,7.042857247803893,-1.3000000193715096,75.14285826257297,14.899999618530272,507.86
2010-04-26,21.60000032186508,9.557142999555383,-1.100000016391277,55.34285796752998,1.300000049173832,507.43
2010-05-03,25.50000037997961,12.257143039788518,3.400000050663948,72.67142965431724,29.90000009536743,506.76
2010-05-10,16.300000242888927,7.700000114738941,2.200000032782554,87.81428702282054,36.5000005364418,506.96
2010-05-17,18.6000002771616,8.528571555657047,4.200000062584877,84.10000125318766,25.599999099969864,506.4
2010-05-24,24.100000359117985,10.87142873342548,2.500000037252903,82.17142979587827,12.00000035762787,506.22
2010-05-31,24.600000366568565,13.557143059160028,4.200000062584877,81.25714406796864,42.80000038444996,505.87
2010-06-07,27.3000004068017,14.442857358072484,7.900000117719173,79.67142975862537,20.599999725818638,505.48
2010-06-14,29.700000442564487,18.128571698708196,10.400000154972076,74.24285824916193,12.799999594688414,504.96
2010-06-21,18.80000028014183,11.95714303531817,4.700000070035458,87.58571559084314,40.80000077188015,503.77
2010-06-28,27.10000040382147,16.942857395325387,5.700000084936619,65.84285812399217,0.0,502.62
2010-07-05,30.500000454485416,21.41428603338344,13.000000193715096,66.08571527046817,3.000000052154064,503.36
2010-07-12,32.20000047981739,21.58571460736649,10.30000015348196,59.11428659515722,0.6000000014901161,503.38
2010-07-19,32.50000048428774,19.928571725530283,10.500000156462193,72.8428582283003,40.49999925494194,503.41
2010-07-26,31.20000046491623,17.08571454031127,9.00000013411045,78.6714297437242,89.99999904632568,502.89
2010-08-02,28.00000041723252,15.671428804951054,7.400000110268593,82.91428694980485,40.09999918937683,502.9
2010-08-09,22.600000336766243,14.785714506038598,8.400000125169754,83.70000124722719,71.4999994635582,503.92
2010-08-16,25.100000374019142,16.142857383404458,9.900000147521496,81.64285835943052,22.20000028610229,503.85
2010-08-23,29.200000435113907,17.6428574057562,9.100000135600569,77.47142972584281,7.799999810755253,503.76
2010-08-30,27.80000041425228,14.657143075551303,7.400000110268593,80.57142977203641,40.1999996304512,503.2
2010-09-06,18.6000002771616,11.714285888842172,4.000000059604645,78.74285831621715,2.600000001490116,503.04
2010-09-13,21.50000032037497,12.428571613771576,6.900000102818012,86.6714298629335,33.30000042915344,502.8
2010-09-20,19.500000290572643,10.500000156462193,2.3000000342726707,79.17142975117478,3.600000001490116,502.62
2010-09-27,23.500000350177288,11.285714453884534,1.100000016391277,81.14285835197994,25.99999971687794,502.2
2010-10-04,18.0000002682209,10.200000151991844,4.700000070035458,90.00000134110451,8.199999988079071,502.07
2010-10-11,16.300000242888927,10.671428730445248,2.800000041723252,82.6142869453345,1.8000000044703484,501.59
2010-10-18,14.800000220537186,5.2428572209818025,0.4000000059604645,89.21428704368216,10.399999864399431,500.8
2010-10-25,12.500000186264517,3.728571484131472,-4.200000062584877,88.28571560127395,26.899999618530277,501.0
2010-11-01,16.50000024586916,6.028571518404143,-2.500000037252903,79.42857261214938,0.1000000014901161,500.77
2010-11-08,16.50000024586916,8.50000012665987,1.80000002682209,85.10000126808882,6.600000202655792,500.53
2010-11-15,18.100000269711018,7.928571546716349,0.9000000134110451,81.11428692298276,30.10000044107437,499.92
2010-11-22,7.000000104308128,2.1571428892867908,-1.5000000223517418,94.15714426019362,27.299999624490734,499.87
2010-11-29,2.7000000402331352,-1.4000000208616257,-7.000000104308128,91.97142994190963,20.099999725818638,499.71
2010-12-06,1.100000016391277,-5.100000075995922,-11.60000017285347,91.3142870749746,46.30000028759241,500.27
2010-12-13,8.600000128149986,0.0,-8.50000012665987,92.81428709732634,43.10000038146973,501.520633859372
2010-12-20,4.500000067055225,-4.800000071525574,-12.600000187754633,87.88571559531348,28.30000042915344,503.515798780617
2010-12-27,5.200000077486038,-2.471428608255727,-15.400000229477882,91.95714422741106,30.000000670552254,505.951406309517
2011-01-03,-0.5000000074505806,-3.0142857592020715,-10.600000157952309,91.98571565640825,4.69999997317791,508.523367991858
2011-01-10,10.500000156462193,0.5428571509463447,-13.000000193715096,89.12857275669064,20.29999984800816,510.927595373425
2011-01-17,10.000000149011612,4.628571497542517,-2.200000032782554,89.1714299001864,57.0999990105629,512.86
2011-01-24,6.70000009983778,-1.8571428848164424,-11.000000163912771,88.01428702580077,8.499999918043613,514.25
2011-01-31,1.100000016391277,-4.442857209060874,-13.000000193715096,93.25714424678256,12.200000077486038,514.48
2011-02-07,13.100000195205212,0.4000000059604644,-8.00000011920929,83.17142981077943,0.4000000059604645,514.5
2011-02-14,11.500000171363354,3.657142911638533,-2.0000000298023224,87.80000130832195,4.399999901652336,514.54
2011-02-21,2.600000038743019,-0.5857142944421087,-4.700000070035458,92.2571442318814,6.200000174343586,514.3
2011-02-28,6.70000009983778,-0.7142857249294007,-12.600000187754633,79.47142975564513,4.499999977648258,514.11
2011-03-07,8.900000132620335,0.2571428609745843,-4.90000007301569,69.87142961259399,0.0,513.76
2011-03-14,14.900000222027302,6.157142948891435,-6.200000092387199,64.65714382060936,0.3000000119209289,512.86
2011-03-21,17.00000025331974,4.8857143585171015,-4.200000062584877,78.88571546120303,13.800000071525574,512.8
2011-03-28,18.0000002682209,6.84285724482366,-2.7000000402331352,68.3142867322479,6.199999928474426,512.24
2011-04-04,23.600000351667404,10.671428730445248,-0.2000000029802322,73.77142967070851,23.300000071525574,512.2
2011-04-11,23.100000344216824,11.971428749816758,2.600000038743019,61.90000092238188,0.800000011920929,511.03
2011-04-18,16.800000250339508,6.242857235882964,-1.700000025331974,66.91428671138627,6.5,510.53
2011-04-25,23.80000035464764,13.628571631652967,1.3000000193715096,53.55714365520648,0.0,509.36
2011-05-02,19.000000283122063,10.542857299957957,2.800000041723252,76.88571543140071,41.29999995231629,508.56
2011-05-09,22.500000335276127,10.771428731935364,-2.200000032782554,54.628572242600576,0.0,507.69
2011-05-16,23.600000351667404,12.871428763227804,4.500000067055225,67.91428672628743,13.500000298023224,507.43
2011-05-23,24.50000036507845,15.400000229477882,5.000000074505806,68.67142959471259,14.100000590085983,506.37
2011-05-30,28.10000041872263,15.228571655494829,5.200000077486038,60.81428662048919,1.6000000536441803,506.1
2011-06-06,26.100000388920307,16.242857384894574,8.300000123679638,75.2285725495645,17.399999856948853,504.85
2011-06-13,24.100000359117985,13.885714492627551,7.000000104308128,78.75714403071574,6.100000120699406,503.26
2011-06-20,26.30000039190054,15.34285737148353,8.50000012665987,77.52857258383717,24.100000381469727,502.35
2011-06-27,28.60000042617321,17.042857396815503,8.600000128149986,70.88571534199374,14.699999809265137,501.87
2011-07-04,29.800000444054604,15.628571661455291,5.200000077486038,70.67142962451491,11.5,501.05
2011-07-11,27.000000402331352,18.55714313366584,11.800000175833702,74.9857154030885,61.700000286102295,500.405
2011-07-18,27.500000409781933,15.64285737595388,5.200000077486038,73.928572530193,39.6999996304512,499.76
2011-07-25,21.60000032186508,13.1142859097038,7.000000104308128,82.41428694235427,53.89999932050705,499.67
2011-08-01,23.100000344216824,14.84285736403295,7.900000117719173,80.27142976756606,19.09999966621399,499.39
2011-08-08,25.80000038444996,17.842857408736432,10.000000149011612,79.85714404710701,18.09999990463257,499.09
2011-08-15,27.3000004068017,16.04285738191434,6.400000095367432,75.61428684102637,17.500000432133678,498.83
2011-08-22,31.300000466406345,21.07142888541733,11.10000016540289,73.90000110119581,2.399999976158142,498.39
2011-08-29,32.80000048875809,18.785714565643243,7.400000110268593,71.65714392491749,21.800000190734863,498.24
2011-09-05,27.3000004068017,16.442857387874806,6.70000009983778,78.48571545524257,23.600000478327274,497.64
2011-09-12,28.60000042617321,16.528571674866335,7.700000114738941,77.92857258979764,8.5,496.99
2011-09-19,23.300000347197056,13.700000204145908,5.500000081956387,80.42857262705054,15.699999809265137,496.25
2011-09-26,23.500000350177288,13.014285908213685,5.500000081956387,79.68571547312396,0.0,495.55
2011-10-03,23.600000351667404,14.70000021904707,6.70000009983778,77.42857258234706,0.0,495.17
2011-10-10,22.30000033229589,10.557143014456544,3.200000047683716,82.68571551782745,41.30000042915344,495.07
2011-10-17,18.80000028014183,7.900000117719173,-0.2000000029802322,80.92857263450112,2.9000000059604645,494.85
2011-10-24,18.50000027567148,3.957142916108881,-3.9000000581145287,86.85714415141514,22.99999914318323,494.56
2011-10-31,15.300000227987766,7.014285818806717,1.700000025331974,90.77142992402824,0.5000000074505805,494.16
2011-11-07,14.100000210106373,6.600000098347664,3.000000044703484,95.0285728446075,0.0,493.79
2011-11-14,9.80000014603138,2.928571472210544,-2.200000032782554,96.18571571899312,0.2000000029802322,493.66
2011-11-21,10.100000150501728,1.1857143033828057,-3.400000050663948,91.51428707795483,0.1000000014901161,492.97
2011-11-28,9.400000140070915,0.7714285829237529,-3.700000055134296,91.84285851142236,0.800000011920929,492.81
2011-12-05,11.900000177323818,5.25714293548039,-1.3000000193715096,87.01428701089961,26.300000607967377,492.66
2011-12-12,9.00000013411045,2.7571428982274875,-1.100000016391277,88.47142988975558,40.1000007390976,492.56
2011-12-19,8.800000131130219,1.700000025331974,-6.000000089406967,85.88571556551116,23.60000032186508,494.1
2011-12-26,6.000000089406967,1.9000000283122065,-4.200000062584877,92.21428708838565,30.000000096857548,498.27
2012-01-02,10.100000150501728,3.5857143391455923,-1.3000000193715096,90.05714419909886,28.10000018030405,499.21
2012-01-09,7.500000111758709,2.514285751751491,-0.5000000074505806,87.08571558339256,51.90000069141388,501.52
2012-01-16,5.500000081956387,-0.3142857189689363,-7.500000111758709,89.20000132918358,2.299999989569187,503.47
2012-01-23,7.500000111758709,1.0714285873941012,-8.50000012665987,86.85714415141514,82.59999978542328,505.19
2012-01-30,1.80000002682209,-2.0285714587994983,-6.000000089406967,92.58571566534894,7.199999824166298,505.47
2012-02-06,-3.500000052154064,-11.785714461335116,-19.60000029206276,69.9714296140841,0.0,506.55
2012-02-13,-4.90000007301569,-11.942857320819584,-19.60000029206276,80.828572633011,4.599999882280827,506.13
2012-02-20,6.500000096857548,-0.0857142869915282,-5.500000081956387,88.87142989571605,17.400000154972076,505.71
2012-02-27,9.600000143051147,2.285714319774083,-7.500000111758709,81.1857154954757,2.800000049173832,507.51
2012-03-05,10.80000016093254,5.071428646998746,-2.3000000342726707,91.41428707646472,5.400000043213368,507.93
2012-03-12,9.80000014603138,2.985714330204896,-3.9000000581145287,80.61428691553218,5.400000147521496,507.85
2012-03-19,20.30000030249357,6.8142858158264845,-2.1000000312924385,72.21428679036242,6.400000192224979,507.53
2012-03-26,17.30000025779009,7.828571545226233,-1.80000002682209,66.58571527791875,0.0,507.07
2012-04-02,18.6000002771616,7.271428679781301,-3.700000055134296,62.04285806736776,0.7000000029802322,506.62
2012-04-09,17.30000025779009,5.271428649978978,-2.800000041723252,81.57142978693757,21.399999737739563,505.87
2012-04-16,18.80000028014183,6.585714383849076,0.800000011920929,76.37142970945153,10.200000017881392,505.66
2012-04-23,14.600000217556952,6.014285803905556,-2.1000000312924385,73.15714394726923,17.800000242888927,504.62
2012-04-30,29.50000043958425,13.98571449411767,2.3000000342726707,59.94285803607532,3.700000047683716,504.14
2012-05-07,22.100000329315662,12.528571615261692,4.90000007301569,72.57142965282712,14.300000339746475,503.18
2012-05-14,29.300000436604023,13.528571630162851,0.0,66.77142956640039,7.300000131130218,503.06
2012-05-21,25.50000037997961,11.67142874534641,0.0,69.67142960961375,16.599999524652958,501.68
2012-05-28,25.30000037699937,16.400000244379044,8.00000011920929,63.52857237522091,2.0000000596046448,501.87
2012-06-04,23.600000351667404,15.28571451348918,9.100000135600569,75.4571439815419,27.399999856948853,501.36
2012-06-11,23.000000342726707,13.385714485176972,5.200000077486038,77.64285829982587,25.30000010877848,500.5
2012-06-18,29.60000044107437,16.528571674866335,7.000000104308128,73.64285824022123,21.7999999076128,499.64
2012-06-25,26.80000039935112,17.485714546271733,8.00000011920929,74.07142967517886,27.600000619888306,499.0
2012-07-02,30.300000451505184,18.9571431396263,8.100000120699406,76.94285828939506,55.600000023841865,498.64
2012-07-09,27.500000409781933,18.34285741618701,12.10000018030405,78.2000011652708,23.000000573694702,498.91
2012-07-16,24.8000003695488,15.05714308151177,9.400000140070915,75.2285725495645,12.200000047683716,498.81
2012-07-23,25.80000038444996,15.142857368503298,6.400000095367432,73.41428680824382,10.199999809265137,497.78
2012-07-30,32.00000047683716,19.91428601103169,8.100000120699406,69.3714296051434,7.89999982714653,497.12
2012-08-06,29.60000044107437,19.057143141116416,11.000000163912771,73.45714395173958,33.59999914467335,496.53
2012-08-13,24.600000366568565,16.12857166890587,8.400000125169754,67.22857243035521,0.0,496.06
2012-08-20,33.00000049173832,20.571428877966746,10.600000157952309,64.55714381911925,17.70000046491623,495.47
2012-08-27,31.500000469386578,18.88571456713336,8.50000012665987,73.17142966176782,17.30000014603138,494.79
2012-09-03,27.200000405311584,15.828571664435524,9.100000135600569,80.55714405753783,35.20000000298023,494.64
2012-09-10,27.60000041127205,16.528571674866335,5.500000081956387,69.628572466118,0.800000011920929,494.27
2012-09-17,26.80000039935112,12.228571610791343,1.0000000149011612,78.61428688572985,10.19999983906746,493.77
2012-09-24,23.500000350177288,11.82857160483088,1.80000002682209,79.41428689765078,16.400000393390656,493.4
2012-10-01,21.80000032484532,11.142857308898654,4.000000059604645,84.5142869736467,19.600000359117985,493.3
2012-10-08,20.30000030249357,11.228571595890182,0.1000000014901161,82.27142979736838,25.00000035762787,493.2
2012-10-15,15.100000225007534,8.485714412161283,2.200000032782554,88.67142989273582,8.700000047683716,493.13
2012-10-22,21.300000317394733,9.700000144541264,1.3000000193715096,85.128572697086,0.3000000044703483,493.09
2012-10-29,14.300000213086603,3.614285768142768,-5.700000084936619,92.71428709583624,21.80000001192093,493.04
2012-11-05,15.800000235438349,5.700000084936619,-2.800000041723252,86.17142985548291,51.99999904632568,493.74
2012-11-12,10.400000154972076,5.414285794964859,-0.5000000074505806,91.38571564746756,23.900000393390656,495.47
2012-11-19,7.400000110268593,2.800000041723252,-0.800000011920929,95.5000014230609,0.3000000044703483,496.0
2012-11-26,13.300000198185444,4.628571497542517,-1.600000023841858,91.70000136643648,1.8000000715255735,495.87
2012-12-03,6.800000101327896,-0.07142857249294,-8.100000120699406,94.95714427211456,37.30000039190054,495.65
2012-12-10,3.500000052154064,-3.17142861868654,-13.600000202655792,91.6857156519379,30.300000190734863,497.833333333333
2012-12-17,5.700000084936619,-1.600000023841858,-15.900000236928465,90.77142992402824,34.00000009685755,500.016666666667
2012-12-24,12.600000187754633,3.414285765162536,-1.700000025331974,90.54285849205084,29.999999575316902,502.2
2012-12-31,13.500000201165676,4.785714357026985,-0.2000000029802322,80.62857263003077,27.59999952465296,504.9
2013-01-07,7.200000107288361,3.328571478171008,-3.1000000461936,92.44285852036306,16.300000086426735,507.09
2013-01-14,4.500000067055225,-0.885714298912457,-5.200000077486038,93.05714424380234,4.200000084936619,507.56
2013-01-21,-0.5000000074505806,-4.6000000685453415,-7.200000107288361,92.00000137090684,10.599999964237211,507.815
2013-01-28,4.500000067055225,-2.3000000342726707,-9.00000013411045,89.185715614685,1.5000000149011612,508.07
2013-02-04,12.4000001847744,3.671428626137121,-2.7000000402331352,87.00000129640102,81.59999907016754,508.14
2013-02-11,5.500000081956387,-3.228571476680892,-13.40000019967556,90.3857156325664,21.500000350177288,509.225
2013-02-18,2.3000000342726707,-2.6714286112359598,-9.900000147521496,89.71428705113274,4.299999907612801,510.31
2013-02-25,0.800000011920929,-4.457142923559461,-8.900000132620335,86.24285842797586,4.100000098347664,511.56
2013-03-04,6.200000092387199,-0.9142857279096333,-7.500000111758709,89.67142990763698,6.900000102818012,512.19
2013-03-11,15.400000229477882,6.071428661899907,-4.400000065565109,78.54285831323692,15.699999824166298,512.6
2013-03-18,6.70000009983778,-1.1571428743856291,-8.900000132620335,81.84285836241075,24.0999995470047,512.84
2013-03-25,8.100000120699406,0.3714285769632885,-4.90000007301569,80.21428690957171,10.899999737739565,513.47
2013-04-01,5.000000074505806,-1.4857143078531538,-8.50000012665987,83.54285838774273,8.699999861419201,513.52
2013-04-08,7.500000111758709,1.0714285873941012,-3.700000055134296,79.24285832366773,0.6000000238418579,513.47
2013-04-15,23.600000351667404,9.642857286546912,1.80000002682209,72.57142965282712,17.499999955296516,513.24
2013-04-22,23.80000035464764,11.057143021907123,3.1000000461936,77.41428686784846,26.100000336766243,513.16
2013-04-29,23.500000350177288,10.900000162422655,3.700000055134296,77.27142972286258,5.6999998688697815,513.07
2013-05-06,19.80000029504299,11.414285884371823,3.200000047683716,85.31428698556763,9.300000049173832,512.56
2013-05-13,22.100000329315662,11.585714458354882,4.500000067055225,81.7714297899178,25.700000151991844,512.4
2013-05-20,22.100000329315662,12.114285894802638,4.700000070035458,78.01428687678916,7.100000098347664,511.96
2013-05-27,14.100000210106373,6.84285724482366,0.1000000014901161,84.21428696917636,18.899999856948853,511.86
2013-06-03,20.10000029951334,9.185714422592095,2.500000037252903,87.3857155878629,80.60000050067902,511.63
2013-06-10,24.300000362098217,14.871428793030123,5.700000084936619,76.62857257042613,45.90000081062317,512.47
2013-06-17,32.20000047981739,17.542857404266083,9.00000013411045,71.8857153568949,8.800000101327896,512.56
2013-06-24,32.20000047981739,19.114285999110766,8.100000120699406,70.87142962749515,5.599999979138374,512.92
2013-07-01,23.000000342726707,11.82857160483088,5.000000074505806,79.81428690361125,14.600000262260435,512.83
2013-07-08,25.600000381469727,18.14285741320678,10.100000150501728,75.88571541649955,5.599999822676182,512.54
2013-07-15,25.80000038444996,17.34285740128585,7.000000104308128,64.55714381911925,0.0,512.24
2013-07-22,30.00000044703484,21.014286027422973,9.500000141561031,55.01428653406246,0.0,511.36
2013-07-29,34.60000051558018,21.142857457910264,13.40000019967556,73.0714296602777,47.60000000149012,510.96
2013-08-05,34.20000050961971,21.385714604386266,13.000000193715096,68.21428673075778,22.00000038743019,510.04
2013-08-12,30.800000458955765,17.900000266730785,10.500000156462193,79.80000118911266,33.30000042915344,508.67
2013-08-19,27.60000041127205,16.771428821342333,7.500000111758709,69.42857246313777,14.700000382959844,508.34
2013-08-26,23.100000344216824,14.385714500078134,6.900000102818012,81.11428692298276,39.30000076442957,507.05
2013-09-02,22.800000339746475,14.728571648044246,8.300000123679638,76.04285827598402,4.299999870359898,506.86
2013-09-09,27.500000409781933,17.385714544781617,9.80000014603138,73.77142967070851,13.700000390410423,506.42
2013-09-16,17.30000025779009,11.171428737895829,6.800000101327896,90.42857277606215,38.600000500679016,505.66
2013-09-23,19.000000283122063,10.88571444792407,3.9000000581145287,85.01428698109729,28.20000097900629,505.17
2013-09-30,21.300000317394733,12.142857323799817,6.000000089406967,84.84285840711424,2.4999999552965164,504.94
2013-10-07,16.600000247359276,8.942857276116099,0.800000011920929,85.04285841009447,23.299999237060547,504.86
2013-10-14,14.600000217556952,7.300000108778477,0.4000000059604645,90.15714420058896,18.0999998152256,504.21
2013-10-21,18.30000027269125,10.571428728955132,4.200000062584877,87.17142987038407,29.700000420212746,503.4
2013-10-28,21.1000003144145,13.242857340191092,6.500000096857548,80.55714405753783,21.299999594688416,503.09
2013-11-04,15.300000227987766,7.000000104308128,-1.100000016391277,85.61428699003798,20.39999981224537,503.03
2013-11-11,14.800000220537186,7.05714296230248,-0.6000000089406967,85.42857270155635,46.30000010132789,504.17
2013-11-18,6.800000101327896,2.514285751751491,-1.3000000193715096,93.12857281629528,2.9000000283122063,505.05
2013-11-25,4.200000062584877,1.528571451348918,-4.700000070035458,93.60000139474867,13.40000007301569,504.88
2013-12-02,4.000000059604645,-1.0714285873941012,-8.800000131130219,91.94285851291248,7.099999912083149,504.47
2013-12-09,6.500000096857548,0.800000011920929,-4.700000070035458,87.01428701089961,3.9999999701976776,504.07
2013-12-16,8.400000125169754,0.2142857174788203,-4.500000067055225,93.7142871107374,1.7000000476837158,503.72
2013-12-23,10.30000015348196,2.271428605275495,-4.700000070035458,88.32857274476972,3.999999977648258,503.67
2013-12-30,10.000000149011612,3.24285719117948,-3.700000055134296,84.7571441201227,12.90000044554472,503.53
2014-01-06,7.500000111758709,2.1428571747882024,-3.200000047683716,90.21428705858332,12.000000111758707,502.6
2014-01-13,12.800000190734863,4.271428635077817,-2.600000038743019,87.21428701387984,10.200000047683716,502.93
2014-01-20,6.70000009983778,2.200000032782554,-1.600000023841858,93.7142871107374,10.499999955296516,503.11
2014-01-27,3.6000000536441803,1.1142857308898653,-2.7000000402331352,93.65714425274304,28.499999918043613,503.37
2014-02-03,8.00000011920929,-0.9000000134110452,-4.500000067055225,92.07142994339976,2.400000013411045,503.42
2014-02-10,10.600000157952309,2.742857183728899,-2.200000032782554,80.04285833558866,0.5000000074505805,503.53
2014-02-17,11.800000175833702,3.5714286246470044,-3.700000055134296,78.95714403369597,4.900000050663948,503.62
2014-02-24,10.30000015348196,3.357142907168184,-3.200000047683716,83.05714409479073,4.199999883770943,503.43
2014-03-03,12.000000178813934,3.814285771123001,-3.700000055134296,83.20000123977661,8.799999788403511,503.17
2014-03-10,15.000000223517418,5.214285791984627,-1.3000000193715096,73.35714395024947,0.1000000014901161,502.61
2014-03-17,17.100000254809856,7.542857255254473,-1.100000016391277,64.2571438146489,1.399999976158142,502.12
2014-03-24,20.10000029951334,7.7428572582347055,-1.3000000193715096,70.24285818955728,4.800000108778477,501.66
2014-03-31,19.30000028759241,6.728571528834956,-3.500000052154064,68.37142959024224,1.2999999523162842,501.07
2014-04-07,21.1000003144145,12.357143041278634,2.7000000402331352,66.2857152734484,3.600000023841858,500.49
2014-04-14,18.0000002682209,9.3000001385808,2.200000032782554,67.75714386680296,3.79999989271164,499.25
2014-04-21,16.100000239908695,6.171428663390024,-1.80000002682209,74.18571539116758,4.0999999195337296,499.38
2014-04-28,21.50000032037497,12.0428573223097,4.000000059604645,76.01428684698683,18.60000003129244,499.53
2014-05-05,17.50000026077032,9.44285728356668,1.3000000193715096,80.68571548802512,3.3999999910593037,498.42
2014-05-12,20.80000030994416,11.728571603340765,4.400000065565109,74.08571538967746,18.199999928474423,498.34
2014-05-19,22.800000339746475,10.271428724484784,4.500000067055225,72.37142964984689,3.1999999061226845,497.76
2014-05-26,28.300000421702865,15.957143094922817,6.800000101327896,67.44285814783403,4.699999928474426,497.47
2014-06-02,19.000000283122063,11.628571601850648,1.600000023841858,77.014286861888,4.400000035762787,496.96
2014-06-09,33.5000004991889,18.22857170019831,5.500000081956387,60.342858042035786,4.700000047683716,495.81
2014-06-16,32.00000047683716,18.34285741618701,6.500000096857548,62.84285807928869,9.100000381469728,495.3
2014-06-23,25.00000037252903,15.014285938016004,5.700000084936619,65.31428668754441,3.4000000283122063,495.07
2014-06-30,25.100000374019142,15.242857369993414,4.400000065565109,68.50000102072954,31.59999966621399,494.73
2014-07-07,30.200000450015068,18.02857169721808,7.700000114738941,68.52857244972672,11.09999980032444,494.66
2014-07-14,22.100000329315662,14.671428790049893,9.500000141561031,88.20000131428242,54.39999961853027,494.53
2014-07-21,31.80000047385693,20.485714590975217,11.60000017285347,65.27142954404864,61.30000066757202,494.51
2014-07-28,25.80000038444996,18.785714565643243,11.500000171363354,78.05714402028492,31.30000102519989,494.46
2014-08-04,24.50000036507845,17.885714552232198,11.60000017285347,85.07142983909164,26.70000004768372,494.14
2014-08-11,27.80000041425228,18.185714556702543,10.500000156462193,77.32857258085694,29.199999928474423,493.89
2014-08-18,20.60000030696392,13.671428775148732,8.900000132620335,81.37142978395734,14.099999904632568,493.6
2014-08-25,19.80000029504299,12.68571447474616,4.500000067055225,74.57142968262944,9.399999976158142,493.47
2014-09-01,22.30000033229589,14.385714500078134,8.600000128149986,87.92857273880925,59.40000100433826,493.74
2014-09-08,24.600000366568565,15.900000236928465,10.000000149011612,86.72857272092786,11.5999998152256,494.83
2014-09-15,21.80000032484532,13.442857343171324,8.50000012665987,89.28571561617511,34.39999990910292,496.37
2014-09-22,23.80000035464764,13.97142877961908,4.500000067055225,91.0714299284986,33.900000147521496,496.49
2014-09-29,23.500000350177288,11.042857307408536,1.700000025331974,86.21428699897868,5.300000198185444,497.28
2014-10-06,19.30000028759241,11.942857320819584,6.200000092387199,92.55714423635176,1.3000000044703484,496.49
2014-10-13,25.100000374019142,14.157143068100725,9.900000147521496,88.87142989571605,29.20000045746565,495.98
2014-10-20,21.50000032037497,12.985714479216508,5.700000084936619,89.98571562660592,39.89999921619892,497.49
2014-10-27,16.600000247359276,7.200000107288361,2.200000032782554,90.08571562809604,37.60000057518482,498.96
2014-11-03,16.800000250339508,8.314285838178225,2.200000032782554,90.02857277010169,3.900000005960465,498.62
2014-11-10,13.100000195205212,5.828571515423911,1.5000000223517418,92.7428585248334,16.39999962598085,498.24
2014-11-17,9.900000147521496,6.100000090897083,0.9000000134110451,96.42857286546912,5.8000000566244125,497.93
2014-11-24,11.500000171363354,4.400000065565109,-0.4000000059604645,96.6714300119451,11.500000402331354,498.17
2014-12-01,6.000000089406967,1.742857168827738,-0.2000000029802322,97.37143002237592,1.100000016391277,497.85
2014-12-08,3.000000044703484,1.2857143048729216,-0.800000011920929,96.74285858443804,4.600000016391277,497.26
2014-12-15,10.400000154972076,4.185714348086289,-2.7000000402331352,85.37142984356198,2.6000000089406967,497.57
2014-12-22,10.100000150501728,4.800000071525574,-0.5000000074505806,87.34285844436714,21.80000001192093,497.97
2014-12-29,10.900000162422655,-0.857142869915281,-15.300000227987766,86.64285843393633,25.600000202655792,499.466666666667
2015-01-05,6.70000009983778,-0.7142857249294009,-5.4000000804662704,92.14285851589273,39.19999914616346,500.963333333333
2015-01-12,13.600000202655792,3.071428617196424,-8.00000011920929,83.25714409777096,27.00000012665987,502.46
2015-01-19,10.80000016093254,2.457142893757139,-3.200000047683716,82.15714408137968,16.899999856948853,504.98
2015-01-26,0.6000000089406967,-0.942857156906809,-2.1000000312924385,93.62857282374588,11.700000181794168,506.36
2015-02-02,2.1000000312924385,-0.857142869915281,-8.300000123679638,90.6000013500452,31.000000335276127,506.63
2015-02-09,0.0,-5.25714293548039,-14.500000216066836,84.157144111182,2.40000007301569,506.515
2015-02-16,2.600000038743019,-2.0857143167938506,-7.000000104308128,94.35714426317384,0.1000000014901161,506.4
2015-02-23,9.100000135600569,-0.7857142974223409,-7.000000104308128,89.27142990167651,7.399999856948851,506.285
2015-03-02,7.400000110268593,1.3142857338700975,-6.200000092387199,85.78571556402105,20.30000013113022,506.17
2015-03-09,14.600000217556952,2.8142857562218397,-4.000000059604645,71.81428678440196,1.5,506.06
2015-03-16,14.100000210106373,3.285714334675244,-4.500000067055225,74.52857253913369,3.5999999046325684,506.36
2015-03-23,16.100000239908695,5.457142938460622,-3.6000000536441803,70.42857247803893,0.1000000014901161,506.47
2015-03-30,16.600000247359276,6.300000093877316,-3.200000047683716,76.12857256297555,29.299999766051773,506.86
2015-04-06,12.10000018030405,2.971428615706308,-3.9000000581145287,76.0571439904826,32.59999966621399,507.6
2015-04-13,20.80000030994416,8.628571557147163,-4.500000067055225,66.32857241694417,0.0,508.17
2015-04-20,24.100000359117985,10.142857293997492,-1.100000016391277,59.10000088065863,1.80000002682209,507.98
2015-04-27,20.10000029951334,10.414285869470664,-2.0000000298023224,66.54285813442299,20.30000042915344,507.74
2015-05-04,19.80000029504299,9.757143002535615,-1.100000016391277,85.37142984356198,53.100000239908695,507.97
2015-05-11,23.300000347197056,13.8285716346332,5.700000084936619,71.94285821488926,28.30000088363886,508.22
2015-05-18,27.3000004068017,14.357143071080957,5.000000074505806,73.78571538520711,20.200000166893005,508.16
2015-05-25,18.30000027269125,10.785714446433952,1.700000025331974,74.81428682910544,11.800000190734863,508.02
2015-06-01,22.500000335276127,12.31428589778287,1.80000002682209,75.41428683804614,5.000000029802322,507.63
2015-06-08,30.500000454485416,19.25714314409665,10.400000154972076,70.75714391150645,31.899999618530277,506.84
2015-06-15,28.00000041723252,16.442857387874806,10.000000149011612,82.12857265238252,7.300000011920929,505.95
2015-06-22,19.80000029504299,12.657143045748985,7.900000117719173,81.27142978246722,32.00000038743019,505.34
2015-06-29,25.30000037699937,15.314285942486354,6.000000089406967,74.48571539563792,8.600000001490116,504.44
2015-07-06,34.20000050961971,23.61428606616599,11.800000175833702,62.7142866488014,1.7000000476837158,503.74
2015-07-13,33.70000050216913,18.40000027418137,6.200000092387199,62.42857235882963,8.199999809265137,503.09
2015-07-20,33.20000049471855,21.885714611836843,13.300000198185444,64.11428666966302,3.2000001221895222,501.97
2015-07-27,34.20000050961971,19.64285743555852,6.70000009983778,67.10000099986792,29.399999827146534,501.05
2015-08-03,29.800000444054604,16.20000024139881,6.400000095367432,67.20000100135803,4.3000001311302185,500.39
2015-08-10,35.80000053346157,23.45714320668153,12.800000190734863,62.500000931322575,0.9000000134110451,499.7
2015-08-17,33.600000500679016,19.80000029504299,9.80000014603138,75.18571540606874,35.79999981075525,499.14
2015-08-24,24.600000366568565,15.085714510508948,7.500000111758709,79.6428583296282,11.899999797344208,498.63
2015-08-31,33.20000049471855,20.371428874986517,7.000000104308128,63.72857237820114,0.0,498.56
2015-09-07,27.80000041425228,12.82857161973204,4.200000062584877,76.20000113546848,9.299999810755253,497.36
2015-09-14,25.30000037699937,13.514285915664264,3.400000050663948,72.42857250784125,4.599999882280827,496.67
2015-09-21,20.80000030994416,12.357143041278634,3.200000047683716,81.72857264642205,9.100000143051147,496.0
2015-09-28,16.800000250339508,10.671428730445248,3.700000055134296,78.00000116229057,6.800000190734863,495.57
2015-10-05,20.80000030994416,10.114285865000316,3.000000044703484,70.80000105500221,6.300000071525574,495.02
2015-10-12,20.30000030249357,10.071428721504551,0.2000000029802322,86.34285842946598,11.499999679625034,494.49
2015-10-19,8.300000123679638,4.385714351066521,2.200000032782554,93.14285853079387,8.300000011920929,493.86
2015-10-26,16.600000247359276,7.585714398750237,0.5000000074505806,89.67142990763698,1.6999999806284904,493.46
2015-11-02,11.000000163912771,5.914285802415439,-1.5000000223517418,95.71428714053972,1.7000000551342964,493.14
2015-11-09,18.0000002682209,9.985714434513024,-1.600000023841858,83.9285726792046,1.500000037252903,492.67
2015-11-16,17.50000026077032,8.557142984654222,-0.2000000029802322,74.32857253615346,1.8999999538064003,492.35
2015-11-23,14.800000220537186,5.857142944421087,-4.000000059604645,82.57142980183873,64.10000103712082,492.5
2015-11-30,9.00000013411045,1.3142857338700975,-6.800000101327896,89.88571562511581,30.09999930858612,492.66
2015-12-07,12.000000178813934,4.814285786024162,-1.700000025331974,90.91428706901414,8.699999824166298,494.24
2015-12-14,8.600000128149986,2.0000000298023224,-4.400000065565109,90.21428705858332,6.300000049173832,493.69
2015-12-21,12.90000019222498,5.542857225452151,-1.100000016391277,91.60000136494637,11.600000217556952,493.19
2015-12-28,12.500000186264517,5.4000000804662704,-2.600000038743019,83.17142981077943,0.0,492.82
2016-01-04,5.000000074505806,1.1714285888842173,-3.400000050663948,95.92857285801854,28.400000289082527,493.68
2016-01-11,6.000000089406967,3.114285760692188,-0.2000000029802322,92.0428585144026,24.599999882280827,494.77
2016-01-18,4.90000007301569,-1.58571430934327,-14.600000217556952,88.51428703325135,26.199999809265137,495.93
