Date,TASMAX,TAS,TASMIN,Humidity,Precipitation,GWL
1988-02-15,5.900000087916851,0.3142857189689363,-6.900000102818012,83.41428695725543,15.49999976158142,464.88
1988-02-22,9.00000013411045,0.3714285769632884,-7.000000104308128,82.08571550888675,8.099999964237213,464.71
1988-02-29,3.000000044703484,-1.4714285933545657,-4.700000070035458,89.42857276116099,36.29999899864197,464.92
1988-03-07,3.700000055134296,-1.757142883326326,-9.400000140070915,86.0714298539928,29.999999679625034,466.52
1988-03-14,4.000000059604645,-1.0142857293997491,-16.00000023841858,86.72857272092786,75.99999856948853,470.34
1988-03-21,15.400000229477882,4.557142925049577,-6.200000092387199,80.32857262556043,18.59999990463257,472.78
1988-03-28,8.00000011920929,4.042857203100409,0.5000000074505806,87.24285844287702,65.99999952316284,476.13
1988-04-04,12.000000178813934,4.300000064074993,-2.200000032782554,81.11428692298276,12.299999989569187,476.88
1988-04-11,15.900000236928465,7.142857249294009,-2.0000000298023224,79.10000117868185,8.599999859929085,476.37
1988-04-18,19.30000028759241,8.228571551186699,-3.400000050663948,74.01428681718451,20.40000007301569,474.74
1988-04-25,21.000000312924385,7.785714401730469,-4.500000067055225,68.67142959471259,4.900000095367432,474.0
1988-05-02,21.000000312924385,10.171428722994667,-2.7000000402331352,69.94285818508693,2.400000050663948,470.53
1988-05-09,22.600000336766243,13.242857340191092,4.500000067055225,70.61428676652056,7.199999809265137,469.03
1988-05-16,23.300000347197056,14.98571450901883,7.400000110268593,61.82857234988894,1.600000023841858,467.06
1988-05-23,18.50000027567148,10.500000156462193,-0.1000000014901161,79.72857261661973,29.199999690055847,465.4
1988-05-30,24.600000366568565,15.014285938016004,3.700000055134296,70.65714391001633,14.000000171363354,464.77
1988-06-06,23.300000347197056,11.785714461335116,7.400000110268593,84.00000125169754,55.50000023841858,465.22
1988-06-13,22.800000339746475,14.271428784089428,7.700000114738941,80.88571549100536,64.80000191926956,465.7
1988-06-20,24.100000359117985,15.757143091942584,6.900000102818012,66.85714385339192,7.100000098347664,465.2
1988-06-27,22.100000329315662,14.071428781109196,4.400000065565109,78.35714402475527,21.400000482797623,464.51
1988-07-04,25.30000037699937,16.34285738638469,9.80000014603138,79.32857261065926,28.199999935925007,463.78
1988-07-11,28.300000421702865,16.985714538821153,10.100000150501728,76.14285827747413,20.60000023990869,462.56
1988-07-18,25.30000037699937,14.47142878706966,9.00000013411045,78.41428688274962,30.299999952316284,461.97
1988-07-25,30.500000454485416,18.985714568623475,6.500000096857548,73.45714395173958,6.600000001490116,461.22
1988-08-01,29.300000436604023,16.757143106843746,8.400000125169754,75.15714397707156,25.40000033378601,460.92
1988-08-08,27.80000041425228,16.185714526900224,6.900000102818012,76.82857257340636,25.100000381469727,460.5
1988-08-15,29.300000436604023,19.51428600507123,11.000000163912771,76.10000113397837,5.599999912083149,460.21
1988-08-22,28.60000042617321,16.12857166890587,8.00000011920929,78.9285726046988,20.99999976158142,459.83
1988-08-29,25.700000382959843,13.942857350621903,7.700000114738941,83.60000124573708,36.40000021457672,459.78
1988-09-05,25.80000038444996,13.75714306214026,5.700000084936619,84.94285840860435,51.19999980926514,460.7
1988-09-12,22.30000033229589,13.414285914174148,5.200000077486038,80.0000011920929,1.2000000476837158,460.49
1988-09-19,15.800000235438349,9.72857157353844,5.200000077486038,86.28571557147163,7.099999949336052,459.92
1988-09-26,21.1000003144145,12.0428573223097,5.500000081956387,81.71428693192345,5.200000107288361,459.81
1988-10-03,22.30000033229589,10.985714449414186,4.400000065565109,86.02857271049704,18.59999918937683,459.66
1988-10-10,19.30000028759241,9.485714427062444,4.200000062584877,85.04285841009447,32.100000619888306,459.58
1988-10-17,18.50000027567148,12.014285893312522,6.500000096857548,90.68571563703674,5.300000004470348,459.6
1988-10-24,18.50000027567148,10.08571443600314,3.9000000581145287,88.61428703474147,1.300000011920929,459.64
1988-10-31,16.600000247359276,5.642857226942267,-3.9000000581145287,85.30000127106905,9.40000019222498,459.4
1988-11-07,8.800000131130219,0.2571428609745843,-7.800000116229057,81.24285835347006,1.100000023841858,459.22
1988-11-14,11.30000016838312,3.4714286231568883,-4.000000059604645,89.78571562362569,4.500000074505806,460.05
1988-11-21,8.50000012665987,2.514285751751491,-7.500000111758709,91.02857278500284,22.39999969303608,459.06
1988-11-28,2.7000000402331352,-1.614285738340446,-13.40000019967556,91.15714421549012,2.2999999821186066,459.0
1988-12-05,9.100000135600569,3.714285769632885,0.1000000014901161,91.98571565640825,89.30000102519989,463.73
1988-12-12,6.500000096857548,1.9857143153037344,-4.000000059604645,91.58571565044778,29.00000014901161,466.4
1988-12-19,4.700000070035458,-0.6285714379378727,-9.00000013411045,86.52857271794763,19.19999998807907,468.41
1988-12-26,8.800000131130219,3.52857148115124,-3.9000000581145287,89.57142990614686,14.0,469.23
1989-01-02,8.00000011920929,1.9142857428107944,-1.700000025331974,90.2428584875805,0.1000000014901161,468.07
1989-01-09,6.000000089406967,2.0714286022952626,-4.000000059604645,90.50000134855507,11.20000009983778,466.98
1989-01-16,7.300000108778477,2.271428605275495,-4.200000062584877,88.62857274924006,4.500000059604645,465.6
1989-01-23,3.200000047683716,0.014285714498588,-3.1000000461936,91.41428707646472,0.7999999895691872,464.06
1989-01-30,3.200000047683716,-3.0428571881992474,-9.400000140070915,89.22857275818076,0.0,463.08
1989-02-06,9.80000014603138,-1.65714288183621,-8.400000125169754,86.64285843393633,0.3000000119209289,462.27
1989-02-13,9.100000135600569,0.1571428594844681,-4.700000070035458,89.08571561319488,7.599999904632568,461.65
1989-02-20,12.800000190734863,4.200000062584877,-2.3000000342726707,83.31428695576531,16.400000154972076,461.38
1989-02-27,8.800000131130219,3.5857143391455923,-1.100000016391277,86.70000129193068,9.699999898672104,461.34
1989-03-06,15.000000223517418,4.328571493072169,-2.0000000298023224,79.81428690361125,7.400000013411045,461.33
1989-03-13,17.00000025331974,5.771428657429559,-2.600000038743019,75.55714398303202,1.7000000476837158,461.26
1989-03-20,11.900000177323818,4.97142864550863,-3.200000047683716,82.12857265238252,4.699999988079071,461.0
1989-03-27,20.60000030696392,6.171428663390024,-3.700000055134296,72.21428679036242,2.0000000298023224,460.52
1989-04-03,22.600000336766243,9.08571442110198,1.100000016391277,78.07142973478351,36.900000005960464,460.04
1989-04-10,13.90000020712614,6.9428572463137765,2.1000000312924385,78.27142973776374,1.600000001490116,461.8
1989-04-17,21.60000032186508,7.628571542246001,2.800000041723252,86.70000129193068,28.300000317394733,462.03
1989-04-24,17.80000026524067,5.914285802415439,-1.3000000193715096,78.05714402028492,18.29999965429306,462.9
1989-05-01,18.100000269711018,5.471428652959211,-0.2000000029802322,83.52857267324414,11.50000013411045,463.06
1989-05-08,20.60000030696392,9.957143005515848,-1.700000025331974,68.65714388021401,0.0,462.83
1989-05-15,24.00000035762787,11.357143026377472,2.200000032782554,78.41428688274962,20.900000050663948,461.88
1989-05-22,23.80000035464764,15.12857165400471,1.80000002682209,63.57142951871668,0.5,461.34
1989-05-29,25.100000374019142,16.114285954407283,5.700000084936619,58.971429450171335,10.600000098347664,460.58
1989-06-05,21.80000032484532,10.857143018926893,3.9000000581145287,81.08571549398559,41.59999994933605,460.28
1989-06-12,22.30000033229589,12.18571446729558,3.1000000461936,74.41428682314498,6.800000071525574,459.87
1989-06-19,23.100000344216824,15.400000229477882,4.400000065565109,61.28571519894259,0.699999988079071,459.54
1989-06-26,26.600000396370888,16.37142881538187,7.200000107288361,78.30000116676092,18.299999833106995,459.36
1989-07-03,25.100000374019142,15.371428800480706,6.900000102818012,78.90000117570162,19.40000033378601,459.08
1989-07-10,27.500000409781933,19.571428863065584,12.500000186264517,78.11428687827927,51.70000004768372,458.93
1989-07-17,22.30000033229589,15.400000229477882,8.00000011920929,71.58571535242456,11.100000381469728,459.04
1989-07-24,28.50000042468309,17.78571455074208,5.200000077486038,70.42857247803893,4.700000025331974,459.16
1989-07-31,26.200000390410423,16.62857167635645,7.000000104308128,76.62857257042613,30.800000488758087,459.08
1989-08-07,25.30000037699937,14.285714498588018,6.70000009983778,81.15714406647852,18.400000765919685,458.96
1989-08-14,25.50000037997961,18.100000269711018,9.00000013411045,77.3714297243527,1.399999998509884,458.87
1989-08-21,33.30000049620867,19.428571718079706,8.900000132620335,72.68571536881583,8.200000382959843,458.69
1989-08-28,28.80000042915344,15.800000235438349,8.400000125169754,78.41428688274962,16.100000023841858,458.58
1989-09-04,21.80000032484532,10.928571591419834,1.80000002682209,82.40000122785568,18.899999618530277,458.5
1989-09-11,22.000000327825543,11.628571601850648,3.1000000461936,80.1142869080816,0.0,458.41
1989-09-18,26.30000039190054,14.314285927585193,7.000000104308128,83.80000124871731,26.29999941587448,458.37
1989-09-25,26.30000039190054,15.000000223517418,9.80000014603138,85.6000012755394,0.5,458.3
1989-10-02,13.600000202655792,8.942857276116099,0.1000000014901161,86.5571441469448,6.599999763071537,458.26
1989-10-09,16.600000247359276,6.41428580986602,-2.3000000342726707,86.3285727149674,16.500000059604645,458.18
1989-10-16,15.600000232458116,6.257142950381551,-2.1000000312924385,85.68571556253093,5.5000001192092896,458.08
1989-10-23,21.80000032484532,8.57142869915281,-1.5000000223517418,83.08571552378791,0.3000000119209289,458.03
1989-10-30,21.1000003144145,10.185714437493257,2.7000000402331352,81.72857264642205,15.399999618530272,458.02
1989-11-06,16.100000239908695,7.914285832217762,2.200000032782554,90.6285727790424,31.90000021457672,458.02
1989-11-13,8.50000012665987,0.9571428714053972,-4.500000067055225,91.34285850397178,1.3000000044703484,458.36
1989-11-20,7.700000114738941,-0.8857142989124569,-6.200000092387199,83.55714410224131,0.0,458.2
1989-11-27,8.800000131130219,-2.7857143272246634,-14.800000220537186,84.07142982419047,2.899999968707561,458.09
1989-12-04,5.000000074505806,-3.4714286231568883,-9.3000001385808,80.51428691404206,0.0,457.98
1989-12-11,2.200000032782554,-3.057142902697836,-10.000000149011612,89.71428705113274,0.0,457.93
1989-12-18,13.100000195205212,5.828571515423911,-8.400000125169754,86.00000128149986,48.09999918937683,459.0
1989-12-25,11.400000169873238,4.6000000685453415,-3.9000000581145287,84.37142982866082,23.800000071525574,461.08
1990-01-01,-0.2000000029802322,-2.8285714707204277,-6.000000089406967,92.2571442318814,0.0,460.43
1990-01-08,1.100000016391277,-2.857142899717604,-7.800000116229057,92.5000013783574,3.1999999582767487,459.83
1990-01-15,0.6000000089406967,-5.571428654449327,-12.500000186264517,90.7285727805325,0.1000000014901161,459.28
1990-01-22,7.000000104308128,1.1714285888842173,-5.700000084936619,90.18571562958616,2.600000023841858,458.87
1990-01-29,11.000000163912771,3.542857195649828,-3.9000000581145287,77.94285830429622,12.999999672174454,459.0
1990-02-05,10.80000016093254,2.257142890776907,-6.000000089406967,83.05714409479073,2.899999976158142,458.87
1990-02-12,15.100000225007534,2.414285750261375,-6.200000092387199,79.48571547014373,22.899999856948853,465.73
1990-02-19,13.300000198185444,2.728571469230311,-5.200000077486038,85.01428698109729,82.69999814033508,467.64
1990-02-26,18.6000002771616,6.8142858158264845,-1.100000016391277,76.95714400389365,11.199999809265137,467.97
1990-03-05,9.00000013411045,1.685714310833386,-3.200000047683716,77.40000115334988,41.399999260902405,469.37
1990-03-12,18.80000028014183,7.542857255254473,-4.000000059604645,67.50000100582838,0.2000000029802322,469.08
1990-03-19,18.30000027269125,5.200000077486038,-3.9000000581145287,78.8000011742115,0.1000000014901161,467.4
1990-03-26,22.500000335276127,7.171428678291185,-2.500000037252903,73.61428681122405,6.699999898672104,465.52
1990-04-02,19.80000029504299,5.985714374908379,-2.7000000402331352,79.47142975564513,7.600000001490116,463.89
1990-04-09,16.00000023841858,3.671428626137121,-0.2000000029802322,80.828572633011,8.800000190734863,462.25
1990-04-16,12.500000186264517,3.985714345106057,-2.0000000298023224,80.18571548057454,21.10000026226044,461.46
1990-04-23,15.600000232458116,6.5571429548519,0.5000000074505806,80.1285726225802,24.299999833106995,461.08
1990-04-30,18.50000027567148,7.900000117719173,0.0,76.9000011458993,5.600000150501728,460.97
1990-05-07,23.80000035464764,14.1857144970979,3.6000000536441803,62.40000092983246,4.799999952316284,460.79
1990-05-14,22.600000336766243,12.68571447474616,5.000000074505806,77.71428687231881,13.200000166893004,460.44
1990-05-21,23.300000347197056,14.800000220537186,4.500000067055225,64.31428667264325,4.500000096857548,460.08
1990-05-28,21.80000032484532,12.214285896292754,1.3000000193715096,66.14285812846252,9.500000193715096,459.74
1990-06-04,24.50000036507845,12.18571446729558,-0.5000000074505806,61.18571519745248,26.40000009536743,459.52
1990-06-11,17.80000026524067,11.557143029357706,4.90000007301569,80.62857263003077,23.400000371038917,459.37
1990-06-18,22.000000327825543,13.214285911193915,5.500000081956387,80.27142976756606,14.799999572336672,459.22
1990-06-25,25.100000374019142,15.500000230968,7.900000117719173,75.02857254658427,17.899999871850014,459.14
1990-07-02,28.200000420212746,17.900000266730785,7.800000116229057,75.8285725585052,56.70000195503235,459.8
1990-07-09,22.800000339746475,13.600000202655792,5.900000087916851,84.54285840264389,52.70000095665455,461.77
1990-07-16,26.700000397861004,15.728571662945408,4.700000070035458,64.94285811058113,0.8999999761581421,461.72
1990-07-23,27.60000041127205,16.828571679336683,6.500000096857548,65.38571526003736,0.0,460.87
1990-07-30,30.200000450015068,18.900000281631947,5.700000084936619,59.414286599627566,0.0,459.97
1990-08-06,31.80000047385693,19.97142886902605,10.000000149011612,64.6285723916122,9.300000049173832,459.59
1990-08-13,30.70000045746565,17.21428597079856,3.9000000581145287,59.81428660558803,0.2000000029802322,459.12
1990-08-20,25.100000374019142,16.78571453584092,5.000000074505806,70.55714390852621,3.5999999046325684,458.88
1990-08-27,28.80000042915344,16.58571453286069,4.700000070035458,72.55714393832854,16.100000381469727,458.66
1990-09-03,29.000000432133675,15.34285737148353,9.00000013411045,80.64285834452936,29.90000092983246,458.58
1990-09-10,21.60000032186508,11.085714450904302,3.200000047683716,80.2428583385689,20.5000002682209,458.49
1990-09-17,20.10000029951334,10.08571443600314,0.9000000134110451,77.61428687082869,0.0,458.42
1990-09-24,21.60000032186508,11.15714302339724,4.500000067055225,78.0857154492821,30.80000076442957,458.66
1990-10-01,20.60000030696392,10.342857296977725,2.0000000298023224,80.28571548206466,14.400000095367432,458.36
1990-10-08,21.300000317394733,10.071428721504551,1.80000002682209,83.77142981972013,7.599999904632568,458.22
1990-10-15,24.300000362098217,9.828571575028556,-2.200000032782554,79.41428689765078,0.0,458.16
1990-10-22,20.500000305473804,9.58571442855256,0.2000000029802322,81.81428693341357,1.200000025331974,458.07
1990-10-29,14.600000217556952,5.557142939950738,-4.200000062584877,81.91428693490369,27.099999248981472,458.1
1990-11-05,10.80000016093254,4.271428635077817,-0.5000000074505806,87.20000129938126,20.19999998807907,458.17
1990-11-12,8.600000128149986,1.685714310833386,-4.400000065565109,90.58571563554662,6.3999998569488525,458.26
1990-11-19,12.300000183284284,6.614285812846252,2.0000000298023224,87.45714416035584,38.49999916553497,459.1
1990-11-26,11.000000163912771,2.1285714602896144,-1.700000025331974,89.71428705113274,31.69999933242797,460.85
1990-12-03,3.700000055134296,-1.0142857293997491,-10.30000015348196,88.50000131875277,11.599999636411669,460.74
1990-12-10,1.3000000193715096,-3.614285768142768,-11.000000163912771,86.17142985548291,7.6000001430511475,460.87
1990-12-17,0.2000000029802322,-2.414285750261375,-10.400000154972076,88.8142870377217,11.30000038444996,461.39
1990-12-24,3.200000047683716,-1.100000016391277,-6.200000092387199,91.81428708242518,5.400000028312206,461.903333333333
1990-12-31,8.900000132620335,2.4428571792585507,-2.500000037252903,88.77142989422593,29.40000009536743,462.416666666667
1991-01-07,11.000000163912771,3.828571485621589,-0.2000000029802322,84.18571554017919,21.10000026226044,462.93
1991-01-14,14.300000213086603,3.8714286291173527,-2.3000000342726707,79.55714404263666,9.899999886751177,464.56
1991-01-21,2.600000038743019,-3.300000049173832,-9.500000141561031,78.21428687976939,1.2999999523162842,463.04
1991-01-28,0.5000000074505806,-2.528571466250079,-8.400000125169754,84.18571554017919,0.2000000029802322,462.63
1991-02-04,0.0,-6.685714385339192,-14.600000217556952,72.74285822681018,0.0,461.54
1991-02-11,3.200000047683716,-7.500000111758709,-17.50000026077032,81.91428693490369,16.299999572336674,460.82
1991-02-18,1.3000000193715096,-5.057142932500158,-16.600000247359276,84.07142982419047,14.799999713897703,460.12
1991-02-25,14.100000210106373,0.6285714379378726,-8.600000128149986,78.64285831472704,0.5000000074505806,461.48
1991-03-04,10.000000149011612,0.800000011920929,-3.9000000581145287,91.02857278500284,5.899999991059303,460.77
1991-03-11,14.40000021457672,5.571428654449327,0.2000000029802322,85.58571556104081,5.099999904632568,462.14
1991-03-18,16.300000242888927,6.200000092387199,-1.100000016391277,78.27142973776374,0.0,462.08
1991-03-25,19.10000028461218,8.014285833707877,1.600000023841858,82.95714409330061,21.000000327825543,462.17
1991-04-01,16.300000242888927,2.1857143182839667,-4.700000070035458,72.97142965878759,0.0,461.86
1991-04-08,17.50000026077032,8.028571548206466,1.700000025331974,73.10000108927488,17.0,461.52
1991-04-15,18.50000027567148,8.842857274625983,0.2000000029802322,64.3714295306376,0.0,460.85
1991-04-22,16.600000247359276,2.1000000312924385,-6.000000089406967,67.61428672181708,5.200000025331974,460.6
1991-04-29,15.400000229477882,5.471428652959211,-4.200000062584877,71.31428677695138,6.999999970197678,459.91
1991-05-06,12.000000178813934,5.471428652959211,-1.3000000193715096,82.2571440828698,17.50000011920929,459.65
1991-05-13,18.30000027269125,8.885714418121747,-0.5000000074505806,74.90000111609697,35.70000076293945,459.92
1991-05-20,16.600000247359276,7.271428679781301,0.9000000134110451,72.44285822233984,8.90000006556511,459.84
1991-05-27,21.300000317394733,10.0142858635102,0.0,68.27142958875213,3.999999955296517,460.06
1991-06-03,22.600000336766243,13.300000198185444,1.0000000149011612,60.400000900030136,7.699999809265137,460.13
1991-06-10,18.80000028014183,11.60000017285347,3.500000052154064,73.24285823426077,19.199999809265137,459.57
1991-06-17,25.00000037252903,14.171428782599312,7.200000107288361,73.3142868067537,64.1000000834465,459.37
1991-06-24,26.80000039935112,14.357143071080957,3.700000055134296,79.98571547759431,35.79999943077564,461.76
1991-07-01,25.00000037252903,14.47142878706966,6.000000089406967,76.1857154209699,9.399999916553496,461.48
1991-07-08,28.10000041872263,20.87142888243709,8.900000132620335,65.67142955000911,0.0,460.73
1991-07-15,31.20000046491623,20.31428601699216,12.600000187754633,73.37142966474805,9.399999856948853,460.04
1991-07-22,23.600000351667404,16.985714538821153,8.600000128149986,69.6142867516194,4.0000001192092896,459.53
1991-07-29,27.60000041127205,15.942857380424227,7.900000117719173,75.65714398452214,26.000000834465027,459.16
1991-08-05,26.200000390410423,17.528571689767496,11.10000016540289,79.17142975117478,20.700000002980232,458.94
1991-08-12,31.80000047385693,20.68571459395545,12.300000183284284,67.81428672479731,4.800000190734863,458.87
1991-08-19,27.700000412762165,17.34285740128585,7.200000107288361,64.10000095516443,0.2000000029802322,458.41
1991-08-26,28.300000421702865,16.614285961857863,5.4000000804662704,71.42857249294009,6.100000143051148,458.5
1991-09-02,25.100000374019142,14.828571649534362,4.90000007301569,63.47142951722656,0.0,458.4
1991-09-09,28.10000041872263,13.90000020712614,3.400000050663948,67.1285724288651,0.0,458.33
1991-09-16,26.50000039488077,15.042857367013182,4.90000007301569,80.25714405306748,60.6999984383583,458.28
1991-09-23,24.100000359117985,13.585714488157205,6.70000009983778,79.38571546865361,22.79999959468842,458.19
1991-09-30,23.80000035464764,12.000000178813934,3.400000050663948,85.61428699003798,17.199999630451202,458.18
1991-10-07,19.30000028759241,9.742857288037028,1.5000000223517418,83.2142869542752,3.000000096857548,458.08
1991-10-14,18.6000002771616,10.342857296977725,3.200000047683716,88.24285845777818,0.8000000044703484,457.96
1991-10-21,16.50000024586916,6.128571519894259,-2.7000000402331352,84.42857268665519,14.100000202655792,457.87
1991-10-28,8.50000012665987,2.1571428892867908,-4.500000067055225,81.7857155044164,0.4000000059604645,457.72
1991-11-04,16.50000024586916,3.1000000461936,-5.900000087916851,89.08571561319488,18.10000012069941,457.65
1991-11-11,9.400000140070915,3.24285719117948,-3.9000000581145287,83.87142982121024,15.199999906122684,457.56
1991-11-18,10.000000149011612,2.928571472210544,-2.200000032782554,90.6142870645438,19.899999916553497,457.75
1991-11-25,8.600000128149986,1.3000000193715096,-3.400000050663948,91.9142870839153,5.700000025331974,457.87
1991-12-02,1.700000025331974,-0.4571428639548165,-2.7000000402331352,93.87142997022184,0.5000000074505805,457.32
1991-12-09,0.5000000074505806,-2.414285750261375,-8.00000011920929,86.45714414545468,1.4000000059604645,456.79
1991-12-16,0.2000000029802322,-9.371428711073738,-14.600000217556952,83.50000124424696,1.2999999523162842,457.78
1991-12-23,9.500000141561031,3.7714286276272366,-6.200000092387199,89.15714418568781,60.60000038146973,458.37
1991-12-30,7.300000108778477,-0.114285715988704,-7.700000114738941,87.47142987485442,9.100000202655792,459.22
1992-01-06,8.600000128149986,0.7428571539265769,-5.200000077486038,78.42857259724822,3.4999999552965164,460.03
1992-01-13,8.100000120699406,1.7857143123235022,-4.000000059604645,86.92857272390809,12.00000011920929,459.86
1992-01-20,2.7000000402331352,-0.1142857159887041,-5.700000084936619,84.00000125169754,6.400000132620335,459.59
1992-01-27,-1.5000000223517418,-5.485714367457798,-11.30000016838312,85.87142985101256,0.0,459.23
1992-02-03,5.4000000804662704,-2.1714286037853787,-7.800000116229057,85.04285841009447,2.0999999046325684,458.9
1992-02-10,6.500000096857548,1.0857143018926894,-4.000000059604645,89.0571441841977,17.700000122189522,459.49
1992-02-17,10.30000015348196,2.285714319774083,-4.000000059604645,86.35714414396456,25.499999716877937,459.94
1992-02-24,8.50000012665987,-1.9428571718079704,-16.00000023841858,81.0571440649884,1.3000000193715096,460.17
1992-03-02,14.40000021457672,3.000000044703484,-3.500000052154064,82.31428694086415,3.5,460.03
1992-03-09,15.000000223517418,4.8571429295199255,-3.000000044703484,77.88571544630187,0.8000000268220901,459.64
1992-03-16,15.000000223517418,3.814285771123001,-1.700000025331974,77.61428687082869,40.39999985694885,460.53
1992-03-23,14.000000208616257,5.18571436298745,-2.200000032782554,81.58571550143617,42.199999526143074,462.89
1992-03-30,11.400000169873238,1.5142857368503295,-2.0000000298023224,86.64285843393633,20.30000054836273,465.04
1992-04-06,14.500000216066836,4.228571491582053,-2.1000000312924385,82.1428583668811,27.19999971985817,466.76
1992-04-13,16.800000250339508,6.000000089406967,-3.200000047683716,64.51428667562348,2.399999976158142,466.95
1992-04-20,13.600000202655792,5.314285793474743,-1.0000000149011612,74.48571539563792,9.299999833106996,465.26
1992-04-27,27.3000004068017,11.585714458354882,-1.80000002682209,69.41428674863917,5.899999976158142,463.82
1992-05-04,18.0000002682209,8.42857155416693,1.0000000149011612,81.31428692596299,22.499999977648255,462.82
1992-05-11,19.80000029504299,11.642857316349234,2.800000041723252,69.24285817465612,2.400000050663948,462.5
1992-05-18,27.700000412762165,15.55714308896235,1.100000016391277,57.914286577275824,0.0,461.2
1992-05-25,24.600000366568565,15.300000227987766,5.700000084936619,59.88571517808096,2.6999999061226845,460.54
1992-06-01,24.600000366568565,16.65714310535363,5.500000081956387,58.70000087469816,0.1000000014901161,460.12
1992-06-08,26.80000039935112,14.55714307406119,8.300000123679638,80.81428691851241,82.70000007748604,461.57
1992-06-15,24.300000362098217,14.657143075551303,6.800000101327896,76.9000011458993,12.099999904632568,461.25
1992-06-22,24.300000362098217,15.814285949936934,8.400000125169754,75.35714398005179,15.90000019222498,460.74
1992-06-29,24.50000036507845,16.142857383404458,7.800000116229057,76.85714400240353,18.999999940395355,460.19
1992-07-06,27.700000412762165,16.957143109823978,9.00000013411045,76.7857154299106,25.0,459.7
1992-07-13,24.600000366568565,15.457143087472234,9.3000001385808,82.5000012293458,17.80000002682209,459.42
1992-07-20,29.60000044107437,19.000000283122063,9.600000143051147,72.471429651337,4.5999999195337296,459.17
1992-07-27,31.20000046491623,19.371428860085352,11.000000163912771,74.58571539712804,12.100000217556952,458.81
1992-08-03,31.10000046342612,20.22857173000063,7.700000114738941,68.71428673820836,14.000000096857548,458.7
1992-08-10,34.00000050663948,21.32857174639191,9.80000014603138,66.54285813442299,4.200000047683716,458.62
1992-08-17,26.600000396370888,16.20000024139881,7.500000111758709,73.0714296602777,6.099999845027924,458.3
1992-08-24,31.300000466406345,20.2714288734964,11.30000016838312,72.74285822681018,13.19999996572733,457.99
1992-08-31,31.300000466406345,19.25714314409665,10.600000157952309,72.50000108033419,28.10000067949295,457.61
1992-09-07,21.300000317394733,10.671428730445248,0.800000011920929,77.44285829684564,10.199999749660492,457.35
1992-09-14,22.600000336766243,13.90000020712614,5.500000081956387,80.07142976458583,12.800000101327896,458.25
1992-09-21,23.500000350177288,13.657143060650144,6.000000089406967,81.92857264940228,0.0,458.18
1992-09-28,24.100000359117985,12.357143041278634,6.200000092387199,87.57142987634454,12.000000096857548,458.0
1992-10-05,16.600000247359276,11.60000017285347,8.400000125169754,89.64285847863981,29.499999776482586,457.9
1992-10-12,15.600000232458116,9.128571564597742,-0.1000000014901161,84.50000125914812,4.800000071525574,457.97
1992-10-19,11.500000171363354,3.271428620176656,-4.000000059604645,84.78571554911989,13.199999690055847,458.04
1992-10-26,10.000000149011612,4.628571497542517,0.800000011920929,89.62857276414123,64.80000120401382,459.47
1992-11-02,9.500000141561031,3.5714286246470044,-1.100000016391277,90.82857278202262,20.700000301003456,459.525
1992-11-09,12.500000186264517,5.900000087916851,-0.800000011920929,90.40000134706496,5.299999952316284,459.58
1992-11-16,10.000000149011612,3.17142861868654,-2.0000000298023224,91.6714299374393,51.29999995231629,460.94
1992-11-23,12.4000001847744,4.557142925049577,-3.200000047683716,85.58571556104081,28.10000006109476,462.95
1992-11-30,12.90000019222498,5.657142941440855,-0.2000000029802322,90.2428584875805,23.199999883770943,464.4
1992-12-07,10.900000162422655,3.5571429101484164,-1.80000002682209,91.97142994190963,27.29999986290932,466.04
1992-12-14,5.4000000804662704,0.7428571539265769,-1.100000016391277,90.6000013500452,15.300000041723251,466.8
1992-12-21,4.700000070035458,-0.8857142989124569,-4.700000070035458,95.08571570260185,8.300000190734863,466.42
1992-12-28,5.200000077486038,-3.085714331695012,-11.10000016540289,91.21428707348448,0.3000000044703483,465.28
1993-01-04,-1.700000025331974,-9.08571442110198,-13.100000195205212,79.68571547312396,0.0,464.03
1993-01-11,10.80000016093254,2.7000000402331352,-15.000000223517418,88.88571561021465,14.999999858438969,463.23
1993-01-18,15.100000225007534,3.1000000461936,-3.000000044703484,88.54285846224853,6.199999958276749,462.74
1993-01-25,11.10000016540289,6.114285805395672,-0.6000000089406967,78.84285831770727,21.100000098347664,462.23
1993-02-01,5.200000077486038,-0.5714285799435207,-5.500000081956387,90.34285848907062,11.400000013411043,463.66
1993-02-08,7.700000114738941,-0.814285726419517,-6.000000089406967,88.44285846075842,0.6000000163912772,463.84
1993-02-15,0.1000000014901161,-1.7857143123235022,-4.200000062584877,93.41428710626704,0.0,463.14
1993-02-22,4.000000059604645,-1.4714285933545657,-13.000000193715096,87.91428702431065,34.199999906122684,462.23
1993-03-01,3.400000050663948,-5.628571512443679,-17.80000026524067,78.35714402475527,0.6000000238418579,461.97
1993-03-08,5.000000074505806,-1.5571428803460938,-8.00000011920929,82.8571440918105,7.699999988079071,461.5
1993-03-15,13.800000205636024,1.771428597824914,-7.700000114738941,75.92857255999532,0.0,462.15
1993-03-22,17.80000026524067,8.185714407690934,-1.80000002682209,79.5142868991409,9.199999928474426,462.47
1993-03-29,9.500000141561031,0.0428571434957638,-8.300000123679638,78.52857259873834,2.199999988079071,462.22
1993-04-05,18.30000027269125,5.542857225452151,-8.50000012665987,73.48571538073676,8.600000023841858,461.7
1993-04-12,12.500000186264517,6.014285803905556,-3.500000052154064,82.24285836837122,14.10000018030405,461.28
1993-04-19,14.900000222027302,7.514285826257297,-0.4000000059604645,81.14285835197994,5.100000001490116,461.13
1993-04-26,23.500000350177288,14.785714506038598,4.700000070035458,59.31428659813745,0.3000000119209289,460.95
1993-05-03,24.50000036507845,14.957143080021654,7.000000104308128,65.81428669499499,18.100000008940697,460.42
1993-05-10,23.100000344216824,12.785714476236276,5.200000077486038,72.80000108480453,5.100000023841858,460.12
1993-05-17,23.80000035464764,14.000000208616257,3.500000052154064,74.70000111311674,37.69999951124191,460.39
1993-05-24,24.300000362098217,14.585714503058366,3.500000052154064,70.5857153375234,9.799999810755253,460.32
1993-05-31,29.200000435113907,16.385714529880456,6.000000089406967,69.35714389064482,24.3999999538064,460.08
1993-06-07,26.50000039488077,16.85714310833386,6.000000089406967,78.12857259277787,14.599999859929085,459.9
1993-06-14,27.10000040382147,15.92857166592564,5.700000084936619,75.74285827151367,12.099999904632568,459.58
1993-06-21,27.80000041425228,15.300000227987766,4.90000007301569,80.05714405008725,27.19999998807907,459.38
1993-06-28,20.10000029951334,13.75714306214026,4.500000067055225,76.25714399346283,22.900000780820847,459.4
1993-07-05,28.200000420212746,18.714285993150305,4.200000062584877,66.74285813740322,19.299999237060547,459.12
1993-07-12,25.700000382959843,13.18571448219674,5.200000077486038,76.88571543140071,19.599999763071537,458.9
1993-07-19,24.100000359117985,15.70000023394823,6.400000095367432,84.88571555061,55.60000002384186,459.11
1993-07-26,24.00000035762787,14.47142878706966,8.50000012665987,77.62857258532729,12.099999837577345,459.14
1993-08-02,30.100000448524952,17.328571686787264,7.800000116229057,75.8285725585052,35.69999995827675,459.08
1993-08-09,27.500000409781933,16.91428596632821,6.000000089406967,75.68571541351932,10.10000005364418,458.93
1993-08-16,29.10000043362379,17.80000026524067,8.800000131130219,73.24285823426077,14.199999824166298,458.78
1993-08-23,30.300000451505184,18.08571455521243,11.000000163912771,72.54285822382995,16.700000286102295,458.67
1993-08-30,18.30000027269125,10.928571591419834,2.200000032782554,80.91428692000252,16.09999993443489,458.28
1993-09-06,17.80000026524067,9.628571572048324,0.5000000074505806,84.08571553868907,29.70000058412552,458.57
1993-09-13,21.1000003144145,12.90000019222498,2.3000000342726707,86.18571556998151,31.30000013113022,458.8
1993-09-20,19.80000029504299,11.37142874087606,3.200000047683716,80.31428691106183,3.000000096857548,458.84
1993-09-27,25.600000381469727,13.785714491137435,4.700000070035458,81.98571550739663,3.6000000983476643,458.64
1993-10-04,14.100000210106373,8.628571557147163,3.700000055134296,90.31428706007344,28.499999940395355,458.56
1993-10-11,19.30000028759241,10.614285872450896,2.7000000402331352,87.6142870198403,25.000000096857548,458.72
1993-10-18,19.500000290572643,8.600000128149986,2.500000037252903,83.70000124722719,17.499999776482582,459.68
1993-10-25,6.400000095367432,3.671428626137121,1.5000000223517418,93.32857281927552,29.29999976605177,459.98
1993-11-01,7.500000111758709,2.4428571792585507,-2.7000000402331352,89.04285846969911,0.1000000014901161,461.58
1993-11-08,8.400000125169754,5.100000075995922,1.600000023841858,95.45714427956511,12.300000071525574,460.97
1993-11-15,11.60000017285347,3.071428617196424,-2.3000000342726707,90.9571442125099,22.899999633431435,460.95
1993-11-22,1.0000000149011612,-4.200000062584877,-10.600000157952309,80.90000120550394,0.7000000178813934,461.59
1993-11-29,-2.600000038743019,-4.685714355536869,-7.000000104308128,87.58571559084314,1.199999988079071,461.08
1993-12-06,12.000000178813934,0.057142857994352,-7.700000114738941,88.98571561170476,3.199999988079071,460.41
1993-12-13,10.100000150501728,3.828571485621589,-1.3000000193715096,83.5714298167399,51.79999941587448,461.14
1993-12-20,14.300000213086603,4.8571429295199255,-0.2000000029802322,87.30000130087137,83.6999996677041,466.78
1993-12-27,12.300000183284284,0.3857142914618763,-4.400000065565109,84.58571554613965,18.299999982118607,471.5
1994-01-03,8.800000131130219,2.1000000312924385,-8.100000120699406,86.87142986591373,31.900000147521496,471.46
1994-01-10,7.500000111758709,3.31428576367242,0.2000000029802322,88.00000131130219,1.5000000521540642,471.97
1994-01-17,10.600000157952309,1.3285714483686857,-7.500000111758709,89.15714418568781,10.400000102818012,470.64
1994-01-24,5.500000081956387,-2.1571428892867908,-11.500000171363354,87.42857273135867,12.200000002980232,469.13
1994-01-31,8.800000131130219,2.257142890776907,-3.1000000461936,80.48571548504489,36.29999995231629,470.4
1994-02-07,7.800000116229057,2.400000035762787,-5.500000081956387,88.98571561170476,13.700000286102297,470.99
1994-02-14,4.90000007301569,-1.7857143123235022,-8.800000131130219,83.00000123679638,11.29999966174364,470.22
1994-02-21,2.0000000298023224,-5.442857223962035,-14.900000222027302,78.22857259426799,2.300000011920929,469.26
1994-02-28,16.00000023841858,3.642857197139944,-2.0000000298023224,85.77142984952245,14.199999898672104,467.83
1994-03-07,13.100000195205212,5.114285790494511,-3.700000055134296,77.47142972584281,15.599999882280828,467.64
1994-03-14,17.100000254809856,7.600000113248825,-0.2000000029802322,82.95714409330061,4.999999947845936,466.85
1994-03-21,10.000000149011612,4.942857216511454,-0.9000000134110451,79.20000118017197,28.50000002980232,465.99
1994-03-28,17.80000026524067,8.21428583668811,-2.3000000342726707,72.52857250933137,14.300000190734863,465.93
1994-04-04,19.500000290572643,6.142857234392848,-3.000000044703484,81.72857264642205,24.799999870359898,465.41
1994-04-11,9.00000013411045,2.285714319774083,-2.7000000402331352,81.0571440649884,11.200000196695328,465.21
1994-04-18,13.500000201165676,4.928571502012866,0.5000000074505806,85.68571556253093,89.39999866485596,472.42
1994-04-25,19.80000029504299,10.385714440473487,-2.1000000312924385,73.12857251827207,25.79999953508377,473.3
1994-05-02,23.100000344216824,11.557143029357706,0.2000000029802322,71.38571534944433,1.600000023841858,471.33
1994-05-09,20.60000030696392,10.94285730591842,1.3000000193715096,66.90000099688768,3.800000049173832,471.21
1994-05-16,23.80000035464764,13.671428775148732,5.4000000804662704,70.48571533603328,11.600000001490116,467.18
1994-05-23,20.500000305473804,13.314285912684031,5.700000084936619,83.30000124126673,31.100000143051147,464.71
1994-05-30,21.50000032037497,11.728571603340765,6.200000092387199,83.62857267473426,39.99999962002039,464.31
1994-06-06,27.80000041425228,13.457143057669912,2.3000000342726707,70.75714391150645,31.399999439716336,464.63
1994-06-13,24.50000036507845,12.17142875279699,5.200000077486038,76.37142970945153,14.200000382959844,464.32
1994-06-20,26.700000397861004,15.842857378934111,6.70000009983778,72.54285822382995,2.4999999552965164,463.36
1994-06-27,30.200000450015068,20.371428874986517,8.400000125169754,66.00000098347664,2.1999999061226845,462.49
1994-07-04,33.00000049173832,22.32857176129307,13.600000202655792,68.40000101923943,13.899999618530272,461.7
1994-07-11,25.700000382959843,17.400000259280205,10.000000149011612,71.91428678589207,38.89999900013208,461.04
1994-07-18,28.300000421702865,20.44285744747945,12.500000186264517,72.1142867888723,33.19999980926514,460.72
1994-07-25,31.10000046342612,19.785714580544404,11.500000171363354,70.97142962898526,69.10000228881836,461.17
1994-08-01,30.300000451505184,21.928571755332605,14.300000213086603,69.3714296051434,19.10000000149012,460.48
1994-08-08,32.70000048726797,22.30000033229589,13.40000019967556,66.68571527940887,16.59999990463257,460.1
1994-08-15,27.700000412762165,16.400000244379044,4.200000062584877,72.2428582193596,11.20000022649765,459.71
1994-08-22,27.80000041425228,16.42857167337622,4.400000065565109,74.58571539712804,12.70000010728836,459.47
1994-08-29,26.80000039935112,16.20000024139881,8.800000131130219,77.70000115782022,22.100000575184826,459.31
1994-09-05,23.80000035464764,15.328571656984945,7.000000104308128,76.57142971243177,4.399999976158142,459.09
1994-09-12,21.300000317394733,14.057143066610609,6.500000096857548,83.5714298167399,46.50000083446503,459.1
1994-09-19,15.900000236928465,9.671428715544089,3.1000000461936,83.88571553570884,18.50000025331974,459.14
1994-09-26,24.100000359117985,13.128571624202388,2.7000000402331352,81.27142978246722,7.700000107288361,458.95
1994-10-03,19.000000283122063,12.728571618241924,5.4000000804662704,86.40000128746033,12.399999909102917,458.87
1994-10-10,13.40000019967556,2.800000041723252,-2.800000041723252,77.90000116080046,0.5,458.77
1994-10-17,19.10000028461218,6.671428670840604,-0.5000000074505806,81.75714407541922,0.0,458.66
1994-10-24,14.900000222027302,5.514285796454975,-2.600000038743019,81.10000120848417,6.500000178813934,458.5
1994-10-31,19.10000028461218,7.971428690212114,0.6000000089406967,81.82857264791217,15.100000262260435,458.49
1994-11-07,17.80000026524067,7.614285827747413,-0.4000000059604645,86.22857271347728,0.1000000014901161,458.46
1994-11-14,11.10000016540289,7.314285823277065,3.700000055134296,90.58571563554662,24.599999777972695,458.53
1994-11-21,13.40000019967556,7.857142974223409,4.000000059604645,88.12857274178948,15.599999964237211,458.67
1994-11-28,11.000000163912771,6.228571521384375,2.200000032782554,89.12857275669064,2.800000064074993,458.66
1994-12-05,8.400000125169754,2.3000000342726707,-2.600000038743019,90.90000135451557,17.30000001192093,458.6
1994-12-12,11.800000175833702,5.628571512443679,-4.400000065565109,83.1000012382865,11.00000035762787,459.44
1994-12-19,9.600000143051147,0.828571440918105,-5.700000084936619,87.04285843989679,6.200000010430813,459.64
1994-12-26,3.1000000461936,-1.65714288183621,-5.200000077486038,85.8428584220154,4.000000014901161,459.21
1995-01-02,10.000000149011612,3.400000050663948,-3.200000047683716,85.9571441380041,41.799999833107,461.45
1995-01-09,-0.4000000059604645,-7.300000108778477,-15.500000230968,86.38571557296174,12.799999646842478,461.14
1995-01-16,2.3000000342726707,-3.5857143391455923,-16.300000242888927,86.37142985846315,17.800000116229057,460.82
1995-01-23,9.600000143051147,-1.0142857293997491,-13.600000202655792,85.62857270453658,12.400000020861626,460.85
1995-01-30,11.30000016838312,3.728571484131472,-3.1000000461936,81.52857264344182,63.00000095367432,467.11
1995-02-06,11.30000016838312,2.471428608255727,-6.200000092387199,82.41428694235427,0.7000000029802322,467.72
1995-02-13,12.500000186264517,4.800000071525574,-2.500000037252903,81.62857264493194,19.30000042915345,466.58
1995-02-20,10.400000154972076,4.871428644018514,-2.200000032782554,80.828572633011,11.50000013411045,465.56
1995-02-27,15.600000232458116,1.771428597824914,-2.800000041723252,83.81428696321589,29.300000190734863,465.28
1995-03-06,13.90000020712614,2.1714286037853787,-5.200000077486038,75.20000112056732,10.400000095367432,466.02
1995-03-13,12.000000178813934,1.685714310833386,-5.500000081956387,73.11428680377347,0.9999999776482582,465.06
1995-03-20,8.600000128149986,2.600000038743019,-3.400000050663948,82.41428694235427,49.6999991312623,464.21
1995-03-27,15.600000232458116,3.500000052154064,-4.400000065565109,76.9000011458993,44.09999990463257,466.88
1995-04-03,20.60000030696392,2.985714330204896,-9.100000135600569,78.2000011652708,26.5,469.55
1995-04-10,18.0000002682209,7.257142965282712,-2.600000038743019,70.02857247207847,1.199999988079071,470.54
1995-04-17,10.80000016093254,4.685714355536869,-0.2000000029802322,82.71428694682461,17.599999979138374,469.05
1995-04-24,23.600000351667404,10.771428731935364,2.1000000312924385,70.42857247803893,7.500000059604645,467.51
1995-05-01,18.80000028014183,10.3714287259749,1.80000002682209,81.44285835645029,8.300000123679638,465.77
1995-05-08,24.600000366568565,13.457143057669912,1.100000016391277,59.78571517659085,12.199999809265137,464.04
1995-05-15,14.800000220537186,7.985714404710701,-2.500000037252903,74.38571539414781,32.10000113397837,463.52
1995-05-22,16.50000024586916,9.357142996575153,1.5000000223517418,75.4571439815419,9.600000001490116,463.27
1995-05-29,25.80000038444996,16.228571670395986,1.3000000193715096,70.85714391299656,18.40000009536743,462.61
1995-06-05,18.30000027269125,12.0428573223097,8.100000120699406,86.18571556998151,23.40000021457672,462.07
1995-06-12,18.30000027269125,11.485714456864766,5.200000077486038,82.88571552080768,23.199999809265137,461.8
1995-06-19,23.000000342726707,12.871428763227804,6.900000102818012,81.07142977948699,39.199999339878566,464.7
1995-06-26,26.50000039488077,14.857143078531536,5.4000000804662704,78.04285830578634,7.200000062584877,464.4
1995-07-03,29.300000436604023,19.357143145586765,7.800000116229057,66.25714384445122,11.30000038444996,463.2
1995-07-10,31.10000046342612,19.285714573093824,8.800000131130219,67.54285814932415,0.0,462.12
1995-07-17,30.800000458955765,19.428571718079706,13.100000195205212,79.60000118613243,31.90000033378601,461.38
1995-07-24,32.80000048875809,19.94285744002887,12.500000186264517,75.51428683953625,11.200000196695328,460.74
1995-07-31,28.80000042915344,19.685714579054288,9.00000013411045,70.4571439070361,21.200000382959843,460.33
1995-08-07,29.60000044107437,19.828571724040167,9.00000013411045,62.4714295023254,0.0,460.0
1995-08-14,28.700000427663326,17.58571454776185,8.00000011920929,75.5714296975306,13.70000010728836,459.68
1995-08-21,25.80000038444996,16.528571674866335,8.800000131130219,78.35714402475527,11.099999904632568,459.4
1995-08-28,26.00000038743019,15.600000232458116,8.00000011920929,82.57142980183873,47.80000060796738,459.33
1995-09-04,15.500000230968,9.600000143051147,5.700000084936619,85.8428584220154,14.69999984651804,459.26
1995-09-11,24.00000035762787,12.10000018030405,1.80000002682209,83.08571552378791,16.90000009536743,459.05
1995-09-18,21.1000003144145,12.68571447474616,4.700000070035458,84.84285840711424,10.899999842047691,458.97
1995-09-25,16.300000242888927,10.400000154972076,4.000000059604645,88.97142989720616,7.000000074505806,458.86
1995-10-02,18.50000027567148,8.542857270155634,0.5000000074505806,82.75714409032038,11.800000287592413,458.77
1995-10-09,23.100000344216824,14.014285923114844,6.200000092387199,84.32857268516507,2.100000023841858,458.66
1995-10-16,16.100000239908695,11.928571606320997,6.70000009983778,92.11428708689552,1.300000011920929,458.58
1995-10-23,17.30000025779009,7.728571543736117,-0.6000000089406967,87.91428702431065,2.999999977648258,458.49
1995-10-30,17.600000262260437,10.328571582479135,0.5000000074505806,88.12857274178948,10.599999882280828,458.4
1995-11-06,11.800000175833702,2.0428571732980862,-8.300000123679638,84.14285839668342,29.399999976158146,458.52
1995-11-13,10.000000149011612,2.628571467740195,-3.200000047683716,91.22857278798308,1.0000000298023224,458.52
1995-11-20,9.500000141561031,2.985714330204896,-6.500000096857548,89.50000133365393,45.30000060796738,459.28
1995-11-27,4.200000062584877,-0.9000000134110451,-9.500000141561031,91.62857279394356,2.000000044703484,459.75
1995-12-04,3.9000000581145287,0.5857142944421085,-2.600000038743019,92.88571566981928,3.800000064074993,459.56
1995-12-11,0.2000000029802322,-3.085714331695012,-5.700000084936619,90.4857156340565,1.0000000149011612,459.22
1995-12-18,2.7000000402331352,-2.371428606765611,-5.700000084936619,91.12857278649297,6.599999994039536,459.0
1995-12-25,11.500000171363354,3.671428626137121,-0.9000000134110451,93.84285854122469,54.30000114440918,461.19
1996-01-01,0.4000000059604645,-5.928571516914027,-12.500000186264517,87.31428701536996,1.6999999657273293,462.8
1996-01-08,1.600000023841858,-4.185714348086289,-10.80000016093254,94.64285855314562,5.000000089406967,462.12
1996-01-15,3.200000047683716,-1.2285714468785696,-3.700000055134296,95.74285856953688,0.4000000059604644,460.98
1996-01-22,-0.9000000134110451,-3.928571487111705,-6.000000089406967,90.18571562958616,0.1000000014901161,460.43
1996-01-29,-2.200000032782554,-4.8857143585171015,-7.900000117719173,88.1000013127923,3.4000000283122063,459.75
1996-02-05,2.200000032782554,-3.514285766652652,-11.000000163912771,78.74285831621715,1.3999999910593033,459.32
1996-02-12,5.500000081956387,-3.714285769632885,-13.500000201165676,83.3428583847625,2.6000000536441803,459.05
1996-02-19,4.000000059604645,-0.2714285754731723,-3.400000050663948,88.97142989720616,38.30000054836273,459.02
1996-02-26,12.90000019222498,-4.014285774103233,-18.100000269711018,77.32857258085694,1.600000023841858,459.51
1996-03-04,10.500000156462193,-1.9285714573093824,-9.600000143051147,77.30000115185976,3.999999955296517,459.53
1996-03-11,4.200000062584877,-1.58571430934327,-11.500000171363354,76.45714399644307,0.8000000044703484,459.21
1996-03-18,8.800000131130219,-1.2000000178813934,-12.90000019222498,83.87142982121024,0.8999999910593033,458.96
1996-03-25,14.800000220537186,5.385714365967682,-3.700000055134296,83.87142982121024,12.399999976158142,460.3
1996-04-01,13.800000205636024,1.100000016391277,-7.200000107288361,79.45714404114655,9.999999940395355,461.3
1996-04-08,16.800000250339508,3.157142904187952,-3.6000000536441803,83.15714409628085,5.699999988079071,460.93
1996-04-15,14.100000210106373,4.90000007301569,-2.7000000402331352,74.82857254360404,4.200000047683716,460.6
1996-04-22,26.700000397861004,11.942857320819584,-4.90000007301569,54.98571510506528,0.0,460.18
1996-04-29,25.600000381469727,12.371428755777222,2.3000000342726707,71.38571534944433,6.500000029802322,459.71
1996-05-06,19.30000028759241,10.042857292507376,2.1000000312924385,76.0571439904826,15.099999845027924,459.33
1996-05-13,21.80000032484532,9.242857280586447,2.800000041723252,88.3428584592683,30.40000019222498,459.13
1996-05-20,21.60000032186508,12.142857323799817,7.200000107288361,87.67142987783465,17.900000229477882,459.38
1996-05-27,23.500000350177288,11.87142874832664,2.7000000402331352,81.20000120997429,31.09999955445528,459.44
1996-06-03,29.800000444054604,14.242857355092251,0.4000000059604645,71.68571535391467,0.3000000119209289,459.57
1996-06-10,31.000000461936,20.000000298023224,9.500000141561031,65.61428669201476,0.2000000029802322,459.35
1996-06-17,29.000000432133675,17.471428831773146,4.400000065565109,60.828572334987776,3.5999999046325684,459.13
1996-06-24,26.80000039935112,13.742857347641673,7.000000104308128,76.28571542246002,30.29999935626984,458.91
1996-07-01,23.100000344216824,14.642857361052718,6.200000092387199,72.97142965878759,10.49999976158142,458.82
1996-07-08,25.700000382959843,14.214285926095076,5.500000081956387,79.6428583296282,58.19999926537275,458.72
1996-07-15,26.50000039488077,16.41428595887763,7.000000104308128,79.81428690361125,39.399999380111694,459.52
1996-07-22,23.100000344216824,13.98571449411767,4.500000067055225,65.57142954851899,0.0,459.21
1996-07-29,30.100000448524952,17.600000262260437,6.000000089406967,77.92857258979764,33.19999933242798,458.9
1996-08-05,28.300000421702865,16.84285739383527,7.800000116229057,77.54285829833576,8.499999918043613,458.68
1996-08-12,27.3000004068017,16.942857395325387,9.00000013411045,82.28571551186698,68.70000076293945,458.75
1996-08-19,26.50000039488077,15.585714517959527,8.50000012665987,80.60000120103359,10.900000050663948,459.55
1996-08-26,26.100000388920307,16.271428813891752,9.500000141561031,84.642858404134,21.00000023841858,459.23
1996-09-02,20.80000030994416,12.271428754287106,4.90000007301569,82.3857155133571,10.399999596178532,459.43
1996-09-09,20.60000030696392,10.314285867980548,1.5000000223517418,80.45714405604771,0.3000000119209289,459.12
1996-09-16,16.00000023841858,8.900000132620335,1.3000000193715096,85.32857270006623,26.70000010728836,458.93
1996-09-23,16.800000250339508,8.942857276116099,-1.0000000149011612,86.68571557743209,2.999999977648258,458.78
1996-09-30,22.500000335276127,9.542857285056796,1.5000000223517418,82.41428694235427,3.599999912083149,458.63
1996-10-07,22.30000033229589,8.14285726419517,-0.6000000089406967,87.87142988081489,9.499999910593033,458.49
1996-10-14,16.300000242888927,9.885714433022908,1.3000000193715096,85.05714412459305,0.1000000014901161,458.43
1996-10-21,15.800000235438349,7.985714404710701,1.100000016391277,91.9285727984139,38.09999918937683,458.38
1996-10-28,16.600000247359276,6.100000090897083,-2.600000038743019,85.32857270006623,1.699999988079071,458.67
1996-11-04,16.600000247359276,7.400000110268593,0.5000000074505806,82.68571551782745,14.5,458.71
1996-11-11,12.000000178813934,5.857142944421087,-1.5000000223517418,84.400001257658,30.900000669062138,459.61
1996-11-18,11.30000016838312,3.300000049173832,0.2000000029802322,92.22857280288424,16.500000223517418,460.36
1996-11-25,7.500000111758709,-0.4000000059604643,-8.400000125169754,86.84285843691656,18.40000009536743,460.43
1996-12-02,2.800000041723252,-0.5142857219491686,-4.200000062584877,89.45714419015816,31.50000035762787,461.08
1996-12-09,4.400000065565109,-1.9428571718079704,-6.400000095367432,92.65714423784188,0.0,461.97
1996-12-16,3.000000044703484,-0.9714285859039852,-5.700000084936619,92.44285852036306,2.9999999701976776,461.48
1996-12-23,6.900000102818012,0.3142857189689363,-5.500000081956387,90.00000134110451,28.900000289082527,463.21
1996-12-30,-5.000000074505806,-12.90000019222498,-20.80000030994416,82.52857265834298,3.00000011920929,463.61
1997-01-06,-1.700000025331974,-7.400000110268593,-17.00000025331974,87.5000013038516,0.2000000029802322,462.64
1997-01-13,-3.200000047683716,-5.928571516914027,-10.100000150501728,89.88571562511581,0.0,461.54
1997-01-20,2.600000038743019,-5.557142939950738,-14.100000210106373,87.54285844734737,0.3000000119209289,460.82
1997-01-27,6.500000096857548,0.6000000089406967,-2.800000041723252,93.38571567726989,1.0000000298023222,460.19
1997-02-03,2.500000037252903,-2.542857180748667,-9.900000147521496,86.64285843393633,0.0,459.89
1997-02-10,10.80000016093254,0.7857142974223409,-6.70000009983778,79.17142975117478,4.099999904632568,459.76
1997-02-17,9.80000014603138,2.1714286037853787,-3.200000047683716,83.00000123679638,30.09999942779541,462.63
1997-02-24,13.600000202655792,5.114285790494511,-2.600000038743019,74.80000111460686,10.499999791383743,464.37
1997-03-03,18.30000027269125,6.514285811356136,-1.80000002682209,76.7857154299106,26.99999938160181,464.82
1997-03-10,15.300000227987766,5.300000078976154,-3.1000000461936,84.21428696917636,7.199999928474426,464.66
1997-03-17,16.100000239908695,7.028571533305304,-2.7000000402331352,78.38571545375245,6.200000047683716,463.72
1997-03-24,13.300000198185444,3.271428620176656,-4.700000070035458,84.90000126510859,17.100000500679016,462.92
1997-03-31,11.900000177323818,4.97142864550863,-0.9000000134110451,83.40000124275684,16.39999959617853,462.44
1997-04-07,17.600000262260437,4.985714360007218,-3.500000052154064,69.3714296051434,14.900000333786013,462.27
1997-04-14,17.600000262260437,5.342857222471919,-4.200000062584877,63.70000094920397,3.100000001490116,462.11
1997-04-21,16.100000239908695,2.7857143272246634,-5.200000077486038,69.05714388617447,4.600000098347664,461.63
1997-04-28,18.100000269711018,8.64285727164575,-7.300000108778477,64.92857239608254,12.799999952316284,461.08
1997-05-05,23.600000351667404,10.971428734915596,0.2000000029802322,77.8428583028061,6.100000023841858,460.66
1997-05-12,23.000000342726707,8.128571549696582,-3.200000047683716,75.75714398601225,10.099999904632568,460.36
1997-05-19,29.000000432133675,18.05714312621525,6.200000092387199,67.01428671287638,0.0,459.81
1997-05-26,21.80000032484532,12.714285903743336,1.100000016391277,64.32857238714185,4.099999904632568,459.5
1997-06-02,19.500000290572643,11.857143033828054,0.4000000059604645,58.157143723751815,0.1000000014901161,459.31
1997-06-09,25.50000037997961,16.65714310535363,8.100000120699406,71.12857248846974,14.400000289082527,459.05
1997-06-16,27.700000412762165,17.80000026524067,9.400000140070915,68.32857244674649,16.30000028759241,458.83
1997-06-23,19.30000028759241,12.4000001847744,3.700000055134296,83.44285838625261,38.400000885128975,458.81
1997-06-30,23.80000035464764,14.142857353602135,8.50000012665987,83.75714410522154,40.99999952316284,458.74
1997-07-07,24.8000003695488,14.328571642083782,7.000000104308128,81.87142979140792,49.40000033378601,459.59
1997-07-14,26.200000390410423,16.528571674866335,8.00000011920929,75.75714398601225,14.100000143051147,459.66
1997-07-21,24.8000003695488,15.400000229477882,9.500000141561031,81.51428692894322,18.900000035762787,459.25
1997-07-28,25.30000037699937,17.07142882581268,10.000000149011612,78.37142973925386,21.1999996304512,459.18
1997-08-04,27.700000412762165,16.35714310088328,8.300000123679638,75.67142969902072,4.000000096857548,458.95
1997-08-11,27.700000412762165,18.88571456713336,10.000000149011612,70.37142962004457,5.800000190734863,458.78
1997-08-18,29.200000435113907,18.58571456266301,9.400000140070915,70.30000104755163,2.900000095367432,458.6
1997-08-25,29.300000436604023,19.45714314707688,10.500000156462193,70.11428675906998,3.800000011920929,458.51
1997-09-01,28.50000042468309,16.542857389364922,8.100000120699406,79.80000118911266,20.900000005960464,458.43
1997-09-08,26.100000388920307,16.557143103863513,6.900000102818012,78.72857260171857,14.300000429153444,458.38
1997-09-15,27.500000409781933,12.10000018030405,1.600000023841858,73.25714394875935,7.399999812245369,458.26
1997-09-22,23.300000347197056,11.471428742366175,-0.4000000059604645,73.95714395919016,0.3000000119209289,458.22
1997-09-29,23.000000342726707,11.585714458354882,1.0000000149011612,72.82857251380172,0.0,458.1
1997-10-06,24.300000362098217,12.128571609301227,-0.2000000029802322,73.35714395024947,0.8999999761581421,458.05
1997-10-13,25.100000374019142,13.1142859097038,4.000000059604645,77.45714401134423,41.100000858306885,458.01
1997-10-20,12.000000178813934,6.9428572463137765,4.000000059604645,90.45714420505932,6.700000084936619,458.02
1997-10-27,10.000000149011612,3.628571482641356,-3.400000050663948,78.52857259873834,0.2000000029802322,457.92
1997-11-03,12.300000183284284,1.0142857293997491,-5.000000074505806,67.61428672181708,0.0,457.96
1997-11-10,16.600000247359276,6.285714379378727,-0.5000000074505806,78.52857259873834,2.2999999076128006,457.83
1997-11-17,10.80000016093254,4.171428633587701,-0.800000011920929,84.77142983462129,10.90000019222498,457.82
1997-11-24,7.800000116229057,1.0571428728955132,-5.4000000804662704,87.65714416333607,3.0999999567866325,457.75
1997-12-01,11.10000016540289,2.400000035762787,-0.800000011920929,92.028572799904,6.30000002682209,457.78
1997-12-08,3.200000047683716,-1.1428571598870414,-8.100000120699406,90.45714420505932,8.599999904632568,457.73
1997-12-15,10.400000154972076,3.24285719117948,-4.000000059604645,90.52857277755228,41.70000044256449,457.92
1997-12-22,2.3000000342726707,-0.814285726419517,-6.70000009983778,86.28571557147163,33.200000405311584,458.37
1997-12-29,10.400000154972076,3.4571429086583003,-0.9000000134110451,89.85714419611863,13.09999978542328,460.09
1998-01-05,9.500000141561031,4.228571491582053,-2.0000000298023224,79.30000118166208,9.900000035762789,460.02
1998-01-12,10.500000156462193,3.157142904187952,-5.000000074505806,79.74285833111831,1.9000000357627869,459.77
1998-01-19,7.500000111758709,1.8857143138136183,-5.200000077486038,86.95714415290526,32.69999936968088,459.46
1998-01-26,3.400000050663948,-1.714285739830562,-8.600000128149986,85.02857269559588,5.200000114738941,461.0
1998-02-02,0.2000000029802322,-6.728571528834956,-12.600000187754633,80.1142869080816,0.3000000119209289,460.6
1998-02-09,8.800000131130219,-3.5857143391455923,-13.100000195205212,77.014286861888,0.0,459.88
1998-02-16,15.400000229477882,5.271428649978978,-4.200000062584877,73.45714395173958,1.100000023841858,459.36
1998-02-23,17.100000254809856,4.928571502012866,-2.600000038743019,83.01428695129496,6.299999989569187,459.02
1998-03-02,11.30000016838312,5.18571436298745,-0.800000011920929,81.04285835048982,5.499999910593033,458.83
1998-03-09,20.30000030249357,6.70000009983778,-3.700000055134296,66.54285813442299,32.59999952465296,458.96
1998-03-16,7.900000117719173,2.985714330204896,-6.200000092387199,79.17142975117478,14.699999876320362,459.84
1998-03-23,9.500000141561031,3.142857189689364,-5.500000081956387,74.65714396962098,12.800000309944153,460.34
1998-03-30,19.000000283122063,5.028571503502982,-7.700000114738941,70.95714391448668,0.0,460.35
1998-04-06,22.100000329315662,10.257143009986196,1.700000025331974,73.8000010997057,12.3999999538064,460.09
1998-04-13,18.100000269711018,6.142857234392848,-1.3000000193715096,77.014286861888,28.299999952316284,459.79
1998-04-20,15.900000236928465,6.242857235882964,-2.600000038743019,68.55714387872389,3.6999999806284896,459.84
1998-04-27,22.800000339746475,12.600000187754633,2.800000041723252,68.92857245568719,5.800000198185444,459.65
1998-05-04,20.60000030696392,10.285714438983373,2.1000000312924385,79.22857260916915,33.299999833106995,459.53
1998-05-11,27.700000412762165,15.12857165400471,4.400000065565109,62.02857235286917,0.0,460.13
1998-05-18,28.80000042915344,15.728571662945408,4.700000070035458,56.5142865564142,0.4000000059604644,459.73
1998-05-25,22.500000335276127,12.571428758757454,0.800000011920929,64.64285810611078,0.9000000059604645,459.5
1998-06-01,25.600000381469727,15.671428804951054,7.900000117719173,71.60000106692314,30.90000081062317,459.21
1998-06-08,32.30000048130751,19.91428601103169,9.900000147521496,66.68571527940887,18.000000216066837,459.23
1998-06-15,25.30000037699937,13.04285733721086,3.1000000461936,79.7571440456169,27.800000190734863,459.01
1998-06-22,32.70000048726797,17.557143118764674,8.600000128149986,70.28571533305305,3.299999952316284,458.92
1998-06-29,27.500000409781933,18.257143129195487,9.600000143051147,68.0857153002705,26.29999943077565,458.69
1998-07-06,24.600000366568565,16.442857387874806,9.500000141561031,70.02857247207847,4.899999916553497,458.5
1998-07-13,27.3000004068017,14.871428793030123,8.100000120699406,78.37142973925386,19.599999763071537,458.38
1998-07-20,33.600000500679016,17.528571689767496,6.400000095367432,69.11428674416882,13.800000429153444,458.26
1998-07-27,31.10000046342612,19.30000028759241,9.600000143051147,73.87142967219863,22.900000363588333,458.17
1998-08-03,25.00000037252903,17.014285967818328,9.500000141561031,75.91428684549672,23.99999976158142,457.94
1998-08-10,33.00000049173832,20.18571458650487,9.00000013411045,61.257143769945415,0.5,458.08
1998-08-17,34.70000051707029,20.500000305473804,8.900000132620335,63.357143801237854,3.100000083446503,457.9
1998-08-24,26.600000396370888,15.985714523919992,9.600000143051147,75.97142970349107,38.29999911785126,457.88
1998-08-31,22.600000336766243,11.81428589033229,3.700000055134296,70.84285819849798,0.8999999761581421,457.85
1998-09-07,23.000000342726707,15.085714510508948,5.000000074505806,81.12857263748135,31.299999535083767,457.84
1998-09-14,25.30000037699937,12.885714477726392,5.700000084936619,81.12857263748135,45.799999713897705,457.87
1998-09-21,16.800000250339508,9.72857157353844,1.600000023841858,79.67142975862537,34.89999971538782,458.68
1998-09-28,19.60000029206276,11.628571601850648,3.500000052154064,81.27142978246722,5.599999904632568,458.51
1998-10-05,17.100000254809856,10.385714440473487,6.400000095367432,88.95714418270758,32.099999859929085,458.9
1998-10-12,13.90000020712614,9.028571563107628,5.500000081956387,85.94285842350551,33.59999918937683,460.55
1998-10-19,19.80000029504299,9.642857286546912,1.80000002682209,82.80000123381615,11.899999991059303,460.53
1998-10-26,16.50000024586916,8.00000011920929,-0.6000000089406967,78.11428687827927,50.20000000298023,460.17
1998-11-02,16.300000242888927,6.514285811356136,-0.2000000029802322,83.08571552378791,91.10000193119048,467.38
1998-11-09,9.900000147521496,4.714285784534046,-2.7000000402331352,85.57142984654222,30.400000028312206,470.39
1998-11-16,10.80000016093254,2.6714286112359598,-2.3000000342726707,90.08571562809604,28.000000298023224,470.75
1998-11-23,1.3000000193715096,-4.61428578304393,-10.000000149011612,82.08571550888675,2.100000038743019,470.63
1998-11-30,2.0000000298023224,-0.9857143004025732,-4.200000062584877,85.78571556402105,5.500000096857548,469.12
1998-12-07,0.5000000074505806,-3.228571476680892,-6.400000095367432,87.77142987932477,22.49999985843897,467.11
1998-12-14,8.100000120699406,-0.9571428714053972,-15.100000225007534,88.2285727432796,16.200000017881393,465.27
1998-12-21,7.500000111758709,0.4714285784534045,-5.000000074505806,85.97142985250268,5.900000125169754,467.53
1998-12-28,9.00000013411045,0.6857142959322248,-7.500000111758709,82.00000122189522,3.400000035762787,467.16
1999-01-04,11.10000016540289,0.828571440918105,-5.900000087916851,87.71428702133042,4.90000007301569,465.99
1999-01-11,12.500000186264517,2.6714286112359598,-2.1000000312924385,84.30000125616789,22.40000033378601,465.48
1999-01-18,7.500000111758709,0.1000000014901161,-6.400000095367432,78.97142974819455,8.999999761581421,466.02
1999-01-25,7.200000107288361,-1.2285714468785696,-7.200000107288361,87.32857272986855,0.1000000014901161,465.21
1999-02-01,6.800000101327896,-3.071428617196424,-11.30000016838312,83.85714410671166,30.70000047981739,464.22
1999-02-08,5.500000081956387,0.4428571494562286,-6.500000096857548,86.35714414396456,38.40000082552433,464.47
1999-02-15,0.2000000029802322,-7.328571537775653,-17.600000262260437,83.47142981524978,5.500000014901161,465.73
1999-02-22,5.200000077486038,0.9142857279096333,-11.000000163912771,90.97142992700849,65.2999997138977,465.13
1999-03-01,12.300000183284284,0.3428571479661123,-7.400000110268593,84.92857269410577,22.19999957084656,471.7
1999-03-08,12.000000178813934,3.0428571881992474,-2.7000000402331352,82.75714409032038,18.900000251829624,473.87
1999-03-15,18.30000027269125,5.314285793474743,-0.2000000029802322,84.41428697215659,13.200000286102297,474.36
1999-03-22,9.3000001385808,1.8285714558192665,-5.200000077486038,78.85714403220585,9.099999964237211,474.0
1999-03-29,18.100000269711018,6.214285806885788,-0.5000000074505806,81.44285835645029,5.499999955296516,472.45
1999-04-05,17.600000262260437,7.800000116229057,-0.800000011920929,75.2142868350659,7.5,470.55
1999-04-12,19.80000029504299,7.800000116229057,-0.1000000014901161,77.71428687231881,24.09999942779541,469.35
1999-04-19,13.100000195205212,3.685714340635709,0.1000000014901161,81.98571550739663,20.40000021457672,468.35
1999-04-26,19.60000029206276,9.785714431532792,-1.100000016391277,74.67142968411956,7.899999976158142,467.3
1999-05-03,22.800000339746475,13.4714287721685,4.200000062584877,70.17142961706433,0.4000000059604645,465.96
1999-05-10,23.300000347197056,13.54285734466144,4.700000070035458,77.65714401432446,15.199999809265137,464.74
1999-05-17,18.30000027269125,12.385714470275811,4.000000059604645,76.52857256893601,29.50000047683716,463.97
1999-05-24,21.60000032186508,13.300000198185444,6.800000101327896,77.40000115334988,57.30000066757202,465.17
1999-05-31,28.80000042915344,18.985714568623475,8.00000011920929,64.72857239310231,1.699999988079071,466.31
1999-06-07,29.300000436604023,15.242857369993414,6.200000092387199,72.68571536881583,15.599999904632568,465.32
1999-06-14,20.500000305473804,13.90000020712614,5.4000000804662704,75.64285827002355,16.89999981224537,465.38
1999-06-21,21.000000312924385,13.671428775148732,4.000000059604645,72.82857251380172,9.50000023841858,462.74
1999-06-28,25.50000037997961,14.157143068100725,2.600000038743019,71.24285820445844,15.900000095367432,462.1
1999-07-05,31.600000470876694,20.0285717270204,6.500000096857548,66.91428671138627,9.70000008493662,460.15
1999-07-12,21.60000032186508,16.014285952917167,10.900000162422655,87.78571559382337,68.19999980926514,460.69
1999-07-19,27.60000041127205,17.571428833263262,8.300000123679638,71.15714391746691,16.899999618530273,460.83
1999-07-26,26.700000397861004,16.20000024139881,7.000000104308128,75.9428582744939,15.40000021457672,460.39
1999-08-02,28.300000421702865,18.51428599017007,8.50000012665987,64.30000095814466,0.0,460.05
1999-08-09,27.700000412762165,19.657143150057117,9.00000013411045,76.57142971243177,29.900000281631947,459.67
1999-08-16,22.100000329315662,14.92857165102448,8.100000120699406,81.07142977948699,12.299999952316284,459.05
1999-08-23,22.100000329315662,14.47142878706966,6.200000092387199,73.15714394726923,6.799999713897705,459.01
1999-08-30,26.700000397861004,16.442857387874806,8.50000012665987,82.45714408585003,15.799999952316284,459.12
1999-09-06,24.600000366568565,15.12857165400471,5.700000084936619,77.17142972137246,9.900000393390656,458.95
1999-09-13,27.60000041127205,17.100000254809856,8.50000012665987,70.77142962600503,0.0,458.88
1999-09-20,28.00000041723252,15.542857374463765,8.00000011920929,78.24285830876657,14.0,459.26
1999-09-27,22.800000339746475,14.414285929075309,7.700000114738941,84.14285839668342,26.00000047683716,458.74
1999-10-04,19.000000283122063,10.671428730445248,4.200000062584877,87.71428702133042,28.7999999076128,458.72
1999-10-11,16.00000023841858,8.471428697662693,0.4000000059604645,82.9857155222978,2.2000000551342964,458.74
1999-10-18,15.600000232458116,5.500000081956387,-1.80000002682209,80.01428690659148,0.0,458.63
1999-10-25,14.600000217556952,6.242857235882964,-2.7000000402331352,84.2714298271707,6.799999907612801,458.53
1999-11-01,16.600000247359276,9.057142992104804,-1.3000000193715096,82.41428694235427,13.400000289082527,458.41
1999-11-08,13.100000195205212,6.457142953361784,-0.4000000059604645,87.64285844883749,11.600000001490116,458.43
1999-11-15,5.200000077486038,1.9000000283122065,-2.600000038743019,90.30000134557486,34.099999487400055,458.63
1999-11-22,0.2000000029802322,-2.9428571867091318,-8.00000011920929,87.1428584413869,7.000000149011612,459.08
1999-11-29,4.200000062584877,-1.1857143033828057,-7.900000117719173,90.20000134408474,3.0999999046325684,458.77
1999-12-06,7.800000116229057,1.1428571598870414,-7.500000111758709,87.07142986889396,20.500000536441803,458.83
1999-12-13,11.500000171363354,3.485714337655476,-1.700000025331974,84.5142869736467,11.70000009983778,459.51
1999-12-20,3.000000044703484,-1.814285741320678,-11.10000016540289,89.32857275967088,47.60000035911799,459.73
1999-12-27,7.200000107288361,-2.500000037252903,-14.100000210106373,87.80000130832195,27.20000047981739,461.68
2000-01-03,2.600000038743019,-0.7857142974223409,-4.500000067055225,92.54285852185318,8.599999964237213,464.29
2000-01-10,5.700000084936619,1.4714285933545657,-2.1000000312924385,93.2142871032868,4.300000078976154,464.58
2000-01-17,2.7000000402331352,-2.1285714602896144,-8.800000131130219,88.62857274924006,0.2000000029802322,464.33
2000-01-24,3.9000000581145287,-2.1142857457910265,-15.000000223517418,87.82857273731913,17.30000039935112,463.13
2000-01-31,8.00000011920929,-2.414285750261375,-18.6000002771616,81.71428693192345,24.900000005960464,462.25
2000-02-07,10.80000016093254,3.400000050663948,-3.200000047683716,82.28571551186698,3.199999988079071,462.04
2000-02-14,10.400000154972076,2.271428605275495,-5.200000077486038,83.84285839221307,24.29999947547913,465.83
2000-02-21,8.50000012665987,0.5857142944421087,-5.500000081956387,88.61428703474147,31.60000044107437,466.02
2000-02-28,15.600000232458116,3.085714331695012,-4.700000070035458,79.94285833409855,4.400000050663948,467.45
2000-03-06,10.500000156462193,1.757142883326326,-5.700000084936619,81.1714297809771,25.69999957084656,466.79
2000-03-13,13.100000195205212,6.157142948891435,-4.700000070035458,79.7571440456169,4.700000047683716,467.16
2000-03-20,9.80000014603138,4.214285777083465,-4.000000059604645,86.12857271198716,41.8999999165535,468.24
2000-03-27,16.300000242888927,5.942857231412615,-2.500000037252903,79.2857154671635,10.800000101327896,468.99
2000-04-03,17.30000025779009,4.457142923559461,-2.600000038743019,83.24285838327238,26.099999621510506,470.28
2000-04-10,16.50000024586916,5.471428652959211,-3.400000050663948,71.28571534795421,15.200000382959844,471.09
2000-04-17,17.100000254809856,7.157142963792596,0.9000000134110451,80.30000119656324,14.199999786913397,470.3
2000-04-24,27.10000040382147,11.900000177323818,2.0000000298023224,71.85714392789772,0.7000000029802322,468.48
2000-05-01,23.80000035464764,13.885714492627551,3.500000052154064,77.67142972882304,8.500000298023224,466.63
2000-05-08,24.100000359117985,15.20000022649765,6.800000101327896,75.24285826406309,12.300000011920927,464.83
2000-05-15,28.50000042468309,17.07142882581268,5.500000081956387,68.11428672926766,15.40000021457672,463.73
2000-05-22,27.80000041425228,12.014285893312522,0.6000000089406967,76.61428685592753,12.10000029951334,462.71
2000-05-29,21.60000032186508,12.7571430472391,3.9000000581145287,77.52857258383717,14.200000077486038,461.92
2000-06-05,30.300000451505184,16.64285739085504,3.200000047683716,72.61428679632289,35.40000048279762,461.48
2000-06-12,28.200000420212746,17.08571454031127,4.500000067055225,74.48571539563792,4.800000190734863,460.99
2000-06-19,29.60000044107437,17.442857402775967,4.700000070035458,64.41428667413336,0.3000000119209289,460.55
2000-06-26,30.800000458955765,16.685714534350804,8.300000123679638,68.44285816273519,4.8999999538064,460.17
2000-07-03,27.700000412762165,17.014285967818328,2.600000038743019,61.81428663539035,4.000000052154064,459.82
2000-07-10,26.100000388920307,15.41428594397647,8.600000128149986,78.64285831472704,36.50000023841858,459.63
2000-07-17,18.6000002771616,11.400000169873238,5.700000084936619,82.44285837135145,32.999999925494194,459.46
2000-07-24,24.300000362098217,15.27142879899059,6.200000092387199,74.42857253764357,4.399999976158142,459.29
2000-07-31,24.50000036507845,15.942857380424227,8.600000128149986,80.0000011920929,20.49999952316284,459.12
2000-08-07,27.200000405311584,15.571428803460938,9.500000141561031,86.50000128895044,28.80000054836273,459.09
2000-08-14,30.500000454485416,18.88571456713336,10.600000157952309,72.94285822979042,1.2999999523162842,459.03
2000-08-21,32.20000047981739,20.042857441518983,12.500000186264517,77.55714401283434,35.29999935626984,458.91
2000-08-28,26.700000397861004,16.62857167635645,9.100000135600569,73.01428680228335,2.1999999061226845,458.9
2000-09-04,23.80000035464764,13.8285716346332,7.400000110268593,83.30000124126673,11.799999922513962,458.74
2000-09-11,26.30000039190054,13.457143057669912,5.200000077486038,79.74285833111831,13.100000143051147,458.68
2000-09-18,25.600000381469727,14.571428788559777,9.00000013411045,84.54285840264389,17.799999549984932,458.58
2000-09-25,18.30000027269125,10.52857158545937,3.700000055134296,93.18571567428964,28.000000767409805,458.73
2000-10-02,22.800000339746475,13.800000205636024,8.800000131130219,88.214287028781,10.400000050663948,458.74
2000-10-09,14.500000216066836,8.242857265685286,0.800000011920929,90.40000134706496,10.50000001490116,458.59
2000-10-16,18.6000002771616,9.742857288037028,2.200000032782554,89.97142991210733,19.19999928772449,458.92
2000-10-23,14.100000210106373,9.3000001385808,6.200000092387199,92.41428709136588,4.799999937415123,458.86
2000-10-30,15.600000232458116,8.885714418121747,1.80000002682209,86.85714415141514,16.100000023841858,458.77
2000-11-06,13.300000198185444,5.885714373418263,0.1000000014901161,85.7285727060267,16.100000143051147,458.77
2000-11-13,11.10000016540289,4.457142923559461,-3.400000050663948,83.44285838625261,1.7000000327825546,458.96
2000-11-20,8.400000125169754,3.000000044703484,-3.6000000536441803,93.28571567577976,28.69999957084656,459.7
2000-11-27,8.400000125169754,3.185714333185128,-1.3000000193715096,93.68571568174022,13.099999882280828,460.24
2000-12-04,10.000000149011612,4.028571488601821,-0.4000000059604645,95.75714428403548,2.7999999821186066,460.36
2000-12-11,13.000000193715096,5.514285796454975,1.100000016391277,88.74285846522876,4.200000062584877,460.1
2000-12-18,12.90000019222498,4.157142919089113,-1.100000016391277,84.10000125318766,18.799999594688416,459.76
2000-12-25,5.000000074505806,-2.1000000312924385,-7.900000117719173,89.67142990763698,4.900000095367432,460.6
2001-01-01,4.700000070035458,-1.5000000223517418,-13.300000198185444,89.60000133514404,6.100000090897083,465.34
2001-01-08,7.900000117719173,2.357142892267023,-2.600000038743019,95.0285728446075,39.90000015497208,461.59
2001-01-15,4.000000059604645,-2.285714319774083,-10.000000149011612,83.64285838923284,6.399999916553497,464.75
2001-01-22,4.000000059604645,-3.1000000461936,-11.60000017285347,88.61428703474147,6.500000074505806,464.25
2001-01-29,7.500000111758709,1.2428571613771575,-5.200000077486038,87.87142988081489,15.100000351667406,463.64
2001-02-05,8.900000132620335,1.0142857293997491,-6.000000089406967,84.7571441201227,32.50000011920929,463.16
2001-02-12,16.100000239908695,4.142857204590525,-4.200000062584877,80.1142869080816,0.4000000059604645,466.72
2001-02-19,10.30000015348196,1.8428571703178545,-4.200000062584877,83.1000012382865,1.5999999791383743,466.19
2001-02-26,4.90000007301569,-0.6285714379378727,-9.500000141561031,82.6285726598331,10.99999986588955,464.77
2001-03-05,6.500000096857548,0.6000000089406967,-10.500000156462193,82.87142980630908,22.80000057816505,463.46
2001-03-12,12.000000178813934,6.014285803905556,-2.600000038743019,91.2000013589859,43.00000047683716,466.18
2001-03-19,15.900000236928465,6.571428669350488,1.600000023841858,81.85714407690934,26.700000002980232,469.18
2001-03-26,13.800000205636024,6.457142953361784,-3.700000055134296,90.21428705858332,50.89999933540821,471.94
2001-04-02,18.30000027269125,6.228571521384375,-1.0000000149011612,78.10000116378069,7.6999997198581696,473.48
2001-04-09,18.30000027269125,7.428571539265769,-0.2000000029802322,77.74285830131599,19.80000001192093,472.99
2001-04-16,11.500000171363354,3.814285771123001,-2.200000032782554,78.78571545971292,20.299999691545963,471.3
2001-04-23,10.30000015348196,2.857142899717604,-1.80000002682209,84.34285839966365,13.199999943375587,469.78
2001-04-30,23.300000347197056,10.328571582479135,-0.800000011920929,74.1571439621704,8.000000059604645,468.62
2001-05-07,25.80000038444996,13.157143053199563,6.500000096857548,77.07142971988235,2.700000002980232,466.32
2001-05-14,23.300000347197056,13.928571636123316,5.4000000804662704,66.1571438429611,8.5,465.63
2001-05-21,22.100000329315662,12.800000190734863,2.7000000402331352,75.67142969902072,29.7999999076128,464.5
2001-05-28,25.80000038444996,17.100000254809856,7.200000107288361,63.557143804218086,0.0,463.58
2001-06-04,26.30000039190054,13.714285918644496,5.500000081956387,69.45714389213494,19.80000001192093,462.71
2001-06-11,20.10000029951334,12.428571613771576,2.200000032782554,82.04285836539098,30.90000019222498,461.99
2001-06-18,23.80000035464764,14.04285735211202,3.200000047683716,77.48571544034141,20.800000056624413,461.4
2001-06-25,26.100000388920307,14.91428593652589,4.500000067055225,66.61428670691592,0.2000000029802322,460.95
2001-07-02,29.300000436604023,18.64285742065736,8.600000128149986,68.0714295857719,7.899999812245369,460.48
2001-07-09,30.800000458955765,18.185714556702543,8.100000120699406,67.2428581448538,6.699999824166298,460.15
2001-07-16,26.50000039488077,15.957143094922817,8.00000011920929,78.0857154492821,33.09999969601631,459.83
2001-07-23,27.10000040382147,15.300000227987766,7.800000116229057,75.91428684549672,4.500000052154064,459.62
2001-07-30,30.200000450015068,20.81428602444274,11.800000175833702,66.2857152734484,1.8999999538064003,459.37
2001-08-06,32.30000048130751,19.285714573093824,9.900000147521496,74.77142968560968,37.19999904930591,459.32
2001-08-13,26.200000390410423,16.085714525410108,5.500000081956387,73.74285824171135,7.799999952316284,459.22
2001-08-20,33.70000050216913,20.41428601848228,11.10000016540289,74.35714396515063,12.500000096857548,459.07
2001-08-27,30.200000450015068,19.242857429598057,10.100000150501728,73.11428680377347,0.0,458.9
2001-09-03,23.300000347197056,14.685714504548482,5.900000087916851,71.74285821190902,10.699999809265137,458.76
2001-09-10,16.600000247359276,10.642857301448071,5.900000087916851,86.05714413949421,45.49999976158142,458.79
2001-09-17,16.100000239908695,9.328571567577976,5.200000077486038,87.9857155968036,24.70000028610229,458.83
2001-09-24,16.00000023841858,9.385714425572328,0.2000000029802322,87.42857273135867,23.09999990463257,458.91
2001-10-01,21.000000312924385,11.01428587841136,3.9000000581145287,87.01428701089961,8.899999976158142,459.01
2001-10-08,24.600000366568565,12.771428761737686,3.6000000536441803,85.4714298450521,23.100000217556957,459.06
2001-10-15,20.000000298023224,11.142857308898654,2.7000000402331352,87.0285727253982,0.0,459.12
2001-10-22,19.30000028759241,10.185714437493257,5.200000077486038,90.8428584965212,10.399999625980854,458.96
2001-10-29,16.600000247359276,9.900000147521496,2.200000032782554,91.5571442214506,11.00000011920929,458.94
2001-11-05,20.60000030696392,5.628571512443679,-1.700000025331974,86.11428699748856,3.799999952316284,459.01
2001-11-12,10.000000149011612,2.1571428892867908,-7.500000111758709,85.85714413651398,45.399999916553504,461.25
2001-11-19,3.500000052154064,-0.5714285799435206,-5.700000084936619,90.98571564150708,3.899999916553497,461.51
2001-11-26,6.70000009983778,1.614285738340446,-2.7000000402331352,92.17142994488988,33.60000014305115,461.37
2001-12-03,7.400000110268593,3.642857197139944,-1.0000000149011612,96.1000014320016,25.0999998152256,463.84
2001-12-10,9.900000147521496,1.4857143078531536,-7.200000107288361,87.90000130981207,9.500000059604645,465.54
2001-12-17,1.700000025331974,-5.000000074505806,-14.40000021457672,85.4857155595507,1.9000000283122065,464.7
2001-12-24,0.2000000029802322,-4.685714355536869,-24.600000366568565,83.2142869542752,23.699999928474423,463.29
2001-12-31,5.500000081956387,-0.9857143004025732,-7.800000116229057,87.78571559382337,60.39999896287918,463.05
2002-01-07,-0.1000000014901161,-7.442857253764357,-19.10000028461218,80.84285834750959,0.7000000029802322,466.56
2002-01-14,2.0000000298023224,-4.785714357026985,-12.800000190734863,92.65714423784188,0.0,465.41
2002-01-21,7.000000104308128,-0.9000000134110451,-7.500000111758709,90.10000134259462,6.5,463.79
2002-01-28,12.500000186264517,5.285714364477566,-2.7000000402331352,82.51428694384438,23.700000002980232,467.02
2002-02-04,13.100000195205212,4.514285781553814,-2.800000041723252,76.44285828194448,0.0,470.77
2002-02-11,11.10000016540289,5.614285797945091,-0.800000011920929,85.90000128000975,14.09999980032444,470.05
2002-02-18,11.500000171363354,3.342857192669596,-5.000000074505806,76.95714400389365,9.099999621510506,468.61
2002-02-25,5.4000000804662704,1.2714285903743334,-9.00000013411045,88.87142989571605,68.2000002861023,468.37
2002-03-04,9.900000147521496,2.985714330204896,-6.000000089406967,81.21428692447287,11.000000156462193,471.75
2002-03-11,17.100000254809856,4.914285787514278,-5.200000077486038,72.471429651337,1.0000000149011612,471.86
2002-03-18,21.000000312924385,6.685714385339192,-1.100000016391277,76.82857257340636,7.000000193715096,470.08
2002-03-25,12.90000019222498,4.457142923559462,-3.500000052154064,87.55714416184595,90.19999887049198,472.61
2002-04-01,18.50000027567148,4.242857206080641,-6.900000102818012,68.34285816124508,0.0,474.57
2002-04-08,17.100000254809856,6.114285805395672,-5.000000074505806,58.78571516168969,0.0,474.06
2002-04-15,16.800000250339508,5.971428660409791,-1.80000002682209,75.78571541500943,7.300000071525574,471.33
2002-04-22,16.800000250339508,6.257142950381551,-3.000000044703484,83.02857266579356,13.200000315904616,468.89
2002-04-29,18.100000269711018,9.80000014603138,1.100000016391277,75.92857255999532,23.60000015795231,466.94
2002-05-06,16.800000250339508,9.328571567577976,4.200000062584877,81.85714407690934,12.70000010728836,465.38
2002-05-13,25.00000037252903,13.814285920134612,2.1000000312924385,76.71428685741765,19.60000012069941,464.22
2002-05-20,27.10000040382147,14.714285933545655,5.700000084936619,71.50000106543303,34.59999924898148,463.51
2002-05-27,25.80000038444996,12.442857328270165,5.200000077486038,84.37142982866082,31.800000339746475,464.72
2002-06-03,22.500000335276127,13.928571636123316,4.200000062584877,67.15714385786227,0.5,464.58
2002-06-10,25.30000037699937,14.957143080021654,8.300000123679638,77.7285725868174,38.70000095665455,463.93
2002-06-17,30.800000458955765,18.91428599613053,5.700000084936619,71.27142963345561,3.800000011920929,463.2
2002-06-24,33.00000049173832,22.61428605126483,14.600000217556952,72.8428582283003,26.199999786913395,462.38
2002-07-01,25.100000374019142,16.328571671886102,4.500000067055225,63.371429515736445,1.5,461.78
2002-07-08,28.700000427663326,16.142857383404458,5.500000081956387,77.75714401581457,14.499999523162842,461.11
2002-07-15,30.200000450015068,17.242857399795735,10.600000157952309,80.98571549249547,15.999999850988388,460.68
2002-07-22,26.100000388920307,15.500000230968,7.700000114738941,82.82857266281333,29.800000190734863,460.38
2002-07-29,28.200000420212746,17.114285969308444,7.400000110268593,77.18571543587106,5.800000049173832,460.11
2002-08-05,29.50000043958425,18.6000002771616,10.500000156462193,76.84285828790495,44.09999926388264,460.06
2002-08-12,23.000000342726707,15.471428801970822,10.500000156462193,87.87142988081489,49.99999940395355,460.41
2002-08-19,27.80000041425228,17.21428597079856,9.3000001385808,77.82857258830752,0.0,462.21
2002-08-26,28.300000421702865,17.942857410226548,9.3000001385808,79.02857260618892,19.79999962449074,461.62
2002-09-02,24.8000003695488,16.528571674866335,11.10000016540289,86.18571556998151,30.0,460.96
2002-09-09,25.700000382959843,15.400000229477882,7.700000114738941,79.57142975713525,5.100000143051148,460.45
2002-09-16,19.30000028759241,11.285714453884534,2.600000038743019,78.87142974670444,2.699999988079071,459.97
2002-09-23,21.60000032186508,11.442857313369002,2.200000032782554,85.45714413055352,49.10000014305115,459.67
2002-09-30,16.100000239908695,5.557142939950738,-0.2000000029802322,86.77142986442361,32.79999923706055,462.15
2002-10-07,17.00000025331974,7.871428688721997,-0.6000000089406967,88.35714417376688,22.499999582767487,462.66
2002-10-14,11.500000171363354,6.457142953361784,-1.100000016391277,89.6571441931384,3.1999999657273293,463.09
2002-10-21,18.100000269711018,7.885714403220585,-2.200000032782554,89.00000132620335,46.90000009536743,464.56
2002-10-28,17.600000262260437,9.00000013411045,1.80000002682209,79.58571547163385,30.500000834465027,465.96
2002-11-04,14.000000208616257,8.814285845628806,0.2000000029802322,90.42857277606215,44.59999942779541,466.87
2002-11-11,11.10000016540289,3.800000056624413,-0.6000000089406967,90.22857277308192,41.300000578165054,470.39
2002-11-18,12.10000018030405,5.385714365967682,-0.1000000014901161,90.8428584965212,15.80000026524067,472.66
2002-11-25,9.100000135600569,4.657142926539693,0.2000000029802322,93.2142871032868,20.999999418854717,473.02
2002-12-02,7.400000110268593,4.771428642528398,-0.5000000074505806,95.600001424551,30.39999996125698,473.45
2002-12-09,5.000000074505806,0.3428571479661124,-6.000000089406967,90.1428584860904,5.700000002980232,473.71
2002-12-16,4.700000070035458,-2.8857143287147795,-9.600000143051147,92.2857156608786,10.100000001490116,472.5
2002-12-23,9.80000014603138,2.585714324244431,-6.400000095367432,93.15714424529246,20.499999791383743,470.71
2002-12-30,11.500000171363354,4.457142923559461,0.1000000014901161,93.8285728267261,17.699999883770943,471.59
2003-01-06,11.000000163912771,2.414285750261375,-9.400000140070915,88.18571559978383,44.099999606609344,472.84
2003-01-13,-1.100000016391277,-8.128571549696582,-15.000000223517418,80.828572633011,8.499999821186066,474.07
2003-01-20,5.000000074505806,-0.6142857234392848,-6.200000092387199,93.4714299642614,1.5000000298023224,472.97
2003-01-27,6.500000096857548,0.7857142974223409,-4.000000059604645,92.5285728073546,7.899999916553497,470.79
2003-02-03,7.500000111758709,-1.9571428863065583,-12.500000186264517,88.38571560276407,32.199999779462814,469.8
2003-02-10,1.700000025331974,-2.400000035762787,-8.100000120699406,90.94285849801132,11.70000010728836,469.0
2003-02-17,-0.2000000029802322,-6.642857241843428,-13.800000205636024,81.40000121295452,0.2000000029802322,467.88
2003-02-24,3.500000052154064,-5.228571506483214,-11.500000171363354,82.55714408734015,0.0,466.44
2003-03-03,11.900000177323818,1.028571443898337,-11.900000177323818,79.90000119060278,7.500000059604645,465.11
2003-03-10,18.30000027269125,4.114285775593349,-1.80000002682209,76.50000113993883,1.2999999523162842,468.32
2003-03-17,17.80000026524067,3.071428617196424,-5.700000084936619,72.08571535987514,3.0999999046325684,468.19
2003-03-24,17.100000254809856,2.7571428982274875,-5.000000074505806,61.62857234690871,0.0,466.88
2003-03-31,19.30000028759241,9.128571564597744,-2.7000000402331352,68.27142958875213,2.0,465.29
2003-04-07,17.30000025779009,2.7428571837289,-5.4000000804662704,69.17142960216317,9.999999858438969,464.0
2003-04-14,18.0000002682209,3.8714286291173527,-9.3000001385808,67.8428581537945,3.8999999538064,462.98
2003-04-21,20.10000029951334,9.814285860529967,-0.9000000134110451,58.57142944421087,0.3000000119209289,462.22
2003-04-28,22.800000339746475,11.428571598870414,1.0000000149011612,65.24285811505148,12.700000405311586,461.64
2003-05-05,29.700000442564487,14.100000210106373,2.7000000402331352,64.78571525109666,8.999999910593033,460.98
2003-05-12,27.200000405311584,16.00000023841858,9.100000135600569,75.51428683953625,21.09999997913837,460.6
2003-05-19,23.80000035464764,9.985714434513024,-0.9000000134110451,75.3428582655532,10.500000178813934,460.15
2003-05-26,27.3000004068017,13.014285908213685,4.700000070035458,77.014286861888,4.40000007301569,460.05
2003-06-02,27.500000409781933,17.671428834753378,9.500000141561031,74.48571539563792,9.100000143051147,459.81
2003-06-09,30.200000450015068,20.514286019972392,11.000000163912771,70.44285819253751,2.699999988079071,459.58
2003-06-16,33.00000049173832,20.957143169428623,11.60000017285347,70.5714296230248,11.899999856948853,459.36
2003-06-23,34.20000050961971,19.128571713609357,7.000000104308128,64.77142953659806,14.000000387430193,459.23
2003-06-30,33.20000049471855,20.34285744598933,10.30000015348196,66.21428670095545,17.899999678134918,459.09
2003-07-07,24.300000362098217,14.800000220537186,7.800000116229057,77.88571544630187,20.200000144541264,459.0
2003-07-14,27.200000405311584,18.40000027418137,8.300000123679638,61.30000091344118,0.0,458.87
2003-07-21,32.30000048130751,19.928571725530283,7.800000116229057,66.95714385488203,32.500000193715096,458.79
2003-07-28,29.50000043958425,19.02857171211924,11.400000169873238,73.02857251678195,20.199999906122684,458.74
2003-08-04,34.30000051110983,20.67142887945686,8.00000011920929,64.11428666966302,0.1000000014901161,458.64
2003-08-11,35.60000053048134,24.300000362098217,13.40000019967556,53.942857946668354,6.100000023841858,458.53
2003-08-18,36.10000053793192,21.44285746238061,10.30000015348196,64.20000095665455,22.199999548494816,458.48
2003-08-25,29.200000435113907,19.02857171211924,10.000000149011612,63.68571523470538,0.8999999761581421,458.4
2003-09-01,29.300000436604023,15.100000225007534,4.000000059604645,72.17142964686666,17.499999716877937,458.34
2003-09-08,23.300000347197056,12.557143044258869,1.80000002682209,69.70000103861094,2.900000035762787,458.28
2003-09-15,20.000000298023224,11.700000174343586,3.1000000461936,78.85714403220585,4.9000000059604645,458.21
2003-09-22,28.80000042915344,16.2142859558974,4.000000059604645,58.64285801670381,0.0,458.14
2003-09-29,22.800000339746475,11.071428736405712,0.5000000074505806,72.28571536285537,5.499999940395355,458.13
2003-10-06,22.30000033229589,9.971428720014435,1.100000016391277,84.157144111182,31.600000381469727,458.08
2003-10-13,15.600000232458116,7.928571546716349,0.4000000059604645,85.64285841903516,34.70000100135803,458.17
2003-10-20,10.400000154972076,3.4571429086583003,-3.9000000581145287,76.25714399346283,5.0,458.11
2003-10-27,7.000000104308128,0.0428571434957639,-6.000000089406967,84.00000125169754,0.8999999761581421,458.02
2003-11-03,11.000000163912771,4.214285777083465,-4.90000007301569,84.5142869736467,13.1999998614192,457.93
2003-11-10,13.100000195205212,3.728571484131472,-3.200000047683716,83.68571553272861,0.2000000029802322,457.93
2003-11-17,11.000000163912771,2.528571466250079,-0.5000000074505806,93.67142996724162,6.00000012665987,457.91
2003-11-24,10.400000154972076,3.414285765162536,-2.1000000312924385,92.54285852185318,0.4000000059604644,457.88
2003-12-01,9.80000014603138,3.31428576367242,-0.2000000029802322,96.5857157249536,26.50000039488077,457.91
2003-12-08,6.000000089406967,-0.2857142899717604,-8.50000012665987,92.45714423486164,0.700000025331974,457.81
2003-12-15,8.00000011920929,0.7000000104308128,-7.500000111758709,84.17142982568059,26.599999621510506,457.93
2003-12-22,7.700000114738941,-0.0714285724929401,-6.200000092387199,89.50000133365393,12.100000001490116,458.29
2003-12-29,5.700000084936619,-2.985714330204896,-13.000000193715096,82.24285836837122,0.4000000059604645,458.46
2004-01-05,0.2000000029802322,-3.428571479661124,-14.800000220537186,88.02857274029937,9.299999929964542,458.17
2004-01-12,9.00000013411045,1.600000023841858,-1.600000023841858,95.92857285801854,60.59999838471413,458.68
2004-01-19,9.500000141561031,1.4428571643573898,-4.500000067055225,87.82857273731913,57.89999862015247,466.45
2004-01-26,1.100000016391277,-3.657142911638533,-13.100000195205212,86.25714414247444,9.200000025331974,466.68
2004-02-02,10.600000157952309,0.6428571524364605,-9.500000141561031,76.80000114440918,3.4999999403953552,464.99
2004-02-09,15.800000235438349,5.228571506483214,-2.3000000342726707,71.51428677993161,10.799999833106996,465.06
2004-02-16,6.500000096857548,0.4571428639548165,-6.70000009983778,88.24285845777818,6.30000014603138,464.46
2004-02-23,6.900000102818012,-0.5571428654449326,-4.90000007301569,82.15714408137968,6.100000113248825,464.22
2004-03-01,1.5000000223517418,-4.642857212041106,-14.000000208616257,81.7857155044164,2.700000002980232,464.19
2004-03-08,6.000000089406967,-1.0714285873941012,-7.800000116229057,82.6285726598331,3.400000013411045,462.18
2004-03-15,16.300000242888927,2.1000000312924385,-8.50000012665987,78.72857260171857,3.800000071525574,461.21
2004-03-22,20.80000030994416,8.414285839668342,-1.5000000223517418,74.44285825214216,5.900000154972076,460.63
2004-03-29,11.10000016540289,0.6571428669350488,-6.500000096857548,81.12857263748135,18.0,460.46
2004-04-05,19.60000029206276,7.857142974223409,-2.500000037252903,73.200001090765,13.200000286102297,460.33
2004-04-12,11.800000175833702,3.942857201610293,-2.200000032782554,79.8857154761042,10.50000001490116,460.25
2004-04-19,19.60000029206276,8.700000129640102,-1.3000000193715096,70.50000105053186,8.799999810755253,460.15
2004-04-26,21.60000032186508,10.400000154972076,-1.3000000193715096,67.70000100880861,0.0,459.8
2004-05-03,22.30000033229589,13.057143051709447,2.3000000342726707,69.32857246164765,9.400000020861626,459.51
2004-05-10,18.50000027567148,7.828571545226233,4.000000059604645,83.91428696470601,36.30000014603138,459.29
2004-05-17,20.60000030696392,11.285714453884534,1.700000025331974,71.81428678440196,0.400000013411045,459.43
2004-05-24,24.600000366568565,12.057143036808286,-0.2000000029802322,66.20000098645687,25.999999523162845,459.33
2004-05-31,22.000000327825543,12.4000001847744,1.600000023841858,63.77142952169691,7.400000192224979,459.12
2004-06-07,23.80000035464764,12.214285896292754,4.200000062584877,81.21428692447287,19.899999976158146,458.98
2004-06-14,31.70000047236681,16.671428819852217,6.000000089406967,72.50000108033419,20.80000016838312,458.77
2004-06-21,24.100000359117985,13.90000020712614,4.500000067055225,71.04285820147821,4.000000044703484,458.71
2004-06-28,28.10000041872263,16.100000239908695,4.000000059604645,66.00000098347664,10.600000023841858,458.58
2004-07-05,25.600000381469727,15.70000023394823,6.000000089406967,64.92857239608254,7.999999955296516,458.43
2004-07-12,24.100000359117985,13.90000020712614,5.700000084936619,79.80000118911266,36.90000009536743,458.49
2004-07-19,29.60000044107437,17.728571692747728,9.500000141561031,74.34285825065204,3.000000037252903,458.41
2004-07-26,30.100000448524952,18.87142885263477,10.400000154972076,77.257144008364,9.90000021457672,458.36
2004-08-02,29.000000432133675,17.685714549251966,5.500000081956387,64.3714295306376,0.0,458.24
2004-08-09,29.300000436604023,20.30000030249357,10.30000015348196,62.685715219804216,1.600000023841858,458.15
2004-08-16,30.70000045746565,17.600000262260437,9.100000135600569,74.95714397409132,21.60000053048134,458.06
2004-08-23,28.50000042468309,16.2142859558974,7.800000116229057,78.82857260320868,23.899999797344208,458.1
2004-08-30,24.100000359117985,14.55714307406119,8.00000011920929,81.98571550739663,24.39999938011169,458.12
2004-09-06,26.50000039488077,16.00000023841858,5.4000000804662704,70.91428677099091,0.0,458.05
2004-09-13,25.50000037997961,15.20000022649765,5.900000087916851,69.24285817465612,7.799999929964542,457.99
2004-09-20,23.500000350177288,12.4000001847744,2.1000000312924385,79.11428689318043,2.100000001490116,457.94
2004-09-27,15.100000225007534,9.642857286546912,4.700000070035458,85.07142983909164,37.29999995231629,457.91
2004-10-04,21.60000032186508,11.942857320819584,5.4000000804662704,85.9571441380041,10.600000098347664,457.97
2004-10-11,26.30000039190054,11.200000166893004,4.000000059604645,83.91428696470601,27.90000033378601,458.13
2004-10-18,12.300000183284284,5.728571513933795,-0.5000000074505806,88.20000131428242,12.800000101327896,457.93
2004-10-25,20.500000305473804,10.614285872450896,0.5000000074505806,86.98571558190244,14.899999916553496,458.04
2004-11-01,14.000000208616257,8.485714412161283,1.100000016391277,92.91428709881646,19.200000301003456,458.65
2004-11-08,14.100000210106373,6.657142956342016,-1.600000023841858,90.68571563703674,7.699999958276749,458.5
2004-11-15,3.400000050663948,0.0142857144985878,-6.500000096857548,90.28571563107629,7.299999989569187,458.35
2004-11-22,9.100000135600569,2.3285714632698467,-5.200000077486038,81.21428692447287,13.8999999538064,458.3
2004-11-29,7.900000117719173,1.742857168827738,-6.000000089406967,92.87142995532068,9.499999955296516,458.87
2004-12-06,5.900000087916851,1.671428596334798,-2.3000000342726707,92.95714424231222,8.300000071525574,458.78
2004-12-13,0.4000000059604645,-2.7857143272246634,-5.200000077486038,93.91428711371762,0.1000000014901161,458.8
2004-12-20,5.000000074505806,-2.528571466250079,-13.600000202655792,90.10000134259462,16.899999916553497,458.66
2004-12-27,8.300000123679638,-0.4571428639548164,-14.100000210106373,91.0714299284986,26.000000551342964,458.98
2005-01-03,5.4000000804662704,0.07142857249294,-7.500000111758709,90.20000134408474,10.2999999076128,460.34
2005-01-10,13.600000202655792,3.700000055134296,-2.7000000402331352,81.02857263599124,11.600000143051147,461.77
2005-01-17,9.00000013411045,-0.3857142914618764,-9.500000141561031,85.10000126808882,2.700000047683716,461.73
2005-01-24,7.500000111758709,0.1571428594844682,-5.500000081956387,85.44285841605493,38.79999966919422,463.19
2005-01-31,1.3000000193715096,-7.157142963792596,-16.800000250339508,83.07142980928931,11.199999682605268,464.4
2005-02-07,2.200000032782554,-3.257142905678068,-12.800000190734863,88.85714418121746,7.499999821186066,463.11
2005-02-14,8.300000123679638,0.5285714364477566,-11.000000163912771,86.40000128746033,41.40000033378601,463.16
2005-02-21,0.9000000134110451,-3.24285719117948,-7.500000111758709,90.21428705858332,22.799999684095383,466.57
2005-02-28,0.4000000059604645,-7.3571429667728285,-21.60000032186508,85.21428698407752,12.600000500679016,465.49
2005-03-07,2.500000037252903,-8.42857155416693,-25.100000374019142,79.74285833111831,4.599999859929085,463.9
2005-03-14,7.300000108778477,-0.6714285814336368,-11.30000016838312,83.41428695725543,20.100000202655792,462.61
2005-03-21,19.000000283122063,6.957142960812364,-2.200000032782554,73.10000108927488,0.2000000029802322,466.98
2005-03-28,15.100000225007534,7.942857261214938,-2.3000000342726707,88.17142988528524,19.80000042915344,469.68
2005-04-04,18.6000002771616,7.457142968262945,-2.200000032782554,69.51428675012929,24.600000478327274,469.98
2005-04-11,17.600000262260437,6.9428572463137765,-3.700000055134296,78.00000116229057,13.400000095367432,470.19
2005-04-18,20.80000030994416,10.142857293997492,1.80000002682209,72.44285822233984,19.00000023841858,468.57
2005-04-25,16.300000242888927,7.1000001057982445,-3.9000000581145287,79.8857154761042,41.39999914169312,469.02
2005-05-02,28.60000042617321,14.071428781109196,2.200000032782554,68.80000102519989,2.899999976158142,469.124048183563
2005-05-09,21.000000312924385,8.814285845628806,2.0000000298023224,80.30000119656324,31.69999995827675,468.13690992965
2005-05-16,19.000000283122063,9.457142998065269,-0.2000000029802322,70.3428581910474,19.30000042915344,466.936859503325
2005-05-23,22.800000339746475,12.442857328270165,4.500000067055225,75.40000112354755,20.2999999076128,466.012627118534
2005-05-30,30.800000458955765,18.828571709139005,6.70000009983778,60.214286611548495,2.900000095367432,465.088394733743
2005-06-06,27.60000041127205,14.357143071080957,5.4000000804662704,64.88571525258678,7.299999952316284,463.87
2005-06-13,22.600000336766243,11.428571598870414,2.800000041723252,67.7142867233072,2.600000023841858,462.9
2005-06-20,27.80000041425228,18.38571455968278,9.100000135600569,66.41428670393569,3.0999999046325684,462.04
2005-06-27,31.80000047385693,22.24285747430154,12.10000018030405,63.15714379825762,15.29999953508377,460.36
2005-07-04,29.800000444054604,18.45714313217572,11.60000017285347,76.38571542395013,24.499999977648255,460.61
2005-07-11,22.500000335276127,13.742857347641673,6.800000101327896,81.80000121891499,27.10000032186508,460.28
2005-07-18,28.60000042617321,20.057143156017577,12.000000178813934,67.7142867233072,8.499999977648258,460.05
2005-07-25,22.100000329315662,16.085714525410108,10.600000157952309,75.20000112056732,32.40000003576279,459.76
2005-08-01,32.70000048726797,20.428571732980863,11.000000163912771,71.02857248697963,3.200000002980232,459.53
2005-08-08,23.100000344216824,14.1857144970979,7.000000104308128,76.15714399197272,19.69999995827675,459.34
2005-08-15,24.300000362098217,14.25714306959084,6.800000101327896,74.54285825363228,4.699999988079071,459.1
2005-08-22,26.00000038743019,16.12857166890587,9.00000013411045,83.95714410820177,82.79999923706055,459.02
2005-08-29,25.30000037699937,15.600000232458116,8.00000011920929,77.20000115036964,5.699999883770943,460.42
2005-09-05,28.300000421702865,18.37142884518419,8.50000012665987,77.45714401134423,2.899999976158142,459.9
2005-09-12,26.80000039935112,17.114285969308447,8.800000131130219,80.95714406349829,24.0,459.41
2005-09-19,20.500000305473804,12.057143036808286,3.1000000461936,81.4142869274531,9.500000216066836,459.33
2005-09-26,22.000000327825543,11.228571595890182,1.80000002682209,80.14285833707878,0.0,459.61
2005-10-03,17.80000026524067,10.414285869470664,4.000000059604645,88.8285727522203,37.999999314546585,459.31
2005-10-10,17.80000026524067,11.485714456864766,5.200000077486038,90.3714299180678,0.0,458.85
2005-10-17,14.800000220537186,6.457142953361784,0.4000000059604645,87.52857273284879,0.0,459.62
2005-10-24,18.30000027269125,8.528571555657047,-0.800000011920929,86.27142985697303,6.599999822676182,459.3
2005-10-31,18.100000269711018,9.614285857549737,4.500000067055225,90.21428705858332,0.6000000089406966,458.81
2005-11-07,16.800000250339508,7.500000111758709,0.9000000134110451,94.04285854420492,16.30000014603138,458.63
2005-11-14,10.600000157952309,3.8857143436159407,-0.2000000029802322,93.32857281927552,0.1000000014901161,458.74
2005-11-21,6.70000009983778,0.814285726419517,-5.500000081956387,88.04285845479795,10.600000023841858,458.6
2005-11-28,1.600000023841858,-3.185714333185128,-12.500000186264517,83.47142981524978,4.499999985098839,458.62
2005-12-05,6.500000096857548,-0.1142857159887042,-6.400000095367432,91.0714299284986,9.0999998152256,458.54
2005-12-12,4.700000070035458,-0.6714285814336367,-7.200000107288361,88.20000131428242,5.299999952316284,458.92
2005-12-19,5.000000074505806,-0.5428571509463447,-5.500000081956387,88.44285846075842,22.600000098347664,459.49
2005-12-26,3.700000055134296,-0.3857142914618764,-4.500000067055225,92.78571566832916,6.7000002190470695,460.18
2006-01-02,4.700000070035458,-3.9000000581145287,-16.300000242888927,92.10000137239696,16.099999740719795,460.8
2006-01-09,1.100000016391277,-1.700000025331974,-7.000000104308128,89.88571562511581,0.7000000104308128,460.53
2006-01-16,-1.100000016391277,-7.628571542246001,-13.300000198185444,90.07142991359744,0.4000000059604645,460.07
2006-01-23,3.6000000536441803,-1.5714285948446818,-10.80000016093254,89.3000013306737,24.299999214708805,459.79
2006-01-30,1.80000002682209,-5.500000081956387,-12.000000178813934,76.92857257489648,0.1000000014901161,459.85
2006-02-06,3.700000055134296,-4.628571497542517,-11.800000175833702,83.05714409479073,1.200000025331974,459.5
2006-02-13,2.1000000312924385,-2.8857143287147795,-14.500000216066836,88.07142988379512,14.000000059604645,459.18
2006-02-20,7.700000114738941,1.9428571718079704,-9.100000135600569,85.94285842350551,23.699999608099457,461.87
2006-02-27,6.900000102818012,-1.1428571598870414,-9.80000014603138,83.65714410373143,1.4999999925494194,464.05
2006-03-06,5.000000074505806,-2.728571469230311,-8.800000131130219,84.01428696619612,33.599999360740185,463.22
2006-03-13,6.500000096857548,-1.80000002682209,-12.4000001847744,84.0428583951933,30.79999931156635,465.43
2006-03-20,11.400000169873238,-0.885714298912457,-10.500000156462193,77.67142972882304,0.0,467.02
2006-03-27,20.30000030249357,5.871428658919675,-1.80000002682209,82.31428694086415,13.800000101327896,467.94
2006-04-03,16.600000247359276,8.042857262705054,3.1000000461936,79.10000117868185,27.00000025331974,469.86
2006-04-10,15.100000225007534,3.700000055134296,-4.000000059604645,77.3714297243527,39.600000500679016,470.04
2006-04-17,14.300000213086603,6.41428580986602,-0.2000000029802322,83.2142869542752,8.299999922513962,471.71
2006-04-24,20.10000029951334,10.94285730591842,2.600000038743019,68.04285815677473,3.299999922513962,471.09
2006-05-01,20.000000298023224,9.285714424082212,-2.3000000342726707,77.80000115931034,18.600000359117985,469.03
2006-05-08,22.100000329315662,13.771428776638848,4.500000067055225,54.28571509463446,0.1000000014901161,466.81
2006-05-15,22.800000339746475,12.228571610791343,3.000000044703484,72.64285822532007,13.69999996572733,465.61
2006-05-22,25.100000374019142,13.800000205636024,5.500000081956387,76.07142970498118,36.90000158548355,464.55
2006-05-29,19.10000028461218,12.357143041278634,4.000000059604645,75.42857255254474,43.00000071525574,463.78
2006-06-05,16.100000239908695,8.157142978693757,2.600000038743019,77.52857258383717,15.300000302493572,464.78
2006-06-12,24.8000003695488,13.342857341681208,1.3000000193715096,63.01428665327175,0.0,464.37
2006-06-19,29.700000442564487,20.328571731490747,8.00000011920929,65.44285811803171,12.099999882280828,463.4
2006-06-26,30.100000448524952,20.10000029951334,10.600000157952309,73.54285823873111,7.900000087916851,462.34
2006-07-03,27.3000004068017,18.58571456266301,11.000000163912771,73.685715383717,10.0,461.65
2006-07-10,29.60000044107437,20.000000298023224,12.600000187754633,74.5142868246351,17.29999965429306,460.93
2006-07-17,29.800000444054604,20.81428602444274,10.000000149011612,62.1142866398607,1.399999976158142,460.43
2006-07-24,33.80000050365925,22.585714622267652,9.500000141561031,58.52857230071511,7.800000250339508,460.0
2006-07-31,33.10000049322844,21.8142860393439,13.600000202655792,68.17142958726201,19.90000033378601,459.71
2006-08-07,22.600000336766243,15.228571655494829,9.00000013411045,81.1714297809771,26.999999918043613,459.44
2006-08-14,22.600000336766243,12.742857332740511,5.4000000804662704,82.40000122785568,16.099999845027924,459.31
2006-08-21,26.600000396370888,16.142857383404458,8.900000132620335,76.84285828790495,18.09999970346689,459.08
2006-08-28,22.30000033229589,13.657143060650144,8.00000011920929,81.62857264493194,40.09999966621399,459.04
2006-09-04,25.30000037699937,14.771428791540009,5.500000081956387,77.47142972584281,10.20000022649765,459.08
2006-09-11,27.80000041425228,16.2142859558974,5.200000077486038,73.64285824022123,0.1000000014901161,458.91
2006-09-18,25.600000381469727,16.514285960367747,8.300000123679638,77.82857258830752,10.700000204145908,458.75
2006-09-25,22.500000335276127,14.357143071080957,6.000000089406967,83.52857267324414,3.3999999165534973,458.67
2006-10-02,21.60000032186508,13.97142877961908,9.400000140070915,88.85714418121746,13.700000047683716,458.52
2006-10-09,19.60000029206276,10.314285867980548,2.200000032782554,84.22857268367495,16.699999548494816,458.5
2006-10-16,20.60000030696392,10.214285866490432,1.700000025331974,85.7142869915281,0.0,458.41
2006-10-23,19.10000028461218,9.22857156608786,-0.2000000029802322,89.04285846969911,5.699999839067459,458.32
2006-10-30,20.000000298023224,11.30000016838312,2.200000032782554,81.20000120997429,3.799999952316284,458.24
2006-11-06,14.100000210106373,4.000000059604645,-3.200000047683716,80.05714405008725,7.499999955296516,458.17
2006-11-13,12.500000186264517,4.871428644018514,-3.000000044703484,84.07142982419047,19.800000049173832,458.19
2006-11-20,13.500000201165676,7.085714391299656,1.5000000223517418,91.50000136345624,8.80000002682209,458.22
2006-11-27,12.90000019222498,5.128571504993098,-1.100000016391277,88.38571560276407,4.600000001490116,458.23
2006-12-04,10.000000149011612,4.342857207570757,-0.2000000029802322,93.2142871032868,10.199999809265137,458.24
2006-12-11,13.90000020712614,4.714285784534046,-3.1000000461936,88.52857274774995,17.000000193715096,458.25
2006-12-18,8.50000012665987,1.628571452839034,-4.200000062584877,87.54285844734737,1.7999999895691872,458.53
2006-12-25,3.1000000461936,-0.8714285844138691,-4.500000067055225,89.71428705113274,0.2000000029802322,458.37
2007-01-01,10.500000156462193,1.2142857323799814,-7.900000117719173,86.41428700195891,15.999999672174454,458.25
2007-01-08,8.900000132620335,4.142857204590525,-1.0000000149011612,85.37142984356198,12.79999989271164,458.81
2007-01-15,12.000000178813934,5.957142945911203,-4.400000065565109,81.92857264940228,5.900000102818012,459.0
2007-01-22,12.500000186264517,6.62857152734484,-1.0000000149011612,81.74285836092064,23.50000037252903,459.01
2007-01-29,3.200000047683716,-2.971428615706308,-11.60000017285347,86.0857155684914,14.39999996870756,459.55
2007-02-05,6.800000101327896,2.3142857487712587,-4.200000062584877,86.82857272241797,1.8000000044703484,460.47
2007-02-12,8.00000011920929,2.9000000432133675,-3.700000055134296,89.4142870466624,32.49999988079071,460.52
2007-02-19,8.600000128149986,2.471428608255727,-4.000000059604645,86.0857155684914,15.199999570846556,460.61
2007-02-26,12.90000019222498,4.385714351066521,-3.200000047683716,84.2714298271707,12.699999809265137,460.78
2007-03-05,11.60000017285347,5.342857222471919,-0.9000000134110451,80.91428692000252,35.70000004768372,463.64
2007-03-12,13.100000195205212,4.585714354046753,-3.6000000536441803,76.9000011458993,4.100000001490116,464.97
2007-03-19,15.900000236928465,5.442857223962035,-1.80000002682209,76.35714399495295,9.299999713897703,463.88
2007-03-26,13.800000205636024,2.357142892267023,-1.80000002682209,81.74285836092064,17.299999713897705,462.69
2007-04-02,15.800000235438349,6.828571530325072,-2.1000000312924385,70.40000104904175,1.8999999538064003,462.6
2007-04-09,17.30000025779009,7.028571533305304,-2.600000038743019,68.37142959024224,2.299999952316284,461.96
2007-04-16,23.600000351667404,13.157143053199563,0.800000011920929,58.78571516168969,0.0,461.21
2007-04-23,23.000000342726707,10.714285873941012,-1.3000000193715096,58.57142944421087,0.0,460.58
2007-04-30,24.50000036507845,14.442857358072484,4.200000062584877,57.51428657131536,0.0,460.03
2007-05-07,19.80000029504299,12.200000181794168,2.600000038743019,59.3714294561318,9.39999970793724,459.61
2007-05-14,26.700000397861004,14.085714495607784,4.200000062584877,70.3428581910474,40.80000013113022,459.41
2007-05-21,27.700000412762165,12.085714465805465,1.700000025331974,74.71428682761533,7.700000166893006,459.24
2007-05-28,28.00000041723252,17.485714546271733,6.900000102818012,73.58571538222688,46.39999923855066,459.08
2007-06-04,22.100000329315662,12.45714304276875,3.1000000461936,80.62857263003077,45.20000019669533,460.33
2007-06-11,26.700000397861004,18.542857419167245,10.30000015348196,74.18571539116758,27.09999924153089,460.36
2007-06-18,27.80000041425228,17.700000263750553,9.3000001385808,76.48571542544025,44.09999938309193,460.39
2007-06-25,28.60000042617321,17.51428597526891,8.400000125169754,75.91428684549672,71.59999918937683,462.79
2007-07-02,26.30000039190054,13.98571449411767,8.00000011920929,78.57142974223409,20.70000002533197,462.93
2007-07-09,24.00000035762787,14.200000211596487,8.50000012665987,79.42857261214938,22.700000390410423,462.41
2007-07-16,34.30000051110983,17.857143123235023,6.000000089406967,69.11428674416882,7.900000005960464,461.96
2007-07-23,30.70000045746565,20.10000029951334,9.600000143051147,72.57142965282712,26.599999517202377,461.26
2007-07-30,26.600000396370888,16.700000248849392,7.300000108778477,71.42857249294009,8.200000144541264,460.7
2007-08-06,27.80000041425228,15.42857165847506,3.700000055134296,70.87142962749515,5.100000143051148,460.14
2007-08-13,24.300000362098217,15.971428809421402,10.900000162422655,86.41428700195891,68.09999942779541,460.5
2007-08-20,30.300000451505184,16.828571679336683,8.50000012665987,78.6857154582228,26.59999918937683,461.25
2007-08-27,26.80000039935112,17.14285739830562,9.500000141561031,76.55714399793318,13.50000023841858,462.04
2007-09-03,20.30000030249357,13.514285915664264,6.70000009983778,82.15714408137968,23.19999910145998,462.07
2007-09-10,16.50000024586916,10.342857296977725,3.700000055134296,85.38571555806058,8.600000202655792,461.43
2007-09-17,24.00000035762787,12.82857161973204,3.700000055134296,80.07142976458583,13.000000193715096,460.9
2007-09-24,23.600000351667404,11.45714302786759,1.3000000193715096,81.5428583579404,6.799999833106995,460.2
2007-10-01,20.500000305473804,9.757143002535615,3.400000050663948,87.12857272688832,27.000000096857548,460.48
2007-10-08,22.100000329315662,12.228571610791343,1.100000016391277,87.04285843989679,1.3000000342726707,461.0
2007-10-15,15.800000235438349,7.157142963792596,0.4000000059604645,86.05714413949421,0.0,460.08
2007-10-22,18.50000027567148,4.942857216511454,-1.700000025331974,86.24285842797586,5.699999988079071,460.98
2007-10-29,11.500000171363354,4.571428639548166,-1.5000000223517418,88.35714417376688,0.5,459.67
2007-11-05,11.30000016838312,4.8571429295199255,-2.7000000402331352,87.80000130832195,2.7999999299645424,459.3
2007-11-12,8.300000123679638,3.800000056624413,-0.2000000029802322,86.90000129491091,59.900001525878906,459.26
2007-11-19,3.1000000461936,-1.1428571598870414,-5.700000084936619,89.28571561617511,10.999999970197678,463.47
2007-11-26,6.200000092387199,1.542857165847506,-3.200000047683716,92.64285852334328,12.300000086426737,463.22
2007-12-03,9.400000140070915,2.1857143182839667,-5.500000081956387,88.24285845777818,20.29999989271164,463.18
2007-12-10,11.000000163912771,4.657142926539693,-0.4000000059604645,85.2428584130747,32.30000014603138,464.68
2007-12-17,3.200000047683716,-0.7428571539265769,-4.700000070035458,85.51428698854787,7.199999839067459,467.47
2007-12-24,-1.3000000193715096,-5.25714293548039,-8.50000012665987,90.2428584875805,0.0,467.0
2007-12-31,3.700000055134296,-1.8571428848164424,-8.600000128149986,92.58571566534894,3.299999922513962,465.08
2008-01-07,7.800000116229057,-0.9571428714053972,-5.200000077486038,85.7285727060267,43.19999837875366,463.64
2008-01-14,8.800000131130219,1.5857143093432695,-3.1000000461936,88.17142988528524,0.400000013411045,465.14
2008-01-21,11.30000016838312,4.6000000685453415,-1.100000016391277,84.22857268367495,21.19999998807907,464.57
2008-01-28,8.50000012665987,2.414285750261375,-4.000000059604645,73.85714395770005,6.700000002980232,465.74
2008-02-04,9.00000013411045,0.4142857204590525,-7.700000114738941,85.50000127404928,3.900000050663948,465.49
2008-02-11,9.400000140070915,2.0857143167938506,-4.90000007301569,76.27142970796142,6.800000071525574,464.07
2008-02-18,9.100000135600569,-1.9714286008051465,-9.500000141561031,75.40000112354755,0.0,462.97
2008-02-25,18.100000269711018,5.428571509463446,-5.700000084936619,77.05714400538376,1.700000025331974,462.32
2008-03-03,15.000000223517418,6.828571530325072,-2.200000032782554,77.67142972882304,32.399999767541885,461.88
2008-03-10,13.600000202655792,1.5000000223517418,-8.400000125169754,72.41428679334265,2.700000062584877,461.97
2008-03-17,12.000000178813934,6.400000095367432,0.4000000059604645,78.74285831621715,45.8999999538064,463.98
2008-03-24,4.90000007301569,-0.1000000014901161,-7.300000108778477,79.57142975713525,24.099999479949474,465.51
2008-03-31,19.000000283122063,4.114285775593349,-3.200000047683716,71.8857153568949,2.500000052154064,466.57
2008-04-07,13.90000020712614,4.800000071525574,-3.400000050663948,80.51428691404206,21.10000000149012,467.73
2008-04-14,16.300000242888927,7.542857255254473,-5.4000000804662704,75.52857255403485,24.000000350177288,467.81
2008-04-21,17.50000026077032,6.714285814336368,-0.1000000014901161,79.82857261810985,21.10000005364418,468.4
2008-04-28,21.80000032484532,9.828571575028556,1.600000023841858,74.31428682165486,10.299999967217444,467.63
2008-05-05,17.600000262260437,9.842857289527144,1.5000000223517418,71.04285820147821,15.100000560283664,466.17
2008-05-12,22.000000327825543,13.4714287721685,2.3000000342726707,58.35714372673205,0.0,464.96
2008-05-19,23.80000035464764,14.04285735211202,4.700000070035458,70.7000010535121,27.899999909102917,464.08
2008-05-26,25.100000374019142,12.985714479216508,4.500000067055225,76.52857256893601,2.4000000283122063,463.18
2008-06-02,28.200000420212746,19.47142886157547,8.900000132620335,73.02857251678195,9.500000357627869,462.18
2008-06-09,22.500000335276127,15.871428807931286,9.100000135600569,80.80000120401382,15.69999996572733,461.05
2008-06-16,25.700000382959843,13.200000196695328,4.700000070035458,74.48571539563792,18.09999942779541,460.95
2008-06-23,30.600000455975533,18.0000002682209,8.50000012665987,72.30000107735395,8.200000047683716,460.48
2008-06-30,29.60000044107437,19.6714288645557,11.000000163912771,70.24285818955728,11.600000381469728,460.1
2008-07-07,30.00000044703484,18.21428598569972,7.900000117719173,69.84285818359682,57.60000115633011,459.99
2008-07-14,30.100000448524952,16.35714310088328,9.600000143051147,75.3428582655532,36.39999981224537,459.84
2008-07-21,25.100000374019142,15.657143090452466,9.00000013411045,73.98571538818734,12.800000339746475,459.74
2008-07-28,28.60000042617321,17.542857404266083,6.800000101327896,72.45714393683842,1.0000000149011612,459.49
2008-08-04,29.800000444054604,20.428571732980863,13.600000202655792,72.98571537328618,11.80000013113022,459.29
2008-08-11,31.300000466406345,18.128571698708196,10.000000149011612,73.45714395173958,24.199999906122684,459.15
2008-08-18,25.30000037699937,15.228571655494829,5.700000084936619,78.17142973627362,29.199999809265137,459.09
2008-08-25,27.80000041425228,15.442857372973648,7.900000117719173,77.77142973031316,13.49999976158142,458.97
2008-09-01,26.50000039488077,16.971428824322565,7.700000114738941,76.11428684847695,4.899999976158142,458.7
2008-09-08,27.200000405311584,16.314285957387515,7.500000111758709,82.90000123530626,25.90000009536743,458.79
2008-09-15,25.100000374019142,13.014285908213685,4.700000070035458,82.45714408585003,5.199999965727329,458.72
2008-09-22,14.600000217556952,7.314285823277065,1.0000000149011612,78.62857260022845,1.399999976158142,458.62
2008-09-29,14.600000217556952,7.928571546716349,0.6000000089406967,85.17142984058175,4.400000050663948,458.58
2008-10-06,17.100000254809856,8.700000129640102,0.6000000089406967,79.07142974968467,11.30000016838312,458.52
2008-10-13,19.80000029504299,11.085714450904302,4.700000070035458,88.77142989422593,0.3000000119209289,458.36
2008-10-20,19.60000029206276,9.042857277606217,-2.1000000312924385,85.34285841456482,11.100000195205212,458.35
2008-10-27,18.80000028014183,6.385714380868843,-1.3000000193715096,89.60000133514404,9.99999988079071,458.26
2008-11-03,12.600000187754633,4.142857204590525,-1.3000000193715096,95.08571570260185,19.20000004768372,458.31
2008-11-10,14.600000217556952,7.05714296230248,0.1000000014901161,89.42857276116099,0.6000000238418579,458.3
2008-11-17,13.90000020712614,3.9000000581145287,-3.1000000461936,88.78571560872453,2.600000061094761,458.22
2008-11-24,8.00000011920929,1.5714285948446818,-3.6000000536441803,85.50000127404928,42.09999895095825,458.24
2008-12-01,2.7000000402331352,-1.9857143153037344,-6.500000096857548,88.30000131577253,2.700000047683716,458.83
2008-12-08,5.200000077486038,1.0857143018926894,-5.4000000804662704,87.6142870198403,17.799999967217445,458.75
2008-12-15,2.500000037252903,-1.614285738340446,-6.800000101327896,95.51428713755948,20.000000573694702,460.27
2008-12-22,7.400000110268593,1.65714288183621,-7.000000104308128,94.75714426913432,12.30000016093254,459.86
2008-12-29,5.500000081956387,-1.685714310833386,-8.800000131130219,83.77142981972013,0.3000000119209289,462.0
2009-01-05,0.800000011920929,-4.814285786024162,-10.30000015348196,89.04285846969911,6.09999980032444,461.3
2009-01-12,-4.500000067055225,-9.700000144541264,-17.00000025331974,87.1428584413869,0.0,460.53
2009-01-19,6.200000092387199,-3.142857189689363,-16.100000239908695,90.1428584860904,11.100000143051147,459.78
2009-01-26,5.200000077486038,-0.4571428639548165,-6.000000089406967,90.30000134557486,12.50000011920929,459.58
2009-02-02,2.7000000402331352,-2.385714321264199,-6.70000009983778,83.37142981375966,0.1000000014901161,459.43
2009-02-09,7.300000108778477,-0.4285714349576405,-6.000000089406967,88.50000131875277,10.800000190734863,459.17
2009-02-16,8.300000123679638,-2.1571428892867908,-9.3000001385808,83.32857267026391,12.600000083446504,459.79
2009-02-23,2.200000032782554,-2.942857186709132,-15.800000235438349,87.82857273731913,15.200000144541264,459.48
2009-03-02,10.500000156462193,2.385714321264199,-2.1000000312924385,86.71428700642926,4.499999977648258,460.73
2009-03-09,6.500000096857548,1.9000000283122065,-2.3000000342726707,89.28571561617511,27.800000242888927,464.07
2009-03-16,10.80000016093254,3.7571429131286487,-0.5000000074505806,86.38571557296174,32.50000035762787,466.66
2009-03-23,10.500000156462193,2.271428605275495,-6.200000092387199,68.55714387872389,11.100000001490116,469.33
2009-03-30,9.500000141561031,3.271428620176656,-3.1000000461936,86.10000128298998,40.1000000834465,468.29
2009-04-06,19.30000028759241,9.6571430010455,-0.1000000014901161,77.47142972584281,1.399999976158142,470.24
2009-04-13,21.80000032484532,12.24285732528993,2.600000038743019,62.44285807332823,0.0,469.68
2009-04-20,21.300000317394733,10.785714446433952,0.0,69.45714389213494,10.600000143051147,467.38
2009-04-27,21.60000032186508,10.771428731935364,-0.5000000074505806,64.71428667860371,0.3000000119209289,465.52
2009-05-04,19.80000029504299,9.528571570558208,1.0000000149011612,80.67142977352653,19.10000023990869,461.51
2009-05-11,23.600000351667404,12.928571621222156,-0.800000011920929,76.75714400091341,51.49999915063381,462.54
2009-05-18,26.600000396370888,12.90000019222498,6.200000092387199,87.17142987038407,32.200000405311584,464.04
2009-05-25,28.700000427663326,16.91428596632821,5.000000074505806,72.957143944289,14.700000382959844,464.94
2009-06-01,24.8000003695488,12.97142876471792,5.200000077486038,72.87142965729747,16.999999523162842,464.47
2009-06-08,21.80000032484532,13.200000196695328,4.500000067055225,69.24285817465612,15.300000071525574,463.51
2009-06-15,26.80000039935112,15.671428804951054,5.700000084936619,71.04285820147821,15.800000190734863,462.46
2009-06-22,27.3000004068017,14.285714498588018,6.000000089406967,77.18571543587106,9.30000013113022,462.68
2009-06-29,24.300000362098217,16.328571671886102,10.400000154972076,85.64285841903516,37.39999914169312,461.0
2009-07-06,26.80000039935112,19.042857426617825,12.800000190734863,81.48571549994605,17.80000014603138,460.71
2009-07-13,26.50000039488077,14.857143078531536,6.200000092387199,78.95714403369597,9.100000262260435,460.51
2009-07-20,28.200000420212746,17.114285969308447,8.600000128149986,81.00000120699406,47.00000072270632,460.17
2009-07-27,29.50000043958425,18.14285741320678,7.800000116229057,72.21428679036242,18.40000015497208,460.17
2009-08-03,28.10000041872263,17.257143114294326,8.100000120699406,75.5714296975306,0.3000000044703483,459.77
2009-08-10,27.000000402331352,17.971428839223726,8.00000011920929,75.30000112205744,15.600000381469728,459.48
2009-08-17,29.50000043958425,18.657143135155952,11.10000016540289,77.38571543885129,11.799999810755253,459.26
2009-08-24,32.20000047981739,18.542857419167245,6.70000009983778,76.14285827747413,3.4999999552965164,459.05
2009-08-31,27.500000409781933,16.78571453584092,4.000000059604645,73.928572530193,3.0,458.91
2009-09-07,29.800000444054604,14.957143080021654,4.700000070035458,76.82857257340636,16.199999906122684,458.77
2009-09-14,23.600000351667404,13.40000019967556,5.500000081956387,75.17142969157014,6.5,458.64
2009-09-21,23.600000351667404,14.957143080021654,7.800000116229057,88.62857274924006,3.899999856948853,458.54
2009-09-28,23.80000035464764,14.200000211596487,5.000000074505806,78.37142973925386,0.0,458.43
2009-10-05,18.30000027269125,11.15714302339724,1.100000016391277,77.87142973180327,3.900000095367432,458.35
2009-10-12,25.100000374019142,13.071428766208037,3.1000000461936,86.45714414545468,40.79999978840351,458.29
2009-10-19,8.00000011920929,2.3428571777684346,-3.200000047683716,87.84285845181772,12.899999886751177,458.45
2009-10-26,14.000000208616257,5.557142939950738,-3.200000047683716,93.50000139325856,5.299999967217445,458.57
2009-11-02,13.40000019967556,5.457142938460622,-2.200000032782554,92.61428709434612,16.90000057220459,457.11
2009-11-09,9.900000147521496,3.657142911638533,-1.700000025331974,90.30000134557486,20.699999906122684,458.7
2009-11-16,12.500000186264517,5.114285790494511,-2.200000032782554,94.3000014051795,14.600000016391276,459.05
2009-11-23,15.400000229477882,6.385714380868843,-1.0000000149011612,88.5714298912457,3.899999916553497,459.35
2009-11-30,13.100000195205212,5.300000078976154,-1.80000002682209,83.90000125020742,10.199999816715716,459.41
2009-12-07,8.00000011920929,2.2285714617797305,-3.000000044703484,93.74285853973456,24.00000011920929,459.43
2009-12-14,7.200000107288361,0.5428571509463446,-6.500000096857548,90.42857277606215,21.699999623000625,460.42
2009-12-21,0.1000000014901161,-7.500000111758709,-19.000000283122063,82.6142869453345,8.899999797344208,461.96
2009-12-28,7.300000108778477,0.814285726419517,-5.000000074505806,88.68571560723441,9.89999993145466,461.23
2010-01-04,6.900000102818012,-0.4428571494562285,-9.80000014603138,91.28571564597743,16.500000059604645,461.94
2010-01-11,-1.600000023841858,-5.04285721800157,-7.400000110268593,90.20000134408474,10.699999988079073,462.35
2010-01-18,5.000000074505806,-2.571428609745843,-7.500000111758709,94.15714426019362,17.200000144541264,461.28
2010-01-25,2.7000000402331352,-2.400000035762787,-6.500000096857548,92.81428709732634,3.3999999165534973,460.98
2010-02-01,0.2000000029802322,-4.6000000685453415,-13.90000020712614,87.31428701536996,15.999999701976776,460.45
2010-02-08,6.800000101327896,-0.3428571479661124,-5.700000084936619,92.55714423635176,16.70000010728836,460.21
2010-02-15,-2.600000038743019,-5.900000087916851,-8.600000128149986,87.42857273135867,9.600000098347664,460.98
2010-02-22,8.900000132620335,-1.2714285903743334,-10.900000162422655,85.0000012665987,7.500000059604645,460.93
2010-03-01,13.500000201165676,4.514285781553814,-2.0000000298023224,75.1000011190772,9.799999989569187,460.68
2010-03-08,4.200000062584877,-3.157142904187952,-12.000000178813934,75.65714398452214,6.300000011920929,467.6
2010-03-15,5.000000074505806,-1.771428597824914,-12.500000186264517,78.24285830876657,12.299999713897703,467.09
2010-03-22,16.800000250339508,6.957142960812364,-3.1000000461936,76.0571439904826,5.800000160932541,466.83
2010-03-29,21.50000032037497,8.442857268665518,-0.2000000029802322,74.97142968858991,10.400000035762789,466.81
2010-04-05,18.6000002771616,5.857142944421087,-4.000000059604645,72.88571537179607,7.700000040233135,464.51
2010-04-12,18.0000002682209,6.057142947401319,-2.7000000402331352,71.50000106543303,1.600000001490116,461.88
2010-04-19,18.6000002771616,7.114285820296833,-1.80000002682209,76.12857256297555,8.299999713897705,461.74
2010-04-26,21.80000032484532,9.042857277606217,-2.7000000402331352,59.25714374014309,1.5000000596046448,461.6
2010-05-03,24.600000366568565,11.985714464315349,2.3000000342726707,75.14285826257297,28.999999821186066,460.68
2010-05-10,16.100000239908695,8.028571548206466,1.3000000193715096,88.12857274178948,26.2000003606081,461.04
2010-05-17,19.000000283122063,8.800000131130219,3.400000050663948,83.50000124424696,21.400000609457493,462.36
2010-05-24,24.300000362098217,10.971428734915596,2.500000037252903,81.87142979140792,9.099999845027924,463.63
2010-05-31,24.8000003695488,13.714285918644496,4.500000067055225,81.12857263748135,35.89999967813492,463.28
2010-06-07,27.80000041425228,14.285714498588018,6.500000096857548,81.37142978395734,16.80000001192093,464.61
2010-06-14,30.200000450015068,18.30000027269125,10.400000154972076,75.4571439815419,10.700000002980232,464.66
2010-06-21,18.80000028014183,12.085714465805465,5.500000081956387,88.38571560276407,25.69999957084656,462.96
2010-06-28,27.10000040382147,16.528571674866335,4.700000070035458,70.00000104308128,0.0,462.58
2010-07-05,30.100000448524952,21.014286027422973,11.500000171363354,69.67142960961375,3.100000061094761,461.76
2010-07-12,32.600000485777855,21.11428602891309,8.900000132620335,62.91428665178163,28.300000190734863,460.91
2010-07-19,32.70000048726797,19.75714315154723,9.500000141561031,75.87142970200095,26.400000244379044,460.28
2010-07-26,31.600000470876694,17.114285969308444,9.100000135600569,79.08571546418327,67.69999837875366,459.95
2010-08-02,28.700000427663326,15.55714308896235,6.800000101327896,83.94285839370319,53.09999976307154,462.88
2010-08-09,23.500000350177288,14.714285933545655,7.700000114738941,85.02857269559588,29.1000005081296,464.7
2010-08-16,25.30000037699937,16.15714309790305,10.80000016093254,83.01428695129496,14.600000023841858,465.1
2010-08-23,29.50000043958425,17.442857402775967,8.50000012665987,78.95714403369597,6.099999904632568,464.16
2010-08-30,28.300000421702865,14.885714507528714,7.700000114738941,80.30000119656324,29.29999943077564,463.03
2010-09-06,18.80000028014183,11.51428588586194,3.6000000536441803,80.31428691106183,1.5000000447034836,461.74
2010-09-13,21.60000032186508,12.285714468785695,5.900000087916851,87.18571558488267,24.099999107420444,461.02
2010-09-20,19.60000029206276,10.328571582479135,1.80000002682209,80.51428691404206,1.2000000476837158,460.66
2010-09-27,23.500000350177288,10.900000162422655,1.0000000149011612,82.0285726508924,13.899999812245367,460.28
2010-10-04,18.6000002771616,9.900000147521496,3.9000000581145287,90.00000134110451,4.699999958276749,459.87
2010-10-11,16.50000024586916,10.44285729846784,2.0000000298023224,83.50000124424696,0.6000000163912772,459.44
2010-10-18,15.000000223517418,5.32857150797333,-0.5000000074505806,87.42857273135867,7.900000050663948,459.14
2010-10-25,12.10000018030405,3.74285719863006,-4.500000067055225,87.72857273582902,18.3999999538064,459.12
2010-11-01,14.600000217556952,5.18571436298745,-3.200000047683716,84.70000126212835,0.0,459.09
2010-11-08,17.30000025779009,8.42857155416693,0.6000000089406967,84.97142983760152,5.9999998807907104,458.92
2010-11-15,17.30000025779009,7.471428682761533,0.4000000059604645,82.72857266132321,23.999999821186066,458.88
2010-11-22,6.500000096857548,2.285714319774083,-1.5000000223517418,93.02857281480516,27.999999813735485,459.98
2010-11-29,3.200000047683716,-1.1142857308898653,-7.200000107288361,89.48571561915534,12.10000003129244,461.8
2010-12-06,1.100000016391277,-5.228571506483214,-13.500000201165676,91.04285849950143,49.89999866485596,461.48
2010-12-13,8.50000012665987,0.1857142884816442,-7.800000116229057,89.11428704219205,27.299999833106995,466.66
2010-12-20,4.500000067055225,-4.957142931010042,-14.900000222027302,87.0285727253982,22.70000012218952,466.73
2010-12-27,3.500000052154064,-2.95714290120772,-16.600000247359276,91.65714422294072,21.899999737739563,466.79
2011-01-03,-0.2000000029802322,-3.485714337655476,-13.100000195205212,90.88571564001695,2.1000000312924385,465.48
2011-01-10,9.3000001385808,-0.685714295932225,-12.800000190734863,92.78571566832916,18.49999985843897,464.94
2011-01-17,9.600000143051147,4.400000065565109,-3.200000047683716,89.12857275669064,30.600000716745853,470.28
2011-01-24,6.200000092387199,-1.8285714558192665,-11.500000171363354,87.32857272986855,4.200000055134296,473.15
2011-01-31,1.5000000223517418,-4.371428636567933,-14.100000210106373,92.2571442318814,6.400000095367432,471.95
2011-02-07,13.500000201165676,0.2142857174788202,-7.400000110268593,83.58571553123849,0.2000000029802322,470.67
2011-02-14,11.800000175833702,3.357142907168184,-2.7000000402331352,88.41428703176123,2.799999997019768,468.79
2011-02-21,3.000000044703484,-0.4428571494562285,-4.500000067055225,91.21428707348448,3.999999895691872,467.11
2011-02-28,6.70000009983778,-0.9571428714053972,-13.500000201165676,79.45714404114655,5.0,465.16
2011-03-07,8.900000132620335,-0.014285714498588,-5.700000084936619,71.47142963643584,0.0,464.03
2011-03-14,14.800000220537186,5.342857222471919,-8.00000011920929,67.9571438697832,0.5,463.07
2011-03-21,16.600000247359276,4.771428642528398,-4.700000070035458,78.60000117123127,6.700000047683716,462.2
2011-03-28,18.30000027269125,6.27142866488014,-4.200000062584877,70.35714390554598,6.099999904632568,461.58
2011-04-04,22.600000336766243,10.128571579498905,-1.100000016391277,75.62857255552497,18.899999976158146,460.95
2011-04-11,23.300000347197056,11.88571446282523,1.5000000223517418,62.60000093281269,1.0,460.63
2011-04-18,16.800000250339508,6.142857234392848,-2.3000000342726707,66.97142956938062,5.600000120699406,460.36
2011-04-25,23.80000035464764,13.057143051709447,0.2000000029802322,56.2714294099382,0.0,460.1
2011-05-02,19.30000028759241,10.471428727465016,1.80000002682209,76.74285828641483,27.699999541044235,459.84
2011-05-09,22.600000336766243,10.142857293997492,-2.7000000402331352,57.77142943228994,0.0,459.56
2011-05-16,24.100000359117985,12.642857331250395,3.700000055134296,69.385715319642,9.500000178813934,459.38
2011-05-23,24.600000366568565,15.085714510508948,3.700000055134296,70.32857247654881,6.899999976158142,459.22
2011-05-30,28.200000420212746,15.085714510508948,5.200000077486038,62.57142950381552,1.199999988079071,459.04
2011-06-06,26.80000039935112,16.271428813891752,8.900000132620335,75.65714398452214,8.499999910593033,458.91
2011-06-13,24.00000035762787,13.814285920134612,5.700000084936619,78.97142974819455,7.200000137090683,458.81
2011-06-20,26.700000397861004,15.242857369993414,7.700000114738941,78.42857259724822,34.099999487400055,458.73
2011-06-27,28.60000042617321,16.971428824322565,8.50000012665987,71.08571534497398,5.899999909102917,458.64
2011-07-04,29.50000043958425,15.471428801970822,5.4000000804662704,70.75714391150645,8.899999715387821,458.59
2011-07-11,27.80000041425228,18.48571456117289,10.000000149011612,75.85714398750237,53.99999952316284,458.53
2011-07-18,27.60000041127205,15.614285946956702,4.90000007301569,75.02857254658427,35.3999999538064,458.63
2011-07-25,22.600000336766243,13.285714483686856,6.900000102818012,81.1857154954757,43.99999989569187,459.0
2011-08-01,24.00000035762787,15.100000225007534,6.200000092387199,77.55714401283434,34.70000038295984,458.94
2011-08-08,26.200000390410423,17.885714552232198,8.600000128149986,79.84285833260843,18.50000038743019,458.83
2011-08-15,27.3000004068017,16.085714525410108,5.4000000804662704,75.60000112652779,14.100000120699406,458.78
2011-08-22,31.80000047385693,20.785714595445565,10.900000162422655,75.5857154120292,4.699999928474426,458.73
2011-08-29,33.5000004991889,18.842857423637597,6.70000009983778,71.57142963792596,12.300000071525574,458.58
2011-09-05,27.3000004068017,16.257143099393165,6.000000089406967,80.04285833558866,25.400000505149364,458.53
2011-09-12,28.10000041872263,16.37142881538187,6.500000096857548,78.65714402922562,5.8999999538064,458.48
2011-09-19,23.600000351667404,13.628571631652967,4.700000070035458,81.24285835347006,22.599999189376828,458.4
2011-09-26,23.300000347197056,12.371428755777222,4.500000067055225,83.14285838178226,0.0,458.44
2011-10-03,23.300000347197056,13.957143065120492,5.700000084936619,80.72857263152089,0.0,458.33
2011-10-10,22.30000033229589,10.414285869470664,2.7000000402331352,83.38571552825826,32.59999966621399,458.22
2011-10-17,19.30000028759241,7.785714401730469,-1.100000016391277,82.04285836539098,0.9999999776482582,458.3
2011-10-24,17.600000262260437,3.714285769632885,-4.500000067055225,87.95714416780642,16.999999955296516,458.21
2011-10-31,13.600000202655792,6.328571522874491,2.0000000298023224,94.21428711818795,0.800000011920929,458.3
2011-11-07,12.500000186264517,6.171428663390024,1.80000002682209,95.90000142902136,0.2000000029802322,457.76
2011-11-14,11.30000016838312,3.157142904187952,-1.700000025331974,95.41428713606936,0.3000000044703483,458.14
2011-11-21,9.500000141561031,0.7000000104308127,-3.200000047683716,93.38571567726989,0.3000000044703483,458.08
2011-11-28,9.900000147521496,0.7142857249294009,-3.500000052154064,94.28571569068092,0.6000000089406966,458.02
2011-12-05,11.800000175833702,4.928571502012866,-1.600000023841858,88.62857274924006,26.20000059902668,458.05
2011-12-12,8.50000012665987,2.9000000432133675,-0.2000000029802322,88.31428703027112,36.70000004768372,458.38
2011-12-19,9.100000135600569,1.7857143123235022,-6.500000096857548,85.87142985101256,20.20000004768372,459.42
2011-12-26,6.200000092387199,1.8285714558192665,-4.500000067055225,91.72857279543366,18.50000012665987,460.14
2012-01-02,10.30000015348196,3.342857192669596,-1.5000000223517418,89.87142991061721,20.80000028759241,461.43
2012-01-09,7.400000110268593,2.542857180748667,-0.4000000059604645,86.5571441469448,44.70000064373016,464.69
2012-01-16,5.500000081956387,-0.4714285784534046,-7.800000116229057,89.64285847863981,2.000000052154064,465.69
2012-01-23,7.700000114738941,0.9714285859039852,-8.600000128149986,86.97142986740384,63.90000081062317,465.12
2012-01-30,2.3000000342726707,-2.1857143182839667,-6.70000009983778,92.62857280884472,7.999999821186066,469.63
2012-02-06,-3.700000055134296,-12.200000181794168,-21.000000312924385,72.38571536434549,0.0,467.8
2012-02-13,-5.500000081956387,-12.257143039788518,-20.500000305473804,81.31428692596299,3.999999955296517,466.0
2012-02-20,6.000000089406967,-0.028571428997176,-6.200000092387199,86.72857272092786,10.800000101327896,464.13
2012-02-27,10.400000154972076,2.1000000312924385,-8.00000011920929,82.82857266281333,3.2999999076128006,463.73
2012-03-05,11.60000017285347,5.200000077486038,-2.600000038743019,91.97142994190963,4.299999974668026,464.75
2012-03-12,10.000000149011612,2.9000000432133675,-4.000000059604645,82.20000122487545,1.80000002682209,464.3
2012-03-19,20.10000029951334,6.228571521384375,-2.500000037252903,75.30000112205744,5.799999810755253,463.2
2012-03-26,17.30000025779009,7.471428682761533,-2.1000000312924385,69.72857246760812,0.0,462.48
2012-04-02,18.80000028014183,7.271428679781301,-4.200000062584877,62.64285807630846,0.2000000029802322,461.71
2012-04-09,16.800000250339508,5.371428651469095,-3.200000047683716,81.4285726419517,13.399999842047691,461.13
2012-04-16,18.80000028014183,6.70000009983778,0.2000000029802322,76.07142970498118,5.90000019222498,460.43
2012-04-23,14.900000222027302,5.842857229922499,-2.200000032782554,74.78571540010827,15.80000026524067,460.03
2012-04-30,29.50000043958425,13.642857346151557,2.600000038743019,63.5428580897195,5.199999809265137,459.73
2012-05-07,23.000000342726707,12.500000186264517,4.200000062584877,73.98571538818734,18.90000009536743,459.5
2012-05-14,29.300000436604023,13.25714305468968,-0.9000000134110451,67.8428581537945,7.800000071525574,459.31
2012-05-21,25.80000038444996,11.557143029357706,-0.5000000074505806,70.48571533603328,11.699999809265137,459.2
2012-05-28,25.80000038444996,16.442857387874806,6.70000009983778,62.84285807928869,2.1999999061226845,459.0
2012-06-04,24.300000362098217,15.357143085982118,9.100000135600569,74.70000111311674,20.99999988079071,458.8
2012-06-11,23.100000344216824,13.414285914174148,5.500000081956387,78.17142973627362,29.999999567866325,458.78
2012-06-18,30.300000451505184,16.64285739085504,7.000000104308128,73.50000109523535,19.400000289082527,458.77
2012-06-25,27.3000004068017,17.857143123235023,8.400000125169754,73.88571538669723,15.899999856948853,458.64
2012-07-02,31.10000046342612,19.071428855615004,7.500000111758709,76.40000113844872,40.89999949932098,458.65
2012-07-09,28.00000041723252,18.414285988679957,11.60000017285347,79.41428689765078,51.99999962002039,458.66
2012-07-16,25.100000374019142,15.314285942486354,9.00000013411045,74.37142967964921,9.499999940395355,458.67
2012-07-23,26.30000039190054,15.314285942486354,5.700000084936619,72.7285725123116,7.400000095367432,458.68
2012-07-30,32.20000047981739,19.500000290572643,7.400000110268593,71.35714392044714,3.2999999597668648,458.8
2012-08-06,30.100000448524952,18.92857171062912,9.400000140070915,75.1000011190772,33.80000014603138,458.66
2012-08-13,24.100000359117985,15.657143090452466,7.500000111758709,70.8142867695008,0.0,458.72
2012-08-20,33.70000050216913,19.81428600954158,9.500000141561031,69.0142867426787,13.399999916553496,458.55
2012-08-27,30.800000458955765,18.685714564153127,8.300000123679638,75.87142970200095,19.00000023841858,458.5
2012-09-03,26.50000039488077,15.485714516469413,7.900000117719173,83.04285838029215,18.20000002533197,458.41
2012-09-10,27.700000412762165,15.985714523919992,4.500000067055225,73.61428681122405,0.1000000014901161,458.34
2012-09-17,27.000000402331352,11.771428746836524,0.9000000134110451,79.57142975713525,8.399999916553497,458.24
2012-09-24,23.80000035464764,11.51428588586194,1.100000016391277,80.64285834452936,14.599999845027924,458.18
2012-10-01,21.80000032484532,10.94285730591842,3.700000055134296,85.52857270304646,18.800000071525574,458.1
2012-10-08,20.80000030994416,10.814285875431128,-0.2000000029802322,84.24285839817354,17.800000071525574,458.17
2012-10-15,15.400000229477882,8.400000125169754,1.100000016391277,88.78571560872453,9.899999909102917,458.18
2012-10-22,18.80000028014183,8.900000132620335,1.80000002682209,88.54285846224853,0.3000000044703483,458.16
2012-10-29,13.90000020712614,3.985714345106057,-4.000000059604645,90.9571442125099,15.799999713897703,458.17
2012-11-05,15.800000235438349,5.742857228432383,-3.200000047683716,85.17142984058175,48.20000004768372,458.18
2012-11-12,9.500000141561031,5.18571436298745,-0.4000000059604645,90.75714420952968,24.600000008940697,459.7
2012-11-19,6.900000102818012,3.071428617196424,0.0,93.87142997022184,0.3000000044703483,460.65
2012-11-26,12.800000190734863,3.957142916108881,-0.9000000134110451,94.7714299836329,1.7000000178813934,460.1
2012-12-03,7.500000111758709,0.1857142884816442,-8.00000011920929,93.12857281629528,32.000000052154064,459.91
2012-12-10,3.400000050663948,-3.214285762182304,-14.40000021457672,90.81428706752402,21.09999990463257,460.33
2012-12-17,5.500000081956387,-2.8142857562218397,-18.30000027269125,91.17142992998872,25.99999952316284,461.2
2012-12-24,12.500000186264517,3.300000049173832,-1.3000000193715096,90.98571564150708,24.70000059902668,463.05
2012-12-31,14.100000210106373,4.414285780063698,-1.600000023841858,82.44285837135145,24.800000458955765,468.27
2013-01-07,7.300000108778477,3.271428620176656,-3.6000000536441803,91.15714421549012,11.500000074505806,470.0
2013-01-14,5.000000074505806,-0.6142857234392848,-4.700000070035458,90.3857156325664,3.999999910593033,468.34
2013-01-21,-0.5000000074505806,-4.485714352556637,-7.800000116229057,91.45714421996048,11.099999822676182,466.6
2013-01-28,4.500000067055225,-2.4285714647599628,-11.500000171363354,88.77142989422593,0.5000000074505805,465.0
2013-02-04,12.000000178813934,3.614285768142768,-3.000000044703484,86.82857272241797,58.60000079870224,464.38
2013-02-11,5.700000084936619,-3.685714340635709,-15.600000232458116,91.38571564746756,16.19999986886978,470.23
2013-02-18,2.500000037252903,-2.6857143257345477,-11.500000171363354,89.58571562064546,6.200000122189522,470.8
2013-02-25,1.0000000149011612,-4.014285774103233,-7.900000117719173,84.55714411714247,1.700000025331974,469.34
2013-03-04,5.700000084936619,-0.7142857249294009,-7.700000114738941,90.20000134408474,7.400000192224979,466.22
2013-03-11,15.300000227987766,5.614285797945091,-4.700000070035458,82.22857265387263,13.100000239908695,466.55
2013-03-18,5.500000081956387,-0.9142857279096333,-8.600000128149986,81.1714297809771,18.59999967366457,467.06
2013-03-25,8.800000131130219,0.5000000074505806,-4.500000067055225,80.25714405306748,9.000000193715096,467.32
2013-04-01,5.000000074505806,-1.3428571628672736,-9.500000141561031,84.61428697513682,8.600000083446503,466.99
2013-04-08,7.300000108778477,1.2714285903743334,-3.400000050663948,79.14285832217762,1.2999999523162842,466.23
2013-04-15,23.300000347197056,9.428571569068092,2.600000038743019,74.21428682016474,17.299999594688416,465.47
2013-04-22,23.600000351667404,11.042857307408536,3.700000055134296,79.60000118613243,31.50000087171793,464.78
2013-04-29,23.100000344216824,10.928571591419834,3.9000000581145287,78.62857260022845,4.300000086426735,465.65
2013-05-06,19.60000029206276,11.542857314859118,2.600000038743019,84.80000126361847,5.399999976158142,465.09
2013-05-13,22.30000033229589,11.700000174343586,4.200000062584877,82.31428694086415,19.79999954998493,464.15
2013-05-20,23.100000344216824,12.471428757267338,4.500000067055225,77.31428686635834,5.500000193715096,463.35
2013-05-27,14.500000216066836,7.1000001057982445,0.0,83.11428695278508,14.299999944865704,462.43
2013-06-03,20.10000029951334,9.15714299359492,1.3000000193715096,88.01428702580077,62.50000166893005,462.98
2013-06-10,24.8000003695488,14.742857362542834,4.700000070035458,78.71428688721997,39.80000114440918,464.34
2013-06-17,31.80000047385693,17.271428828792914,8.400000125169754,75.28571540755885,14.299999952316284,465.66
2013-06-24,32.70000048726797,19.02857171211924,8.100000120699406,73.65714395471981,3.600000098347664,466.11
2013-07-01,23.500000350177288,11.95714303531817,5.200000077486038,79.84285833260843,9.000000238418579,464.59
2013-07-08,26.200000390410423,18.15714312770537,9.500000141561031,77.18571543587106,7.000000096857548,463.19
2013-07-15,26.100000388920307,17.185714541801385,6.000000089406967,67.05714385637215,0.0,461.96
2013-07-22,30.300000451505184,20.35714316048793,7.300000108778477,59.67142946060215,0.0,461.0
2013-07-29,34.30000051110983,20.828571738941328,12.000000178813934,74.55714396813086,30.100000500679016,460.69
2013-08-05,34.20000050961971,21.11428602891309,11.10000016540289,70.04285818657705,27.099999666213996,460.3
2013-08-12,31.70000047236681,18.17142884220396,10.500000156462193,79.62857261512961,36.49999982118607,459.98
2013-08-19,27.80000041425228,16.64285739085504,6.500000096857548,72.20000107586384,13.5,459.73
2013-08-26,23.500000350177288,14.271428784089428,5.900000087916851,82.88571552080768,45.69999962300062,459.52
2013-09-02,23.100000344216824,14.642857361052718,7.400000110268593,77.21428686486823,2.3000000715255737,459.53
2013-09-09,27.500000409781933,17.21428597079856,8.50000012665987,74.90000111609697,11.499999620020388,459.42
2013-09-16,17.50000026077032,11.128571594400066,5.500000081956387,91.0857156429972,32.200000166893005,459.18
2013-09-23,19.30000028759241,10.928571591419834,3.6000000536441803,84.97142983760152,24.80000038444996,459.8
2013-09-30,21.300000317394733,12.17142875279699,6.000000089406967,85.01428698109729,1.600000023841858,459.63
2013-10-07,14.100000210106373,8.64285727164575,-0.5000000074505806,86.57142986144338,17.0000007674098,459.21
2013-10-14,14.300000213086603,7.1000001057982445,-0.2000000029802322,91.88571565491812,15.700000390410423,459.14
2013-10-21,17.80000026524067,10.15714300849608,3.400000050663948,88.97142989720616,22.70000097155571,459.46
2013-10-28,20.60000030696392,11.928571606320997,5.200000077486038,87.72857273582902,20.69999981671572,459.69
2013-11-04,16.00000023841858,6.957142960812364,-1.3000000193715096,87.58571559084314,18.000000149011612,459.94
2013-11-11,15.300000227987766,7.05714296230248,-0.800000011920929,86.48571557445186,39.199999928474426,461.53
2013-11-18,5.000000074505806,2.7000000402331352,-1.80000002682209,93.67142996724162,2.000000014901161,463.33
2013-11-25,4.500000067055225,1.8857143138136183,-4.700000070035458,92.64285852334328,12.700000159442425,462.97
2013-12-02,4.500000067055225,-1.1285714453884534,-9.00000013411045,92.20000137388706,4.999999910593033,461.96
2013-12-09,7.200000107288361,1.1285714453884534,-3.500000052154064,85.7285727060267,3.8999999910593033,461.67
2013-12-16,8.00000011920929,0.4428571494562285,-4.200000062584877,94.22857283268657,1.30000002682209,460.8
2013-12-23,10.000000149011612,1.100000016391277,-5.200000077486038,93.52857282225575,5.3999998569488525,460.29
2013-12-30,7.700000114738941,2.0142857443009103,-3.700000055134296,91.5571442214506,10.600000195205212,460.36
2014-01-06,6.70000009983778,1.1285714453884532,-3.700000055134296,95.0285728446075,11.00000001490116,460.6
2014-01-13,12.4000001847744,3.5857143391455923,-4.000000059604645,90.01428705560309,7.099999859929085,460.8
2014-01-20,6.000000089406967,2.1857143182839667,-1.100000016391277,94.9000014141202,11.599999576807022,461.19
2014-01-27,4.000000059604645,1.4000000208616257,-3.400000050663948,92.65714423784188,23.80000052601099,461.92
2014-02-03,3.500000052154064,-1.3142857338700975,-6.500000096857548,95.00000141561031,2.800000049173832,462.13
2014-02-10,11.000000163912771,2.3285714632698467,-3.6000000536441803,84.25714411267212,0.6000000089406966,462.23
2014-02-17,12.600000187754633,3.24285719117948,-4.500000067055225,80.74285834601947,4.499999940395355,462.48
2014-02-24,9.80000014603138,2.842857185219015,-4.200000062584877,85.80000127851963,5.100000001490116,461.81
2014-03-03,11.900000177323818,3.5571429101484164,-4.000000059604645,84.400001257658,8.100000143051147,460.95
2014-03-10,14.600000217556952,4.771428642528398,-2.500000037252903,76.70000114291906,0.0,460.58
2014-03-17,17.600000262260437,7.185714392789772,-2.1000000312924385,66.20000098645687,1.2000000476837158,460.19
2014-03-24,19.80000029504299,7.442857253764357,-1.700000025331974,71.14285820296833,3.700000047683716,459.86
2014-03-31,19.30000028759241,6.300000093877316,-3.500000052154064,71.00000105798244,0.8999999761581421,459.46
2014-04-07,21.1000003144145,11.728571603340765,1.700000025331974,69.3714296051434,1.5,459.34
2014-04-14,18.0000002682209,9.271428709583622,1.100000016391277,68.44285816273519,3.4000001102685933,459.08
2014-04-21,16.300000242888927,6.042857232902732,-2.7000000402331352,75.00000111758709,3.7000000178813934,458.96
2014-04-28,21.60000032186508,11.985714464315349,3.400000050663948,76.94285828939506,24.200000301003456,458.78
2014-05-05,17.80000026524067,9.51428585605962,-0.2000000029802322,81.1857154954757,4.0000001192092896,458.91
2014-05-12,21.000000312924385,11.95714303531817,2.500000037252903,73.75714395620993,18.100000143051147,458.91
2014-05-19,23.500000350177288,10.342857296977725,3.9000000581145287,72.68571536881583,3.100000023841858,458.78
2014-05-26,28.80000042915344,15.900000236928465,6.200000092387199,69.24285817465612,5.800000049173832,458.68
2014-06-02,19.500000290572643,11.571428743856291,0.5000000074505806,78.14285830727646,4.400000110268593,458.57
2014-06-09,33.70000050216913,17.80000026524067,4.400000065565109,63.45714380272797,10.600000381469728,458.5
2014-06-16,32.00000047683716,18.328571701688425,5.900000087916851,64.48571524662631,4.599999904632568,458.41
2014-06-23,25.30000037699937,15.185714511999064,5.000000074505806,65.22857240055289,1.5000000298023224,458.38
2014-06-30,26.50000039488077,15.34285737148353,3.1000000461936,70.18571533156293,27.29999935626984,458.3
2014-07-07,30.00000044703484,17.814285979739257,7.500000111758709,71.62857249592032,5.900000035762787,458.25
2014-07-14,22.600000336766243,15.000000223517418,10.000000149011612,86.84285843691656,43.89999905228615,458.26
2014-07-21,32.20000047981739,20.371428874986517,10.900000162422655,67.57142957832131,58.69999980926514,458.43
2014-07-28,26.600000396370888,18.87142885263477,10.80000016093254,79.00000117719173,14.099999904632568,458.6
2014-08-04,25.100000374019142,18.328571701688425,10.600000157952309,83.37142981375966,31.500000335276127,458.76
2014-08-11,28.300000421702865,18.271428843694075,9.600000143051147,78.54285831323692,23.099999643862247,458.78
2014-08-18,21.60000032186508,13.814285920134612,8.600000128149986,82.15714408137968,14.900000095367432,458.55
2014-08-25,20.30000030249357,12.914285906723569,3.6000000536441803,74.88571540159839,10.499999798834324,458.47
2014-09-01,22.500000335276127,14.47142878706966,8.100000120699406,87.75714416482619,67.00000041723251,459.5
2014-09-08,25.30000037699937,16.12857166890587,10.100000150501728,86.72857272092786,3.500000014901161,460.95
2014-09-15,22.30000033229589,13.75714306214026,8.800000131130219,88.51428703325135,33.79999981075525,460.3
2014-09-22,24.00000035762787,13.68571448964732,4.700000070035458,92.028572799904,27.299999192357063,460.09
2014-09-29,23.000000342726707,10.785714446433952,1.0000000149011612,87.6142870198403,5.500000201165676,461.13
2014-10-06,19.80000029504299,11.87142874832664,5.200000077486038,93.52857282225575,1.0999999940395355,460.68
2014-10-13,24.8000003695488,14.12857163910355,8.600000128149986,90.50000134855507,22.20000021904707,460.42
2014-10-20,21.300000317394733,12.928571621222156,6.000000089406967,90.97142992700849,32.200000770390034,462.33
2014-10-27,16.800000250339508,7.171428678291185,1.5000000223517418,91.22857278798308,23.400000289082527,464.28
2014-11-03,17.100000254809856,7.771428687231881,1.80000002682209,92.5285728073546,3.1000000983476643,464.05
2014-11-10,12.600000187754633,5.614285797945091,0.4000000059604645,94.12857283119644,10.199999816715716,462.7
2014-11-17,9.80000014603138,6.214285806885788,0.2000000029802322,96.90000144392252,3.5000001117587094,461.89
2014-11-24,10.400000154972076,4.400000065565109,0.6000000089406967,96.5857157249536,4.700000010430813,461.17
2014-12-01,6.500000096857548,2.057142887796674,-0.1000000014901161,97.68571574134486,1.100000001490116,460.46
2014-12-08,3.200000047683716,1.58571430934327,-0.9000000134110451,96.75714429893664,2.900000035762787,460.1
2014-12-15,9.600000143051147,4.057142917598997,-2.500000037252903,85.7285727060267,3.6000000163912773,459.63
2014-12-22,10.500000156462193,4.97142864550863,-0.2000000029802322,87.35714415886572,17.200000323355198,459.38
2014-12-29,10.000000149011612,-0.828571440918105,-15.600000232458116,86.6714298629335,24.799999713897705,459.98
2015-01-05,7.300000108778477,-0.6428571524364608,-6.000000089406967,92.21428708838565,31.70000095665455,461.87
2015-01-12,14.300000213086603,3.071428617196424,-8.00000011920929,83.47142981524978,17.90000019222498,463.93
2015-01-19,10.400000154972076,1.8857143138136183,-2.3000000342726707,85.50000127404928,12.699999883770944,467.5
2015-01-26,1.100000016391277,-0.5857142944421087,-2.1000000312924385,92.514287092856,7.800000064074993,467.01
2015-02-02,1.80000002682209,-0.842857155416693,-10.500000156462193,91.18571564448732,22.600000143051147,466.22
2015-02-09,0.5000000074505806,-5.385714365967682,-15.600000232458116,85.4714298450521,2.0999999940395355,465.1
2015-02-16,3.400000050663948,-1.87142859931503,-5.4000000804662704,95.44285856506654,0.0,463.9
2015-02-23,9.00000013411045,-0.942857156906809,-7.800000116229057,90.81428706752402,6.100000143051148,462.98
2015-03-02,7.200000107288361,1.3000000193715096,-5.700000084936619,87.64285844883749,13.899999722838402,462.68
2015-03-09,13.90000020712614,2.7000000402331352,-4.200000062584877,74.31428682165486,0.4000000059604644,464.77
2015-03-16,14.100000210106373,3.371428621666772,-4.000000059604645,75.50000112503767,2.5,464.6
2015-03-23,16.100000239908695,5.271428649978978,-3.700000055134296,72.62857251082148,0.0,463.93
2015-03-30,16.300000242888927,6.371428666370256,-3.500000052154064,76.58571542693036,27.200000002980232,462.77
2015-04-06,12.500000186264517,3.285714334675244,-3.700000055134296,75.78571541500943,28.29999947547913,462.45
2015-04-13,21.1000003144145,8.485714412161283,-4.700000070035458,68.24285815975496,0.0,465.13
2015-04-20,23.600000351667404,10.028571578008789,-1.700000025331974,60.97142947997366,0.7000000178813934,464.82
2015-04-27,20.80000030994416,10.30000015348196,-2.3000000342726707,68.0714295857719,23.900000751018524,463.37
2015-05-04,20.10000029951334,10.000000149011612,-1.0000000149011612,85.51428698854787,44.89999933540821,462.69
2015-05-11,22.600000336766243,13.857143063630376,4.700000070035458,74.74285825661251,27.19999963045121,464.45
2015-05-18,27.000000402331352,14.600000217556952,5.700000084936619,73.61428681122405,16.2999999076128,466.59
2015-05-25,19.000000283122063,11.128571594400066,2.200000032782554,75.8285725585052,8.399999856948853,465.51
2015-06-01,23.300000347197056,12.771428761737686,2.200000032782554,74.25714396366051,9.000000193715096,464.02
2015-06-08,31.20000046491623,19.328571716589583,10.30000015348196,72.58571536732572,27.40000033378601,462.86
2015-06-15,28.300000421702865,16.742857392345154,10.400000154972076,82.72857266132321,3.0999999567866325,461.96
2015-06-22,20.30000030249357,13.04285733721086,8.00000011920929,80.61428691553218,25.2999999076128,461.1
2015-06-29,25.600000381469727,15.500000230968,5.900000087916851,75.47142969604049,7.899999812245369,460.53
2015-07-06,34.60000051558018,23.314286061695643,11.500000171363354,67.28571528834956,0.5,460.17
2015-07-13,33.70000050216913,18.42857170317854,6.000000089406967,64.77142953659806,7.5000001192092896,459.71
2015-07-20,33.600000500679016,21.785714610346727,12.4000001847744,66.20000098645687,0.7999999895691872,459.45
2015-07-27,34.70000051707029,19.74285743704864,6.800000101327896,68.92857245568719,19.600000396370888,459.22
2015-08-03,30.00000044703484,16.185714526900224,5.000000074505806,68.67142959471259,2.899999976158142,459.02
2015-08-10,35.700000531971455,23.41428606318576,11.800000175833702,63.500000946223736,0.3000000119209289,458.81
2015-08-17,34.20000050961971,20.10000029951334,10.500000156462193,74.72857254211392,33.29999981075525,458.78
2015-08-24,25.100000374019142,15.242857369993414,7.700000114738941,80.9428583489997,9.200000025331974,458.7
2015-08-31,33.30000049620867,20.128571728510515,6.400000095367432,66.95714385488203,0.1000000014901161,458.54
2015-09-07,28.80000042915344,13.171428767698153,5.000000074505806,76.0571439904826,5.30000014603138,458.51
2015-09-14,25.50000037997961,13.271428769188269,2.7000000402331352,73.52857252423253,4.900000050663948,458.42
2015-09-21,21.300000317394733,12.300000183284284,2.500000037252903,83.35714409926108,6.60000005364418,458.33
2015-09-28,17.100000254809856,10.714285873941012,2.7000000402331352,78.25714402326516,3.399999976158142,458.26
2015-10-05,21.000000312924385,9.957143005515848,2.600000038743019,71.85714392789772,7.700000166893005,458.21
2015-10-12,20.60000030696392,10.142857293997492,-0.2000000029802322,87.77142987932477,12.600000098347664,458.14
2015-10-19,7.800000116229057,4.814285786024162,2.7000000402331352,92.2857156608786,12.299999877810478,458.09
2015-10-26,16.600000247359276,7.542857255254473,0.5000000074505806,90.34285848907062,0.3000000044703483,458.05
2015-11-02,10.30000015348196,5.900000087916851,-0.800000011920929,95.77142999853406,0.9000000208616256,457.99
2015-11-09,17.80000026524067,9.357142996575153,-1.3000000193715096,86.21428699897868,1.100000001490116,457.98
2015-11-16,18.50000027567148,8.342857267175402,-0.800000011920929,76.37142970945153,1.600000023841858,457.92
2015-11-23,15.000000223517418,5.957142945911203,-3.500000052154064,83.04285838029215,54.80000042915344,457.89
2015-11-30,9.100000135600569,1.3857143063630375,-6.200000092387199,91.38571564746756,21.000000409781933,458.09
2015-12-07,12.10000018030405,4.757142928029809,-1.5000000223517418,91.785715653428,3.200000002980232,458.28
2015-12-14,8.50000012665987,1.542857165847506,-3.700000055134296,93.04285852930376,4.699999988079071,458.2
2015-12-21,12.000000178813934,4.285714349576405,-2.0000000298023224,96.085715717503,7.6999999061226845,458.05
2015-12-28,12.500000186264517,4.700000070035458,-3.6000000536441803,86.21428699897868,0.2000000029802322,458.01
2016-01-04,4.500000067055225,0.800000011920929,-4.000000059604645,97.58571573985476,26.699999906122684,458.11
2016-01-11,6.000000089406967,3.142857189689364,-1.100000016391277,93.30000139027834,29.09999952465296,459.13
2016-01-18,5.000000074505806,-1.4857143078531538,-14.600000217556952,89.5428584771497,18.300000190734863,460.31
