Date,TASMAX,TAS,TASMIN,Humidity,Precipitation,GWL
1988-02-15,5.4000000804662704,0.3714285769632884,-5.700000084936619,79.57142975713525,11.500000074505806,385.53
1988-02-22,4.90000007301569,-0.0142857144985879,-7.900000117719173,83.71428696172578,19.199999906122684,385.57
1988-02-29,2.3000000342726707,-1.5714285948446816,-4.200000062584877,90.1285727715918,25.20000004768372,385.37
1988-03-07,2.600000038743019,-1.757142883326326,-8.300000123679638,85.4857155595507,19.69999945908785,385.26
1988-03-14,2.7000000402331352,-0.8714285844138691,-10.000000149011612,87.10000129789114,52.69999969005585,385.31
1988-03-21,11.30000016838312,3.5571429101484164,-5.700000084936619,82.64285837433168,19.200000390410423,390.55
1988-03-28,7.500000111758709,3.685714340635709,0.2000000029802322,88.97142989720616,61.79999989271164,399.56
1988-04-04,12.500000186264517,4.800000071525574,-1.700000025331974,78.3285725957581,6.3999998569488525,397.39
1988-04-11,17.80000026524067,7.371428681271417,-2.200000032782554,77.0285725763866,10.199999809265137,395.75
1988-04-18,19.30000028759241,8.828571560127395,-2.500000037252903,62.24285807034799,2.3000000044703484,394.82
1988-04-25,21.000000312924385,8.914285847118922,-2.3000000342726707,61.1571437684553,4.599999904632568,394.07
1988-05-02,20.80000030994416,11.30000016838312,1.100000016391277,65.75714383700064,8.199999809265137,393.35
1988-05-09,23.100000344216824,13.800000205636024,4.500000067055225,66.68571527940887,3.899999976158142,392.73
1988-05-16,23.300000347197056,15.828571664435524,6.400000095367432,54.02857223365988,2.0,392.51
1988-05-23,19.30000028759241,11.342857311878886,2.3000000342726707,75.20000112056732,7.699999928474426,391.94
1988-05-30,25.100000374019142,16.014285952917167,5.000000074505806,67.67142957981143,16.00000023841858,391.66
1988-06-06,22.000000327825543,12.0428573223097,8.300000123679638,84.157144111182,51.50000035762787,391.25
1988-06-13,22.30000033229589,14.62857164655413,8.50000012665987,76.21428684996707,3.500000014901161,390.9
1988-06-20,24.100000359117985,16.242857384894574,7.300000108778477,60.91428662197931,0.0,390.47
1988-06-27,22.600000336766243,14.314285927585193,7.700000114738941,76.50000113993883,9.20000011473894,390.08
1988-07-04,26.30000039190054,16.85714310833386,9.400000140070915,75.27142969306026,16.0000002682209,389.65
1988-07-11,31.20000046491623,17.757143121744907,10.600000157952309,70.01428675757987,27.69999986886978,390.08
1988-07-18,24.50000036507845,14.671428790049893,9.900000147521496,77.87142973180327,20.8000003695488,388.86
1988-07-25,31.500000469386578,19.88571458203452,9.500000141561031,67.87142958279166,5.299999907612801,388.61
1988-08-01,29.50000043958425,17.557143118764674,9.100000135600569,68.58571530772107,24.89999938011169,388.35
1988-08-08,27.60000041127205,16.700000248849392,7.900000117719173,72.20000107586384,18.399999618530277,388.1
1988-08-15,29.50000043958425,20.371428874986517,12.800000190734863,71.91428678589207,13.49999962002039,387.81
1988-08-22,28.50000042468309,16.5714288183621,9.3000001385808,76.28571542246002,56.399999380111694,387.88
1988-08-29,23.600000351667404,13.97142877961908,7.000000104308128,82.75714409032038,19.899999618530277,387.53
1988-09-05,25.100000374019142,14.300000213086603,7.500000111758709,81.9000012204051,45.40000033378601,387.54
1988-09-12,22.30000033229589,13.4714287721685,6.500000096857548,76.20000113546848,0.0,387.15
1988-09-19,15.800000235438349,10.457143012966428,5.4000000804662704,81.20000120997429,4.100000061094761,386.97
1988-09-26,20.80000030994416,12.68571447474616,8.100000120699406,78.14285830727646,1.300000049173832,386.71
1988-10-03,23.80000035464764,11.942857320819584,7.000000104308128,79.78571547461408,5.600000023841858,386.54
1988-10-10,16.800000250339508,9.528571570558208,3.700000055134296,82.67142980332885,32.200000286102295,386.38
1988-10-17,19.60000029206276,12.114285894802638,8.50000012665987,87.971429882305,4.799999922513962,386.21
1988-10-24,19.30000028759241,10.185714437493257,5.200000077486038,88.2285727432796,7.299999907612801,385.98
1988-10-31,13.90000020712614,5.357142936970506,-3.200000047683716,81.44285835645029,9.399999916553496,385.75
1988-11-07,8.50000012665987,0.2428571464759963,-6.70000009983778,78.95714403369597,1.7000000476837158,385.41
1988-11-14,7.900000117719173,2.1428571747882024,-2.600000038743019,84.7571441201227,4.300000049173832,385.3
1988-11-21,7.500000111758709,2.657142896737372,-5.700000084936619,89.3000013306737,12.50000011920929,385.15
1988-11-28,1.80000002682209,-1.8428571703178545,-10.000000149011612,91.57142993594918,8.29999976605177,384.96
1988-12-05,7.800000116229057,2.600000038743019,-1.3000000193715096,89.70000133663416,63.80000019073487,384.91
1988-12-12,6.900000102818012,1.771428597824914,-2.500000037252903,91.81428708242518,36.50000059604645,384.72
1988-12-19,3.400000050663948,-1.614285738340446,-9.500000141561031,88.12857274178948,20.10000026226044,384.65
1988-12-26,8.00000011920929,2.8285714707204277,-3.9000000581145287,89.85714419611863,13.899999991059303,384.62
1989-01-02,6.200000092387199,2.1285714602896144,-1.100000016391277,91.3285727894732,0.6000000089406967,387.38
1989-01-09,6.200000092387199,1.1428571598870414,-4.500000067055225,92.78571566832916,28.79999966919422,388.44
1989-01-16,7.400000110268593,1.8571428848164424,-3.000000044703484,89.52857276265111,3.800000034272671,387.91
1989-01-23,2.7000000402331352,-0.6428571524364608,-3.1000000461936,92.88571566981928,0.1000000014901161,387.55
1989-01-30,-0.4000000059604645,-3.257142905678068,-5.200000077486038,92.0428585144026,0.3000000044703483,387.17
1989-02-06,8.100000120699406,-1.3571428773658616,-5.200000077486038,91.4428585054619,1.0000000149011612,387.05
1989-02-13,6.000000089406967,-0.028571428997176,-3.400000050663948,91.11428707199435,8.299999952316284,386.9
1989-02-20,10.900000162422655,3.800000056624413,-1.80000002682209,82.58571551633733,21.90000043809414,387.06
1989-02-27,8.50000012665987,3.185714333185128,-1.3000000193715096,88.27142988677535,7.400000005960464,386.55
1989-03-06,14.600000217556952,4.61428578304393,0.2000000029802322,80.2428583385689,12.60000029951334,386.86
1989-03-13,16.100000239908695,5.871428658919675,-1.3000000193715096,76.27142970796142,2.300000011920929,386.72
1989-03-20,12.600000187754633,4.90000007301569,-2.3000000342726707,82.91428694980485,8.09999980032444,386.65
1989-03-27,17.100000254809856,5.771428657429559,-2.200000032782554,74.28571539265769,7.900000132620335,386.55
1989-04-03,22.30000033229589,8.900000132620335,0.2000000029802322,78.2000011652708,16.499999620020386,386.55
1989-04-10,14.40000021457672,7.171428678291185,1.700000025331974,78.30000116676092,9.800000190734863,386.44
1989-04-17,22.30000033229589,8.971428705113274,3.700000055134296,82.0142869363938,36.000000670552254,387.35
1989-04-24,16.800000250339508,6.542857240353312,-0.4000000059604645,76.91428686039788,24.599999994039536,387.22
1989-05-01,21.80000032484532,6.200000092387199,0.1000000014901161,79.30000118166208,16.50000038743019,387.21
1989-05-08,21.1000003144145,10.785714446433952,0.5000000074505806,63.300000943243504,0.0,387.15
1989-05-15,21.000000312924385,11.428571598870414,2.600000038743019,79.1571440366762,26.400000244379044,387.12
1989-05-22,23.300000347197056,15.514285945466586,5.200000077486038,61.17142948295389,0.6000000238418579,387.1
1989-05-29,24.8000003695488,16.742857392345154,7.400000110268593,53.55714365520648,8.5,387.08
1989-06-05,20.500000305473804,10.88571444792407,4.400000065565109,84.25714411267212,35.80000042915344,387.06
1989-06-12,23.500000350177288,12.785714476236276,4.200000062584877,70.84285819849798,6.799999952316284,386.85
1989-06-19,23.300000347197056,15.385714514979297,6.900000102818012,62.000000923872,2.0999999046325684,386.7
1989-06-26,26.600000396370888,16.5714288183621,10.500000156462193,79.35714403965643,52.00000023841858,386.78
1989-07-03,26.30000039190054,15.314285942486354,6.500000096857548,81.58571550143617,33.80000028759241,386.83
1989-07-10,27.700000412762165,20.328571731490747,12.90000019222498,75.17142969157014,23.700000263750557,386.64
1989-07-17,23.100000344216824,15.800000235438349,8.600000128149986,68.65714388021401,14.800000071525574,386.48
1989-07-24,27.80000041425228,18.02857169721808,6.500000096857548,67.7142867233072,12.399999916553496,386.25
1989-07-31,25.30000037699937,16.62857167635645,9.500000141561031,79.2714297526649,43.10000026226044,386.21
1989-08-07,25.30000037699937,14.228571640593666,7.500000111758709,81.32857264046159,13.499999858438969,386.08
1989-08-14,26.50000039488077,18.08571455521243,10.600000157952309,77.52857258383717,8.99999988079071,385.95
1989-08-21,31.500000469386578,20.157143157507694,11.400000169873238,72.471429651337,3.299999922513962,385.79
1989-08-28,29.800000444054604,16.185714526900224,8.00000011920929,76.48571542544025,46.59999924898148,385.71
1989-09-04,22.100000329315662,11.257143024887355,3.700000055134296,81.92857264940228,25.70000004768372,385.58
1989-09-11,22.000000327825543,12.957143050219331,5.700000084936619,76.4142868529473,0.0,385.4
1989-09-18,25.700000382959843,14.500000216066836,9.600000143051147,84.68571554762977,19.20000008493662,385.25
1989-09-25,25.30000037699937,15.728571662945408,10.400000154972076,85.88571556551116,1.3999999910593033,386.18
1989-10-02,14.600000217556952,9.628571572048324,2.3000000342726707,86.38571557296174,19.39999992400408,386.09
1989-10-09,15.800000235438349,6.828571530325072,-0.800000011920929,85.01428698109729,21.400000125169758,385.27
1989-10-16,14.40000021457672,6.8142858158264845,-0.2000000029802322,87.32857272986855,5.600000098347664,384.8
1989-10-23,20.60000030696392,9.357142996575153,0.1000000014901161,83.17142981077943,0.3000000119209289,384.72
1989-10-30,20.60000030696392,11.314285882881707,5.000000074505806,82.05714407988957,16.799999952316284,384.53
1989-11-06,15.000000223517418,7.671428685741765,2.500000037252903,91.01428707050424,42.99999928474426,384.65
1989-11-13,8.900000132620335,1.0000000149011612,-2.7000000402331352,93.02857281480516,6.199999861419201,384.51
1989-11-20,6.200000092387199,-0.7000000104308128,-5.000000074505806,80.72857263152089,0.0,384.47
1989-11-27,6.500000096857548,-1.8428571703178545,-11.500000171363354,82.81428694831473,5.100000023841858,384.36
1989-12-04,5.200000077486038,-2.728571469230311,-9.3000001385808,75.52857255403485,0.0,384.25
1989-12-11,1.600000023841858,-3.5571429101484164,-11.400000169873238,89.44285847565958,0.5000000074505806,384.38
1989-12-18,14.300000213086603,5.671428655939443,-5.700000084936619,84.37142982866082,44.30000030994415,384.55
1989-12-25,11.900000177323818,4.928571502012866,-0.2000000029802322,84.71428697662694,16.099999725818634,384.4
1990-01-01,1.700000025331974,-4.000000059604645,-6.400000095367432,91.15714421549012,0.1000000014901161,384.21
1990-01-08,-1.3000000193715096,-5.271428649978978,-10.600000157952309,90.8571442110198,3.200000047683716,384.1
1990-01-15,-1.100000016391277,-5.585714368947914,-12.4000001847744,91.54285850695202,0.4000000059604644,384.02
1990-01-22,5.900000087916851,1.58571430934327,-2.800000041723252,88.67142989273582,3.000000044703484,383.878894954508
1990-01-29,10.000000149011612,3.200000047683716,-2.800000041723252,78.38571545375245,13.699999883770944,383.92470306038
1990-02-05,9.500000141561031,2.057142887796674,-3.500000052154064,84.400001257658,2.8999999538064003,383.92470306038
1990-02-12,14.40000021457672,2.6857143257345477,-4.200000062584877,76.92857257489648,15.500000335276129,383.808100609068
1990-02-19,11.10000016540289,2.3428571777684346,-5.4000000804662704,83.15714409628085,63.69999962300062,386.564915707948
1990-02-26,17.00000025331974,7.1000001057982445,-0.2000000029802322,78.61428688572985,7.600000023841858,387.18957169712
1990-03-05,8.600000128149986,1.700000025331974,-2.500000037252903,80.15714405157736,45.29999923706055,387.860035792165
1990-03-12,17.80000026524067,7.585714398750237,-2.500000037252903,69.9714296140841,11.700000047683716,388.014117602828
1990-03-19,19.10000028461218,7.400000110268593,0.1000000014901161,67.91428672628743,0.0,387.739268967592
1990-03-26,21.80000032484532,7.928571546716349,-0.5000000074505806,71.61428678142173,4.500000007450581,387.451927212573
1990-04-02,19.000000283122063,6.41428580986602,-1.600000023841858,79.5285726136395,7.0,387.131270471464
1990-04-09,17.100000254809856,4.128571490091937,-1.700000025331974,76.52857256893601,13.0999998152256,386.781463117528
1990-04-16,16.600000247359276,4.657142926539693,-2.0000000298023224,76.60000114142895,21.90000019222498,386.514943228814
1990-04-23,16.00000023841858,7.728571543736117,1.600000023841858,75.48571541053909,16.3999999538064,386.335875178585
1990-04-30,18.30000027269125,8.028571548206466,1.3000000193715096,75.48571541053909,11.399999856948853,386.7523125047
1990-05-07,23.600000351667404,15.585714517959527,6.000000089406967,55.64285797200033,0.0,386.68151815926
1990-05-14,23.100000344216824,14.157143068100725,7.200000107288361,70.35714390554598,12.300000250339508,386.514943228814
1990-05-21,23.600000351667404,15.20000022649765,6.200000092387199,57.88571514827864,1.7000000476837158,386.277573952929
1990-05-28,22.600000336766243,12.842857334230628,4.200000062584877,61.257143769945415,7.499999992549419,386.031875930521
1990-06-04,23.80000035464764,12.600000187754633,1.3000000193715096,58.914286592176985,9.100000098347664,385.77368478833
1990-06-11,18.30000027269125,11.714285888842172,5.900000087916851,78.02857259128776,29.799999751150608,385.598781111362
1990-06-18,21.80000032484532,13.742857347641673,7.500000111758709,80.92857263450112,49.49999862909317,385.37390495526
1990-06-25,27.3000004068017,15.457143087472234,8.400000125169754,74.71428682761533,37.30000105500221,385.182343785247
1990-07-02,28.10000041872263,18.528571704668657,8.00000011920929,72.14285821786949,28.30000014603138,385.415548687871
1990-07-09,21.50000032037497,13.842857349131789,7.000000104308128,80.17142976607595,36.59999978542328,385.594616738101
1990-07-16,26.600000396370888,15.957143094922817,7.000000104308128,62.42857235882963,1.5,385.686232949846
1990-07-23,27.000000402331352,16.62857167635645,6.70000009983778,63.442858088229386,0.0,385.527986765922
1990-07-30,31.10000046342612,19.22857171509947,7.700000114738941,57.357143711830886,0.4000000059604645,385.332261222648
1990-08-06,31.300000466406345,20.68571459395545,11.400000169873238,58.92857230667557,14.199999809265137,385.136535679374
1990-08-13,29.800000444054604,18.042857411716664,6.900000102818012,56.15714369394949,0.5,384.944974509362
1990-08-20,26.80000039935112,17.15714311280421,6.200000092387199,67.77142958130155,12.49999976158142,384.765906459132
1990-08-27,29.60000044107437,17.21428597079856,7.800000116229057,68.2000010162592,37.600000098347664,384.591002782164
1990-09-03,28.80000042915344,16.485714531370572,10.400000154972076,71.74285821190902,4.399999991059303,384.420263478457
1990-09-10,22.000000327825543,11.257143024887355,4.200000062584877,78.21428687976939,28.20000004768372,384.253688548011
1990-09-17,20.10000029951334,10.94285730591842,2.600000038743019,73.51428680973393,2.5,384.10377111061
1990-09-24,21.300000317394733,11.38571445537465,5.000000074505806,75.18571540606874,54.000001072883606,384.024648018648
1990-10-01,19.60000029206276,10.87142873342548,1.600000023841858,77.75714401581457,23.09999930858612,383.820593728852
1990-10-08,18.100000269711018,9.44285728356668,3.700000055134296,84.20000125467777,8.900000154972076,383.787278742763
1990-10-15,22.30000033229589,10.3714287259749,-0.2000000029802322,77.04285829088518,0.0,383.645690051884
1990-10-22,19.30000028759241,9.171428708093506,-0.2000000029802322,79.94285833409855,1.0000000149011612,383.499936987743
1990-10-29,13.100000195205212,4.97142864550863,-3.000000044703484,79.20000118017197,21.799999833106995,383.37917016317
1990-11-05,9.600000143051147,4.114285775593349,-0.800000011920929,84.77142983462129,19.699999928474423,383.279225204903
1990-11-12,8.00000011920929,1.757142883326326,-3.700000055134296,87.24285844287702,7.499999910593033,383.179280246635
1990-11-19,11.900000177323818,5.828571515423911,1.5000000223517418,88.02857274029937,37.40000033378601,383.116814647718
1990-11-26,9.00000013411045,2.414285750261375,-3.700000055134296,89.20000132918358,23.09999952465296,384.087113617565
1990-12-03,3.9000000581145287,-1.0428571583969253,-6.900000102818012,86.61428700493914,8.300000242888927,384.095442364087
1990-12-10,1.3000000193715096,-3.671428626137121,-10.000000149011612,87.44285844585725,6.800000190734863,383.978839912775
1990-12-17,0.9000000134110451,-2.857142899717604,-6.800000101327896,86.84285843691656,7.199999824166298,383.787278742763
1990-12-24,2.0000000298023224,-1.642857167337622,-7.400000110268593,90.6285727790424,5.900000013411045,384.382784119107
1990-12-31,9.600000143051147,1.1714285888842173,-6.200000092387199,87.12857272688832,29.59999990463257,384.978289495451
1991-01-07,10.000000149011612,3.628571482641356,-0.800000011920929,82.58571551633733,21.200000017881397,385.91943785247
1991-01-14,13.000000193715096,3.857142914618765,-1.80000002682209,76.68571542842048,9.599999822676182,386.077684036394
1991-01-21,3.400000050663948,-3.271428620176656,-10.900000162422655,67.91428672628743,3.0,386.20677960749
1991-01-28,0.9000000134110451,-3.0142857592020715,-8.00000011920929,84.157144111182,0.0,386.040204677044
1991-02-04,0.1000000014901161,-6.871428673820836,-14.300000213086603,66.4000009894371,0.0,385.782013534852
1991-02-11,3.200000047683716,-7.242857250784125,-16.600000247359276,81.71428693192345,12.599999882280828,385.586287991578
1991-02-18,1.0000000149011612,-5.600000083446503,-14.900000222027302,80.92857263450112,11.40000019222498,384.944974509362
1991-02-25,11.000000163912771,-0.6571428669350488,-7.900000117719173,83.65714410373143,2.40000007301569,385.149028799158
1991-03-04,9.00000013411045,0.871428584413869,-4.000000059604645,83.47142981524978,8.200000002980232,385.182343785247
1991-03-11,17.600000262260437,5.700000084936619,-0.2000000029802322,83.24285838327238,1.9000000283122065,385.969410331604
1991-03-18,15.900000236928465,6.442857238863196,-0.5000000074505806,78.5571440277355,0.1000000014901161,386.198450860967
1991-03-25,17.100000254809856,8.385714410671167,3.1000000461936,82.05714407988957,22.00000017881393,386.294231445974
1991-04-01,13.90000020712614,2.6857143257345477,-3.200000047683716,75.41428683804614,1.7999999523162842,386.431655763591
1991-04-08,18.30000027269125,8.14285726419517,3.700000055134296,78.01428687678916,8.999999932944775,386.323382058802
1991-04-15,17.30000025779009,8.828571560127395,-0.1000000014901161,66.05714384147099,0.1000000014901161,386.140149635311
1991-04-22,16.600000247359276,2.714285754731723,-5.4000000804662704,64.54285810462066,1.4999999552965164,385.948588465298
1991-04-29,16.800000250339508,6.714285814336368,-1.3000000193715096,66.24285812995264,3.3000000715255737,385.73620542898
1991-05-06,13.600000202655792,6.714285814336368,-1.100000016391277,80.17142976607595,9.799999989569187,385.582123618317
1991-05-13,18.100000269711018,9.428571569068092,0.9000000134110451,75.44285826704332,49.40000182390213,385.527986765922
1991-05-20,16.300000242888927,7.657142971243177,-0.5000000074505806,69.11428674416882,13.699999928474426,385.644589217235
1991-05-27,20.80000030994416,9.642857286546912,1.100000016391277,72.04285821637937,6.5999999195337296,385.607109857884
1991-06-03,23.000000342726707,13.214285911193915,2.7000000402331352,62.05714378186634,9.40000033378601,385.128206932852
1991-06-10,20.80000030994416,12.271428754287106,3.9000000581145287,70.72857248250928,7.499999828636646,385.353083088954
1991-06-17,24.600000366568565,14.514285930565425,8.00000011920929,72.3571439353483,89.60000211000443,385.203165651553
1991-06-24,26.100000388920307,14.48571450156825,5.200000077486038,76.00000113248825,25.70000004768372,385.661246710279
1991-07-01,26.30000039190054,14.414285929075309,6.000000089406967,78.05714402028492,27.699999645352364,385.748698548763
1991-07-08,29.10000043362379,21.142857457910264,10.600000157952309,63.371429515736445,0.0,385.690397323107
1991-07-15,32.80000048875809,20.428571732980863,13.000000193715096,73.78571538520711,12.900000095367432,385.536315512445
1991-07-22,24.00000035762787,16.85714310833386,9.900000147521496,69.22857246015754,17.700000286102295,385.348918715693
1991-07-29,26.30000039190054,16.085714525410108,10.100000150501728,75.05714397558144,46.30000019073486,385.194836905031
1991-08-05,26.200000390410423,17.571428833263262,12.10000018030405,79.62857261512961,108.10000228881836,385.024097601323
1991-08-12,30.70000045746565,20.957143169428623,13.000000193715096,67.85714386829308,19.200000762939453,384.836700804572
1991-08-19,26.700000397861004,17.45714311727456,9.3000001385808,64.6142866771136,0.8999999910593033,384.645139634559
1991-08-26,26.30000039190054,16.5714288183621,5.700000084936619,71.00000105798244,2.500000096857548,384.253688548011
1991-09-02,25.00000037252903,15.371428800480706,6.200000092387199,61.30000091344118,0.0,384.278674787578
1991-09-09,26.80000039935112,14.214285926095076,4.400000065565109,67.40000100433826,0.6000000238418579,384.099606737349
1991-09-16,26.00000038743019,15.071428796010355,6.500000096857548,76.6571439994233,20.799999967217445,383.953853673208
1991-09-23,21.1000003144145,13.4714287721685,7.200000107288361,79.48571547014373,19.9000004529953,383.795607489285
1991-09-30,23.80000035464764,12.61428590225322,4.500000067055225,80.40000119805336,11.40000033378601,383.658183171667
1991-10-07,19.10000028461218,10.285714438983373,2.7000000402331352,77.45714401134423,0.6000000014901161,383.454128881871
1991-10-14,19.60000029206276,10.900000162422655,4.90000007301569,84.31428697066647,0.800000011920929,383.337526430559
1991-10-21,17.80000026524067,6.371428666370256,-1.3000000193715096,82.67142980332885,9.800000049173832,383.187608993157
1991-10-28,7.900000117719173,2.2285714617797305,-4.500000067055225,78.70000117272139,4.400000013411045,383.058513422062
1991-11-04,15.600000232458116,1.9571428863065583,-6.800000101327896,80.80000120401382,9.600000262260435,382.937746597488
1991-11-11,8.00000011920929,3.057142902697836,-3.000000044703484,85.62857270453658,19.300000444054604,382.825308519437
1991-11-18,7.700000114738941,2.514285751751491,-2.3000000342726707,89.47142990465674,28.299999192357063,382.771171667042
1991-11-25,5.700000084936619,1.1142857308898653,-3.700000055134296,90.45714420505932,3.0999999716877937,382.72536356117
1991-12-02,2.7000000402331352,-0.5142857219491686,-4.000000059604645,93.64285853824444,0.3000000044703483,382.61708985638
1991-12-09,0.9000000134110451,-2.457142893757139,-9.80000014603138,86.00000128149986,2.100000038743019,382.342241221144
1991-12-16,-0.5000000074505806,-8.814285845628806,-13.800000205636024,83.12857266728368,0.2000000029802322,382.354734340928
1991-12-23,9.3000001385808,2.842857185219015,-7.800000116229057,89.04285846969911,54.90000021457672,383.258403338597
1991-12-30,7.300000108778477,-0.5428571509463447,-7.700000114738941,86.72857272092786,15.800000101327896,384.7
1992-01-06,6.000000089406967,0.3142857189689365,-6.000000089406967,82.95714409330061,8.199999906122684,384.48
1992-01-13,4.200000062584877,0.7285714394279889,-3.400000050663948,89.22857275818076,11.199999794363976,384.44
1992-01-20,2.600000038743019,-0.2285714319774083,-7.900000117719173,83.98571553719896,6.799999848008156,384.3
1992-01-27,0.6000000089406967,-4.4714286380580495,-11.30000016838312,86.12857271198716,0.0,384.08
1992-02-03,7.000000104308128,-1.742857168827738,-7.300000108778477,86.52857271794763,2.200000047683716,383.97
1992-02-10,6.400000095367432,1.2428571613771575,-2.3000000342726707,91.47142993445908,7.499999977648258,383.93
1992-02-17,9.400000140070915,2.2285714617797305,-4.90000007301569,86.15714414098433,19.200000256299973,384.0
1992-02-24,8.50000012665987,-1.0857143018926894,-8.00000011920929,79.34285832515785,1.8000000566244123,383.91
1992-03-02,11.10000016540289,2.2428571762783185,-3.500000052154064,83.97142982270036,3.0,383.86
1992-03-09,14.500000216066836,4.700000070035458,-2.800000041723252,76.64285828492471,1.100000023841858,383.69
1992-03-16,12.000000178813934,2.985714330204896,-2.200000032782554,76.91428686039788,28.000000581145287,384.08
1992-03-23,12.600000187754633,4.914285787514278,-2.500000037252903,81.97142979289804,36.80000001192093,385.31
1992-03-30,9.900000147521496,1.3428571628672736,-2.200000032782554,85.50000127404928,21.400000385940075,385.61
1992-04-06,13.500000201165676,4.328571493072169,-1.80000002682209,80.34285834005901,22.59999990463257,385.45
1992-04-13,17.100000254809856,6.571428669350488,-2.600000038743019,60.342858042035786,2.200000047683716,385.57
1992-04-20,12.90000019222498,4.742857213531222,-2.200000032782554,73.3285725212523,3.500000074505806,385.58
1992-04-27,24.8000003695488,11.114285879901477,-3.700000055134296,66.47142956193004,9.599999964237211,385.54
1992-05-04,18.80000028014183,9.44285728356668,3.400000050663948,75.98571541798967,11.600000001490116,385.45
1992-05-11,19.500000290572643,11.728571603340765,4.200000062584877,66.81428670989615,2.900000035762787,385.3
1992-05-18,26.200000390410423,15.971428809421402,2.7000000402331352,53.34285793772766,0.0,385.29
1992-05-25,25.30000037699937,15.70000023394823,5.900000087916851,55.38571511102574,9.799999952316284,385.25
1992-06-01,25.30000037699937,16.942857395325387,6.000000089406967,51.72857219938721,0.0,385.2
1992-06-08,28.00000041723252,14.785714506038598,9.00000013411045,79.02857260618892,66.10000038892031,385.15
1992-06-15,24.600000366568565,14.871428793030123,7.500000111758709,71.44285820743868,4.400000095367432,385.06
1992-06-22,24.600000366568565,16.58571453286069,8.900000132620335,70.38571533454316,2.600000023841858,384.95
1992-06-29,25.80000038444996,17.028571682316915,8.600000128149986,67.1285724288651,20.399999856948853,384.87
1992-07-06,27.3000004068017,17.400000259280205,10.500000156462193,73.45714395173958,38.19999976456165,384.74
1992-07-13,24.8000003695488,15.371428800480706,10.80000016093254,79.18571546567338,31.200000390410423,384.68
1992-07-20,29.800000444054604,18.88571456713336,9.600000143051147,65.18571525705713,1.0000000149011612,384.52
1992-07-27,32.70000048726797,20.200000301003456,11.900000177323818,69.2571438891547,21.09999966621399,384.41
1992-08-03,32.70000048726797,20.842857453439915,9.400000140070915,61.60000091791153,9.000000089406967,384.26
1992-08-10,34.30000051110983,21.97142889882837,10.600000157952309,62.128572354359285,3.0999999046325684,384.24
1992-08-17,26.600000396370888,16.814285964838096,7.800000116229057,67.70000100880861,6.100000001490116,384.12
1992-08-24,31.600000470876694,20.585714592465333,11.500000171363354,70.17142961706433,27.600000023841854,383.96
1992-08-31,32.100000478327274,20.128571728510515,11.900000177323818,70.35714390554598,30.79999971389771,383.97
1992-09-07,19.80000029504299,10.728571588439602,1.3000000193715096,76.21428684996707,13.699999883770944,383.82
1992-09-14,23.80000035464764,13.842857349131789,6.200000092387199,79.41428689765078,16.000000178813934,383.7
1992-09-21,21.1000003144145,13.000000193715096,5.500000081956387,76.7857154299106,0.2000000029802322,383.65
1992-09-28,23.80000035464764,13.885714492627551,7.900000117719173,78.9142868902002,1.5000000521540642,383.5
1992-10-05,19.30000028759241,11.45714302786759,7.700000114738941,87.41428701686007,15.200000382959844,383.35
1992-10-12,18.30000027269125,8.957142990614686,2.200000032782554,80.25714405306748,0.9000000134110451,383.36
1992-10-19,12.10000018030405,3.400000050663948,-3.500000052154064,82.00000122189522,14.59999980032444,383.38
1992-10-26,8.600000128149986,4.014285774103233,-1.0000000149011612,89.08571561319488,49.29999943077564,383.41
1992-11-02,10.000000149011612,3.7857143421258246,-1.3000000193715096,89.04285846969911,27.600000150501728,383.28
1992-11-09,11.400000169873238,5.342857222471919,-1.700000025331974,88.35714417376688,3.400000050663948,383.15
1992-11-16,8.900000132620335,2.542857180748667,-3.1000000461936,91.4428585054619,51.5,383.85
1992-11-23,12.4000001847744,4.000000059604645,-2.500000037252903,86.64285843393633,43.00000057369471,384.18
1992-11-30,13.300000198185444,4.714285784534046,-0.1000000014901161,88.68571560723441,11.600000120699406,384.56
1992-12-07,9.00000013411045,2.385714321264199,-2.7000000402331352,91.34285850397178,30.40000033378601,385.02
1992-12-14,3.700000055134296,0.6857142959322248,-1.5000000223517418,89.68571562213558,20.30000016838312,385.11
1992-12-21,4.400000065565109,-1.1571428743856291,-4.000000059604645,93.77142996873174,7.299999885261059,384.98
1992-12-28,2.800000041723252,-3.514285766652652,-10.600000157952309,85.82857270751681,0.2000000029802322,384.73
1993-01-04,-0.4000000059604645,-8.385714410671167,-13.600000202655792,74.50000111013651,0.0,384.48
1993-01-11,12.000000178813934,2.2428571762783185,-12.4000001847744,85.128572697086,18.90000033378601,384.56
1993-01-18,15.500000230968,4.3142857785735815,-1.700000025331974,81.48571549994605,4.500000096857548,384.55
1993-01-25,10.80000016093254,5.857142944421087,-1.5000000223517418,76.64285828492471,13.700000002980232,384.51
1993-02-01,3.700000055134296,-3.114285760692188,-11.60000017285347,85.50000127404928,17.100000143051147,384.51
1993-02-08,2.800000041723252,-2.728571469230311,-11.500000171363354,86.47142985995326,1.800000049173832,384.43
1993-02-15,3.9000000581145287,-2.471428608255727,-7.000000104308128,88.32857274476972,0.0,384.38
1993-02-22,3.200000047683716,-1.714285739830562,-11.800000175833702,86.02857271049704,19.8999999538064,384.38
1993-03-01,3.200000047683716,-5.357142936970506,-14.100000210106373,78.07142973478351,4.699999943375588,384.37
1993-03-08,5.700000084936619,-1.80000002682209,-11.400000169873238,76.88571543140071,5.000000029802322,384.23
1993-03-15,14.600000217556952,2.1857143182839667,-7.200000107288361,72.98571537328618,0.0,384.3
1993-03-22,16.300000242888927,8.085714406200818,-1.80000002682209,78.00000116229057,10.00000011920929,384.95
1993-03-29,10.30000015348196,0.771428582923753,-5.500000081956387,73.05714394577912,0.9000000283122063,384.77
1993-04-05,16.800000250339508,4.457142923559461,-5.4000000804662704,75.25714397856167,6.5,384.76
1993-04-12,11.10000016540289,5.557142939950738,-2.1000000312924385,75.77142970051084,3.1999999284744263,384.73
1993-04-19,15.400000229477882,7.957142975713525,0.2000000029802322,77.014286861888,23.50000047683716,384.72
1993-04-26,23.500000350177288,14.814285935035771,5.900000087916851,56.61428655790432,0.2000000029802322,384.79
1993-05-03,24.300000362098217,15.485714516469413,7.500000111758709,59.54285803011486,16.5999998152256,384.71
1993-05-10,23.600000351667404,14.100000210106373,6.400000095367432,62.05714378186634,0.4000000059604645,384.67
1993-05-17,24.100000359117985,15.185714511999064,6.900000102818012,64.40000095963478,2.400000013411045,384.65
1993-05-24,27.3000004068017,15.242857369993414,4.200000062584877,67.15714385786227,9.899999618530272,384.64
1993-05-31,29.10000043362379,16.742857392345154,7.800000116229057,63.67142952020679,15.599999763071535,384.63
1993-06-07,26.80000039935112,16.71428596334798,8.50000012665987,74.2714296781591,44.70000153779984,384.62
1993-06-14,28.80000042915344,16.328571671886102,6.500000096857548,69.3714296051434,22.000000096857548,384.6
1993-06-21,27.3000004068017,15.042857367013182,5.200000077486038,76.51428685443742,43.60000014305115,384.55
1993-06-28,20.10000029951334,13.128571624202388,4.90000007301569,76.14285827747413,32.80000066757202,384.63
1993-07-05,28.10000041872263,18.814285994640414,5.500000081956387,61.42857234392847,8.200000047683716,384.86
1993-07-12,25.700000382959843,13.557143059160028,7.000000104308128,72.1142867888723,46.30000076442957,384.97
1993-07-19,24.300000362098217,15.55714308896235,8.100000120699406,83.3428583847625,54.49999940395355,385.01
1993-07-26,23.500000350177288,14.48571450156825,9.00000013411045,73.30000109225512,5.199999988079071,384.95
1993-08-02,28.80000042915344,17.257143114294326,8.400000125169754,73.28571537775653,24.50000023841858,384.86
1993-08-09,29.300000436604023,17.357143115784442,7.500000111758709,71.84285821339914,19.40000019967556,384.93
1993-08-16,29.000000432133675,18.357143130685603,9.900000147521496,68.30000101774931,22.89999961853028,384.86
1993-08-23,30.800000458955765,18.38571455968278,10.500000156462193,65.78571526599782,17.399999499320984,384.81
1993-08-30,19.000000283122063,11.67142874534641,4.500000067055225,73.85714395770005,15.09999956190586,384.78
1993-09-06,16.800000250339508,9.885714433022908,3.200000047683716,83.37142981375966,21.89999957382679,384.72
1993-09-13,23.600000351667404,13.442857343171324,2.7000000402331352,82.52857265834298,32.10000015050173,384.78
1993-09-20,20.10000029951334,11.82857160483088,4.000000059604645,76.01428684698683,4.8000001311302185,384.55
1993-09-27,25.30000037699937,14.714285933545655,5.200000077486038,79.20000118017197,4.600000098347664,384.46
1993-10-04,16.600000247359276,9.185714422592095,3.700000055134296,82.45714408585003,9.299999833106996,384.33
1993-10-11,19.60000029206276,11.328571597380298,2.7000000402331352,81.95714407839945,3.199999988079071,384.34
1993-10-18,18.6000002771616,8.442857268665518,2.200000032782554,82.27142979736838,20.00000023841858,384.33
1993-10-25,6.200000092387199,3.9142857726131166,-0.5000000074505806,93.000001385808,31.400000728666782,384.31
1993-11-01,9.00000013411045,2.0428571732980862,-1.5000000223517418,87.67142987783465,0.2000000029802322,384.15
1993-11-08,9.00000013411045,4.842857215021338,-0.9000000134110451,94.64285855314562,6.199999988079071,384.08
1993-11-15,7.800000116229057,3.0285714737006595,-0.4000000059604645,90.01428705560309,22.299999691545963,383.96
1993-11-22,0.800000011920929,-3.842857200120176,-9.400000140070915,78.04285830578634,1.6999999806284904,383.91
1993-11-29,-2.7000000402331352,-5.428571509463446,-8.00000011920929,87.84285845181772,2.6000000983476643,384.0
1993-12-06,5.900000087916851,-0.5285714364477566,-11.000000163912771,92.9714299568108,3.1999999061226845,384.07
1993-12-13,9.400000140070915,2.485714322754315,-2.500000037252903,89.75714419462851,39.30000078678131,384.17
1993-12-20,10.500000156462193,3.8857143436159407,0.0,89.45714419015816,79.59999866783619,385.35
1993-12-27,10.900000162422655,0.5142857219491686,-4.000000059604645,84.77142983462129,7.300000071525574,389.06
1994-01-03,8.800000131130219,1.2714285903743334,-6.200000092387199,88.11428702729089,22.199999645352364,389.21
1994-01-10,9.80000014603138,3.642857197139944,0.5000000074505806,83.58571553123849,1.0000000149011612,388.85
1994-01-17,11.500000171363354,1.5000000223517418,-5.900000087916851,86.70000129193068,12.500000298023224,388.45
1994-01-24,4.700000070035458,-1.87142859931503,-10.000000149011612,85.128572697086,15.29999941587448,388.16
1994-01-31,8.00000011920929,2.257142890776907,-2.600000038743019,80.97142977799687,18.900000393390656,388.8
1994-02-07,6.70000009983778,1.614285738340446,-4.000000059604645,91.3285727894732,10.799999848008156,388.7
1994-02-14,4.400000065565109,-1.9571428863065583,-9.3000001385808,81.45714407094887,11.599999837577345,388.64
1994-02-21,1.5000000223517418,-5.214285791984627,-13.100000195205212,67.82857243929591,3.00000011920929,388.6
1994-02-28,14.300000213086603,4.757142928029809,-2.3000000342726707,83.01428695129496,10.300000220537186,388.34
1994-03-07,11.400000169873238,5.128571504993098,-2.800000041723252,75.92857255999532,12.699999824166298,388.48
1994-03-14,15.100000225007534,7.757142972733293,0.0,81.7857155044164,10.09999966621399,388.35
1994-03-21,11.000000163912771,4.114285775593349,-0.800000011920929,79.62857261512961,24.30000038444996,388.41
1994-03-28,17.600000262260437,7.585714398750237,-3.200000047683716,73.52857252423253,12.299999833106996,388.4
1994-04-04,17.100000254809856,6.642857241843428,-2.200000032782554,80.58571548653501,15.00000011920929,388.38
1994-04-11,10.000000149011612,2.257142890776907,-1.80000002682209,77.57142972733293,12.899999633431433,388.35
1994-04-18,15.300000227987766,5.2428572209818025,-0.2000000029802322,81.70000121742487,53.39999885857105,391.71
1994-04-25,21.1000003144145,11.000000163912771,0.0,62.21428664135082,3.000000096857548,391.32
1994-05-02,23.500000350177288,11.928571606320997,1.700000025331974,68.00000101327896,2.100000023841858,390.85
1994-05-09,22.100000329315662,11.285714453884534,2.500000037252903,59.400000885128975,10.799999713897703,390.58
1994-05-16,24.600000366568565,14.600000217556952,6.200000092387199,62.38571521533387,4.09999992698431,390.57
1994-05-23,21.1000003144145,14.1857144970979,8.600000128149986,78.24285830876657,26.000000208616257,390.13
1994-05-30,21.80000032484532,12.442857328270165,7.000000104308128,78.82857260320868,24.699999913573265,390.01
1994-06-06,27.60000041127205,14.04285735211202,2.7000000402331352,64.75714382209948,26.49999964237213,389.47
1994-06-13,23.600000351667404,12.628571616751808,2.7000000402331352,73.18571537626642,9.100000202655792,389.06
1994-06-20,27.3000004068017,15.77142880644117,7.500000111758709,71.57142963792596,16.899999856948853,388.71
1994-06-27,32.20000047981739,21.014286027422973,10.000000149011612,59.15714373865298,0.5,388.48
1994-07-04,32.70000048726797,22.471428906278952,14.100000210106373,63.71428666370256,8.499999716877937,388.11
1994-07-11,28.60000042617321,18.657143135155952,10.80000016093254,66.72857242290463,24.899999238550663,387.84
1994-07-18,29.50000043958425,21.25714317389897,13.300000198185444,65.37142954553876,17.200000047683716,387.6
1994-07-25,31.70000047236681,21.385714604386266,12.500000186264517,58.17142943825041,11.900000095367432,387.35
1994-08-01,33.30000049620867,24.014286072126456,15.500000230968,55.52857225601162,3.400000050663948,387.04
1994-08-08,33.10000049322844,23.100000344216824,16.100000239908695,60.52857233051743,30.999999523162845,386.97
1994-08-15,30.300000451505184,16.9285716808268,8.100000120699406,67.74285815230438,13.199999429285526,386.76
1994-08-22,26.80000039935112,16.62857167635645,6.200000092387199,69.55714389362505,30.799999833106995,386.6
1994-08-29,27.10000040382147,16.514285960367747,10.000000149011612,76.15714399197272,20.100000381469727,386.39
1994-09-05,24.300000362098217,15.157143083001886,6.200000092387199,77.04285829088518,15.000000059604645,386.18
1994-09-12,23.500000350177288,14.314285927585193,7.300000108778477,82.22857265387263,28.3999999538064,386.04
1994-09-19,17.80000026524067,9.985714434513024,3.000000044703484,83.58571553123849,22.9000004529953,385.97
1994-09-26,24.50000036507845,13.414285914174148,3.1000000461936,79.08571546418327,4.5,385.77
1994-10-03,20.10000029951334,12.928571621222156,7.000000104308128,86.34285842946598,17.90000009536743,385.48
1994-10-10,11.800000175833702,2.614285753241607,-2.600000038743019,80.28571548206466,6.099999845027924,385.37
1994-10-17,17.80000026524067,6.657142956342016,-0.6000000089406967,82.58571551633733,0.0,385.23
1994-10-24,15.900000236928465,5.614285797945091,-2.7000000402331352,79.71428690212113,8.800000250339508,385.12
1994-10-31,17.600000262260437,7.928571546716349,1.3000000193715096,84.81428697811705,23.79999943077564,384.9
1994-11-07,18.50000027567148,8.028571548206466,1.0000000149011612,83.64285838923284,0.800000011920929,384.83
1994-11-14,10.80000016093254,6.714285814336368,3.1000000461936,93.5857156802501,20.600000843405724,384.67
1994-11-21,12.000000178813934,7.085714391299656,0.9000000134110451,90.87142992551836,36.90000021457672,384.58
1994-11-28,9.3000001385808,5.371428651469095,2.600000038743019,91.6857156519379,9.399999625980854,384.52
1994-12-05,9.3000001385808,2.0285714587994983,-4.500000067055225,88.95714418270758,20.70000004768372,384.47
1994-12-12,10.900000162422655,5.4000000804662704,-2.1000000312924385,85.74285842052528,8.499999716877937,384.4
1994-12-19,9.00000013411045,0.2714285754731723,-6.900000102818012,86.41428700195891,8.599999859929085,384.3
1994-12-26,1.0000000149011612,-2.0428571732980862,-6.500000096857548,89.85714419611863,13.899999499320984,384.18
1995-01-02,9.80000014603138,3.442857194159712,-4.000000059604645,85.50000127404928,28.09999966621399,384.12
1995-01-09,-1.80000002682209,-7.314285823277065,-13.000000193715096,85.3571441290634,9.700000204145908,384.1
1995-01-16,2.500000037252903,-2.7714286127260754,-9.00000013411045,85.01428698109729,17.399999909102917,384.09
1995-01-23,11.000000163912771,-1.1428571598870414,-9.600000143051147,86.17142985548291,9.799999922513962,384.06
1995-01-30,13.100000195205212,4.000000059604645,-2.800000041723252,81.28571549696582,38.80000048875809,386.95
1995-02-06,6.800000101327896,1.757142883326326,-4.700000070035458,83.80000124871731,1.0999999940395355,385.76
1995-02-13,11.30000016838312,3.942857201610293,-3.400000050663948,82.22857265387263,12.30000016093254,385.35
1995-02-20,10.600000157952309,4.642857212041106,-1.700000025331974,81.80000121891499,17.100000336766243,385.16
1995-02-27,15.600000232458116,2.3428571777684346,-2.1000000312924385,81.7857155044164,15.200000301003458,385.11
1995-03-06,12.000000178813934,2.8285714707204277,-4.500000067055225,75.7000011280179,5.299999989569187,385.05
1995-03-13,12.4000001847744,2.1285714602896144,-4.200000062584877,71.57142963792596,0.3000000044703483,384.93
1995-03-20,9.3000001385808,2.457142893757139,-2.600000038743019,82.07142979438815,37.40000019222498,385.77
1995-03-27,16.00000023841858,4.0857143465961725,-1.80000002682209,74.87142968709979,19.300000071525574,385.8
1995-04-03,20.000000298023224,3.257142905678068,-6.70000009983778,75.8142868440066,28.100000381469727,386.95
1995-04-10,17.100000254809856,7.571428684251649,-0.9000000134110451,69.5000010356307,1.9000000357627869,386.81
1995-04-17,8.50000012665987,4.200000062584877,-1.3000000193715096,85.34285841456482,22.200000166893005,386.48
1995-04-24,24.300000362098217,12.214285896292754,2.600000038743019,65.32857240204301,5.5,386.33
1995-05-01,18.6000002771616,10.700000159442425,4.000000059604645,78.45714402624539,11.600000023841858,386.26
1995-05-08,24.100000359117985,14.000000208616257,2.500000037252903,57.285715139337945,14.800000190734863,386.18
1995-05-15,16.600000247359276,8.771428702133042,-1.0000000149011612,70.01428675757987,11.40000021457672,386.09
1995-05-22,17.50000026077032,9.957143005515848,1.3000000193715096,72.2428582193596,12.7999999076128,385.89
1995-05-29,26.80000039935112,17.028571682316915,3.500000052154064,64.9857152540769,13.499999672174452,385.75
1995-06-05,19.60000029206276,12.214285896292754,6.200000092387199,87.41428701686007,57.30000007152557,386.17
1995-06-12,18.100000269711018,11.428571598870414,5.000000074505806,84.22857268367495,14.100000023841858,386.38
1995-06-19,22.500000335276127,12.728571618241924,7.200000107288361,79.47142975564513,20.400000005960464,386.21
1995-06-26,26.00000038743019,14.814285935035771,6.000000089406967,74.65714396962098,5.800000049173832,386.07
1995-07-03,29.10000043362379,19.500000290572643,9.500000141561031,63.17142951275621,2.100000001490116,385.96
1995-07-10,31.10000046342612,19.75714315154723,9.80000014603138,62.514286645821166,0.0,385.8
1995-07-17,30.70000045746565,19.97142886902605,13.800000205636024,75.37142969455037,40.30000038444996,385.64
1995-07-24,34.20000050961971,20.200000301003456,13.600000202655792,71.11428677397114,20.799999237060543,385.53
1995-07-31,30.200000450015068,20.55714316346816,10.80000016093254,64.04285809717008,11.599999904632568,385.48
1995-08-07,29.60000044107437,20.614286021462508,11.500000171363354,58.45714372822216,2.400000095367432,385.37
1995-08-14,28.50000042468309,18.0000002682209,9.500000141561031,70.31428676205022,40.40000040829182,385.32
1995-08-21,26.30000039190054,17.328571686787264,9.900000147521496,74.0428582461817,6.299999952316284,385.46
1995-08-28,27.3000004068017,16.485714531370572,7.900000117719173,79.67142975862537,52.99999904632568,385.08
1995-09-04,17.600000262260437,9.685714430042676,7.000000104308128,88.50000131875277,92.09999799728394,385.68
1995-09-11,22.800000339746475,13.028571622712272,4.500000067055225,79.08571546418327,4.299999922513962,385.51
1995-09-18,22.100000329315662,13.514285915664264,6.000000089406967,81.4285726419517,0.9000000059604645,385.21
1995-09-25,18.100000269711018,10.900000162422655,5.000000074505806,86.2000012844801,13.600000143051147,384.9
1995-10-02,18.30000027269125,9.08571442110198,2.200000032782554,81.24285835347006,16.399999618530273,384.76
1995-10-09,21.60000032186508,13.32857162718262,8.00000011920929,85.91428699450833,0.400000013411045,384.63
1995-10-16,21.80000032484532,11.057143021907123,7.400000110268593,90.65714420803955,1.4000000283122065,384.5
1995-10-23,17.100000254809856,8.171428693192345,-0.1000000014901161,83.51428695874554,2.200000062584877,384.43
1995-10-30,17.100000254809856,9.428571569068092,-1.700000025331974,86.00000128149986,7.3999999538064,384.34
1995-11-06,12.000000178813934,2.1000000312924385,-5.4000000804662704,83.52857267324414,29.89999932795763,384.25
1995-11-13,6.200000092387199,2.200000032782554,-0.9000000134110451,90.6142870645438,2.599999986588955,384.13
1995-11-20,9.400000140070915,2.542857180748667,-6.500000096857548,90.4857156340565,39.799999207258224,384.18
1995-11-27,2.7000000402331352,-1.9142857428107944,-8.50000012665987,89.7714299091271,1.0999999940395355,384.22
1995-12-04,1.3000000193715096,-0.9142857279096328,-3.200000047683716,92.91428709881646,1.4000000506639478,384.03
1995-12-11,-0.1000000014901161,-2.628571467740195,-5.900000087916851,89.38571561766523,1.100000023841858,384.1
1995-12-18,1.3000000193715096,-2.742857183728899,-5.500000081956387,89.85714419611863,6.799999989569187,384.48
1995-12-25,10.600000157952309,2.842857185219015,-3.700000055134296,91.85714422592096,42.99999947845936,384.67
1996-01-01,1.3000000193715096,-5.32857150797333,-11.400000169873238,80.05714405008725,0.5,384.91
1996-01-08,1.100000016391277,-4.128571490091937,-11.400000169873238,85.88571556551116,11.299999810755253,384.7
1996-01-15,1.80000002682209,-1.0000000149011612,-2.200000032782554,93.65714425274304,0.3000000044703483,384.45
1996-01-22,-0.6000000089406967,-4.714285784534046,-8.600000128149986,84.68571554762977,0.0,384.3
1996-01-29,-0.5000000074505806,-5.857142944421087,-9.900000147521496,83.64285838923284,10.000000178813934,384.05
1996-02-05,0.2000000029802322,-4.942857216511454,-11.30000016838312,76.92857257489648,2.099999964237213,383.91
1996-02-12,3.400000050663948,-5.357142936970506,-15.500000230968,80.01428690659148,0.8000000193715094,383.93
1996-02-19,3.700000055134296,-0.4714285784534046,-4.000000059604645,87.68571559233325,25.30000050365925,383.77
1996-02-26,7.000000104308128,-4.128571490091937,-15.600000232458116,76.20000113546848,3.200000047683716,383.62
1996-03-04,8.900000132620335,-1.671428596334798,-7.500000111758709,75.01428683208567,2.299999952316284,383.51
1996-03-11,5.500000081956387,-1.3285714483686857,-10.80000016093254,69.84285818359682,0.9000000059604645,383.45
1996-03-18,9.3000001385808,-0.5428571509463446,-9.500000141561031,78.74285831621715,1.600000001490116,383.37
1996-03-25,14.000000208616257,4.485714352556637,-3.6000000536441803,81.35714406945876,5.999999858438969,383.82
1996-04-01,8.50000012665987,0.800000011920929,-6.200000092387199,73.52857252423253,9.099999696016312,383.61
1996-04-08,16.600000247359276,2.642857182238783,-2.500000037252903,84.24285839817354,18.199999667704105,383.9
1996-04-15,14.000000208616257,4.500000067055225,-4.500000067055225,71.97142964388642,6.099999882280827,383.92
1996-04-22,24.8000003695488,11.87142874832664,-2.200000032782554,50.41428646551712,0.0,383.7
1996-04-29,26.700000397861004,12.771428761737686,4.500000067055225,65.60000097751617,2.6999999061226845,383.61
1996-05-06,21.1000003144145,10.714285873941012,2.500000037252903,69.8571438980954,0.1000000014901161,383.55
1996-05-13,23.600000351667404,10.30000015348196,3.200000047683716,81.95714407839945,21.89999955892563,383.45
1996-05-20,25.80000038444996,13.571428773658615,8.300000123679638,81.92857264940228,14.200000166893004,383.36
1996-05-27,23.100000344216824,12.0428573223097,5.000000074505806,76.68571542842048,19.99999932199717,383.31
1996-06-03,28.00000041723252,15.05714308151177,1.100000016391277,67.1285724288651,0.0,383.29
1996-06-10,31.500000469386578,20.94285745493003,10.500000156462193,62.4714295023254,9.8000003695488,383.28
1996-06-17,29.200000435113907,17.885714552232198,6.500000096857548,58.98571516466992,1.2999999523162842,383.22
1996-06-24,26.700000397861004,13.585714488157205,7.000000104308128,77.04285829088518,30.5,383.18
1996-07-01,22.600000336766243,13.814285920134612,7.000000104308128,77.51428686933858,26.300000362098217,383.12
1996-07-08,25.600000381469727,14.357143071080957,8.00000011920929,79.2714297526649,71.69999957084656,383.24
1996-07-15,26.80000039935112,15.900000236928465,8.00000011920929,81.07142977948699,18.09999990463257,383.32
1996-07-22,22.100000329315662,14.585714503058366,5.900000087916851,62.500000931322575,0.0,383.12
1996-07-29,27.60000041127205,17.828571694237844,7.800000116229057,75.68571541351932,11.200000047683716,383.04
1996-08-05,28.200000420212746,17.185714541801385,7.500000111758709,75.4571439815419,12.300000190734863,382.97
1996-08-12,26.50000039488077,16.757143106843746,7.900000117719173,79.67142975862537,27.499999634921554,382.96
1996-08-19,25.80000038444996,15.571428803460938,9.500000141561031,81.57142978693757,13.300000250339508,382.93
1996-08-26,25.80000038444996,17.37142883028303,10.100000150501728,78.54285831323692,23.40000019222498,382.9
1996-09-02,21.1000003144145,12.97142876471792,7.700000114738941,81.9000012204051,31.90000095963478,382.81
1996-09-09,21.80000032484532,10.971428734915596,4.000000059604645,79.7571440456169,2.9000000208616257,382.78
1996-09-16,15.400000229477882,9.200000137090685,4.500000067055225,85.57142984654222,14.000000059604645,382.71
1996-09-23,16.600000247359276,9.714285859039853,2.3000000342726707,82.70000123232603,1.8999999538064003,382.68
1996-09-30,22.600000336766243,10.30000015348196,2.7000000402331352,81.57142978693757,6.500000052154064,382.62
1996-10-07,24.100000359117985,9.51428585605962,1.600000023841858,83.02857266579356,0.9999999776482582,382.53
1996-10-14,17.80000026524067,10.057143007005964,2.7000000402331352,83.37142981375966,0.0,382.52
1996-10-21,17.100000254809856,8.414285839668342,0.5000000074505806,92.88571566981928,44.8999999538064,382.5
1996-10-28,16.100000239908695,5.971428660409791,-1.3000000193715096,83.20000123977661,3.5,382.46
1996-11-04,15.000000223517418,7.71428582923753,1.80000002682209,81.92857264940228,14.7999999076128,382.43
1996-11-11,12.10000018030405,6.371428666370256,-0.2000000029802322,82.10000122338533,21.80000030249357,382.48
1996-11-18,13.800000205636024,3.928571487111705,0.5000000074505806,91.97142994190963,14.700000405311584,382.54
1996-11-25,5.200000077486038,-0.2857142899717603,-5.200000077486038,85.25714412757328,7.900000035762787,382.32
1996-12-02,2.1000000312924385,-0.3714285769632884,-3.200000047683716,91.28571564597743,26.699999392032623,382.23
1996-12-09,5.000000074505806,-1.9142857428107944,-4.200000062584877,90.6000013500452,0.1000000014901161,382.21
1996-12-16,2.3000000342726707,-1.2000000178813934,-5.000000074505806,92.81428709732634,2.2999999672174454,382.12
1996-12-23,4.700000070035458,-1.1428571598870414,-7.500000111758709,92.07142994339976,33.6000000834465,382.12
1996-12-30,-4.90000007301569,-12.54285732976028,-20.10000029951334,78.45714402624539,0.8000000193715094,382.1
1997-01-06,-2.0000000298023224,-7.514285826257297,-16.100000239908695,87.67142987783465,1.100000023841858,382.11
1997-01-13,-3.400000050663948,-6.357142951871667,-11.900000177323818,90.58571563554662,0.1000000014901161,382.11
1997-01-20,0.6000000089406967,-6.357142951871667,-13.000000193715096,88.48571560425418,1.600000001490116,382.03
1997-01-27,3.6000000536441803,-0.7857142974223409,-5.000000074505806,90.8428584965212,0.0,381.98
1997-02-03,3.200000047683716,-2.500000037252903,-10.100000150501728,83.00000123679638,0.0,381.95
1997-02-10,9.400000140070915,1.0714285873941012,-4.500000067055225,78.48571545524257,1.9999999552965164,381.91
1997-02-17,10.30000015348196,2.4428571792585507,-2.7000000402331352,81.85714407690934,30.39999993145466,382.73
1997-02-24,13.100000195205212,4.957142931010042,-1.100000016391277,74.72857254211392,5.9000000059604645,382.72
1997-03-03,16.600000247359276,6.514285811356136,-1.0000000149011612,77.44285829684564,34.70000097900629,382.95
1997-03-10,15.000000223517418,5.514285796454975,-1.100000016391277,83.35714409926108,13.400000333786013,383.37
1997-03-17,16.300000242888927,7.414285824767181,0.2000000029802322,80.32857262556043,13.400000050663948,383.25
1997-03-24,8.900000132620335,2.1142857457910265,-4.500000067055225,85.98571556700128,20.200000144541264,383.4
1997-03-31,12.500000186264517,4.8571429295199255,-0.2000000029802322,84.400001257658,12.899999991059303,383.61
1997-04-07,17.600000262260437,5.571428654449327,-3.700000055134296,69.81428675459964,17.399999596178528,383.65
1997-04-14,17.30000025779009,5.500000081956387,-4.500000067055225,61.72857234839882,3.800000011920929,383.76
1997-04-21,15.000000223517418,3.057142902697836,-4.000000059604645,67.07142957087073,2.000000037252903,383.75
1997-04-28,18.50000027567148,8.114285835197993,-3.700000055134296,68.0857153002705,17.600000143051147,383.86
1997-05-05,24.300000362098217,11.500000171363354,2.200000032782554,75.02857254658427,12.100000120699406,384.0
1997-05-12,23.100000344216824,9.885714433022908,-0.9000000134110451,68.70000102370977,6.600000217556953,383.83
1997-05-19,29.000000432133675,18.91428599613053,9.00000013411045,61.8714294933847,1.2999999523162842,383.92
1997-05-26,22.600000336766243,12.571428758757454,3.200000047683716,63.34285808673927,3.900000005960465,383.78
1997-06-02,19.500000290572643,11.228571595890182,2.0000000298023224,59.7285723185965,0.2000000029802322,383.86
1997-06-09,25.100000374019142,16.557143103863513,5.4000000804662704,66.22857241545405,15.400000408291818,383.81
1997-06-16,29.10000043362379,19.02857171211924,9.100000135600569,62.500000931322575,17.10000006109476,383.72
1997-06-23,18.80000028014183,12.571428758757454,4.200000062584877,82.91428694980485,44.10000057518482,383.73
1997-06-30,29.50000043958425,15.20000022649765,9.400000140070915,80.08571547908443,34.00000078976154,383.74
1997-07-07,25.100000374019142,15.55714308896235,8.600000128149986,76.85714400240353,10.80000016838312,383.81
1997-07-14,25.50000037997961,16.957143109823978,10.500000156462193,75.38571540904897,33.29999939352274,383.93
1997-07-21,25.80000038444996,15.300000227987766,9.900000147521496,85.02857269559588,53.69999945163727,384.08
1997-07-28,25.600000381469727,17.100000254809856,10.30000015348196,78.18571545077222,8.400000154972076,383.87
1997-08-04,25.700000382959843,16.800000250339508,10.500000156462193,73.01428680228335,13.599999904632568,383.55
1997-08-11,27.500000409781933,19.371428860085352,12.10000018030405,67.4857152913298,34.39999961853027,383.48
1997-08-18,28.80000042915344,19.62857172105993,12.10000018030405,67.91428672628743,0.9000000059604645,383.43
1997-08-25,27.80000041425228,19.45714314707688,12.90000019222498,76.21428684996707,1.899999976158142,383.32
1997-09-01,28.300000421702865,17.42857168827738,9.500000141561031,74.60000111162663,14.600000455975534,383.21
1997-09-08,26.600000396370888,18.02857169721808,11.000000163912771,77.32857258085694,7.900000095367432,383.06
1997-09-15,27.000000402331352,12.371428755777222,2.0000000298023224,73.0714296602777,7.5000001192092896,382.95
1997-09-22,24.100000359117985,11.87142874832664,2.200000032782554,71.27142963345561,1.399999976158142,382.83
1997-09-29,21.80000032484532,11.714285888842172,4.000000059604645,72.22857250486102,0.0,382.74
1997-10-06,21.60000032186508,11.185714452394418,1.80000002682209,79.31428689616067,18.300000488758087,382.68
1997-10-13,23.000000342726707,11.914285891822406,4.500000067055225,81.38571549845594,58.40000028908253,382.65
1997-10-20,13.90000020712614,5.428571509463446,1.80000002682209,89.00000132620335,5.799999967217445,382.62
1997-10-27,7.900000117719173,2.3285714632698467,-2.7000000402331352,77.60000115633011,0.8000000193715096,382.47
1997-11-03,10.500000156462193,1.2714285903743334,-5.700000084936619,68.00000101327896,0.0,382.46
1997-11-10,17.100000254809856,6.357142951871667,-2.7000000402331352,78.4428583117468,5.899999812245369,382.36
1997-11-17,9.400000140070915,4.171428633587701,-1.100000016391277,86.54285843244621,9.6999996304512,382.27
1997-11-24,5.000000074505806,0.4000000059604643,-7.500000111758709,85.1142869825874,0.2000000029802322,382.18
1997-12-01,8.100000120699406,2.0142857443009103,-1.100000016391277,92.60000137984753,8.599999859929085,382.09
1997-12-08,2.0000000298023224,-1.0571428728955132,-5.200000077486038,91.84285851142236,10.40000021457672,382.0
1997-12-15,9.500000141561031,2.600000038743019,-5.000000074505806,91.14285850099157,42.80000062286854,381.72
1997-12-22,3.000000044703484,-1.700000025331974,-8.50000012665987,86.04285842499563,6.899999916553497,382.11
1997-12-29,10.400000154972076,3.17142861868654,-0.6000000089406967,89.44285847565958,12.600000336766245,382.1
1998-01-05,9.00000013411045,2.8857143287147795,-2.200000032782554,82.27142979736838,13.399999812245367,382.08
1998-01-12,11.30000016838312,3.685714340635709,-3.500000052154064,78.70000117272139,1.3999999538064003,382.06
1998-01-19,5.000000074505806,0.7285714394279889,-4.400000065565109,90.31428706007344,22.100000023841854,382.13
1998-01-26,2.7000000402331352,-2.542857180748667,-8.100000120699406,85.18571555508035,4.19999998062849,382.08
1998-02-02,-1.0000000149011612,-7.628571542246001,-14.800000220537186,81.37142978395734,2.6999999582767487,382.0
1998-02-09,5.000000074505806,-3.357142907168184,-13.600000202655792,76.87142971690211,0.5000000074505806,381.82
1998-02-16,14.000000208616257,6.242857235882964,-4.400000065565109,73.18571537626642,2.700000047683716,381.85
1998-02-23,14.900000222027302,5.228571506483214,-1.0000000149011612,83.32857267026391,10.900000452995302,381.81
1998-03-02,9.100000135600569,4.54285721055099,-0.5000000074505806,84.08571553868907,8.700000047683716,381.93
1998-03-09,19.10000028461218,5.942857231412615,-4.700000070035458,69.71428675310952,28.200000144541264,382.11
1998-03-16,6.800000101327896,1.814285741320678,-4.700000070035458,78.25714402326516,8.29999989271164,381.92
1998-03-23,8.50000012665987,2.271428605275495,-2.800000041723252,72.01428678738219,8.199999786913395,381.9
1998-03-30,17.100000254809856,4.671428641038282,-5.900000087916851,66.21428670095545,0.0,381.85
1998-04-06,20.60000030696392,9.285714424082212,1.100000016391277,76.10000113397837,7.799999929964542,381.77
1998-04-13,17.30000025779009,6.514285811356136,-1.100000016391277,72.7285725123116,8.000000022351742,381.64
1998-04-20,14.800000220537186,5.5285715109535625,-1.3000000193715096,71.14285820296833,20.600000381469727,381.73
1998-04-27,22.30000033229589,12.000000178813934,3.1000000461936,68.84285816869566,0.6000000014901161,381.69
1998-05-04,20.10000029951334,9.957143005515848,3.700000055134296,79.82857261810985,22.29999952763319,381.72
1998-05-11,27.500000409781933,14.800000220537186,4.400000065565109,61.214286626449656,0.8999999761581421,381.63
1998-05-18,28.60000042617321,15.257143084492002,4.500000067055225,55.70000082999468,0.5000000074505806,381.56
1998-05-25,22.100000329315662,11.914285891822406,2.200000032782554,63.95714381017855,10.70000010728836,381.5
1998-06-01,26.30000039190054,15.671428804951054,8.300000123679638,70.41428676354033,24.89999983459711,381.42
1998-06-08,32.30000048130751,19.15714314260653,8.800000131130219,69.35714389064482,20.70000007748604,381.47
1998-06-15,25.100000374019142,12.257143039788518,3.700000055134296,81.10000120848417,72.0999995470047,383.51
1998-06-22,30.600000455975533,16.614285961857863,8.300000123679638,74.40000110864639,8.799999952316284,382.37
1998-06-29,27.80000041425228,18.50000027567148,11.30000016838312,73.34285823575088,35.40000066906214,382.05
1998-07-06,25.50000037997961,16.185714526900224,10.30000015348196,75.20000112056732,7.599999964237213,381.84
1998-07-13,28.300000421702865,14.814285935035771,8.50000012665987,81.20000120997429,23.4999994635582,381.73
1998-07-20,32.80000048875809,17.271428828792914,7.700000114738941,74.95714397409132,9.200000166893004,381.65
1998-07-27,34.1000005081296,19.54285743406841,12.500000186264517,79.84285833260843,32.70000000298023,381.58
1998-08-03,25.50000037997961,17.442857402775967,12.4000001847744,79.8714297616056,15.200000286102297,381.55
1998-08-10,32.70000048726797,20.81428602444274,9.80000014603138,60.81428662048919,0.3000000119209289,381.54
1998-08-17,34.20000050961971,21.371428889887675,10.600000157952309,63.04285808226892,1.300000049173832,381.45
1998-08-24,27.10000040382147,16.700000248849392,9.3000001385808,74.22857253466334,24.000000096857548,381.36
1998-08-31,22.600000336766243,12.442857328270165,6.200000092387199,70.95714391448668,0.2000000029802322,381.3
1998-09-07,22.100000329315662,15.314285942486354,5.200000077486038,83.77142981972013,28.399999797344208,381.35
1998-09-14,26.00000038743019,13.200000196695328,5.000000074505806,85.57142984654222,59.7999988347292,381.56
1998-09-21,17.100000254809856,10.142857293997492,3.000000044703484,86.40000128746033,32.000001050531864,381.65
1998-09-28,20.30000030249357,12.68571447474616,6.000000089406967,81.88571550590652,3.000000096857548,381.52
1998-10-05,17.600000262260437,10.571428728955132,6.000000089406967,91.0857156429972,22.4000001847744,381.43
1998-10-12,13.500000201165676,8.985714419611863,5.700000084936619,90.75714420952968,22.40000055730343,381.42
1998-10-19,18.80000028014183,9.757143002535615,3.9000000581145287,89.84285848162004,14.300000011920927,381.47
1998-10-26,16.100000239908695,8.271428694682461,0.5000000074505806,81.62857264493194,31.40000057220459,381.53
1998-11-02,14.900000222027302,5.942857231412615,1.700000025331974,88.32857274476972,99.39999902248384,388.28
1998-11-09,8.400000125169754,4.014285774103233,-1.80000002682209,90.82857278202262,49.499999813735485,387.11
1998-11-16,10.000000149011612,2.628571467740195,-1.3000000193715096,94.22857283268657,24.49999964237213,387.65
1998-11-23,1.100000016391277,-4.042857203100409,-10.900000162422655,87.71428702133042,5.200000002980232,386.89
1998-11-30,1.0000000149011612,-1.65714288183621,-5.200000077486038,93.48571567876,3.800000131130219,386.37
1998-12-07,0.1000000014901161,-3.8714286291173527,-6.900000102818012,91.71428708093508,14.600000143051147,386.32
1998-12-14,7.400000110268593,-2.528571466250079,-13.600000202655792,91.18571564448732,11.799999989569187,386.28
1998-12-21,10.400000154972076,1.528571451348918,-3.000000044703484,88.75714417972735,3.700000062584877,386.03
1998-12-28,10.100000150501728,1.100000016391277,-5.500000081956387,85.54285841754505,3.600000023841858,385.82
1999-01-04,6.800000101327896,0.1571428594844681,-4.200000062584877,92.68571566683906,7.499999761581421,385.64
1999-01-11,11.30000016838312,2.9142857577119554,-0.6000000089406967,89.04285846969911,28.20000028610229,386.59
1999-01-18,9.500000141561031,-0.1142857159887041,-6.000000089406967,86.14285842648574,5.900000095367432,386.26
1999-01-25,5.200000077486038,-2.057142887796674,-5.500000081956387,94.84285855612583,1.900000050663948,386.13
1999-02-01,7.000000104308128,-3.671428626137121,-13.100000195205212,89.88571562511581,17.800000339746475,386.73
1999-02-08,5.000000074505806,-0.3714285769632883,-6.000000089406967,93.10000138729812,19.200000166893005,387.21
1999-02-15,0.6000000089406967,-5.985714374908379,-12.600000187754633,85.81428699301821,9.100000135600569,387.3
1999-02-22,4.700000070035458,0.5142857219491686,-9.600000143051147,90.6000013500452,50.099999129772186,387.51
1999-03-01,10.000000149011612,0.5428571509463447,-6.400000095367432,86.12857271198716,10.999999955296516,391.1
1999-03-08,12.500000186264517,3.7857143421258246,-3.200000047683716,84.95714412310294,14.200000241398811,392.18
1999-03-15,15.500000230968,5.342857222471919,-2.200000032782554,82.71428694682461,15.099999427795408,392.2
1999-03-22,8.00000011920929,1.9285714573093824,-4.500000067055225,80.45714405604771,7.800000131130218,392.07
1999-03-29,17.30000025779009,7.200000107288361,0.800000011920929,82.20000122487545,9.799999810755253,391.88
1999-04-05,17.600000262260437,8.400000125169754,-0.2000000029802322,75.8142868440066,5.399999812245369,391.75
1999-04-12,18.30000027269125,8.042857262705054,1.3000000193715096,81.60000121593475,16.899999856948853,391.71
1999-04-19,12.000000178813934,3.400000050663948,-0.5000000074505806,86.80000129342079,19.699999511241916,391.52
1999-04-26,18.50000027567148,9.328571567577976,0.0,78.00000116229057,9.199999801814556,391.09
1999-05-03,22.000000327825543,13.528571630162851,6.000000089406967,73.18571537626642,4.400000095367432,390.8
1999-05-10,22.800000339746475,12.071428751306874,6.70000009983778,81.1857154954757,14.000000312924383,390.45
1999-05-17,18.0000002682209,11.585714458354882,3.9000000581145287,78.97142974819455,21.80000016838312,390.17
1999-05-24,23.300000347197056,12.871428763227804,7.500000111758709,81.74285836092064,49.09999859333038,389.82
1999-05-31,28.300000421702865,19.042857426617825,7.900000117719173,68.02857244227614,4.099999904632568,389.57
1999-06-07,27.500000409781933,15.92857166592564,9.00000013411045,77.61428687082869,43.799999572336674,389.64
1999-06-14,22.000000327825543,14.814285935035771,8.400000125169754,75.62857255552497,7.599999904632568,389.33
1999-06-21,22.100000329315662,14.000000208616257,5.700000084936619,77.92857258979764,18.399999916553497,389.12
1999-06-28,25.80000038444996,14.47142878706966,4.200000062584877,72.52857250933137,5.899999961256981,388.69
1999-07-05,33.10000049322844,20.47142887647663,8.600000128149986,69.22857246015754,23.99999981373549,388.61
1999-07-12,24.300000362098217,16.34285738638469,11.500000171363354,91.95714422741106,75.00000023841858,388.87
1999-07-19,28.80000042915344,17.671428834753378,9.80000014603138,75.42857255254474,20.100000143051147,389.08
1999-07-26,26.50000039488077,16.971428824322565,8.00000011920929,75.05714397558144,7.600000023841858,388.81
1999-08-02,27.200000405311584,19.428571718079706,11.30000016838312,58.87142944868122,0.0,388.45
1999-08-09,28.50000042468309,20.18571458650487,11.500000171363354,70.35714390554598,8.900000005960464,388.21
1999-08-16,21.60000032186508,15.357143085982118,8.400000125169754,77.61428687082869,17.399999767541885,387.97
1999-08-23,22.600000336766243,15.314285942486354,7.800000116229057,69.91428675608975,2.600000023841858,387.68
1999-08-30,25.80000038444996,17.385714544781617,9.500000141561031,77.7285725868174,11.699999809265137,387.47
1999-09-06,25.00000037252903,15.585714517959527,6.400000095367432,75.60000112652779,4.5000001192092896,387.25
1999-09-13,26.80000039935112,17.442857402775967,10.80000016093254,72.57142965282712,0.0,387.12
1999-09-20,27.3000004068017,16.728571677846567,9.00000013411045,76.55714399793318,7.099999815225601,386.94
1999-09-27,24.600000366568565,15.12857165400471,8.900000132620335,84.62857268963542,17.699999444186684,386.61
1999-10-04,19.80000029504299,11.628571601850648,5.700000084936619,87.41428701686007,23.90000007301569,386.39
1999-10-11,15.400000229477882,8.757142987634454,2.7000000402331352,86.88571558041232,6.1999999061226845,386.24
1999-10-18,16.100000239908695,6.300000093877316,-1.5000000223517418,79.5285726136395,0.8999999761581421,386.13
1999-10-25,15.000000223517418,6.5571429548519,-0.6000000089406967,82.92857266430345,5.800000011920929,385.98
1999-11-01,17.100000254809856,9.314285853079388,0.9000000134110451,84.84285840711424,6.300000101327896,385.77
1999-11-08,14.000000208616257,6.34285723737308,2.0000000298023224,91.18571564448732,12.800000071525574,385.58
1999-11-15,5.200000077486038,1.9000000283122065,-2.500000037252903,91.9142870839153,25.200000166893005,385.48
1999-11-22,1.0000000149011612,-2.9142857577119554,-8.900000132620335,88.48571560425418,10.200000241398811,385.37
1999-11-29,5.000000074505806,-0.4428571494562286,-4.500000067055225,93.11428710179668,5.500000193715096,385.24
1999-12-06,7.300000108778477,1.0714285873941012,-5.200000077486038,88.14285845628807,15.300000280141832,385.31
1999-12-13,10.900000162422655,3.5714286246470044,-0.5000000074505806,86.42857271645751,16.100000202655792,385.25
1999-12-20,3.200000047683716,-1.742857168827738,-8.100000120699406,89.61428704964263,31.200000680983067,385.22
1999-12-27,4.500000067055225,-2.800000041723252,-12.10000018030405,89.42857276116099,31.300000436604023,385.18
2000-01-03,4.500000067055225,-0.9000000134110451,-3.400000050663948,93.41428710626704,7.500000059604645,385.16
2000-01-10,6.200000092387199,0.2571428609745843,-2.3000000342726707,94.95714427211456,4.199999965727329,385.13
2000-01-17,2.500000037252903,-3.4714286231568883,-10.30000015348196,91.81428708242518,8.800000011920929,385.1
2000-01-24,3.9000000581145287,-2.7714286127260754,-14.600000217556952,88.214287028781,19.699999883770943,385.19
2000-01-31,7.400000110268593,-3.157142904187952,-17.80000026524067,85.82857270751681,19.199999809265137,385.69
2000-02-07,10.400000154972076,4.157142919089113,-0.5000000074505806,83.9285726792046,3.299999997019768,386.65
2000-02-14,10.000000149011612,2.600000038743019,-2.0000000298023224,83.05714409479073,30.29999943077564,386.5
2000-02-21,8.50000012665987,0.7428571539265769,-4.700000070035458,90.01428705560309,21.599999718368053,386.78
2000-02-28,15.300000227987766,2.657142896737372,-5.4000000804662704,82.45714408585003,5.600000098347664,386.54
2000-03-06,10.80000016093254,2.457142893757139,-3.6000000536441803,79.30000118166208,21.59999975562096,386.52
2000-03-13,11.500000171363354,5.914285802415439,-2.500000037252903,83.2142869542752,20.40000007301569,386.96
2000-03-20,8.400000125169754,3.4571429086583003,-2.7000000402331352,83.62857267473426,25.29999933391809,387.36
2000-03-27,16.50000024586916,6.728571528834956,-1.3000000193715096,81.45714407094887,13.500000335276129,387.39
2000-04-03,16.600000247359276,4.671428641038282,-1.5000000223517418,84.62857268963542,39.49999962747097,387.78
2000-04-10,16.300000242888927,6.27142866488014,-2.7000000402331352,68.40000101923943,6.300000071525574,389.45
2000-04-17,18.100000269711018,7.500000111758709,1.0000000149011612,82.57142980183873,20.0,389.81
2000-04-24,25.30000037699937,12.200000181794168,2.7000000402331352,77.27142972286258,9.100000262260435,389.79
2000-05-01,22.600000336766243,14.70000021904707,5.000000074505806,76.31428685145718,0.1000000014901161,389.71
2000-05-08,24.8000003695488,15.70000023394823,7.800000116229057,72.40000107884407,3.000000096857548,389.54
2000-05-15,26.80000039935112,17.12857168380703,6.200000092387199,65.97142955447946,18.200000762939453,389.36
2000-05-22,27.200000405311584,12.31428589778287,2.200000032782554,78.17142973627362,25.300000190734863,389.19
2000-05-29,22.600000336766243,13.428571628672737,6.000000089406967,75.9428582744939,13.699999928474426,389.03
2000-06-05,28.300000421702865,16.257143099393165,3.9000000581145287,73.3285725212523,16.8999999538064,388.86
2000-06-12,30.800000458955765,17.771428836243494,5.000000074505806,70.40000104904175,2.299999952316284,388.42
2000-06-19,29.50000043958425,17.442857402775967,5.500000081956387,64.35714381613901,24.00000038743019,388.33
2000-06-26,32.20000047981739,17.45714311727456,8.800000131130219,65.77142955149922,11.000000059604645,387.95
2000-07-03,27.000000402331352,16.757143106843746,4.500000067055225,61.8714294933847,9.200000047683716,387.7
2000-07-10,24.8000003695488,15.185714511999064,9.400000140070915,79.20000118017197,37.69999980926514,387.68
2000-07-17,18.80000028014183,11.257143024887355,6.200000092387199,83.35714409926108,12.299999967217444,387.39
2000-07-24,25.30000037699937,15.257143084492002,7.200000107288361,73.70000109821558,6.599999904632568,387.19
2000-07-31,24.50000036507845,15.78571452093976,9.900000147521496,80.87142977650676,37.80000010877848,387.1
2000-08-07,26.200000390410423,15.800000235438349,10.500000156462193,84.68571554762977,31.10000026226044,387.05
2000-08-14,29.700000442564487,18.700000278651714,10.900000162422655,73.15714394726923,9.800000190734863,386.76
2000-08-21,31.10000046342612,20.7428574519498,14.100000210106373,73.28571537775653,21.699999809265137,386.55
2000-08-28,25.80000038444996,16.742857392345154,9.400000140070915,71.08571534497398,8.699999809265137,386.36
2000-09-04,23.100000344216824,14.000000208616257,7.500000111758709,78.58571545673269,5.599999964237213,386.21
2000-09-11,25.100000374019142,13.171428767698153,6.200000092387199,81.34285835496017,17.000000178813934,386.07
2000-09-18,24.00000035762787,13.857143063630376,7.700000114738941,85.92857270900693,14.5,385.91
2000-09-25,18.6000002771616,10.542857299957957,4.200000062584877,88.40000131726265,31.0999990478158,385.77
2000-10-02,22.800000339746475,13.671428775148732,8.00000011920929,87.05714415439537,12.700000002980232,385.56
2000-10-09,13.300000198185444,8.72857155863728,4.000000059604645,93.98571568621055,28.299999594688416,385.7
2000-10-16,21.80000032484532,10.44285729846784,3.400000050663948,87.55714416184595,9.800000227987766,385.48
2000-10-23,14.600000217556952,8.514285841158458,2.800000041723252,91.35714421847037,9.500000290572643,385.23
2000-10-30,17.00000025331974,9.3000001385808,3.9000000581145287,85.82857270751681,5.799999870359898,385.2
2000-11-06,14.800000220537186,6.014285803905556,0.4000000059604645,84.01428696619612,11.900000095367432,385.09
2000-11-13,11.500000171363354,4.6000000685453415,-1.80000002682209,83.41428695725543,2.3000000715255737,384.93
2000-11-20,8.400000125169754,3.085714331695012,-3.6000000536441803,93.60000139474867,10.199999786913397,384.73
2000-11-27,7.500000111758709,3.114285760692188,0.0,94.25714426168372,11.19999972730875,384.61
2000-12-04,5.500000081956387,2.928571472210544,-0.2000000029802322,97.47143002386603,4.200000010430813,384.48
2000-12-11,11.500000171363354,4.042857203100409,0.5000000074505806,91.35714421847037,17.500000312924385,384.37
2000-12-18,12.4000001847744,3.942857201610293,-2.3000000342726707,84.58571554613965,10.79999989271164,384.32
2000-12-25,2.200000032782554,-3.6000000536441803,-10.500000156462193,88.02857274029937,6.599999763071537,384.32
2001-01-01,1.700000025331974,-2.3285714632698467,-9.400000140070915,92.35714423337151,10.000000149011612,384.2
2001-01-08,6.400000095367432,1.1428571598870414,-3.1000000461936,94.87142998512302,45.50000042468309,385.74
2001-01-15,1.80000002682209,-2.7714286127260754,-8.00000011920929,84.48571554464954,8.499999761581421,385.41
2001-01-22,0.2000000029802322,-4.028571488601821,-10.500000156462193,89.12857275669064,7.599999785423279,384.73
2001-01-29,4.90000007301569,0.6142857234392848,-4.000000059604645,88.20000131428242,13.999999918043612,384.74
2001-02-05,8.400000125169754,0.2285714319774082,-5.500000081956387,87.48571558935302,24.700000166893005,384.85
2001-02-12,13.500000201165676,3.628571482641356,-3.000000044703484,84.02857268069472,3.1999999582767487,385.6
2001-02-19,10.400000154972076,2.1857143182839667,-2.200000032782554,82.87142980630908,3.700000077486038,385.15
2001-02-26,4.500000067055225,-1.3142857338700975,-7.000000104308128,85.31428698556763,21.999999940395355,385.3
2001-03-05,5.500000081956387,0.4428571494562285,-9.500000141561031,83.07142980928931,16.00000000745058,385.07
2001-03-12,13.90000020712614,6.057142947401319,-3.700000055134296,86.50000128895044,34.19999998807907,386.41
2001-03-19,15.100000225007534,6.442857238863196,1.5000000223517418,82.9714298077992,43.60000033676624,389.13
2001-03-26,11.60000017285347,5.557142939950738,-3.1000000461936,90.92857278351272,61.30000076442957,391.46
2001-04-02,17.600000262260437,5.485714367457798,-3.700000055134296,79.90000119060278,8.700000286102295,392.61
2001-04-09,18.80000028014183,7.471428682761533,2.3000000342726707,79.32857261065926,20.20000028610229,392.23
2001-04-16,11.30000016838312,3.614285768142768,-3.500000052154064,80.14285833707878,15.800000190734863,392.05
2001-04-23,11.000000163912771,2.8142857562218397,-1.0000000149011612,85.91428699450833,39.7999991774559,392.28
2001-04-30,23.80000035464764,10.94285730591842,1.0000000149011612,72.54285822382995,3.4000000655651093,392.39
2001-05-07,26.600000396370888,14.228571640593668,6.900000102818012,74.47142968113933,4.699999988079071,392.15
2001-05-14,24.600000366568565,14.314285927585193,6.000000089406967,65.27142954404864,6.599999904632568,391.98
2001-05-21,22.30000033229589,12.728571618241924,3.6000000536441803,78.9142868902002,36.399999380111694,391.62
2001-05-28,25.100000374019142,17.314285972288676,8.100000120699406,62.75714379229716,0.0,391.45
2001-06-04,25.80000038444996,13.057143051709447,4.90000007301569,72.6000010818243,12.79999966174364,391.22
2001-06-11,18.80000028014183,11.87142874832664,6.800000101327896,84.84285840711424,35.40000092983246,390.81
2001-06-18,24.600000366568565,14.000000208616257,4.400000065565109,80.92857263450112,23.199999809265137,390.48
2001-06-25,25.30000037699937,14.785714506038598,4.90000007301569,68.61428673671824,0.1000000014901161,390.12
2001-07-02,29.300000436604023,18.80000028014183,10.600000157952309,69.48571532113212,16.7999999076128,389.73
2001-07-09,29.800000444054604,17.914285981229373,8.800000131130219,70.77142962600503,32.09999942779541,389.53
2001-07-16,26.50000039488077,16.600000247359276,9.600000143051147,79.68571547312396,24.69999933242798,389.17
2001-07-23,26.50000039488077,14.585714503058366,8.00000011920929,79.30000118166208,3.30000002682209,388.83
2001-07-30,30.300000451505184,20.914286025932856,12.10000018030405,67.54285814932415,1.399999976158142,388.54
2001-08-06,30.500000454485416,19.614286006561347,9.80000014603138,72.85714394279888,25.19999978691339,388.26
2001-08-13,24.100000359117985,15.542857374463765,5.500000081956387,78.35714402475527,16.400000274181366,388.04
2001-08-20,31.300000466406345,20.571428877966746,12.10000018030405,76.37142970945153,12.000000178813934,387.73
2001-08-27,30.70000045746565,19.314286002091,12.600000187754633,76.48571542544025,2.8999999538064003,387.56
2001-09-03,21.80000032484532,14.414285929075309,7.500000111758709,74.87142968709979,16.100000023841858,387.33
2001-09-10,15.500000230968,10.257143009986196,6.000000089406967,89.81428705262286,41.39999973773956,387.29
2001-09-17,15.300000227987766,9.171428708093506,5.200000077486038,90.00000134110451,33.90000009536743,387.47
2001-09-24,16.50000024586916,9.857143004025732,2.200000032782554,87.94285845330784,17.40000019967556,387.21
2001-10-01,18.50000027567148,11.228571595890182,3.200000047683716,89.37142990316663,11.999999821186066,386.88
2001-10-08,25.30000037699937,13.428571628672737,5.200000077486038,86.02857271049704,8.999999955296516,386.65
2001-10-15,20.60000030696392,11.542857314859118,4.400000065565109,84.94285840860435,0.0,386.38
2001-10-22,17.30000025779009,9.914285862020083,5.200000077486038,92.18571565938848,8.399999976158142,386.27
2001-10-29,14.500000216066836,9.57142871405397,3.6000000536441803,92.78571566832916,10.49999973922968,386.18
2001-11-05,19.30000028759241,6.571428669350488,0.5000000074505806,86.15714414098433,5.799999810755253,386.12
2001-11-12,9.80000014603138,1.757142883326326,-6.000000089406967,86.18571556998151,30.199999526143078,386.08
2001-11-19,3.6000000536441803,-1.2428571613771573,-5.700000084936619,91.02857278500284,3.800000056624413,385.76
2001-11-26,5.500000081956387,1.2428571613771575,-1.80000002682209,92.42857280586448,30.899999022483826,385.95
2001-12-03,5.900000087916851,1.58571430934327,-2.200000032782554,96.41428715097052,26.999999649822712,386.51
2001-12-10,7.500000111758709,0.6428571524364608,-7.400000110268593,89.50000133365393,13.79999953508377,386.37
2001-12-17,1.100000016391277,-4.942857216511454,-14.000000208616257,86.50000128895044,1.4000000283122065,386.21
2001-12-24,-0.5000000074505806,-5.228571506483214,-20.10000029951334,87.77142987932477,16.400000244379044,386.11
2001-12-31,4.000000059604645,-1.4142857353602136,-7.700000114738941,88.75714417972735,39.299999713897705,385.85
2002-01-07,-1.100000016391277,-8.085714406200818,-16.300000242888927,85.17142984058175,0.7000000029802322,385.73
2002-01-14,-0.2000000029802322,-4.82857150052275,-8.800000131130219,93.65714425274304,1.2000000178813934,385.58
2002-01-21,5.500000081956387,-2.1285714602896144,-7.000000104308128,93.68571568174022,12.199999906122684,385.43
2002-01-28,12.300000183284284,5.32857150797333,-1.5000000223517418,83.40000124275684,13.800000242888927,387.91
2002-02-04,13.000000193715096,4.985714360007218,-0.5000000074505806,78.52857259873834,0.0,387.22
2002-02-11,10.900000162422655,5.371428651469095,-0.2000000029802322,87.22857272837844,26.899999633431435,387.3
2002-02-18,11.000000163912771,3.52857148115124,-3.6000000536441803,77.81428687380892,17.799999989569187,387.63
2002-02-25,5.200000077486038,1.0857143018926891,-8.00000011920929,88.42857274625983,41.10000014305115,389.15
2002-03-04,10.100000150501728,3.257142905678068,-4.000000059604645,81.32857264046159,9.299999803304672,388.97
2002-03-11,15.300000227987766,5.228571506483214,-2.600000038743019,73.58571538222688,3.1000000536441803,388.78
2002-03-18,17.80000026524067,6.9428572463137765,0.0,77.65714401432446,1.5,388.76
2002-03-25,11.400000169873238,3.928571487111705,-2.600000038743019,87.971429882305,81.39999981224537,394.53
2002-04-01,16.800000250339508,4.61428578304393,-4.700000070035458,70.18571533156293,0.0,392.86
2002-04-08,17.30000025779009,6.000000089406967,-5.200000077486038,60.5571437595146,0.0,392.35
2002-04-15,17.00000025331974,6.600000098347664,-0.6000000089406967,75.64285827002355,0.699999988079071,391.86
2002-04-22,15.600000232458116,7.471428682761533,-1.600000023841858,79.61428690063101,6.900000095367432,391.46
2002-04-29,18.50000027567148,10.08571443600314,2.200000032782554,75.71428684251649,23.49999952316284,391.27
2002-05-06,19.60000029206276,10.785714446433952,4.200000062584877,78.37142973925386,16.99999976158142,390.81
2002-05-13,24.8000003695488,14.814285935035771,5.000000074505806,74.07142967517886,22.799999810755253,390.52
2002-05-20,27.10000040382147,15.12857165400471,6.900000102818012,72.1142867888723,23.30000001192093,390.17
2002-05-27,25.30000037699937,13.457143057669912,7.000000104308128,81.52857264344182,19.099999383091927,389.88
2002-06-03,22.100000329315662,13.942857350621903,6.200000092387199,67.28571528834956,0.1000000014901161,389.48
2002-06-10,25.50000037997961,15.357143085982118,10.30000015348196,78.4428583117468,9.20000010728836,389.06
2002-06-17,30.00000044703484,19.314286002091,6.900000102818012,68.65714388021401,3.900000095367432,388.78
2002-06-24,33.30000049620867,22.871428912239416,15.600000232458116,71.61428678142173,47.10000061988831,388.41
2002-07-01,25.100000374019142,16.542857389364922,5.000000074505806,63.9000009521842,3.0,388.19
2002-07-08,27.700000412762165,16.028571667415754,7.400000110268593,78.65714402922562,23.599999822676185,387.91
2002-07-15,31.10000046342612,18.17142884220396,9.600000143051147,76.98571543289083,33.69999948143959,387.72
2002-07-22,26.100000388920307,15.828571664435524,8.600000128149986,82.2571440828698,35.30000042915344,387.76
2002-07-29,28.700000427663326,17.100000254809856,8.300000123679638,76.94285828939506,6.599999964237213,387.42
2002-08-05,29.300000436604023,19.22857171509947,11.500000171363354,75.30000112205744,39.00000095367432,387.21
2002-08-12,22.600000336766243,15.471428801970822,10.30000015348196,87.71428702133042,40.40000124275685,387.1
2002-08-19,27.700000412762165,18.22857170019831,11.500000171363354,77.60000115633011,0.1000000014901161,386.87
2002-08-26,28.00000041723252,18.67142884965454,11.400000169873238,77.88571544630187,18.0,386.62
2002-09-02,26.80000039935112,17.242857399795735,10.600000157952309,80.84285834750959,2.600000023841858,386.46
2002-09-09,25.50000037997961,15.628571661455291,7.500000111758709,78.81428688871009,20.599999576807026,386.32
2002-09-16,19.30000028759241,11.685714459844998,4.200000062584877,78.30000116676092,21.799999237060547,386.15
2002-09-23,20.000000298023224,11.328571597380298,3.000000044703484,83.9285726792046,28.299999952316284,386.76
2002-09-30,14.900000222027302,5.728571513933795,1.0000000149011612,87.28571558637279,33.700000524520874,386.33
2002-10-07,16.100000239908695,8.328571552676815,1.5000000223517418,88.54285846224853,26.399999976158146,386.47
2002-10-14,12.500000186264517,5.728571513933795,-0.5000000074505806,89.90000133961439,10.799999937415125,386.65
2002-10-21,18.30000027269125,7.342857252274241,-1.700000025331974,90.51428706305369,40.69999957084656,387.3
2002-10-28,16.600000247359276,8.657142986144338,3.200000047683716,81.5428583579404,34.299999952316284,387.26
2002-11-04,11.400000169873238,7.528571540755885,2.0000000298023224,94.02857282970632,50.49999940395355,388.78
2002-11-11,10.400000154972076,2.371428606765611,-4.000000059604645,88.457144175257,44.39999961853027,389.11
2002-11-18,13.300000198185444,5.542857225452151,0.9000000134110451,90.94285849801132,7.999999843537807,390.53
2002-11-25,10.500000156462193,4.442857209060874,0.800000011920929,92.35714423337151,18.699999809265137,389.15
2002-12-02,7.500000111758709,4.514285781553814,-0.1000000014901161,96.78571572793382,30.499999672174454,389.91
2002-12-09,4.700000070035458,-0.1571428594844681,-7.700000114738941,90.27142991657767,6.100000120699406,389.67
2002-12-16,2.200000032782554,-4.742857213531222,-10.400000154972076,91.57142993594918,9.599999904632568,390.48
2002-12-23,8.300000123679638,1.4285714498588018,-5.500000081956387,95.24285856208633,28.09999919682741,390.81
2002-12-30,10.400000154972076,2.0142857443009103,-2.200000032782554,94.52857283715691,25.300000607967377,391.78
2003-01-06,10.500000156462193,0.814285726419517,-9.00000013411045,89.15714418568781,42.09999942779541,393.35
2003-01-13,-2.800000041723252,-8.885714418121747,-15.300000227987766,82.77142980481896,9.600000001490116,393.03
2003-01-20,5.000000074505806,-0.3285714334675244,-6.000000089406967,90.51428706305369,0.7000000253319739,392.81
2003-01-27,4.200000062584877,0.3285714334675244,-5.000000074505806,93.70000139623882,8.100000001490116,392.43
2003-02-03,6.400000095367432,-2.200000032782554,-13.100000195205212,90.52857277755228,19.70000002533197,392.73
2003-02-10,1.80000002682209,-3.128571475190776,-12.10000018030405,91.35714421847037,13.600000083446504,392.18
2003-02-17,-0.4000000059604645,-6.41428580986602,-12.500000186264517,80.38571548355478,0.9000000059604645,391.8
2003-02-24,6.000000089406967,-4.500000067055225,-12.300000183284284,80.41428691255194,0.0,391.56
2003-03-03,10.600000157952309,1.1571428743856291,-8.400000125169754,81.12857263748135,8.399999931454659,391.38
2003-03-10,16.800000250339508,3.4571429086583003,-2.500000037252903,81.97142979289804,2.8999999538064003,391.55
2003-03-17,17.30000025779009,3.7571429131286487,-3.400000050663948,72.01428678738219,1.2000000476837158,391.32
2003-03-24,18.0000002682209,3.271428620176656,-4.200000062584877,63.41428665923221,0.0,391.0
2003-03-31,19.30000028759241,9.685714430042676,-0.1000000014901161,69.91428675608975,2.100000023841858,390.83
2003-04-07,16.50000024586916,2.914285757711956,-6.200000092387199,72.30000107735395,11.8000001385808,390.53
2003-04-14,18.50000027567148,4.271428635077817,-7.200000107288361,67.31428671734673,4.5,390.34
2003-04-21,20.500000305473804,11.000000163912771,0.4000000059604645,59.10000088065863,0.5,390.01
2003-04-28,23.300000347197056,12.642857331250395,3.200000047683716,62.28571521384375,3.400000095367432,389.78
2003-05-05,29.800000444054604,15.05714308151177,3.500000052154064,62.45714378782681,7.5,389.51
2003-05-12,30.70000045746565,17.51428597526891,10.000000149011612,72.94285822979042,17.79999953508377,389.2
2003-05-19,24.100000359117985,10.785714446433952,0.6000000089406967,77.24285829386541,25.900000005960464,388.82
2003-05-26,26.30000039190054,13.500000201165678,5.700000084936619,80.05714405008725,11.399999871850014,388.58
2003-06-02,27.3000004068017,18.528571704668657,11.000000163912771,71.34285820594856,14.0,388.42
2003-06-09,31.80000047385693,21.55714317836932,13.000000193715096,69.78571532560247,13.800000190734863,388.21
2003-06-16,33.30000049620867,20.68571459395545,13.100000195205212,69.90000104159117,50.3999999538064,388.04
2003-06-23,32.70000048726797,18.42857170317854,8.00000011920929,67.90000101178885,14.700000405311584,387.76
2003-06-30,32.00000047683716,20.857143167938503,11.400000169873238,62.44285807332823,6.800000190734863,387.39
2003-07-07,24.00000035762787,14.900000222027302,9.500000141561031,81.28571549696582,31.199999809265137,387.39
2003-07-14,27.000000402331352,18.91428599613053,10.000000149011612,59.35714374163321,0.0,387.22
2003-07-21,32.30000048130751,21.200000315904617,11.30000016838312,61.18571519745248,9.5,387.05
2003-07-28,32.20000047981739,20.30000030249357,13.40000019967556,69.628572466118,25.299999810755253,386.88
2003-08-04,35.50000052899122,22.071428900318487,10.900000162422655,61.44285805842706,2.6999999061226845,386.7
2003-08-11,35.00000052154064,25.742857526455605,16.300000242888927,48.61428643869503,0.0,386.58
2003-08-18,36.700000546872616,22.48571462077754,11.10000016540289,57.88571514827864,9.30000014603138,386.41
2003-08-25,28.80000042915344,20.157143157507694,11.10000016540289,60.8000009059906,0.2000000029802322,386.23
2003-09-01,28.300000421702865,15.828571664435524,6.000000089406967,71.45714392193726,21.99999952316284,385.95
2003-09-08,23.100000344216824,13.285714483686856,3.1000000461936,69.11428674416882,3.2999999076128006,385.73
2003-09-15,20.80000030994416,12.500000186264517,6.800000101327896,80.38571548355478,14.899999678134918,385.65
2003-09-22,29.000000432133675,16.65714310535363,5.700000084936619,65.6857152645077,0.0,385.6
2003-09-29,20.80000030994416,11.81428589033229,3.000000044703484,72.80000108480453,15.500000193715096,385.43
2003-10-06,21.80000032484532,10.342857296977725,2.7000000402331352,86.30000128597021,17.299999997019768,385.3
2003-10-13,13.800000205636024,7.485714397260121,0.5000000074505806,86.04285842499563,52.10000196099281,385.28
2003-10-20,10.500000156462193,3.5571429101484164,-2.200000032782554,77.21428686486823,5.099999904632568,385.21
2003-10-27,8.50000012665987,0.5857142944421085,-5.000000074505806,83.3428583847625,1.800000049173832,385.1
2003-11-03,11.000000163912771,4.385714351066521,-3.9000000581145287,85.3571441290634,9.50000012665987,384.73
2003-11-10,13.000000193715096,3.9142857726131166,-1.100000016391277,85.14285841158458,0.0,384.67
2003-11-17,7.900000117719173,1.542857165847506,-4.200000062584877,92.82857281182494,3.399999968707561,384.46
2003-11-24,8.100000120699406,4.285714349576405,-0.6000000089406967,93.9571442572134,0.4000000059604644,384.45
2003-12-01,5.4000000804662704,3.0142857592020715,0.0,97.38571573687452,28.80000077188015,384.37
2003-12-08,6.500000096857548,0.2285714319774082,-7.800000116229057,90.40000134706496,0.5,384.25
2003-12-15,7.800000116229057,1.2000000178813934,-5.900000087916851,83.01428695129496,29.599999763071537,384.2
2003-12-22,8.50000012665987,0.1714285739830562,-4.200000062584877,92.0428585144026,10.499999858438969,384.15
2003-12-29,3.200000047683716,-3.971428630607469,-12.600000187754633,83.38571552825826,0.2000000029802322,384.08
2004-01-05,1.100000016391277,-3.228571476680892,-10.900000162422655,87.35714415886572,9.199999943375587,383.96
2004-01-12,6.70000009983778,0.5857142944421087,-5.4000000804662704,94.7857156981315,51.89999983459711,384.18
2004-01-19,8.00000011920929,1.3428571628672736,-5.700000084936619,87.22857272837844,49.199999287724495,388.59
2004-01-26,1.100000016391277,-5.171428648488862,-15.300000227987766,88.07142988379512,9.200000025331974,387.21
2004-02-02,9.500000141561031,0.028571428997176,-8.900000132620335,80.48571548504489,11.900000222027302,386.51
2004-02-09,15.500000230968,5.800000086426735,-1.700000025331974,71.95714392938784,15.999999821186066,386.75
2004-02-16,6.200000092387199,0.2142857174788202,-5.500000081956387,88.80000132322311,8.600000098347664,386.38
2004-02-23,6.70000009983778,-0.1857142884816442,-4.700000070035458,80.28571548206466,15.199999958276749,386.16
2004-03-01,1.3000000193715096,-3.671428626137121,-9.100000135600569,79.85714404710701,4.500000014901161,385.88
2004-03-08,3.700000055134296,-1.742857168827738,-8.00000011920929,82.52857265834298,2.999999977648258,385.53
2004-03-15,14.600000217556952,1.714285739830562,-6.200000092387199,78.85714403220585,1.100000001490116,385.45
2004-03-22,20.60000030696392,9.500000141561031,1.3000000193715096,71.0571439159768,3.8999999314546585,385.81
2004-03-29,11.10000016540289,1.100000016391277,-3.700000055134296,81.04285835048982,30.90000057220459,386.15
2004-04-05,18.80000028014183,7.914285832217762,-1.5000000223517418,72.57142965282712,6.299999952316284,385.86
2004-04-12,11.500000171363354,3.842857200120176,-2.7000000402331352,81.95714407839945,17.299999833106995,385.71
2004-04-19,19.80000029504299,9.342857282076563,1.100000016391277,69.20000103116035,9.5,385.5
2004-04-26,22.100000329315662,10.214285866490432,0.5000000074505806,68.60000102221966,7.900000214576721,385.52
2004-05-03,23.500000350177288,13.857143063630376,5.200000077486038,67.40000100433826,14.899999976158142,385.54
2004-05-10,19.30000028759241,8.28571440918105,2.200000032782554,84.88571555061,33.49999934434891,385.68
2004-05-17,20.30000030249357,11.200000166893004,3.6000000536441803,74.12857253317323,4.199999883770943,385.35
2004-05-24,24.50000036507845,11.900000177323818,-0.2000000029802322,69.18571531666177,18.2999999076128,385.33
2004-05-31,22.000000327825543,12.68571447474616,1.700000025331974,62.77142950679575,0.8999999761581421,385.22
2004-06-07,23.300000347197056,12.714285903743336,6.70000009983778,83.47142981524978,31.700000405311584,385.11
2004-06-14,29.800000444054604,17.42857168827738,7.800000116229057,72.6000010818243,20.40000021457672,384.93
2004-06-21,23.600000351667404,14.11428592460496,5.700000084936619,74.31428682165486,12.899999856948853,384.99
2004-06-28,26.80000039935112,16.62857167635645,6.000000089406967,65.58571526301759,1.300000049173832,384.85
2004-07-05,24.8000003695488,16.28571452839034,7.900000117719173,66.60000099241734,12.89999983459711,384.78
2004-07-12,29.50000043958425,15.042857367013182,7.900000117719173,77.54285829833576,39.59999993443489,384.79
2004-07-19,28.80000042915344,17.842857408736435,10.100000150501728,75.54285826853344,9.600000098347664,384.97
2004-07-26,29.700000442564487,19.242857429598057,12.000000178813934,77.88571544630187,25.999999716877937,384.6
2004-08-02,29.200000435113907,18.685714564153127,8.50000012665987,63.500000946223736,0.0,384.51
2004-08-09,29.700000442564487,21.542857463870728,12.600000187754633,58.40000087022781,0.0,384.35
2004-08-16,31.500000469386578,18.55714313366584,11.10000016540289,72.75714394130877,29.700000382959843,384.28
2004-08-23,29.200000435113907,16.700000248849392,7.500000111758709,79.6428583296282,28.3999994546175,384.17
2004-08-30,24.300000362098217,15.042857367013182,10.000000149011612,81.44285835645029,23.799999952316284,384.12
2004-09-06,26.700000397861004,16.50000024586916,6.500000096857548,68.35714387574366,0.1000000014901161,383.92
2004-09-13,25.80000038444996,15.300000227987766,6.800000101327896,67.30000100284815,9.499999806284904,383.88
2004-09-20,22.000000327825543,12.928571621222156,4.000000059604645,79.6428583296282,8.99999988079071,383.76
2004-09-27,16.300000242888927,9.600000143051147,5.900000087916851,85.20000126957893,41.199999675154686,383.78
2004-10-04,20.500000305473804,11.171428737895829,5.700000084936619,86.92857272390809,7.599999815225601,383.65
2004-10-11,23.500000350177288,10.557143014456544,1.80000002682209,84.37142982866082,13.700000405311584,383.56
2004-10-18,12.4000001847744,5.000000074505806,-1.3000000193715096,86.17142985548291,16.300000481307507,383.5
2004-10-25,20.80000030994416,10.900000162422655,0.800000011920929,85.62857270453658,2.80000002682209,383.41
2004-11-01,15.000000223517418,8.871428703623158,3.700000055134296,91.65714422294072,3.9999999925494194,383.27
2004-11-08,11.10000016540289,6.400000095367432,-0.800000011920929,92.61428709434612,9.5999998152256,383.23
2004-11-15,3.200000047683716,0.1428571449858801,-4.90000007301569,91.54285850695202,21.79999954998493,383.3
2004-11-22,7.700000114738941,2.3000000342726707,-4.000000059604645,82.94285837880203,14.300000175833702,383.19
2004-11-29,7.800000116229057,1.3285714483686857,-5.500000081956387,88.95714418270758,8.099999822676182,383.34401
2004-12-06,4.400000065565109,1.0714285873941012,-2.1000000312924385,92.65714423784188,0.9000000357627869,383.22113
2004-12-13,2.0000000298023224,-2.9000000432133675,-6.000000089406967,91.87142994041952,0.0,383.12831
2004-12-20,2.800000041723252,-3.400000050663948,-11.400000169873238,90.6000013500452,21.100000098347664,383.04734
2004-12-27,8.50000012665987,-0.1285714304872922,-13.40000019967556,87.01428701089961,14.80000016838312,383.31316
2005-01-03,5.4000000804662704,0.4285714349576405,-4.000000059604645,90.3571442035692,8.600000061094761,383.52946
2005-01-10,10.500000156462193,3.74285719863006,-0.6000000089406967,82.92857266430345,6.8000001311302185,383.55385
2005-01-17,5.700000084936619,-0.3714285769632884,-7.300000108778477,86.54285843244621,4.799999825656414,383.45283
2005-01-24,6.500000096857548,-0.0142857144985879,-5.500000081956387,86.34285842946598,42.80000028014183,385.24618
2005-01-31,0.1000000014901161,-7.228571536285536,-16.300000242888927,84.68571554762977,17.000000216066837,384.45534
2005-02-07,1.80000002682209,-3.442857194159712,-12.500000186264517,84.91428697960717,8.699999809265137,384.13581
2005-02-14,8.600000128149986,-0.3428571479661124,-11.400000169873238,83.58571553123849,41.39999914169312,389.66712
2005-02-21,0.2000000029802322,-3.114285760692188,-6.500000096857548,90.3714299180678,15.300000123679638,388.05639
2005-02-28,1.5000000223517418,-7.014285818806717,-17.30000025779009,83.02857266579356,8.800000049173832,387.32363
2005-03-07,0.2000000029802322,-7.757142972733293,-18.50000027567148,71.14285820296833,2.4000000059604645,386.74477
2005-03-14,5.700000084936619,-1.1714285888842173,-9.100000135600569,83.72857267622437,25.10000026226044,386.21001
2005-03-21,17.00000025331974,6.300000093877316,-2.3000000342726707,73.0857153747763,1.2000000476837158,390.28526
2005-03-28,15.000000223517418,7.557142969753061,-1.100000016391277,86.3142870004688,5.599999837577343,388.85694
2005-04-04,18.0000002682209,7.928571546716349,-0.5000000074505806,61.34285805693695,8.400000095367432,388.45179
2005-04-11,17.80000026524067,7.314285823277065,-1.80000002682209,77.62857258532729,17.49999976158142,388.19244
2005-04-18,19.60000029206276,10.471428727465016,3.400000050663948,71.01428677248103,10.400000154972076,388.11118
2005-04-25,15.500000230968,7.371428681271417,-1.80000002682209,76.44285828194448,60.80000042915344,389.4964
2005-05-02,27.3000004068017,13.285714483686856,3.500000052154064,72.97142965878759,3.100000061094761,389.50688
2005-05-09,19.500000290572643,8.71428584413869,1.600000023841858,80.52857262854066,24.099999725818638,389.52874
2005-05-16,19.10000028461218,9.22857156608786,-0.1000000014901161,69.72857246760812,8.999999836087227,389.4806
2005-05-23,23.600000351667404,11.67142874534641,1.3000000193715096,77.34285829535553,33.800000205636024,389.51012
2005-05-30,30.500000454485416,18.657143135155952,7.300000108778477,60.885715192982126,1.7999999523162842,389.58963
2005-06-06,25.50000037997961,13.714285918644496,5.200000077486038,66.22857241545405,11.300000071525574,389.45877
2005-06-13,21.50000032037497,10.80000016093254,4.200000062584877,71.1857153464641,9.799999952316284,389.32972
2005-06-20,27.500000409781933,18.200000271201134,9.00000013411045,67.8428581537945,1.0,389.03683
2005-06-27,30.300000451505184,21.571428892867907,12.500000186264517,60.52857233051743,9.900000095367432,388.7628
2005-07-04,29.300000436604023,18.21428598569972,11.60000017285347,73.37142966474805,33.200000643730164,388.40287
2005-07-11,22.600000336766243,13.842857349131789,7.200000107288361,82.6285726598331,48.79999974370003,388.15612
2005-07-18,28.700000427663326,20.24285744449922,12.500000186264517,63.67142952020679,13.8000003695488,387.82799
2005-07-25,22.500000335276127,15.714285948446818,9.900000147521496,75.04285826108286,24.70000028610229,387.52421
2005-08-01,33.20000049471855,20.35714316048793,11.000000163912771,72.62857251082148,20.30000057816505,387.27659
2005-08-08,21.80000032484532,13.657143060650144,6.70000009983778,79.4000011831522,56.70000181347132,387.68052
2005-08-15,23.300000347197056,13.557143059160028,6.800000101327896,76.38571542395013,10.900000035762789,387.30627
2005-08-22,25.30000037699937,16.300000242888927,10.600000157952309,82.95714409330061,54.00000059604645,387.33266
2005-08-29,25.00000037252903,15.8571430934327,8.50000012665987,78.94285831919738,6.200000047683716,387.59592
2005-09-05,27.80000041425228,18.45714313217572,9.500000141561031,73.8000010997057,9.0,387.29653
2005-09-12,26.600000396370888,17.30000025779009,9.400000140070915,78.00000116229057,6.499999970197678,386.99498
2005-09-19,18.80000028014183,12.24285732528993,4.000000059604645,80.21428690957171,5.699999839067459,386.75723
2005-09-26,21.1000003144145,12.200000181794168,3.1000000461936,76.50000113993883,0.0,386.56843
2005-10-03,18.30000027269125,10.357143011476312,5.900000087916851,88.92857275371041,36.899999655783176,386.37964
2005-10-10,19.500000290572643,12.81428590523345,5.000000074505806,79.07142974968467,0.0,386.19084
2005-10-17,17.100000254809856,7.785714401730469,-0.2000000029802322,76.82857257340636,0.0,386.00205
2005-10-24,18.6000002771616,8.64285727164575,-1.3000000193715096,80.08571547908443,1.7999999597668648,385.82102
2005-10-31,16.800000250339508,8.914285847118922,2.200000032782554,90.58571563554662,0.6000000089406966,385.65879
2005-11-07,13.500000201165676,6.828571530325072,2.0000000298023224,95.95714428701572,12.800000049173832,385.42813
2005-11-14,9.400000140070915,3.5571429101484164,-0.4000000059604645,95.00000141561031,0.2000000029802322,385.26757
2005-11-21,4.90000007301569,0.4285714349576405,-4.500000067055225,92.21428708838565,20.00000035762787,385.08394
2005-11-28,1.100000016391277,-3.214285762182304,-8.900000132620335,85.18571555508035,5.100000008940697,385.01188
2005-12-05,4.400000065565109,-1.3714285918644495,-9.3000001385808,91.4428585054619,15.200000047683716,384.85208
2005-12-12,3.000000044703484,-1.1428571598870414,-6.900000102818012,89.70000133663416,0.8999999761581421,384.62638
2005-12-19,3.700000055134296,-0.828571440918105,-5.500000081956387,90.87142992551836,26.699999667704105,384.57472
2005-12-26,2.500000037252903,-0.2000000029802322,-3.400000050663948,96.21428714799028,5.700000047683716,384.51736
2006-01-02,3.000000044703484,-3.52857148115124,-13.800000205636024,91.64285850844212,11.200000166893004,384.31924
2006-01-09,1.80000002682209,-1.528571451348918,-7.500000111758709,88.31428703027112,0.3000000044703483,384.18004
2006-01-16,-2.200000032782554,-6.900000102818012,-12.500000186264517,91.4428585054619,0.0,384.12257
2006-01-23,2.7000000402331352,-2.6714286112359598,-13.800000205636024,89.0571441841977,21.00000035762787,383.91026
2006-01-30,0.5000000074505806,-7.400000110268593,-14.600000217556952,75.24285826406309,0.0,383.87304
2006-02-06,0.2000000029802322,-5.957142945911203,-12.300000183284284,85.70000127702951,3.5999999046325684,383.76103
2006-02-13,1.3000000193715096,-2.057142887796674,-10.30000015348196,89.38571561766523,28.800000190734863,383.65425
2006-02-20,9.100000135600569,1.1285714453884534,-13.40000019967556,84.5285726881453,28.000000290572643,384.71057
2006-02-27,6.200000092387199,-1.58571430934327,-9.900000147521496,82.27142979736838,2.999999910593033,384.63296
2006-03-06,5.000000074505806,-2.95714290120772,-9.00000013411045,85.40000127255917,19.800000198185444,384.29433
2006-03-13,6.000000089406967,-1.9285714573093824,-12.4000001847744,86.00000128149986,36.49999964237213,385.92784
2006-03-20,10.900000162422655,-0.9142857279096333,-10.000000149011612,75.20000112056732,0.0,385.55183
2006-03-27,18.6000002771616,5.200000077486038,-2.7000000402331352,79.42857261214938,19.099999368190765,388.97452
2006-04-03,16.50000024586916,8.242857265685286,3.000000044703484,79.62857261512961,19.00000023841858,392.94361
2006-04-10,14.600000217556952,4.100000061094761,-3.1000000461936,74.17142967666898,28.09999905526638,391.7911
2006-04-17,14.300000213086603,6.371428666370256,-0.9000000134110451,84.80000126361847,8.900000095367432,391.56315
2006-04-24,20.000000298023224,11.214285881391593,4.000000059604645,66.05714384147099,4.800000049173832,390.86679
2006-05-01,21.1000003144145,9.500000141561031,-0.5000000074505806,77.98571544779199,17.800000071525574,390.55305
2006-05-08,21.1000003144145,13.68571448964732,6.800000101327896,52.55714364030531,0.0,390.15326
2006-05-15,23.000000342726707,12.914285906723569,5.500000081956387,68.0714295857719,13.200000144541264,389.82747
2006-05-22,25.30000037699937,13.928571636123316,7.500000111758709,76.35714399495295,21.899999737739563,389.6266
2006-05-29,18.6000002771616,12.071428751306874,5.900000087916851,76.37142970945153,43.1999990940094,389.69492
2006-06-05,16.800000250339508,8.14285726419517,1.700000025331974,78.11428687827927,13.400000035762789,389.45608
2006-06-12,25.00000037252903,13.628571631652967,3.1000000461936,61.35714377143553,0.1000000014901161,389.18823
2006-06-19,29.800000444054604,20.628571735961096,11.30000016838312,61.51428663092,8.400000214576721,388.96026
2006-06-26,29.10000043362379,20.500000305473804,12.300000183284284,72.957143944289,16.200000286102295,388.65583
2006-07-03,28.300000421702865,17.985714553722314,10.600000157952309,76.35714399495295,19.300000190734863,388.4181
2006-07-10,29.000000432133675,20.285714587994985,13.500000201165676,72.45714393683842,31.49999921768904,388.56738
2006-07-17,29.700000442564487,20.542857448969567,8.900000132620335,61.1571437684553,0.0,388.18644
2006-07-24,33.70000050216913,23.07142891521965,12.000000178813934,55.10000082105398,13.000000387430193,387.91243
2006-07-31,32.70000048726797,21.785714610346727,14.600000217556952,69.91428675608975,24.50000024586916,387.64997
2006-08-07,22.500000335276127,15.214285940996238,9.80000014603138,81.71428693192345,32.8000006750226,387.64187
2006-08-14,21.60000032186508,12.914285906723569,6.200000092387199,82.45714408585003,24.10000067949295,387.43314
2006-08-21,26.80000039935112,16.385714529880456,9.600000143051147,76.07142970498118,23.899999618530277,387.11841
2006-08-28,22.600000336766243,13.657143060650144,8.800000131130219,82.32857265536275,28.50000011920929,387.05816
2006-09-04,24.8000003695488,14.857143078531536,8.00000011920929,76.45714399644307,10.100000083446504,386.97404
2006-09-11,27.3000004068017,16.142857383404458,6.500000096857548,68.90000102669,0.0,386.79331
2006-09-18,25.100000374019142,16.771428821342333,9.100000135600569,72.14285821786949,18.100000381469727,386.64765
2006-09-25,22.600000336766243,14.871428793030123,7.500000111758709,76.5428582834346,0.2000000029802322,386.47496
2006-10-02,21.80000032484532,14.242857355092251,8.50000012665987,86.84285843691656,2.3000000044703484,386.20422
2006-10-09,20.10000029951334,10.500000156462193,3.500000052154064,82.64285837433168,10.899999976158142,385.97228
2006-10-16,18.6000002771616,10.771428731935364,2.200000032782554,82.08571550888675,0.0,385.82433
2006-10-23,18.30000027269125,9.542857285056796,-0.800000011920929,81.40000121295452,3.300000049173832,385.78065
2006-10-30,19.60000029206276,11.87142874832664,4.700000070035458,80.2428583385689,7.899999856948851,385.57318
2006-11-06,12.600000187754633,3.485714337655476,-3.700000055134296,82.78571551931756,15.19999986886978,385.42758
2006-11-13,11.900000177323818,4.8571429295199255,-2.1000000312924385,82.88571552080768,10.59999978542328,385.33062
2006-11-20,14.40000021457672,7.385714395770004,2.200000032782554,89.84285848162004,3.5999999791383743,385.16402
2006-11-27,11.900000177323818,4.714285784534046,-0.9000000134110451,89.02857275520053,5.099999979138374,384.95455
2006-12-04,8.300000123679638,3.485714337655476,-0.5000000074505806,94.5428585516555,10.40000019222498,384.93203
2006-12-11,13.000000193715096,4.771428642528398,-2.600000038743019,89.55714419164828,14.300000324845316,384.77056
2006-12-18,7.300000108778477,2.0285714587994983,-2.500000037252903,87.10000129789114,4.299999929964542,384.65984
2006-12-25,3.9000000581145287,-0.6571428669350488,-4.500000067055225,89.6571441931384,0.2000000029802322,384.52099
2007-01-01,10.30000015348196,0.3428571479661124,-5.700000084936619,90.75714420952968,9.300000011920927,384.46407
2007-01-08,8.00000011920929,3.8714286291173527,-0.800000011920929,86.68571557743209,9.299999862909315,384.35303
2007-01-15,12.10000018030405,6.357142951871667,-3.000000044703484,79.62857261512961,9.299999929964542,384.20975
2007-01-22,12.500000186264517,5.914285802415439,-2.1000000312924385,81.88571550590652,49.900000132620335,386.77581
2007-01-29,2.7000000402331352,-3.157142904187952,-11.500000171363354,87.60000130534172,21.79999989271164,385.99037
2007-02-05,6.200000092387199,2.3428571777684346,-3.700000055134296,86.74285843542644,2.100000038743019,386.22936
2007-02-12,8.00000011920929,2.8285714707204277,-2.200000032782554,90.07142991359744,33.89999961853027,387.17379
2007-02-19,9.600000143051147,3.0428571881992474,-3.200000047683716,83.95714410820177,10.199999809265137,387.38659
2007-02-26,11.500000171363354,4.671428641038282,-1.600000023841858,81.87142979140792,7.200000144541264,386.91106
2007-03-05,10.80000016093254,5.04285721800157,-0.1000000014901161,80.67142977352653,28.90000043064356,387.3364
2007-03-12,16.00000023841858,5.314285793474743,-2.7000000402331352,77.10000114887953,1.5000000074505806,386.9177
2007-03-19,15.800000235438349,5.871428658919675,-0.5000000074505806,75.74285827151367,7.5000001192092896,386.78779
2007-03-26,14.100000210106373,2.614285753241607,-1.700000025331974,81.88571550590652,22.500000096857548,386.90858
2007-04-02,15.800000235438349,7.942857261214938,0.1000000014901161,63.357143801237854,3.30000002682209,386.62664
2007-04-09,17.30000025779009,7.257142965282712,-2.0000000298023224,68.18571530176061,24.5,387.51336
2007-04-16,24.300000362098217,13.800000205636024,2.200000032782554,55.88571511847632,0.0,387.18267
2007-04-23,23.000000342726707,10.88571444792407,0.4000000059604645,53.45714365371636,1.700000025331974,386.88097
2007-04-30,24.600000366568565,14.55714307406119,4.400000065565109,54.41428652512176,0.6000000238418579,386.68559
2007-05-07,20.500000305473804,12.014285893312522,2.7000000402331352,57.914286577275824,13.299999713897703,386.43526
2007-05-14,25.600000381469727,14.514285930565425,6.70000009983778,68.2000010162592,38.09999971836806,386.46157
2007-05-21,28.200000420212746,12.61428590225322,2.1000000312924385,71.00000105798244,9.399999856948853,386.17212
2007-05-28,28.300000421702865,18.30000027269125,7.400000110268593,72.51428679483277,43.400000393390656,386.10961
2007-06-04,22.100000329315662,12.985714479216508,3.000000044703484,78.8000011742115,36.09999895095825,386.68686
2007-06-11,27.80000041425228,19.44285743257829,12.000000178813934,67.62857243631568,2.0999999046325684,386.29648
2007-06-18,27.3000004068017,17.814285979739257,9.900000147521496,76.22857256446567,35.50000023841858,386.08684
2007-06-25,30.200000450015068,18.14285741320678,9.00000013411045,72.41428679334265,27.100000381469727,385.9747
2007-07-02,27.10000040382147,14.214285926095076,8.400000125169754,76.98571543289083,23.899999797344208,385.83298
2007-07-09,24.300000362098217,14.442857358072484,9.600000143051147,79.05714403518608,32.10000067949295,386.35635
2007-07-16,33.70000050216913,18.22857170019831,8.800000131130219,68.68571530921119,24.40000009536743,386.1146
2007-07-23,30.500000454485416,20.628571735961096,11.500000171363354,71.21428677546126,71.10000097751617,386.38623
2007-07-30,25.80000038444996,16.8142859648381,8.100000120699406,70.54285819402763,8.100000143051147,386.36119
2007-08-06,27.3000004068017,15.871428807931286,5.000000074505806,64.9857152540769,1.300000011920929,386.11215
2007-08-13,28.10000041872263,16.185714526900224,11.30000016838312,86.42857271645751,52.89999961853027,386.12749
2007-08-20,28.80000042915344,17.114285969308444,9.400000140070915,78.98571546269315,11.000000037252905,385.95247
2007-08-27,27.10000040382147,17.58571454776185,10.80000016093254,75.38571540904897,0.6000000163912772,385.72205
2007-09-03,20.60000030696392,13.314285912684031,7.800000116229057,79.41428689765078,17.600000262260437,385.5871
2007-09-10,15.100000225007534,10.400000154972076,4.500000067055225,85.04285841009447,17.89999981224537,385.45976
2007-09-17,23.600000351667404,12.82857161973204,4.400000065565109,79.18571546567338,11.200000405311586,385.3221
2007-09-24,22.500000335276127,11.74285731783935,3.400000050663948,78.81428688871009,2.399999976158142,385.15885
2007-10-01,19.30000028759241,10.028571578008789,5.200000077486038,88.07142988379512,52.70000052452088,385.56248
2007-10-08,19.80000029504299,12.085714465805465,2.7000000402331352,86.34285842946598,6.200000077486038,385.37251
2007-10-15,15.600000232458116,7.71428582923753,1.100000016391277,81.71428693192345,0.0,385.16906
2007-10-22,17.80000026524067,4.985714360007218,-1.100000016391277,87.18571558488267,7.099999934434891,384.96015
2007-10-29,11.000000163912771,4.842857215021338,0.800000011920929,91.2000013589859,4.600000098347664,384.84577
2007-11-05,10.500000156462193,5.04285721800157,-1.3000000193715096,90.51428706305369,5.199999958276749,384.64953
2007-11-12,7.900000117719173,3.1000000461936,-0.2000000029802322,90.6000013500452,61.89999949932099,386.15199
2007-11-19,2.200000032782554,-1.1571428743856291,-6.500000096857548,92.028572799904,13.500000476837158,386.25869
2007-11-26,4.400000065565109,0.7714285829237529,-1.5000000223517418,94.47142997916256,11.700000166893004,385.94882
2007-12-03,8.800000131130219,1.814285741320678,-4.700000070035458,90.75714420952968,15.200000144541264,386.40088
2007-12-10,11.10000016540289,4.071428632097585,-0.1000000014901161,89.25714418717793,21.09999948740005,387.05154
2007-12-17,3.400000050663948,-0.857142869915281,-5.200000077486038,85.91428699450833,5.999999821186066,386.8514
2007-12-24,3.1000000461936,-4.700000070035458,-8.600000128149986,90.04285848460027,0.1000000014901161,386.63622
2007-12-31,2.0000000298023224,-2.200000032782554,-6.500000096857548,94.3000014051795,5.799999952316284,386.44878
2008-01-07,5.700000084936619,-1.8571428848164424,-7.000000104308128,88.05714416929654,25.000000715255737,386.30358
2008-01-14,7.400000110268593,1.0428571583969253,-2.600000038743019,89.34285847416946,0.1000000014901161,386.40075
2008-01-21,10.30000015348196,4.000000059604645,-1.80000002682209,86.97142986740384,12.80000002682209,387.29163
2008-01-28,7.400000110268593,2.657142896737372,-2.800000041723252,76.40000113844872,3.600000023841858,386.89973
2008-02-04,9.500000141561031,1.4571428788559777,-5.000000074505806,83.95714410820177,6.299999848008156,386.83107
2008-02-11,9.100000135600569,2.1142857457910265,-3.9000000581145287,77.88571544630187,3.899999856948853,386.9292
2008-02-18,8.400000125169754,-1.65714288183621,-9.100000135600569,73.17142966176782,0.0,387.18528
2008-02-25,15.400000229477882,5.942857231412615,-3.000000044703484,78.70000117272139,3.2999998927116394,387.44136
2008-03-03,14.600000217556952,6.41428580986602,-0.6000000089406967,81.25714406796864,42.30000019073486,387.69744
2008-03-10,12.800000190734863,1.80000002682209,-7.000000104308128,74.22857253466334,0.6000000014901161,387.6087
2008-03-17,11.60000017285347,5.857142944421087,1.100000016391277,81.1857154954757,47.49999971687794,389.58324
2008-03-24,5.000000074505806,0.1285714304872921,-4.500000067055225,81.6571440739291,11.299999929964542,389.23542
2008-03-31,17.00000025331974,4.342857207570757,-4.700000070035458,75.11428683357579,5.700000002980232,389.09029
2008-04-07,14.100000210106373,4.842857215021338,-2.3000000342726707,83.18571552527803,18.100000083446503,389.17422
2008-04-14,17.80000026524067,8.400000125169754,-4.200000062584877,72.82857251380172,7.300000064074993,389.11292
2008-04-21,16.800000250339508,6.857142959322248,0.5000000074505806,80.60000120103359,35.00000037252903,389.76165
2008-04-28,21.50000032037497,9.642857286546912,2.0000000298023224,75.41428683804614,15.400000110268593,389.62297
2008-05-05,17.100000254809856,9.900000147521496,3.000000044703484,74.52857253913369,7.299999907612801,389.59368
2008-05-12,21.80000032484532,13.771428776638848,5.4000000804662704,58.08571515125888,0.1000000014901161,389.5854
2008-05-19,24.300000362098217,14.40000021457672,8.100000120699406,72.64285822532007,30.0,389.54496
2008-05-26,23.100000344216824,12.61428590225322,6.200000092387199,78.02857259128776,3.1999999657273293,389.39162
2008-06-02,29.300000436604023,20.7428574519498,12.000000178813934,67.4857152913298,6.599999904632568,389.21453
2008-06-09,22.600000336766243,16.057143096412933,10.500000156462193,83.50000124424696,34.80000042915344,389.31603
2008-06-16,26.30000039190054,13.25714305468968,4.200000062584877,76.47142971094165,19.59999978542328,389.13557
2008-06-23,30.300000451505184,18.38571455968278,8.900000132620335,71.34285820594856,1.000000037252903,388.83279
2008-06-30,29.60000044107437,19.58571457756417,12.600000187754633,69.87142961259399,4.5,388.54047
2008-07-07,30.500000454485416,18.757143136646068,8.800000131130219,67.01428671287638,33.69999980926514,388.34099
2008-07-14,30.70000045746565,16.28571452839034,10.400000154972076,78.14285830727646,23.40000016987324,388.03714
2008-07-21,23.80000035464764,15.8571430934327,8.800000131130219,73.01428680228335,10.400000035762789,387.76663
2008-07-28,28.80000042915344,17.842857408736432,9.400000140070915,72.957143944289,7.100000239908695,387.53543
2008-08-04,30.300000451505184,20.34285744598933,14.800000220537186,73.65714395471981,15.999999970197678,387.36188
2008-08-11,31.300000466406345,18.67142884965454,10.80000016093254,68.55714387872389,18.799999713897705,387.20389
2008-08-18,25.00000037252903,15.728571662945408,7.500000111758709,76.67142971392188,21.70000010728836,387.01891
2008-08-25,28.200000420212746,16.07142881091152,9.00000013411045,75.50000112503767,7.500000059604645,386.80186
2008-09-01,25.30000037699937,16.971428824322565,10.30000015348196,73.685715383717,3.900000095367432,386.62033
2008-09-08,27.60000041127205,16.985714538821153,9.500000141561031,81.81428693341357,17.90000009536743,386.41171
2008-09-15,25.700000382959843,13.714285918644496,4.700000070035458,79.70000118762255,22.300000488758087,386.26367
2008-09-22,14.000000208616257,7.1000001057982445,0.2000000029802322,80.54285834303924,8.200000047683716,386.12143
2008-09-29,16.300000242888927,8.50000012665987,2.200000032782554,83.25714409777096,0.5000000074505806,385.94384
2008-10-06,16.100000239908695,8.671428700642926,0.9000000134110451,81.3000012114644,8.600000150501728,385.7466
2008-10-13,18.50000027567148,10.700000159442425,6.200000092387199,91.88571565491812,1.0999999940395355,385.58593
2008-10-20,18.50000027567148,8.957142990614686,-0.5000000074505806,86.40000128746033,13.100000202655792,385.44465
2008-10-27,19.10000028461218,6.41428580986602,-0.5000000074505806,89.75714419462851,9.000000193715096,385.37068
2008-11-03,15.900000236928465,5.500000081956387,-1.100000016391277,93.40000139176846,21.200000002980232,385.24839
2008-11-10,18.80000028014183,7.642857256744589,2.1000000312924385,90.42857277606215,0.2000000029802322,385.03308
2008-11-17,11.800000175833702,4.414285780063698,-1.600000023841858,92.47142994936024,3.2999999076128006,384.87763
2008-11-24,7.400000110268593,1.2428571613771575,-4.500000067055225,90.1285727715918,34.600000128149986,385.0722
2008-12-01,4.700000070035458,-0.4428571494562285,-5.200000077486038,87.3857155878629,2.5,384.82116
2008-12-08,5.4000000804662704,1.4714285933545657,-3.1000000461936,89.42857276116099,9.300000011920927,384.60321
2008-12-15,6.200000092387199,-0.4000000059604645,-3.6000000536441803,96.00000143051147,11.100000023841858,384.52931
2008-12-22,6.70000009983778,1.7285714543291502,-1.600000023841858,98.07143003280672,31.40000009536743,385.22116
2008-12-29,4.400000065565109,-1.3285714483686857,-7.500000111758709,84.17142982568059,0.8000000268220901,385.27537
2009-01-05,-0.2000000029802322,-5.428571509463446,-10.500000156462193,87.52857273284879,3.5999999046325684,384.97512
2009-01-12,-5.000000074505806,-9.742857288037028,-16.100000239908695,87.45714416035584,0.0,384.68295
2009-01-19,4.000000059604645,-3.7857143421258246,-13.500000201165676,91.28571564597743,11.700000047683716,384.6142
2009-01-26,4.000000059604645,-0.4142857204590525,-5.200000077486038,93.50000139325856,12.99999976158142,384.46584
2009-02-02,4.200000062584877,-2.1428571747882024,-6.400000095367432,84.45714411565235,0.2000000029802322,384.35046
2009-02-09,7.500000111758709,-0.4714285784534046,-3.700000055134296,91.48571564895768,10.900000385940077,384.11282
2009-02-16,7.500000111758709,-2.2428571762783185,-9.400000140070915,85.61428699003798,15.699999883770944,384.09719
2009-02-23,1.80000002682209,-3.157142904187952,-14.600000217556952,93.07142995830093,17.499999821186066,384.01868
2009-03-02,6.000000089406967,1.3714285918644495,-4.000000059604645,93.44285853526422,14.000000096857548,385.29728
2009-03-09,8.100000120699406,2.485714322754315,-1.100000016391277,92.30000137537718,17.49999989569187,386.7213
2009-03-16,10.000000149011612,3.728571484131472,-0.2000000029802322,88.84285846671888,26.799999810755253,388.02521
2009-03-23,9.400000140070915,2.4285714647599628,-5.000000074505806,70.15714390256575,10.59999980032444,387.50674
2009-03-30,11.10000016540289,3.38571433616536,-4.200000062584877,87.81428702282054,22.699999690055847,387.7392
2009-04-06,20.000000298023224,10.814285875431128,1.100000016391277,72.2428582193596,5.100000023841858,387.36702
2009-04-13,21.80000032484532,13.414285914174148,5.500000081956387,59.92857232157673,0.0,387.13035
2009-04-20,21.80000032484532,11.628571601850648,2.800000041723252,68.22857244525638,32.40000033378601,387.33611
2009-04-27,20.80000030994416,11.328571597380298,0.5000000074505806,62.31428664284093,3.200000002980232,387.12757
2009-05-04,20.000000298023224,10.428571583969251,2.500000037252903,79.4000011831522,22.20000004768372,386.83094
2009-05-11,23.100000344216824,13.057143051709447,0.2000000029802322,77.62857258532729,30.80000013113022,386.66441
2009-05-18,24.8000003695488,12.32857161228146,7.700000114738941,87.52857273284879,38.299999371171,387.00859
2009-05-25,28.300000421702865,17.257143114294326,6.200000092387199,70.67142962451491,7.900000192224979,386.72558
2009-06-01,27.10000040382147,12.857143048729217,5.000000074505806,74.68571539861816,25.600000359117985,386.57457
2009-06-08,21.80000032484532,13.04285733721086,4.700000070035458,69.0142867426787,6.699999839067459,386.39992
2009-06-15,26.00000038743019,15.657143090452466,6.500000096857548,69.10000102967024,12.100000336766245,386.24033
2009-06-22,27.000000402331352,14.47142878706966,6.500000096857548,75.87142970200095,23.8000003695488,386.07597
2009-06-29,24.100000359117985,16.057143096412933,10.100000150501728,88.05714416929654,52.79999962449074,386.07441
2009-07-06,26.50000039488077,18.87142885263477,13.100000195205212,84.74285840562412,35.10000083595514,386.29987
2009-07-13,26.80000039935112,14.98571450901883,8.100000120699406,78.64285831472704,19.800000205636024,386.64553
2009-07-20,27.80000041425228,17.242857399795735,9.3000001385808,83.85714410671166,62.10000014305115,388.33286
2009-07-27,30.600000455975533,18.828571709139005,9.400000140070915,70.37142962004457,12.099999964237211,387.77486
2009-08-03,27.60000041127205,17.914285981229373,10.000000149011612,72.62857251082148,2.400000050663948,387.43392
2009-08-10,27.10000040382147,18.80000028014183,11.10000016540289,71.47142963643584,8.399999856948853,387.06001
2009-08-17,29.800000444054604,19.114285999110766,12.300000183284284,76.14285827747413,16.599999725818634,386.76802
2009-08-24,30.800000458955765,18.88571456713336,9.80000014603138,72.3571439353483,0.2000000029802322,386.53231
2009-08-31,28.50000042468309,17.87142883773361,5.700000084936619,68.57142959322248,0.8000000268220901,386.25844
2009-09-07,29.300000436604023,15.20000022649765,6.800000101327896,76.95714400389365,20.70000028610229,386.05177
2009-09-14,24.100000359117985,13.928571636123316,7.400000110268593,73.11428680377347,7.999999918043613,385.95136
2009-09-21,24.100000359117985,15.500000230968,10.000000149011612,86.84285843691656,0.9000000134110451,385.71383
2009-09-28,23.80000035464764,14.40000021457672,6.500000096857548,77.67142972882304,0.0,385.5504
2009-10-05,18.100000269711018,11.628571601850648,2.7000000402331352,76.04285827598402,1.600000023841858,385.3901
2009-10-12,25.100000374019142,13.214285911193915,2.600000038743019,85.10000126808882,24.900000035762787,385.27023
2009-10-19,8.00000011920929,2.1285714602896144,-1.600000023841858,89.98571562660592,15.800000324845316,385.13331
2009-10-26,13.100000195205212,5.485714367457798,-2.500000037252903,91.87142994041952,4.599999904632568,384.92779
2009-11-02,12.000000178813934,4.6000000685453415,-2.1000000312924385,94.71428712563856,27.399999976158146,384.89742
2009-11-09,10.000000149011612,3.4714286231568883,-1.100000016391277,93.242858532284,19.299999952316284,384.83934
2009-11-16,13.100000195205212,5.32857150797333,-2.3000000342726707,94.15714426019362,12.700000196695328,384.65912
2009-11-23,13.100000195205212,7.314285823277065,1.3000000193715096,87.35714415886572,6.39999982714653,384.59668
2009-11-30,12.500000186264517,6.27142866488014,0.4000000059604645,81.31428692596299,11.600000359117988,384.67487
2009-12-07,7.900000117719173,2.1428571747882024,-2.7000000402331352,97.1571443048971,25.49999962002039,384.54044
2009-12-14,6.70000009983778,0.3714285769632882,-6.500000096857548,92.21428708838565,25.79999929666519,385.90258
2009-12-21,-1.600000023841858,-7.71428582923753,-17.30000025779009,83.9285726792046,7.299999929964542,385.34021
2009-12-28,6.70000009983778,0.5142857219491687,-5.4000000804662704,89.38571561766523,9.199999824166298,385.12907
2010-01-04,6.000000089406967,-0.6428571524364608,-8.400000125169754,94.0571442587035,13.099999696016312,385.44103
2010-01-11,-1.100000016391277,-5.100000075995922,-8.00000011920929,91.48571564895768,7.300000011920929,385.16037
2010-01-18,3.6000000536441803,-3.31428576367242,-10.500000156462193,94.74285855463572,22.799999609589577,384.85926
2010-01-25,1.5000000223517418,-3.1000000461936,-7.300000108778477,92.17142994488988,5.400000050663948,384.75437
2010-02-01,0.2000000029802322,-4.914285787514278,-16.100000239908695,88.60000132024288,17.199999675154686,384.61791
2010-02-08,3.1000000461936,-1.685714310833386,-10.500000156462193,94.1714299746922,14.300000436604025,384.52764
2010-02-15,-3.400000050663948,-6.228571521384375,-8.100000120699406,88.55714417674712,14.70000046491623,384.38852
2010-02-22,4.90000007301569,-1.528571451348918,-9.900000147521496,86.11428699748856,4.80000002682209,384.2898
2010-03-01,11.500000171363354,4.300000064074993,-1.3000000193715096,73.928572530193,4.999999992549419,385.7988
2010-03-08,4.400000065565109,-3.342857192669596,-12.800000190734863,75.24285826406309,5.8000001311302185,386.02708
2010-03-15,3.000000044703484,-1.9714286008051465,-11.30000016838312,79.38571546865361,18.100000202655792,385.72048
2010-03-22,16.100000239908695,7.385714395770004,0.4000000059604645,75.7000011280179,4.200000077486038,388.25057
2010-03-29,22.000000327825543,8.900000132620335,1.700000025331974,73.78571538520711,13.099999964237211,388.20617
2010-04-05,18.100000269711018,6.214285806885788,-2.7000000402331352,70.60000105202198,1.200000040233135,387.87905
2010-04-12,18.30000027269125,6.5571429548519,-0.5000000074505806,64.71428667860371,1.600000061094761,387.75982
2010-04-19,18.80000028014183,7.557142969753061,-0.2000000029802322,73.5571439532297,7.699999928474426,387.5023
2010-04-26,21.80000032484532,9.885714433022908,-1.5000000223517418,54.04285794815847,0.700000025331974,387.18616
2010-05-03,24.50000036507845,12.7571430472391,4.200000062584877,70.15714390256575,22.900000013411045,387.04343
2010-05-10,17.50000026077032,8.628571557147163,3.700000055134296,86.3142870004688,18.200000166893005,386.86874
2010-05-17,20.30000030249357,9.200000137090685,4.90000007301569,82.44285837135145,34.600000597536564,387.31666
2010-05-24,23.500000350177288,11.271428739385945,2.7000000402331352,81.47142978544746,6.799999907612801,387.01231
2010-05-31,24.300000362098217,13.714285918644496,5.500000081956387,83.17142981077943,42.59999984502792,387.1076
2010-06-07,27.200000405311584,14.242857355092251,8.00000011920929,81.20000120997429,42.39999985694885,388.72421
2010-06-14,30.00000044703484,19.357143145586765,11.900000177323818,73.04285823128053,12.40000021457672,388.29636
2010-06-21,19.10000028461218,12.857143048729217,7.400000110268593,83.62857267473426,22.900000005960464,388.32756
2010-06-28,27.000000402331352,17.271428828792914,7.900000117719173,65.87142955298934,0.4000000059604645,388.12107
2010-07-05,31.000000461936,21.957143184329784,12.500000186264517,63.57142951871668,2.400000095367432,387.89932
2010-07-12,33.20000049471855,21.27142888839756,8.300000123679638,56.12857226495232,5.0,387.67862
2010-07-19,32.70000048726797,20.800000309944156,11.400000169873238,70.95714391448668,36.49999890476465,387.38368
2010-07-26,31.600000470876694,17.814285979739257,8.800000131130219,76.25714399346283,44.59999990463257,387.25472
2010-08-02,28.00000041723252,16.42857167337622,8.50000012665987,80.88571549100536,23.69999996572733,386.97949
2010-08-09,22.100000329315662,15.028571652514596,8.900000132620335,86.0714298539928,69.79999977350235,387.92145
2010-08-16,25.30000037699937,16.771428821342333,11.30000016838312,82.24285836837122,11.599999904632568,387.43307
2010-08-23,29.60000044107437,17.471428831773146,9.80000014603138,78.57142974223409,5.0000001192092896,387.11071
2010-08-30,28.300000421702865,14.942857365523066,6.500000096857548,79.67142975862537,38.19999873638153,386.84214
2010-09-06,18.100000269711018,11.200000166893004,5.200000077486038,82.0142869363938,3.699999906122685,386.61278
2010-09-13,21.50000032037497,12.67142876024757,6.200000092387199,84.35714411416224,6.700000025331974,386.37866
2010-09-20,18.30000027269125,10.557143014456544,2.7000000402331352,79.78571547461408,1.800000049173832,386.24222
2010-09-27,22.100000329315662,11.785714461335116,4.700000070035458,81.80000121891499,25.400000393390656,386.1801
2010-10-04,18.50000027567148,9.328571567577976,1.80000002682209,90.64285849354096,5.100000098347664,386.03023
2010-10-11,16.50000024586916,10.200000151991844,2.7000000402331352,80.38571548355478,2.200000047683716,385.81862
2010-10-18,15.400000229477882,5.728571513933795,1.100000016391277,86.3142870004688,4.100000023841858,385.58536
2010-10-25,10.000000149011612,3.814285771123001,-2.800000041723252,89.07142989869628,14.89999957382679,385.4469
2010-11-01,14.900000222027302,5.771428657429559,-2.600000038743019,82.90000123530626,0.0,385.35522
2010-11-08,16.300000242888927,8.485714412161283,1.80000002682209,87.58571559084314,13.799999952316284,385.34794
2010-11-15,16.50000024586916,7.114285820296833,-0.5000000074505806,85.51428698854787,13.900000467896463,385.09781
2010-11-22,7.900000117719173,2.928571472210544,0.4000000059604645,95.75714428403548,18.69999996572733,385.09998
2010-11-29,2.7000000402331352,-1.2714285903743334,-5.200000077486038,90.90000135451557,17.699999697506428,384.9944
2010-12-06,0.6000000089406967,-5.571428654449327,-11.500000171363354,92.32857280437436,49.09999942779541,384.88177
2010-12-13,8.00000011920929,-0.4857142929519925,-8.50000012665987,93.67142996724162,34.69999921321869,385.76739
2010-12-20,3.400000050663948,-5.757142942930971,-13.100000195205212,91.12857278649297,20.899999856948853,385.64215
2010-12-27,3.700000055134296,-2.9142857577119554,-12.90000019222498,92.68571566683906,11.200000025331974,385.37889
2011-01-03,-0.5000000074505806,-5.442857223962035,-14.600000217556952,91.8000013679266,2.5999999940395355,385.20048
2011-01-10,6.500000096857548,-1.4000000208616254,-10.80000016093254,94.07142997320209,19.799999810755253,385.57765
2011-01-17,9.500000141561031,3.9000000581145287,-2.500000037252903,92.82857281182494,35.50000041723251,399.4261
2011-01-24,4.700000070035458,-1.87142859931503,-10.30000015348196,90.8428584965212,10.89999993145466,395.18983
2011-01-31,0.9000000134110451,-4.228571491582053,-12.300000183284284,89.75714419462851,4.9999998807907104,393.40824
2011-02-07,11.000000163912771,0.014285714498588,-8.300000123679638,85.77142984952245,0.699999988079071,392.45905
2011-02-14,9.3000001385808,1.3285714483686857,-3.500000052154064,93.05714424380234,20.500000052154064,393.39716
2011-02-21,2.200000032782554,-1.3142857338700975,-6.400000095367432,91.05714421400002,1.100000023841858,392.42629
2011-02-28,7.500000111758709,-2.1857143182839667,-11.800000175833702,72.4857153658356,4.099999904632568,391.93187
2011-03-07,9.3000001385808,0.1714285739830562,-5.700000084936619,68.88571531219142,0.0,391.48982
2011-03-14,14.500000216066836,5.642857226942267,-5.500000081956387,64.95714382507971,0.3000000119209289,391.23537
2011-03-21,16.600000247359276,5.18571436298745,-3.700000055134296,77.78571544481176,18.299999624490734,391.06273
2011-03-28,17.100000254809856,6.742857243333544,-2.1000000312924385,67.45714386233261,0.1000000014901161,390.81323
2011-04-04,22.800000339746475,10.571428728955132,-0.1000000014901161,74.77142968560968,13.500000454485418,390.42554
2011-04-11,22.800000339746475,11.785714461335116,2.1000000312924385,61.214286626449656,0.3000000119209289,390.05846
2011-04-18,16.800000250339508,6.62857152734484,-1.3000000193715096,64.5000009611249,2.5,389.67654
2011-04-25,24.00000035762787,14.142857353602135,3.200000047683716,50.4285721800157,0.0,389.31141
2011-05-02,19.80000029504299,10.957143020417009,3.000000044703484,71.27142963345561,10.10000005364418,389.03212
2011-05-09,23.000000342726707,10.385714440473487,-2.200000032782554,55.97142940546785,0.0,388.63165
2011-05-16,25.00000037252903,13.014285908213685,4.500000067055225,67.9571438697832,13.299999929964542,388.31334
2011-05-23,25.80000038444996,16.242857384894574,7.400000110268593,66.37142956043992,7.30000014603138,388.02781
2011-05-30,28.700000427663326,15.671428804951054,7.000000104308128,60.8000009059906,15.599999427795408,387.85214
2011-06-06,26.80000039935112,16.985714538821153,9.80000014603138,75.01428683208567,46.99999856948852,387.81724
2011-06-13,23.600000351667404,14.714285933545655,8.300000123679638,78.51428688423974,2.100000061094761,387.49702
2011-06-20,26.80000039935112,15.457143087472234,8.50000012665987,80.14285833707878,44.10000029206276,387.67528
2011-06-27,27.3000004068017,16.37142881538187,8.800000131130219,76.14285827747413,18.000000417232513,387.25733
2011-07-04,29.50000043958425,14.62857164655413,6.400000095367432,78.4428583117468,36.20000038295984,387.2479
2011-07-11,27.3000004068017,18.814285994640414,12.10000018030405,77.90000116080046,37.70000047981739,387.16969
2011-07-18,26.30000039190054,16.114285954407283,7.200000107288361,77.17142972137246,25.300000190734863,387.00092
2011-07-25,23.80000035464764,13.500000201165676,7.000000104308128,82.32857265536275,53.70000076293945,388.79323
2011-08-01,24.100000359117985,14.900000222027302,9.00000013411045,79.80000118911266,11.90000021457672,388.12074
2011-08-08,26.00000038743019,17.971428839223726,10.600000157952309,82.11428693788392,8.599999964237213,387.59227
2011-08-15,28.300000421702865,16.028571667415754,7.700000114738941,77.54285829833576,45.90000104904175,387.21686
2011-08-22,31.500000469386578,20.81428602444274,12.000000178813934,75.95714398899248,0.5000000149011611,387.13829
2011-08-29,32.20000047981739,19.14285742810794,7.900000117719173,73.9142868156944,10.800000287592413,386.77324
2011-09-05,27.200000405311584,16.28571452839034,7.700000114738941,81.07142977948699,15.500000156462193,386.51533
2011-09-12,27.80000041425228,16.2142859558974,8.800000131130219,81.34285835496017,9.700000047683716,386.3394
2011-09-19,24.300000362098217,13.61428591715438,6.200000092387199,81.14285835197994,31.89999961853028,386.2461
2011-09-26,23.600000351667404,12.642857331250395,6.200000092387199,84.25714411267212,0.0,386.01216
2011-10-03,23.600000351667404,15.34285737148353,7.500000111758709,74.42857253764357,0.0,385.87045
2011-10-10,21.60000032186508,10.314285867980548,2.7000000402331352,85.27142984207187,34.00000023841858,385.80383
2011-10-17,18.100000269711018,7.400000110268593,-1.100000016391277,81.48571549994605,9.600000001490116,385.68463
2011-10-24,16.800000250339508,4.257142920579229,-2.7000000402331352,84.85714412161282,2.100000001490116,385.56353
2011-10-31,13.500000201165676,7.157142963792596,2.3000000342726707,91.57142993594918,0.400000013411045,385.37094
2011-11-07,14.40000021457672,6.228571521384375,2.0000000298023224,93.78571568323034,0.2000000029802322,385.21114
2011-11-14,13.600000202655792,2.7000000402331352,-3.700000055134296,91.97142994190963,0.0,385.06058
2011-11-21,7.900000117719173,0.4142857204590525,-3.700000055134296,94.94285855761596,0.1000000014901161,384.91056
2011-11-28,9.00000013411045,0.2857142899717603,-3.9000000581145287,94.47142997916256,0.1000000014901161,384.7387
2011-12-05,10.900000162422655,3.5857143391455923,-3.000000044703484,91.9142870839153,15.599999912083147,384.68986
2011-12-12,8.800000131130219,1.9285714573093824,-2.3000000342726707,91.90000136941671,21.100000202655792,384.67218
2011-12-19,8.50000012665987,1.671428596334798,-4.200000062584877,87.82857273731913,32.59999967366457,385.38181
2011-12-26,6.200000092387199,1.65714288183621,-4.500000067055225,93.2285728177854,9.799999840557575,385.14974
2012-01-02,9.00000013411045,2.985714330204896,-1.600000023841858,93.18571567428964,13.199999816715716,385.14905
2012-01-09,7.700000114738941,2.4285714647599628,-0.4000000059604645,88.02857274029937,35.0999995470047,385.7314
2012-01-16,5.700000084936619,0.1285714304872921,-8.600000128149986,86.54285843244621,2.200000002980232,386.00173
2012-01-23,7.000000104308128,0.7000000104308131,-7.200000107288361,88.50000131875277,52.900000274181366,389.80491
2012-01-30,1.100000016391277,-2.985714330204896,-10.400000154972076,90.00000134110451,7.499999761581421,388.63265
2012-02-06,-3.400000050663948,-12.142857323799817,-19.30000028759241,68.50000102072954,0.2000000029802322,388.06728
2012-02-13,-5.500000081956387,-11.842857319329466,-19.000000283122063,78.78571545971292,2.6000000536441803,387.63538
2012-02-20,4.400000065565109,-0.6428571524364608,-7.300000108778477,90.05714419909886,19.0,387.12587
2012-02-27,9.500000141561031,1.9857143153037344,-7.500000111758709,84.85714412161282,2.1999999806284904,387.93573
2012-03-05,9.00000013411045,4.557142925049577,-0.9000000134110451,93.90000139921904,4.299999915063381,387.75058
2012-03-12,9.600000143051147,3.071428617196424,-3.1000000461936,83.41428695725543,2.200000017881393,387.21752
2012-03-19,18.80000028014183,7.000000104308128,-1.100000016391277,72.27142964835677,3.900000095367432,386.89481
2012-03-26,17.80000026524067,8.528571555657047,-1.80000002682209,66.00000098347664,0.3000000119209289,386.62043
2012-04-02,18.6000002771616,7.157142963792596,-4.000000059604645,63.40000094473362,0.0,386.52474
2012-04-09,17.600000262260437,5.142857219491686,-3.200000047683716,79.91428690510136,9.00000011920929,386.31755
2012-04-16,18.100000269711018,7.214285821786949,2.500000037252903,74.87142968709979,14.600000411272047,386.12792
2012-04-23,15.300000227987766,6.542857240353312,-0.800000011920929,73.42857252274241,12.400000289082527,386.04659
2012-04-30,29.200000435113907,15.214285940996238,3.200000047683716,55.94285797647068,1.7999999523162842,385.85974
2012-05-07,25.100000374019142,13.371428770678383,5.900000087916851,72.70000108331442,17.5,385.7021
2012-05-14,28.50000042468309,13.4714287721685,-0.4000000059604645,67.27142957385097,5.499999918043613,385.5931
2012-05-21,26.30000039190054,12.0428573223097,0.0,62.80000093579292,4.5,385.54132
2012-05-28,26.30000039190054,16.78571453584092,7.800000116229057,58.44285801372358,4.400000095367432,385.33397
2012-06-04,23.100000344216824,14.814285935035771,8.900000132620335,78.72857260171857,24.700000643730164,385.21546
2012-06-11,22.600000336766243,13.028571622712272,4.700000070035458,84.85714412161282,22.400000050663948,385.16284
2012-06-18,30.300000451505184,17.042857396815503,8.00000011920929,74.01428681718451,38.300000965595245,385.31435
2012-06-25,27.3000004068017,18.31428598718984,9.3000001385808,72.42857250784125,16.50000023841858,385.14196
2012-07-02,32.00000047683716,19.75714315154723,9.00000013411045,71.00000105798244,22.999999910593036,385.01839
2012-07-09,27.700000412762165,19.38571457458394,13.100000195205212,77.80000115931034,7.100000239908695,384.89964
2012-07-16,25.50000037997961,15.585714517959527,9.100000135600569,72.67142965431724,9.699999742209911,384.7037
2012-07-23,26.00000038743019,15.500000230968,6.500000096857548,71.20000106096268,8.900000028312206,384.60227
2012-07-30,31.80000047385693,20.67142887945686,8.900000132620335,65.47142954702888,11.200000002980232,384.50188
2012-08-06,29.300000436604023,19.70000029355288,11.000000163912771,70.71428676801068,31.30000028759241,384.40109
2012-08-13,24.00000035762787,15.8571430934327,7.700000114738941,66.1571438429611,0.0,384.31286
2012-08-20,34.80000051856041,20.214286015502044,9.900000147521496,63.442858088229386,22.100000619888306,384.18888
2012-08-27,29.800000444054604,19.328571716589583,10.30000015348196,74.57142968262944,27.399999856948853,384.23349
2012-09-03,26.00000038743019,16.171428812401636,10.000000149011612,81.84285836241075,27.600000396370888,384.16376
2012-09-10,27.000000402331352,16.742857392345154,6.70000009983778,71.24285820445844,0.2000000029802322,384.02635
2012-09-17,27.60000041127205,12.557143044258869,3.200000047683716,78.34285831025669,11.199999809265137,383.90825
2012-09-24,24.100000359117985,11.542857314859118,2.600000038743019,79.72857261661973,12.899999737739565,383.86357
2012-10-01,23.500000350177288,12.085714465805465,5.700000084936619,82.9714298077992,14.899999856948853,383.71174
2012-10-08,21.80000032484532,11.571428743856291,1.80000002682209,81.27142978246722,16.200000166893005,383.61852
2012-10-15,13.600000202655792,7.171428678291185,0.4000000059604645,88.25714417227677,7.499999850988388,383.52336
2012-10-22,17.600000262260437,8.457142983164106,4.500000067055225,89.58571562064546,0.4000000059604644,383.38909
2012-10-29,12.000000178813934,3.9000000581145287,-3.400000050663948,91.4428585054619,13.300000339746475,383.30691
2012-11-05,12.90000019222498,5.614285797945091,-1.3000000193715096,86.60000129044056,33.400000393390656,383.3826
2012-11-12,9.100000135600569,5.214285791984627,0.6000000089406967,90.42857277606215,8.700000382959843,383.42834
2012-11-19,6.70000009983778,1.028571443898337,-1.80000002682209,96.88571572942394,0.4000000059604644,383.33869
2012-11-26,10.400000154972076,4.0857143465961725,1.100000016391277,96.15714428999594,0.2000000029802322,383.26015
2012-12-03,7.500000111758709,0.4142857204590525,-5.000000074505806,95.77142999853406,34.20000019669533,383.29715
2012-12-10,1.80000002682209,-3.128571475190776,-10.500000156462193,93.4714299642614,15.100000023841858,383.24271
2012-12-17,4.500000067055225,-2.5571428952472552,-13.90000020712614,91.87142994041952,22.70000004768372,383.27493
2012-12-24,11.30000016838312,2.5571428952472552,-2.0000000298023224,94.50000140815972,38.79999876022339,387.34434
2012-12-31,11.400000169873238,4.000000059604645,-0.9000000134110451,84.34285839966365,12.59999978542328,387.58524
2013-01-07,6.70000009983778,3.485714337655476,-2.0000000298023224,93.52857282225575,13.900000169873238,386.93877
2013-01-14,4.200000062584877,-1.0428571583969253,-6.70000009983778,90.20000134408474,9.30000001937151,386.76604
2013-01-21,-0.9000000134110451,-4.61428578304393,-8.50000012665987,93.62857282374588,17.500000193715096,386.25119
2013-01-28,2.500000037252903,-2.8142857562218397,-8.50000012665987,92.10000137239696,1.9000000283122065,385.69389
2013-02-04,12.600000187754633,3.357142907168184,-2.7000000402331352,87.87142988081489,44.60000089555979,388.97237
2013-02-11,5.900000087916851,-2.7571428982274875,-9.500000141561031,89.01428704070193,5.199999988079071,388.94146
2013-02-18,1.80000002682209,-2.4428571792585507,-8.800000131130219,91.97142994190963,7.799999982118607,388.29388
2013-02-25,0.4000000059604645,-3.942857201610293,-8.50000012665987,86.88571558041232,9.799999952316284,387.89843
2013-03-04,6.000000089406967,-0.1428571449858801,-5.900000087916851,86.22857271347728,0.3000000119209289,387.46014
2013-03-11,15.500000230968,5.485714367457798,-3.6000000536441803,79.68571547312396,5.599999882280827,387.74116
2013-03-18,5.900000087916851,-1.700000025331974,-9.400000140070915,79.44285832664796,8.700000122189522,387.40208
2013-03-25,10.100000150501728,-0.1000000014901161,-5.200000077486038,77.07142971988235,7.200000047683716,387.10444
2013-04-01,5.200000077486038,-1.0571428728955132,-6.800000101327896,79.35714403965643,5.800000011920929,386.89762
2013-04-08,9.00000013411045,1.0000000149011612,-3.200000047683716,77.00000114738941,0.2000000029802322,386.72373
2013-04-15,22.100000329315662,9.242857280586447,3.000000044703484,74.55714396813086,16.199999809265137,386.50067
2013-04-22,23.80000035464764,11.51428588586194,4.000000059604645,78.58571545673269,23.099999763071537,386.67359
2013-04-29,24.00000035762787,12.228571610791343,5.200000077486038,73.6714296692184,0.2000000029802322,386.48647
2013-05-06,19.500000290572643,12.585714473256044,6.70000009983778,81.50000121444464,6.599999859929085,386.50429
2013-05-13,22.000000327825543,11.95714303531817,3.400000050663948,85.17142984058175,25.49999988079071,386.45107
2013-05-20,23.80000035464764,13.628571631652967,5.700000084936619,73.15714394726923,18.9000004529953,386.42402
2013-05-27,16.100000239908695,7.085714391299656,2.200000032782554,87.75714416482619,32.39999959617853,386.51106
2013-06-03,19.30000028759241,8.942857276116099,4.700000070035458,93.18571567428964,113.60000038146973,393.41164
2013-06-10,24.8000003695488,15.142857368503298,6.400000095367432,78.37142973925386,19.300000190734863,393.60993
2013-06-17,30.800000458955765,17.728571692747728,9.500000141561031,71.81428678440196,2.700000002980232,392.77735
2013-06-24,33.5000004991889,20.057143156017577,10.500000156462193,72.4857153658356,16.89999955892563,391.99384
2013-07-01,23.100000344216824,11.685714459844998,7.000000104308128,80.17142976607595,12.699999906122684,391.49131
2013-07-08,25.30000037699937,18.72857170764889,11.500000171363354,72.67142965431724,7.100000239908695,391.00945
2013-07-15,27.000000402331352,17.78571455074208,8.100000120699406,62.35714378633669,0.0,390.63994
2013-07-22,30.00000044703484,21.24285745940038,10.400000154972076,53.10000079125166,0.0,390.2671
2013-07-29,35.10000052303076,22.514286049774714,14.500000216066836,63.61428666221244,17.099999517202377,389.86257
2013-08-05,34.80000051856041,21.657143179859435,13.100000195205212,66.62857242141452,15.599999837577345,389.44206
2013-08-12,33.5000004991889,19.01428599762065,12.000000178813934,75.18571540606874,16.30000016838312,389.02937
2013-08-19,28.80000042915344,17.242857399795735,7.300000108778477,64.10000095516443,15.600000381469728,388.63392
2013-08-26,24.600000366568565,15.142857368503298,8.300000123679638,78.15714402177504,34.69999849796295,388.39739
2013-09-02,23.100000344216824,14.84285736403295,9.100000135600569,73.57142966772828,0.3000000044703483,387.91799
2013-09-09,27.3000004068017,17.528571689767496,8.600000128149986,71.11428677397114,23.299999237060547,387.69064
2013-09-16,18.30000027269125,11.171428737895829,6.500000096857548,92.71428709583624,40.100000500679016,387.59823
2013-09-23,17.100000254809856,10.571428728955132,4.500000067055225,87.48571558935302,14.20000022649765,387.27505
2013-09-30,19.80000029504299,11.328571597380298,4.500000067055225,81.45714407094887,0.800000011920929,387.13458
2013-10-07,15.900000236928465,8.014285833707877,0.9000000134110451,78.34285831025669,8.699999809265137,386.85323
2013-10-14,13.300000198185444,7.05714296230248,0.6000000089406967,91.9285727984139,16.00000025331974,386.69364
2013-10-21,18.100000269711018,9.80000014603138,3.700000055134296,87.84285845181772,32.199999153614044,386.59597
2013-10-28,21.300000317394733,12.785714476236276,7.500000111758709,84.58571554613965,3.300000049173832,386.4317
2013-11-04,13.90000020712614,7.328571537775653,1.3000000193715096,86.74285843542644,10.900000005960464,386.30171
2013-11-11,15.400000229477882,7.142857249294009,0.1000000014901161,86.42857271645751,28.799999952316284,386.13508
2013-11-18,6.000000089406967,2.614285753241607,-1.100000016391277,93.64285853824444,2.000000052154064,386.08301
2013-11-25,5.500000081956387,2.1714286037853787,-4.400000065565109,90.30000134557486,7.499999865889549,385.80301
2013-12-02,4.500000067055225,-1.0857143018926894,-8.50000012665987,91.95714422741106,3.5000001117587094,385.61275
2013-12-09,5.200000077486038,0.9428571569068092,-3.500000052154064,88.04285845479795,6.200000040233135,385.47726
2013-12-16,6.000000089406967,0.9571428714053972,-3.1000000461936,96.25714429148606,1.6999999582767489,385.33313
2013-12-23,9.600000143051147,0.5571428654449326,-4.700000070035458,92.71428709583624,1.5999999567866323,385.23798
2013-12-30,8.00000011920929,2.414285750261375,-3.200000047683716,87.78571559382337,2.400000050663948,385.00525
2014-01-06,5.700000084936619,0.7142857249294009,-3.9000000581145287,94.20000140368938,6.199999764561653,384.92247
2014-01-13,11.60000017285347,3.071428617196424,-3.700000055134296,89.74285848012993,7.399999961256981,384.83194
2014-01-20,6.000000089406967,1.58571430934327,-0.9000000134110451,96.25714429148606,14.499999620020388,384.86112
2014-01-27,4.000000059604645,0.885714298912457,-2.7000000402331352,95.20000141859056,20.800000488758087,384.73599
2014-02-03,3.6000000536441803,-1.5142857368503295,-6.200000092387199,94.3000014051795,2.5999999046325684,384.53493
2014-02-10,9.500000141561031,2.057142887796674,-4.000000059604645,82.22857265387263,0.2000000029802322,384.57862
2014-02-17,12.000000178813934,3.442857194159712,-3.200000047683716,77.51428686933858,1.0000000223517418,384.39481
2014-02-24,10.900000162422655,3.414285765162536,-1.3000000193715096,83.81428696321589,6.499999798834324,384.32312
2014-03-03,11.500000171363354,3.285714334675244,-2.3000000342726707,82.00000122189522,2.5999999046325684,384.28588
2014-03-10,14.800000220537186,5.214285791984627,-1.80000002682209,72.75714394130877,0.0,384.10085
2014-03-17,17.00000025331974,7.900000117719173,-1.100000016391277,62.67142950530563,3.4999999552965164,383.99569
2014-03-24,20.30000030249357,8.257142980183874,0.1000000014901161,68.94285817018577,8.800000049173832,383.89334
2014-03-31,19.60000029206276,7.314285823277065,-3.1000000461936,67.1285724288651,2.799999952316284,383.77405
2014-04-07,21.300000317394733,12.657143045748985,4.000000059604645,65.70000097900629,1.5000000298023224,383.6328
2014-04-14,16.800000250339508,8.842857274625983,2.7000000402331352,71.11428677397114,5.60000017285347,383.56421
2014-04-21,17.30000025779009,6.742857243333544,-2.200000032782554,72.1285725033709,13.40000021457672,383.49152
2014-04-28,21.80000032484532,12.471428757267338,5.700000084936619,77.31428686635834,10.200000204145908,383.37342
2014-05-05,19.000000283122063,9.700000144541264,1.0000000149011612,78.85714403220585,7.599999912083149,383.27121
2014-05-12,21.50000032037497,11.87142874832664,4.700000070035458,74.62857254062381,20.600000023841854,383.20422
2014-05-19,22.500000335276127,9.57142871405397,2.200000032782554,77.40000115334988,7.90000007301569,383.15808
2014-05-26,29.200000435113907,17.07142882581268,7.300000108778477,66.2857152734484,26.199999645352367,383.05009
2014-06-02,19.30000028759241,11.30000016838312,4.200000062584877,83.2285726687738,36.39999979734421,383.36579
2014-06-09,32.100000478327274,18.05714312621525,7.300000108778477,62.08571521086352,1.0,383.09696
2014-06-16,32.30000048130751,18.74285742214748,7.400000110268593,60.17142946805273,0.0,382.99836
2014-06-23,24.8000003695488,15.400000229477882,6.900000102818012,62.98571522427456,3.5999999046325684,382.89559
2014-06-30,27.200000405311584,15.442857372973648,5.000000074505806,69.9714296140841,27.2999999076128,382.81961
2014-07-07,29.000000432133675,18.22857170019831,8.00000011920929,69.68571532411235,3.9999999403953552,382.74609
2014-07-14,22.600000336766243,15.028571652514596,9.900000147521496,87.8571441663163,50.70000046491623,382.73735
2014-07-21,32.20000047981739,21.02857174192156,12.500000186264517,65.47142954702888,13.399999812245367,382.66388
2014-07-28,28.00000041723252,19.500000290572643,11.900000177323818,72.80000108480453,9.099999763071535,382.60002
2014-08-04,28.200000420212746,18.971428854124888,11.500000171363354,81.62857264493194,7.600000239908695,382.51728
2014-08-11,28.700000427663326,18.657143135155952,11.500000171363354,76.34285828045437,7.199999824166298,382.43643
2014-08-18,21.1000003144145,14.214285926095076,9.80000014603138,80.87142977650676,16.099999621510506,382.39237
2014-08-25,20.30000030249357,13.342857341681208,5.200000077486038,71.78571535540479,10.600000016391276,382.29398
2014-09-01,22.100000329315662,14.200000211596487,7.800000116229057,87.55714416184595,51.69999889284372,382.54114
2014-09-08,25.30000037699937,16.542857389364922,10.600000157952309,84.62857268963542,3.299999952316284,382.33514
2014-09-15,22.30000033229589,13.857143063630376,9.100000135600569,88.3428584592683,22.600000381469727,382.39503
2014-09-22,24.100000359117985,14.642857361052718,6.000000089406967,86.94285843840667,19.399999618530277,382.27901
2014-09-29,20.30000030249357,11.271428739385945,3.1000000461936,86.3285727149674,0.6000000089406967,382.19327
2014-10-06,19.80000029504299,12.285714468785695,6.200000092387199,89.47142990465674,4.100000023841858,382.19637
2014-10-13,23.80000035464764,14.100000210106373,6.70000009983778,88.30000131577253,21.20000074058771,382.07716
2014-10-20,18.50000027567148,12.514285900763102,6.200000092387199,92.70000138133764,23.500000581145287,382.32622
2014-10-27,15.500000230968,6.685714385339192,2.3000000342726707,92.94285852781364,27.799999713897705,382.60245
2014-11-03,15.600000232458116,7.485714397260121,1.80000002682209,91.50000136345624,0.1000000014901161,382.40633
2014-11-10,15.500000230968,6.442857238863196,2.200000032782554,91.94285851291248,6.500000096857548,382.13617
2014-11-17,13.500000201165676,6.957142960812364,1.3000000193715096,94.4285728356668,2.0999999791383743,382.01197
2014-11-24,6.900000102818012,3.6000000536441803,-0.800000011920929,96.00000143051147,20.30000000447035,382.23642
2014-12-01,6.000000089406967,1.5714285948446818,-0.5000000074505806,92.35714423337151,0.3000000119209289,382.10136
2014-12-08,4.000000059604645,1.614285738340446,-2.3000000342726707,97.10000144690277,4.300000034272671,381.93946
2014-12-15,8.800000131130219,3.400000050663948,-3.200000047683716,85.91428699450833,4.600000023841858,381.84706
2014-12-22,10.900000162422655,4.842857215021338,-0.2000000029802322,88.97142989720616,19.20000028610229,382.21556
2014-12-29,9.500000141561031,-0.928571442408221,-13.300000198185444,86.52857271794763,12.5000002682209,381.88365
2015-01-05,1.80000002682209,-1.0571428728955132,-7.700000114738941,94.68571569664138,26.799999527633187,382.0443
2015-01-12,13.40000019967556,2.8428571852190148,-4.700000070035458,86.42857271645751,23.900000765919685,386.00219
2015-01-19,9.900000147521496,2.0857143167938506,-1.600000023841858,83.77142981972013,7.599999941885471,384.80663
2015-01-26,1.80000002682209,-0.6857142959322248,-3.200000047683716,93.64285853824444,9.400000311434267,384.05328
2015-02-02,2.600000038743019,-0.7428571539265769,-4.700000070035458,91.54285850695202,26.30000013113022,383.71
2015-02-09,0.5000000074505806,-4.171428633587701,-11.500000171363354,82.78571551931756,3.0999999791383743,383.3361
2015-02-16,1.80000002682209,-1.671428596334798,-5.200000077486038,96.14285857549736,0.0,383.14175
2015-02-23,6.800000101327896,-0.9857143004025732,-5.700000084936619,90.91428706901414,2.7999999076128006,382.99194
2015-03-02,7.800000116229057,1.542857165847506,-4.200000062584877,88.12857274178948,10.900000102818012,383.05717
2015-03-09,13.600000202655792,3.257142905678068,-2.200000032782554,71.15714391746691,0.5000000074505806,383.71499
2015-03-16,14.900000222027302,4.142857204590525,-2.1000000312924385,71.74285821190902,2.799999952316284,383.60004
2015-03-23,15.900000236928465,6.142857234392848,-0.5000000074505806,65.38571526003736,0.3000000119209289,383.47467
2015-03-30,16.50000024586916,6.514285811356136,-1.5000000223517418,76.95714400389365,21.400000512599945,383.37972
2015-04-06,12.300000183284284,2.8857143287147795,-2.200000032782554,75.51428683953625,16.199999906122684,383.71966
2015-04-13,19.80000029504299,9.114285850099154,-3.200000047683716,66.61428670691592,0.0,383.60632
2015-04-20,22.600000336766243,10.600000157952309,-1.600000023841858,55.68571511549609,1.800000011920929,383.46351
2015-04-27,23.000000342726707,11.24285731038877,1.100000016391277,64.30000095814466,12.599999904632568,383.43293
2015-05-04,20.500000305473804,9.80000014603138,1.5000000223517418,83.98571553719896,23.00000047683716,383.35733
2015-05-11,23.100000344216824,13.714285918644496,6.200000092387199,73.61428681122405,22.80000030994416,383.53638
2015-05-18,26.100000388920307,14.785714506038598,5.700000084936619,65.07142954106841,2.0,383.45006
2015-05-25,19.30000028759241,11.214285881391593,4.200000062584877,79.62857261512961,12.799999624490736,383.30163
2015-06-01,24.600000366568565,12.957143050219331,3.700000055134296,71.84285821339914,4.5,383.13003
2015-06-08,31.300000466406345,19.785714580544404,11.000000163912771,67.05714385637215,28.599999666213996,383.02904
2015-06-15,28.50000042468309,17.114285969308444,10.400000154972076,78.48571545524257,11.99999964237213,382.90695
2015-06-22,20.500000305473804,12.714285903743336,7.500000111758709,79.82857261810985,21.70000046491623,382.82686
2015-06-29,25.600000381469727,15.628571661455291,7.200000107288361,72.08571535987514,4.500000193715096,382.69421
2015-07-06,34.70000051707029,24.11428607361657,13.40000019967556,58.28571515423911,0.0,382.59898
2015-07-13,34.30000051110983,18.714285993150305,7.400000110268593,60.3285723275372,15.599999904632568,382.48187
2015-07-20,34.50000051409006,22.4142860482846,14.600000217556952,62.75714379229716,0.6000000089406967,382.38865
2015-07-27,35.200000524520874,20.90000031143427,9.100000135600569,62.17142949785505,13.400000013411043,382.3316
2015-08-03,28.200000420212746,17.014285967818328,7.500000111758709,62.84285807928869,1.5,382.18804
2015-08-10,35.80000053346157,24.900000371038917,14.100000210106373,53.10000079125166,1.0,382.13752
2015-08-17,34.50000051409006,21.11428602891309,12.300000183284284,69.78571532560247,26.59999990463257,382.03554
2015-08-24,28.60000042617321,16.442857387874806,9.400000140070915,73.28571537775653,20.1999996304512,382.01827
2015-08-31,33.5000004991889,21.357143175389087,8.50000012665987,61.14285805395672,0.0,381.93998
2015-09-07,31.300000466406345,13.800000205636024,7.500000111758709,78.01428687678916,13.89999943226576,381.79149
2015-09-14,25.80000038444996,13.585714488157205,4.200000062584877,72.94285822979042,5.500000059604645,381.8163
2015-09-21,28.200000420212746,13.871428778128964,4.500000067055225,76.04285827598402,3.000000074505806,381.72403
2015-09-28,17.30000025779009,11.171428737895829,5.500000081956387,77.70000115782022,13.700000166893004,381.61617
2015-10-05,20.80000030994416,10.65714301594666,3.500000052154064,70.31428676205022,8.500000096857548,381.62464
2015-10-12,19.80000029504299,10.128571579498905,-0.9000000134110451,85.22857269857612,34.20000076293945,381.58226
2015-10-19,8.50000012665987,4.585714354046753,1.80000002682209,93.728572825236,25.9999996945262,381.53805
2015-10-26,14.800000220537186,7.385714395770004,0.5000000074505806,91.50000136345624,0.4000000059604644,381.48485
2015-11-02,15.000000223517418,6.457142953361784,-1.100000016391277,87.00000129640102,0.0,381.42199
2015-11-09,17.00000025331974,9.700000144541264,-2.1000000312924385,86.81428700791938,1.7000000029802322,381.38084
2015-11-16,16.600000247359276,8.957142990614686,1.600000023841858,79.07142974968467,3.799999952316284,381.3386
2015-11-23,14.600000217556952,5.771428657429559,-1.80000002682209,84.72857269112554,52.40000054985285,381.61939
2015-11-30,8.400000125169754,1.3571428773658616,-3.200000047683716,92.9857156713094,15.899999596178532,381.37039
2015-12-07,10.600000157952309,5.057142932500158,-1.700000025331974,93.9571442572134,7.0000001192092896,381.53367
2015-12-14,7.500000111758709,2.7571428982274875,-1.700000025331974,94.10000140219928,5.600000098347664,381.40396
2015-12-21,10.100000150501728,4.842857215021338,0.5000000074505806,97.31428716438155,5.800000064074993,381.28523
2015-12-28,11.800000175833702,5.714285799435207,-1.0000000149011612,85.44285841605493,0.0,381.23038
2016-01-04,4.400000065565109,-0.7000000104308128,-5.4000000804662704,96.11428714650016,18.699999809265137,381.26537
2016-01-11,5.700000084936619,1.9285714573093824,-2.600000038743019,96.94285858741829,27.699999928474423,381.59852
2016-01-18,4.200000062584877,-1.3142857338700975,-12.10000018030405,90.02857277010169,6.6999999061226845,382.12696
