Date,TASMAX,TAS,TASMIN,Humidity,Precipitation,GWL
1988-02-15,10.600000157952309,3.357142907168184,-1.80000002682209,76.07142970498118,8.200000047683716,101.42
1988-02-22,9.3000001385808,4.228571491582053,-2.1000000312924385,84.61428697513682,14.400000132620336,101.61
1988-02-29,6.500000096857548,1.0000000149011612,-1.100000016391277,88.75714417972735,25.700000405311584,102.82
1988-03-07,4.90000007301569,1.4285714498588018,-2.1000000312924385,84.30000125616789,17.399999774992466,103.4
1988-03-14,7.200000107288361,1.9428571718079704,-4.400000065565109,84.08571553868907,29.299999572336677,104.56
1988-03-21,13.300000198185444,5.614285797945091,-3.200000047683716,80.57142977203641,25.09999994188547,104.4
1988-03-28,10.900000162422655,6.157142948891435,0.9000000134110451,85.15714412608317,43.899998903274536,106.65
1988-04-04,13.40000019967556,6.614285812846252,0.0,79.48571547014373,2.699999988079071,104.15
1988-04-11,17.80000026524067,6.41428580986602,-3.500000052154064,78.34285831025669,6.5,102.98
1988-04-18,21.60000032186508,10.314285867980548,-3.500000052154064,63.9000009521842,10.00000000745058,101.68
1988-04-25,24.8000003695488,8.314285838178225,-4.200000062584877,64.45714381762913,3.1999999284744263,100.27
1988-05-02,21.300000317394733,10.328571582479135,-2.7000000402331352,65.1000009700656,2.800000049173832,99.2
1988-05-09,22.800000339746475,13.800000205636024,3.500000052154064,65.12857239906278,0.0,98.44
1988-05-16,24.600000366568565,17.14285739830562,6.000000089406967,54.48571509761469,0.0,97.83
1988-05-23,22.800000339746475,10.571428728955132,0.2000000029802322,75.60000112652779,10.5,97.16
1988-05-30,27.3000004068017,16.685714534350804,9.00000013411045,73.30000109225512,22.90000043064356,96.81
1988-06-06,17.600000262260437,12.514285900763102,6.400000095367432,79.62857261512961,28.40000057220459,96.61
1988-06-13,22.600000336766243,14.55714307406119,6.000000089406967,80.61428691553218,8.399999976158142,96.31
1988-06-20,23.500000350177288,15.471428801970822,7.000000104308128,74.50000111013651,0.0,96.01
1988-06-27,21.80000032484532,15.185714511999064,9.500000141561031,82.08571550888675,8.999999895691872,95.86
1988-07-04,26.50000039488077,17.42857168827738,10.80000016093254,73.57142966772828,9.900000169873238,95.74
1988-07-11,26.50000039488077,17.757143121744907,9.400000140070915,64.34285810164043,12.499999642372131,95.58
1988-07-18,23.300000347197056,14.91428593652589,9.400000140070915,82.78571551931756,46.49999928474426,95.91
1988-07-25,30.100000448524952,19.242857429598057,11.800000175833702,76.44285828194448,13.40000021457672,95.62
1988-08-01,25.50000037997961,16.62857167635645,9.3000001385808,70.87142962749515,12.600000157952309,95.5
1988-08-08,27.60000041127205,18.22857170019831,7.800000116229057,70.98571534348386,13.500000417232515,95.38
1988-08-15,29.300000436604023,19.557143148567,11.900000177323818,67.50000100582838,2.0999999046325684,95.24
1988-08-22,27.60000041127205,15.91428595142705,7.000000104308128,75.38571540904897,10.099999845027924,95.14
1988-08-29,28.200000420212746,15.628571661455291,8.50000012665987,77.014286861888,12.000000029802322,95.06
1988-09-05,24.300000362098217,15.485714516469413,10.80000016093254,72.98571537328618,24.399999529123303,95.03
1988-09-12,24.300000362098217,14.48571450156825,6.000000089406967,77.44285829684564,9.799999833106996,94.97
1988-09-19,16.300000242888927,12.4000001847744,9.00000013411045,88.2285727432796,28.600000143051147,95.89
1988-09-26,21.60000032186508,13.528571630162851,6.000000089406967,83.78571553421872,55.09999988228083,101.24
1988-10-03,20.60000030696392,11.614285887352056,1.5000000223517418,78.57142974223409,10.100000381469728,99.39
1988-10-10,16.600000247359276,11.314285882881707,5.700000084936619,78.97142974819455,18.60000044107437,97.46
1988-10-17,18.6000002771616,12.085714465805465,4.200000062584877,86.52857271794763,3.3000000715255737,96.59
1988-10-24,15.900000236928465,11.285714453884534,2.0000000298023224,86.51428700344903,1.300000011920929,96.0
1988-10-31,20.80000030994416,8.700000129640102,-0.1000000014901161,80.71428691702229,3.1000000312924385,95.96
1988-11-07,11.30000016838312,2.3428571777684346,-5.700000084936619,78.48571545524257,4.599999904632568,95.23
1988-11-14,15.900000236928465,9.3000001385808,-1.80000002682209,84.71428697662694,13.499999821186066,95.1
1988-11-21,12.600000187754633,4.957142931010042,-4.500000067055225,87.47142987485442,12.999999910593033,96.28
1988-11-28,7.700000114738941,3.8857143436159407,-8.800000131130219,90.78571563852684,12.5,98.36
1988-12-05,8.600000128149986,3.542857195649828,-1.100000016391277,86.78571557892221,60.60000129044056,103.99
1988-12-12,9.500000141561031,5.414285794964859,-0.4000000059604645,89.92857276861157,21.30000001192093,103.88
1988-12-19,8.600000128149986,4.071428632097585,-2.7000000402331352,86.24285842797586,58.30000019073486,106.13
1988-12-26,10.30000015348196,7.385714395770004,0.4000000059604645,81.91428693490369,11.699999690055847,105.18
1989-01-02,10.900000162422655,5.728571513933795,-1.3000000193715096,92.10000137239696,4.600000135600567,103.6
1989-01-09,12.600000187754633,5.200000077486038,-1.700000025331974,87.18571558488267,12.400000095367432,103.15
1989-01-16,10.600000157952309,6.300000093877316,-0.1000000014901161,80.45714405604771,6.799999952316284,102.69
1989-01-23,7.500000111758709,2.95714290120772,-3.200000047683716,86.94285843840667,3.8999999687075615,101.61
1989-01-30,12.000000178813934,1.757142883326326,-5.4000000804662704,80.64285834452936,0.5000000074505806,100.1
1989-02-06,12.600000187754633,3.671428626137121,-2.800000041723252,85.90000128000975,3.799999952316284,99.04
1989-02-13,14.500000216066836,5.32857150797333,-1.80000002682209,79.60000118613243,3.50000011920929,98.22
1989-02-20,13.100000195205212,6.114285805395672,-2.7000000402331352,84.82857269261565,26.09999966621399,99.65
1989-02-27,9.3000001385808,4.385714351066521,-1.100000016391277,80.0000011920929,6.000000059604645,101.17
1989-03-06,20.10000029951334,7.400000110268593,0.4000000059604645,81.45714407094887,18.60000005364418,101.91
1989-03-13,17.600000262260437,8.800000131130219,-0.1000000014901161,78.74285831621715,12.100000083446504,101.1
1989-03-20,14.600000217556952,6.114285805395672,-2.200000032782554,78.3285725957581,27.29999939352274,102.96
1989-03-27,20.10000029951334,7.871428688721997,0.2000000029802322,73.50000109523535,23.59999948740005,102.95
1989-04-03,23.300000347197056,8.35714298167399,-0.1000000014901161,68.74285816720554,0.0,101.63
1989-04-10,15.800000235438349,7.1000001057982445,0.9000000134110451,74.90000111609697,4.699999809265137,99.89
1989-04-17,19.30000028759241,10.114285865000316,4.700000070035458,82.20000122487545,10.599999949336052,98.77
1989-04-24,16.50000024586916,6.800000101327896,-1.3000000193715096,83.25714409777096,23.90000033378601,99.14
1989-05-01,17.00000025331974,6.27142866488014,-1.0000000149011612,79.8714297616056,28.20000020414591,101.23
1989-05-08,23.100000344216824,11.485714456864766,1.100000016391277,73.12857251827207,0.0,99.92
1989-05-15,24.00000035762787,11.15714302339724,3.700000055134296,77.77142973031316,12.49999976158142,98.31
1989-05-22,25.80000038444996,16.65714310535363,5.200000077486038,61.57142948891436,0.0,97.6
1989-05-29,27.700000412762165,17.21428597079856,5.500000081956387,57.82857229028429,0.0,96.99
1989-06-05,22.30000033229589,11.114285879901477,1.3000000193715096,71.00000105798244,4.199999928474426,96.36
1989-06-12,23.300000347197056,13.40000019967556,4.700000070035458,75.97142970349107,22.30000042915344,96.03
1989-06-19,26.80000039935112,18.05714312621525,6.900000102818012,59.92857232157673,0.0,95.71
1989-06-26,28.80000042915344,19.000000283122063,10.000000149011612,73.14285823277065,22.100000381469727,95.57
1989-07-03,26.80000039935112,15.800000235438349,10.500000156462193,77.50000115483999,20.199999883770943,95.43
1989-07-10,30.800000458955765,20.34285744598933,9.100000135600569,76.02857256148543,28.40000021457672,95.67
1989-07-17,24.8000003695488,15.528571659965175,7.500000111758709,73.82857252870288,1.3000000044703484,95.34
1989-07-24,30.500000454485416,17.92857169572796,5.900000087916851,69.78571532560247,2.5000000596046448,95.2
1989-07-31,26.80000039935112,17.6428574057562,8.50000012665987,74.1571439621704,30.099999964237213,95.1
1989-08-07,27.200000405311584,15.41428594397647,7.500000111758709,76.94285828939506,9.300000250339508,95.08
1989-08-14,27.80000041425228,19.21428600060088,13.600000202655792,68.41428673373801,0.400000013411045,94.92
1989-08-21,31.600000470876694,20.9857145984258,8.50000012665987,63.371429515736445,5.0,94.84
1989-08-28,28.80000042915344,15.542857374463765,6.200000092387199,78.54285831323692,24.0,94.84
1989-09-04,23.600000351667404,13.18571448219674,5.4000000804662704,84.10000125318766,9.999999940395355,94.81
1989-09-11,24.300000362098217,15.885714522429875,5.900000087916851,74.22857253466334,0.0,94.69
1989-09-18,28.50000042468309,16.757143106843746,10.400000154972076,80.90000120550394,24.699999704957005,94.79
1989-09-25,27.80000041425228,16.514285960367747,10.80000016093254,84.18571554017919,26.500000335276127,95.61
1989-10-02,16.00000023841858,11.571428743856291,4.700000070035458,89.15714418568781,8.700000062584877,94.92
1989-10-09,22.000000327825543,9.714285859039853,0.0,82.7428583758218,32.000000059604645,96.46
1989-10-16,15.300000227987766,10.500000156462193,6.000000089406967,84.12857268218484,15.80000013113022,96.61
1989-10-23,23.300000347197056,14.62857164655413,3.1000000461936,72.15714393236807,0.699999988079071,95.37
1989-10-30,21.1000003144145,14.028571637613434,9.600000143051147,76.24285827896425,10.00000023841858,95.1
1989-11-06,15.800000235438349,9.557142999555383,4.700000070035458,87.72857273582902,24.10000065714121,95.61
1989-11-13,15.100000225007534,6.442857238863196,-0.2000000029802322,76.74285828641483,0.3000000119209289,95.12
1989-11-20,12.90000019222498,2.8142857562218397,-3.1000000461936,75.72857255701508,0.0,94.89
1989-11-27,11.30000016838312,2.628571467740195,-6.500000096857548,87.8571441663163,12.899999856948853,94.8
1989-12-04,7.400000110268593,-0.5000000074505806,-8.600000128149986,80.40000119805336,1.399999976158142,94.85
1989-12-11,6.500000096857548,2.2142857472811426,-4.000000059604645,93.68571568174022,3.799999967217445,94.83
1989-12-18,15.100000225007534,9.357142996575153,-0.5000000074505806,80.31428691106183,58.29999914765358,102.64
1989-12-25,15.100000225007534,8.742857273135867,3.9000000581145287,76.92857257489648,41.20000004768372,102.52
1990-01-01,7.500000111758709,-0.1285714304872921,-4.500000067055225,88.5714298912457,0.3000000119209289,101.86
1990-01-08,7.800000116229057,1.1714285888842173,-4.500000067055225,86.71428700642926,8.49999999254942,100.35
1990-01-15,9.600000143051147,5.014285789004394,-1.3000000193715096,85.82857270751681,2.3999999910593037,98.78
1990-01-22,10.600000157952309,6.957142960812364,1.700000025331974,82.90000123530626,5.799999982118607,97.85
1990-01-29,12.4000001847744,6.528571525854724,2.7000000402331352,75.44285826704332,30.40000019222498,101.19
1990-02-05,14.500000216066836,8.042857262705054,2.7000000402331352,67.75714386680296,3.800000049173832,100.74
1990-02-12,17.80000026524067,7.071428676801069,-0.1000000014901161,71.70000106841326,21.600000858306885,99.24
1990-02-19,15.800000235438349,5.414285794964859,-1.80000002682209,82.81428694831473,24.6000003144145,102.82
1990-02-26,19.30000028759241,9.600000143051147,-1.3000000193715096,73.88571538669723,17.699999809265137,101.7
1990-03-05,10.80000016093254,4.54285721055099,-0.2000000029802322,83.42857267175403,39.39999878406525,104.81
1990-03-12,17.50000026077032,8.757142987634454,2.1000000312924385,78.52857259873834,12.799999952316284,103.32
1990-03-19,21.1000003144145,10.357143011476312,-0.6000000089406967,66.2714295589498,1.9000000357627869,102.09
1990-03-26,14.600000217556952,8.57142869915281,1.3000000193715096,80.28571548206466,15.799999982118608,100.38
1990-04-02,20.30000030249357,7.942857261214938,-1.5000000223517418,79.35714403965643,2.9999999403953552,99.51
1990-04-09,13.800000205636024,3.400000050663948,-4.200000062584877,72.34285822084972,4.900000095367432,98.33
1990-04-16,14.500000216066836,7.485714397260121,-5.200000077486038,78.57142974223409,18.400000244379044,97.76
1990-04-23,20.000000298023224,8.157142978693757,-0.2000000029802322,77.98571544779199,10.900000050663948,97.27
1990-04-30,21.1000003144145,9.857143004025732,1.0000000149011612,75.95714398899248,7.299999982118607,96.73
1990-05-07,25.700000382959843,15.542857374463765,4.000000059604645,66.10000098496675,0.0,96.16
1990-05-14,23.600000351667404,12.68571447474616,5.900000087916851,79.8714297616056,29.90000057220459,95.95
1990-05-21,21.60000032186508,13.285714483686856,2.200000032782554,70.20000104606152,5.700000047683716,95.73
1990-05-28,22.30000033229589,11.87142874832664,-0.1000000014901161,65.50000097602606,0.0,95.5
1990-06-04,25.600000381469727,13.785714491137435,0.2000000029802322,67.98571529878038,15.49999976158142,95.32
1990-06-11,19.80000029504299,12.942857335720744,6.800000101327896,82.7428583758218,34.50000083446503,95.43
1990-06-18,24.300000362098217,14.357143071080957,5.700000084936619,77.92857258979764,0.0,95.29
1990-06-25,24.100000359117985,16.07142881091152,9.600000143051147,74.64285825512239,16.99999964237213,95.17
1990-07-02,28.00000041723252,18.74285742214748,11.000000163912771,74.17142967666898,56.100000858306885,95.32
1990-07-09,21.60000032186508,15.442857372973648,7.200000107288361,73.51428680973393,21.199999690055847,95.18
1990-07-16,28.10000041872263,16.600000247359276,5.200000077486038,68.85714388319424,11.399999618530272,95.09
1990-07-23,27.80000041425228,16.65714310535363,4.90000007301569,70.35714390554598,1.5000000596046448,94.86
1990-07-30,32.20000047981739,18.971428854124888,7.900000117719173,67.70000100880861,1.600000023841858,94.84
1990-08-06,35.60000053048134,21.671428894358023,11.400000169873238,59.4857151721205,11.5,94.73
1990-08-13,32.70000048726797,19.02857171211924,6.900000102818012,66.12857241396394,13.700000196695328,94.66
1990-08-20,25.30000037699937,17.485714546271733,11.800000175833702,73.18571537626642,33.40000009536743,94.72
1990-08-27,27.3000004068017,18.14285741320678,10.100000150501728,76.4142868529473,1.200000025331974,94.68
1990-09-03,29.800000444054604,17.15714311280421,10.500000156462193,85.38571555806058,64.10000133514404,95.99
1990-09-10,18.30000027269125,12.7571430472391,8.800000131130219,85.42857270155635,22.40000008046627,95.57
1990-09-17,18.50000027567148,12.18571446729558,5.500000081956387,81.4142869274531,2.0,95.47
1990-09-24,18.80000028014183,11.128571594400066,7.500000111758709,79.91428690510136,23.799999833106995,96.22
1990-10-01,21.300000317394733,12.10000018030405,4.90000007301569,81.32857264046159,7.60000005364418,95.11
1990-10-08,21.50000032037497,12.942857335720744,4.90000007301569,77.7285725868174,11.100000023841858,95.41
1990-10-15,26.50000039488077,14.97142879452024,3.400000050663948,71.8857153568949,0.0,95.14
1990-10-22,21.80000032484532,12.114285894802638,2.0000000298023224,77.45714401134423,1.100000023841858,94.97
1990-10-29,18.80000028014183,9.314285853079388,0.5000000074505806,74.44285825214216,13.700000286102297,94.87
1990-11-05,12.800000190734863,7.314285823277065,2.3000000342726707,86.41428700195891,23.300000071525574,95.38
1990-11-12,12.10000018030405,6.27142866488014,-0.5000000074505806,89.11428704219205,8.29999989271164,95.49
1990-11-19,13.40000019967556,8.928571561617511,3.1000000461936,88.92857275371041,48.40000078082085,100.12
1990-11-26,9.3000001385808,3.185714333185128,-1.5000000223517418,85.91428699450833,18.40000033378601,101.45
1990-12-03,6.200000092387199,2.6714286112359598,-5.200000077486038,93.68571568174022,14.500000208616257,101.26
1990-12-10,7.200000107288361,0.9571428714053972,-5.000000074505806,79.42857261214938,9.099999763071535,100.62
1990-12-17,4.000000059604645,0.842857155416693,-2.1000000312924385,90.78571563852684,19.300000309944156,101.73
1990-12-24,7.800000116229057,3.31428576367242,-2.1000000312924385,89.87142991061721,13.100000262260435,102.01
1990-12-31,9.3000001385808,5.600000083446503,1.3000000193715096,80.32857262556043,39.39999896287918,104.36
1991-01-07,12.800000190734863,6.371428666370256,2.500000037252903,79.12857260767903,19.199999809265137,104.15
1991-01-14,14.40000021457672,5.5285715109535625,-2.3000000342726707,78.3142868812595,22.800000905990604,103.68
1991-01-21,7.200000107288361,0.6428571524364608,-6.500000096857548,71.31428677695138,9.399999856948853,102.26
1991-01-28,4.700000070035458,0.6142857234392846,-3.400000050663948,90.3571442035692,0.5,101.07
1991-02-04,4.700000070035458,-3.000000044703484,-10.000000149011612,67.81428672479731,0.0,99.48
1991-02-11,-0.5000000074505806,-6.385714380868843,-14.000000208616257,77.1428582923753,5.899999916553497,98.57
1991-02-18,2.3000000342726707,-2.0428571732980862,-7.500000111758709,86.3285727149674,9.100000001490116,97.68
1991-02-25,15.600000232458116,5.214285791984627,-9.00000013411045,78.4428583117468,1.5999999791383743,99.78
1991-03-04,12.000000178813934,4.0857143465961725,-1.80000002682209,75.78571541500943,1.7000000029802322,99.13
1991-03-11,17.100000254809856,10.471428727465016,4.400000065565109,75.85714398750237,2.90000007301569,98.21
1991-03-18,19.30000028759241,10.80000016093254,2.0000000298023224,73.8000010997057,1.5000000298023224,97.44
1991-03-25,14.40000021457672,8.400000125169754,2.0000000298023224,84.91428697960717,33.9999990016222,101.25
1991-04-01,14.900000222027302,4.957142931010042,-4.400000065565109,69.6142867516194,0.800000011920929,99.63
1991-04-08,18.100000269711018,9.271428709583622,2.600000038743019,70.80000105500221,6.600000023841858,98.18
1991-04-15,20.30000030249357,10.400000154972076,1.5000000223517418,64.34285810164043,0.0,97.45
1991-04-22,10.80000016093254,3.200000047683716,-6.000000089406967,72.64285822532007,7.999999836087227,96.96
1991-04-29,14.500000216066836,5.585714368947914,-2.0000000298023224,76.771429715412,1.4000000059604645,96.36
1991-05-06,13.500000201165676,7.042857247803893,-0.9000000134110451,79.81428690361125,9.699999928474426,96.05
1991-05-13,19.30000028759241,10.971428734915596,1.0000000149011612,67.70000100880861,5.900000050663948,95.71
1991-05-20,18.80000028014183,9.628571572048324,0.2000000029802322,76.34285828045437,13.600000143051147,95.62
1991-05-27,19.80000029504299,11.285714453884534,3.400000050663948,72.41428679334265,3.100000001490116,95.44
1991-06-03,23.300000347197056,13.228571625692505,0.2000000029802322,68.2000010162592,2.5,95.29
1991-06-10,19.80000029504299,12.057143036808286,4.000000059604645,74.92857254509416,16.19999972730875,95.23
1991-06-17,23.600000351667404,14.34285735658237,7.900000117719173,70.38571533454316,8.800000011920929,95.14
1991-06-24,22.000000327825543,14.75714307704142,8.00000011920929,76.15714399197272,20.300000309944156,95.09
1991-07-01,22.500000335276127,15.100000225007534,9.3000001385808,80.32857262556043,30.90000015497208,95.12
1991-07-08,30.300000451505184,22.37142890478884,12.600000187754633,64.05714381166867,2.799999952316284,94.94
1991-07-15,32.70000048726797,19.785714580544404,8.400000125169754,69.5000010356307,19.5,94.92
1991-07-22,22.600000336766243,16.20000024139881,8.50000012665987,77.1428582923753,10.200000144541264,94.84
1991-07-29,28.300000421702865,17.671428834753378,9.500000141561031,72.90000108629465,10.200000047683716,94.73
1991-08-05,28.200000420212746,19.44285743257829,11.000000163912771,72.90000108629465,4.600000001490116,94.69
1991-08-12,31.600000470876694,20.18571458650487,10.000000149011612,72.74285822681018,28.20000022649765,94.67
1991-08-19,25.600000381469727,16.87142882283245,8.50000012665987,71.47142963643584,4.800000190734864,94.68
1991-08-26,30.800000458955765,17.985714553722314,8.00000011920929,69.40000103414059,1.5,94.53
1991-09-02,27.80000041425228,16.085714525410108,4.000000059604645,65.70000097900629,0.0,94.48
1991-09-09,28.700000427663326,16.085714525410108,9.400000140070915,72.61428679632289,4.100000023841858,94.47
1991-09-16,26.200000390410423,14.47142878706966,1.700000025331974,70.38571533454316,12.799999609589577,94.44
1991-09-23,24.100000359117985,14.542857359562602,3.700000055134296,74.77142968560968,0.9999999776482582,94.4
1991-09-30,25.30000037699937,14.314285927585193,7.900000117719173,81.75714407541922,36.899999767541885,94.53
1991-10-07,19.30000028759241,12.24285732528993,7.000000104308128,83.5714298167399,23.90000019222498,94.67
1991-10-14,22.100000329315662,12.914285906723569,6.200000092387199,82.12857265238252,11.399999618530272,94.65
1991-10-21,19.10000028461218,8.64285727164575,2.7000000402331352,80.828572633011,15.799999952316284,94.79
1991-10-28,11.10000016540289,6.885714388319424,0.2000000029802322,77.07142971988235,3.7999999299645424,94.65
1991-11-04,14.800000220537186,7.12857153479542,-2.600000038743019,72.04285821637937,29.200000762939453,95.3
1991-11-11,11.10000016540289,6.614285812846252,2.200000032782554,86.92857272390809,48.99999962002039,99.28
1991-11-18,11.900000177323818,5.485714367457798,-0.5000000074505806,81.6571440739291,5.399999924004078,97.75
1991-11-25,8.00000011920929,3.257142905678068,-4.200000062584877,88.47142988975558,27.599999584257606,99.26
1991-12-02,10.500000156462193,2.657142896737372,-2.7000000402331352,87.34285844436714,0.1000000014901161,97.47
1991-12-09,4.700000070035458,0.7857142974223409,-3.200000047683716,88.07142988379512,2.1000000312924385,96.25
1991-12-16,6.500000096857548,0.3285714334675244,-5.700000084936619,71.37142963494573,1.100000023841858,95.78
1991-12-23,11.900000177323818,6.742857243333544,0.800000011920929,87.67142987783465,75.69999980926514,101.14
1991-12-30,8.50000012665987,3.714285769632885,-2.200000032782554,90.58571563554662,9.500000193715096,101.92
1992-01-06,10.000000149011612,5.68571437043803,-1.3000000193715096,85.2428584130747,21.799999713897705,103.45
1992-01-13,12.300000183284284,3.7857143421258246,-5.200000077486038,83.97142982270036,5.600000023841858,102.33
1992-01-20,6.000000089406967,3.800000056624413,-4.000000059604645,87.01428701089961,14.1999998614192,101.98
1992-01-27,2.500000037252903,-2.614285753241607,-7.400000110268593,81.72857264642205,0.7000000029802322,101.16
1992-02-03,5.200000077486038,0.042857143495764,-3.6000000536441803,90.27142991657767,4.100000098347664,99.18
1992-02-10,11.500000171363354,5.32857150797333,-0.9000000134110451,82.70000123232603,12.4000004529953,99.26
1992-02-17,12.10000018030405,5.500000081956387,-5.4000000804662704,82.5000012293458,18.69999998807907,100.59
1992-02-24,9.500000141561031,2.742857183728899,-6.70000009983778,84.8714298361114,4.600000061094761,101.21
1992-03-02,17.80000026524067,7.971428690212114,1.100000016391277,71.07142963047538,0.9999999776482582,100.41
1992-03-09,18.0000002682209,7.142857249294009,0.5000000074505806,78.6857154582228,5.5,99.14
1992-03-16,13.600000202655792,5.04285721800157,0.1000000014901161,79.54285832813808,55.2000008225441,103.73
1992-03-23,14.500000216066836,6.971428675310952,0.9000000134110451,82.71428694682461,26.300000071525574,103.92
1992-03-30,12.4000001847744,4.242857206080641,-1.600000023841858,76.97142971839223,6.100000031292439,102.87
1992-04-06,12.4000001847744,6.328571522874491,-0.6000000089406967,78.81428688871009,12.999999821186066,102.18
1992-04-13,17.80000026524067,8.085714406200818,-1.3000000193715096,69.385715319642,3.0,100.68
1992-04-20,13.600000202655792,6.8142858158264845,-0.1000000014901161,72.75714394130877,11.999999858438969,99.37
1992-04-27,19.80000029504299,11.714285888842172,-0.5000000074505806,71.65714392491749,22.3999999538064,98.81
1992-05-04,15.900000236928465,8.914285847118922,0.5000000074505806,76.32857256595578,11.799999833106996,98.09
1992-05-11,18.50000027567148,10.742857302938187,1.100000016391277,76.22857256446567,38.800000727176666,98.16
1992-05-18,28.700000427663326,15.842857378934111,5.000000074505806,67.1142867143665,0.0,97.59
1992-05-25,29.60000044107437,18.40000027418137,5.500000081956387,59.15714373865298,0.0,96.77
1992-06-01,24.50000036507845,17.985714553722314,9.00000013411045,56.58571512890713,0.0,96.3
1992-06-08,23.500000350177288,15.728571662945408,11.30000016838312,86.00000128149986,88.10000038146973,98.51
1992-06-15,25.50000037997961,16.300000242888927,7.700000114738941,76.7857154299106,4.600000202655792,97.32
1992-06-22,24.100000359117985,15.314285942486354,8.50000012665987,78.90000117570162,10.900000095367432,96.47
1992-06-29,28.60000042617321,18.94285742512771,8.100000120699406,61.014286623469424,0.0,96.03
1992-07-06,30.300000451505184,18.628571706158773,10.80000016093254,75.18571540606874,35.0999995470047,95.84
1992-07-13,26.80000039935112,17.90000026673079,8.50000012665987,72.61428679632289,17.900000363588333,95.66
1992-07-20,30.300000451505184,19.14285742810794,9.00000013411045,72.471429651337,5.6999999061226845,95.55
1992-07-27,33.10000049322844,19.72857172255005,11.000000163912771,69.77142961110387,31.40000069141388,95.75
1992-08-03,30.600000455975533,20.47142887647663,9.500000141561031,64.07142952616725,0.3000000119209289,95.39
1992-08-10,35.700000531971455,22.04285747132131,11.400000169873238,62.87142950828586,1.100000023841858,95.24
1992-08-17,24.100000359117985,16.100000239908695,8.100000120699406,72.02857250188079,28.40000033378601,95.2
1992-08-24,27.200000405311584,18.614285991660186,11.000000163912771,76.4285725674459,25.899999916553497,95.15
1992-08-31,28.80000042915344,18.30000027269125,12.10000018030405,78.8000011742115,38.59999990463257,95.57
1992-09-07,20.60000030696392,12.514285900763102,8.400000125169754,78.37142973925386,22.099999964237213,95.85
1992-09-14,24.100000359117985,13.585714488157205,6.000000089406967,74.32857253615346,8.00000011920929,95.25
1992-09-21,23.80000035464764,14.785714506038598,6.200000092387199,80.70000120252371,15.699999570846556,95.13
1992-09-28,26.700000397861004,16.057143096412933,7.900000117719173,71.65714392491749,0.0,94.93
1992-10-05,20.30000030249357,12.528571615261692,7.200000107288361,82.81428694831473,7.499999940395355,94.89
1992-10-12,12.500000186264517,8.314285838178225,-0.2000000029802322,87.88571559531348,25.50000095367432,95.18
1992-10-19,13.100000195205212,5.728571513933795,-2.500000037252903,72.31428679185254,5.600000001490116,95.03
1992-10-26,14.600000217556952,6.27142866488014,0.5000000074505806,84.80000126361847,39.700000859797,99.02
1992-11-02,10.80000016093254,4.842857215021338,-3.700000055134296,83.75714410522154,16.899999797344208,99.91
1992-11-09,12.600000187754633,8.757142987634454,3.000000044703484,84.90000126510859,7.0,99.6
1992-11-16,13.90000020712614,6.142857234392848,0.2000000029802322,84.81428697811705,32.49999928474426,100.86
1992-11-23,11.900000177323818,6.457142953361784,1.80000002682209,84.25714411267212,41.60000015795231,104.08
1992-11-30,13.600000202655792,8.21428583668811,0.1000000014901161,79.25714403816632,8.199999928474426,102.73
1992-12-07,13.100000195205212,6.100000090897083,0.0,78.07142973478351,16.400000408291817,102.53
1992-12-14,9.3000001385808,4.6000000685453415,1.3000000193715096,87.8571441663163,25.700000382959843,104.05
1992-12-21,11.500000171363354,5.457142938460622,-0.1000000014901161,83.17142981077943,14.199999764561651,103.08
1992-12-28,5.700000084936619,0.7857142974223409,-5.500000081956387,88.54285846224853,4.699999809265137,102.63
1993-01-04,3.200000047683716,-5.385714365967682,-11.30000016838312,72.90000108629465,0.0,100.83
1993-01-11,11.400000169873238,6.585714383849076,-10.000000149011612,85.18571555508035,54.69999897480011,102.86
1993-01-18,14.40000021457672,8.157142978693757,1.600000023841858,72.94285822979042,9.29999988526106,104.29
1993-01-25,12.000000178813934,7.614285827747413,0.4000000059604645,80.74285834601947,41.50000035762787,105.15
1993-02-01,6.70000009983778,0.4428571494562284,-7.500000111758709,80.88571549100536,39.00000157952309,105.65
1993-02-08,5.200000077486038,0.2000000029802323,-5.700000084936619,94.00000140070917,3.3999999910593037,103.79
1993-02-15,8.00000011920929,-0.3428571479661124,-4.700000070035458,91.01428707050424,0.1000000014901161,102.44
1993-02-22,6.400000095367432,2.6714286112359598,-4.500000067055225,84.400001257658,25.10000032186508,104.03
1993-03-01,5.000000074505806,-0.8285714409181051,-8.100000120699406,78.5571440277355,3.799999952316284,102.62
1993-03-08,7.500000111758709,1.0571428728955137,-8.00000011920929,82.77142980481896,6.60000005364418,101.59
1993-03-15,18.50000027567148,7.185714392789772,-1.600000023841858,72.67142965431724,0.0,101.08
1993-03-22,16.100000239908695,9.042857277606217,-0.800000011920929,75.64285827002355,7.999999955296516,100.15
1993-03-29,11.500000171363354,2.285714319774083,-6.000000089406967,74.62857254062381,3.4000000655651093,99.03
1993-04-05,20.500000305473804,7.428571539265769,-5.200000077486038,76.771429715412,13.999999776482582,98.64
1993-04-12,15.300000227987766,7.000000104308128,-0.5000000074505806,81.98571550739663,18.300000227987766,100.65
1993-04-19,16.300000242888927,9.185714422592095,1.80000002682209,87.27142987187419,49.00000090897083,102.02
1993-04-26,24.8000003695488,16.085714525410108,6.900000102818012,66.58571527791875,1.600000023841858,102.23
1993-05-03,25.00000037252903,15.814285949936934,7.300000108778477,65.58571526301759,3.100000001490116,100.88
1993-05-10,24.8000003695488,12.528571615261692,0.2000000029802322,70.38571533454316,1.300000011920929,99.22
1993-05-17,26.00000038743019,14.871428793030123,5.700000084936619,68.72857245270696,11.000000357627869,98.27
1993-05-24,26.50000039488077,15.70000023394823,5.000000074505806,73.97142967368875,34.200000286102295,97.85
1993-05-31,25.600000381469727,15.91428595142705,8.400000125169754,76.08571541947978,23.90000057220459,97.12
1993-06-07,26.600000396370888,17.685714549251966,9.500000141561031,75.00000111758709,3.5,96.51
1993-06-14,29.800000444054604,17.542857404266083,9.500000141561031,68.51428673522813,3.80000002682209,96.19
1993-06-21,21.80000032484532,15.27142879899059,6.900000102818012,76.04285827598402,19.899999976158146,95.95
1993-06-28,21.80000032484532,14.157143068100725,4.700000070035458,72.74285822681018,3.100000023841858,95.79
1993-07-05,29.800000444054604,19.21428600060088,6.500000096857548,63.82857237969126,8.899999618530273,95.85
1993-07-12,26.80000039935112,15.457143087472234,7.300000108778477,67.21428671585662,5.299999952316284,95.9
1993-07-19,22.800000339746475,16.37142881538187,9.100000135600569,79.60000118613243,67.0,96.39
1993-07-26,24.600000366568565,15.300000227987766,11.10000016540289,79.20000118017197,28.40000021457672,96.26
1993-08-02,26.600000396370888,17.442857402775967,10.30000015348196,80.74285834601947,39.30000076442957,98.15
1993-08-09,26.00000038743019,17.42857168827738,8.300000123679638,75.72857255701508,13.09999978542328,96.41
1993-08-16,27.3000004068017,17.65714312025479,8.50000012665987,72.7285725123116,16.09999990463257,96.16
1993-08-23,23.80000035464764,15.27142879899059,6.500000096857548,77.61428687082869,10.10000005364418,95.8
1993-08-30,18.80000028014183,12.4000001847744,3.700000055134296,80.40000119805336,6.299999833106995,95.46
1993-09-06,18.6000002771616,12.114285894802638,3.1000000461936,83.98571553719896,17.000000476837158,95.4
1993-09-13,21.60000032186508,14.271428784089428,4.500000067055225,85.1142869825874,20.800000309944156,95.43
1993-09-20,25.100000374019142,12.471428757267338,2.200000032782554,81.0571440649884,24.60000017285347,96.88
1993-09-27,23.80000035464764,13.642857346151557,9.80000014603138,85.55714413204363,36.19999957084656,100.39
1993-10-04,17.50000026077032,11.74285731783935,3.700000055134296,83.05714409479073,65.5000007674098,104.89
1993-10-11,18.80000028014183,13.171428767698153,7.500000111758709,81.97142979289804,17.200000144541264,103.4
1993-10-18,18.80000028014183,8.485714412161283,-2.0000000298023224,79.44285832664796,21.399999573826797,102.95
1993-10-25,9.600000143051147,5.614285797945091,-1.5000000223517418,88.35714417376688,16.500000029802322,102.43
1993-11-01,10.400000154972076,5.057142932500158,-2.600000038743019,88.92857275371041,0.5,100.95
1993-11-08,15.600000232458116,5.471428652959211,0.9000000134110451,90.02857277010169,5.199999809265137,99.56
1993-11-15,11.500000171363354,6.228571521384375,2.200000032782554,83.18571552527803,27.29999971389771,101.42
1993-11-22,4.200000062584877,-1.5000000223517418,-6.500000096857548,80.21428690957171,1.4999999776482582,101.82
1993-11-29,4.700000070035458,-2.7000000402331352,-8.50000012665987,82.55714408734015,0.0,100.01
1993-12-06,10.000000149011612,3.814285771123001,-7.500000111758709,85.87142985101256,4.299999862909317,98.89
1993-12-13,10.400000154972076,5.600000083446503,2.200000032782554,83.5714298167399,36.4000004529953,101.07
1993-12-20,13.600000202655792,5.171428648488862,-0.2000000029802322,86.28571557147163,30.4999994635582,103.8
1993-12-27,5.700000084936619,1.87142859931503,-0.2000000029802322,92.00000137090684,51.39999932050705,105.48
1994-01-03,9.900000147521496,4.871428644018514,0.0,87.00000129640102,36.20000010728836,106.42
1994-01-10,9.100000135600569,4.914285787514278,-1.600000023841858,83.5714298167399,1.300000011920929,104.58
1994-01-17,12.90000019222498,4.54285721055099,-3.200000047683716,82.08571550888675,13.499999679625034,103.69
1994-01-24,9.400000140070915,3.714285769632885,-3.200000047683716,86.92857272390809,21.59999966621399,103.83
1994-01-31,10.30000015348196,5.2428572209818025,0.2000000029802322,85.3571441290634,30.699999928474423,104.84
1994-02-07,9.80000014603138,3.828571485621589,-1.80000002682209,81.80000121891499,3.50000011920929,103.3
1994-02-14,6.400000095367432,0.1428571449858801,-9.00000013411045,81.15714406647852,4.800000049173832,102.03
1994-02-21,2.7000000402331352,-3.942857201610293,-12.000000178813934,61.72857234839882,0.0,100.76
1994-02-28,15.600000232458116,3.700000055134296,-8.400000125169754,86.3285727149674,13.399999797344208,100.05
1994-03-07,16.300000242888927,6.971428675310952,0.6000000089406967,78.74285831621715,20.600000098347664,101.86
1994-03-14,16.800000250339508,8.528571555657047,-0.2000000029802322,76.82857257340636,24.09999944269657,101.05
1994-03-21,10.30000015348196,4.0857143465961725,0.5000000074505806,83.50000124424696,79.50000238418579,106.98
1994-03-28,13.90000020712614,7.271428679781301,-1.100000016391277,78.52857259873834,24.299999713897705,105.64
1994-04-04,18.6000002771616,8.50000012665987,1.0000000149011612,76.74285828641483,34.50000077486038,105.51
1994-04-11,10.100000150501728,5.342857222471919,0.5000000074505806,80.32857262556043,9.69999998062849,104.16
1994-04-18,13.600000202655792,6.900000102818012,-0.2000000029802322,72.471429651337,14.90000021457672,103.83
1994-04-25,21.80000032484532,11.87142874832664,-1.700000025331974,68.85714388319424,4.800000071525574,102.71
1994-05-02,23.80000035464764,13.357143056179796,4.700000070035458,73.71428681271416,0.3000000119209289,101.17
1994-05-09,21.60000032186508,12.571428758757454,3.1000000461936,77.35714400985411,21.00000011920929,99.97
1994-05-16,23.000000342726707,14.871428793030123,6.200000092387199,72.85714394279888,11.199999816715716,99.15
1994-05-23,22.30000033229589,14.414285929075309,7.400000110268593,79.91428690510136,17.800000429153446,98.5
1994-05-30,20.10000029951334,12.357143041278634,5.000000074505806,81.44285835645029,29.40000009536743,98.35
1994-06-06,24.50000036507845,14.228571640593666,3.500000052154064,75.3428582655532,38.200000144541264,98.9
1994-06-13,21.80000032484532,13.1142859097038,5.500000081956387,82.75714409032038,32.60000038146973,100.93
1994-06-20,23.80000035464764,15.585714517959527,7.300000108778477,76.1714297064713,12.0,99.84
1994-06-27,31.80000047385693,19.614286006561347,7.400000110268593,69.7428581821067,10.800000190734863,98.75
1994-07-04,33.30000049620867,22.11428604381425,10.400000154972076,68.28571530325073,12.5,98.02
1994-07-11,27.80000041425228,18.37142884518419,10.100000150501728,74.64285825512239,15.600000560283664,97.98
1994-07-18,30.70000045746565,21.385714604386266,12.000000178813934,71.01428677248103,5.899999909102917,97.15
1994-07-25,33.20000049471855,22.814286054245063,11.10000016540289,56.52857227091278,0.800000011920929,96.69
1994-08-01,33.80000050365925,24.11428607361657,15.600000232458116,67.87142958279166,13.700000405311586,96.37
1994-08-08,34.80000051856041,22.757143196250716,13.600000202655792,63.52857237522091,2.400000095367432,96.01
1994-08-15,27.60000041127205,16.78571453584092,7.800000116229057,70.54285819402763,6.5000001192092896,95.79
1994-08-22,25.100000374019142,16.771428821342333,4.90000007301569,72.34285822084972,13.999999910593033,95.65
1994-08-29,27.3000004068017,16.942857395325387,10.900000162422655,77.52857258383717,16.000000581145287,95.52
1994-09-05,23.000000342726707,15.8571430934327,6.500000096857548,78.34285831025669,6.700000226497651,95.38
1994-09-12,21.80000032484532,14.12857163910355,6.70000009983778,78.0857154492821,25.79999977350235,95.29
1994-09-19,20.30000030249357,12.45714304276875,8.100000120699406,82.77142980481896,47.099999107420444,95.89
1994-09-26,23.100000344216824,13.585714488157205,4.90000007301569,80.68571548802512,1.30000002682209,95.45
1994-10-03,19.30000028759241,12.628571616751808,5.500000081956387,85.42857270155635,28.10000067204237,96.0
1994-10-10,16.100000239908695,7.042857247803893,-0.2000000029802322,81.07142977948699,4.999999940395355,95.74
1994-10-17,23.600000351667404,8.071428691702229,-1.3000000193715096,80.57142977203641,0.400000013411045,95.37
1994-10-24,17.50000026077032,9.07142870660339,-2.7000000402331352,70.11428675906998,2.5,95.22
1994-10-31,15.900000236928465,10.65714301594666,4.700000070035458,79.44285832664796,27.399999856948853,95.26
1994-11-07,18.30000027269125,10.3714287259749,3.9000000581145287,80.21428690957171,0.4000000059604645,95.28
1994-11-14,13.90000020712614,9.042857277606217,4.500000067055225,91.42857279096332,39.80000033974648,95.36
1994-11-21,15.400000229477882,9.21428585158927,2.200000032782554,88.3428584592683,49.299999713897705,103.1
1994-11-28,12.90000019222498,7.642857256744589,1.100000016391277,92.47142994936024,11.300000347197058,102.31
1994-12-05,12.90000019222498,6.014285803905556,-1.0000000149011612,86.01428699599845,3.699999988079071,101.35
1994-12-12,13.100000195205212,8.457142983164106,-1.100000016391277,79.57142975713525,14.59999966621399,100.64
1994-12-19,12.600000187754633,3.228571476680892,-2.500000037252903,88.78571560872453,16.200000405311584,101.96
1994-12-26,5.500000081956387,0.7571428684251649,-6.500000096857548,86.22857271347728,4.300000071525574,100.96
1995-01-02,13.600000202655792,6.857142959322248,-0.5000000074505806,84.81428697811705,35.90000081062317,103.21
1995-01-09,2.7000000402331352,-4.114285775593349,-11.500000171363354,83.28571552676814,22.50000047683716,102.2
1995-01-16,7.700000114738941,2.0285714587994983,-5.000000074505806,86.90000129491091,12.700000263750551,104.51
1995-01-23,12.10000018030405,6.214285806885788,-2.3000000342726707,74.95714397409132,25.09999993443489,104.2
1995-01-30,11.800000175833702,5.057142932500158,-1.600000023841858,84.38571554315942,69.3000009059906,105.84
1995-02-06,12.500000186264517,6.285714379378727,-2.1000000312924385,81.74285836092064,8.099999770522118,105.29
1995-02-13,12.800000190734863,5.971428660409791,-1.80000002682209,81.70000121742487,18.20000034570694,103.98
1995-02-20,13.90000020712614,7.471428682761533,2.800000041723252,78.4428583117468,32.999999821186066,104.5
1995-02-27,12.300000183284284,4.3142857785735815,-0.5000000074505806,82.3714297988585,22.0,104.13
1995-03-06,10.900000162422655,4.61428578304393,-1.80000002682209,77.32857258085694,5.999999895691872,103.16
1995-03-13,15.100000225007534,4.671428641038282,-2.0000000298023224,71.4142867784415,2.100000001490116,101.63
1995-03-20,11.30000016838312,4.0857143465961725,-2.600000038743019,78.97142974819455,28.799999594688416,101.56
1995-03-27,16.300000242888927,5.18571436298745,-0.9000000134110451,76.82857257340636,30.399999529123303,101.98
1995-04-03,18.30000027269125,6.100000090897083,-4.000000059604645,83.41428695725543,15.500000216066836,103.21
1995-04-10,14.40000021457672,7.242857250784125,-0.1000000014901161,80.2428583385689,8.100000008940697,102.28
1995-04-17,13.800000205636024,7.342857252274241,0.2000000029802322,78.07142973478351,33.29999962449074,103.85
1995-04-24,24.100000359117985,9.928571576518673,-1.100000016391277,77.91428687529904,12.299999810755253,103.75
1995-05-01,21.300000317394733,11.342857311878886,0.2000000029802322,74.87142968709979,2.9000001102685933,102.05
1995-05-08,25.30000037699937,14.857143078531536,4.000000059604645,64.6142866771136,3.700000047683716,100.55
1995-05-15,14.900000222027302,9.200000137090685,3.400000050663948,76.10000113397837,13.0,99.42
1995-05-22,18.30000027269125,9.928571576518673,1.80000002682209,77.51428686933858,22.70000028610229,98.81
1995-05-29,26.00000038743019,17.15714311280421,9.00000013411045,74.25714396366051,30.400000035762787,98.38
1995-06-05,19.500000290572643,13.814285920134612,8.100000120699406,83.12857266728368,22.60000029206276,97.85
1995-06-12,17.100000254809856,11.800000175833702,5.000000074505806,80.05714405008725,14.700000025331974,97.76
1995-06-19,23.600000351667404,13.300000198185444,8.00000011920929,84.70000126212835,19.60000005364418,97.2
1995-06-26,28.00000041723252,17.942857410226548,7.500000111758709,72.18571536136525,2.300000011920929,96.81
1995-07-03,28.700000427663326,19.500000290572643,8.50000012665987,71.58571535242456,31.5,96.37
1995-07-10,31.70000047236681,20.371428874986517,10.80000016093254,68.75714388170412,0.1000000014901161,96.1
1995-07-17,29.700000442564487,20.90000031143427,14.000000208616257,73.685715383717,20.099999651312828,95.75
1995-07-24,34.80000051856041,20.60000030696392,8.600000128149986,72.07142964537654,3.5,95.58
1995-07-31,32.00000047683716,21.200000315904617,9.500000141561031,69.21428674565894,19.800000190734863,95.44
1995-08-07,32.100000478327274,21.428571747882025,10.000000149011612,59.42857231412615,0.0,95.38
1995-08-14,33.5000004991889,19.97142886902605,8.00000011920929,55.871429403977736,7.900000095367432,95.15
1995-08-21,31.20000046491623,19.94285744002887,8.50000012665987,66.60000099241734,0.0,95.13
1995-08-28,30.300000451505184,17.385714544781617,9.3000001385808,80.4714297705463,27.99999976158142,95.19
1995-09-04,18.80000028014183,13.285714483686856,7.000000104308128,81.08571549398559,32.90000009536743,95.67
1995-09-11,22.30000033229589,15.78571452093976,11.000000163912771,75.00000111758709,14.700000241398811,95.39
1995-09-18,22.600000336766243,14.55714307406119,7.900000117719173,80.48571548504489,15.90000021457672,95.74
1995-09-25,19.30000028759241,13.414285914174148,8.00000011920929,85.9571441380041,10.800000205636024,95.64
1995-10-02,17.30000025779009,10.52857158545937,4.500000067055225,87.41428701686007,59.10000061988831,100.26
1995-10-09,27.000000402331352,16.385714529880456,9.400000140070915,78.87142974670444,5.399999976158142,98.89
1995-10-16,25.80000038444996,15.085714510508948,9.00000013411045,86.27142985697303,0.3000000119209289,97.66
1995-10-23,21.1000003144145,10.342857296977725,-0.4000000059604645,82.22857265387263,3.899999976158142,96.89
1995-10-30,21.1000003144145,12.785714476236276,6.400000095367432,79.38571546865361,6.100000083446503,96.19
1995-11-06,13.600000202655792,3.728571484131472,-5.000000074505806,83.38571552825826,11.59999978542328,95.81
1995-11-13,16.600000247359276,8.342857267175402,2.200000032782554,80.4714297705463,3.5999999344348907,95.49
1995-11-20,14.300000213086603,5.742857228432383,-3.1000000461936,84.71428697662694,22.399999737739563,96.43
1995-11-27,12.800000190734863,6.071428661899907,-2.200000032782554,76.9000011458993,0.2000000029802322,96.32
1995-12-04,4.90000007301569,1.0857143018926894,-2.3000000342726707,86.54285843244621,0.0,95.69
1995-12-11,3.400000050663948,-1.2142857323799814,-6.70000009983778,85.31428698556763,1.4000000357627869,95.37
1995-12-18,4.200000062584877,-0.4857142929519926,-5.200000077486038,86.12857271198716,4.400000013411045,95.24
1995-12-25,10.600000157952309,1.8857143138136183,-7.500000111758709,92.55714423635176,27.40000031143427,99.58
1996-01-01,2.0000000298023224,-3.300000049173832,-10.500000156462193,79.65714404412678,1.800000011920929,98.23
1996-01-08,9.900000147521496,-0.3000000044703483,-7.800000116229057,78.6714297437242,1.600000023841858,97.01
1996-01-15,13.300000198185444,4.400000065565109,-1.600000023841858,84.80000126361847,1.5000000298023224,96.33
1996-01-22,5.700000084936619,-1.771428597824914,-6.800000101327896,83.91428696470601,0.0,96.35
1996-01-29,0.0,-6.028571518404143,-11.800000175833702,76.11428684847695,8.699999988079071,96.31
1996-02-05,4.400000065565109,-3.500000052154064,-12.000000178813934,79.11428689318043,3.7000000178813934,95.4
1996-02-12,5.200000077486038,-2.928571472210544,-16.50000024586916,76.50000113993883,3.399999976158142,95.51
1996-02-19,5.500000081956387,1.685714310833386,-1.600000023841858,89.61428704964263,41.10000047832728,103.02
1996-02-26,12.90000019222498,0.042857143495764,-9.80000014603138,75.85714398750237,3.300000049173832,101.97
1996-03-04,10.100000150501728,1.4714285933545657,-5.500000081956387,79.90000119060278,1.5000000596046448,101.22
1996-03-11,7.300000108778477,1.2857143048729216,-3.9000000581145287,77.18571543587106,4.099999979138374,99.97
1996-03-18,8.900000132620335,1.528571451348918,-5.900000087916851,75.25714397856167,0.0,98.6
1996-03-25,15.100000225007534,7.328571537775653,-0.2000000029802322,79.97142976309571,8.000000059604645,97.84
1996-04-01,7.800000116229057,1.642857167337622,-4.700000070035458,75.30000112205744,8.499999977648258,97.075
1996-04-08,19.30000028759241,5.542857225452151,-5.000000074505806,74.95714397409132,0.1000000014901161,96.31
1996-04-15,15.500000230968,6.028571518404143,-4.000000059604645,69.8571438980954,1.600000001490116,96.03
1996-04-22,27.3000004068017,15.242857369993414,-0.1000000014901161,48.18571500373738,0.0,95.75
1996-04-29,22.800000339746475,12.157143038298402,4.200000062584877,68.88571531219142,9.50000011920929,95.56
1996-05-06,19.80000029504299,9.314285853079388,0.5000000074505806,71.61428678142173,15.799999594688414,95.37
1996-05-13,13.500000201165676,8.742857273135867,2.200000032782554,79.84285833260843,9.9000001847744,95.3
1996-05-20,21.80000032484532,12.071428751306874,5.4000000804662704,76.45714399644307,11.400000013411043,95.23
1996-05-27,22.000000327825543,12.600000187754633,4.90000007301569,79.54285832813808,29.59999966621399,95.16
1996-06-03,27.500000409781933,14.642857361052718,5.700000084936619,75.30000112205744,3.799999982118607,95.09
1996-06-10,32.20000047981739,21.042857456420148,7.300000108778477,69.41428674863917,17.80000078678131,95.015
1996-06-17,29.300000436604023,15.885714522429875,3.6000000536441803,66.42857241843429,1.100000023841858,94.94
1996-06-24,22.100000329315662,13.000000193715096,9.00000013411045,74.2714296781591,3.5999999046325684,94.865
1996-07-01,21.80000032484532,14.300000213086603,5.4000000804662704,79.32857261065926,27.199999332427986,94.79
1996-07-08,21.300000317394733,14.47142878706966,8.300000123679638,76.57142971243177,46.49999860674143,94.95
1996-07-15,25.80000038444996,17.600000262260437,9.400000140070915,73.61428681122405,8.300000108778477,95.11
1996-07-22,26.80000039935112,15.05714308151177,5.000000074505806,68.62857245121684,0.0,95.525
1996-07-29,28.200000420212746,17.628571691257612,10.500000156462193,78.28571545226234,45.40000081062317,95.94
1996-08-05,24.300000362098217,17.671428834753378,7.400000110268593,68.3142867322479,0.0,95.615
1996-08-12,29.300000436604023,18.614285991660186,8.900000132620335,68.61428673671824,59.60000151395798,95.29
1996-08-19,28.300000421702865,17.71428597824914,11.500000171363354,80.02857262109008,7.800000071525574,95.44
1996-08-26,29.300000436604023,18.48571456117289,11.500000171363354,70.18571533156293,2.200000010430813,95.59
1996-09-02,22.500000335276127,13.97142877961908,7.300000108778477,81.92857264940228,34.99999952316284,96.7
1996-09-09,21.1000003144145,12.31428589778287,2.200000032782554,78.28571545226234,2.200000047683716,97.81
1996-09-16,17.30000025779009,10.928571591419834,3.6000000536441803,86.05714413949421,22.100000143051147,97.385
1996-09-23,16.300000242888927,10.285714438983373,3.500000052154064,82.3857155133571,8.199999883770943,96.96
1996-09-30,19.80000029504299,13.200000196695328,6.800000101327896,82.17142979587827,9.499999955296516,98.465
1996-10-07,16.50000024586916,9.94285729101726,1.100000016391277,83.97142982270036,37.69999951124191,99.97
1996-10-14,21.300000317394733,11.485714456864766,5.200000077486038,82.17142979587827,1.4000000059604645,100.455
1996-10-21,19.10000028461218,10.88571444792407,5.500000081956387,86.51428700344903,44.69999933242798,100.94
1996-10-28,15.600000232458116,10.385714440473487,2.800000041723252,80.4714297705463,4.300000064074993,101.14
1996-11-04,15.300000227987766,11.057143021907123,7.000000104308128,82.78571551931756,21.70000022649765,101.34
1996-11-11,13.40000019967556,8.242857265685286,3.200000047683716,84.58571554613965,29.0999997407198,101.8
1996-11-18,12.000000178813934,3.842857200120176,-2.0000000298023224,89.80000133812428,24.699999824166294,102.26
1996-11-25,8.50000012665987,3.257142905678068,0.0,80.91428692000252,13.29999989271164,103.025
1996-12-02,6.70000009983778,2.600000038743019,-1.0000000149011612,91.10000135749578,24.199999690055847,103.79
1996-12-09,9.500000141561031,3.442857194159712,-2.7000000402331352,88.47142988975558,2.999999977648258,102.695
1996-12-16,6.200000092387199,1.2714285903743334,-3.1000000461936,90.3714299180678,3.4000000655651093,101.6
1996-12-23,9.3000001385808,0.1857142884816442,-6.500000096857548,76.55714399793318,15.900000169873238,101.545
1996-12-30,-1.100000016391277,-7.042857247803893,-13.100000195205212,76.22857256446567,3.600000001490116,101.49
1997-01-06,-3.6000000536441803,-9.028571563107628,-19.10000028461218,83.24285838327238,2.6999999582767487,99.78
1997-01-13,7.200000107288361,-4.714285784534046,-14.000000208616257,81.60000121593475,0.0,98.07
1997-01-20,10.600000157952309,2.1714286037853787,-5.700000084936619,83.9285726792046,3.400000095367432,97.535
1997-01-27,12.90000019222498,2.95714290120772,-0.1000000014901161,88.11428702729089,0.4000000059604644,97.0
1997-02-03,4.500000067055225,0.814285726419517,-4.700000070035458,90.32857277457204,2.9000000059604645,98.635
1997-02-10,11.800000175833702,5.871428658919675,-0.1000000014901161,81.02857263599124,16.600000023841858,100.27
1997-02-17,10.80000016093254,5.200000077486038,-0.9000000134110451,78.54285831323692,25.900000050663948,101.71
1997-02-24,13.40000019967556,8.57142869915281,2.7000000402331352,74.14285824767181,31.69999933242798,103.15
1997-03-03,18.100000269711018,9.028571563107628,3.700000055134296,71.47142963643584,23.60000023990869,102.83
1997-03-10,19.30000028759241,8.557142984654222,0.5000000074505806,79.90000119060278,0.4000000059604645,102.51
1997-03-17,16.100000239908695,7.985714404710701,1.3000000193715096,85.14285841158458,17.000000596046448,102.47
1997-03-24,12.000000178813934,4.757142928029809,-0.800000011920929,82.80000123381615,15.49999988079071,102.43
1997-03-31,15.400000229477882,7.842857259724822,2.3000000342726707,75.50000112503767,8.5,101.83
1997-04-07,17.50000026077032,6.042857232902732,-3.6000000536441803,77.22857257936683,14.500000357627869,101.23
1997-04-14,17.00000025331974,6.857142959322248,-1.80000002682209,70.55714390852621,2.700000047683716,100.29
1997-04-21,14.000000208616257,5.300000078976154,-3.6000000536441803,67.52857243482556,3.700000002980232,99.35
1997-04-28,16.100000239908695,9.400000140070915,-1.3000000193715096,74.85714397260121,21.09999948740005,98.78
1997-05-05,23.100000344216824,12.657143045748985,4.000000059604645,80.17142976607595,17.100000381469727,98.21
1997-05-12,18.80000028014183,9.900000147521496,2.7000000402331352,76.57142971243177,24.299999818205837,98.435
1997-05-19,28.60000042617321,17.471428831773146,7.400000110268593,72.88571537179607,7.6999999061226845,98.66
1997-05-26,19.30000028759241,11.857143033828054,2.0000000298023224,74.5142868246351,10.700000002980232,97.93
1997-06-02,20.000000298023224,12.31428589778287,3.000000044703484,67.8428581537945,0.5,97.2
1997-06-09,27.200000405311584,18.685714564153127,5.000000074505806,59.25714374014309,3.200000047683716,96.74
1997-06-16,26.50000039488077,17.614285976759025,8.50000012665987,72.6000010818243,29.60000067949295,96.28
1997-06-23,20.30000030249357,13.842857349131789,5.4000000804662704,76.28571542246002,16.399999797344208,96.16
1997-06-30,27.80000041425228,15.300000227987766,7.000000104308128,79.24285832366773,29.99999952316284,96.04
1997-07-07,23.100000344216824,16.671428819852217,9.500000141561031,77.257144008364,6.400000050663948,95.775
1997-07-14,27.80000041425228,18.21428598569972,8.600000128149986,76.00000113248825,1.900000050663948,95.51
1997-07-21,24.300000362098217,17.14285739830562,11.000000163912771,84.88571555061,41.79999995231629,95.68
1997-07-28,24.8000003695488,18.271428843694075,11.400000169873238,79.05714403518608,22.79999952763319,95.85
1997-08-04,27.500000409781933,18.257143129195487,12.4000001847744,78.8000011742115,14.399999678134916,95.575
1997-08-11,29.700000442564487,20.75714316644839,11.500000171363354,66.37142956043992,0.0,95.3
1997-08-18,32.600000485777855,20.771428880946974,11.900000177323818,68.68571530921119,6.099999904632568,95.19
1997-08-25,32.20000047981739,21.75714318134955,13.500000201165676,74.54285825363228,6.300000011920929,95.08
1997-09-01,28.300000421702865,18.971428854124888,11.10000016540289,79.7571440456169,37.900000274181366,95.09
1997-09-08,23.100000344216824,16.65714310535363,11.000000163912771,82.52857265834298,16.199999675154682,95.1
1997-09-15,21.1000003144145,13.914285921624728,6.500000096857548,71.28571534795421,5.699999988079071,94.985
1997-09-22,26.100000388920307,12.81428590523345,1.80000002682209,68.30000101774931,0.0,94.87
1997-09-29,23.80000035464764,12.32857161228146,2.7000000402331352,76.31428685145718,0.5,94.87
1997-10-06,23.600000351667404,13.814285920134612,5.500000081956387,80.828572633011,11.700000405311586,94.87
1997-10-13,21.60000032186508,12.714285903743336,6.500000096857548,82.77142980481896,79.8000014424324,96.87
1997-10-20,23.300000347197056,9.057142992104804,1.80000002682209,83.75714410522154,8.900000005960464,98.87
1997-10-27,11.10000016540289,4.042857203100409,-2.800000041723252,82.40000122785568,3.39999994635582,97.68
1997-11-03,11.60000017285347,2.200000032782554,-5.500000081956387,79.2857154671635,0.2000000029802322,96.49
1997-11-10,17.30000025779009,9.51428585605962,-0.4000000059604645,76.4142868529473,13.599999763071535,96.19
1997-11-17,11.30000016838312,6.642857241843428,0.1000000014901161,85.10000126808882,12.400000095367432,95.89
1997-11-24,9.500000141561031,3.814285771123001,-2.0000000298023224,83.82857267771449,5.099999904632568,95.69
1997-12-01,11.000000163912771,5.200000077486038,-0.2000000029802322,85.0000012665987,9.49999976158142,95.49
1997-12-08,8.400000125169754,2.1428571747882024,-4.000000059604645,83.20000123977661,9.499999940395355,98.035
1997-12-15,12.300000183284284,6.657142956342016,-1.100000016391277,86.28571557147163,28.49999985843897,100.58
1997-12-22,13.000000193715096,0.7714285829237529,-7.500000111758709,82.9857155222978,17.39999957382679,101.5
1997-12-29,13.40000019967556,6.62857152734484,0.5000000074505806,84.24285839817354,22.799999803304672,102.42
1998-01-05,11.000000163912771,7.242857250784125,0.800000011920929,75.75714398601225,11.499999888241293,102.685
1998-01-12,16.100000239908695,8.185714407690934,1.0000000149011612,78.85714403220585,21.199999153614044,102.95
1998-01-19,12.300000183284284,6.728571528834956,2.500000037252903,75.28571540755885,7.699999809265137,101.27
1998-01-26,5.000000074505806,-0.2428571464759963,-6.70000009983778,82.04285836539098,3.2999999672174454,99.59
1998-02-02,2.3000000342726707,-2.1571428892867908,-10.80000016093254,79.78571547461408,5.599999904632568,98.685
1998-02-09,11.800000175833702,3.24285719117948,-3.200000047683716,73.05714394577912,1.7999999523162842,97.78
1998-02-16,16.300000242888927,9.771428717034205,0.6000000089406967,73.18571537626642,2.900000095367432,97.34
1998-02-23,16.800000250339508,8.342857267175402,1.5000000223517418,75.62857255552497,0.6000000089406967,96.9
1998-03-02,10.30000015348196,7.1000001057982445,0.2000000029802322,82.8571440918105,15.800000041723251,100.8
1998-03-09,15.500000230968,6.614285812846252,-3.700000055134296,81.84285836241075,75.30000114440918,104.7
1998-03-16,10.500000156462193,5.142857219491686,-3.1000000461936,79.98571547759431,15.900000169873238,103.89
1998-03-23,10.500000156462193,4.90000007301569,-2.200000032782554,78.0857154492821,7.999999731779098,103.08
1998-03-30,23.000000342726707,8.900000132620335,-4.000000059604645,68.0857153002705,0.0,101.64
1998-04-06,19.80000029504299,10.957143020417009,5.200000077486038,77.74285830131599,14.999999657273293,100.2
1998-04-13,12.600000187754633,6.41428580986602,0.2000000029802322,81.5428583579404,27.300000585615635,100.48
1998-04-20,13.600000202655792,7.7428572582347055,-0.1000000014901161,72.75714394130877,12.400000125169754,100.76
1998-04-27,21.80000032484532,12.385714470275811,4.500000067055225,76.12857256297555,27.50000023841858,100.615
1998-05-04,19.500000290572643,11.000000163912771,3.500000052154064,86.78571557892221,9.60000005364418,100.47
1998-05-11,28.10000041872263,15.400000229477882,4.200000062584877,70.15714390256575,3.800000108778477,99.31
1998-05-18,29.300000436604023,16.58571453286069,4.000000059604645,61.200000911951065,0.0,98.15
1998-05-25,24.600000366568565,12.300000183284284,4.000000059604645,74.25714396366051,6.700000144541264,98.395
1998-06-01,23.300000347197056,15.42857165847506,10.000000149011612,80.34285834005901,53.30000004917383,98.64
1998-06-08,26.50000039488077,17.400000259280205,9.900000147521496,75.05714397558144,25.30000038444996,98.005
1998-06-15,20.30000030249357,13.714285918644496,4.700000070035458,80.15714405157736,28.69999957084656,97.37
1998-06-22,33.70000050216913,16.9285716808268,10.000000149011612,77.04285829088518,32.00000039488077,97.275
1998-06-29,28.200000420212746,17.50000026077032,10.500000156462193,69.32857246164765,25.100000500679016,97.18
1998-07-06,20.80000030994416,15.085714510508948,8.00000011920929,82.45714408585003,11.199999786913397,97.08
1998-07-13,21.300000317394733,14.785714506038598,9.500000141561031,83.50000124424696,27.80000042915344,96.98
1998-07-20,32.70000048726797,17.100000254809856,10.400000154972076,73.90000110119581,18.200000315904617,96.845
1998-07-27,29.300000436604023,19.500000290572643,9.00000013411045,67.7285724378058,9.399999722838402,96.71
1998-08-03,23.80000035464764,16.62857167635645,11.500000171363354,81.7857155044164,24.59999969601631,96.35
1998-08-10,32.70000048726797,20.35714316048793,10.400000154972076,63.91428666668279,0.8999999761581421,95.99
1998-08-17,33.20000049471855,20.071428870516165,8.800000131130219,64.24285810015031,0.0,95.76
1998-08-24,24.600000366568565,15.471428801970822,8.900000132620335,78.58571545673269,27.69999995827675,95.53
1998-08-31,20.30000030249357,12.714285903743336,8.600000128149986,82.40000122785568,31.399999871850014,96.24
1998-09-07,20.80000030994416,16.085714525410108,7.700000114738941,83.77142981972013,37.59999996423721,96.95
1998-09-14,22.800000339746475,14.657143075551303,8.00000011920929,79.78571547461408,51.09999835491181,100.195
1998-09-21,20.10000029951334,13.214285911193915,6.800000101327896,82.5000012293458,26.800000488758087,103.44
1998-09-28,22.800000339746475,14.414285929075309,7.200000107288361,79.82857261810985,3.400000050663948,102.885
1998-10-05,18.80000028014183,9.057142992104804,4.000000059604645,88.12857274178948,38.09999883174896,102.33
1998-10-12,14.600000217556952,9.328571567577976,5.700000084936619,88.457144175257,50.00000011920929,103.065
1998-10-19,19.10000028461218,10.957143020417009,1.600000023841858,79.20000118017197,14.29999965429306,103.8
1998-10-26,16.300000242888927,10.485714441963603,4.200000062584877,81.4142869274531,26.59999966621399,104.955
1998-11-02,15.400000229477882,7.942857261214938,4.500000067055225,83.77142981972013,73.4000015258789,106.11
1998-11-09,13.40000019967556,7.571428684251649,0.9000000134110451,82.24285836837122,27.399999856948853,105.445
1998-11-16,12.300000183284284,5.157142933990274,1.100000016391277,87.64285844883749,15.49999976158142,104.78
1998-11-23,3.9000000581145287,-1.3142857338700975,-6.200000092387199,82.05714407988957,4.600000083446503,103.965
1998-11-30,7.900000117719173,1.5000000223517418,-2.200000032782554,87.34285844436714,8.000000238418579,103.15
1998-12-07,2.1000000312924385,-1.4428571643573898,-8.900000132620335,82.72857266132321,5.800000071525574,103.19
1998-12-14,12.000000178813934,3.442857194159712,-11.60000017285347,84.22857268367495,14.499999940395355,103.23
1998-12-21,13.600000202655792,5.814285800925323,-0.9000000134110451,80.91428692000252,14.99999976158142,103.195
1998-12-28,11.900000177323818,5.600000083446503,0.2000000029802322,80.85714406200817,9.3999999538064,103.16
1999-01-04,12.800000190734863,6.457142953361784,0.0,77.57142972733293,12.699999906122684,103.05
1999-01-11,15.300000227987766,5.171428648488862,-2.1000000312924385,81.72857264642205,17.2000003606081,102.94
1999-01-18,11.500000171363354,4.914285787514278,-2.7000000402331352,81.08571549398559,10.099999964237211,102.285
1999-01-25,13.600000202655792,7.028571533305304,-0.2000000029802322,81.9000012204051,9.600000023841858,101.63
1999-02-01,9.600000143051147,1.3571428773658616,-4.90000007301569,84.30000125616789,24.199999809265137,102.6
1999-02-08,9.500000141561031,3.685714340635709,-0.9000000134110451,86.82857272241797,17.5000002682209,103.57
1999-02-15,2.3000000342726707,-3.185714333185128,-11.60000017285347,85.40000127255917,4.399999976158142,103.165
1999-02-22,9.00000013411045,3.514285766652652,-0.6000000089406967,84.5285726881453,37.50000035762787,102.76
1999-03-01,10.900000162422655,5.128571504993098,-2.0000000298023224,77.50000115483999,19.600000217556957,103.725
1999-03-08,12.300000183284284,6.242857235882964,-0.1000000014901161,76.74285828641483,25.70000008493662,104.69
1999-03-15,20.000000298023224,6.785714386829308,1.100000016391277,79.18571546567338,1.900000050663948,103.31
1999-03-22,13.300000198185444,5.385714365967682,-0.800000011920929,78.41428688274962,18.59999978542328,101.93
1999-03-29,18.80000028014183,8.328571552676815,-0.5000000074505806,77.22857257936683,6.900000050663948,101.42
1999-04-05,19.80000029504299,11.685714459844998,3.6000000536441803,74.72857254211392,20.59999990463257,100.91
1999-04-12,20.000000298023224,10.171428722994667,2.3000000342726707,79.77142976011548,26.100000023841854,102.16
1999-04-19,12.10000018030405,4.8857143585171015,-0.1000000014901161,79.22857260916915,25.1999996304512,103.41
1999-04-26,19.60000029206276,11.82857160483088,0.0,72.94285822979042,6.299999907612801,101.885
1999-05-03,21.300000317394733,12.014285893312522,2.600000038743019,69.52857246462789,2.400000095367432,100.36
1999-05-10,22.100000329315662,13.771428776638848,5.000000074505806,70.50000105053186,32.300000071525574,99.805
1999-05-17,18.6000002771616,12.371428755777222,4.90000007301569,71.07142963047538,15.89999993145466,99.25
1999-05-24,21.60000032186508,15.457143087472234,5.200000077486038,67.50000100582838,8.999999813735485,98.65
1999-05-31,28.80000042915344,18.30000027269125,5.4000000804662704,68.01428672777755,7.999999821186066,98.05
1999-06-07,29.300000436604023,16.5714288183621,7.800000116229057,70.97142962898526,21.299999810755253,97.545
1999-06-14,23.80000035464764,15.12857165400471,7.700000114738941,70.31428676205022,1.9999999552965164,97.04
1999-06-21,26.50000039488077,16.171428812401636,6.000000089406967,67.9571438697832,22.699999809265137,96.685
1999-06-28,25.30000037699937,15.171428797500472,5.000000074505806,70.02857247207847,6.399999976158142,96.33
1999-07-05,33.00000049173832,20.714286022952624,12.000000178813934,69.21428674565894,5.900000013411045,96.115
1999-07-12,28.10000041872263,20.142857443009103,10.000000149011612,70.8142867695008,4.100000001490116,95.9
1999-07-19,31.70000047236681,19.371428860085352,10.000000149011612,71.22857248995986,42.39999997615815,95.985
1999-07-26,28.300000421702865,18.42857170317854,12.300000183284284,70.92857248548951,11.699999883770944,96.07
1999-08-02,30.300000451505184,20.585714592465333,8.50000012665987,49.78571502757924,0.0,95.82
1999-08-09,30.300000451505184,21.24285745940038,12.500000186264517,67.7142867233072,17.500000096857548,95.57
1999-08-16,22.600000336766243,15.614285946956702,8.100000120699406,76.64285828492471,40.79999978840351,95.49
1999-08-23,21.80000032484532,14.014285923114844,5.500000081956387,77.20000115036964,16.2999999076128,95.41
1999-08-30,27.3000004068017,18.92857171062912,8.00000011920929,71.51428677993161,1.300000049173832,95.33
1999-09-06,27.500000409781933,17.771428836243494,8.00000011920929,70.15714390256575,10.199999809265137,95.25
1999-09-13,31.300000466406345,21.12857174341168,14.100000210106373,69.10000102967024,0.0,95.155
1999-09-20,29.200000435113907,17.628571691257612,11.60000017285347,77.70000115782022,21.199999809265137,95.06
1999-09-27,23.500000350177288,17.12857168380703,11.60000017285347,79.35714403965643,13.200000271201134,95.305
1999-10-04,18.80000028014183,13.085714480706624,8.400000125169754,83.61428696023566,45.60000032186508,95.55
1999-10-11,15.300000227987766,11.45714302786759,7.000000104308128,89.08571561319488,14.400000095367432,95.345
1999-10-18,15.500000230968,6.400000095367432,-1.5000000223517418,84.14285839668342,0.1000000014901161,95.14
1999-10-25,16.300000242888927,9.242857280586447,0.800000011920929,76.64285828492471,2.1000000089406967,95.065
1999-11-01,19.10000028461218,12.31428589778287,3.400000050663948,81.28571549696582,8.299999810755253,94.99
1999-11-08,17.30000025779009,8.171428693192345,0.1000000014901161,82.41428694235427,16.700000017881393,94.94
1999-11-15,9.00000013411045,3.957142916108881,-4.200000062584877,86.05714413949421,5.200000017881393,94.89
1999-11-22,4.90000007301569,0.8714285844138691,-4.500000067055225,88.97142989720616,27.50000023841858,96.03
1999-11-29,11.800000175833702,7.200000107288361,2.7000000402331352,82.2571440828698,2.700000017881393,97.17
1999-12-06,10.400000154972076,5.942857231412615,0.6000000089406967,78.54285831323692,13.0,98.365
1999-12-13,11.500000171363354,7.114285820296833,3.400000050663948,80.48571548504489,33.69999969005585,99.56
1999-12-20,5.200000077486038,1.5571428803460938,-2.200000032782554,84.57142983164105,15.200000025331974,99.835
1999-12-27,9.00000013411045,3.4571429086583003,-3.200000047683716,77.60000115633011,28.39999938011169,100.11
2000-01-03,8.800000131130219,3.942857201610293,-1.0000000149011612,88.65714417823723,9.800000049173832,100.69
2000-01-10,10.500000156462193,5.285714364477566,0.4000000059604645,82.67142980332885,9.299999870359898,101.27
2000-01-17,6.200000092387199,1.5000000223517418,-4.000000059604645,89.185715614685,3.4999998807907104,101.51
2000-01-24,6.900000102818012,1.1714285888842173,-8.600000128149986,84.00000125169754,18.40000021457672,101.75
2000-01-31,10.30000015348196,3.7571429131286487,-7.000000104308128,80.87142977650676,18.99999988079071,102.135
2000-02-07,14.300000213086603,7.914285832217762,2.800000041723252,76.27142970796142,7.000000029802322,102.52
2000-02-14,11.000000163912771,5.642857226942267,0.2000000029802322,71.21428677546126,14.900000035762789,102.89
2000-02-21,7.800000116229057,2.95714290120772,-3.200000047683716,83.50000124424696,23.00000023841858,103.26
2000-02-28,14.40000021457672,5.771428657429559,-0.2000000029802322,76.85714400240353,29.800000190734863,104.115
2000-03-06,9.80000014603138,4.400000065565109,-0.5000000074505806,78.10000116378069,29.5999995470047,104.97
2000-03-13,13.300000198185444,8.242857265685286,3.200000047683716,83.31428695576531,37.700000286102295,104.92
2000-03-20,10.500000156462193,5.814285800925323,1.100000016391277,84.0428583951933,17.5,104.87
2000-03-27,17.30000025779009,8.042857262705054,-0.4000000059604645,76.81428685890776,17.200000166893005,103.99
2000-04-03,18.6000002771616,6.8142858158264845,1.100000016391277,82.07142979438815,6.400000125169754,103.11
2000-04-10,17.600000262260437,6.642857241843428,-3.700000055134296,67.44285814783403,0.1000000014901161,101.74
2000-04-17,16.50000024586916,8.72857155863728,0.5000000074505806,67.64285815081426,3.6000000834465027,100.37
2000-04-24,25.80000038444996,13.68571448964732,6.000000089406967,72.54285822382995,15.499999977648258,99.36
2000-05-01,25.80000038444996,15.657143090452466,3.400000050663948,76.62857257042613,4.700000002980232,98.35
2000-05-08,25.50000037997961,16.71428596334798,7.500000111758709,68.40000101923943,5.0,97.79
2000-05-15,29.800000444054604,18.071428840713843,6.500000096857548,57.80000086128712,0.0,97.23
2000-05-22,29.700000442564487,13.04285733721086,4.200000062584877,76.31428685145718,32.30000038444996,96.855
2000-05-29,20.500000305473804,13.32857162718262,7.400000110268593,67.7285724378058,11.39999994635582,96.48
2000-06-05,28.300000421702865,17.171428827302798,6.500000096857548,71.84285821339914,15.099999621510506,96.2
2000-06-12,30.300000451505184,17.471428831773146,6.800000101327896,70.52857247952905,3.600000113248825,95.92
2000-06-19,34.00000050663948,18.44285741767713,2.800000041723252,62.257143784846576,5.400000095367432,95.78
2000-06-26,34.70000051707029,17.5285716897675,9.600000143051147,68.82857245419707,25.000000096857548,95.64
2000-07-03,25.50000037997961,15.41428594397647,5.500000081956387,72.85714394279888,4.799999892711639,95.57
2000-07-10,23.300000347197056,15.242857369993414,10.100000150501728,76.82857257340636,45.2999998703599,95.5
2000-07-17,17.100000254809856,13.342857341681208,8.900000132620335,83.00000123679638,35.29999989271164,95.48
2000-07-24,24.100000359117985,16.014285952917167,10.400000154972076,75.91428684549672,12.30000013113022,95.46
2000-07-31,24.100000359117985,16.64285739085504,13.500000201165676,85.04285841009447,48.299999333918095,95.515
2000-08-07,28.300000421702865,18.58571456266301,10.000000149011612,70.75714391150645,2.30000002682209,95.57
2000-08-14,32.20000047981739,19.400000289082527,12.10000018030405,72.62857251082148,19.6999996304512,95.765
2000-08-21,24.600000366568565,18.80000028014183,13.500000201165676,80.52857262854066,39.40000054240227,95.96
2000-08-28,24.8000003695488,16.457143102373397,8.50000012665987,73.25714394875935,8.600000381469727,95.77
2000-09-04,22.000000327825543,14.800000220537186,8.300000123679638,80.50000119954348,29.700000405311584,95.58
2000-09-11,24.100000359117985,16.34285738638469,11.10000016540289,81.4285726419517,22.70000047981739,95.87
2000-09-18,27.700000412762165,16.37142881538187,12.300000183284284,83.50000124424696,12.89999982714653,96.16
2000-09-25,20.80000030994416,13.228571625692505,7.800000116229057,76.6571439994233,14.600000239908695,95.885
2000-10-02,25.100000374019142,16.085714525410108,10.30000015348196,79.82857261810985,7.899999871850014,95.61
2000-10-09,19.80000029504299,10.271428724484784,4.000000059604645,82.05714407988957,9.800000369548798,95.435
2000-10-16,19.30000028759241,11.985714464315349,5.700000084936619,75.31428683655602,5.100000016391277,95.26
2000-10-23,22.500000335276127,12.600000187754633,5.700000084936619,76.50000113993883,11.900000035762789,95.205
2000-10-30,15.400000229477882,11.228571595890182,7.900000117719173,77.60000115633011,19.09999966621399,95.15
2000-11-06,13.90000020712614,8.64285727164575,4.400000065565109,73.87142967219863,10.299999751150608,95.36
2000-11-13,12.800000190734863,8.64285727164575,5.000000074505806,74.34285825065204,3.100000023841858,95.225
2000-11-20,11.000000163912771,6.957142960812364,3.400000050663948,77.87142973180327,3.699999935925007,95.09
2000-11-27,13.100000195205212,7.071428676801069,1.600000023841858,76.91428686039788,8.699999898672104,95.05
2000-12-04,16.100000239908695,10.342857296977725,2.3000000342726707,81.21428692447287,3.30000002682209,95.01
2000-12-11,15.300000227987766,10.857143018926893,6.200000092387199,73.72857252721276,12.200000196695328,95.275
2000-12-18,13.800000205636024,6.171428663390024,-0.1000000014901161,80.81428691851241,12.300000250339508,95.54
2000-12-25,6.200000092387199,-0.5714285799435207,-6.900000102818012,79.35714403965643,6.0,95.825
2001-01-01,6.400000095367432,1.1142857308898653,-2.200000032782554,85.70000127702951,8.499999977648258,96.11
2001-01-08,11.400000169873238,6.857142959322248,1.0000000149011612,78.22857259426799,17.400000266730785,96.99
2001-01-15,5.500000081956387,-0.2142857174788204,-6.500000096857548,82.94285837880203,2.900000095367432,97.87
2001-01-22,6.200000092387199,-0.2714285754731723,-8.400000125169754,83.30000124126673,6.799999967217445,98.755
2001-01-29,11.60000017285347,5.314285793474743,-0.9000000134110451,81.7714297899178,18.500000670552254,99.64
2001-02-05,9.80000014603138,2.0857143167938506,-2.0000000298023224,90.1428584860904,36.50000047683716,100.715
2001-02-12,15.000000223517418,8.328571552676815,-4.000000059604645,75.52857255403485,8.199999868869781,101.79
2001-02-19,15.000000223517418,4.200000062584877,-1.600000023841858,81.84285836241075,5.30000002682209,100.63
2001-02-26,6.800000101327896,1.714285739830562,-4.400000065565109,77.55714401283434,7.599999837577343,99.47
2001-03-05,7.500000111758709,1.4000000208616257,-3.200000047683716,80.90000120550394,9.19999986886978,100.03
2001-03-12,14.800000220537186,7.942857261214938,-3.6000000536441803,81.81428693341357,13.2999999076128,100.59
2001-03-19,11.400000169873238,5.771428657429559,0.5000000074505806,81.70000121742487,28.299999833106995,102.73
2001-03-26,11.500000171363354,3.7571429131286487,-1.80000002682209,85.57142984654222,37.50000011920929,104.87
2001-04-02,21.80000032484532,8.28571440918105,-1.3000000193715096,72.54285822382995,4.600000120699406,103.195
2001-04-09,16.00000023841858,9.21428585158927,0.5000000074505806,72.07142964537654,11.69999971985817,101.52
2001-04-16,11.900000177323818,4.928571502012866,-4.500000067055225,82.70000123232603,29.899999000132084,101.71
2001-04-23,14.900000222027302,4.82857150052275,-2.600000038743019,74.78571540010827,4.599999934434891,101.9
2001-04-30,21.300000317394733,11.38571445537465,1.80000002682209,77.08571543438094,17.199999906122684,101.425
2001-05-07,25.30000037699937,12.600000187754633,4.400000065565109,72.51428679483277,25.89999959617853,100.95
2001-05-14,24.8000003695488,16.12857166890587,6.900000102818012,63.62857237671103,4.300000190734863,99.63
2001-05-21,20.30000030249357,12.571428758757454,4.500000067055225,72.27142964835677,20.49999976158142,98.31
2001-05-28,26.50000039488077,16.700000248849392,4.500000067055225,62.05714378186634,0.6000000238418579,97.6
2001-06-04,22.600000336766243,12.914285906723569,6.500000096857548,76.70000114291906,29.099999725818638,96.89
2001-06-11,19.60000029206276,12.97142876471792,7.500000111758709,73.14285823277065,25.600000217556957,96.59
2001-06-18,24.300000362098217,15.071428796010355,8.400000125169754,76.00000113248825,24.699999809265137,96.29
2001-06-25,25.30000037699937,14.871428793030123,5.4000000804662704,72.27142964835677,5.0,96.19
2001-07-02,29.700000442564487,19.02857171211924,8.600000128149986,73.81428681420428,22.20000028610229,96.09
2001-07-09,28.700000427663326,19.97142886902605,10.600000157952309,68.12857244376626,21.800000190734863,95.98
2001-07-16,25.30000037699937,16.87142882283245,12.4000001847744,68.15714387276343,19.500000670552254,95.87
2001-07-23,29.200000435113907,17.742857407246316,10.000000149011612,72.61428679632289,11.699999630451202,95.635
2001-07-30,31.500000469386578,22.02857175682272,11.900000177323818,65.72857240800347,0.0,95.4
2001-08-06,29.800000444054604,19.52857171956982,11.500000171363354,68.71428673820836,20.799999594688416,95.375
2001-08-13,22.600000336766243,17.228571685297148,10.000000149011612,71.87142964239631,27.80000001192093,95.35
2001-08-20,34.20000050961971,21.942857469831196,13.500000201165676,66.41428670393569,6.800000011920929,95.16
2001-08-27,34.70000051707029,21.785714610346727,12.4000001847744,68.82857245419707,8.199999764561653,94.97
2001-09-03,24.100000359117985,15.600000232458116,7.700000114738941,75.02857254658427,15.2000003233552,95.245
2001-09-10,17.80000026524067,12.357143041278634,8.50000012665987,83.51428695874554,34.60000002384186,95.52
2001-09-17,17.30000025779009,11.714285888842172,8.00000011920929,85.34285841456482,43.500000454485416,97.235
2001-09-24,16.800000250339508,11.471428742366175,4.000000059604645,82.24285836837122,18.800000071525574,98.95
2001-10-01,22.30000033229589,14.91428593652589,6.500000096857548,77.11428686337811,24.100000143051147,99.19
2001-10-08,25.00000037252903,15.071428796010355,10.100000150501728,74.97142968858991,13.300000250339508,99.43
2001-10-15,26.00000038743019,15.77142880644117,9.100000135600569,69.32857246164765,0.0,98.02
2001-10-22,23.300000347197056,14.228571640593666,6.800000101327896,73.45714395173958,0.1000000014901161,96.61
2001-10-29,17.100000254809856,12.142857323799817,6.800000101327896,83.58571553123849,11.699999779462814,96.13
2001-11-05,20.80000030994416,10.328571582479135,5.4000000804662704,78.5571440277355,2.399999976158142,95.65
2001-11-12,10.400000154972076,5.100000075995922,-4.000000059604645,87.42857273135867,50.10000067949295,97.755
2001-11-19,8.900000132620335,4.214285777083465,-3.6000000536441803,92.028572799904,1.699999988079071,99.86
2001-11-26,9.3000001385808,6.200000092387199,0.4000000059604645,91.64285850844212,32.3999999165535,101.77
2001-12-03,13.100000195205212,8.157142978693757,2.7000000402331352,93.62857282374588,21.50000023841858,103.68
2001-12-10,10.100000150501728,3.957142916108881,-2.600000038743019,89.98571562660592,10.099999964237211,103.536
2001-12-17,3.6000000536441803,-0.9000000134110451,-7.500000111758709,89.42857276116099,3.0000000596046448,103.392
2001-12-24,4.000000059604645,0.1428571449858801,-10.500000156462193,89.27142990167651,29.399999767541885,103.248
2001-12-31,7.000000104308128,1.528571451348918,-5.700000084936619,91.21428707348448,33.299999594688416,103.104
2002-01-07,2.500000037252903,-1.671428596334798,-8.800000131130219,84.12857268218484,4.199999988079071,102.96
2002-01-14,6.400000095367432,1.0714285873941012,-5.000000074505806,90.22857277308192,2.499999910593033,103.065
2002-01-21,11.900000177323818,4.400000065565109,-2.200000032782554,89.37142990316663,14.300000235438349,103.17
2002-01-28,13.90000020712614,8.828571560127395,3.700000055134296,78.42857259724822,39.00000095367432,103.275
2002-02-04,19.000000283122063,11.085714450904302,4.700000070035458,66.35714384594134,2.499999985098839,103.38
2002-02-11,13.600000202655792,8.900000132620335,4.700000070035458,87.05714415439537,39.60000061988831,103.4
2002-02-18,13.800000205636024,4.457142923559461,-2.200000032782554,76.1714297064713,6.499999761581421,103.42
2002-02-25,9.00000013411045,4.057142917598997,0.0,84.85714412161282,46.79999911785126,103.44
2002-03-04,13.100000195205212,4.97142864550863,-4.200000062584877,78.75714403071574,28.399999916553497,103.46
2002-03-11,17.30000025779009,8.028571548206466,2.1000000312924385,71.40000106394291,7.099999964237213,102.945
2002-03-18,16.800000250339508,7.728571543736117,0.4000000059604645,79.97142976309571,13.300000287592413,102.43
2002-03-25,14.600000217556952,6.528571525854724,-2.0000000298023224,76.11428684847695,17.700000025331974,101.915
2002-04-01,18.80000028014183,6.857142959322248,-3.000000044703484,66.22857241545405,0.0,101.4
2002-04-08,19.60000029206276,7.557142969753061,-3.000000044703484,59.88571517808096,0.0,100.852
2002-04-15,14.100000210106373,6.371428666370256,-3.200000047683716,76.84285828790495,10.400000035762789,100.304
2002-04-22,18.80000028014183,9.242857280586447,1.80000002682209,79.6428583296282,13.699999690055844,99.756
2002-04-29,20.500000305473804,10.685714444943835,4.500000067055225,80.0000011920929,39.90000009536743,99.208
2002-05-06,17.30000025779009,10.3714287259749,3.000000044703484,82.00000122189522,44.59999983012676,98.66
2002-05-13,24.100000359117985,14.871428793030123,3.000000044703484,83.60000124573708,4.699999928474426,98.5675
2002-05-20,26.200000390410423,15.485714516469413,8.50000012665987,73.24285823426077,4.700000107288361,98.475
2002-05-27,26.80000039935112,15.114285939506122,8.300000123679638,73.60000109672546,9.499999955296516,98.3825
2002-06-03,24.600000366568565,14.728571648044246,4.90000007301569,66.5142867054258,0.8000000193715096,98.29
2002-06-10,26.50000039488077,16.78571453584092,10.100000150501728,80.31428691106183,78.00000047683716,97.96
2002-06-17,31.300000466406345,17.942857410226548,10.000000149011612,81.74285836092064,19.300000101327896,97.63
2002-06-24,35.700000531971455,19.857143153037345,11.500000171363354,74.31428682165486,9.799999810755253,97.3
2002-07-01,25.700000382959843,15.400000229477882,8.100000120699406,73.40000109374523,12.800000049173832,96.97
2002-07-08,29.60000044107437,17.042857396815503,12.10000018030405,75.97142970349107,8.599999964237213,98.036
2002-07-15,31.80000047385693,17.95714312472514,9.100000135600569,82.17142979587827,36.99999956041575,99.102
2002-07-22,24.600000366568565,15.714285948446818,10.500000156462193,82.34285836986133,76.70000052452087,100.168
2002-07-29,31.300000466406345,19.071428855615004,12.800000190734863,74.75714397111109,23.199999690055847,101.234
2002-08-05,32.20000047981739,19.21428600060088,13.500000201165676,80.85714406200817,23.400000162422657,102.3
2002-08-12,24.300000362098217,17.742857407246316,11.10000016540289,85.9571441380041,32.199999153614044,101.9475
2002-08-19,29.200000435113907,20.75714316644839,12.800000190734863,72.92857251529183,0.0,101.595
2002-08-26,30.800000458955765,18.971428854124888,13.600000202655792,86.24285842797586,32.70000056177378,101.2425
2002-09-02,27.60000041127205,18.37142884518419,8.600000128149986,80.04285833558866,0.4000000059604645,100.89
2002-09-09,28.300000421702865,17.314285972288676,6.900000102818012,75.41428683804614,41.8999999538064,100.84
2002-09-16,21.60000032186508,13.914285921624728,6.500000096857548,85.61428699003798,21.900000780820847,100.79
2002-09-23,18.30000027269125,13.014285908213685,8.900000132620335,82.12857265238252,14.899999976158142,100.74
2002-09-30,19.80000029504299,10.814285875431128,2.7000000402331352,83.70000124722719,10.600000143051147,100.69
2002-10-07,21.60000032186508,11.52857160036053,4.400000065565109,86.62857271943774,31.299999453127384,100.64
2002-10-14,12.90000019222498,7.085714391299656,0.800000011920929,80.60000120103359,3.800000011920929,101.5425
2002-10-21,16.300000242888927,9.6571430010455,4.000000059604645,83.04285838029215,13.100000143051147,102.445
2002-10-28,17.80000026524067,10.58571444345372,5.500000081956387,76.95714400389365,32.399999633431435,103.3475
2002-11-04,13.90000020712614,8.914285847118922,2.0000000298023224,87.20000129938126,35.50000011920929,104.25
2002-11-11,11.30000016838312,6.371428666370256,3.400000050663948,88.20000131428242,40.19999972730875,103.78
2002-11-18,13.40000019967556,9.028571563107628,4.90000007301569,84.157144111182,26.99999925494194,103.31
2002-11-25,13.600000202655792,7.371428681271417,2.600000038743019,86.88571558041232,3.5,102.84
2002-12-02,13.800000205636024,7.614285827747413,1.80000002682209,86.28571557147163,9.100000150501728,102.37
2002-12-09,9.3000001385808,0.814285726419517,-7.500000111758709,79.8714297616056,0.0,101.934483644042
2002-12-16,6.500000096857548,-0.9571428714053972,-8.50000012665987,78.17142973627362,10.399999856948853,100.966849684048
2002-12-23,9.00000013411045,1.2428571613771575,-5.4000000804662704,89.64285847863981,24.29999928921461,102.043095619144
2002-12-30,12.800000190734863,7.628571542246001,-2.500000037252903,90.87142992551836,65.3999992609024,103.701896693419
2003-01-06,10.500000156462193,1.542857165847506,-4.400000065565109,84.65714411863259,41.6999996304512,103.968489723213
2003-01-13,5.000000074505806,-4.571428639548166,-12.600000187754633,77.32857258085694,11.50000023841858,104.19
2003-01-20,9.80000014603138,4.871428644018514,-1.0000000149011612,79.71428690212113,1.900000013411045,104.35
2003-01-27,10.100000150501728,5.414285794964859,-1.80000002682209,85.6000012755394,20.30000016838312,104.51
2003-02-03,9.400000140070915,0.4285714349576404,-10.100000150501728,84.00000125169754,29.600000098347664,104.67
2003-02-10,7.500000111758709,1.2571428758757457,-3.400000050663948,85.90000128000975,7.700000107288361,103.66
2003-02-17,4.200000062584877,-2.514285751751491,-7.700000114738941,73.85714395770005,0.0,102.65
2003-02-24,11.900000177323818,0.6571428669350488,-7.500000111758709,73.34285823575088,0.0,101.64
2003-03-03,15.900000236928465,6.085714376398495,-2.7000000402331352,76.10000113397837,15.100000381469728,100.63
2003-03-10,13.800000205636024,8.200000122189522,2.0000000298023224,72.7285725123116,12.800000429153444,100.36
2003-03-17,11.900000177323818,4.500000067055225,-3.200000047683716,76.1857154209699,23.0,100.09
2003-03-24,19.80000029504299,5.814285800925323,-2.500000037252903,62.21428664135082,0.0,99.82
2003-03-31,19.10000028461218,10.142857293997492,1.100000016391277,69.07142960067306,2.700000047683716,99.55
2003-04-07,16.300000242888927,5.071428646998746,-5.500000081956387,68.74285816720554,10.0,99.28
2003-04-14,19.10000028461218,5.471428652959211,-6.500000096857548,61.28571519894259,1.399999976158142,98.7125
2003-04-21,23.300000347197056,12.10000018030405,0.5000000074505806,59.90000089257956,5.400000095367432,98.145
2003-04-28,23.100000344216824,14.514285930565425,4.000000059604645,66.50000099092722,12.499999776482582,97.5775
2003-05-05,27.3000004068017,14.414285929075309,6.800000101327896,67.38571528983968,22.10000044107437,97.01
2003-05-12,24.600000366568565,13.742857347641673,5.000000074505806,70.85714391299656,7.099999979138374,96.78
2003-05-19,18.50000027567148,11.785714461335116,1.3000000193715096,73.6714296692184,13.80000013113022,96.55
2003-05-26,23.300000347197056,14.314285927585193,8.50000012665987,73.87142967219863,20.39999957382679,96.32
2003-06-02,30.200000450015068,19.857143153037345,8.100000120699406,68.02857244227614,8.099999815225601,96.09
2003-06-09,30.300000451505184,20.842857453439915,10.80000016093254,72.08571535987514,29.29999923706055,95.972
2003-06-16,29.60000044107437,19.08571457011359,8.00000011920929,68.88571531219142,4.600000001490116,95.854
2003-06-23,31.10000046342612,18.571428848164423,8.100000120699406,72.34285822084972,9.20000010728836,95.736
2003-06-30,26.30000039190054,18.42857170317854,7.200000107288361,73.81428681420428,13.599999621510504,95.618
2003-07-07,23.300000347197056,16.100000239908695,10.000000149011612,82.8571440918105,15.199999526143074,95.5
2003-07-14,27.80000041425228,18.88571456713336,8.300000123679638,64.18571524215596,2.5,95.4275
2003-07-21,33.5000004991889,23.05714320072106,10.600000157952309,57.77142943228994,15.900000095367432,95.355
2003-07-28,26.30000039190054,20.90000031143427,14.300000213086603,69.628572466118,22.300000198185444,95.2825
2003-08-04,32.30000048130751,22.24285747430154,10.500000156462193,64.40000095963478,0.3000000119209289,95.21
2003-08-11,37.80000056326389,26.12857181791748,14.000000208616257,50.471429323511465,0.0,95.238
2003-08-18,38.10000056773424,21.1000003144145,7.900000117719173,58.08571515125888,5.100000202655792,95.266
2003-08-25,25.80000038444996,18.242857414696896,9.00000013411045,66.08571527046817,1.4999999552965164,95.294
2003-09-01,25.30000037699937,15.300000227987766,8.900000132620335,75.47142969604049,18.50000011920929,95.322
2003-09-08,25.100000374019142,14.828571649534362,4.90000007301569,75.12857254807439,40.60000038146973,95.35
2003-09-15,22.30000033229589,13.75714306214026,5.700000084936619,81.97142979289804,16.90000009536743,96.305
2003-09-22,30.500000454485416,18.528571704668657,8.600000128149986,67.08571528536933,7.599999904632568,97.26
2003-09-29,20.30000030249357,11.228571595890182,3.6000000536441803,77.97142973329339,6.699999928474426,98.215
2003-10-06,17.00000025331974,10.757143017436777,4.000000059604645,86.77142986442361,72.29999963194132,99.17
2003-10-13,14.40000021457672,9.485714427062444,0.5000000074505806,85.02857269559588,19.70000004768372,98.4025
2003-10-20,12.4000001847744,4.442857209060874,-2.3000000342726707,77.05714400538376,0.0,97.635
2003-10-27,8.300000123679638,3.357142907168184,-5.700000084936619,87.30000130087137,12.89999971538782,96.8675
2003-11-03,14.900000222027302,7.600000113248825,-1.80000002682209,82.75714409032038,15.099999882280828,96.1
2003-11-10,15.600000232458116,7.271428679781301,1.600000023841858,78.12857259277787,0.0,96.0626550492414
2003-11-17,11.800000175833702,5.5285715109535625,-1.0000000149011612,85.51428698854787,13.699999600648878,96.1663378892027
2003-11-24,15.900000236928465,11.771428746836524,4.90000007301569,82.35714408435992,1.2000000253319738,96.8283129443399
2003-12-01,13.600000202655792,7.400000110268593,2.800000041723252,86.90000129491091,10.400000028312206,96.5571424398258
2003-12-08,10.600000157952309,1.9142857428107944,-6.800000101327896,85.37142984356198,0.5000000149011611,96.1663378892027
2003-12-15,12.300000183284284,3.814285771123001,-6.400000095367432,85.44285841605493,38.70000052452088,101.37
2003-12-22,10.400000154972076,3.714285769632885,-3.1000000461936,86.5571441469448,12.700000412762169,101.193333333333
2003-12-29,10.000000149011612,4.757142928029809,-4.700000070035458,81.6571440739291,10.100000023841858,101.016666666667
2004-01-05,5.200000077486038,-0.614285723439285,-4.400000065565109,87.40000130236149,4.4999998807907104,100.84
2004-01-12,11.30000016838312,5.357142936970506,1.100000016391277,88.942858468209,38.90000052750111,101.811659422137
2004-01-19,9.600000143051147,4.3142857785735815,-1.700000025331974,85.05714412459305,29.199999667704105,102.479306873994
2004-01-26,6.500000096857548,0.885714298912457,-5.000000074505806,82.40000122785568,4.399999976158142,102.54607161918
2004-02-02,12.300000183284284,4.042857203100409,-4.200000062584877,81.28571549696582,21.60000053793192,102.550522602192
2004-02-09,17.00000025331974,8.971428705113274,0.800000011920929,78.71428688721997,18.79999992251396,102.706307007626
2004-02-16,8.800000131130219,4.000000059604645,-1.600000023841858,89.15714418568781,9.099999904632568,103.86
2004-02-23,7.900000117719173,1.0857143018926894,-3.400000050663948,77.90000116080046,3.999999910593033,102.72
2004-03-01,4.200000062584877,-0.3428571479661124,-7.500000111758709,80.97142977799687,11.5,101.58
2004-03-08,6.500000096857548,1.9714286008051465,-3.700000055134296,80.68571548802512,5.50000012665987,100.44
2004-03-15,14.40000021457672,5.085714361497334,-2.500000037252903,78.81428688871009,5.000000059604645,100.3
2004-03-22,22.800000339746475,10.828571589929718,3.200000047683716,75.05714397558144,21.100000143051147,100.16
2004-03-29,12.4000001847744,2.3428571777684346,-4.500000067055225,80.0000011920929,1.5000000149011612,100.02
2004-04-05,19.60000029206276,10.314285867980548,-0.1000000014901161,69.04285817167589,10.099999763071535,99.88
2004-04-12,11.400000169873238,4.657142926539693,-1.80000002682209,87.92857273880925,24.30000013113022,99.5375
2004-04-19,21.1000003144145,10.200000151991844,0.800000011920929,67.78571529580014,1.7000000476837158,99.195
2004-04-26,22.500000335276127,12.157143038298402,2.200000032782554,72.91428680079323,17.399999797344208,98.8525
2004-05-03,23.100000344216824,14.585714503058366,7.900000117719173,77.57142972733293,16.199999906122684,98.51
2004-05-10,19.30000028759241,10.771428731935364,6.000000089406967,80.30000119656324,47.700000405311584,98.494
2004-05-17,20.60000030696392,12.300000183284284,5.000000074505806,78.85714403220585,0.400000013411045,98.478
2004-05-24,23.100000344216824,12.514285900763102,1.600000023841858,67.4714295768312,2.700000047683716,98.462
2004-05-31,24.100000359117985,13.214285911193915,3.200000047683716,69.18571531666177,18.100000023841854,98.446
2004-06-07,26.30000039190054,14.91428593652589,7.800000116229057,81.91428693490369,6.999999977648258,98.43
2004-06-14,28.50000042468309,17.95714312472514,5.900000087916851,77.11428686337811,9.100000262260435,97.906
2004-06-21,24.300000362098217,14.542857359562602,6.500000096857548,75.4571439815419,9.8999999538064,97.382
2004-06-28,25.700000382959843,16.2142859558974,7.000000104308128,74.5142868246351,31.8000009059906,96.858
2004-07-05,24.100000359117985,15.614285946956702,8.00000011920929,72.32857250635114,9.900000095367432,96.334
2004-07-12,23.100000344216824,14.800000220537186,7.200000107288361,77.17142972137246,22.699999690055847,95.81
2004-07-19,29.50000043958425,17.12857168380703,8.00000011920929,79.92857261959996,50.50000057369471,96.3533333333333
2004-07-26,27.60000041127205,18.37142884518419,11.60000017285347,77.82857258830752,35.49999920278788,96.8966666666667
2004-08-02,29.200000435113907,18.900000281631947,8.800000131130219,66.5285724199244,0.0,97.44
2004-08-09,31.300000466406345,22.885714626738004,11.800000175833702,58.157143723751815,0.1000000014901161,97.222
2004-08-16,30.500000454485416,20.142857443009103,13.40000019967556,72.30000107735395,28.10000053793192,97.004
2004-08-23,28.200000420212746,18.37142884518419,9.900000147521496,69.54285817912647,27.299999356269836,96.786
2004-08-30,22.100000329315662,16.00000023841858,11.500000171363354,79.44285832664796,34.29999962449074,96.568
2004-09-06,26.30000039190054,16.9285716808268,7.300000108778477,72.25714393385819,1.7000000476837158,96.35
2004-09-13,26.80000039935112,16.85714310833386,6.500000096857548,65.41428668903453,15.600000023841858,96.725
2004-09-20,24.50000036507845,14.585714503058366,7.500000111758709,67.45714386233261,2.89999994635582,97.1
2004-09-27,18.50000027567148,11.914285891822406,8.800000131130219,82.41428694235427,36.40000090748072,97.475
2004-10-04,22.500000335276127,13.914285921624728,8.100000120699406,77.75714401581457,7.899999991059303,97.85
2004-10-11,22.100000329315662,10.614285872450896,2.0000000298023224,76.6571439994233,1.9999999776482584,97.245
2004-10-18,17.30000025779009,9.328571567577976,1.600000023841858,75.1000011190772,9.09999978542328,96.64
2004-10-25,21.80000032484532,13.871428778128964,4.90000007301569,70.55714390852621,6.299999989569187,96.035
2004-11-01,15.600000232458116,10.214285866490432,2.7000000402331352,83.47142981524978,1.7000000029802322,95.43
2004-11-08,13.600000202655792,7.685714400240353,0.5000000074505806,85.81428699301821,5.400000102818012,97.3675
2004-11-15,7.500000111758709,3.0142857592020715,-2.600000038743019,87.54285844734737,19.80000028014183,99.305
2004-11-22,11.500000171363354,5.642857226942267,0.0,87.48571558935302,59.4000016450882,101.2425
2004-11-29,9.600000143051147,4.142857204590525,-3.500000052154064,85.30000127106905,5.899999916553497,103.18
2004-12-06,7.300000108778477,3.714285769632885,-1.80000002682209,87.0285727253982,1.3000000044703484,102.438948726862
2004-12-13,7.400000110268593,0.814285726419517,-5.4000000804662704,85.87142985101256,0.1000000014901161,101.951822474197
2004-12-20,9.80000014603138,1.714285739830562,-6.000000089406967,81.7714297899178,14.300000548362732,101.823631355075
2004-12-27,10.600000157952309,2.5571428952472552,-7.500000111758709,83.00000123679638,7.699999868869781,102.035146701626
2005-01-03,10.000000149011612,4.8571429295199255,-3.200000047683716,80.07142976458583,4.9000000059604645,101.868498246767
2005-01-10,14.900000222027302,8.185714407690934,4.700000070035458,72.57142965282712,5.600000061094761,99.96
2005-01-17,11.10000016540289,4.242857206080641,-5.4000000804662704,80.0000011920929,5.899999976158142,101.335
2005-01-24,9.80000014603138,3.214285762182304,-1.700000025331974,83.37142981375966,27.5999995470047,102.71
2005-01-31,6.200000092387199,-0.7142857249294007,-9.100000135600569,84.94285840860435,11.0999998152256,103.15
2005-02-07,6.500000096857548,2.371428606765611,-3.700000055134296,80.72857263152089,9.50000023841858,103.59
2005-02-14,11.500000171363354,3.842857200120176,-2.500000037252903,88.47142988975558,42.70000052452088,104.03
2005-02-21,3.000000044703484,-0.2714285754731723,-6.000000089406967,87.0285727253982,13.000000156462193,104.47
2005-02-28,1.0000000149011612,-3.542857195649828,-16.300000242888927,83.68571553272861,4.699999988079071,103.493873618519
2005-03-07,2.7000000402331352,-2.257142890776907,-12.10000018030405,79.00000117719173,4.299999810755253,102.806075515546
2005-03-14,7.400000110268593,2.542857180748667,-3.9000000581145287,87.17142987038407,22.100000143051147,103.515367309236
2005-03-21,19.30000028759241,9.742857288037028,0.0,73.8000010997057,5.200000047683716,104.052709577183
2005-03-28,19.80000029504299,11.614285887352056,3.700000055134296,79.41428689765078,31.09999990463257,103.723139652843
2005-04-04,21.300000317394733,10.30000015348196,-0.2000000029802322,64.28571524364608,10.200000047683716,104.0
2005-04-11,14.600000217556952,7.628571542246001,0.9000000134110451,79.70000118762255,20.399999737739563,103.06
2005-04-18,21.300000317394733,11.985714464315349,3.9000000581145287,79.57142975713525,1.100000023841858,102.12
2005-04-25,17.30000025779009,8.800000131130219,-1.3000000193715096,75.27142969306026,24.000000059604645,101.79
2005-05-02,27.60000041127205,14.442857358072484,4.700000070035458,78.60000117123127,7.000000059604645,101.46
2005-05-09,20.80000030994416,9.614285857549737,3.200000047683716,83.54285838774273,39.40000009536743,101.125
2005-05-16,17.100000254809856,9.528571570558208,0.1000000014901161,77.50000115483999,7.099999964237213,100.79
2005-05-23,23.000000342726707,12.785714476236276,1.0000000149011612,72.01428678738219,5.099999949336052,99.78
2005-05-30,32.00000047683716,19.057143141116416,7.200000107288361,65.11428668456418,6.100000143051148,98.77
2005-06-06,27.80000041425228,13.671428775148732,5.000000074505806,78.58571545673269,30.20000047981739,98.29
2005-06-13,19.80000029504299,11.37142874087606,3.200000047683716,73.6714296692184,3.4999999403953552,97.81
2005-06-20,30.300000451505184,18.714285993150305,5.700000084936619,69.48571532113212,0.8000000268220901,97.215
2005-06-27,32.100000478327274,20.44285744747945,8.100000120699406,68.34285816124508,0.6000000089406967,96.62
2005-07-04,29.200000435113907,18.22857170019831,8.900000132620335,80.41428691255194,26.49999995529652,96.145
2005-07-11,28.10000041872263,16.271428813891752,7.400000110268593,78.14285830727646,23.80000038444996,95.67
2005-07-18,29.700000442564487,20.500000305473804,10.500000156462193,67.87142958279166,1.3999999538064003,96.315
2005-07-25,24.600000366568565,16.228571670395986,9.100000135600569,78.82857260320868,17.0,96.96
2005-08-01,32.00000047683716,19.10000028461218,11.60000017285347,78.90000117570162,34.39999997615814,97.605
2005-08-08,23.100000344216824,14.62857164655413,8.400000125169754,81.92857264940228,13.100000001490116,98.25
2005-08-15,21.000000312924385,15.071428796010355,9.500000141561031,83.85714410671166,37.50000021606684,97.655
2005-08-22,28.60000042617321,17.528571689767496,8.50000012665987,84.67142983313117,16.299999624490738,97.06
2005-08-29,26.00000038743019,16.142857383404458,8.00000011920929,76.12857256297555,4.099999964237213,96.465
2005-09-05,30.600000455975533,19.185714571603707,9.3000001385808,74.0428582461817,0.0,95.87
2005-09-12,30.600000455975533,19.685714579054288,9.100000135600569,78.3142868812595,9.400000095367432,95.905
2005-09-19,20.80000030994416,12.4000001847744,2.200000032782554,83.01428695129496,26.50000035762787,95.94
2005-09-26,24.300000362098217,14.028571637613434,3.200000047683716,76.94285828939506,2.0000000596046448,95.845
2005-10-03,19.30000028759241,12.028571607811111,4.500000067055225,84.8714298361114,20.99999988079071,95.75
2005-10-10,21.60000032186508,14.000000208616257,6.200000092387199,84.37142982866082,0.0,95.515
2005-10-17,22.600000336766243,11.042857307408536,3.000000044703484,77.11428686337811,0.0,95.28
2005-10-24,19.500000290572643,11.542857314859118,4.200000062584877,83.01428695129496,26.2999999076128,95.8366666666667
2005-10-31,22.800000339746475,14.900000222027302,7.500000111758709,76.32857256595578,7.299999833106995,96.3933333333333
2005-11-07,19.30000028759241,11.928571606320997,5.700000084936619,79.84285833260843,12.40000008046627,96.95
2005-11-14,17.100000254809856,9.128571564597744,1.0000000149011612,84.01428696619612,0.9999999776482582,97.025
2005-11-21,7.300000108778477,3.671428626137121,-3.200000047683716,93.02857281480516,21.100000210106373,97.1
2005-11-28,5.000000074505806,0.9142857279096333,-4.000000059604645,86.92857272390809,6.000000059604645,98.4406003903693
2005-12-05,9.00000013411045,3.842857200120176,-3.500000052154064,80.44285834154913,8.500000238418579,98.1708607172655
2005-12-12,8.00000011920929,2.842857185219015,-4.500000067055225,92.028572799904,4.599999979138374,98.071482942964
2005-12-19,8.400000125169754,3.24285719117948,-2.200000032782554,93.5857156802501,29.10000041127205,99.4201813084832
2005-12-26,7.200000107288361,4.357142922069345,-2.200000032782554,94.27142997618232,10.099999964237211,100.10636117866
2006-01-02,6.70000009983778,-0.1285714304872919,-5.500000081956387,87.70000130683184,5.199999928474426,101.39
2006-01-09,3.200000047683716,0.2714285754731723,-5.000000074505806,90.18571562958616,0.0,99.975
2006-01-16,8.800000131130219,0.6285714379378727,-7.300000108778477,80.71428691702229,0.9000000357627869,98.56
2006-01-23,8.800000131130219,1.8857143138136183,-7.500000111758709,86.18571556998151,12.800000071525574,98.655
2006-01-30,3.200000047683716,-4.742857213531222,-16.50000024586916,77.3714297243527,3.900000095367432,98.75
2006-02-06,2.7000000402331352,-2.2142857472811426,-10.400000154972076,97.0428585889084,5.400000095367432,100.35
2006-02-13,5.200000077486038,1.65714288183621,-2.800000041723252,87.6285727343389,17.700000286102295,101.95
2006-02-20,9.80000014603138,4.514285781553814,-1.100000016391277,84.34285839966365,24.600000202655792,102.035
2006-02-27,3.000000044703484,-0.085714286991528,-4.000000059604645,77.92857258979764,2.700000077486038,102.12
2006-03-06,3.9000000581145287,0.2285714319774082,-5.000000074505806,82.6285726598331,7.399999916553497,103.055
2006-03-13,7.700000114738941,0.5285714364477566,-7.800000116229057,81.35714406945876,34.09999895095825,103.99
2006-03-20,6.500000096857548,0.4285714349576405,-6.400000095367432,79.08571546418327,0.0,103.09
2006-03-27,18.30000027269125,6.714285814336368,-5.200000077486038,74.21428682016474,16.299999952316284,102.19
2006-04-03,15.100000225007534,9.614285857549737,3.1000000461936,76.62857257042613,26.40000009536743,102.46
2006-04-10,13.40000019967556,5.5285715109535625,-1.100000016391277,69.90000104159117,5.300000004470348,102.73
2006-04-17,14.300000213086603,8.042857262705054,-1.80000002682209,78.70000117272139,20.30000052601099,101.71
2006-04-24,20.30000030249357,10.771428731935364,4.200000062584877,73.6714296692184,5.000000014901161,100.69
2006-05-01,23.80000035464764,9.72857157353844,-0.2000000029802322,78.41428688274962,11.40000020712614,99.71
2006-05-08,25.80000038444996,16.04285738191434,6.500000096857548,55.28571510953562,0.0,98.73
2006-05-15,25.600000381469727,15.185714511999064,5.000000074505806,64.3714295306376,3.4999999403953552,98.125
2006-05-22,21.60000032186508,14.571428788559777,8.800000131130219,74.68571539861816,26.600000023841854,97.52
2006-05-29,17.00000025331974,11.542857314859118,5.700000084936619,81.98571550739663,51.0,99.015
2006-06-05,17.600000262260437,9.971428720014435,4.500000067055225,79.60000118613243,16.400000050663948,100.51
2006-06-12,28.00000041723252,16.385714529880456,4.200000062584877,66.61428670691592,0.0,99.35
2006-06-19,31.20000046491623,18.91428599613053,7.700000114738941,73.88571538669723,35.39999985694885,98.19
2006-06-26,30.800000458955765,18.814285994640414,9.100000135600569,72.28571536285537,26.400000013411045,97.545
2006-07-03,27.80000041425228,18.657143135155952,10.500000156462193,69.142858173166,0.699999988079071,96.9
2006-07-10,32.70000048726797,21.228571744901792,12.600000187754633,73.90000110119581,20.99999986588955,96.505
2006-07-17,30.100000448524952,20.2714288734964,8.00000011920929,64.41428667413336,0.0,96.11
2006-07-24,34.70000051707029,23.885714641639165,11.500000171363354,62.27142949934517,32.599998474121094,95.91
2006-07-31,34.50000051409006,22.20000033080578,13.800000205636024,72.78571537030595,23.99999964237213,95.71
2006-08-07,25.30000037699937,17.571428833263262,10.400000154972076,77.88571544630187,16.100000143051147,95.6335553204553
2006-08-14,21.60000032186508,14.91428593652589,6.900000102818012,78.64285831472704,18.700000144541264,95.4649550043775
2006-08-21,25.50000037997961,17.58571454776185,11.000000163912771,79.05714403518608,26.40000027418137,95.9025129675317
2006-08-28,23.80000035464764,15.657143090452466,11.10000016540289,82.35714408435992,25.700000017881397,96.0309703512099
2006-09-04,24.00000035762787,16.985714538821153,8.50000012665987,76.31428685145718,7.199999965727329,95.9426558999311
2006-09-11,28.00000041723252,16.5714288183621,5.000000074505806,77.014286861888,1.2000000476837158,95.34
2006-09-18,29.700000442564487,19.75714315154723,11.500000171363354,72.65714393981865,1.8000000044703484,95.28
2006-09-25,28.300000421702865,17.58571454776185,8.00000011920929,70.55714390852621,1.0999999791383743,95.22
2006-10-02,22.800000339746475,16.385714529880456,10.000000149011612,77.10000114887953,4.999999895691872,95.15
2006-10-09,19.80000029504299,13.271428769188269,4.200000062584877,79.81428690361125,9.600000143051147,95.08
2006-10-16,22.100000329315662,13.742857347641673,4.700000070035458,81.62857264493194,0.4000000059604645,95.07
2006-10-23,19.80000029504299,14.40000021457672,2.1000000312924385,74.32857253615346,11.40000021457672,95.06
2006-10-30,22.30000033229589,13.97142877961908,7.200000107288361,77.21428686486823,8.100000001490116,95.0466570713964
2006-11-06,15.600000232458116,7.557142969753061,-1.3000000193715096,83.62857267473426,6.70000022649765,95.054255452716
2006-11-13,12.000000178813934,7.500000111758709,0.4000000059604645,83.14285838178226,28.20000034570694,95.2442149857064
2006-11-20,18.100000269711018,10.614285872450896,3.6000000536441803,79.90000119060278,15.399999797344208,95.2104444020637
2006-11-27,17.600000262260437,10.3714287259749,2.500000037252903,77.82857258830752,11.700000062584875,95.3936498183256
2006-12-04,17.80000026524067,8.900000132620335,0.1000000014901161,78.98571546269315,3.600000023841858,94.86
2006-12-11,15.800000235438349,8.471428697662693,0.800000011920929,77.48571544034141,14.09999991953373,94.98
2006-12-18,12.500000186264517,6.885714388319424,0.1000000014901161,80.78571548951524,7.099999845027924,95.1
2006-12-25,5.700000084936619,2.842857185219015,-1.80000002682209,94.80000141263008,0.9000000134110451,96.1733333333333
2007-01-01,12.500000186264517,4.657142926539693,-3.9000000581145287,82.64285837433168,10.399999856948853,97.2466666666667
2007-01-08,11.000000163912771,7.485714397260121,3.700000055134296,84.62857268963542,18.399999797344208,98.32
2007-01-15,14.100000210106373,9.100000135600569,-0.2000000029802322,75.07142969008002,18.299999691545963,99.72
2007-01-22,14.300000213086603,7.885714403220584,-4.200000062584877,77.92857258979764,49.30000092089176,100.545
2007-01-29,8.50000012665987,0.2142857174788202,-7.700000114738941,82.9714298077992,5.399999916553497,101.37
2007-02-05,8.600000128149986,5.642857226942267,-2.200000032782554,89.24285847267934,1.500000037252903,101.515
2007-02-12,10.500000156462193,3.0428571881992474,-4.400000065565109,87.92857273880925,12.999999940395355,101.66
2007-02-19,13.100000195205212,5.428571509463446,-0.5000000074505806,80.60000120103359,12.599999904632568,101.515
2007-02-26,14.100000210106373,7.814285830727646,0.0,79.45714404114655,13.299999952316284,101.37
2007-03-05,12.500000186264517,7.3571429667728285,2.0000000298023224,78.14285830727646,23.20000046491623,101.66
2007-03-12,17.600000262260437,8.042857262705054,0.1000000014901161,74.62857254062381,6.799999892711639,101.95
2007-03-19,15.400000229477882,6.600000098347664,-1.3000000193715096,79.71428690212113,12.899999737739565,103.065
2007-03-26,16.00000023841858,5.285714364477566,-1.3000000193715096,79.47142975564513,26.499999046325684,104.18
2007-04-02,18.0000002682209,8.800000131130219,0.2000000029802322,66.6428581359131,2.3999999538064003,102.42
2007-04-09,16.300000242888927,7.12857153479542,-1.5000000223517418,76.4142868529473,2.900000095367432,100.66
2007-04-16,27.000000402331352,14.528571645064014,2.0000000298023224,64.70000096410513,0.0,99.42
2007-04-23,24.00000035762787,9.785714431532792,-2.1000000312924385,65.38571526003736,0.0,98.18
2007-04-30,26.30000039190054,15.485714516469413,-0.2000000029802322,61.51428663092,0.0,97.595
2007-05-07,23.000000342726707,12.557143044258869,0.0,62.128572354359285,31.499999225139614,97.01
2007-05-14,22.800000339746475,13.642857346151557,8.100000120699406,77.98571544779199,33.0,96.77
2007-05-21,24.8000003695488,14.085714495607784,3.500000052154064,76.4142868529473,8.700000025331974,96.53
2007-05-28,26.00000038743019,17.08571454031127,8.50000012665987,82.21428693937403,22.799999833106995,96.64
2007-06-04,22.800000339746475,14.742857362542834,5.700000084936619,76.44285828194448,23.19999963045121,96.75
2007-06-11,28.80000042915344,19.285714573093824,9.500000141561031,79.80000118911266,9.49999976158142,96.23
2007-06-18,27.700000412762165,18.285714558192662,11.60000017285347,77.64285829982587,16.799999810755253,95.71
2007-06-25,26.700000397861004,17.400000259280205,8.100000120699406,78.30000116676092,42.49999988079071,95.775
2007-07-02,26.200000390410423,15.485714516469413,8.50000012665987,73.12857251827207,16.999999977648258,95.84
2007-07-09,22.500000335276127,15.042857367013182,8.800000131130219,78.10000116378069,29.89999981224537,98.015
2007-07-16,34.30000051110983,19.88571458203452,9.100000135600569,69.10000102967024,7.600000202655792,100.19
2007-07-23,27.80000041425228,18.94285742512771,9.00000013411045,69.11428674416882,6.400000169873238,100.08
2007-07-30,27.10000040382147,16.64285739085504,9.900000147521496,73.78571538520711,64.20000076293945,99.97
2007-08-06,31.000000461936,17.685714549251966,7.700000114738941,67.98571529878038,10.5,99.86
2007-08-13,23.300000347197056,16.85714310833386,9.100000135600569,84.08571553868907,95.5000001937151,100.8025
2007-08-20,25.700000382959843,17.985714553722314,11.000000163912771,70.18571533156293,22.499999292194843,101.745
2007-08-27,25.30000037699937,17.414285973778792,11.30000016838312,81.31428692596299,73.69999670982361,102.6875
2007-09-03,20.10000029951334,14.328571642083782,6.200000092387199,78.47142974074397,23.600000381469727,103.63
2007-09-10,20.30000030249357,13.371428770678383,6.900000102818012,82.47142980034862,19.799999743700027,101.825689999791
2007-09-17,21.80000032484532,14.028571637613434,6.000000089406967,77.9571440187948,7.900000005960464,101.730566362363
2007-09-24,24.8000003695488,14.542857359562602,7.000000104308128,70.25714390405587,6.8999999538064,101.377249994774
2007-10-01,17.30000025779009,12.057143036808286,7.000000104308128,85.80000127851963,45.20000000298023,102.688597282171
2007-10-08,19.80000029504299,11.985714464315349,3.700000055134296,88.08571559829372,3.5999999046325684,102.55270637156
2007-10-15,19.30000028759241,11.142857308898654,2.7000000402331352,80.40000119805336,0.2000000029802322,102.043115456769
2007-10-22,18.50000027567148,7.928571546716349,-1.100000016391277,80.90000120550394,8.999999858438969,101.513140905385
2007-10-29,11.500000171363354,7.042857247803893,-1.3000000193715096,82.72857266132321,23.100000381469727,100.847275443391
2007-11-05,14.100000210106373,9.485714427062444,1.5000000223517418,86.24285842797586,6.700000196695328,100.64
2007-11-12,11.400000169873238,6.314285808375904,2.500000037252903,85.41428698705775,58.39999973773956,101.195
2007-11-19,7.300000108778477,3.157142904187952,-1.100000016391277,84.44285840115377,7.200000002980232,101.75
2007-11-26,13.500000201165676,6.257142950381551,1.100000016391277,79.37142975415502,8.800000011920929,102.305
2007-12-03,10.600000157952309,5.871428658919675,-1.100000016391277,80.77142977501664,14.099999845027924,102.86
2007-12-10,13.600000202655792,7.942857261214938,3.6000000536441803,79.54285832813808,27.49999976158142,102.246
2007-12-17,5.700000084936619,2.1428571747882024,-2.7000000402331352,79.5285726136395,5.199999809265137,101.632
2007-12-24,3.700000055134296,-2.0000000298023224,-7.700000114738941,87.70000130683184,0.8999999761581421,101.018
2007-12-31,9.00000013411045,3.985714345106057,-0.2000000029802322,80.3571440545576,1.5000000149011612,100.404
2008-01-07,9.00000013411045,2.7857143272246634,-2.600000038743019,77.28571543736118,8.000000178813934,99.79
2008-01-14,13.300000198185444,6.514285811356136,-0.2000000029802322,72.07142964537654,3.300000049173832,100.5075
2008-01-21,13.100000195205212,9.21428585158927,3.200000047683716,80.70000120252371,38.40000092983246,101.225
2008-01-28,11.500000171363354,6.357142951871667,0.6000000089406967,79.41428689765078,11.099999904632568,101.9425
2008-02-04,8.300000123679638,3.500000052154064,-0.2000000029802322,77.04285829088518,6.799999989569187,102.66
2008-02-11,14.000000208616257,5.500000081956387,-1.0000000149011612,76.14285827747413,8.799999713897705,102.7025
2008-02-18,9.600000143051147,0.4285714349576405,-5.4000000804662704,80.1285726225802,0.0,102.745
2008-02-25,12.000000178813934,6.600000098347664,-1.80000002682209,81.88571550590652,3.5000000298023224,102.7875
2008-03-03,13.300000198185444,7.457142968262945,0.2000000029802322,76.51428685443742,29.30000086128712,102.83
2008-03-10,11.800000175833702,5.657142941440855,-1.700000025331974,71.50000106543303,1.1999999806284904,102.998
2008-03-17,13.800000205636024,7.000000104308128,0.5000000074505806,75.98571541798967,22.799999572336677,103.166
2008-03-24,6.400000095367432,1.642857167337622,-3.500000052154064,82.60000123083591,17.899999856948853,103.334
2008-03-31,20.30000030249357,6.385714380868843,-1.5000000223517418,72.31428679185254,3.199999988079071,103.502
2008-04-07,16.600000247359276,6.142857234392848,-1.100000016391277,83.41428695725543,37.10000067949295,103.67
2008-04-14,14.500000216066836,6.5571429548519,-2.200000032782554,79.24285832366773,9.399999812245367,102.6575
2008-04-21,16.800000250339508,6.957142960812364,-2.500000037252903,75.91428684549672,0.699999988079071,101.645
2008-04-28,20.10000029951334,11.81428589033229,3.000000044703484,71.62857249592032,19.600000083446503,100.6325
2008-05-05,20.30000030249357,11.757143032337938,2.7000000402331352,68.91428674118859,2.7999999597668648,99.62
2008-05-12,25.00000037252903,16.400000244379044,6.200000092387199,58.84285801968405,0.0,98.95
2008-05-19,24.50000036507845,13.814285920134612,3.700000055134296,76.5428582834346,7.5,98.28
2008-05-26,22.100000329315662,13.700000204145908,2.1000000312924385,69.32857246164765,2.200000017881393,97.61
2008-06-02,29.300000436604023,19.828571724040167,13.000000193715096,78.6857154582228,20.700000405311584,96.94
2008-06-09,26.80000039935112,18.328571701688425,9.00000013411045,76.3000011369586,8.000000238418579,96.7
2008-06-16,25.80000038444996,13.357143056179796,6.500000096857548,74.92857254509416,14.600000470876696,96.46
2008-06-23,29.700000442564487,17.314285972288676,4.700000070035458,67.67142957981143,16.500000298023224,96.22
2008-06-30,25.00000037252903,17.728571692747728,7.700000114738941,68.48571530623096,2.0999999940395355,95.98
2008-07-07,33.70000050216913,19.371428860085352,9.600000143051147,68.37142959024224,27.100000858306885,95.74
2008-07-14,24.8000003695488,16.300000242888927,8.00000011920929,77.30000115185976,20.80000038444996,96.3475
2008-07-21,25.00000037252903,15.257143084492002,10.100000150501728,81.74285836092064,39.19999933242798,96.955
2008-07-28,31.10000046342612,19.842857438538758,7.900000117719173,72.18571536136525,1.0000000149011612,97.5625
2008-08-04,30.800000458955765,21.07142888541733,13.40000019967556,72.04285821637937,58.19999885559082,98.17
2008-08-11,30.600000455975533,18.900000281631947,13.000000193715096,73.18571537626642,13.600000120699406,98.2
2008-08-18,24.600000366568565,16.742857392345154,7.900000117719173,73.34285823575088,14.200000390410423,98.23
2008-08-25,23.80000035464764,16.62857167635645,10.900000162422655,79.32857261065926,50.200000673532486,98.26
2008-09-01,27.700000412762165,18.02857169721808,11.400000169873238,77.90000116080046,0.1000000014901161,98.29
2008-09-08,22.000000327825543,16.114285954407283,10.000000149011612,72.80000108480453,12.89999983459711,97.816
2008-09-15,25.80000038444996,15.27142879899059,2.800000041723252,74.68571539861816,7.699999809265137,97.342
2008-09-22,16.800000250339508,9.900000147521496,1.3000000193715096,80.38571548355478,5.600000098347664,96.868
2008-09-29,18.100000269711018,10.414285869470664,2.7000000402331352,88.74285846522876,11.200000382959844,96.394
2008-10-06,15.900000236928465,10.30000015348196,4.400000065565109,82.21428693937403,22.600000210106373,95.92
2008-10-13,21.80000032484532,12.842857334230628,4.200000062584877,86.80000129342079,2.6999999284744263,95.87
2008-10-20,18.6000002771616,11.142857308898654,4.500000067055225,81.32857264046159,5.999999821186066,95.82
2008-10-27,16.600000247359276,9.828571575028556,3.1000000461936,82.78571551931756,14.699999690055844,95.77
2008-11-03,15.100000225007534,5.914285802415439,-0.6000000089406967,91.47142993445908,5.400000028312206,95.72
2008-11-10,15.400000229477882,9.957143005515848,1.80000002682209,84.642858404134,1.7000000476837158,96.72
2008-11-17,15.800000235438349,8.314285838178225,2.3000000342726707,83.78571553421872,3.299999915063381,97.72
2008-11-24,10.000000149011612,3.5714286246470044,-9.3000001385808,89.78571562362569,29.499999582767487,98.72
2008-12-01,7.500000111758709,2.585714324244431,-1.100000016391277,86.42857271645751,1.2999999895691872,99.72
2008-12-08,7.700000114738941,3.842857200120176,-0.2000000029802322,88.50000131875277,11.499999940395355,99.37
2008-12-15,7.800000116229057,0.9857143004025732,-2.7000000402331352,89.20000132918358,0.5000000149011612,99.02
2008-12-22,10.000000149011612,4.442857209060874,-1.100000016391277,93.05714424380234,15.400000274181366,98.67
2008-12-29,6.200000092387199,0.5428571509463447,-5.900000087916851,84.14285839668342,0.5000000149011611,98.32
2009-01-05,1.600000023841858,-4.100000061094761,-20.60000030696392,90.25714420207908,8.400000214576721,97.97
2009-01-12,7.500000111758709,-9.271428709583622,-23.80000035464764,78.4428583117468,0.3000000119209289,98.2675
2009-01-19,8.300000123679638,3.342857192669596,-2.500000037252903,82.51428694384438,4.199999958276749,98.565
2009-01-26,7.500000111758709,2.571428609745843,-2.600000038743019,81.98571550739663,12.299999624490736,98.8625
2009-02-02,3.000000044703484,-0.2714285754731723,-4.700000070035458,80.61428691553218,0.3000000119209289,99.16
2009-02-09,10.400000154972076,2.1000000312924385,-2.7000000402331352,89.55714419164828,12.400000050663948,100.2875
2009-02-16,8.00000011920929,0.4285714349576404,-10.400000154972076,92.34285851887294,39.40000057220459,101.415
2009-02-23,6.500000096857548,2.271428605275495,-5.900000087916851,87.72857273582902,13.400000095367432,102.5425
2009-03-02,10.500000156462193,5.928571516914027,-0.5000000074505806,89.58571562064546,7.800000011920929,103.67
2009-03-09,11.800000175833702,5.028571503502982,0.9000000134110451,81.5428583579404,33.10000014305115,103.332
2009-03-16,14.500000216066836,6.528571525854724,1.100000016391277,86.14285842648574,16.200000002980232,102.994
2009-03-23,12.000000178813934,4.571428639548166,-3.200000047683716,75.4571439815419,7.900000214576721,102.656
2009-03-30,11.900000177323818,4.90000007301569,-2.500000037252903,81.14285835197994,15.30000002682209,102.318
2009-04-06,22.100000329315662,10.671428730445248,-1.5000000223517418,72.68571536881583,0.0,101.98
2009-04-13,24.50000036507845,14.742857362542834,6.500000096857548,72.52857250933137,14.999999955296516,100.945
2009-04-20,22.800000339746475,11.757143032337938,2.600000038743019,78.35714402475527,5.500000059604645,99.91
2009-04-27,24.50000036507845,11.842857319329466,1.3000000193715096,70.04285818657705,14.700000002980232,98.875
2009-05-04,20.500000305473804,11.30000016838312,5.4000000804662704,81.58571550143617,1.1000000312924385,97.84
2009-05-11,20.10000029951334,12.61428590225322,5.000000074505806,78.60000117123127,10.50000011920929,97.3433333333333
2009-05-18,20.30000030249357,13.500000201165676,4.400000065565109,72.3571439353483,12.49999964237213,96.8466666666667
2009-05-25,27.3000004068017,16.00000023841858,5.200000077486038,70.51428676503045,4.099999979138374,96.35
2009-06-01,26.00000038743019,15.071428796010355,2.500000037252903,69.08571531517165,1.2999999895691872,96.0
2009-06-08,24.100000359117985,11.342857311878886,0.9000000134110451,73.3142868067537,22.60000000149012,95.87
2009-06-15,23.500000350177288,14.114285924604962,2.600000038743019,78.5571440277355,21.70000034570694,95.74
2009-06-22,23.000000342726707,14.642857361052718,7.000000104308128,75.40000112354755,6.499999858438969,95.61
2009-06-29,28.200000420212746,18.757143136646068,6.500000096857548,75.64285827002355,7.899999812245369,95.48
2009-07-06,30.500000454485416,21.41428603338344,10.80000016093254,72.1285725033709,9.099999845027924,95.35
2009-07-13,23.600000351667404,15.42857165847506,10.900000162422655,80.45714405604771,35.10000002384186,95.375
2009-07-20,27.3000004068017,18.614285991660186,11.900000177323818,71.61428678142173,25.500000655651093,95.4
2009-07-27,28.300000421702865,19.114285999110766,8.400000125169754,72.57142965282712,50.39999971538783,95.425
2009-08-03,26.200000390410423,17.557143118764674,9.00000013411045,70.31428676205022,9.999999858438969,95.45
2009-08-10,30.00000044703484,19.97142886902605,9.00000013411045,70.18571533156293,0.5,95.358
2009-08-17,28.80000042915344,18.74285742214748,11.30000016838312,74.68571539861816,5.000000007450581,95.266
2009-08-24,36.500000543892384,19.95714315452746,7.700000114738941,62.485715216823984,5.600000202655792,95.174
2009-08-31,28.00000041723252,18.114285984209605,7.700000114738941,65.88571526748794,8.800000168383121,95.082
2009-09-07,29.000000432133675,15.942857380424227,9.80000014603138,73.02857251678195,13.200000047683716,94.99
2009-09-14,29.10000043362379,15.385714514979297,8.800000131130219,77.70000115782022,10.599999770522118,94.9475
2009-09-21,24.300000362098217,15.500000230968,5.700000084936619,82.92857266430345,2.0999999046325684,94.905
2009-09-28,23.100000344216824,13.414285914174148,3.9000000581145287,79.91428690510136,1.200000025331974,94.8625
2009-10-05,18.100000269711018,11.942857320819584,2.7000000402331352,84.12857268218484,21.399999767541885,94.82
2009-10-12,22.30000033229589,12.271428754287106,2.600000038743019,87.95714416780642,57.30000030994415,94.965
2009-10-19,11.900000177323818,5.028571503502982,-1.80000002682209,84.61428697513682,9.89999969303608,95.11
2009-10-26,16.100000239908695,9.271428709583622,0.2000000029802322,80.1285726225802,3.800000011920929,95.255
2009-11-02,16.300000242888927,9.400000140070915,1.3000000193715096,89.185715614685,14.099999599158762,95.4
2009-11-09,12.10000018030405,7.757142972733293,3.1000000461936,84.60000126063824,26.90000057965517,96.13
2009-11-16,16.100000239908695,9.328571567577976,0.800000011920929,83.94285839370319,19.500000230968,96.86
2009-11-23,17.80000026524067,11.628571601850648,7.300000108778477,72.3571439353483,26.100000083446503,97.59
2009-11-30,14.300000213086603,9.07142870660339,2.200000032782554,77.12857257787671,7.600000120699406,98.32
2009-12-07,11.900000177323818,6.071428661899907,-2.500000037252903,81.7857155044164,8.199999809265137,99.05
2009-12-14,10.000000149011612,4.042857203100409,-4.200000062584877,87.41428701686007,17.500000059604645,100.0
2009-12-21,2.800000041723252,-5.071428646998746,-19.60000029206276,81.70000121742487,2.299999989569187,100.95
2009-12-28,7.700000114738941,2.371428606765611,-4.000000059604645,85.22857269857612,13.5,101.9
2010-01-04,3.700000055134296,-1.4142857353602136,-10.600000157952309,92.32857280437436,32.40000081062317,102.85
2010-01-11,-0.5000000074505806,-3.442857194159712,-11.30000016838312,88.08571559829372,6.000000014901161,102.405
2010-01-18,5.200000077486038,-0.3857142914618764,-9.500000141561031,86.30000128597021,11.700000047683716,101.96
2010-01-25,5.4000000804662704,0.0,-7.000000104308128,89.40000133216381,8.50000011920929,101.515
2010-02-01,2.0000000298023224,-2.842857185219015,-19.500000290572643,86.70000129193068,16.999999821186066,101.07
2010-02-08,6.200000092387199,0.814285726419517,-5.200000077486038,88.14285845628807,14.300000190734863,101.55
2010-02-15,-0.2000000029802322,-4.657142926539693,-14.600000217556952,86.70000129193068,6.399999961256981,102.03
2010-02-22,9.400000140070915,1.600000023841858,-12.300000183284284,79.12857260767903,7.199999928474426,102.51
2010-03-01,14.100000210106373,6.714285814336368,0.6000000089406967,78.61428688572985,17.09999994188547,102.99
2010-03-08,6.200000092387199,-1.58571430934327,-15.400000229477882,79.81428690361125,9.700000166893004,102.802
2010-03-15,6.800000101327896,0.7857142974223409,-11.60000017285347,80.64285834452936,9.700000047683716,102.614
2010-03-22,17.600000262260437,9.58571442855256,1.0000000149011612,74.2714296781591,11.29999977350235,102.426
2010-03-29,21.60000032186508,10.257143009986196,5.200000077486038,74.11428681867463,22.799999952316284,102.238
2010-04-05,18.6000002771616,8.328571552676815,2.0000000298023224,66.82857242439475,8.399999976158142,102.05
2010-04-12,21.000000312924385,8.685714415141515,1.0000000149011612,72.94285822979042,0.1000000014901161,101.0075
2010-04-19,19.60000029206276,7.957142975713525,-2.500000037252903,67.32857243184533,0.0,99.965
2010-04-26,23.80000035464764,9.357142996575153,-2.500000037252903,63.10000094026327,3.799999989569187,98.9225
2010-05-03,25.30000037699937,12.942857335720744,2.7000000402331352,71.02857248697963,20.500000096857548,97.88
2010-05-10,15.800000235438349,7.485714397260121,-1.100000016391277,78.84285831770727,21.199999645352367,97.552
2010-05-17,16.600000247359276,8.657142986144338,3.700000055134296,79.67142975862537,13.799999713897703,97.224
2010-05-24,24.50000036507845,12.857143048729217,3.700000055134296,73.58571538222688,2.100000023841858,96.896
2010-05-31,20.80000030994416,12.45714304276875,3.500000052154064,76.4285725674459,22.89999993145466,96.568
2010-06-07,28.80000042915344,16.185714526900224,6.500000096857548,70.28571533305305,0.8999999761581421,96.24
2010-06-14,26.700000397861004,17.30000025779009,6.400000095367432,74.22857253466334,21.899999618530277,96.09
2010-06-21,22.100000329315662,13.100000195205212,6.000000089406967,71.27142963345561,1.899999976158142,95.94
2010-06-28,29.800000444054604,18.02857169721808,5.500000081956387,64.55714381911925,0.0,95.79
2010-07-05,34.70000051707029,22.357143190290248,11.900000177323818,65.27142954404864,14.900000393390656,95.64
2010-07-12,34.1000005081296,23.05714320072106,8.800000131130219,61.50000091642141,2.6999999657273293,95.545
2010-07-19,32.70000048726797,20.94285745493003,8.50000012665987,60.8000009059906,11.899999618530272,95.45
2010-07-26,33.20000049471855,19.057143141116416,5.500000081956387,68.55714387872389,12.200000047683716,95.355
2010-08-02,26.700000397861004,17.757143121744907,12.000000178813934,76.1714297064713,32.30000066757202,95.26
2010-08-09,25.700000382959843,16.757143106843746,7.400000110268593,78.3285725957581,23.20000010728836,96.43
2010-08-16,26.50000039488077,17.51428597526891,9.500000141561031,78.61428688572985,34.40000043064356,97.6
2010-08-23,28.300000421702865,18.414285988679957,11.30000016838312,77.45714401134423,38.799999475479126,98.77
2010-08-30,22.100000329315662,14.91428593652589,8.50000012665987,80.3571440545576,55.899999260902405,99.94
2010-09-06,19.30000028759241,13.000000193715096,4.500000067055225,81.07142977948699,1.4000000357627869,97.21
2010-09-13,23.100000344216824,14.800000220537186,9.500000141561031,81.81428693341357,19.40000007301569,97.785
2010-09-20,19.500000290572643,12.842857334230628,5.200000077486038,76.72857257191625,19.80000001192093,98.36
2010-09-27,24.50000036507845,13.32857162718262,4.000000059604645,81.10000120848417,32.10000096261501,98.935
2010-10-04,22.800000339746475,12.68571447474616,3.200000047683716,84.22857268367495,5.599999964237213,99.51
2010-10-11,21.60000032186508,13.18571448219674,1.700000025331974,77.60000115633011,0.0,98.8175
2010-10-18,12.500000186264517,5.885714373418263,-1.5000000223517418,89.4142870466624,22.59999953210354,98.125
2010-10-25,11.500000171363354,6.571428669350488,1.3000000193715096,78.60000117123127,7.59999980032444,97.4325
2010-11-01,16.600000247359276,9.328571567577976,2.600000038743019,77.32857258085694,4.200000055134296,96.74
2010-11-08,15.900000236928465,10.171428722994667,3.200000047683716,85.18571555508035,29.600000597536567,97.686
2010-11-15,17.30000025779009,8.928571561617511,4.000000059604645,83.64285838923284,81.00000105053186,98.632
2010-11-22,9.500000141561031,5.200000077486038,0.1000000014901161,86.48571557445186,1.0000000149011612,99.578
2010-11-29,4.90000007301569,0.1428571449858802,-4.200000062584877,90.30000134557486,12.49999976158142,100.524
2010-12-06,3.000000044703484,-3.685714340635709,-9.900000147521496,82.18571551037687,3.8999999538064,101.47
2010-12-13,6.200000092387199,0.028571428997176,-6.200000092387199,91.11428707199435,23.6999998614192,101.4575
2010-12-20,0.0,-4.7285714990326335,-18.100000269711018,90.04285848460027,8.800000004470348,101.445
2010-12-27,2.500000037252903,-2.3428571777684346,-17.30000025779009,93.20000138878822,19.69999984651804,101.4325
2011-01-03,2.3000000342726707,-1.8285714558192665,-14.800000220537186,93.55714425125292,2.800000011920929,101.42
2011-01-10,13.100000195205212,3.571428624647004,-6.70000009983778,82.3857155133571,19.90000021457672,101.562
2011-01-17,12.300000183284284,7.671428685741765,-2.0000000298023224,83.24285838327238,37.400000885128975,101.704
2011-01-24,9.100000135600569,2.1857143182839667,-1.3000000193715096,92.028572799904,10.600000083446504,101.846
2011-01-31,4.400000065565109,-1.1571428743856291,-7.500000111758709,85.18571555508035,3.900000095367432,101.988
2011-02-07,13.600000202655792,5.114285790494511,-6.000000089406967,78.50000116974115,4.100000023841858,102.13
2011-02-14,10.100000150501728,5.300000078976154,-2.0000000298023224,82.51428694384438,15.600000143051147,101.3725
2011-02-21,10.100000150501728,1.100000016391277,-6.200000092387199,80.38571548355478,0.2000000029802322,100.615
2011-02-28,8.900000132620335,1.9428571718079704,-8.00000011920929,75.64285827002355,1.200000025331974,99.8575
2011-03-07,9.3000001385808,1.0857143018926894,-4.400000065565109,73.82857252870288,0.0,99.1
2011-03-14,16.00000023841858,7.785714401730469,-5.000000074505806,70.60000105202198,2.100000038743019,98.59
2011-03-21,15.600000232458116,5.842857229922499,-3.6000000536441803,77.12857257787671,0.3000000044703483,98.08
2011-03-28,15.300000227987766,6.285714379378727,-2.7000000402331352,71.91428678589207,0.3000000119209289,97.57
2011-04-04,23.600000351667404,11.15714302339724,-2.3000000342726707,75.3428582655532,16.49999988079071,97.06
2011-04-11,22.800000339746475,11.60000017285347,1.3000000193715096,68.81428673969847,3.299999952316284,96.7966666666667
2011-04-18,18.6000002771616,8.985714419611863,-0.1000000014901161,63.84285809418985,1.200000025331974,96.5333333333333
2011-04-25,24.50000036507845,14.714285933545655,3.000000044703484,57.71428657429559,0.0,96.27
2011-05-02,21.60000032186508,11.87142874832664,1.80000002682209,70.11428675906998,19.69999995827675,96.19
2011-05-09,26.50000039488077,12.714285903743336,-2.200000032782554,55.98571511996644,0.8999999761581421,96.064
2011-05-16,26.700000397861004,13.61428591715438,4.700000070035458,67.17142957236085,6.100000143051148,95.938
2011-05-23,25.100000374019142,15.628571661455291,5.900000087916851,70.41428676354033,1.800000049173832,95.812
2011-05-30,30.300000451505184,15.78571452093976,2.3000000342726707,55.18571510804551,1.3999999538064003,95.686
2011-06-06,28.80000042915344,16.85714310833386,3.700000055134296,71.40000106394291,26.600000381469727,95.56
2011-06-13,21.80000032484532,14.957143080021654,6.500000096857548,72.20000107586384,24.50000010430813,95.5125
2011-06-20,24.50000036507845,15.78571452093976,9.00000013411045,74.97142968858991,12.79999989271164,95.465
2011-06-27,28.300000421702865,16.685714534350804,8.50000012665987,76.74285828641483,27.599999576807026,95.4175
2011-07-04,32.00000047683716,16.028571667415754,9.00000013411045,74.65714396962098,7.000000149011612,95.37
2011-07-11,27.10000040382147,18.58571456266301,8.100000120699406,63.52857237522091,1.1999999806284904,95.3225
2011-07-18,28.80000042915344,17.114285969308444,8.400000125169754,69.5000010356307,9.299999982118608,95.275
2011-07-25,23.100000344216824,14.800000220537186,10.000000149011612,76.85714400240353,22.099999964237213,95.2275
2011-08-01,24.300000362098217,16.04285738191434,6.000000089406967,77.42857258234706,3.600000120699406,95.18
2011-08-08,29.10000043362379,19.828571724040167,11.30000016838312,70.27142961855445,11.900000035762789,95.268
2011-08-15,25.100000374019142,17.228571685297148,10.500000156462193,74.57142968262944,30.700000196695328,95.356
2011-08-22,30.500000454485416,18.857143138136184,7.900000117719173,75.11428683357579,36.89999923110008,95.444
2011-08-29,31.500000469386578,18.30000027269125,10.500000156462193,78.70000117272139,41.00000002980232,95.532
2011-09-05,30.500000454485416,16.71428596334798,6.800000101327896,74.70000111311674,5.300000049173832,95.62
2011-09-12,26.80000039935112,17.30000025779009,11.400000169873238,77.15714400687388,25.799999952316284,95.478
2011-09-19,20.30000030249357,14.385714500078134,4.700000070035458,72.80000108480453,2.900000050663948,95.336
2011-09-26,25.30000037699937,14.84285736403295,5.700000084936619,77.15714400687388,0.1000000014901161,95.194
2011-10-03,27.000000402331352,16.514285960367747,7.200000107288361,76.72857257191625,0.0,95.052
2011-10-10,20.30000030249357,12.90000019222498,2.3000000342726707,81.3000012114644,18.20000020414591,94.91
2011-10-17,18.100000269711018,8.957142990614686,0.1000000014901161,84.95714412310294,39.50000095367432,95.015
2011-10-24,15.400000229477882,7.142857249294009,-1.3000000193715096,77.62857258532729,4.700000047683716,95.12
2011-10-31,17.80000026524067,10.685714444943835,3.500000052154064,83.97142982270036,0.6000000238418579,95.225
2011-11-07,20.80000030994416,11.414285884371823,2.800000041723252,80.32857262556043,0.1000000014901161,95.33
2011-11-14,15.500000230968,3.628571482641356,-4.200000062584877,89.38571561766523,0.0,95.195
2011-11-21,12.600000187754633,3.985714345106057,-4.90000007301569,87.90000130981207,0.0,95.06
2011-11-28,11.500000171363354,6.285714379378727,-3.6000000536441803,85.54285841754505,1.200000025331974,94.925
2011-12-05,12.90000019222498,6.500000096857548,-3.200000047683716,81.85714407690934,21.899999856948853,94.79
2011-12-12,10.100000150501728,4.771428642528398,-0.5000000074505806,79.31428689616067,14.29999966919422,96.4175
2011-12-19,9.600000143051147,4.257142920579229,-0.1000000014901161,83.77142981972013,23.20000012218952,98.045
2011-12-26,10.400000154972076,6.371428666370256,0.2000000029802322,90.9571442125099,21.90000027418137,99.6725
2012-01-02,13.600000202655792,6.800000101327896,1.3000000193715096,87.1428584413869,21.400000393390656,101.3
2012-01-09,10.400000154972076,5.657142941440855,2.600000038743019,85.2428584130747,42.79999911785126,101.4
2012-01-16,9.500000141561031,3.74285719863006,-5.200000077486038,87.75714416482619,2.6999999582767487,101.5
2012-01-23,9.00000013411045,3.1000000461936,-5.500000081956387,87.28571558637279,41.60000071674585,101.6
2012-01-30,6.200000092387199,0.3857142914618764,-4.200000062584877,85.38571555806058,1.5999999791383743,101.7
2012-02-06,-1.100000016391277,-8.614285842648574,-15.000000223517418,69.87142961259399,0.0,101.8
2012-02-13,1.5000000223517418,-6.357142951871667,-16.800000250339508,77.97142973329339,1.500000037252903,101.4675
2012-02-20,8.300000123679638,3.185714333185128,-0.5000000074505806,90.1142870570932,12.700000166893004,101.135
2012-02-27,9.900000147521496,5.914285802415439,-0.1000000014901161,84.7571441201227,3.200000025331974,100.8025
2012-03-05,11.800000175833702,8.085714406200818,3.200000047683716,88.37142988826547,3.9999999403953552,100.47
2012-03-12,10.500000156462193,6.600000098347664,-0.2000000029802322,80.04285833558866,4.900000095367432,99.54
2012-03-19,20.60000030696392,8.314285838178225,-0.2000000029802322,74.80000111460686,0.699999988079071,98.61
2012-03-26,18.6000002771616,9.671428715544089,1.100000016391277,73.22857251976218,0.1000000014901161,97.68
2012-04-02,19.000000283122063,7.528571540755885,-1.80000002682209,76.68571542842048,2.200000017881393,96.75
2012-04-09,14.600000217556952,6.128571519894259,-3.400000050663948,73.3142868067537,3.899999916553497,96.514
2012-04-16,15.800000235438349,7.771428687231881,-1.0000000149011612,74.25714396366051,1.700000025331974,96.278
2012-04-23,15.400000229477882,8.50000012665987,-2.3000000342726707,68.7857153107013,7.300000004470348,96.042
2012-04-30,27.200000405311584,13.98571449411767,4.500000067055225,68.35714387574366,5.999999798834324,95.806
2012-05-07,24.00000035762787,12.128571609301227,5.500000081956387,82.04285836539098,20.800000049173832,95.57
2012-05-14,25.600000381469727,13.914285921624728,-0.2000000029802322,69.70000103861094,3.699999988079071,95.5325
2012-05-21,26.100000388920307,12.97142876471792,-0.1000000014901161,73.00000108778477,15.700000010430813,95.495
2012-05-28,28.700000427663326,18.22857170019831,6.70000009983778,66.55714384892157,28.700000762939453,95.4575
2012-06-04,21.300000317394733,12.54285732976028,5.000000074505806,81.61428693043334,49.60000000149012,95.42
2012-06-11,22.100000329315662,14.34285735658237,5.700000084936619,71.84285821339914,10.599999904632568,95.38
2012-06-18,26.700000397861004,15.028571652514596,7.800000116229057,78.95714403369597,6.099999904632568,95.34
2012-06-25,21.60000032186508,16.085714525410108,9.900000147521496,78.70000117272139,21.300000309944156,95.3
2012-07-02,28.10000041872263,17.80000026524067,7.700000114738941,79.00000117719173,13.50000013411045,95.26
2012-07-09,27.000000402331352,19.20000028610229,11.10000016540289,74.70000111311674,10.300000287592413,95.282
2012-07-16,23.300000347197056,14.98571450901883,9.500000141561031,82.42857265685286,77.19999980926514,95.304
2012-07-23,25.30000037699937,16.142857383404458,7.200000107288361,72.92857251529183,4.100000098347664,95.326
2012-07-30,32.70000048726797,19.54285743406841,9.3000001385808,73.45714395173958,23.800000049173832,95.348
2012-08-06,27.80000041425228,19.20000028610229,12.10000018030405,70.5714296230248,18.599999725818638,95.37
2012-08-13,26.200000390410423,16.614285961857863,8.100000120699406,69.41428674863917,0.5000000074505806,95.2925
2012-08-20,36.20000053942204,23.314286061695643,13.90000020712614,58.7714294471911,4.099999904632568,95.215
2012-08-27,27.200000405311584,18.200000271201134,10.900000162422655,73.3285725212523,9.699999906122684,95.1375
2012-09-03,27.3000004068017,16.35714310088328,7.200000107288361,74.81428682910544,3.600000001490116,95.06
2012-09-10,30.300000451505184,17.614285976759025,8.100000120699406,69.15714388766459,0.800000011920929,95.02
2012-09-17,23.600000351667404,13.97142877961908,5.700000084936619,80.10000119358301,8.099999859929085,94.98
2012-09-24,22.100000329315662,11.51428588586194,3.000000044703484,76.25714399346283,7.499999910593033,94.94
2012-10-01,19.60000029206276,12.528571615261692,3.000000044703484,76.68571542842048,9.699999928474426,94.9
2012-10-08,19.30000028759241,11.500000171363354,1.700000025331974,82.7428583758218,33.69999971985817,94.896
2012-10-15,16.00000023841858,8.371428696172577,0.5000000074505806,81.40000121295452,11.200000017881392,94.892
2012-10-22,24.8000003695488,14.70000021904707,6.500000096857548,73.5571439532297,0.1000000014901161,94.888
2012-10-29,15.800000235438349,5.800000086426735,-3.700000055134296,81.58571550143617,2.300000049173832,94.884
2012-11-05,12.800000190734863,7.242857250784125,2.500000037252903,79.41428689765078,6.500000007450581,94.88
2012-11-12,12.800000190734863,8.200000122189522,2.500000037252903,83.07142980928931,7.099999859929085,94.88
2012-11-19,12.800000190734863,4.414285780063698,-2.7000000402331352,86.57142986144338,2.800000049173832,94.88
2012-11-26,13.800000205636024,7.285714394279888,-1.0000000149011612,81.85714407690934,6.299999810755253,94.88
2012-12-03,9.80000014603138,3.271428620176656,-1.3000000193715096,87.95714416780642,5.700000032782555,94.88
2012-12-10,5.700000084936619,0.3285714334675244,-8.400000125169754,84.30000125616789,22.100000098347664,96.3
2012-12-17,9.500000141561031,2.742857183728899,-4.500000067055225,85.45714413055352,16.099999882280827,97.72
2012-12-24,12.500000186264517,5.885714373418263,0.0,89.94285848311016,38.39999961853027,99.14
2012-12-31,12.10000018030405,7.757142972733293,-1.700000025331974,78.22857259426799,25.10000007599592,100.56
2013-01-07,9.600000143051147,7.342857252274241,3.700000055134296,89.98571562660592,6.600000061094761,101.98
2013-01-14,7.000000104308128,0.4142857204590525,-13.800000205636024,89.87142991061721,14.699999988079073,102.3925
2013-01-21,-1.3000000193715096,-4.328571493072169,-13.800000205636024,88.04285845479795,8.099999964237213,102.805
2013-01-28,5.700000084936619,-2.614285753241607,-14.600000217556952,83.02857266579356,2.600000001490116,103.2175
2013-02-04,12.90000019222498,6.228571521384375,1.3000000193715096,82.3714297988585,27.00000017881393,103.63
2013-02-11,5.700000084936619,-0.128571430487292,-5.000000074505806,82.04285836539098,9.600000023841858,103.165
2013-02-18,4.700000070035458,0.6285714379378728,-5.900000087916851,83.58571553123849,6.999999992549419,102.7
2013-02-25,1.80000002682209,-1.1857143033828057,-4.90000007301569,86.95714415290526,12.099999964237211,102.235
2013-03-04,10.400000154972076,1.9428571718079704,-2.3000000342726707,82.0142869363938,0.800000011920929,101.77
2013-03-11,17.80000026524067,4.54285721055099,-3.9000000581145287,77.57142972733293,20.19999995827675,101.192
2013-03-18,9.600000143051147,-0.042857143495764,-12.90000019222498,72.67142965431724,2.3000000193715096,100.614
2013-03-25,4.90000007301569,-0.800000011920929,-6.000000089406967,72.02857250188079,9.30000038444996,100.036
2013-04-01,6.200000092387199,-0.4714285784534046,-5.500000081956387,73.04285823128053,1.0000000149011612,99.458
2013-04-08,10.000000149011612,2.485714322754315,-3.400000050663948,67.7142867233072,1.400000013411045,98.88
2013-04-15,23.000000342726707,10.971428734915596,3.1000000461936,74.35714396515063,9.699999921023846,98.368
2013-04-22,22.000000327825543,11.971428749816758,-0.1000000014901161,62.10000092536211,0.2000000029802322,97.856
2013-04-29,22.100000329315662,11.114285879901477,0.1000000014901161,72.50000108033419,12.399999618530272,97.344
2013-05-06,22.800000339746475,12.4000001847744,0.6000000089406967,69.3714296051434,0.0,96.832
2013-05-13,22.800000339746475,12.571428758757454,5.4000000804662704,78.41428688274962,7.800000108778477,96.32
2013-05-20,20.80000030994416,12.24285732528993,2.500000037252903,85.02857269559588,13.800000287592413,97.5233333333333
2013-05-27,18.30000027269125,8.785714416631631,2.200000032782554,84.85714412161282,64.10000026226044,98.7266666666667
2013-06-03,21.300000317394733,12.157143038298402,3.6000000536441803,78.12857259277787,5.499999985098839,99.93
2013-06-10,25.700000382959843,15.500000230968,5.4000000804662704,70.95714391448668,1.100000023841858,99.18
2013-06-17,26.600000396370888,16.528571674866335,5.700000084936619,71.81428678440196,19.900000788271427,98.43
2013-06-24,32.70000048726797,19.38571457458394,11.800000175833702,77.38571543885129,30.09999965131283,97.68
2013-07-01,22.600000336766243,13.300000198185444,5.4000000804662704,80.45714405604771,15.600000217556955,96.93
2013-07-08,26.100000388920307,18.357143130685603,9.100000135600569,76.10000113397837,2.300000011920929,96.642
2013-07-15,26.50000039488077,15.114285939506122,5.700000084936619,79.2714297526649,0.2000000029802322,96.354
2013-07-22,32.70000048726797,19.44285743257829,8.00000011920929,69.55714389362505,0.0,96.066
2013-07-29,33.10000049322844,21.61428603636367,13.100000195205212,76.02857256148543,10.300000198185444,95.778
2013-08-05,35.80000053346157,22.7714289107493,13.800000205636024,60.07142946656261,3.2000000998377804,95.49
2013-08-12,28.10000041872263,17.814285979739257,8.400000125169754,72.61428679632289,9.99999987334013,95.4225
2013-08-19,29.300000436604023,17.671428834753378,7.900000117719173,73.11428680377347,35.20000057667494,95.355
2013-08-26,25.600000381469727,17.271428828792914,6.900000102818012,71.3000010624528,4.799999952316284,95.2875
2013-09-02,24.600000366568565,15.92857166592564,6.500000096857548,72.64285822532007,5.599999904632568,95.22
2013-09-09,31.600000470876694,18.40000027418137,10.000000149011612,76.81428685890776,8.5,95.196
2013-09-16,19.60000029206276,13.014285908213685,6.000000089406967,86.37142985846315,50.80000078678131,95.172
2013-09-23,17.50000026077032,12.7571430472391,7.000000104308128,83.78571553421872,6.700000122189522,95.148
2013-09-30,20.10000029951334,11.685714459844998,0.6000000089406967,77.97142973329339,0.1000000014901161,95.124
2013-10-07,18.6000002771616,11.628571601850648,0.2000000029802322,74.85714397260121,5.799999929964542,95.1
2013-10-14,17.30000025779009,9.200000137090685,1.80000002682209,87.1428584413869,27.700000442564487,95.2
2013-10-21,20.30000030249357,12.45714304276875,6.400000095367432,82.81428694831473,2.6000000312924385,95.3
2013-10-28,23.000000342726707,15.585714517959527,5.900000087916851,76.87142971690211,12.19999986886978,95.4
2013-11-04,14.800000220537186,9.671428715544089,4.000000059604645,78.58571545673269,21.40000007301569,95.5
2013-11-11,14.800000220537186,8.14285726419517,-0.1000000014901161,85.70000127702951,31.000000849366188,96.105
2013-11-18,9.500000141561031,4.514285781553814,-2.7000000402331352,87.64285844883749,1.0,96.71
2013-11-25,6.800000101327896,2.971428615706308,-2.7000000402331352,89.64285847863981,8.100000143051147,97.315
2013-12-02,7.300000108778477,3.642857197139944,-4.500000067055225,91.94285851291248,5.900000050663948,97.92
2013-12-09,8.50000012665987,3.728571484131472,-2.7000000402331352,86.62857271943774,11.800000347197056,97.89
2013-12-16,13.500000201165676,3.4571429086583003,-3.6000000536441803,84.24285839817354,1.0000000298023224,97.86
2013-12-23,11.400000169873238,7.05714296230248,-0.4000000059604645,73.72857252721276,7.799999833106995,97.83
2013-12-30,13.90000020712614,7.071428676801069,1.100000016391277,79.10000117868185,12.79999966174364,97.8
2014-01-06,12.300000183284284,7.528571540755885,1.80000002682209,73.95714395919016,9.999999940395355,97.77
2014-01-13,12.90000019222498,6.442857238863196,-3.000000044703484,81.21428692447287,10.100000262260435,98.15
2014-01-20,9.900000147521496,5.142857219491686,0.800000011920929,81.71428693192345,3.0000000596046448,98.53
2014-01-27,5.900000087916851,2.0285714587994983,-1.3000000193715096,90.68571563703674,16.299999959766865,98.91
2014-02-03,9.500000141561031,2.457142893757139,-2.7000000402331352,79.61428690063101,0.6000000238418579,99.29
2014-02-10,13.800000205636024,6.185714377888611,-0.5000000074505806,71.68571535391467,3.700000047683716,98.535
2014-02-17,12.4000001847744,6.257142950381551,0.800000011920929,74.50000111013651,16.000000454485416,97.78
2014-02-24,15.100000225007534,6.442857238863196,-1.700000025331974,75.24285826406309,5.799999952316284,97.025
2014-03-03,14.300000213086603,6.128571519894259,-1.80000002682209,75.28571540755885,2.30000002682209,96.27
2014-03-10,23.600000351667404,7.114285820296833,-2.1000000312924385,71.12857248846974,0.0,96.072
2014-03-17,17.50000026077032,7.771428687231881,-2.1000000312924385,76.25714399346283,2.300000049173832,95.874
2014-03-24,20.80000030994416,8.557142984654222,-1.3000000193715096,72.77142965580735,8.500000298023224,95.676
2014-03-31,20.80000030994416,7.757142972733293,-2.1000000312924385,70.80000105500221,0.1000000014901161,95.478
2014-04-07,22.600000336766243,13.61428591715438,4.700000070035458,73.64285824022123,2.200000002980232,95.28
2014-04-14,16.100000239908695,9.328571567577976,0.0,76.4285725674459,6.59999992698431,95.3025
2014-04-21,19.30000028759241,8.72857155863728,-2.3000000342726707,73.48571538073676,7.600000023841858,95.325
2014-04-28,22.100000329315662,12.31428589778287,2.600000038743019,86.02857271049704,20.400000005960464,95.3475
2014-05-05,19.30000028759241,10.614285872450896,-0.1000000014901161,80.60000120103359,7.900000035762787,95.37
2014-05-12,18.80000028014183,11.685714459844998,7.000000104308128,79.47142975564513,37.500000059604645,95.645
2014-05-19,23.80000035464764,11.000000163912771,2.600000038743019,79.80000118911266,4.399999976158142,95.92
2014-05-26,27.80000041425228,17.34285740128585,7.300000108778477,71.28571534795421,20.700000382959843,96.195
2014-06-02,20.30000030249357,12.300000183284284,4.200000062584877,80.92857263450112,22.200000196695328,96.47
2014-06-09,29.800000444054604,18.071428840713843,5.000000074505806,71.51428677993161,19.3000004068017,96.212
2014-06-16,31.300000466406345,16.400000244379044,8.00000011920929,77.74285830131599,8.199999868869781,95.954
2014-06-23,20.80000030994416,14.228571640593666,7.700000114738941,78.17142973627362,3.5999999046325684,95.696
2014-06-30,24.50000036507845,14.542857359562602,5.500000081956387,79.35714403965643,15.899999558925629,95.438
2014-07-07,30.100000448524952,18.42857170317854,5.700000084936619,67.1142867143665,12.30000016838312,95.18
2014-07-14,26.600000396370888,17.30000025779009,11.400000169873238,85.27142984207187,58.10000038146973,95.5
2014-07-21,33.00000049173832,21.785714610346727,11.10000016540289,69.20000103116035,47.30000078678131,95.82
2014-07-28,29.60000044107437,20.042857441518983,12.000000178813934,77.0285725763866,3.8999999314546585,96.14
2014-08-04,28.60000042617321,20.34285744598933,12.600000187754633,72.78571537030595,5.000000111758709,96.46
2014-08-11,27.60000041127205,19.22857171509947,10.400000154972076,69.22857246015754,4.200000077486038,96.3625
2014-08-18,22.100000329315662,15.571428803460938,11.60000017285347,75.80000112950802,13.2999999076128,96.265
2014-08-25,20.10000029951334,13.071428766208037,5.500000081956387,76.81428685890776,29.90000069141388,96.1675
2014-09-01,24.600000366568565,15.28571451348918,7.800000116229057,82.35714408435992,16.899999737739563,96.07
2014-09-08,26.100000388920307,16.385714529880456,7.200000107288361,84.97142983760152,3.899999916553497,96.296
2014-09-15,21.300000317394733,14.442857358072484,6.000000089406967,84.2857155416693,0.6000000014901161,96.522
2014-09-22,24.50000036507845,16.42857167337622,7.500000111758709,84.55714411714247,50.09999907016754,96.748
2014-09-29,23.300000347197056,13.814285920134612,6.000000089406967,82.78571551931756,4.500000052154064,96.974
2014-10-06,22.30000033229589,14.171428782599312,6.000000089406967,85.57142984654222,5.0,97.2
2014-10-13,20.10000029951334,14.357143071080957,7.700000114738941,84.11428696768624,30.000000789761543,97.085
2014-10-20,24.100000359117985,14.542857359562602,9.100000135600569,81.81428693341357,14.09999978542328,96.97
2014-10-27,17.80000026524067,11.257143024887355,4.700000070035458,81.24285835347006,11.60000039637089,96.855
2014-11-03,23.100000344216824,11.800000175833702,-0.2000000029802322,83.81428696321589,4.60000005364418,96.74
2014-11-10,14.000000208616257,8.514285841158458,1.0000000149011612,85.6000012755394,10.700000002980232,96.34
2014-11-17,15.100000225007534,9.328571567577976,5.000000074505806,89.01428704070193,21.300000190734863,96.5333333333333
2014-11-24,16.100000239908695,6.914285817316601,0.800000011920929,89.37142990316663,4.299999922513962,96.7266666666667
2014-12-01,9.3000001385808,3.157142904187952,-1.3000000193715096,87.18571558488267,0.7000000178813934,96.92
2014-12-08,7.000000104308128,2.1857143182839667,-1.80000002682209,87.6142870198403,4.000000007450581,97.696
2014-12-15,9.3000001385808,4.3142857785735815,-1.600000023841858,84.24285839817354,23.899999976158146,98.472
2014-12-22,12.500000186264517,7.328571537775653,1.80000002682209,88.38571560276407,18.50000023841858,99.248
2014-12-29,11.400000169873238,2.971428615706308,-6.000000089406967,84.22857268367495,6.499999918043613,100.024
2015-01-05,8.300000123679638,3.342857192669596,-0.4000000059604645,85.75714413502386,5.500000037252903,100.8
2015-01-12,13.100000195205212,6.000000089406967,-0.2000000029802322,82.52857265834298,32.80000014603138,101.245
2015-01-19,12.500000186264517,4.4714286380580495,-3.200000047683716,79.90000119060278,5.599999979138374,101.69
2015-01-26,5.000000074505806,0.3714285769632884,-4.400000065565109,89.48571561915534,9.800000071525574,102.135
2015-02-02,6.200000092387199,1.9285714573093824,-1.80000002682209,89.01428704070193,14.300000250339508,102.58
2015-02-09,5.500000081956387,0.057142857994352,-6.400000095367432,84.18571554017919,3.300000108778477,102.0425
2015-02-16,11.800000175833702,2.9000000432133675,-3.500000052154064,84.01428696619612,0.4000000059604645,101.505
2015-02-23,8.800000131130219,3.300000049173832,-3.1000000461936,82.28571551186698,6.099999979138374,100.9675
2015-03-02,11.500000171363354,5.04285721800157,-1.600000023841858,75.8142868440066,18.00000013411045,100.43
2015-03-09,19.60000029206276,6.071428661899907,0.2000000029802322,73.9142868156944,3.899999961256981,101.026
2015-03-16,11.60000017285347,4.61428578304393,-2.600000038743019,81.40000121295452,2.900000035762787,101.622
2015-03-23,16.800000250339508,5.157142933990274,-3.400000050663948,83.88571553570884,2.9000000059604645,102.218
2015-03-30,16.100000239908695,7.185714392789772,-0.5000000074505806,78.6857154582228,27.10000067949295,102.814
2015-04-06,10.80000016093254,4.557142925049577,-2.500000037252903,76.02857256148543,33.70000095665455,103.41
2015-04-13,21.60000032186508,9.757143002535615,-2.1000000312924385,69.628572466118,1.4000000059604645,102.1525
2015-04-20,23.000000342726707,9.642857286546912,-1.700000025331974,66.18571527195829,0.0,100.895
2015-04-27,21.50000032037497,10.51428587096078,-0.5000000074505806,75.54285826853344,13.200000047683716,99.6375
2015-05-04,21.000000312924385,9.528571570558208,-1.100000016391277,73.74285824171135,15.499999701976776,98.38
2015-05-11,26.00000038743019,14.285714498588018,6.000000089406967,66.90000099688768,3.800000101327896,98.1025
2015-05-18,25.80000038444996,12.571428758757454,2.500000037252903,66.7571438519018,2.0,97.825
2015-05-25,20.10000029951334,11.842857319329466,3.700000055134296,72.10000107437372,4.999999918043613,97.5475
2015-06-01,21.300000317394733,12.414285899272986,5.900000087916851,69.87142961259399,9.49999988079071,97.27
2015-06-08,32.20000047981739,16.814285964838096,5.200000077486038,63.4285723737308,3.100000023841858,96.54
2015-06-15,27.700000412762165,16.2142859558974,6.200000092387199,64.80000096559525,1.2000000476837158,95.81
2015-06-22,21.60000032186508,13.085714480706624,3.000000044703484,77.1428582923753,21.800000227987766,95.7
2015-06-29,26.600000396370888,16.771428821342333,7.700000114738941,72.4857153658356,6.20000009983778,95.59
2015-07-06,36.700000546872616,23.928571785134928,10.80000016093254,61.92857235137905,15.600000001490116,95.48
2015-07-13,31.80000047385693,16.885714537331037,5.700000084936619,74.22857253466334,26.70000004768372,95.425
2015-07-20,32.50000048428774,19.70000029355288,11.000000163912771,78.50000116974115,36.49999994039536,95.37
2015-07-27,26.80000039935112,18.528571704668657,10.000000149011612,74.21428682016474,12.399999916553496,95.315
2015-08-03,32.100000478327274,16.34285738638469,6.800000101327896,65.82857240949359,4.699999809265137,95.26
2015-08-10,33.70000050216913,20.957143169428623,11.400000169873238,72.50000108033419,38.10000056028366,95.408
2015-08-17,30.00000044703484,20.000000298023224,13.300000198185444,82.0142869363938,51.50000113248825,95.556
2015-08-24,25.80000038444996,17.728571692747728,9.500000141561031,70.60000105202198,4.399999812245369,95.704
2015-08-31,33.00000049173832,19.900000296533108,9.80000014603138,71.52857249443021,22.600000381469727,95.852
2015-09-07,20.80000030994416,13.68571448964732,9.3000001385808,84.60000126063824,22.90000021457672,96.0
2015-09-14,23.300000347197056,14.40000021457672,5.200000077486038,81.40000121295452,9.89999971538782,95.8175
2015-09-21,20.30000030249357,14.457143072571071,9.600000143051147,78.40000116825104,10.799999788403513,95.635
2015-09-28,17.30000025779009,11.657143030847822,2.500000037252903,84.08571553868907,9.800000049173832,95.4525
2015-10-05,20.80000030994416,10.22857158098902,0.800000011920929,79.0428583206875,4.699999809265137,95.27
2015-10-12,21.000000312924385,10.814285875431128,-0.4000000059604645,84.5285726881453,14.499999918043612,95.3
2015-10-19,10.80000016093254,5.471428652959211,0.0,92.38571566236872,21.2000003606081,95.33
2015-10-26,14.500000216066836,9.685714430042676,5.200000077486038,88.32857274476972,3.9000000283122063,95.36
2015-11-02,17.30000025779009,8.585714413651399,0.2000000029802322,87.8571441663163,0.0,95.39
2015-11-09,19.500000290572643,12.97142876471792,-1.100000016391277,81.11428692298276,8.500000238418579,96.666
2015-11-16,15.100000225007534,11.82857160483088,4.90000007301569,80.85714406200817,29.79999978840351,97.942
2015-11-23,15.900000236928465,7.428571539265769,0.4000000059604645,81.44285835645029,22.100000023841854,99.218
2015-11-30,11.60000017285347,5.142857219491686,0.800000011920929,82.84285837731191,36.99999883770943,100.494
2015-12-07,14.100000210106373,8.585714413651399,2.500000037252903,78.58571545673269,6.000000178813934,101.77
2015-12-14,15.400000229477882,6.614285812846252,1.600000023841858,82.8571440918105,9.89999994635582,100.94
2015-12-21,15.000000223517418,10.285714438983373,1.80000002682209,83.72857267622437,7.100000098347664,100.11
2015-12-28,15.500000230968,10.728571588439602,4.500000067055225,77.67142972882304,5.399999916553497,99.28
2016-01-04,11.900000177323818,4.642857212041106,0.9000000134110451,85.0000012665987,16.799999848008156,98.45
2016-01-11,10.000000149011612,4.785714357026985,-1.3000000193715096,83.48571552974838,8.900000035762787,99.54
2016-01-18,6.70000009983778,1.3714285918644495,-6.70000009983778,86.64285843393633,10.400000050663948,100.63
