Date,TASMAX,TAS,TASMIN,Humidity,Precipitation,GWL
1988-02-15,9.00000013411045,0.6571428669350488,-1.700000025331974,80.40000119805336,25.899999618530277,431.7
1988-02-22,7.400000110268593,1.4571428788559777,-2.200000032782554,87.87142988081489,27.799999952316284,432.35
1988-02-29,2.7000000402331352,-1.87142859931503,-3.6000000536441803,92.67142995234046,74.50000047683716,432.27
1988-03-07,0.800000011920929,-1.5571428803460938,-4.500000067055225,88.97142989720616,30.09999990463257,431.75
1988-03-14,3.200000047683716,-1.1285714453884534,-8.00000011920929,86.98571558190244,53.099999621510506,432.08
1988-03-21,9.400000140070915,2.400000035762787,-5.000000074505806,85.04285841009447,34.399999767541885,433.65
1988-03-28,8.300000123679638,2.8857143287147795,0.1000000014901161,91.10000135749578,62.200000286102295,436.4
1988-04-04,11.30000016838312,4.185714348086289,0.1000000014901161,81.51428692894322,8.599999822676182,435.08
1988-04-11,14.100000210106373,4.185714348086289,-4.000000059604645,80.52857262854066,7.299999952316284,434.15
1988-04-18,18.6000002771616,8.628571557147163,-4.200000062584877,64.05714381166867,6.800000086426735,433.2
1988-04-25,21.1000003144145,6.357142951871667,-5.000000074505806,67.74285815230438,2.6999999061226845,432.45
1988-05-02,18.30000027269125,8.72857155863728,-1.80000002682209,69.08571531517165,4.300000101327896,431.9
1988-05-09,20.30000030249357,12.000000178813934,5.200000077486038,65.11428668456418,0.1000000014901161,431.48
1988-05-16,21.80000032484532,15.257143084492002,6.200000092387199,53.61428651320083,0.0,432.15
1988-05-23,20.10000029951334,9.114285850099154,1.3000000193715096,72.08571535987514,2.300000011920929,430.85
1988-05-30,25.100000374019142,14.814285935035771,7.800000116229057,69.5000010356307,22.800000220537186,430.75
1988-06-06,17.50000026077032,10.185714437493257,6.200000092387199,84.2714298271707,34.39999967813492,430.6
1988-06-13,20.80000030994416,12.285714468785695,6.200000092387199,83.60000124573708,2.1000000089406967,430.45
1988-06-20,21.300000317394733,13.442857343171324,8.300000123679638,75.14285826257297,0.0,430.32
1988-06-27,19.000000283122063,12.857143048729217,7.000000104308128,85.04285841009447,15.99999974668026,430.21
1988-07-04,23.600000351667404,15.485714516469413,8.50000012665987,78.27142973776374,17.49999988824129,430.15
1988-07-11,24.300000362098217,15.800000235438349,8.50000012665987,71.50000106543303,13.600000359117988,430.05
1988-07-18,19.30000028759241,12.514285900763102,8.50000012665987,86.11428699748856,71.69999980926514,430.18
1988-07-25,27.500000409781933,17.242857399795735,9.100000135600569,77.30000115185976,25.799999833106995,430.15
1988-08-01,23.600000351667404,14.214285926095076,8.300000123679638,73.05714394577912,18.099999658763405,430.15
1988-08-08,25.80000038444996,15.70000023394823,7.200000107288361,74.18571539116758,11.89999993145466,430.65
1988-08-15,25.50000037997961,17.65714312025479,10.600000157952309,70.8285724839994,0.0,430.0
1988-08-22,24.8000003695488,13.885714492627551,8.100000120699406,74.48571539563792,21.0999995470047,429.99
1988-08-29,24.300000362098217,13.357143056179796,6.900000102818012,81.21428692447287,10.000000029802322,429.95
1988-09-05,21.60000032186508,12.928571621222156,8.400000125169754,77.11428686337811,15.999999940395355,429.9
1988-09-12,21.1000003144145,12.528571615261692,6.70000009983778,77.21428686486823,8.200000047683716,429.8
1988-09-19,13.100000195205212,9.900000147521496,6.70000009983778,91.6857156519379,44.29999995231629,429.95
1988-09-26,18.80000028014183,11.471428742366175,6.000000089406967,86.11428699748856,57.49999958276749,430.4
1988-10-03,18.100000269711018,9.957143005515848,2.600000038743019,78.84285831770727,5.699999809265137,430.7
1988-10-10,13.600000202655792,8.414285839668342,3.200000047683716,85.55714413204363,30.700000405311584,430.18
1988-10-17,14.800000220537186,9.885714433022908,3.200000047683716,94.22857283268657,4.200000025331974,430.57
1988-10-24,15.400000229477882,9.528571570558208,3.700000055134296,89.3000013306737,1.9000000059604645,430.45
1988-10-31,18.80000028014183,6.514285811356136,-0.6000000089406967,84.60000126063824,7.10000005364418,430.34
1988-11-07,7.900000117719173,1.2000000178813934,-3.700000055134296,74.44285825214216,4.400000095367432,430.23
1988-11-14,14.500000216066836,7.328571537775653,0.800000011920929,85.94285842350551,20.600000023841854,430.15
1988-11-21,10.500000156462193,2.357142892267023,-7.300000108778477,89.88571562511581,29.89999959617853,430.35
1988-11-28,4.500000067055225,1.100000016391277,-11.10000016540289,93.91428711371762,18.59999966621399,430.8
1988-12-05,5.500000081956387,1.700000025331974,-3.1000000461936,92.47142994936024,60.29999935626984,432.43
1988-12-12,7.400000110268593,3.114285760692188,-0.5000000074505806,94.25714426168372,52.29999887943268,433.15
1988-12-19,7.200000107288361,1.2285714468785696,-4.700000070035458,90.20000134408474,77.79999911785126,433.65
1988-12-26,7.000000104308128,4.300000064074993,-2.0000000298023224,91.51428707795483,30.69999946653843,435.15
1989-01-02,8.900000132620335,4.128571490091937,0.5000000074505806,93.5857156802501,4.599999912083149,433.83
1989-01-09,10.100000150501728,3.657142911638533,-0.5000000074505806,88.90000132471323,25.59999990463257,433.25
1989-01-16,8.00000011920929,3.485714337655476,-0.9000000134110451,88.15714417078665,13.00000023841858,432.84
1989-01-23,6.900000102818012,1.1285714453884534,-2.7000000402331352,86.25714414247444,3.299999952316284,432.39
1989-01-30,10.000000149011612,2.0428571732980862,-4.400000065565109,70.7000010535121,0.4000000059604644,431.83
1989-02-06,13.800000205636024,2.3142857487712587,-4.200000062584877,87.22857272837844,4.200000047683716,431.45
1989-02-13,13.800000205636024,4.000000059604645,-1.0000000149011612,76.88571543140071,11.800000190734863,430.85
1989-02-20,10.30000015348196,3.38571433616536,-5.000000074505806,88.37142988826547,47.200000405311584,430.9
1989-02-27,5.500000081956387,1.671428596334798,-2.200000032782554,85.64285841903516,13.399999856948853,431.03
1989-03-06,16.50000024586916,4.628571497542517,-0.4000000059604645,86.3285727149674,29.399999834597107,432.11
1989-03-13,16.100000239908695,6.70000009983778,-0.6000000089406967,79.41428689765078,10.900000110268593,431.83
1989-03-20,11.10000016540289,3.614285768142768,-2.0000000298023224,80.98571549249547,22.7999999076128,431.6
1989-03-27,17.600000262260437,5.585714368947914,-0.800000011920929,76.91428686039788,23.59999978542328,431.57
1989-04-03,21.1000003144145,6.900000102818012,-2.200000032782554,70.1000010445714,0.0,431.55
1989-04-10,12.500000186264517,4.457142923559461,-1.3000000193715096,80.1285726225802,4.900000087916851,431.05
1989-04-17,16.100000239908695,7.728571543736117,2.600000038743019,88.15714417078665,9.100000083446504,430.77
1989-04-24,13.500000201165676,4.871428644018514,-1.700000025331974,85.22857269857612,22.500000551342964,429.17
1989-05-01,14.800000220537186,4.90000007301569,-0.6000000089406967,76.72857257191625,26.99999964237213,430.85
1989-05-08,20.80000030994416,10.171428722994667,0.9000000134110451,72.471429651337,0.0,429.22
1989-05-15,21.80000032484532,10.128571579498905,4.000000059604645,73.71428681271416,7.899999856948851,430.27
1989-05-22,24.00000035762787,15.78571452093976,6.200000092387199,56.81428656088455,0.0,430.35
1989-05-29,25.00000037252903,15.900000236928465,6.800000101327896,56.64285798690149,0.0,430.33
1989-06-05,21.300000317394733,8.342857267175402,2.200000032782554,74.91428683059556,4.799999952316284,430.23
1989-06-12,20.80000030994416,11.185714452394418,3.200000047683716,76.02857256148543,18.00000011920929,430.2
1989-06-19,24.600000366568565,16.457143102373397,8.300000123679638,55.95714369096926,0.0,430.12
1989-06-26,25.700000382959843,17.200000256299973,11.000000163912771,71.74285821190902,18.400000393390656,430.1
1989-07-03,23.600000351667404,13.500000201165676,7.900000117719173,78.57142974223409,30.499999225139614,430.08
1989-07-10,28.300000421702865,18.257143129195487,9.500000141561031,77.00000114738941,34.099999621510506,430.0
1989-07-17,22.100000329315662,13.228571625692505,7.200000107288361,78.48571545524257,2.999999910593033,429.95
1989-07-24,27.3000004068017,16.6857145343508,7.200000107288361,67.98571529878038,3.300000011920929,429.93
1989-07-31,23.80000035464764,15.600000232458116,8.900000132620335,76.92857257489648,50.50000095367432,429.88
1989-08-07,24.600000366568565,13.157143053199563,7.500000111758709,79.84285833260843,22.799999713897705,429.89
1989-08-14,24.00000035762787,17.21428597079856,12.500000186264517,70.51428676503045,0.4000000059604645,429.83
1989-08-21,28.300000421702865,19.042857426617825,9.600000143051147,65.38571526003736,12.800000190734863,429.83
1989-08-28,25.50000037997961,13.457143057669912,6.400000095367432,80.67142977352653,33.10000026226044,429.75
1989-09-04,19.80000029504299,11.071428736405712,4.700000070035458,85.45714413055352,6.999999955296516,429.75
1989-09-11,21.300000317394733,14.200000211596487,6.000000089406967,74.75714397111109,0.0,429.73
1989-09-18,25.00000037252903,14.642857361052718,8.300000123679638,85.7285727060267,45.99999904632568,429.85
1989-09-25,25.100000374019142,14.500000216066836,9.900000147521496,87.00000129640102,39.50000039488077,429.9
1989-10-02,13.600000202655792,9.142857279096331,4.90000007301569,92.21428708838565,21.799999833106995,429.9
1989-10-09,17.100000254809856,7.471428682761533,0.800000011920929,83.08571552378791,53.200000286102295,430.2
1989-10-16,11.500000171363354,7.528571540755885,3.200000047683716,89.88571562511581,20.100000023841854,430.51
1989-10-23,20.30000030249357,12.45714304276875,5.000000074505806,73.61428681122405,1.5,429.75
1989-10-30,19.30000028759241,11.942857320819584,7.400000110268593,80.65714405902794,24.30000038444996,430.35
1989-11-06,12.500000186264517,7.028571533305304,2.600000038743019,91.51428707795483,38.100000858306885,430.95
1989-11-13,13.600000202655792,4.942857216511454,0.5000000074505806,73.3285725212523,0.2000000029802322,430.83
1989-11-20,13.800000205636024,3.17142861868654,-1.80000002682209,69.10000102967024,0.0,430.7
1989-11-27,13.100000195205212,0.6714285814336368,-8.300000123679638,89.61428704964263,28.99999976158142,430.5
1989-12-04,11.60000017285347,0.5142857219491687,-6.500000096857548,66.4000009894371,0.6000000238418579,430.55
1989-12-11,3.9000000581145287,0.7428571539265769,-3.700000055134296,93.4571442497628,6.999999910593033,430.43
1989-12-18,13.000000193715096,6.728571528834956,-2.3000000342726707,85.81428699301821,74.60000002384186,432.4
1989-12-25,11.10000016540289,6.185714377888611,2.0000000298023224,82.5000012293458,46.10000044107437,432.65
1990-01-01,9.500000141561031,-1.642857167337622,-5.4000000804662704,87.48571558935302,0.0,432.1
1990-01-08,3.6000000536441803,-1.2285714468785696,-4.500000067055225,89.10000132769346,4.400000058114529,431.55
1990-01-15,6.200000092387199,2.1714286037853787,-1.3000000193715096,90.92857278351272,4.399999961256981,431.17
1990-01-22,7.900000117719173,3.971428630607469,-0.5000000074505806,89.02857275520053,15.200000315904616,430.9
1990-01-29,9.80000014603138,3.371428621666772,0.2000000029802322,85.0000012665987,53.00000010430813,432.09
1990-02-05,11.60000017285347,5.457142938460622,1.600000023841858,73.98571538818734,12.199999809265137,433.95
1990-02-12,13.800000205636024,4.357142922069345,-0.800000011920929,77.41428686784846,20.59999990463257,431.6
1990-02-19,11.500000171363354,2.714285754731723,-4.90000007301569,86.94285843840667,44.49999979138374,432.35
1990-02-26,16.600000247359276,8.414285839668342,0.4000000059604645,73.84285824320146,31.0,432.4
1990-03-05,6.000000089406967,1.1142857308898653,-2.3000000342726707,91.54285850695202,70.79999852180481,433.95
1990-03-12,15.300000227987766,6.371428666370256,0.9000000134110451,82.31428694086415,17.399999916553497,433.87
1990-03-19,19.000000283122063,8.971428705113274,-1.100000016391277,63.57142951871668,3.00000011920929,432.97
1990-03-26,12.800000190734863,5.728571513933795,0.4000000059604645,86.72857272092786,22.20000004768372,432.35
1990-04-02,18.6000002771616,6.642857241843428,0.2000000029802322,77.44285829684564,8.20000022649765,431.75
1990-04-09,10.500000156462193,2.0857143167938506,-4.400000065565109,71.77142964090619,9.599999904632568,431.45
1990-04-16,10.900000162422655,4.714285784534046,-4.200000062584877,82.0285726508924,24.899999976158146,431.07
1990-04-23,13.90000020712614,6.285714379378727,-0.2000000029802322,79.4000011831522,10.50000011920929,431.05
1990-04-30,17.80000026524067,8.028571548206466,0.5000000074505806,77.51428686933858,11.299999952316284,430.89
1990-05-07,23.600000351667404,15.942857380424227,6.500000096857548,57.25714371034077,0.8999999761581421,430.7
1990-05-14,20.60000030696392,10.3714287259749,3.700000055134296,81.48571549994605,32.00000023841858,430.55
1990-05-21,19.80000029504299,11.87142874832664,4.000000059604645,69.05714388617447,6.5,430.45
1990-05-28,19.60000029206276,10.000000149011612,1.80000002682209,68.21428673075778,0.0,430.35
1990-06-04,22.600000336766243,12.18571446729558,2.200000032782554,66.05714384147099,10.900000095367432,430.21
1990-06-11,15.800000235438349,10.471428727465016,5.4000000804662704,84.94285840860435,22.59999930858612,430.2
1990-06-18,22.100000329315662,12.342857326780049,6.800000101327896,78.15714402177504,0.5000000074505806,430.1
1990-06-25,21.000000312924385,13.885714492627551,8.100000120699406,77.18571543587106,26.20000028610229,430.1
1990-07-02,26.30000039190054,16.828571679336683,8.300000123679638,75.48571541053909,18.399999618530277,430.02
1990-07-09,20.000000298023224,12.871428763227804,7.000000104308128,78.3285725957581,20.60000015795231,429.93
1990-07-16,26.00000038743019,14.800000220537186,5.900000087916851,71.27142963345561,9.499999620020388,429.9
1990-07-23,24.300000362098217,14.371428785579544,7.200000107288361,72.67142965431724,4.100000023841858,429.81
1990-07-30,27.80000041425228,16.700000248849392,7.200000107288361,69.8571438980954,2.200000047683716,429.81
1990-08-06,32.00000047683716,20.285714587994985,9.100000135600569,58.98571516466992,2.5999999046325684,429.75
1990-08-13,30.200000450015068,17.442857402775967,6.200000092387199,66.12857241396394,1.6000000536441803,429.74
1990-08-20,23.000000342726707,14.657143075551303,9.00000013411045,77.41428686784846,48.79999935626984,429.75
1990-08-27,24.8000003695488,16.485714531370572,8.50000012665987,76.37142970945153,2.299999952316284,429.75
1990-09-03,26.80000039935112,15.085714510508948,9.00000013411045,87.05714415439537,47.4999989271164,429.75
1990-09-10,15.100000225007534,10.185714437493257,7.000000104308128,89.90000133961439,30.800000190734863,429.66
1990-09-17,15.800000235438349,10.08571443600314,4.200000062584877,83.82857267771449,5.900000214576721,429.73
1990-09-24,15.800000235438349,8.64285727164575,4.400000065565109,85.64285841903516,28.49999988079071,429.73
1990-10-01,17.80000026524067,9.685714430042676,4.500000067055225,86.00000128149986,19.89999996125698,429.75
1990-10-08,17.30000025779009,10.057143007005964,3.9000000581145287,82.7428583758218,9.600000083446504,429.78
1990-10-15,23.300000347197056,12.300000183284284,2.200000032782554,74.87142968709979,0.0,429.75
1990-10-22,19.30000028759241,10.314285867980548,0.4000000059604645,78.45714402624539,0.9000000059604645,429.73
1990-10-29,16.00000023841858,7.71428582923753,2.0000000298023224,77.58571544183152,19.09999990463257,429.75
1990-11-05,10.000000149011612,4.457142923559461,0.9000000134110451,90.9571442125099,56.90000000596047,430.0
1990-11-12,9.600000143051147,4.442857209060874,0.0,89.02857275520053,8.400000184774399,430.15
1990-11-19,10.900000162422655,6.214285806885788,1.3000000193715096,93.92857282821622,57.59999990463257,431.57
1990-11-26,6.200000092387199,1.0142857293997491,-1.80000002682209,89.6571441931384,22.200000002980232,431.55
1990-12-03,4.90000007301569,0.3000000044703482,-6.000000089406967,94.75714426913432,19.69999986886978,431.35
1990-12-10,3.200000047683716,-1.2000000178813934,-5.500000081956387,79.5285726136395,12.09999966621399,431.35
1990-12-17,0.5000000074505806,-1.7428571688277383,-4.000000059604645,94.0571442587035,34.29999981075525,431.05
1990-12-24,4.700000070035458,0.1714285739830563,-4.500000067055225,93.92857282821622,14.999999716877936,431.55
1990-12-31,6.400000095367432,2.3142857487712587,-0.5000000074505806,88.08571559829372,52.70000052452088,431.95
1991-01-07,9.00000013411045,3.414285765162536,0.6000000089406967,86.95714415290526,40.50000059604645,433.85
1991-01-14,10.400000154972076,2.614285753241607,-4.400000065565109,86.47142985995326,29.30000064522028,433.5
1991-01-21,5.900000087916851,-0.814285726419517,-7.300000108778477,67.2428581448538,12.600000143051147,432.65
1991-01-28,2.1000000312924385,-1.4000000208616257,-5.200000077486038,91.30000136047602,0.5000000149011611,432.0
1991-02-04,2.7000000402331352,-4.685714355536869,-10.500000156462193,64.34285810164043,0.0,431.5
1991-02-11,-3.000000044703484,-8.700000129640102,-16.600000247359276,82.42857265685286,9.900000095367432,431.18
1991-02-18,0.5000000074505806,-4.300000064074993,-8.00000011920929,89.3000013306737,23.900000244379044,430.82
1991-02-25,12.10000018030405,3.728571484131472,-6.500000096857548,82.2571440828698,3.3000000566244125,431.43
1991-03-04,10.500000156462193,2.0285714587994983,-3.400000050663948,80.04285833558866,0.2000000029802322,431.05
1991-03-11,14.100000210106373,8.371428696172577,3.200000047683716,78.95714403369597,1.5999999567866323,430.75
1991-03-18,16.100000239908695,8.871428703623158,3.700000055134296,75.72857255701508,1.9999999552965164,430.57
1991-03-25,11.500000171363354,5.600000083446503,0.0,90.74285849503109,42.39999914169312,430.81
1991-04-01,11.60000017285347,2.9428571867091318,-3.700000055134296,71.54285820892879,1.0,430.78
1991-04-08,14.900000222027302,6.98571438980954,0.6000000089406967,74.67142968411956,6.999999910593033,430.64
1991-04-15,17.50000026077032,10.000000149011612,3.1000000461936,59.27142945464168,0.0,430.47
1991-04-22,9.100000135600569,0.4714285784534046,-5.200000077486038,77.68571544332164,28.000000573694702,430.45
1991-04-29,11.000000163912771,3.800000056624413,-1.5000000223517418,77.24285829386541,1.7000000029802322,430.24
1991-05-06,9.400000140070915,4.185714348086289,-0.2000000029802322,85.30000127106905,21.799999833106995,430.15
1991-05-13,16.300000242888927,8.228571551186699,0.6000000089406967,73.17142966176782,3.1999999582767487,430.16
1991-05-20,15.600000232458116,6.600000098347664,1.3000000193715096,81.20000120997429,24.19999945908785,430.15
1991-05-27,16.50000024586916,8.50000012665987,2.200000032782554,78.81428688871009,6.699999928474426,430.1
1991-06-03,20.500000305473804,10.928571591419834,2.1000000312924385,71.50000106543303,5.599999904632568,430.05
1991-06-10,16.50000024586916,9.342857282076563,2.200000032782554,84.21428696917636,43.700000859797,430.03
1991-06-17,20.60000030696392,11.51428588586194,5.200000077486038,75.20000112056732,3.299999989569187,429.97
1991-06-24,20.000000298023224,12.342857326780049,5.500000081956387,81.87142979140792,24.800000622868534,430.0
1991-07-01,20.80000030994416,12.45714304276875,6.000000089406967,86.38571557296174,52.19999983906746,430.09
1991-07-08,28.200000420212746,20.928571740431444,13.600000202655792,66.34285813144275,1.0,430.2
1991-07-15,28.50000042468309,17.985714553722314,9.00000013411045,74.11428681867463,16.400000393390656,430.15
1991-07-22,20.80000030994416,13.871428778128964,8.600000128149986,84.32857268516507,14.500000037252905,430.2
1991-07-29,24.8000003695488,16.34285738638469,9.500000141561031,73.74285824171135,13.200000382959844,430.05
1991-08-05,25.30000037699937,17.485714546271733,11.900000177323818,78.74285831621715,11.699999809265137,430.02
1991-08-12,29.50000043958425,18.114285984209605,11.400000169873238,77.27142972286258,18.09999952465296,429.97
1991-08-19,23.300000347197056,14.528571645064014,8.50000012665987,75.41428683804614,10.100000083446504,429.95
1991-08-26,27.200000405311584,16.228571670395986,9.400000140070915,73.78571538520711,2.200000047683716,429.93
1991-09-02,25.700000382959843,14.857143078531536,6.200000092387199,68.84285816869566,0.0,429.85
1991-09-09,25.80000038444996,13.714285918644496,8.400000125169754,80.04285833558866,7.899999976158142,429.8
1991-09-16,23.300000347197056,13.54285734466144,3.9000000581145287,69.82857246909823,12.599999904632568,429.75
1991-09-23,22.100000329315662,12.428571613771576,5.700000084936619,79.67142975862537,8.800000071525574,429.75
1991-09-30,22.100000329315662,11.928571606320997,6.800000101327896,85.92857270900693,30.40000033378601,429.75
1991-10-07,16.800000250339508,10.30000015348196,4.500000067055225,86.3142870004688,32.30000028759241,429.73
1991-10-14,19.30000028759241,11.585714458354882,6.900000102818012,83.48571552974838,10.5,429.73
1991-10-21,16.600000247359276,6.042857232902732,0.5000000074505806,85.45714413055352,20.39999983459711,429.74
1991-10-28,8.400000125169754,4.485714352556637,-0.1000000014901161,79.98571547759431,7.200000166893005,429.73
1991-11-04,11.800000175833702,4.957142931010042,-1.700000025331974,77.28571543736118,36.09999942779541,429.78
1991-11-11,8.900000132620335,3.928571487111705,0.5000000074505806,93.7000013962388,92.69999942928553,431.77
1991-11-18,8.50000012665987,2.6857143257345477,-1.3000000193715096,89.5428584771497,11.29999989271164,431.86
1991-11-25,5.900000087916851,1.4142857353602136,-4.700000070035458,91.24285850248168,19.500000156462196,431.77
1991-12-02,11.10000016540289,2.9428571867091318,-5.000000074505806,82.44285837135145,0.2000000029802322,431.3
1991-12-09,2.600000038743019,-1.1857143033828057,-6.000000089406967,91.22857278798308,6.199999988079071,430.9
1991-12-16,5.700000084936619,-1.5000000223517418,-7.900000117719173,69.07142960067306,0.2000000029802322,430.63
1991-12-23,10.500000156462193,4.400000065565109,-0.800000011920929,92.62857280884472,125.19999980926514,433.4
1991-12-30,6.200000092387199,1.528571451348918,-2.200000032782554,93.2285728177854,28.899999298155308,434.22
1992-01-06,7.500000111758709,2.8285714707204277,-2.200000032782554,90.08571562809604,29.09999990463257,433.28
1992-01-13,8.800000131130219,2.0714286022952626,-4.700000070035458,87.6142870198403,4.700000025331974,432.92
1992-01-20,3.500000052154064,1.0714285873941012,-6.800000101327896,92.10000137239696,22.80000038444996,432.35
1992-01-27,5.500000081956387,-2.728571469230311,-10.100000150501728,78.64285831472704,0.9999999776482582,432.05
1992-02-03,10.500000156462193,0.2857142899717603,-4.200000062584877,81.24285835347006,7.099999815225601,431.7
1992-02-10,8.400000125169754,2.728571469230311,-4.500000067055225,90.1285727715918,21.59999918937683,431.4
1992-02-17,9.500000141561031,2.600000038743019,-6.400000095367432,90.91428706901414,36.100000098347664,431.45
1992-02-24,7.400000110268593,-0.1428571449858801,-7.200000107288361,90.52857277755228,10.499999895691872,431.55
1992-03-02,14.000000208616257,5.700000084936619,0.1000000014901161,75.11428683357579,2.3999999165534973,431.67
1992-03-09,14.500000216066836,5.642857226942267,-1.100000016391277,79.95714404859713,4.700000047683716,431.35
1992-03-16,11.800000175833702,2.1714286037853787,-2.1000000312924385,85.68571556253093,85.50000023841858,431.85
1992-03-23,11.500000171363354,4.271428635077817,-0.1000000014901161,87.51428701835019,34.80000013113022,432.95
1992-03-30,8.50000012665987,1.3285714483686857,-2.7000000402331352,83.68571553272861,20.49999976158142,432.9
1992-04-06,10.100000150501728,3.642857197139944,-0.2000000029802322,82.17142979587827,12.099999837577345,432.35
1992-04-13,15.000000223517418,6.785714386829308,0.5000000074505806,64.52857239012208,4.700000047683716,431.93
1992-04-20,10.900000162422655,4.028571488601821,-1.80000002682209,82.08571550888675,24.00000023841858,431.5
1992-04-27,17.30000025779009,9.471428712563856,-0.9000000134110451,74.20000110566616,14.70000010728836,431.3
1992-05-04,12.500000186264517,6.70000009983778,1.80000002682209,78.85714403220585,13.10000005364418,431.07
1992-05-11,15.400000229477882,8.557142984654222,2.500000037252903,83.07142980928931,28.20000028610229,430.86
1992-05-18,27.10000040382147,14.285714498588018,4.000000059604645,68.60000102221966,0.0,430.7
1992-05-25,24.8000003695488,17.442857402775967,8.100000120699406,57.12857227985348,0.0,430.55
1992-06-01,22.600000336766243,16.700000248849392,10.000000149011612,57.74285800329277,0.0,430.33
1992-06-08,22.600000336766243,13.642857346151557,10.30000015348196,90.81428706752402,106.49999856948853,430.47
1992-06-15,23.600000351667404,14.500000216066836,7.400000110268593,79.72857261661973,0.4000000059604645,430.6
1992-06-22,22.100000329315662,13.128571624202388,7.200000107288361,84.14285839668342,10.900000028312206,430.45
1992-06-29,24.8000003695488,17.400000259280205,9.400000140070915,63.75714380719832,0.0,430.35
1992-07-06,27.3000004068017,16.34285738638469,9.500000141561031,81.0571440649884,45.10000033676624,430.3
1992-07-13,24.300000362098217,15.614285946956702,9.400000140070915,77.05714400538376,27.80000066757202,430.25
1992-07-20,27.3000004068017,17.14285739830562,8.800000131130219,75.91428684549672,14.099999904632568,430.2
1992-07-27,29.700000442564487,17.671428834753378,10.80000016093254,74.35714396515063,17.200000062584877,429.93
1992-08-03,27.3000004068017,18.771428851144652,7.800000116229057,68.00000101327896,0.5000000149011611,430.05
1992-08-10,33.30000049620867,20.10000029951334,10.000000149011612,65.95714383998087,1.2999999821186066,430.0
1992-08-17,21.000000312924385,13.40000019967556,6.500000096857548,77.38571543885129,30.69999998807907,429.95
1992-08-24,25.100000374019142,16.50000024586916,8.800000131130219,80.50000119954348,23.899999618530277,429.93
1992-08-31,27.200000405311584,16.328571671886102,10.000000149011612,81.94285836390087,33.5,429.95
1992-09-07,18.50000027567148,9.714285859039853,5.500000081956387,86.0714298539928,37.69999927282333,430.0
1992-09-14,21.300000317394733,11.52857160036053,5.500000081956387,79.94285833409855,7.599999904632568,429.89
1992-09-21,20.60000030696392,12.985714479216508,6.400000095367432,84.81428697811705,14.500000059604645,429.87
1992-09-28,23.600000351667404,14.62857164655413,6.900000102818012,73.90000110119581,0.0,429.91
1992-10-05,17.80000026524067,10.285714438983373,4.90000007301569,89.50000133365393,11.39999993145466,429.87
1992-10-12,9.900000147521496,6.400000095367432,0.1000000014901161,89.55714419164828,16.600000023841858,429.78
1992-10-19,9.3000001385808,3.142857189689364,-1.700000025331974,76.02857256148543,9.90000033378601,429.77
1992-10-26,12.300000183284284,3.6000000536441803,0.1000000014901161,91.3285727894732,53.20000047981739,430.03
1992-11-02,7.400000110268593,2.928571472210544,-2.200000032782554,86.48571557445186,24.19999957084656,430.4
1992-11-09,9.00000013411045,6.057142947401319,1.5000000223517418,91.87142994041952,13.100000023841858,430.35
1992-11-16,10.30000015348196,3.285714334675244,-1.3000000193715096,92.5000013783574,49.29999995231629,431.15
1992-11-23,10.30000015348196,3.671428626137121,-0.2000000029802322,92.24285851738284,63.1999996304512,432.88
1992-11-30,10.900000162422655,5.771428657429559,-1.100000016391277,84.32857268516507,17.30000014603138,432.76
1992-12-07,10.30000015348196,3.228571476680892,-0.800000011920929,87.54285844734737,21.299999833106995,432.17
1992-12-14,5.900000087916851,1.814285741320678,-0.2000000029802322,93.7000013962388,36.80000066757202,432.65
1992-12-21,10.000000149011612,3.971428630607469,-0.5000000074505806,85.38571555806058,13.699999809265137,433.1
1992-12-28,3.700000055134296,-1.5000000223517418,-7.500000111758709,90.7285727805325,6.400000192224979,431.83
1993-01-04,6.200000092387199,-5.04285721800157,-13.100000195205212,55.77142940248762,0.0,431.5
1993-01-11,8.600000128149986,4.328571493072169,-9.100000135600569,89.60000133514404,85.50000178813934,431.77
1993-01-18,11.30000016838312,5.442857223962035,0.0,79.67142975862537,14.299999594688416,433.47
1993-01-25,9.00000013411045,4.785714357026985,-2.1000000312924385,87.18571558488267,75.60000014305115,434.5
1993-02-01,7.500000111758709,-1.4142857353602136,-8.00000011920929,79.08571546418327,40.00000077486038,434.48
1993-02-08,10.500000156462193,0.5285714364477566,-5.200000077486038,84.400001257658,3.1999999061226845,433.33
1993-02-15,10.30000015348196,1.8285714558192665,-4.200000062584877,73.24285823426077,1.0,432.87
1993-02-22,3.9000000581145287,-0.4428571494562285,-7.500000111758709,90.45714420505932,44.40000009536743,432.3
1993-03-01,1.80000002682209,-4.100000061094761,-12.000000178813934,77.08571543438094,4.199999913573265,431.83
1993-03-08,3.700000055134296,-1.5142857368503295,-8.900000132620335,87.28571558637279,18.30000029504299,432.05
1993-03-15,16.100000239908695,5.957142945911203,-3.6000000536441803,68.11428672926766,0.0,431.9
1993-03-22,13.600000202655792,7.114285820296833,-1.3000000193715096,74.00000110268593,8.299999810755253,431.73
1993-03-29,9.00000013411045,0.0285714289971761,-6.200000092387199,74.47142968113933,7.000000178813934,431.39
1993-04-05,16.300000242888927,5.357142936970506,-5.500000081956387,77.21428686486823,17.899999856948853,431.08
1993-04-12,12.600000187754633,4.785714357026985,-0.9000000134110451,85.2428584130747,20.40000033378601,431.04
1993-04-19,13.100000195205212,7.171428678291185,1.80000002682209,88.35714417376688,44.80000007152557,431.87
1993-04-26,21.50000032037497,14.585714503058366,6.200000092387199,63.74285809269973,0.1000000014901161,431.64
1993-05-03,23.600000351667404,14.385714500078134,5.900000087916851,64.41428667413336,20.700000002980232,431.41
1993-05-10,22.600000336766243,10.87142873342548,0.2000000029802322,72.34285822084972,1.0999999791383743,431.08
1993-05-17,23.80000035464764,13.300000198185444,3.400000050663948,69.65714389511517,13.300000250339508,430.87
1993-05-24,24.600000366568565,14.200000211596487,6.200000092387199,75.87142970200095,37.1999996304512,430.64
1993-05-31,24.300000362098217,14.085714495607784,6.500000096857548,77.75714401581457,29.20000004768372,430.55
1993-06-07,24.300000362098217,15.871428807931286,8.100000120699406,78.21428687976939,5.499999955296516,430.45
1993-06-14,28.00000041723252,15.571428803460938,7.200000107288361,73.18571537626642,7.700000107288361,430.3
1993-06-21,21.300000317394733,13.128571624202388,6.800000101327896,78.48571545524257,18.60000003129244,430.18
1993-06-28,19.10000028461218,11.071428736405712,6.000000089406967,81.7857155044164,11.100000157952309,430.13
1993-07-05,27.10000040382147,17.528571689767496,7.800000116229057,65.78571526599782,10.199999809265137,430.05
1993-07-12,23.600000351667404,12.785714476236276,6.500000096857548,72.68571536881583,6.900000169873238,430.05
1993-07-19,20.80000030994416,14.04285735211202,6.400000095367432,86.50000128895044,35.50000001490116,429.95
1993-07-26,22.000000327825543,12.657143045748985,9.00000013411045,86.21428699897868,36.89999949932098,430.25
1993-08-02,26.80000039935112,15.214285940996238,9.100000135600569,84.11428696768624,38.89999967813492,430.14
1993-08-09,23.80000035464764,15.142857368503298,7.700000114738941,80.07142976458583,16.400000035762787,430.0
1993-08-16,24.100000359117985,15.27142879899059,6.200000092387199,76.62857257042613,10.200000002980232,429.94
1993-08-23,22.30000033229589,13.457143057669912,6.200000092387199,78.82857260320868,13.199999988079073,429.93
1993-08-30,16.300000242888927,9.857143004025732,4.200000062584877,84.5142869736467,8.299999989569187,429.84
1993-09-06,15.800000235438349,9.642857286546912,3.500000052154064,87.84285845181772,33.200000524520874,429.88
1993-09-13,19.10000028461218,12.514285900763102,5.200000077486038,88.07142988379512,18.99999944120645,429.85
1993-09-20,22.30000033229589,10.414285869470664,3.500000052154064,85.98571556700128,31.399999976158146,430.01
1993-09-27,20.60000030696392,11.02857159290995,7.200000107288361,91.74285850993223,38.49999967217445,430.29
1993-10-04,15.100000225007534,9.6571430010455,3.700000055134296,85.80000127851963,61.19999998807907,431.4
1993-10-11,16.600000247359276,11.128571594400066,5.000000074505806,85.70000127702951,21.20000006258488,431.73
1993-10-18,17.100000254809856,6.028571518404143,-1.700000025331974,85.08571555359023,38.19999951124191,432.06
1993-10-25,8.00000011920929,3.24285719117948,-0.6000000089406967,93.2142871032868,16.599999874830246,431.65
1993-11-01,10.900000162422655,3.271428620176656,-1.100000016391277,88.3428584592683,0.6000000238418579,431.23
1993-11-08,16.50000024586916,4.714285784534046,-2.1000000312924385,89.32857275967088,6.500000059604645,430.92
1993-11-15,8.00000011920929,3.000000044703484,-0.4000000059604645,91.2000013589859,47.00000035762787,430.86
1993-11-22,0.5000000074505806,-4.171428633587701,-9.500000141561031,84.80000126361847,1.6000000089406967,431.02
1993-11-29,5.200000077486038,-3.8857143436159407,-10.400000154972076,85.68571556253093,0.1000000014901161,430.82
1993-12-06,8.100000120699406,1.542857165847506,-8.800000131130219,90.51428706305369,10.30000016093254,430.67
1993-12-13,7.800000116229057,2.6857143257345477,-0.5000000074505806,90.40000134706496,69.7999997138977,431.14
1993-12-20,10.100000150501728,2.4428571792585507,-2.0000000298023224,93.77142996873174,47.99999976158142,432.8
1993-12-27,3.1000000461936,-0.3571428624647004,-3.500000052154064,95.91428714351994,76.39999961853027,433.7
1994-01-03,6.500000096857548,2.0142857443009103,-1.100000016391277,93.35714424827268,58.40000066906214,435.45
1994-01-10,6.200000092387199,2.371428606765611,-1.100000016391277,91.41428707646472,10.90000021457672,434.82
1994-01-17,9.3000001385808,2.0000000298023224,-5.700000084936619,91.0714299284986,12.800000220537186,433.6
1994-01-24,6.500000096857548,0.6857142959322248,-6.000000089406967,90.88571564001695,25.900000110268596,433.22
1994-01-31,7.700000114738941,2.1142857457910265,-2.200000032782554,92.028572799904,70.80000019073486,434.84
1994-02-07,7.900000117719173,1.3857143063630375,-2.200000032782554,86.77142986442361,2.1999999657273293,433.92
1994-02-14,4.200000062584877,-2.7714286127260754,-12.600000187754633,87.87142988081489,8.899999916553497,432.87
1994-02-21,0.9000000134110451,-5.828571515423911,-12.000000178813934,61.17142948295389,0.1000000014901161,431.95
1994-02-28,12.600000187754633,3.271428620176656,-8.50000012665987,88.11428702729089,8.19999972730875,431.75
1994-03-07,12.800000190734863,4.585714354046753,1.0000000149011612,80.74285834601947,23.0,431.4
1994-03-14,14.40000021457672,6.057142947401319,-1.5000000223517418,82.32857265536275,26.199999637901783,431.2
1994-03-21,7.300000108778477,1.5714285948446816,-1.100000016391277,88.54285846224853,89.70000058412552,434.27
1994-03-28,10.30000015348196,4.928571502012866,-0.6000000089406967,82.45714408585003,49.50000095367432,434.03
1994-04-04,15.100000225007534,5.985714374908379,0.1000000014901161,81.4142869274531,35.799999833106995,433.42
1994-04-11,7.200000107288361,2.571428609745843,-1.80000002682209,84.68571554762977,24.3000004068017,432.5
1994-04-18,10.900000162422655,4.142857204590525,-1.600000023841858,78.10000116378069,43.900000765919685,433.98
1994-04-25,18.6000002771616,9.6571430010455,-0.800000011920929,69.54285817912647,9.7999999076128,432.94
1994-05-02,22.600000336766243,11.271428739385945,2.3000000342726707,75.84285827300378,0.0,432.21
1994-05-09,18.6000002771616,10.114285865000316,4.200000062584877,79.21428689467055,26.399999260902405,431.77
1994-05-16,21.60000032186508,13.000000193715096,6.200000092387199,72.957143944289,17.099999524652958,431.3
1994-05-23,19.30000028759241,11.685714459844998,7.300000108778477,84.35714411416224,45.69999980926514,430.9
1994-05-30,17.600000262260437,9.428571569068092,3.700000055134296,86.3285727149674,26.300000190734863,430.89
1994-06-06,23.500000350177288,11.700000174343586,2.200000032782554,75.07142969008002,36.39999967813492,430.84
1994-06-13,20.60000030696392,10.628571586949484,5.500000081956387,83.84285839221307,23.70000028610229,430.93
1994-06-20,22.800000339746475,13.014285908213685,6.500000096857548,77.0285725763866,13.59999978542328,430.45
1994-06-27,28.80000042915344,17.92857169572796,8.00000011920929,69.21428674565894,1.600000001490116,430.67
1994-07-04,31.80000047385693,20.18571458650487,10.80000016093254,70.15714390256575,28.200000382959843,430.59
1994-07-11,26.100000388920307,15.900000236928465,8.800000131130219,77.42857258234706,22.89999952912331,430.47
1994-07-18,28.300000421702865,19.428571718079706,12.90000019222498,76.04285827598402,11.599999621510504,430.36
1994-07-25,30.200000450015068,20.75714316644839,12.800000190734863,59.75714374759367,0.3000000119209289,430.3
1994-08-01,31.10000046342612,21.90000032633543,15.000000223517418,68.75714388170412,7.60000005364418,428.97
1994-08-08,32.70000048726797,20.2714288734964,12.4000001847744,69.628572466118,15.699999809265137,430.15
1994-08-15,26.80000039935112,13.98571449411767,6.200000092387199,78.35714402475527,15.200000263750551,430.06
1994-08-22,22.30000033229589,13.942857350621903,6.400000095367432,80.51428691404206,34.99999991059303,430.02
1994-08-29,24.600000366568565,14.328571642083782,8.00000011920929,82.92857266430345,23.89999984204769,429.96
1994-09-05,20.80000030994416,13.028571622712272,6.70000009983778,85.27142984207187,9.299999833106996,429.85
1994-09-12,18.80000028014183,11.200000166893004,4.700000070035458,87.30000130087137,41.49999924004078,429.55
1994-09-19,17.600000262260437,9.685714430042676,6.000000089406967,89.27142990167651,59.69999861717224,429.9
1994-09-26,22.100000329315662,12.500000186264517,5.500000081956387,79.95714404859713,3.0000000596046448,429.95
1994-10-03,17.30000025779009,10.3714287259749,2.200000032782554,88.64285846373865,28.70000011473894,430.22
1994-10-10,14.300000213086603,4.685714355536869,-1.100000016391277,81.88571550590652,6.0,430.14
1994-10-17,20.80000030994416,7.885714403220585,-0.9000000134110451,78.48571545524257,0.2000000029802322,430.1
1994-10-24,14.100000210106373,6.914285817316601,-1.700000025331974,75.64285827002355,6.099999964237213,430.05
1994-10-31,12.500000186264517,7.71428582923753,2.800000041723252,89.37142990316663,53.900001503527164,430.23
1994-11-07,18.6000002771616,8.900000132620335,1.80000002682209,81.44285835645029,0.0,430.45
1994-11-14,10.80000016093254,7.000000104308128,1.700000025331974,97.20000144839288,43.29999954998493,430.4
1994-11-21,13.500000201165676,6.914285817316601,2.0000000298023224,93.38571567726989,61.30000162124634,432.6
1994-11-28,12.600000187754633,6.000000089406967,2.0000000298023224,94.22857283268657,18.399999551475045,432.12
1994-12-05,9.600000143051147,4.385714351066521,-1.80000002682209,86.81428700791938,7.299999929964542,431.77
1994-12-12,10.500000156462193,5.642857226942267,-1.100000016391277,87.58571559084314,17.50000038743019,431.37
1994-12-19,9.80000014603138,0.9571428714053972,-4.200000062584877,91.90000136941671,19.700000181794167,431.76
1994-12-26,2.200000032782554,-1.8571428848164424,-8.00000011920929,91.04285849950143,9.800000071525574,431.73
1995-01-02,10.400000154972076,3.8714286291173527,-3.500000052154064,91.6714299374393,92.2999985218048,433.57
1995-01-09,1.100000016391277,-5.7857143719281465,-11.500000171363354,84.12857268218484,24.30000066757202,432.69
1995-01-16,3.6000000536441803,-0.4714285784534046,-6.200000092387199,90.75714420952968,28.20000004768372,432.35
1995-01-23,9.3000001385808,2.500000037252903,-4.000000059604645,83.41428695725543,39.0999990478158,434.21
1995-01-30,8.900000132620335,2.2142857472811426,-2.800000041723252,92.00000137090684,109.99999895691872,436.79
1995-02-06,9.00000013411045,3.7571429131286487,-2.800000041723252,84.77142983462129,10.000000059604645,435.2
1995-02-13,8.800000131130219,3.17142861868654,-5.200000077486038,89.14285847118923,27.90000027418137,434.21
1995-02-20,9.600000143051147,4.400000065565109,1.100000016391277,86.98571558190244,49.700000859797,434.02
1995-02-27,9.3000001385808,1.5571428803460938,-1.600000023841858,86.68571557743209,31.99999976158142,433.77
1995-03-06,7.300000108778477,1.528571451348918,-3.6000000536441803,87.55714416184595,16.7999999076128,433.41
1995-03-13,12.000000178813934,2.585714324244431,-2.600000038743019,74.94285825959274,2.200000002980232,432.77
1995-03-20,7.400000110268593,1.100000016391277,-5.500000081956387,87.42857273135867,19.699999809265137,432.14
1995-03-27,14.600000217556952,3.114285760692188,-3.6000000536441803,78.45714402624539,37.10000035911799,432.05
1995-04-03,17.100000254809856,3.642857197139944,-4.700000070035458,84.82857269261565,28.699999906122684,433.14
1995-04-10,13.500000201165676,4.657142926539693,-0.800000011920929,85.45714413055352,14.400000095367432,432.85
1995-04-17,10.80000016093254,4.485714352556637,-0.1000000014901161,84.30000125616789,40.599999621510506,432.5
1995-04-24,21.80000032484532,7.971428690212114,-1.0000000149011612,80.74285834601947,27.699999809265137,433.14
1995-05-01,19.60000029206276,9.357142996575153,1.3000000193715096,81.15714406647852,9.19999986886978,432.35
1995-05-08,22.800000339746475,13.742857347641673,5.200000077486038,63.28571522874491,4.699999809265137,432.0
1995-05-15,12.10000018030405,5.842857229922499,-0.1000000014901161,82.41428694235427,13.500000096857548,431.5
1995-05-22,16.800000250339508,8.042857262705054,1.600000023841858,78.6857154582228,27.100000500679016,431.15
1995-05-29,24.300000362098217,15.714285948446818,6.400000095367432,74.25714396366051,41.8000004068017,430.95
1995-06-05,17.30000025779009,11.37142874087606,7.500000111758709,84.94285840860435,14.100000202655792,430.75
1995-06-12,15.000000223517418,9.21428585158927,4.000000059604645,84.30000125616789,18.70000004768372,430.47
1995-06-19,21.300000317394733,11.15714302339724,6.800000101327896,86.81428700791938,19.399999797344208,430.52
1995-06-26,25.80000038444996,15.314285942486354,7.300000108778477,77.17142972137246,7.1000000685453415,430.46
1995-07-03,27.000000402331352,18.01428598271949,10.30000015348196,72.0000010728836,14.400000095367432,430.31
1995-07-10,30.70000045746565,18.91428599613053,8.900000132620335,69.55714389362505,0.1000000014901161,430.2
1995-07-17,29.200000435113907,18.74285742214748,12.300000183284284,80.18571548057454,22.400000035762787,430.17
1995-07-24,31.70000047236681,18.44285741767713,9.100000135600569,74.61428682612521,4.499999940395355,430.01
1995-07-31,28.80000042915344,19.400000289082527,11.400000169873238,70.07142961557422,13.50000011920929,430.0
1995-08-07,28.80000042915344,19.38571457458394,12.300000183284284,62.128572354359285,0.0,429.93
1995-08-14,31.300000466406345,18.471428846674307,9.80000014603138,56.671429415898665,5.699999809265137,429.86
1995-08-21,28.700000427663326,18.01428598271949,9.500000141561031,73.3142868067537,14.100000381469728,429.91
1995-08-28,27.10000040382147,14.800000220537186,7.800000116229057,89.02857275520053,77.19999857246876,430.05
1995-09-04,16.00000023841858,10.314285867980548,5.000000074505806,88.85714418121746,37.60000082850456,429.55
1995-09-11,19.80000029504299,13.014285908213685,9.00000013411045,83.14285838178226,26.09999952465296,430.25
1995-09-18,19.60000029206276,12.000000178813934,7.300000108778477,83.24285838327238,22.800000190734863,430.4
1995-09-25,15.900000236928465,10.52857158545937,7.500000111758709,92.2571442318814,33.59999918937683,430.64
1995-10-02,14.300000213086603,7.728571543736117,0.9000000134110451,94.10000140219928,59.00000011920929,431.53
1995-10-09,23.500000350177288,14.214285926095076,6.000000089406967,83.74285839072296,5.800000011920929,431.35
1995-10-16,23.600000351667404,13.700000204145908,9.00000013411045,86.47142985995326,0.0,430.95
1995-10-23,17.80000026524067,8.471428697662693,0.1000000014901161,85.68571556253093,6.199999928474426,430.66
1995-10-30,17.100000254809856,10.314285867980548,4.90000007301569,88.17142988528524,6.6999999061226845,430.44
1995-11-06,12.4000001847744,1.80000002682209,-6.500000096857548,84.24285839817354,25.99999952316284,430.43
1995-11-13,13.800000205636024,5.900000087916851,-0.2000000029802322,84.02857268069472,3.5000000745058064,430.4
1995-11-20,10.000000149011612,2.971428615706308,-4.90000007301569,89.82857276712146,29.40000009536743,430.23
1995-11-27,12.000000178813934,4.300000064074993,-3.6000000536441803,79.91428690510136,0.5000000074505806,430.34
1995-12-04,4.700000070035458,-0.9285714424082212,-4.000000059604645,94.21428711818795,0.8000000193715094,430.27
1995-12-11,5.200000077486038,-2.0428571732980862,-9.80000014603138,87.84285845181772,1.4999999850988388,430.15
1995-12-18,2.600000038743019,-2.2428571762783185,-6.000000089406967,92.38571566236872,3.699999988079071,430.02
1995-12-25,9.00000013411045,0.1285714304872922,-7.500000111758709,93.7142871107374,27.10000012069941,430.38
1996-01-01,1.3000000193715096,-4.928571502012866,-11.900000177323818,78.70000117272139,1.9000000655651093,430.3
1996-01-08,3.1000000461936,-2.657142896737372,-10.30000015348196,83.82857267771449,2.0,430.24
1996-01-15,9.600000143051147,3.142857189689364,-3.000000044703484,90.18571562958616,2.5,430.2
1996-01-22,7.200000107288361,-2.5571428952472552,-7.200000107288361,84.61428697513682,0.0,430.1
1996-01-29,-2.600000038743019,-8.585714413651399,-14.500000216066836,84.20000125467777,7.300000071525574,430.04
1996-02-05,3.700000055134296,-3.971428630607469,-7.900000117719173,76.95714400389365,3.600000023841858,429.97
1996-02-12,3.200000047683716,-4.328571493072169,-13.100000195205212,82.54285837284156,9.600000023841858,429.94
1996-02-19,3.200000047683716,-0.714285724929401,-4.500000067055225,94.4285728356668,61.00000029802322,430.25
1996-02-26,9.00000013411045,-2.971428615706308,-11.000000163912771,83.95714410820177,10.100000023841858,430.11
1996-03-04,9.00000013411045,-0.3142857189689363,-8.300000123679638,78.42857259724822,1.100000023841858,430.45
1996-03-11,4.000000059604645,-1.5000000223517418,-7.300000108778477,82.17142979587827,6.199999809265137,430.1
1996-03-18,5.000000074505806,-1.2285714468785696,-8.900000132620335,82.64285837433168,0.3000000119209289,430.3
1996-03-25,11.800000175833702,4.757142928029809,-1.5000000223517418,86.0857155684914,6.000000111758709,431.15
1996-04-01,7.500000111758709,-0.814285726419517,-5.500000081956387,76.37142970945153,16.30000016838312,430.55
1996-04-08,15.400000229477882,2.842857185219015,-6.70000009983778,83.08571552378791,2.700000002980232,430.63
1996-04-15,13.500000201165676,3.800000056624413,-4.000000059604645,72.1142867888723,4.000000096857548,430.46
1996-04-22,23.100000344216824,13.32857162718262,1.3000000193715096,49.38571502161877,0.0,430.35
1996-04-29,20.80000030994416,9.80000014603138,2.7000000402331352,77.3714297243527,7.6999999061226845,430.17
1996-05-06,17.00000025331974,6.98571438980954,-0.800000011920929,77.0285725763866,16.40000007301569,430.11
1996-05-13,8.300000123679638,5.442857223962035,0.800000011920929,91.82857279692378,14.400000095367432,430.05
1996-05-20,18.80000028014183,9.21428585158927,2.0000000298023224,85.27142984207187,14.100000381469728,430.01
1996-05-27,19.30000028759241,10.185714437493257,4.500000067055225,81.08571549398559,42.69999939203262,430.09
1996-06-03,27.200000405311584,12.54285732976028,3.6000000536441803,78.95714403369597,11.600000217556952,430.03
1996-06-10,29.50000043958425,19.485714576074056,6.200000092387199,65.38571526003736,6.699999809265137,429.95
1996-06-17,26.80000039935112,13.742857347641673,2.600000038743019,69.28571531815189,11.699999809265137,429.93
1996-06-24,18.6000002771616,9.6571430010455,6.200000092387199,81.44285835645029,7.800000108778477,429.87
1996-07-01,20.30000030249357,11.914285891822406,5.500000081956387,85.41428698705775,45.49999979883432,429.89
1996-07-08,19.500000290572643,11.857143033828054,6.000000089406967,85.17142984058175,39.79999995231629,430.15
1996-07-15,23.600000351667404,14.942857365523066,7.000000104308128,80.32857262556043,11.999999582767488,430.15
1996-07-22,24.600000366568565,13.457143057669912,7.200000107288361,66.65714385041169,0.0,430.08
1996-07-29,25.600000381469727,15.328571656984945,10.500000156462193,82.34285836986133,44.40000057220459,430.05
1996-08-05,22.30000033229589,15.242857369993414,7.800000116229057,73.48571538073676,0.1000000014901161,429.92
1996-08-12,26.30000039190054,16.50000024586916,8.50000012665987,73.50000109523535,46.89999854564667,429.89
1996-08-19,25.700000382959843,15.614285946956702,11.800000175833702,83.52857267324414,17.700000047683716,430.09
1996-08-26,26.50000039488077,16.471428816871985,9.600000143051147,76.10000113397837,14.500000178813934,430.1
1996-09-02,20.000000298023224,11.15714302339724,7.000000104308128,89.47142990465674,60.70000010728836,430.63
1996-09-09,19.10000028461218,10.571428728955132,3.500000052154064,81.67142978842769,2.299999952316284,430.55
1996-09-16,13.800000205636024,8.600000128149986,3.200000047683716,90.21428705858332,51.99999952316284,430.7
1996-09-23,13.300000198185444,7.957142975713525,4.200000062584877,88.50000131875277,12.099999964237211,430.85
1996-09-30,16.300000242888927,10.857143018926893,5.500000081956387,88.1000013127923,7.099999837577343,430.67
1996-10-07,14.800000220537186,7.900000117719173,2.7000000402331352,88.04285845479795,33.50000035762787,430.5
1996-10-14,18.50000027567148,10.028571578008789,5.900000087916851,83.97142982270036,1.4000000357627869,430.71
1996-10-21,17.100000254809856,8.442857268665518,3.500000052154064,90.1285727715918,53.90000060200691,430.84
1996-10-28,13.500000201165676,8.200000122189522,1.3000000193715096,82.54285837284156,9.09999993443489,431.25
1996-11-04,11.800000175833702,7.871428688721997,4.200000062584877,91.54285850695202,38.700000859797,431.72
1996-11-11,10.500000156462193,5.514285796454975,-0.1000000014901161,89.97142991210733,38.30000078678131,432.65
1996-11-18,10.600000157952309,1.700000025331974,-3.400000050663948,93.61428710924729,25.59999977052212,432.22
1996-11-25,3.700000055134296,0.114285715988704,-1.80000002682209,87.48571558935302,14.60000006109476,431.95
1996-12-02,2.7000000402331352,-0.2142857174788202,-3.700000055134296,94.51428712265832,42.799999713897705,431.89
1996-12-09,9.00000013411045,2.628571467740195,-3.6000000536441803,81.92857264940228,5.100000202655792,432.65
1996-12-16,3.400000050663948,-1.2857143048729216,-6.500000096857548,93.17142995979104,8.500000059604645,432.05
1996-12-23,7.000000104308128,-2.271428605275495,-9.00000013411045,82.22857265387263,12.600000262260435,431.75
1996-12-30,-4.500000067055225,-8.685714415141515,-13.300000198185444,72.14285821786949,4.599999815225601,431.35
1997-01-06,-6.000000089406967,-10.814285875431128,-17.80000026524067,87.51428701835019,2.799999952316284,431.04
1997-01-13,7.500000111758709,-5.114285790494511,-13.100000195205212,82.9857155222978,0.0,430.8
1997-01-20,11.400000169873238,2.8857143287147795,-2.7000000402331352,71.01428677248103,4.600000143051148,430.57
1997-01-27,10.600000157952309,1.7285714543291502,-2.3000000342726707,90.70000135153532,0.0,430.45
1997-02-03,4.000000059604645,-0.7142857249294007,-4.500000067055225,87.22857272837844,3.399999968707561,430.1
1997-02-10,8.50000012665987,3.24285719117948,-1.80000002682209,84.48571554464954,19.300000444054604,430.55
1997-02-17,9.00000013411045,2.357142892267023,-1.600000023841858,83.5714298167399,42.699999548494816,430.75
1997-02-24,10.100000150501728,5.357142936970506,0.0,81.85714407690934,57.00000065565109,431.79
1997-03-03,15.400000229477882,6.428571524364608,1.100000016391277,73.6714296692184,28.599999614059925,432.75
1997-03-10,17.30000025779009,6.685714385339192,2.0000000298023224,78.90000117570162,1.4000000357627869,432.05
1997-03-17,16.600000247359276,6.314285808375904,0.6000000089406967,86.3142870004688,27.40000019222498,431.65
1997-03-24,8.600000128149986,1.8571428848164424,-2.800000041723252,87.78571559382337,25.000000417232517,432.05
1997-03-31,13.300000198185444,5.071428646998746,0.6000000089406967,81.55714407243899,25.499999403953552,432.05
1997-04-07,15.300000227987766,4.042857203100409,-4.000000059604645,77.07142971988235,28.39999947696924,432.25
1997-04-14,14.900000222027302,4.985714360007218,-1.600000023841858,70.02857247207847,4.9000000059604645,432.05
1997-04-21,10.600000157952309,2.800000041723252,-4.000000059604645,67.94285815528461,4.000000059604645,431.59
1997-04-28,13.600000202655792,6.800000101327896,-1.80000002682209,77.28571543736118,24.49999952316284,431.15
1997-05-05,21.000000312924385,11.228571595890182,3.200000047683716,79.58571547163385,27.899999618530277,431.15
1997-05-12,17.30000025779009,7.600000113248825,0.4000000059604645,76.4142868529473,25.500000096857548,431.05
1997-05-19,26.100000388920307,15.657143090452466,6.200000092387199,73.14285823277065,18.299999713897705,430.6
1997-05-26,15.600000232458116,9.15714299359492,1.5000000223517418,76.57142971243177,18.30000057816505,430.65
1997-06-02,17.00000025331974,9.485714427062444,2.3000000342726707,70.62857248101916,1.7999999597668648,430.55
1997-06-09,24.8000003695488,16.37142881538187,6.70000009983778,59.80000089108944,5.599999904632568,430.35
1997-06-16,25.50000037997961,15.70000023394823,7.500000111758709,72.31428679185254,14.39999969303608,430.3
1997-06-23,18.0000002682209,11.757143032337938,4.500000067055225,75.37142969455037,19.20000022649765,430.15
1997-06-30,26.80000039935112,13.028571622712272,5.500000081956387,78.74285831621715,31.100000739097595,430.15
1997-07-07,21.000000312924385,14.314285927585193,9.500000141561031,77.34285829535553,4.900000020861626,430.05
1997-07-14,25.30000037699937,16.171428812401636,9.00000013411045,76.21428684996707,5.3999999538064,429.95
1997-07-21,20.30000030249357,14.671428790049893,10.400000154972076,87.12857272688832,40.09999942779541,430.05
1997-07-28,22.100000329315662,15.742857377443997,10.900000162422655,80.15714405157736,21.60000026226044,429.95
1997-08-04,24.300000362098217,15.78571452093976,9.500000141561031,83.95714410820177,32.20000004768372,430.0
1997-08-11,27.80000041425228,19.27142885859524,11.60000017285347,65.28571525854724,0.0,429.9
1997-08-18,28.80000042915344,19.30000028759241,12.000000178813934,66.70000099390745,0.80000002682209,429.25
1997-08-25,29.300000436604023,20.142857443009103,13.800000205636024,74.10000110417604,3.700000047683716,429.55
1997-09-01,27.80000041425228,16.85714310833386,7.500000111758709,82.64285837433168,29.900000289082527,429.75
1997-09-08,21.80000032484532,14.785714506038598,9.600000143051147,87.11428701238972,8.69999996572733,429.8
1997-09-15,18.50000027567148,11.142857308898654,5.4000000804662704,74.08571538967746,6.4000000059604645,429.75
1997-09-22,23.000000342726707,11.357143026377472,1.80000002682209,68.71428673820836,0.0,429.75
1997-09-29,21.50000032037497,11.985714464315349,5.200000077486038,73.58571538222688,0.4000000059604645,429.7
1997-10-06,21.000000312924385,10.857143018926893,5.4000000804662704,87.57142987634454,14.200000405311586,429.65
1997-10-13,18.30000027269125,10.071428721504551,4.000000059604645,89.00000132620335,75.00000047683716,430.0
1997-10-20,19.80000029504299,7.12857153479542,1.700000025331974,86.60000129044056,5.9000000059604645,429.8
1997-10-27,11.000000163912771,2.8857143287147795,-2.800000041723252,80.44285834154913,10.399999856948853,429.75
1997-11-03,9.400000140070915,1.80000002682209,-5.200000077486038,74.50000111013651,0.0,429.75
1997-11-10,13.000000193715096,6.9428572463137765,-2.7000000402331352,81.95714407839945,14.300000220537186,429.75
1997-11-17,8.100000120699406,4.157142919089113,-0.9000000134110451,89.31428704517228,18.999999836087227,429.38
1997-11-24,6.000000089406967,1.1714285888842173,-3.6000000536441803,89.14285847118923,2.699999988079071,429.68
1997-12-01,7.300000108778477,2.4285714647599628,-2.1000000312924385,91.85714422592096,16.000000476837158,429.75
1997-12-08,5.500000081956387,-0.5428571509463447,-6.200000092387199,88.95714418270758,10.999999821186066,429.8
1997-12-15,9.00000013411045,3.5714286246470044,-4.500000067055225,94.60000140964983,73.19999921321869,431.45
1997-12-22,8.400000125169754,-0.8714285844138691,-10.500000156462193,87.3857155878629,12.999999672174454,431.4
1997-12-29,10.80000016093254,3.500000052154064,-0.800000011920929,93.7000013962388,24.9000004529953,431.55
1998-01-05,8.900000132620335,4.042857203100409,0.2000000029802322,87.52857273284879,35.50000011920929,431.65
1998-01-12,16.00000023841858,6.70000009983778,0.9000000134110451,74.45714396664074,18.00000023841858,432.15
1998-01-19,8.50000012665987,3.8857143436159407,0.2000000029802322,82.75714409032038,16.999999575316906,431.65
1998-01-26,1.100000016391277,-3.38571433616536,-9.80000014603138,89.78571562362569,9.299999952316284,431.07
1998-02-02,1.0000000149011612,-4.557142925049577,-14.000000208616257,80.21428690957171,10.799999713897703,430.83
1998-02-09,7.900000117719173,0.5571428654449326,-8.00000011920929,73.94285824469158,1.5999999791383743,430.71
1998-02-16,14.000000208616257,7.885714403220585,0.2000000029802322,72.7285725123116,7.400000095367432,430.18
1998-02-23,14.100000210106373,6.200000092387199,0.2000000029802322,78.78571545971292,2.6000000312924385,428.44
1998-03-02,7.900000117719173,4.114285775593349,-2.3000000342726707,92.0428585144026,26.700000181794167,430.49
1998-03-09,12.90000019222498,3.7571429131286487,-6.500000096857548,89.92857276861157,103.79999981075524,434.15
1998-03-16,6.800000101327896,2.500000037252903,-5.000000074505806,84.45714411565235,30.199999272823334,433.43
1998-03-23,7.300000108778477,2.285714319774083,-2.3000000342726707,82.64285837433168,12.099999606609344,432.95
1998-03-30,21.000000312924385,7.200000107288361,-3.9000000581145287,64.70000096410513,0.0,432.25
1998-04-06,18.100000269711018,8.657142986144338,5.200000077486038,84.30000125616789,14.5,431.75
1998-04-13,10.900000162422655,4.000000059604645,-1.80000002682209,86.05714413949421,30.900000289082527,431.63
1998-04-20,10.600000157952309,5.100000075995922,-1.100000016391277,76.7857154299106,13.600000195205212,431.45
1998-04-27,18.80000028014183,10.271428724484784,3.9000000581145287,78.64285831472704,24.499999836087227,431.15
1998-05-04,17.80000026524067,8.900000132620335,2.800000041723252,90.42857277606215,5.099999934434891,431.05
1998-05-11,26.30000039190054,14.214285926095076,2.7000000402331352,67.97142958428178,8.5,430.93
1998-05-18,26.30000039190054,15.100000225007534,5.900000087916851,62.32857235733952,0.0,430.75
1998-05-25,20.80000030994416,10.142857293997492,3.000000044703484,74.92857254509416,7.400000125169754,430.55
1998-06-01,20.10000029951334,13.242857340191092,8.400000125169754,83.81428696321589,59.59999984502792,429.68
1998-06-08,24.600000366568565,16.34285738638469,8.50000012665987,75.24285826406309,33.799999713897705,430.6
1998-06-15,18.100000269711018,11.785714461335116,3.400000050663948,81.95714407839945,39.50000009685755,430.44
1998-06-22,30.300000451505184,15.500000230968,7.800000116229057,80.4714297705463,26.399999618530277,430.35
1998-06-29,25.80000038444996,15.485714516469413,8.400000125169754,72.88571537179607,15.30000026524067,430.33
1998-07-06,17.80000026524067,12.571428758757454,8.300000123679638,86.6714298629335,29.40000019222498,430.3
1998-07-13,18.50000027567148,12.24285732528993,6.900000102818012,91.47142993445908,55.50000023841858,430.63
1998-07-20,29.50000043958425,14.714285933545655,7.500000111758709,78.4428583117468,14.700000166893004,431.14
1998-07-27,27.500000409781933,17.185714541801385,8.50000012665987,74.2714296781591,2.599999964237213,430.94
1998-08-03,20.60000030696392,13.942857350621903,9.900000147521496,88.25714417227677,34.79999977350235,430.81
1998-08-10,28.80000042915344,17.857143123235023,9.00000013411045,70.48571533603328,0.5,430.65
1998-08-17,31.300000466406345,18.114285984209605,8.600000128149986,69.00000102818012,0.0,430.45
1998-08-24,23.300000347197056,13.071428766208037,8.50000012665987,84.71428697662694,38.20000058412552,430.35
1998-08-31,18.6000002771616,9.842857289527144,6.70000009983778,87.21428701387984,27.29999972134829,430.25
1998-09-07,18.80000028014183,13.857143063630376,7.000000104308128,89.20000132918358,21.39999993145466,430.23
1998-09-14,20.000000298023224,11.95714303531817,4.90000007301569,88.25714417227677,86.60000187158585,430.25
1998-09-21,18.100000269711018,10.58571444345372,6.000000089406967,89.91428705411298,59.40000057220459,433.45
1998-09-28,20.10000029951334,12.67142876024757,7.700000114738941,81.60000121593475,1.699999988079071,432.55
1998-10-05,17.30000025779009,6.585714383849076,0.800000011920929,97.0428585889084,36.400000371038914,431.55
1998-10-12,11.900000177323818,6.77142867233072,2.800000041723252,93.9428585427148,56.30000019073486,431.85
1998-10-19,15.600000232458116,8.085714406200818,0.5000000074505806,88.11428702729089,23.39999959617853,432.63
1998-10-26,13.40000019967556,7.542857255254473,0.9000000134110451,89.91428705411298,50.30000025033951,432.55
1998-11-02,11.900000177323818,5.128571504993098,1.3000000193715096,91.6857156519379,135.79999923706055,435.78
1998-11-09,10.80000016093254,4.685714355536869,0.1000000014901161,90.2428584875805,36.30000066757202,435.05
1998-11-16,9.00000013411045,2.3428571777684346,-1.3000000193715096,94.71428712563856,28.299999572336677,434.32
1998-11-23,0.6000000089406967,-4.214285777083465,-9.80000014603138,88.12857274178948,11.2999999076128,433.59
1998-11-30,4.000000059604645,-0.7285714394279889,-4.500000067055225,92.05714422890118,15.49999952316284,432.86
1998-12-07,-0.9000000134110451,-4.014285774103233,-7.000000104308128,91.61428707944496,15.900000333786013,432.13
1998-12-14,9.00000013411045,1.2142857323799814,-10.30000015348196,92.14285851589273,22.79999953508377,431.9875
1998-12-21,11.000000163912771,3.428571479661124,-1.5000000223517418,88.64285846373865,21.79999947547913,431.845
1998-12-28,8.800000131130219,2.800000041723252,-1.80000002682209,89.85714419611863,6.999999865889549,431.7025
1999-01-04,9.900000147521496,3.485714337655476,-2.0000000298023224,87.05714415439537,19.200000166893005,431.56
1999-01-11,12.300000183284284,2.628571467740195,-4.700000070035458,88.74285846522876,23.400000408291817,431.5425
1999-01-18,7.800000116229057,2.057142887796674,-5.500000081956387,89.71428705113274,23.99999939650297,431.525
1999-01-25,11.000000163912771,4.957142931010042,-0.2000000029802322,87.75714416482619,12.300000064074991,431.5075
1999-02-01,7.300000108778477,-1.3714285918644495,-8.50000012665987,92.05714422890118,42.49999916553497,431.49
1999-02-08,6.800000101327896,0.7000000104308128,-4.000000059604645,94.11428711669784,46.99999934434891,432.46
1999-02-15,1.3000000193715096,-4.785714357026985,-11.800000175833702,85.68571556253093,4.800000011920929,433.43
1999-02-22,5.900000087916851,0.4285714349576404,-4.000000059604645,91.98571565640825,59.79999986290932,434.4
1999-03-01,8.100000120699406,2.2428571762783185,-4.90000007301569,85.41428698705775,42.60000117123127,435.37
1999-03-08,9.400000140070915,3.7714286276272366,-0.5000000074505806,84.85714412161282,29.100000619888306,434.652
1999-03-15,16.00000023841858,4.800000071525574,-0.2000000029802322,81.88571550590652,0.8999999910593033,433.934
1999-03-22,11.800000175833702,2.6857143257345477,-2.1000000312924385,84.24285839817354,23.599999964237213,433.216
1999-03-29,16.300000242888927,6.285714379378727,-0.9000000134110451,84.35714411416224,10.100000321865082,432.498
1999-04-05,17.80000026524067,9.771428717034205,2.800000041723252,75.00000111758709,25.799999713897705,431.78
1999-04-12,16.800000250339508,7.471428682761533,1.600000023841858,84.95714412310294,27.99999988079071,431.6125
1999-04-19,8.00000011920929,2.285714319774083,-1.3000000193715096,87.32857272986855,24.80000001192093,431.445
1999-04-26,17.600000262260437,9.285714424082212,-1.5000000223517418,75.54285826853344,7.899999856948851,431.2775
1999-05-03,18.50000027567148,10.414285869470664,3.500000052154064,73.52857252423253,2.5,431.11
1999-05-10,19.60000029206276,11.38571445537465,5.4000000804662704,74.07142967517886,15.69999974966049,430.9
1999-05-17,16.100000239908695,9.714285859039853,4.000000059604645,76.24285827896425,6.200000025331974,430.69
1999-05-24,20.500000305473804,12.885714477726392,3.400000050663948,70.14285818806717,7.500000059604645,430.48
1999-05-31,25.80000038444996,15.985714523919992,4.90000007301569,69.60000103712082,25.600000396370888,430.27
1999-06-07,26.30000039190054,13.814285920134612,5.700000084936619,76.71428685741765,22.79999978840351,430.06
1999-06-14,21.50000032037497,12.557143044258869,6.000000089406967,75.08571540457862,0.1000000014901161,429.955
1999-06-21,22.800000339746475,13.700000204145908,5.700000084936619,73.54285823873111,20.40000009536743,429.85
1999-06-28,22.500000335276127,12.97142876471792,4.500000067055225,72.78571537030595,3.600000023841858,429.745
1999-07-05,30.70000045746565,18.328571701688425,10.000000149011612,74.57142968262944,4.000000014901161,429.64
1999-07-12,26.80000039935112,17.900000266730785,10.000000149011612,76.14285827747413,1.2999999821186066,429.585
1999-07-19,28.200000420212746,17.685714549251966,9.00000013411045,73.3285725212523,37.40000009536743,429.53
1999-07-26,25.00000037252903,15.842857378934111,9.100000135600569,78.05714402028492,15.000000208616257,429.475
1999-08-02,28.300000421702865,18.30000027269125,8.600000128149986,56.50000084191561,0.0,429.42
1999-08-09,27.700000412762165,18.528571704668657,12.000000178813934,72.70000108331442,9.799999594688416,429.4
1999-08-16,22.100000329315662,12.785714476236276,6.200000092387199,83.1000012382865,68.19999885559082,429.38
1999-08-23,18.80000028014183,11.314285882881707,4.700000070035458,83.27142981226955,9.299999870359898,429.36
1999-08-30,24.300000362098217,16.12857166890587,8.00000011920929,75.52857255403485,2.400000095367432,429.34
1999-09-06,24.600000366568565,15.64285737595388,9.00000013411045,72.25714393385819,8.400000095367432,429.32
1999-09-13,27.80000041425228,18.88571456713336,13.300000198185444,69.628572466118,0.0,429.345
1999-09-20,28.200000420212746,15.500000230968,7.500000111758709,75.30000112205744,20.80000001192093,429.37
1999-09-27,19.80000029504299,14.12857163910355,9.500000141561031,84.85714412161282,25.89999990910292,429.395
1999-10-04,14.600000217556952,10.457143012966428,6.200000092387199,89.67142990763698,58.30000066757202,429.42
1999-10-11,13.100000195205212,9.22857156608786,4.90000007301569,93.07142995830093,18.599999845027924,429.315
1999-10-18,12.10000018030405,5.142857219491686,-0.4000000059604645,86.54285843244621,0.2000000029802322,429.21
1999-10-25,15.600000232458116,7.014285818806717,-0.6000000089406967,83.54285838774273,2.0999999940395355,429.105
1999-11-01,17.80000026524067,10.08571443600314,3.9000000581145287,83.32857267026391,9.200000122189522,429.0
1999-11-08,14.100000210106373,5.928571516914027,1.0000000149011612,88.98571561170476,20.59999952465296,429.316
1999-11-15,6.000000089406967,2.0428571732980862,-4.90000007301569,90.68571563703674,9.49999988079071,429.632
1999-11-22,2.0000000298023224,-1.8857143138136183,-7.200000107288361,92.38571566236872,50.20000145584345,429.948
1999-11-29,9.500000141561031,4.200000062584877,0.2000000029802322,90.21428705858332,5.4000000059604645,430.264
1999-12-06,7.900000117719173,2.9142857577119554,-1.5000000223517418,88.74285846522876,31.99999988079071,430.58
1999-12-13,8.50000012665987,4.271428635077817,0.2000000029802322,89.7714299091271,56.0999997407198,430.8375
1999-12-20,2.0000000298023224,-1.2285714468785696,-5.500000081956387,90.94285849801132,22.70000012218952,431.095
1999-12-27,5.700000084936619,0.5428571509463447,-5.000000074505806,86.04285842499563,41.9999989271164,431.3525
2000-01-03,4.90000007301569,1.0142857293997491,-2.200000032782554,95.95714428701572,18.29999978840351,431.61
2000-01-10,6.900000102818012,2.457142893757139,-2.600000038743019,90.90000135451557,9.800000220537186,431.762
2000-01-17,4.000000059604645,-0.1285714304872921,-5.000000074505806,91.58571565044778,13.900000095367432,431.914
2000-01-24,3.9000000581145287,-1.5571428803460938,-11.900000177323818,90.6285727790424,29.40000033378601,432.066
2000-01-31,7.500000111758709,0.6428571524364609,-10.600000157952309,90.55714420654944,50.99999952316284,432.218
2000-02-07,10.500000156462193,5.314285793474743,1.5000000223517418,83.90000125020742,14.399999976158142,432.37
2000-02-14,9.00000013411045,2.5571428952472552,-1.700000025331974,83.90000125020742,36.0999995470047,432.6425
2000-02-21,4.90000007301569,-0.114285715988704,-5.700000084936619,92.20000137388706,45.999999701976776,432.915
2000-02-28,12.000000178813934,2.628571467740195,-2.800000041723252,85.15714412608317,27.200000882148743,433.1875
2000-03-06,6.800000101327896,1.4142857353602136,-3.200000047683716,87.45714416035584,50.20000112056732,433.46
2000-03-13,10.500000156462193,5.542857225452151,0.1000000014901161,90.68571563703674,66.49999967217445,433.2925
2000-03-20,9.500000141561031,3.214285762182304,-1.100000016391277,89.44285847565958,50.800000578165054,433.125
2000-03-27,15.600000232458116,6.471428667860372,0.2000000029802322,79.7571440456169,17.499999523162842,432.9575
2000-04-03,15.100000225007534,4.300000064074993,-0.5000000074505806,87.68571559233325,11.09999978542328,432.79
2000-04-10,15.000000223517418,4.528571496052401,-4.200000062584877,73.3285725212523,3.3999999165534973,432.3175
2000-04-17,13.100000195205212,6.100000090897083,0.5000000074505806,76.81428685890776,11.599999904632568,431.845
2000-04-24,23.100000344216824,12.057143036808286,4.90000007301569,72.42857250784125,19.5,431.3725
2000-05-01,23.300000347197056,13.857143063630376,1.700000025331974,81.1714297809771,2.899999976158142,430.9
2000-05-08,23.600000351667404,15.8571430934327,8.100000120699406,69.67142960961375,4.400000095367432,430.71
2000-05-15,26.80000039935112,16.828571679336683,8.00000011920929,61.214286626449656,1.9999999552965164,430.52
2000-05-22,26.50000039488077,10.80000016093254,2.7000000402331352,82.04285836539098,30.800000190734863,430.33
2000-05-29,17.80000026524067,10.87142873342548,4.90000007301569,76.15714399197272,14.09999993443489,430.14
2000-06-05,26.200000390410423,15.228571655494829,3.700000055134296,75.80000112950802,13.599999725818632,429.95
2000-06-12,27.500000409781933,14.98571450901883,5.700000084936619,77.11428686337811,26.00000023841858,429.8775
2000-06-19,30.800000458955765,16.37142881538187,4.200000062584877,62.8285723647901,4.199999988079071,429.805
2000-06-26,31.300000466406345,15.42857165847506,6.900000102818012,72.52857250933137,30.50000047683716,429.7325
2000-07-03,21.80000032484532,13.028571622712272,4.400000065565109,78.51428688423974,7.600000083446503,429.66
2000-07-10,20.60000030696392,12.585714473256044,7.300000108778477,87.24285844287702,48.30000147968531,429.724
2000-07-17,14.600000217556952,10.685714444943835,6.500000096857548,87.78571559382337,42.50000023841858,429.788
2000-07-24,21.80000032484532,13.32857162718262,8.800000131130219,82.57142980183873,22.40000027418137,429.852
2000-07-31,20.30000030249357,14.11428592460496,10.400000154972076,88.97142989720616,28.30000038444996,429.916
2000-08-07,25.30000037699937,15.628571661455291,9.00000013411045,78.85714403220585,11.49999988079071,429.98
2000-08-14,28.50000042468309,17.45714311727456,11.30000016838312,77.35714400985411,5.700000017881393,429.945
2000-08-21,24.600000366568565,16.757143106843746,11.500000171363354,83.87142982121024,44.700000144541264,429.91
2000-08-28,22.100000329315662,14.571428788559777,8.400000125169754,74.92857254509416,5.099999904632568,429.875
2000-09-04,19.30000028759241,12.271428754287106,7.800000116229057,86.35714414396456,26.40000021457672,429.84
2000-09-11,23.100000344216824,13.500000201165676,7.900000117719173,88.04285845479795,40.599999621510506,429.975
2000-09-18,24.600000366568565,14.1857144970979,9.600000143051147,87.24285844287702,15.00000011920929,430.11
2000-09-25,18.50000027567148,11.257143024887355,6.200000092387199,83.50000124424696,25.800000190734863,430.035
2000-10-02,22.30000033229589,13.842857349131789,9.3000001385808,87.88571559531348,6.199999928474426,429.96
2000-10-09,16.800000250339508,8.128571549696582,2.1000000312924385,86.28571557147163,9.399999856948853,429.93
2000-10-16,16.100000239908695,9.857143004025732,4.500000067055225,85.77142984952245,10.600000381469728,429.9
2000-10-23,19.60000029206276,10.22857158098902,2.1000000312924385,83.62857267473426,7.29999977350235,429.87
2000-10-30,13.100000195205212,8.442857268665518,4.500000067055225,86.70000129193068,25.799999244511127,429.84
2000-11-06,9.400000140070915,5.828571515423911,2.200000032782554,84.02857268069472,6.500000238418579,429.81
2000-11-13,8.50000012665987,5.742857228432383,2.200000032782554,83.72857267622437,13.30000038444996,429.7925
2000-11-20,7.000000104308128,3.942857201610293,0.800000011920929,88.2285727432796,4.800000071525574,429.775
2000-11-27,8.600000128149986,4.3142857785735815,-0.6000000089406967,87.28571558637279,8.799999929964542,429.7575
2000-12-04,14.100000210106373,8.242857265685286,1.5000000223517418,87.82857273731913,2.000000044703484,429.74
2000-12-11,11.000000163912771,7.728571543736117,5.000000074505806,84.88571555061,15.100000120699406,429.8275
2000-12-18,10.80000016093254,3.0285714737006595,-2.7000000402331352,91.02857278500284,29.30000028014183,429.915
2000-12-25,6.900000102818012,-0.771428582923753,-5.700000084936619,72.8428582283003,5.700000047683716,430.0025
2001-01-01,3.9000000581145287,-0.7285714394279887,-4.90000007301569,89.71428705113274,11.30000013113022,430.09
2001-01-08,8.900000132620335,3.9000000581145287,-0.6000000089406967,89.28571561617511,20.600000478327274,430.2475
2001-01-15,2.500000037252903,-2.714285754731723,-7.200000107288361,87.35714415886572,7.400000013411045,430.405
2001-01-22,4.200000062584877,-1.9428571718079704,-10.900000162422655,83.07142980928931,8.99999988079071,430.5625
2001-01-29,8.00000011920929,2.414285750261375,-1.600000023841858,91.98571565640825,22.90000019222498,430.72
2001-02-05,6.500000096857548,0.3428571479661125,-4.000000059604645,93.38571567726989,38.40000021457672,430.7
2001-02-12,12.000000178813934,6.000000089406967,-4.500000067055225,81.55714407243899,9.600000008940697,430.68
2001-02-19,14.100000210106373,2.728571469230311,-2.600000038743019,84.18571554017919,9.199999943375587,430.66
2001-02-26,3.400000050663948,-1.671428596334798,-9.500000141561031,85.98571556700128,21.499999701976776,430.64
2001-03-05,5.000000074505806,-0.985714300402573,-6.200000092387199,83.74285839072296,15.499999560415745,430.894
2001-03-12,10.900000162422655,5.671428655939443,-5.500000081956387,86.21428699897868,21.100000098347664,431.148
2001-03-19,8.100000120699406,3.500000052154064,-2.600000038743019,88.32857274476972,23.00000010430813,431.402
2001-03-26,8.600000128149986,1.4428571643573898,-4.700000070035458,91.42857279096332,46.20000077784061,431.656
2001-04-02,18.6000002771616,5.7857143719281465,-3.6000000536441803,77.45714401134423,12.699999913573263,431.91
2001-04-09,13.40000019967556,6.442857238863196,0.1000000014901161,79.81428690361125,20.29999989271164,431.75
2001-04-16,9.400000140070915,2.057142887796674,-5.500000081956387,86.3142870004688,47.39999979734421,431.59
2001-04-23,10.80000016093254,2.4428571792585507,-2.3000000342726707,81.67142978842769,9.599999845027924,431.43
2001-04-30,20.000000298023224,9.200000137090685,2.3000000342726707,80.98571549249547,23.299999594688416,431.27
2001-05-07,24.300000362098217,10.742857302938187,3.200000047683716,79.21428689467055,29.49999924004078,431.11
2001-05-14,22.600000336766243,14.642857361052718,7.500000111758709,63.557143804218086,6.599999904632568,430.8875
2001-05-21,18.30000027269125,10.628571586949484,3.6000000536441803,78.78571545971292,10.199999809265137,430.665
2001-05-28,23.600000351667404,15.028571652514596,4.400000065565109,65.27142954404864,0.0,430.4425
2001-06-04,20.10000029951334,10.44285729846784,3.500000052154064,81.74285836092064,50.50000071525574,430.22
2001-06-11,17.600000262260437,10.114285865000316,4.000000059604645,79.45714404114655,30.69999971985817,430.1375
2001-06-18,22.30000033229589,13.057143051709447,6.400000095367432,77.35714400985411,33.69999933242798,430.055
2001-06-25,22.800000339746475,13.071428766208037,3.6000000536441803,76.87142971690211,4.099999904632568,429.9725
2001-07-02,27.3000004068017,17.30000025779009,8.50000012665987,74.77142968560968,20.800000190734863,429.89
2001-07-09,26.80000039935112,18.100000269711018,9.900000147521496,71.25714391895703,19.70000074058771,429.83
2001-07-16,22.800000339746475,14.428571643573898,9.00000013411045,76.45714399644307,21.500000193715096,429.77
2001-07-23,25.80000038444996,14.871428793030123,8.50000012665987,79.78571547461408,13.300000101327896,429.71
2001-07-30,28.80000042915344,19.828571724040167,11.500000171363354,71.07142963047538,0.1000000014901161,429.65
2001-08-06,26.30000039190054,16.671428819852217,9.3000001385808,80.828572633011,20.000000059604645,429.59
2001-08-13,20.80000030994416,14.142857353602135,8.00000011920929,82.47142980034862,21.59999960660934,429.555
2001-08-20,30.800000458955765,19.60000029206276,11.800000175833702,70.91428677099091,5.300000071525574,429.52
2001-08-27,31.500000469386578,19.94285744002887,11.10000016540289,71.15714391746691,7.0,429.485
2001-09-03,21.80000032484532,13.571428773658615,7.500000111758709,79.92857261959996,17.39999959617853,429.45
2001-09-10,14.000000208616257,9.528571570558208,6.000000089406967,93.5857156802501,65.7000002861023,429.7125
2001-09-17,15.100000225007534,8.942857276116099,5.4000000804662704,93.55714425125292,45.399999238550656,429.975
2001-09-24,14.100000210106373,8.785714416631631,3.1000000461936,90.22857277308192,37.30000019073486,430.2375
2001-10-01,19.10000028461218,12.128571609301227,6.000000089406967,87.42857273135867,38.30000033974648,430.5
2001-10-08,21.50000032037497,12.371428755777222,6.70000009983778,85.78571556402105,12.89999993145466,430.394
2001-10-15,23.100000344216824,13.54285734466144,6.900000102818012,77.30000115185976,0.0,430.288
2001-10-22,20.000000298023224,12.057143036808286,6.800000101327896,82.40000122785568,1.600000023841858,430.182
2001-10-29,15.100000225007534,9.628571572048324,5.000000074505806,90.8571442110198,13.100000351667404,430.076
2001-11-05,17.600000262260437,7.285714394279888,0.9000000134110451,83.37142981375966,6.100000239908695,429.97
2001-11-12,7.000000104308128,2.0857143167938506,-6.500000096857548,92.10000137239696,60.6000007390976,430.47
2001-11-19,6.500000096857548,2.057142887796674,-3.9000000581145287,91.95714422741106,3.4999999552965164,430.97
2001-11-26,6.900000102818012,3.114285760692188,-1.5000000223517418,94.95714427211456,54.69999921321869,431.47
2001-12-03,10.100000150501728,5.457142938460622,0.9000000134110451,95.357144278075,31.70000028610229,431.97
2001-12-10,6.900000102818012,1.714285739830562,-4.500000067055225,86.50000128895044,16.899999499320984,431.05
2001-12-17,2.200000032782554,-2.8857143287147795,-11.10000016540289,89.35714418866804,5.200000107288361,430.9925
2001-12-24,1.600000023841858,-2.628571467740195,-10.600000157952309,91.48571564895768,58.000001192092896,430.935
2001-12-31,2.3000000342726707,-1.542857165847506,-9.00000013411045,93.000001385808,56.90000104904175,430.8775
2002-01-07,4.400000065565109,-3.057142902697836,-12.90000019222498,78.3142868812595,7.399999976158142,430.82
2002-01-14,5.200000077486038,-0.5571428654449327,-4.500000067055225,90.58571563554662,2.5,431.4925
2002-01-21,7.500000111758709,0.7857142974223409,-8.300000123679638,95.82857285652842,24.199999526143078,432.165
2002-01-28,10.400000154972076,5.628571512443679,1.0000000149011612,87.2571441573756,66.00000059604645,432.8375
2002-02-04,14.600000217556952,8.471428697662693,4.200000062584877,69.20000103116035,1.8999999538064003,433.51
2002-02-11,10.400000154972076,5.928571516914027,1.700000025331974,91.54285850695202,58.30000126361847,433.4725
2002-02-18,10.400000154972076,2.3428571777684346,-4.700000070035458,76.10000113397837,20.200000166893005,433.435
2002-02-25,5.200000077486038,0.5428571509463446,-4.90000007301569,91.15714421549012,111.29999959468842,433.3975
2002-03-04,8.900000132620335,2.371428606765611,-6.000000089406967,81.1714297809771,28.60000026226044,433.36
2002-03-11,14.500000216066836,5.314285793474743,-0.2000000029802322,75.27142969306026,10.799999833106996,433.0825
2002-03-18,14.900000222027302,5.4000000804662704,-0.9000000134110451,85.94285842350551,25.90000027418137,432.805
2002-03-25,11.900000177323818,3.74285719863006,-2.3000000342726707,85.7142869915281,30.799999952316284,432.5275
2002-04-01,15.600000232458116,5.871428658919675,-3.700000055134296,64.55714381911925,0.0,432.25
2002-04-08,16.600000247359276,5.542857225452151,-4.000000059604645,62.5857152183141,0.0,431.95
2002-04-15,11.500000171363354,4.185714348086289,-2.3000000342726707,82.17142979587827,10.299999952316284,431.65
2002-04-22,17.30000025779009,6.857142959322248,1.600000023841858,83.78571553421872,13.999999582767485,431.35
2002-04-29,17.30000025779009,8.042857262705054,1.3000000193715096,84.34285839966365,41.5,431.05
2002-05-06,14.40000021457672,7.857142974223409,2.600000038743019,86.5571441469448,48.300000943243504,430.75
2002-05-13,23.100000344216824,13.428571628672737,2.7000000402331352,83.98571553719896,19.100000143051147,430.69
2002-05-20,23.600000351667404,13.714285918644496,7.400000110268593,74.97142968858991,4.8999998569488525,430.63
2002-05-27,24.100000359117985,13.000000193715096,5.500000081956387,73.15714394726923,15.699999906122684,430.57
2002-06-03,21.60000032186508,13.142857338700976,4.500000067055225,65.57142954851899,0.3000000119209289,430.51
2002-06-10,23.80000035464764,14.91428593652589,9.100000135600569,81.64285835943052,62.50000023841858,430.49
2002-06-17,29.300000436604023,15.800000235438349,7.900000117719173,83.50000124424696,35.59999952465296,430.47
2002-06-24,33.30000049620867,17.728571692747728,9.00000013411045,74.50000111013651,3.6999999284744254,430.45
2002-07-01,23.500000350177288,13.128571624202388,7.000000104308128,74.12857253317323,16.199999824166298,430.43
2002-07-08,26.600000396370888,14.685714504548482,9.500000141561031,78.87142974670444,11.400000095367432,430.456
2002-07-15,28.80000042915344,15.8571430934327,8.50000012665987,81.75714407541922,32.19999919086695,430.482
2002-07-22,22.000000327825543,13.285714483686856,7.800000116229057,85.50000127404928,62.29999909549952,430.508
2002-07-29,28.700000427663326,16.50000024586916,10.000000149011612,79.92857261959996,9.999999940395355,430.534
2002-08-05,28.80000042915344,17.442857402775967,12.000000178813934,78.50000116974115,66.70000100135803,430.56
2002-08-12,23.600000351667404,15.20000022649765,10.000000149011612,88.88571561021465,36.99999964237213,430.505
2002-08-19,26.700000397861004,18.414285988679957,11.500000171363354,76.92857257489648,0.0,430.45
2002-08-26,28.200000420212746,16.85714310833386,11.60000017285347,87.48571558935302,25.200000643730164,430.395
2002-09-02,25.100000374019142,16.528571674866335,8.400000125169754,81.58571550143617,1.800000011920929,430.34
2002-09-09,25.700000382959843,14.98571450901883,7.900000117719173,80.45714405604771,20.09999952465296,430.338
2002-09-16,19.60000029206276,11.87142874832664,5.200000077486038,86.14285842648574,24.79999959468842,430.336
2002-09-23,16.600000247359276,10.142857293997492,5.200000077486038,87.27142987187419,16.599999740719795,430.334
2002-09-30,17.100000254809856,8.085714406200818,2.200000032782554,86.30000128597021,13.0,430.332
2002-10-07,19.30000028759241,9.6571430010455,3.500000052154064,89.00000132620335,43.20000047981739,430.33
2002-10-14,11.10000016540289,4.4714286380580495,-0.2000000029802322,87.00000129640102,1.100000023841858,430.5825
2002-10-21,14.600000217556952,7.12857153479542,0.2000000029802322,87.58571559084314,16.00000023841858,430.835
2002-10-28,14.300000213086603,7.7428572582347055,3.200000047683716,84.12857268218484,44.00000038743019,431.0875
2002-11-04,10.400000154972076,6.8142858158264845,1.100000016391277,91.6714299374393,32.299999475479126,431.34
2002-11-11,7.400000110268593,3.5857143391455923,1.5000000223517418,93.05714424380234,46.70000056177378,431.3425
2002-11-18,10.400000154972076,6.514285811356136,3.9000000581145287,92.32857280437436,24.499999716877937,431.345
2002-11-25,11.500000171363354,5.571428654449327,0.6000000089406967,88.5714298912457,3.900000005960465,431.3475
2002-12-02,9.500000141561031,5.271428649978978,-0.2000000029802322,90.97142992700849,5.699999965727329,431.35
2002-12-09,6.200000092387199,-2.3142857487712587,-11.800000175833702,90.27142991657767,0.9999999925494194,431.441260360933
2002-12-16,4.000000059604645,-2.7571428982274875,-11.400000169873238,85.05714412459305,4.400000013411045,431.219887364301
2002-12-23,7.300000108778477,-0.1142857159887041,-4.500000067055225,94.5428585516555,23.80000071972609,431.655925084941
2002-12-30,9.500000141561031,6.328571522874491,0.6000000089406967,94.22857283268657,68.99999970197678,432.09196280558
2003-01-06,8.00000011920929,-0.7857142974223409,-7.000000104308128,91.81428708242518,54.30000088363886,432.528000526221
2003-01-13,3.000000044703484,-6.971428675310952,-14.600000217556952,81.62857264493194,23.899999141693115,432.8
2003-01-20,5.700000084936619,2.3000000342726707,-2.3000000342726707,86.80000129342079,6.700000107288361,432.716666666667
2003-01-27,7.500000111758709,2.500000037252903,-4.90000007301569,91.24285850248168,41.29999938607216,432.633333333333
2003-02-03,7.000000104308128,-2.514285751751491,-10.80000016093254,92.5285728073546,38.5000005364418,432.55
2003-02-10,3.700000055134296,-1.5571428803460938,-7.300000108778477,91.05714421400002,15.29999953508377,432.265
2003-02-17,2.500000037252903,-5.771428657429559,-10.600000157952309,75.68571541351932,0.0,431.98
2003-02-24,10.000000149011612,-0.4285714349576405,-10.900000162422655,69.10000102967024,0.0,431.695
2003-03-03,12.600000187754633,4.54285721055099,-2.600000038743019,75.68571541351932,6.299999892711639,431.41
2003-03-10,12.10000018030405,5.657142941440855,0.5000000074505806,81.12857263748135,18.50000012665987,431.282
2003-03-17,10.500000156462193,3.0428571881992474,-3.700000055134296,79.74285833111831,28.600000381469727,431.154
2003-03-24,16.800000250339508,4.057142917598997,-3.700000055134296,61.700000919401646,0.0,431.026
2003-03-31,16.300000242888927,8.57142869915281,1.3000000193715096,73.60000109672546,4.700000107288361,430.898
2003-04-07,14.40000021457672,2.0857143167938506,-5.500000081956387,73.47142966623817,21.200000382959843,430.77
2003-04-14,17.00000025331974,3.057142902697836,-7.000000104308128,61.0428580524666,1.2000000476837158,430.575
2003-04-21,20.10000029951334,10.0142858635102,0.5000000074505806,63.57142951871668,3.5,430.38
2003-04-28,20.30000030249357,12.18571446729558,5.000000074505806,67.75714386680296,10.799999833106996,430.185
2003-05-05,26.50000039488077,12.31428589778287,3.6000000536441803,70.95714391448668,13.700000122189522,429.99
2003-05-12,24.00000035762787,11.942857320819584,4.90000007301569,75.27142969306026,8.500000178813934,429.925
2003-05-19,16.300000242888927,8.700000129640102,2.0000000298023224,80.20000119507313,28.5,429.86
2003-05-26,21.000000312924385,11.88571446282523,6.200000092387199,80.98571549249547,27.89999969303608,429.795
2003-06-02,27.80000041425228,17.628571691257612,9.00000013411045,67.90000101178885,11.000000178813934,429.73
2003-06-09,28.10000041872263,18.91428599613053,8.300000123679638,69.12857245866742,14.099999606609344,429.68
2003-06-16,27.000000402331352,16.971428824322565,9.100000135600569,68.52857244972672,7.900000095367432,429.63
2003-06-23,28.60000042617321,16.671428819852217,6.900000102818012,71.11428677397114,16.299999952316284,429.58
2003-06-30,23.600000351667404,16.62857167635645,8.100000120699406,71.90000107139349,11.599999904632568,429.53
2003-07-07,19.80000029504299,13.214285911193915,8.100000120699406,85.67142984803233,16.000000216066837,429.48
2003-07-14,26.00000038743019,16.9285716808268,9.00000013411045,66.7571438519018,0.5000000149011611,429.45
2003-07-21,31.10000046342612,20.41428601848228,11.500000171363354,62.37142950083528,25.49999976158142,429.42
2003-07-28,24.100000359117985,17.857143123235023,11.900000177323818,77.55714401283434,17.40000021457672,429.39
2003-08-04,30.300000451505184,20.214286015502044,10.500000156462193,66.37142956043992,0.0,429.36
2003-08-11,34.20000050961971,24.314286076596805,15.600000232458116,51.05714361795357,0.0,429.352
2003-08-18,34.70000051707029,19.114285999110766,6.900000102818012,60.385715185531545,11.000000298023224,429.344
2003-08-25,23.300000347197056,16.2142859558974,8.300000123679638,71.55714392342738,0.6000000238418579,429.336
2003-09-01,22.800000339746475,12.97142876471792,7.000000104308128,78.07142973478351,26.299999952316284,429.328
2003-09-08,22.600000336766243,12.628571616751808,4.500000067055225,77.11428686337811,24.299999713897705,429.32
2003-09-15,21.000000312924385,11.714285888842172,5.200000077486038,85.1142869825874,25.499999046325684,429.3775
2003-09-22,27.3000004068017,17.200000256299973,8.400000125169754,61.42857234392847,10.199999809265137,429.435
2003-09-29,19.000000283122063,9.314285853079388,2.7000000402331352,81.21428692447287,21.09999942779541,429.4925
2003-10-06,15.500000230968,8.628571557147163,2.800000041723252,89.04285846969911,54.90000005066395,429.55
2003-10-13,11.500000171363354,7.371428681271417,2.7000000402331352,87.971429882305,22.900000691413883,429.5225
2003-10-20,10.400000154972076,3.257142905678068,-2.600000038743019,79.42857261214938,0.0,429.495
2003-10-27,4.700000070035458,1.028571443898337,-7.000000104308128,90.52857277755228,10.200000144541264,429.4675
2003-11-03,11.500000171363354,5.514285796454975,-1.5000000223517418,87.58571559084314,17.699999749660492,429.44
2003-11-10,15.400000229477882,5.4000000804662704,-0.1000000014901161,76.27142970796142,0.0,429.55020875361
2003-11-17,8.50000012665987,3.414285765162536,-1.3000000193715096,89.50000133365393,19.69999998807907,429.496148753884
2003-11-24,13.800000205636024,9.314285853079388,3.9000000581145287,86.28571557147163,2.0,429.55020875361
2003-12-01,11.400000169873238,6.228571521384375,1.0000000149011612,86.71428700642926,14.499999977648258,429.577238753473
2003-12-08,10.500000156462193,0.842857155416693,-6.70000009983778,82.78571551931756,2.6999999284744263,429.604268753336
2003-12-15,9.500000141561031,2.257142890776907,-3.200000047683716,82.34285836986133,70.59999895095825,430.96
2003-12-22,7.500000111758709,1.542857165847506,-4.90000007301569,91.785715653428,25.200000166893005,431.016666666667
2003-12-29,6.200000092387199,1.4571428788559777,-7.400000110268593,89.22857275818076,15.900000497698786,431.073333333333
2004-01-05,2.600000038743019,-2.7857143272246634,-8.300000123679638,88.74285846522876,6.400000214576722,431.13
2004-01-12,8.50000012665987,2.485714322754315,0.1000000014901161,93.42857282076564,37.10000076889992,431.219007264255
2004-01-19,5.900000087916851,0.942857156906809,-4.90000007301569,91.97142994190963,71.70000038295984,431.448278789837
2004-01-26,4.000000059604645,-1.5000000223517418,-9.500000141561031,78.75714403071574,10.500000096857548,431.677550315418
2004-02-02,9.500000141561031,1.0000000149011612,-5.200000077486038,88.42857274625983,40.00000011920929,431.906821841
2004-02-09,13.500000201165676,6.000000089406967,-1.600000023841858,87.0285727253982,34.00000020861626,432.022946379931
2004-02-16,6.500000096857548,1.5571428803460938,-4.200000062584877,92.65714423784188,23.099999129772183,432.88
2004-02-23,3.9000000581145287,-1.2857143048729216,-6.200000092387199,82.31428694086415,2.500000052154064,432.31
2004-03-01,1.100000016391277,-3.157142904187952,-9.00000013411045,84.98571555210012,21.6999996304512,431.74
2004-03-08,4.200000062584877,-0.5571428654449326,-6.000000089406967,83.37142981375966,7.300000071525574,431.17
2004-03-15,10.80000016093254,2.3142857487712587,-4.700000070035458,86.30000128597021,7.899999909102917,431.14
2004-03-22,19.80000029504299,8.28571440918105,0.5000000074505806,82.47142980034862,33.80000019073486,431.11
2004-03-29,10.000000149011612,0.8714285844138691,-6.200000092387199,81.21428692447287,2.299999952316284,431.08
2004-04-05,18.100000269711018,8.100000120699406,0.2000000029802322,71.62857249592032,15.800000339746475,431.05
2004-04-12,9.00000013411045,2.2285714617797305,-3.000000044703484,91.72857279543366,33.20000059902668,431.2075
2004-04-19,18.30000027269125,8.42857155416693,1.0000000149011612,64.9714295395783,2.5,431.365
2004-04-26,20.10000029951334,10.028571578008789,2.7000000402331352,74.12857253317323,15.000000193715096,431.5225
2004-05-03,21.300000317394733,12.271428754287106,5.200000077486038,77.34285829535553,30.30000028759241,431.68
2004-05-10,17.00000025331974,8.00000011920929,3.000000044703484,84.57142983164105,56.69999770820141,431.462
2004-05-17,18.50000027567148,10.000000149011612,3.400000050663948,82.32857265536275,1.199999988079071,431.244
2004-05-24,21.300000317394733,10.142857293997492,0.5000000074505806,71.07142963047538,6.600000083446503,431.026
2004-05-31,20.500000305473804,10.628571586949484,2.200000032782554,70.15714390256575,18.900000005960464,430.808
2004-06-07,23.300000347197056,13.028571622712272,5.200000077486038,81.48571549994605,10.999999977648258,430.59
2004-06-14,26.600000396370888,15.685714519449643,5.700000084936619,78.70000117272139,27.70000010728836,430.43
2004-06-21,21.60000032186508,11.900000177323818,4.200000062584877,76.70000114291906,10.999999940395355,430.27
2004-06-28,22.800000339746475,13.642857346151557,7.000000104308128,75.38571540904897,10.999999970197678,430.11
2004-07-05,21.80000032484532,13.357143056179796,6.800000101327896,73.48571538073676,12.000000298023224,429.95
2004-07-12,21.80000032484532,12.90000019222498,7.500000111758709,80.18571548057454,34.799999952316284,429.79
2004-07-19,25.80000038444996,15.27142879899059,7.000000104308128,84.38571554315942,33.500000193715096,429.81
2004-07-26,26.600000396370888,16.58571453286069,9.3000001385808,78.4428583117468,34.19999944418669,429.83
2004-08-02,25.600000381469727,17.171428827302798,7.500000111758709,67.64285815081426,0.0,429.85
2004-08-09,27.60000041127205,20.828571738941328,13.100000195205212,61.62857234690871,22.39999961853028,429.962
2004-08-16,26.80000039935112,17.814285979739257,12.800000190734863,76.87142971690211,36.200000166893005,430.074
2004-08-23,24.8000003695488,15.957143094922817,7.500000111758709,74.0428582461817,29.799999713897705,430.186
2004-08-30,19.30000028759241,13.628571631652967,9.500000141561031,85.65714413353375,54.70000004768372,430.298
2004-09-06,24.300000362098217,15.242857369993414,6.500000096857548,73.60000109672546,7.400000095367432,430.41
2004-09-13,22.30000033229589,14.900000222027302,7.200000107288361,66.65714385041169,10.400000095367432,430.4575
2004-09-20,21.300000317394733,12.014285893312522,4.700000070035458,72.10000107437372,6.999999940395355,430.505
2004-09-27,14.500000216066836,9.414285854569505,6.800000101327896,88.48571560425418,81.0999984741211,430.5525
2004-10-04,18.6000002771616,11.60000017285347,7.000000104308128,82.90000123530626,11.100000202655792,430.6
2004-10-11,20.000000298023224,8.528571555657047,2.600000038743019,79.41428689765078,2.0999999046325684,430.4325
2004-10-18,12.10000018030405,6.600000098347664,-0.2000000029802322,82.21428693937403,22.40000033378601,430.265
2004-10-25,18.6000002771616,11.30000016838312,2.0000000298023224,76.87142971690211,8.700000144541264,430.0975
2004-11-01,14.300000213086603,8.28571440918105,1.80000002682209,88.54285846224853,2.9999999552965164,429.93
2004-11-08,11.500000171363354,5.642857226942267,-1.5000000223517418,90.04285848460027,10.600000157952309,430.5975
2004-11-15,4.500000067055225,1.0142857293997491,-2.7000000402331352,93.11428710179668,26.200000643730164,431.265
2004-11-22,9.100000135600569,3.485714337655476,-1.700000025331974,91.57142993594918,105.20000219345091,431.9325
2004-11-29,7.800000116229057,2.5571428952472552,-3.700000055134296,82.8571440918105,8.299999862909317,432.6
2004-12-06,5.000000074505806,1.4714285933545657,-2.600000038743019,91.785715653428,0.7000000104308128,432.514814814815
2004-12-13,10.500000156462193,-0.028571428997176,-6.500000096857548,79.44285832664796,0.0,432.301851851852
2004-12-20,7.300000108778477,0.4142857204590525,-8.300000123679638,82.47142980034862,31.70000028610229,432.025
2004-12-27,7.800000116229057,0.1857142884816442,-10.000000149011612,88.41428703176123,21.399999767541885,431.748148148148
2005-01-03,7.800000116229057,2.257142890776907,-5.500000081956387,88.15714417078665,13.900000125169754,431.535185185185
2005-01-10,11.500000171363354,5.442857223962035,2.500000037252903,80.52857262854066,14.79999963194132,431.45
2005-01-17,8.300000123679638,2.642857182238783,-4.000000059604645,80.9428583489997,13.199999928474426,431.755
2005-01-24,6.500000096857548,0.6571428669350488,-4.200000062584877,91.3285727894732,71.80000019073486,432.06
2005-01-31,4.000000059604645,-3.228571476680892,-12.000000178813934,90.87142992551836,31.300000742077827,432.186560976909
2005-02-07,4.200000062584877,0.0,-5.900000087916851,80.98571549249547,13.399999618530272,432.300032161042
2005-02-14,9.500000141561031,1.742857168827738,-5.000000074505806,89.78571562362569,79.2000002861023,432.400358809947
2005-02-21,1.600000023841858,-2.714285754731723,-6.200000092387199,90.58571563554662,19.199999511241916,432.487486181172
2005-02-28,-0.5000000074505806,-5.614285797945091,-15.100000225007534,86.35714414396456,8.099999994039536,432.561359532268
2005-03-07,1.0000000149011612,-4.528571496052401,-10.100000150501728,78.57142974223409,5.800000004470348,432.621924120782
2005-03-14,3.6000000536441803,0.2000000029802322,-7.000000104308128,89.62857276414123,34.20000100135803,432.669125204263
2005-03-21,15.500000230968,7.271428679781301,-1.100000016391277,76.71428685741765,11.700000047683716,432.702908040261
2005-03-28,15.600000232458116,9.44285728356668,2.800000041723252,79.90000119060278,51.60000000149012,432.723217886323
2005-04-04,17.600000262260437,8.585714413651399,-0.1000000014901161,61.18571519745248,10.099999904632568,432.73
2005-04-11,12.4000001847744,5.2428572209818025,-0.5000000074505806,81.58571550143617,25.80000001192093,432.22
2005-04-18,18.80000028014183,10.685714444943835,4.90000007301569,77.61428687082869,9.700000047683716,431.71
2005-04-25,14.900000222027302,7.300000108778477,-2.1000000312924385,72.98571537328618,62.100000858306885,431.695
2005-05-02,25.80000038444996,12.957143050219331,2.800000041723252,75.48571541053909,12.800000242888927,431.68
2005-05-09,19.80000029504299,7.428571539265769,1.3000000193715096,83.98571553719896,42.19999957084656,431.49
2005-05-16,14.600000217556952,7.385714395770004,-0.5000000074505806,78.9285726046988,19.299999609589577,431.3
2005-05-23,20.000000298023224,10.342857296977725,-0.4000000059604645,74.61428682612521,11.899999774992466,431.07
2005-05-30,30.800000458955765,17.600000262260437,4.200000062584877,64.51428667562348,10.100000143051147,430.84
2005-06-06,24.300000362098217,11.414285884371823,4.200000062584877,79.17142975117478,41.60000061988831,430.645
2005-06-13,17.100000254809856,9.271428709583622,2.800000041723252,73.27142966325793,6.0000001564621925,430.45
2005-06-20,28.00000041723252,17.728571692747728,4.500000067055225,65.28571525854724,2.599999964237213,430.28
2005-06-27,29.000000432133675,19.30000028759241,10.500000156462193,67.91428672628743,4.400000095367432,430.11
2005-07-04,25.00000037252903,16.685714534350804,9.80000014603138,80.30000119656324,47.39999921619892,429.93
2005-07-11,24.8000003695488,14.642857361052718,7.000000104308128,76.00000113248825,23.000000312924385,429.75
2005-07-18,27.700000412762165,19.242857429598057,10.000000149011612,65.01428668307406,4.400000035762787,429.807243547238
2005-07-25,22.000000327825543,13.842857349131789,8.600000128149986,80.42857262705054,23.899999618530277,429.781471303323
2005-08-01,29.800000444054604,16.900000251829624,10.000000149011612,81.20000120997429,31.9999994635582,429.755699059407
2005-08-08,20.30000030249357,12.414285899272986,8.00000011920929,82.8571440918105,48.99999868869781,429.697711510597
2005-08-15,19.60000029206276,12.81428590523345,8.300000123679638,86.6714298629335,55.400000765919685,429.910332522901
2005-08-22,25.100000374019142,15.757143091942584,10.000000149011612,86.42857271645751,17.500000059604645,429.833015791154
2005-08-29,24.00000035762787,13.885714492627551,7.200000107288361,78.25714402326516,5.0000001192092896,429.67838232766
2005-09-05,28.10000041872263,17.814285979739257,10.600000157952309,73.24285823426077,0.0,429.72
2005-09-12,27.80000041425228,18.05714312621525,11.400000169873238,77.81428687380892,18.20000004768372,429.685
2005-09-19,18.80000028014183,10.671428730445248,1.100000016391277,82.71428694682461,25.6999990940094,429.65
2005-09-26,20.30000030249357,12.714285903743336,3.400000050663948,74.85714397260121,4.599999904632568,429.61
2005-10-03,17.100000254809856,10.071428721504551,4.200000062584877,85.64285841903516,22.200000166893005,429.57
2005-10-10,18.6000002771616,12.442857328270165,6.900000102818012,84.98571555210012,0.0,429.535
2005-10-17,20.500000305473804,9.785714431532792,2.600000038743019,75.9428582744939,0.0,429.5
2005-10-24,14.600000217556952,9.342857282076563,2.3000000342726707,87.17142987038407,34.00000083446503,429.5
2005-10-31,18.6000002771616,13.057143051709447,8.400000125169754,78.3142868812595,5.800000071525574,429.5
2005-11-07,15.400000229477882,9.22857156608786,3.400000050663948,86.78571557892221,13.599999859929085,429.5
2005-11-14,14.300000213086603,7.485714397260121,2.200000032782554,85.4714298450521,2.7999999821186066,429.525
2005-11-21,5.200000077486038,1.8857143138136183,-3.500000052154064,94.34285854867528,33.9999994635582,429.55
2005-11-28,2.500000037252903,-1.100000016391277,-3.9000000581145287,91.14285850099157,10.300000220537186,429.65
2005-12-05,5.500000081956387,1.0428571583969253,-3.700000055134296,85.31428698556763,6.299999959766865,429.75
2005-12-12,4.000000059604645,1.0571428728955132,-4.500000067055225,93.07142995830093,4.400000013411045,429.8125
2005-12-19,6.400000095367432,1.100000016391277,-3.9000000581145287,92.4000013768673,57.00000000000001,429.875
2005-12-26,4.700000070035458,1.671428596334798,-4.700000070035458,93.40000139176846,25.50000021606684,429.9375
2006-01-02,3.400000050663948,-2.385714321264199,-6.200000092387199,90.88571564001695,12.200000241398811,430.0
2006-01-09,1.3000000193715096,-1.8571428848164424,-5.500000081956387,94.58571569515126,0.0,430.245
2006-01-16,3.9000000581145287,-1.3285714483686857,-7.500000111758709,81.11428692298276,1.899999976158142,430.49
2006-01-23,5.4000000804662704,-0.9857143004025732,-11.10000016540289,89.87142991061721,21.200000524520878,430.39
2006-01-30,2.0000000298023224,-4.714285784534046,-12.000000178813934,70.97142962898526,3.9999999403953552,430.29
2006-02-06,10.30000015348196,-1.7857143123235022,-9.500000141561031,79.25714403816632,6.60000018030405,430.347572299675
2006-02-13,2.7000000402331352,-1.1428571598870414,-8.00000011920929,93.17142995979104,51.500000052154064,430.483035745141
2006-02-20,5.4000000804662704,1.714285739830562,-5.500000081956387,91.785715653428,33.29999966919422,430.618499190607
2006-02-27,0.0,-3.24285719117948,-7.500000111758709,87.7428584503276,4.0,430.753962636073
2006-03-06,0.5000000074505806,-2.585714324244431,-8.100000120699406,86.3285727149674,21.30000010877848,431.295816417938
2006-03-13,5.500000081956387,-2.3000000342726707,-12.000000178813934,87.42857273135867,42.700000405311584,431.837670199802
2006-03-20,6.400000095367432,-2.1428571747882024,-9.100000135600569,84.44285840115377,0.0,432.379523981666
2006-03-27,14.900000222027302,3.928571487111705,-6.200000092387199,79.11428689318043,21.5,432.94
2006-04-03,12.000000178813934,7.042857247803893,2.1000000312924385,83.81428696321589,44.000001072883606,432.76
2006-04-10,10.500000156462193,3.31428576367242,-2.200000032782554,72.15714393236807,8.700000047683716,432.58
2006-04-17,11.10000016540289,5.742857228432383,-1.600000023841858,85.08571555359023,35.60000002384186,432.27
2006-04-24,17.600000262260437,8.985714419611863,2.0000000298023224,73.51428680973393,5.299999818205833,431.96
2006-05-01,19.80000029504299,7.457142968262945,0.1000000014901161,83.41428695725543,28.600000023841854,431.625
2006-05-08,22.100000329315662,14.357143071080957,5.700000084936619,54.08571509165423,0.3000000119209289,431.29
2006-05-15,22.30000033229589,13.61428591715438,4.400000065565109,62.77142950679575,5.40000007301569,430.96
2006-05-22,19.60000029206276,12.057143036808286,6.70000009983778,80.9428583489997,45.70000046491623,430.63
2006-05-29,14.100000210106373,9.385714425572328,3.6000000536441803,84.38571554315942,72.2000002861023,430.72
2006-06-05,15.000000223517418,7.657142971243177,3.1000000461936,82.64285837433168,30.499999523162845,430.81
2006-06-12,26.100000388920307,15.55714308896235,4.200000062584877,60.31428661303861,0.0,430.9
2006-06-19,27.80000041425228,17.65714312025479,6.000000089406967,72.70000108331442,28.000000171363357,430.99
2006-06-26,28.00000041723252,17.185714541801385,8.00000011920929,70.35714390554598,10.1999996304512,430.685
2006-07-03,25.30000037699937,17.30000025779009,9.3000001385808,70.25714390405587,5.199999809265137,430.38
2006-07-10,29.700000442564487,19.58571457756417,13.800000205636024,74.55714396813086,27.199999809265137,430.285
2006-07-17,27.700000412762165,19.02857171211924,8.600000128149986,65.25714382955006,0.0,430.19
2006-07-24,33.00000049173832,22.7714289107493,12.800000190734863,59.92857232157673,41.49999904632568,430.22
2006-07-31,30.800000458955765,20.428571732980863,13.000000193715096,72.77142965580735,39.700000286102295,430.25
2006-08-07,21.60000032186508,15.12857165400471,9.500000141561031,82.24285836837122,37.00000047683716,430.348852040816
2006-08-14,18.80000028014183,12.357143041278634,6.400000095367432,83.77142981972013,22.60000023990869,430.270420918367
2006-08-21,22.800000339746475,15.27142879899059,10.400000154972076,83.50000124424696,41.099999487400055,430.455803571429
2006-08-28,19.60000029206276,13.32857162718262,9.500000141561031,86.04285842499563,48.30000066757202,430.598405612245
2006-09-04,22.000000327825543,14.585714503058366,8.00000011920929,82.54285837284156,20.80000001192093,430.505714285714
2006-09-11,24.50000036507845,15.171428797500472,5.200000077486038,77.31428686635834,0.700000025331974,430.4
2006-09-18,25.600000381469727,18.100000269711018,11.900000177323818,74.82857254360404,4.3999999314546585,430.245
2006-09-25,24.600000366568565,16.242857384894574,8.00000011920929,71.67142963941608,0.699999988079071,430.09
2006-10-02,19.80000029504299,14.657143075551303,10.000000149011612,80.30000119656324,1.599999986588955,429.97
2006-10-09,17.50000026077032,11.042857307408536,5.4000000804662704,84.80000126361847,14.80000014603138,429.85
2006-10-16,19.30000028759241,11.74285731783935,3.1000000461936,86.2000012844801,3.700000047683716,429.775
2006-10-23,16.300000242888927,12.45714304276875,5.900000087916851,79.68571547312396,16.900000348687172,429.7
2006-10-30,19.60000029206276,11.728571603340765,6.200000092387199,83.51428695874554,15.499999672174452,429.950367202749
2006-11-06,14.100000210106373,5.128571504993098,-3.700000055134296,87.44285844585725,24.699999526143078,429.859977818871
2006-11-13,12.000000178813934,5.714285799435207,0.5000000074505806,83.15714409628085,45.3000009059906,429.769588434993
2006-11-20,15.800000235438349,8.42857155416693,1.0000000149011612,85.70000127702951,18.10000000149012,429.679199051115
2006-11-27,14.40000021457672,7.300000108778477,1.3000000193715096,88.50000131875277,12.09999978542328,429.588809667236
2006-12-04,11.000000163912771,6.214285806885788,-0.2000000029802322,88.8285727522203,12.299999929964542,430.15
2006-12-11,12.90000019222498,6.042857232902732,-0.2000000029802322,84.41428697215659,23.100000336766243,430.255
2006-12-18,8.300000123679638,3.957142916108881,0.2000000029802322,86.71428700642926,13.899999618530272,430.36
2006-12-25,6.000000089406967,1.2857143048729216,-3.9000000581145287,94.22857283268657,2.0999999791383743,430.563333333333
2007-01-01,10.000000149011612,2.3000000342726707,-4.000000059604645,89.04285846969911,25.399999864399437,430.766666666667
2007-01-08,9.00000013411045,5.071428646998746,0.5000000074505806,90.21428705858332,30.500000193715096,430.97
2007-01-15,11.000000163912771,6.34285723737308,-1.3000000193715096,82.28571551186698,28.900000631809235,431.5
2007-01-22,11.500000171363354,5.32857150797333,-5.900000087916851,84.71428697662694,66.40000096708536,431.67
2007-01-29,5.000000074505806,-2.371428606765611,-10.100000150501728,86.6714298629335,12.899999983608724,431.84
2007-02-05,7.400000110268593,3.5714286246470044,-2.0000000298023224,92.77142995383058,6.500000029802322,431.695
2007-02-12,7.200000107288361,0.8714285844138691,-6.200000092387199,94.48571569366116,26.400000363588333,431.55
2007-02-19,8.00000011920929,3.371428621666772,-0.9000000134110451,83.78571553421872,21.600000381469727,431.54
2007-02-26,10.900000162422655,5.285714364477566,0.5000000074505806,85.94285842350551,32.70000010728836,431.53
2007-03-05,9.500000141561031,4.500000067055225,-0.2000000029802322,85.67142984803233,49.00000083446503,431.78
2007-03-12,14.600000217556952,5.871428658919675,0.800000011920929,77.60000115633011,10.099999941885471,432.03
2007-03-19,14.100000210106373,5.057142932500158,-1.700000025331974,80.10000119358301,16.299999535083767,432.275
2007-03-26,13.600000202655792,2.614285753241607,-2.1000000312924385,86.80000129342079,47.800000011920936,432.52
2007-04-02,15.300000227987766,7.900000117719173,0.9000000134110451,61.84285806438753,0.400000013411045,431.98
2007-04-09,14.900000222027302,5.7857143719281465,-1.80000002682209,76.24285827896425,2.200000047683716,431.44
2007-04-16,24.300000362098217,13.642857346151557,3.1000000461936,60.98571519447224,0.0,431.11
2007-04-23,21.300000317394733,8.614285842648574,-2.200000032782554,63.24285808524915,0.0,430.78
2007-04-30,24.300000362098217,14.92857165102448,2.3000000342726707,56.485715127417016,0.0,430.55
2007-05-07,20.30000030249357,11.87142874832664,2.1000000312924385,56.01428654896362,31.60000000149012,430.32
2007-05-14,18.80000028014183,11.30000016838312,6.800000101327896,82.11428693788392,55.00000047683716,430.26
2007-05-21,25.30000037699937,12.4000001847744,1.80000002682209,77.38571543885129,10.300000190734863,430.2
2007-05-28,25.600000381469727,15.957143094922817,7.000000104308128,84.57142983164105,35.600000478327274,430.265
2007-06-04,20.10000029951334,12.628571616751808,3.500000052154064,79.21428689467055,23.59999962151051,430.33
2007-06-11,27.10000040382147,18.22857170019831,10.500000156462193,79.17142975117478,24.199999429285526,430.25
2007-06-18,23.80000035464764,16.400000244379044,10.500000156462193,79.45714404114655,18.40000009536743,430.17
2007-06-25,24.8000003695488,15.685714519449643,8.900000132620335,81.22857263897147,44.69999939203262,430.155
2007-07-02,23.300000347197056,13.100000195205212,6.400000095367432,79.01428689169032,16.700000382959843,430.14
2007-07-09,21.000000312924385,12.857143048729217,8.100000120699406,81.88571550590652,36.89999967813492,430.28
2007-07-16,31.10000046342612,17.985714553722314,8.00000011920929,71.95714392938784,12.699999988079073,430.42
2007-07-23,24.300000362098217,16.971428824322565,8.00000011920929,72.82857251380172,7.5,430.45
2007-07-30,24.300000362098217,14.47142878706966,8.00000011920929,78.07142973478351,57.70000076293945,430.48
2007-08-06,26.600000396370888,15.714285948446818,6.000000089406967,69.17142960216317,11.100000388920307,430.51
2007-08-13,21.80000032484532,14.92857165102448,7.900000117719173,88.42857274625983,63.10000038146973,430.9575
2007-08-20,22.30000033229589,15.242857369993414,8.00000011920929,76.74285828641483,29.400000393390656,431.405
2007-08-27,22.800000339746475,15.228571655494829,9.00000013411045,84.05714410969189,91.09999990463255,431.8525
2007-09-03,17.100000254809856,11.81428589033229,4.400000065565109,83.04285838029215,27.399999797344208,432.3
2007-09-10,16.600000247359276,10.842857304428303,6.000000089406967,88.98571561170476,31.6999998614192,431.699904891304
2007-09-17,19.60000029206276,11.928571606320997,5.000000074505806,82.17142979587827,11.900000095367432,431.70683763587
2007-09-24,21.80000032484532,12.271428754287106,4.500000067055225,74.68571539861816,10.500000096857548,431.823371517875
2007-10-01,15.900000236928465,9.885714433022908,5.000000074505806,91.6714299374393,91.199999243021,431.433591629348
2007-10-08,17.80000026524067,10.600000157952309,3.700000055134296,90.67142992253814,0.3000000044703483,431.634420048368
2007-10-15,17.100000254809856,9.428571569068092,2.800000041723252,81.97142979289804,0.6000000089406967,431.692725073244
2007-10-22,15.800000235438349,5.614285797945091,-2.800000041723252,86.62857271943774,14.199999630451202,431.721877585683
2007-10-29,7.900000117719173,4.54285721055099,-0.5000000074505806,90.87142992551836,15.300000190734863,431.734834257877
2007-11-05,11.10000016540289,7.214285821786949,2.3000000342726707,90.34285848907062,11.899999976158142,430.89
2007-11-12,9.00000013411045,3.714285769632885,0.0,93.02857281480516,114.5,431.2925
2007-11-19,3.500000052154064,0.4571428639548164,-4.700000070035458,94.08571568770068,9.299999870359898,431.695
2007-11-26,10.900000162422655,3.542857195649828,-0.5000000074505806,87.60000130534172,20.500000193715096,432.0975
2007-12-03,7.500000111758709,3.257142905678068,-1.80000002682209,89.24285847267934,36.70000070333481,432.5
2007-12-10,11.10000016540289,5.171428648488862,1.3000000193715096,89.04285846969911,46.30000019073486,432.266
2007-12-17,2.7000000402331352,-0.6714285814336368,-5.700000084936619,89.78571562362569,6.5,432.032
2007-12-24,7.700000114738941,-0.3285714334675244,-7.500000111758709,72.51428679483277,0.800000011920929,431.798
2007-12-31,5.500000081956387,0.857142869915281,-6.200000092387199,92.4000013768673,7.899999991059303,431.564
2008-01-07,5.700000084936619,-1.2688263138573214e-16,-4.700000070035458,86.14285842648574,18.200000263750557,431.33
2008-01-14,9.500000141561031,3.657142911638533,-1.3000000193715096,82.95714409330061,4.0000001192092896,431.5575
2008-01-21,10.400000154972076,6.742857243333544,2.7000000402331352,89.97142991210733,59.799999713897705,431.785
2008-01-28,9.600000143051147,3.74285719863006,-1.100000016391277,87.81428702282054,14.399999812245367,432.0125
2008-02-04,3.9000000581145287,0.7571428684251649,-5.500000081956387,85.10000126808882,13.999999821186066,432.24
2008-02-11,12.000000178813934,4.7285714990326335,0.4000000059604645,71.84285821339914,20.699999809265137,432.0975
2008-02-18,8.300000123679638,-0.4285714349576404,-7.900000117719173,75.55714398303202,0.0,431.955
2008-02-25,9.600000143051147,4.61428578304393,-2.200000032782554,86.61428700493914,4.500000111758709,431.8125
2008-03-03,10.900000162422655,5.114285790494511,-0.2000000029802322,81.62857264493194,44.300001084804535,431.67
2008-03-10,9.500000141561031,2.985714330204896,-3.400000050663948,78.4428583117468,7.200000032782555,431.794
2008-03-17,10.900000162422655,4.657142926539693,-1.100000016391277,82.58571551633733,23.099999845027924,431.918
2008-03-24,3.200000047683716,-0.9571428714053972,-7.500000111758709,89.58571562064546,39.79999995231629,432.042
2008-03-31,16.800000250339508,3.714285769632885,-3.200000047683716,77.32857258085694,14.099999822676182,432.166
2008-04-07,13.600000202655792,3.628571482641356,-3.200000047683716,89.48571561915534,52.700000286102295,432.29
2008-04-14,11.400000169873238,4.114285775593349,-4.000000059604645,84.72857269112554,17.300000429153442,432.17
2008-04-21,13.800000205636024,4.871428644018514,-3.200000047683716,77.98571544779199,0.800000011920929,431.846666666667
2008-04-28,18.100000269711018,10.08571443600314,2.7000000402331352,69.60000103712082,22.49999964237213,431.523333333333
2008-05-05,17.30000025779009,9.814285860529967,2.600000038743019,67.57142957832131,3.0999999791383743,431.2
2008-05-12,22.30000033229589,14.62857164655413,6.800000101327896,57.65714371630124,0.0,430.9775
2008-05-19,22.100000329315662,12.18571446729558,2.7000000402331352,76.40000113844872,19.49999988079071,430.755
2008-05-26,19.80000029504299,12.4000001847744,2.800000041723252,69.77142961110387,3.899999976158142,430.5325
2008-06-02,26.700000397861004,17.985714553722314,12.000000178813934,82.45714408585003,20.000000290572643,430.31
2008-06-09,24.100000359117985,16.85714310833386,9.3000001385808,71.40000106394291,6.799999952316284,430.218
2008-06-16,24.00000035762787,11.200000166893004,4.90000007301569,75.28571540755885,32.40000043064356,430.126
2008-06-23,27.200000405311584,15.485714516469413,4.200000062584877,66.97142956938062,12.200000047683716,430.034
2008-06-30,23.100000344216824,15.985714523919992,7.400000110268593,71.25714391895703,20.600000023841854,429.942
2008-07-07,29.50000043958425,17.557143118764674,8.900000132620335,66.14285812846252,13.39999993145466,429.85
2008-07-14,23.600000351667404,14.34285735658237,7.800000116229057,77.74285830131599,18.899999737739563,429.82
2008-07-21,23.100000344216824,13.157143053199563,7.500000111758709,83.51428695874554,47.599999606609344,429.79
2008-07-28,28.60000042617321,18.34285741618701,8.300000123679638,70.87142962749515,5.900000095367432,429.76
2008-08-04,28.50000042468309,19.328571716589583,12.10000018030405,70.17142961706433,19.19999999552965,429.73
2008-08-11,28.80000042915344,16.742857392345154,10.80000016093254,74.11428681867463,30.499999538064003,429.735
2008-08-18,21.80000032484532,15.014285938016004,8.00000011920929,71.70000106841326,11.600000023841858,429.74
2008-08-25,20.80000030994416,14.414285929075309,8.50000012665987,81.00000120699406,49.99999989569188,429.745
2008-09-01,24.300000362098217,15.985714523919992,10.900000162422655,79.62857261512961,2.9000000208616257,429.75
2008-09-08,19.60000029206276,13.485714486667089,6.400000095367432,78.88571546120303,26.70000080019236,429.77
2008-09-15,22.600000336766243,13.04285733721086,2.3000000342726707,77.77142973031316,15.600000016391276,429.79
2008-09-22,13.90000020712614,8.257142980183874,1.3000000193715096,77.94285830429622,4.200000002980232,429.81
2008-09-29,17.100000254809856,9.400000140070915,3.400000050663948,86.0857155684914,17.000000417232513,429.83
2008-10-06,12.10000018030405,8.00000011920929,3.200000047683716,84.98571555210012,43.80000019073486,429.85
2008-10-13,20.000000298023224,11.771428746836524,3.700000055134296,84.20000125467777,3.899999976158142,429.875
2008-10-20,15.300000227987766,8.828571560127395,2.3000000342726707,83.81428696321589,12.599999718368052,429.9
2008-10-27,15.100000225007534,7.557142969753061,1.5000000223517418,85.1142869825874,14.500000178813934,429.925
2008-11-03,13.000000193715096,4.171428633587701,-0.9000000134110451,92.64285852334328,6.599999897181988,429.95
2008-11-10,12.90000019222498,8.114285835197993,3.700000055134296,89.14285847118923,7.500000149011612,430.22
2008-11-17,13.100000195205212,6.071428661899907,0.9000000134110451,86.0714298539928,7.500000014901161,430.49
2008-11-24,8.00000011920929,1.3714285918644495,-6.500000096857548,91.95714422741106,67.19999969005585,430.76
2008-12-01,3.9000000581145287,0.07142857249294,-4.700000070035458,90.65714420803955,7.499999813735485,431.03
2008-12-08,3.9000000581145287,1.2142857323799814,-2.7000000402331352,92.20000137388706,22.60000012069941,430.984
2008-12-15,5.200000077486038,-1.0428571583969253,-4.700000070035458,92.30000137537718,1.0999999791383743,430.938
2008-12-22,7.200000107288361,2.271428605275495,-4.700000070035458,94.1857156891908,28.90000033378601,430.892
2008-12-29,4.500000067055225,-1.742857168827738,-8.00000011920929,87.40000130236149,1.6000000536441803,430.846
2009-01-05,2.800000041723252,-4.200000062584877,-13.100000195205212,86.22857271347728,12.200000360608104,430.8
2009-01-12,6.200000092387199,-5.428571509463446,-16.300000242888927,58.28571515423911,0.800000011920929,430.71
2009-01-19,5.700000084936619,1.1285714453884534,-3.9000000581145287,84.67142983313117,11.700000077486038,430.62
2009-01-26,4.200000062584877,0.2285714319774082,-5.000000074505806,87.70000130683184,15.69999962300062,430.53
2009-02-02,0.5000000074505806,-2.642857182238783,-6.400000095367432,87.34285844436714,0.7999999895691872,430.44
2009-02-09,6.900000102818012,1.0428571583969253,-2.7000000402331352,88.88571561021465,14.799999922513962,431.105
2009-02-16,4.200000062584877,-1.5714285948446818,-8.800000131130219,94.07142997320209,62.6999990940094,431.77
2009-02-23,3.700000055134296,-0.5714285799435207,-10.600000157952309,89.97142991210733,25.49999976158142,432.435
2009-03-02,7.400000110268593,3.5571429101484164,-0.4000000059604645,92.61428709434612,20.800000205636024,433.1
2009-03-09,8.100000120699406,2.628571467740195,-0.5000000074505806,86.02857271049704,29.00000038743019,432.952
2009-03-16,11.500000171363354,4.071428632097585,0.2000000029802322,89.02857275520053,35.30000014603138,432.804
2009-03-23,8.800000131130219,2.714285754731723,-4.200000062584877,73.50000109523535,14.799999594688414,432.656
2009-03-30,8.50000012665987,2.485714322754315,-3.6000000536441803,85.67142984803233,35.60000002384186,432.508
2009-04-06,20.10000029951334,9.414285854569505,-1.100000016391277,71.20000106096268,0.0,432.36
2009-04-13,21.80000032484532,13.414285914174148,6.900000102818012,68.70000102370977,2.399999961256981,431.9825
2009-04-20,21.1000003144145,10.814285875431128,2.800000041723252,76.10000113397837,15.79999966919422,431.605
2009-04-27,21.1000003144145,10.614285872450896,2.200000032782554,66.72857242290463,14.200000382959844,431.2275
2009-05-04,18.6000002771616,9.642857286546912,3.9000000581145287,80.88571549100536,3.0000000074505806,430.85
2009-05-11,18.100000269711018,10.485714441963603,2.3000000342726707,81.22857263897147,36.90000021457672,430.6625
2009-05-18,18.6000002771616,11.585714458354882,5.900000087916851,74.32857253615346,12.699999809265137,430.475
2009-05-25,25.700000382959843,15.000000223517418,5.200000077486038,67.31428671734673,9.100000023841858,430.2875
2009-06-01,23.100000344216824,13.071428766208037,3.500000052154064,71.0571439159768,6.1999998688697815,430.1
2009-06-08,21.1000003144145,9.342857282076563,2.3000000342726707,73.685715383717,15.200000144541264,430.02
2009-06-15,21.80000032484532,12.54285732976028,4.000000059604645,77.60000115633011,28.00000007450581,429.94
2009-06-22,20.30000030249357,12.500000186264517,6.800000101327896,77.38571543885129,15.000000394880772,429.86
2009-06-29,25.30000037699937,16.985714538821153,8.50000012665987,76.84285828790495,1.3999999538064003,429.78
2009-07-06,27.200000405311584,19.52857171956982,11.000000163912771,74.02857253168311,20.30000008642673,429.7
2009-07-13,21.80000032484532,13.314285912684031,8.50000012665987,83.05714409479073,47.10000002384186,429.705
2009-07-20,25.100000374019142,16.800000250339508,10.500000156462193,72.51428679483277,10.699999928474426,429.71
2009-07-27,25.30000037699937,17.14285739830562,7.800000116229057,74.60000111162663,38.39999979734421,429.715
2009-08-03,23.300000347197056,15.971428809421402,8.50000012665987,68.7857153107013,7.100000120699406,429.72
2009-08-10,27.60000041127205,18.257143129195487,8.400000125169754,70.02857247207847,3.2000000998377804,429.696
2009-08-17,27.3000004068017,17.00000025331974,10.000000149011612,75.67142969902072,17.500000193715096,429.672
2009-08-24,32.50000048428774,18.100000269711018,8.900000132620335,63.75714380719832,5.599999904632568,429.648
2009-08-31,25.700000382959843,15.985714523919992,6.900000102818012,69.00000102818012,12.999999597668646,429.624
2009-09-07,27.500000409781933,13.728571633143083,7.500000111758709,75.20000112056732,26.90000021457672,429.6
2009-09-14,25.80000038444996,13.428571628672737,8.50000012665987,79.82857261810985,43.10000002384186,429.5925
2009-09-21,21.80000032484532,14.085714495607784,8.00000011920929,85.8428584220154,1.2000000476837158,429.585
2009-09-28,20.60000030696392,12.31428589778287,6.400000095367432,81.52857264344182,4.200000047683716,429.5775
2009-10-05,14.100000210106373,9.985714434513024,3.500000052154064,87.41428701686007,24.999999597668648,429.57
2009-10-12,20.000000298023224,10.628571586949484,2.600000038743019,89.75714419462851,65.19999897480011,429.8025
2009-10-19,9.00000013411045,3.057142902697836,-2.600000038743019,87.21428701387984,31.80000066757202,430.035
2009-10-26,13.600000202655792,7.242857250784125,0.0,82.60000123083591,5.000000096857548,430.2675
2009-11-02,13.600000202655792,7.442857253764357,1.100000016391277,90.17142991508756,13.400000154972076,430.5
2009-11-09,7.900000117719173,5.214285791984627,2.3000000342726707,90.65714420803955,36.69999980926514,430.66
2009-11-16,13.100000195205212,7.042857247803893,1.0000000149011612,87.6142870198403,17.700000025331974,430.82
2009-11-23,15.100000225007534,8.814285845628806,3.9000000581145287,79.80000118911266,40.10000091791153,430.98
2009-11-30,12.000000178813934,6.542857240353312,2.3000000342726707,83.84285839221307,26.20000004768372,431.14
2009-12-07,9.3000001385808,3.7714286276272366,-1.80000002682209,88.01428702580077,9.40000008046627,431.3
2009-12-14,7.700000114738941,1.5714285948446818,-6.000000089406967,92.44285852036306,38.89999947696924,431.35
2009-12-21,-1.3000000193715096,-7.914285832217762,-19.10000028461218,86.58571557594198,4.299999989569187,431.4
2009-12-28,5.700000084936619,0.6714285814336368,-3.700000055134296,90.01428705560309,13.699999906122684,431.45
2010-01-04,6.500000096857548,-2.485714322754315,-9.600000143051147,94.12857283119644,26.70000022649765,431.5
2010-01-11,-3.400000050663948,-5.828571515423911,-12.500000186264517,91.71428708093508,9.199999958276749,431.2825
2010-01-18,2.7000000402331352,-2.6857143257345477,-9.80000014603138,92.9857156713094,11.99999988079071,431.065
2010-01-25,2.500000037252903,-2.1000000312924385,-6.800000101327896,93.44285853526422,6.8999999314546585,430.8475
2010-02-01,0.2000000029802322,-4.028571488601821,-14.100000210106373,88.50000131875277,27.69999933242798,430.63
2010-02-08,3.700000055134296,-1.1714285888842173,-8.900000132620335,94.01428711520774,16.300000347197056,431.16
2010-02-15,-3.9000000581145287,-6.62857152734484,-9.500000141561031,90.91428706901414,11.900000251829624,431.69
2010-02-22,6.800000101327896,-0.2714285754731724,-8.400000125169754,83.28571552676814,8.599999904632568,432.22
2010-03-01,9.100000135600569,4.000000059604645,0.0,86.22857271347728,31.400001004338264,432.75
2010-03-08,3.700000055134296,-3.1000000461936,-12.300000183284284,78.40000116825104,15.49999988079071,432.558
2010-03-15,3.6000000536441803,-1.3857143063630375,-11.10000016540289,83.17142981077943,31.700000405311584,432.366
2010-03-22,15.000000223517418,7.571428684251649,0.1000000014901161,77.31428686635834,14.099999904632568,432.174
2010-03-29,18.30000027269125,8.371428696172577,2.800000041723252,76.45714399644307,20.700000166893005,431.982
2010-04-05,15.600000232458116,5.600000083446503,-1.3000000193715096,72.10000107437372,9.500000149011612,431.79
2010-04-12,17.50000026077032,6.70000009983778,0.9000000134110451,74.45714396664074,5.599999934434891,431.5025
2010-04-19,18.30000027269125,6.857142959322248,-3.200000047683716,66.2714295589498,0.0,431.215
2010-04-26,21.60000032186508,7.942857261214938,-2.500000037252903,61.214286626449656,6.399999886751175,430.9275
2010-05-03,23.300000347197056,11.442857313369002,3.200000047683716,69.70000103861094,21.49999952316284,430.64
2010-05-10,13.100000195205212,5.457142938460622,-0.6000000089406967,82.77142980481896,27.09999922662973,430.518
2010-05-17,13.800000205636024,6.542857240353312,3.6000000536441803,82.80000123381615,8.800000198185444,430.396
2010-05-24,22.100000329315662,11.38571445537465,4.500000067055225,73.95714395919016,6.299999952316284,430.274
2010-05-31,18.100000269711018,10.44285729846784,2.600000038743019,81.11428692298276,34.39999961853027,430.152
2010-06-07,26.50000039488077,14.714285933545655,6.70000009983778,71.25714391895703,3.6999999582767487,430.03
2010-06-14,25.30000037699937,15.442857372973648,5.700000084936619,76.67142971392188,34.59999928623438,429.98
2010-06-21,20.30000030249357,11.042857307408536,5.500000081956387,74.72857254211392,2.100000001490116,429.93
2010-06-28,27.500000409781933,16.957143109823978,5.000000074505806,62.28571521384375,0.0,429.88
2010-07-05,32.20000047981739,20.785714595445565,12.90000019222498,65.64285812101194,19.50000011920929,429.83
2010-07-12,32.100000478327274,22.100000329315662,8.50000012665987,57.157143708850654,0.0,429.7725
2010-07-19,30.300000451505184,19.47142886157547,9.400000140070915,59.28571516914027,11.799999833106996,429.715
2010-07-26,31.300000466406345,17.314285972288676,6.200000092387199,70.77142962600503,26.2000003606081,429.6575
2010-08-02,25.30000037699937,16.328571671886102,10.500000156462193,76.01428684698683,28.600000388920307,429.6
2010-08-09,23.500000350177288,15.085714510508948,8.800000131130219,78.72857260171857,18.09999991208315,429.646
2010-08-16,23.600000351667404,15.657143090452466,10.30000015348196,82.07142979438815,53.89999985694885,429.692
2010-08-23,26.600000396370888,16.71428596334798,10.500000156462193,80.67142977352653,33.50000023841858,429.738
2010-08-30,19.30000028759241,12.7571430472391,5.700000084936619,84.07142982419047,55.200000286102295,429.784
2010-09-06,16.600000247359276,11.085714450904302,4.500000067055225,83.2142869542752,1.2999999895691872,429.83
2010-09-13,21.000000312924385,12.97142876471792,8.50000012665987,84.77142983462129,23.70000010728836,429.925
2010-09-20,17.00000025331974,10.614285872450896,3.9000000581145287,80.72857263152089,28.60000005364418,430.02
2010-09-27,21.80000032484532,11.471428742366175,2.7000000402331352,85.04285841009447,42.89999924600125,430.115
2010-10-04,19.60000029206276,10.414285869470664,1.3000000193715096,90.40000134706496,6.599999785423279,430.21
2010-10-11,18.0000002682209,11.67142874534641,3.200000047683716,80.22857262407031,0.0,430.16
2010-10-18,10.600000157952309,4.657142926539693,-0.9000000134110451,90.2428584875805,19.299999870359898,430.11
2010-10-25,8.50000012665987,4.028571488601821,0.800000011920929,84.58571554613965,12.90000019222498,430.06
2010-11-01,14.300000213086603,7.671428685741765,2.200000032782554,79.70000118762255,2.7000000998377804,430.01
2010-11-08,13.600000202655792,7.800000116229057,0.6000000089406967,92.30000137537718,35.79999899864197,430.234
2010-11-15,14.500000216066836,7.014285818806717,1.80000002682209,88.62857274924006,66.79999899864197,430.458
2010-11-22,6.200000092387199,2.857142899717604,-0.1000000014901161,92.95714424231222,6.999999836087227,430.682
2010-11-29,2.0000000298023224,-2.3142857487712587,-8.300000123679638,94.1714299746922,24.00000048428774,430.906
2010-12-06,0.2000000029802322,-6.328571522874491,-12.10000018030405,88.40000131726265,6.599999994039536,431.13
2010-12-13,3.400000050663948,-2.1285714602896144,-9.00000013411045,93.50000139325856,46.1000007390976,431.035
2010-12-20,0.1000000014901161,-5.771428657429559,-12.000000178813934,90.92857278351272,15.99999999254942,430.94
2010-12-27,0.800000011920929,-3.6000000536441803,-11.30000016838312,95.5000014230609,17.700000025331974,430.845
2011-01-03,1.100000016391277,-2.0714286022952626,-6.800000101327896,93.42857282076564,12.60000018030405,430.75
2011-01-10,9.100000135600569,1.0000000149011612,-8.300000123679638,89.81428705262286,21.300000071525574,433.28
2011-01-17,9.900000147521496,5.2428572209818025,-3.700000055134296,89.45714419015816,47.799999475479126,434.66
2011-01-24,7.000000104308128,-0.0571428579943521,-4.200000062584877,94.7714299836329,22.39999994635582,433.56
2011-01-31,1.100000016391277,-3.628571482641356,-10.500000156462193,87.91428702431065,7.299999907612801,432.85
2011-02-07,11.000000163912771,2.585714324244431,-12.000000178813934,83.37142981375966,4.100000023841858,432.46
2011-02-14,8.400000125169754,3.24285719117948,-2.7000000402331352,86.2000012844801,18.60000000149012,432.17
2011-02-21,6.000000089406967,-1.642857167337622,-9.80000014603138,90.3571442035692,0.7999999895691872,431.87
2011-02-28,5.000000074505806,-0.4000000059604646,-11.30000016838312,79.48571547014373,2.399999976158142,431.5
2011-03-07,8.50000012665987,0.100000001490116,-5.200000077486038,67.98571529878038,0.0,431.16
2011-03-14,11.900000177323818,5.871428658919675,-2.0000000298023224,72.68571536881583,2.800000011920929,430.89
2011-03-21,12.500000186264517,4.300000064074993,-3.400000050663948,80.34285834005901,4.3999999314546585,430.64
2011-03-28,14.100000210106373,5.928571516914027,-1.3000000193715096,70.4571439070361,0.2000000029802322,430.45
2011-04-04,20.10000029951334,9.828571575028556,-1.700000025331974,76.70000114291906,23.000000774860386,430.3
2011-04-11,21.300000317394733,10.571428728955132,2.200000032782554,68.42857244823661,3.3999999165534973,430.17
2011-04-18,16.300000242888927,7.171428678291185,-0.4000000059604645,63.300000943243504,4.200000107288361,430.05
2011-04-25,22.600000336766243,14.328571642083782,4.400000065565109,50.41428646551712,0.0,429.94
2011-05-02,19.80000029504299,10.342857296977725,1.100000016391277,71.80000106990337,21.299999691545963,429.87
2011-05-09,24.00000035762787,11.45714302786759,-2.0000000298023224,52.28571506483214,0.3000000119209289,429.78
2011-05-16,24.600000366568565,12.142857323799817,4.500000067055225,66.2714295589498,13.00000023841858,429.7
2011-05-23,23.100000344216824,14.585714503058366,5.500000081956387,70.60000105202198,2.499999918043613,429.65
2011-05-30,27.60000041127205,14.157143068100725,3.400000050663948,54.94285796156952,1.6000000536441803,429.6
2011-06-06,28.300000421702865,16.028571667415754,4.500000067055225,67.58571529281991,27.300000190734863,429.57
2011-06-13,21.1000003144145,13.500000201165676,7.900000117719173,71.1714296319655,22.09999987483025,429.56
2011-06-20,22.100000329315662,13.742857347641673,7.700000114738941,78.42857259724822,22.799999929964542,429.53
2011-06-27,26.200000390410423,14.585714503058366,7.500000111758709,81.52857264344182,35.30000019073486,429.56
2011-07-04,29.10000043362379,13.842857349131789,7.800000116229057,78.75714403071574,15.899999596178532,429.52
2011-07-11,24.600000366568565,17.114285969308444,9.500000141561031,65.28571525854724,3.600000001490116,429.48
2011-07-18,26.00000038743019,15.014285938016004,8.600000128149986,73.30000109225512,16.69999998807907,429.45
2011-07-25,20.80000030994416,12.600000187754633,7.800000116229057,80.61428691553218,22.50000035762787,429.44
2011-08-01,22.100000329315662,13.885714492627551,6.200000092387199,83.41428695725543,22.6999993622303,429.49
2011-08-08,25.100000374019142,17.14285739830562,9.900000147521496,78.97142974819455,31.00000021606684,429.48
2011-08-15,21.80000032484532,14.98571450901883,9.00000013411045,78.12857259277787,26.69999998807907,429.56
2011-08-22,26.600000396370888,17.2857145432915,8.00000011920929,76.55714399793318,45.59999933838844,429.84
2011-08-29,28.60000042617321,16.457143102373397,8.50000012665987,80.17142976607595,29.70000087469816,430.05
2011-09-05,25.600000381469727,14.942857365523066,6.500000096857548,77.04285829088518,11.900000035762789,430.01
2011-09-12,23.80000035464764,14.885714507528714,8.900000132620335,83.52857267324414,29.600000381469727,430.01
2011-09-19,17.80000026524067,12.300000183284284,6.200000092387199,77.11428686337811,2.4000000059604645,429.99
2011-09-26,22.30000033229589,13.342857341681208,6.500000096857548,77.21428686486823,0.1000000014901161,429.89
2011-10-03,24.50000036507845,16.471428816871985,10.100000150501728,72.74285822681018,0.0,429.79
2011-10-10,19.10000028461218,10.52857158545937,1.700000025331974,85.17142984058175,36.59999942779541,429.76
2011-10-17,13.40000019967556,7.414285824767181,1.100000016391277,82.87142980630908,39.19999885559082,430.48
2011-10-24,12.90000019222498,5.2428572209818025,-0.2000000029802322,80.14285833707878,10.100000202655792,430.38
2011-10-31,16.50000024586916,9.700000144541264,3.1000000461936,84.41428697215659,0.6000000163912772,430.22
2011-11-07,16.300000242888927,9.400000140070915,3.9000000581145287,83.68571553272861,0.0,430.08
2011-11-14,14.800000220537186,4.8857143585171015,-0.800000011920929,83.70000124722719,0.0,429.95
2011-11-21,12.800000190734863,4.271428635077817,-3.700000055134296,83.5714298167399,0.0,429.85
2011-11-28,12.000000178813934,5.057142932500158,-2.1000000312924385,88.01428702580077,2.0000000298023224,429.76
2011-12-05,10.000000149011612,4.442857209060874,-0.2000000029802322,87.94285845330784,33.20000010728836,429.72
2011-12-12,7.400000110268593,2.0857143167938506,-2.200000032782554,86.57142986144338,35.90000015497208,430.0
2011-12-19,6.800000101327896,1.771428597824914,-1.700000025331974,90.17142991508756,43.39999985694885,430.57
2011-12-26,7.500000111758709,3.671428626137121,-1.700000025331974,95.90000142902136,44.59999988228083,432.08
2012-01-02,11.000000163912771,4.257142920579229,-0.2000000029802322,92.5000013783574,37.79999995976687,432.38
2012-01-09,8.300000123679638,3.085714331695012,0.0,90.90000135451557,76.99999952316284,434.37
2012-01-16,6.800000101327896,2.0428571732980862,-4.90000007301569,87.60000130534172,7.800000071525574,433.35
2012-01-23,6.70000009983778,1.528571451348918,-4.500000067055225,84.74285840562412,66.7000002861023,433.76
2012-01-30,2.1000000312924385,-2.1857143182839667,-7.800000116229057,93.5857156802501,4.699999988079071,433.28
2012-02-06,-4.90000007301569,-11.571428743856291,-17.30000025779009,74.12857253317323,0.0,432.46
2012-02-13,-0.2000000029802322,-8.771428702133042,-19.500000290572643,82.55714408734015,5.200000002980232,431.92
2012-02-20,5.000000074505806,0.9857143004025732,-2.800000041723252,92.9857156713094,26.5,432.35
2012-02-27,8.00000011920929,3.642857197139944,-1.600000023841858,89.28571561617511,9.699999898672104,431.92
2012-03-05,12.300000183284284,5.985714374908379,1.5000000223517418,92.92857281331506,2.1000000089406967,431.68
2012-03-12,7.900000117719173,4.000000059604645,-1.700000025331974,84.5285726881453,9.600000232458116,431.41
2012-03-19,18.80000028014183,6.857142959322248,-0.4000000059604645,73.928572530193,0.400000013411045,431.16
2012-03-26,16.50000024586916,8.742857273135867,-0.5000000074505806,69.628572466118,0.0,430.9
2012-04-02,16.100000239908695,5.642857226942267,-3.700000055134296,79.20000118017197,8.799999833106995,430.68
2012-04-09,13.90000020712614,3.842857200120176,-4.700000070035458,78.24285830876657,7.80000002682209,430.48
2012-04-16,13.600000202655792,5.442857223962035,-1.3000000193715096,78.37142973925386,11.300000086426737,430.31
2012-04-23,12.600000187754633,5.971428660409791,-3.200000047683716,73.28571537775653,6.4000000059604645,430.17
2012-04-30,25.600000381469727,12.228571610791343,4.200000062584877,69.24285817465612,7.999999970197678,430.04
2012-05-07,22.600000336766243,10.328571582479135,3.9000000581145287,85.97142985250268,23.50000011920929,429.96
2012-05-14,23.500000350177288,11.82857160483088,-0.4000000059604645,71.55714392342738,5.999999940395355,429.87
2012-05-21,23.600000351667404,10.985714449414186,-0.1000000014901161,73.48571538073676,19.099999882280827,429.79
2012-05-28,26.700000397861004,17.242857399795735,7.400000110268593,61.50000091642141,2.200000047683716,429.74
2012-06-04,19.80000029504299,11.200000166893004,3.700000055134296,81.62857264493194,41.200000286102295,429.75
2012-06-11,19.60000029206276,12.142857323799817,4.200000062584877,72.81428679930312,4.999999828636646,429.71
2012-06-18,24.8000003695488,13.071428766208037,7.400000110268593,81.24285835347006,9.599999859929085,429.65
2012-06-25,19.80000029504299,14.085714495607784,9.00000013411045,81.64285835943052,18.39999957382679,429.61
2012-07-02,25.80000038444996,16.242857384894574,7.500000111758709,78.58571545673269,21.29999989271164,429.57
2012-07-09,24.600000366568565,17.42857168827738,12.000000178813934,75.07142969008002,10.999999895691872,429.53
2012-07-16,22.000000327825543,12.928571621222156,8.600000128149986,83.25714409777096,53.59999966621399,429.6
2012-07-23,22.100000329315662,13.928571636123316,6.400000095367432,76.67142971392188,17.899999797344208,429.94
2012-07-30,30.200000450015068,18.48571456117289,9.900000147521496,70.50000105053186,11.400000229477882,429.9
2012-08-06,25.50000037997961,17.30000025779009,10.30000015348196,70.00000104308128,15.299999989569187,429.86
2012-08-13,24.100000359117985,14.328571642083782,6.500000096857548,72.65714393981865,4.400000095367432,429.8
2012-08-20,32.80000048875809,21.11428602891309,12.90000019222498,60.04285803756544,11.900000393390656,429.73
2012-08-27,27.000000402331352,16.34285738638469,8.600000128149986,73.65714395471981,17.40000009536743,429.68
2012-09-03,24.8000003695488,14.414285929075309,6.200000092387199,76.10000113397837,14.300000049173832,429.63
2012-09-10,27.500000409781933,16.014285952917167,7.000000104308128,68.68571530921119,1.899999976158142,429.57
2012-09-17,20.10000029951334,11.914285891822406,3.500000052154064,81.80000121891499,24.700000405311584,429.56
2012-09-24,18.6000002771616,9.600000143051147,2.600000038743019,78.48571545524257,7.500000156462192,429.52
2012-10-01,17.00000025331974,10.257143009986196,3.200000047683716,80.38571548355478,7.400000013411045,429.49
2012-10-08,17.50000026077032,9.6571430010455,1.3000000193715096,85.02857269559588,41.299999713897705,429.61
2012-10-15,12.300000183284284,6.314285808375904,0.4000000059604645,83.72857267622437,14.800000339746475,429.54
2012-10-22,21.80000032484532,12.942857335720744,3.500000052154064,75.15714397707156,0.5000000149011611,429.5
2012-10-29,14.100000210106373,3.942857201610293,-4.000000059604645,84.7571441201227,2.0000000596046448,429.47
2012-11-05,9.500000141561031,4.957142931010042,1.3000000193715096,85.38571555806058,16.40000009536743,429.46
2012-11-12,9.80000014603138,5.814285800925323,0.1000000014901161,88.38571560276407,16.69999971985817,429.53
2012-11-19,8.100000120699406,2.600000038743019,-3.700000055134296,91.45714421996048,4.0,429.52
2012-11-26,10.600000157952309,5.342857222471919,0.2000000029802322,88.75714417972735,8.300000004470348,429.52
2012-12-03,7.400000110268593,0.9714285859039852,-3.200000047683716,92.82857281182494,11.60000003874302,429.51
2012-12-10,2.1000000312924385,-2.1714286037853787,-10.000000149011612,88.97142989720616,28.400000244379044,429.53
2012-12-17,5.900000087916851,-0.028571428997176,-7.800000116229057,92.48571566385884,27.200000144541264,430.29
2012-12-24,10.400000154972076,3.74285719863006,-0.800000011920929,94.75714426913432,49.19999933242798,432.0
2012-12-31,9.100000135600569,5.171428648488862,-1.80000002682209,87.1428584413869,42.599999368190765,433.01
2013-01-07,8.00000011920929,5.028571503502982,1.3000000193715096,94.94285855761596,13.90000021457672,432.31
2013-01-14,4.700000070035458,-1.9142857428107944,-10.80000016093254,92.028572799904,8.900000184774399,431.95
2013-01-21,-3.700000055134296,-6.314285808375904,-9.3000001385808,92.44285852036306,15.100000381469728,431.56
2013-01-28,3.1000000461936,-4.100000061094761,-11.10000016540289,92.028572799904,3.1999999806284904,431.18
2013-02-04,10.600000157952309,3.5571429101484164,-0.9000000134110451,90.1142870570932,54.49999976158142,432.12
2013-02-11,2.800000041723252,-3.200000047683716,-11.000000163912771,88.64285846373865,13.699999786913397,432.43
2013-02-18,3.200000047683716,-1.757142883326326,-8.600000128149986,85.22857269857612,4.499999940395355,431.78
2013-02-25,0.1000000014901161,-3.728571484131472,-8.00000011920929,92.17142994488988,16.200000137090683,431.4
2013-03-04,6.000000089406967,-0.6714285814336368,-5.000000074505806,90.27142991657767,0.8000000119209288,431.09
2013-03-11,12.500000186264517,2.7857143272246634,-7.000000104308128,80.05714405008725,12.600000023841858,431.32
2013-03-18,5.200000077486038,-3.0285714737006595,-13.000000193715096,79.42857261214938,7.600000001490116,431.39
2013-03-25,4.500000067055225,-3.4571429086583003,-9.100000135600569,82.11428693788392,9.600000262260435,431.13
2013-04-01,2.500000037252903,-3.1000000461936,-8.00000011920929,78.00000116229057,1.800000011920929,430.86
2013-04-08,7.300000108778477,-0.3285714334675244,-6.500000096857548,76.27142970796142,2.0999999791383743,430.62
2013-04-15,23.000000342726707,8.671428700642926,0.5000000074505806,80.0000011920929,12.399999916553496,430.48
2013-04-22,19.30000028759241,10.400000154972076,0.5000000074505806,63.1857152272548,0.1000000014901161,430.36
2013-04-29,21.60000032186508,9.6571430010455,0.5000000074505806,73.34285823575088,14.400000333786013,430.23
2013-05-06,20.60000030696392,10.857143018926893,1.5000000223517418,71.15714391746691,0.0,430.1
2013-05-13,19.80000029504299,10.857143018926893,4.000000059604645,81.61428693043334,11.200000256299973,429.99
2013-05-20,18.30000027269125,10.842857304428303,4.500000067055225,87.04285843989679,12.19999984651804,429.89
2013-05-27,14.800000220537186,6.614285812846252,1.3000000193715096,87.42857273135867,72.30000019073486,430.1
2013-06-03,18.80000028014183,9.900000147521496,3.6000000536441803,83.15714409628085,24.699999451637268,430.31
2013-06-10,23.300000347197056,14.157143068100725,3.9000000581145287,75.2285725495645,0.3000000119209289,430.26
2013-06-17,24.50000036507845,14.84285736403295,7.200000107288361,74.20000110566616,20.700000762939453,430.19
2013-06-24,32.00000047683716,17.857143123235023,9.600000143051147,79.71428690212113,33.20000012218952,430.1
2013-07-01,22.800000339746475,11.085714450904302,5.000000074505806,84.07142982419047,28.79999947547913,430.05
2013-07-08,23.80000035464764,16.85714310833386,9.500000141561031,76.771429715412,2.699999988079071,430.03
2013-07-15,24.300000362098217,14.357143071080957,7.000000104308128,80.48571548504489,0.0,429.95
2013-07-22,30.300000451505184,19.08571457011359,10.500000156462193,66.78571528089898,0.0,429.86
2013-07-29,30.800000458955765,20.585714592465333,13.90000020712614,75.97142970349107,22.100000381469727,429.8
2013-08-05,33.00000049173832,20.41428601848228,13.40000019967556,66.1571438429611,9.899999797344208,429.72
2013-08-12,26.30000039190054,16.07142881091152,7.900000117719173,74.52857253913369,7.000000059604645,429.66
2013-08-19,26.200000390410423,15.900000236928465,7.400000110268593,73.37142966474805,34.299999713897705,429.62
2013-08-26,22.600000336766243,15.571428803460938,6.500000096857548,72.40000107884407,8.300000384449959,429.59
2013-09-02,23.000000342726707,14.457143072571071,6.200000092387199,72.41428679334265,2.799999952316284,429.53
2013-09-09,28.00000041723252,16.700000248849392,8.00000011920929,79.37142975415502,11.500000335276129,429.49
2013-09-16,16.800000250339508,10.785714446433952,4.400000065565109,88.84285846671888,46.89999933540821,429.56
2013-09-23,14.900000222027302,10.342857296977725,4.200000062584877,87.41428701686007,11.100000023841858,429.52
2013-09-30,18.50000027567148,10.185714437493257,2.7000000402331352,79.41428689765078,0.2000000029802322,429.48
2013-10-07,15.000000223517418,9.700000144541264,2.0000000298023224,77.78571544481176,16.699999809265137,429.46
2013-10-14,15.300000227987766,7.200000107288361,1.80000002682209,89.51428704815251,40.50000047683716,429.51
2013-10-21,17.00000025331974,10.414285869470664,5.500000081956387,86.81428700791938,11.200000144541264,429.55
2013-10-28,19.500000290572643,13.457143057669912,7.300000108778477,82.20000122487545,19.09999990463257,429.83
2013-11-04,11.900000177323818,7.300000108778477,1.3000000193715096,82.75714409032038,31.39999983459711,430.11
2013-11-11,12.000000178813934,6.200000092387199,0.5000000074505806,89.25714418717793,49.10000038146973,431.25
2013-11-18,7.400000110268593,2.842857185219015,-3.1000000461936,86.70000129193068,1.400000050663948,431.0
2013-11-25,4.000000059604645,0.9285714424082212,-4.200000062584877,94.50000140815972,19.49999976158142,430.71
2013-12-02,5.000000074505806,1.614285738340446,-5.500000081956387,93.11428710179668,13.900000274181366,430.67
2013-12-09,7.200000107288361,1.7857143123235022,-2.600000038743019,88.5857156057443,24.59999984502792,430.83
2013-12-16,9.500000141561031,2.485714322754315,-3.400000050663948,86.97142986740384,2.600000023841858,430.99
2013-12-23,8.900000132620335,4.385714351066521,-0.800000011920929,82.17142979587827,9.799999728798866,430.74
2013-12-30,10.500000156462193,4.7285714990326335,-0.4000000059604645,85.44285841605493,23.70000020414591,430.61
2014-01-06,9.3000001385808,4.442857209060874,-0.5000000074505806,83.71428696172578,21.79999989271164,430.59
2014-01-13,9.80000014603138,4.700000070035458,-0.9000000134110451,83.77142981972013,16.200000286102295,430.75
2014-01-20,7.400000110268593,2.6714286112359598,-0.800000011920929,90.34285848907062,0.9000000283122063,430.7
2014-01-27,2.200000032782554,0.0571428579943521,-2.500000037252903,97.00000144541264,19.49999962002039,430.51
2014-02-03,4.700000070035458,0.100000001490116,-4.000000059604645,87.54285844734737,1.7999999523162842,430.36
2014-02-10,10.000000149011612,3.38571433616536,-1.0000000149011612,80.78571548951524,8.700000166893005,430.31
2014-02-17,9.00000013411045,3.500000052154064,0.2000000029802322,82.27142979736838,13.700000047683716,430.27
2014-02-24,9.900000147521496,4.342857207570757,-0.5000000074505806,79.14285832217762,6.199999988079071,430.22
2014-03-03,11.000000163912771,4.100000061094761,-0.6000000089406967,79.5142868991409,0.7000000029802322,430.14
2014-03-10,20.500000305473804,6.871428673820836,-2.0000000298023224,65.65714383551052,0.2000000029802322,430.04
2014-03-17,16.50000024586916,7.514285826257297,1.3000000193715096,72.78571537030595,5.3000001311302185,429.95
2014-03-24,17.30000025779009,6.70000009983778,-1.3000000193715096,74.41428682314498,11.799999929964542,429.87
2014-03-31,19.000000283122063,6.742857243333544,-2.7000000402331352,68.72857245270696,0.6000000014901161,429.8
2014-04-07,20.60000030696392,12.914285906723569,5.000000074505806,67.17142957236085,1.1999999806284904,429.72
2014-04-14,14.40000021457672,7.314285823277065,1.600000023841858,79.67142975862537,18.30000028014183,429.67
2014-04-21,17.30000025779009,7.271428679781301,-2.600000038743019,73.82857252870288,7.300000190734864,429.62
2014-04-28,20.30000030249357,11.285714453884534,4.500000067055225,85.2428584130747,33.89999961853027,429.63
2014-05-05,16.800000250339508,8.871428703623158,-0.5000000074505806,82.07142979438815,3.5999999344348907,429.62
2014-05-12,16.800000250339508,9.557142999555383,5.500000081956387,81.35714406945876,52.39999914169312,429.86
2014-05-19,21.50000032037497,9.557142999555383,2.0000000298023224,81.10000120848417,6.200000002980232,429.87
2014-05-26,25.100000374019142,15.828571664435524,6.70000009983778,69.05714388617447,37.0,429.82
2014-06-02,18.100000269711018,10.728571588439602,4.000000059604645,83.82857267771449,32.5,430.33
2014-06-09,29.200000435113907,17.014285967818328,6.400000095367432,68.70000102370977,27.79999947547913,430.23
2014-06-16,29.700000442564487,14.514285930565425,8.300000123679638,80.4714297705463,23.5,430.47
2014-06-23,18.30000027269125,12.17142875279699,7.000000104308128,80.27142976756606,3.100000120699406,430.29
2014-06-30,21.80000032484532,12.657143045748985,6.000000089406967,82.08571550888675,40.59999930858612,430.19
2014-07-07,26.100000388920307,16.58571453286069,5.000000074505806,68.55714387872389,25.900000765919685,430.05
2014-07-14,24.00000035762787,15.828571664435524,9.900000147521496,86.88571558041232,51.90000074356794,430.8
2014-07-21,29.200000435113907,20.142857443009103,11.000000163912771,71.84285821339914,51.300001718103886,430.58
2014-07-28,26.200000390410423,18.6000002771616,11.900000177323818,79.10000117868185,24.099999144673347,430.7
2014-08-04,25.100000374019142,18.071428840713843,12.500000186264517,80.25714405306748,33.29999962449074,430.58
2014-08-11,24.00000035762787,16.71428596334798,10.30000015348196,78.22857259426799,8.599999941885471,430.44
2014-08-18,19.10000028461218,12.985714479216508,9.400000140070915,82.84285837731191,31.09999990463257,430.29
2014-08-25,16.300000242888927,10.957143020417009,5.700000084936619,81.08571549398559,41.399999380111694,430.2
2014-09-01,20.60000030696392,13.271428769188269,5.700000084936619,86.41428700195891,20.30000016838312,430.32
2014-09-08,24.600000366568565,15.142857368503298,8.50000012665987,87.90000130981207,6.9999998807907104,430.27
2014-09-15,19.000000283122063,12.54285732976028,6.400000095367432,89.97142991210733,4.59999992698431,430.17
2014-09-22,22.000000327825543,14.585714503058366,5.000000074505806,89.57142990614686,32.399999499320984,430.11
2014-09-29,20.60000030696392,11.985714464315349,4.000000059604645,85.21428698407752,5.499999836087227,430.0
2014-10-06,20.10000029951334,12.800000190734863,6.200000092387199,85.87142985101256,2.7999999076128006,429.92
2014-10-13,17.30000025779009,12.514285900763102,7.500000111758709,89.62857276414123,39.29999929666519,430.0
2014-10-20,20.80000030994416,12.271428754287106,7.900000117719173,86.25714414247444,7.900000050663948,429.97
2014-10-27,12.600000187754633,8.528571555657047,3.400000050663948,87.3857155878629,23.70000006258488,430.15
2014-11-03,17.600000262260437,9.685714430042676,-0.2000000029802322,89.52857276265111,5.699999816715717,430.12
2014-11-10,11.30000016838312,6.757142957832132,0.5000000074505806,88.84285846671888,8.20000009983778,430.05
2014-11-17,14.000000208616257,7.842857259724822,5.000000074505806,91.27142993147883,21.999999821186066,430.03
2014-11-24,13.100000195205212,5.200000077486038,0.2000000029802322,91.75714422443085,3.5,429.98
2014-12-01,6.200000092387199,0.842857155416693,-2.200000032782554,94.14285854569503,2.199999988079071,429.93
2014-12-08,3.700000055134296,-0.0857142869915281,-3.400000050663948,93.20000138878822,3.3000000566244125,429.86
2014-12-15,7.000000104308128,1.8285714558192665,-3.200000047683716,88.214287028781,31.100000716745853,430.06
2014-12-22,10.600000157952309,5.014285789004394,0.6000000089406967,92.08571565789836,40.39999985694885,431.18
2014-12-29,8.50000012665987,0.5857142944421087,-10.100000150501728,88.20000131428242,21.70000004768372,431.83
2015-01-05,5.000000074505806,1.028571443898337,-3.200000047683716,88.98571561170476,7.80000014603138,431.7
2015-01-12,11.400000169873238,3.400000050663948,-1.100000016391277,87.5000013038516,42.40000060200691,432.32
2015-01-19,9.80000014603138,2.3142857487712587,-3.700000055134296,83.37142981375966,12.799999967217444,432.2
2015-01-26,2.600000038743019,-1.5000000223517418,-6.200000092387199,91.24285850248168,16.299999952316284,431.7
2015-02-02,2.600000038743019,-0.5142857219491687,-5.4000000804662704,91.50000136345624,31.10000026226044,431.6
2015-02-09,2.500000037252903,-2.4428571792585507,-9.500000141561031,85.28571555657047,7.700000002980232,431.25
2015-02-16,6.70000009983778,0.9000000134110451,-3.400000050663948,87.21428701387984,0.3000000119209289,431.58
2015-02-23,5.700000084936619,1.0142857293997491,-2.800000041723252,86.00000128149986,8.099999964237213,431.39
2015-03-02,8.00000011920929,2.485714322754315,-2.500000037252903,80.91428692000252,22.600000202655792,431.35
2015-03-09,16.300000242888927,3.928571487111705,-0.4000000059604645,76.4285725674459,11.700000047683716,431.44
2015-03-16,10.000000149011612,2.585714324244431,-2.500000037252903,84.60000126063824,4.0,431.25
2015-03-23,14.600000217556952,4.385714351066521,-3.6000000536441803,83.27142981226955,2.5,430.97
2015-03-30,15.100000225007534,4.90000007301569,-1.100000016391277,81.82857264791217,42.49999928474426,430.77
2015-04-06,8.50000012665987,2.1857143182839667,-3.1000000461936,78.57142974223409,45.69999885559082,432.16
2015-04-13,19.80000029504299,8.471428697662693,-1.600000023841858,67.08571528536933,2.200000047683716,431.73
2015-04-20,21.60000032186508,8.542857270155634,-1.100000016391277,63.58571523321526,0.0,431.35
2015-04-27,19.500000290572643,9.614285857549737,0.5000000074505806,73.12857251827207,21.00000023841858,431.04
2015-05-04,19.10000028461218,7.900000117719173,-1.3000000193715096,73.90000110119581,15.70000010728836,430.78
2015-05-11,22.30000033229589,12.371428755777222,5.000000074505806,67.37142957534108,4.300000011920929,430.54
2015-05-18,24.600000366568565,11.042857307408536,3.200000047683716,67.85714386829308,2.299999989569187,430.34
2015-05-25,18.30000027269125,10.214285866490432,3.200000047683716,72.40000107884407,6.20000009983778,430.17
2015-06-01,17.50000026077032,9.971428720014435,4.000000059604645,74.2714296781591,13.500000193715096,430.03
2015-06-08,30.600000455975533,15.257143084492002,5.500000081956387,65.31428668754441,5.100000001490116,429.9
2015-06-15,27.700000412762165,14.942857365523066,4.90000007301569,66.58571527791875,0.0,429.79
2015-06-22,19.500000290572643,11.057143021907123,2.7000000402331352,79.97142976309571,28.40000031143427,429.71
2015-06-29,24.8000003695488,14.97142879452024,6.800000101327896,72.82857251380172,9.699999764561651,429.67
2015-07-06,35.50000052899122,22.98571462822812,11.60000017285347,61.54285805991718,15.399999625980852,429.6
2015-07-13,29.300000436604023,15.20000022649765,5.500000081956387,73.87142967219863,28.999999821186066,429.55
2015-07-20,30.300000451505184,18.64285742065736,12.500000186264517,79.50000118464231,26.50000023841858,429.56
2015-07-27,25.00000037252903,16.62857167635645,8.900000132620335,78.0857154492821,21.800000071525574,429.52
2015-08-03,29.000000432133675,14.61428593205554,5.700000084936619,68.0857153002705,3.300000011920929,429.48
2015-08-10,31.20000046491623,19.857143153037345,9.600000143051147,73.17142966176782,10.300000071525574,429.43
2015-08-17,29.000000432133675,18.34285741618701,11.800000175833702,83.90000125020742,56.70000077784061,429.53
2015-08-24,23.300000347197056,15.800000235438349,8.50000012665987,73.77142967070851,2.9000000059604645,429.56
2015-08-31,31.000000461936,18.285714558192662,9.00000013411045,74.41428682314498,14.099999666213987,429.5
2015-09-07,18.6000002771616,11.400000169873238,7.200000107288361,87.80000130832195,59.199999906122684,429.54
2015-09-14,20.30000030249357,12.485714471765927,6.000000089406967,86.02857271049704,8.500000216066837,429.69
2015-09-21,17.30000025779009,11.928571606320997,8.100000120699406,85.15714412608317,24.99999985843897,429.73
2015-09-28,15.300000227987766,10.08571443600314,3.400000050663948,86.0857155684914,5.300000071525574,429.68
2015-10-05,19.80000029504299,9.971428720014435,0.9000000134110451,78.30000116676092,1.0,429.61
2015-10-12,17.30000025779009,8.814285845628806,-3.200000047683716,86.65714414843491,15.399999976158142,429.57
2015-10-19,7.400000110268593,3.300000049173832,-1.700000025331974,95.20000141859056,15.700000412762169,429.56
2015-10-26,12.4000001847744,7.628571542246001,3.400000050663948,90.82857278202262,1.900000013411045,429.52
2015-11-02,17.30000025779009,8.985714419611863,3.500000052154064,83.05714409479073,0.2000000029802322,429.49
2015-11-09,17.30000025779009,11.95714303531817,2.7000000402331352,79.05714403518608,4.3999999314546585,429.47
2015-11-16,12.4000001847744,9.185714422592095,2.7000000402331352,87.71428702133042,48.29999941587448,429.78
2015-11-23,13.300000198185444,5.028571503502982,-1.3000000193715096,87.80000130832195,31.600000336766243,430.69
2015-11-30,9.00000013411045,2.485714322754315,-1.3000000193715096,90.9571442125099,76.19999945163727,431.18
2015-12-07,10.900000162422655,6.542857240353312,3.1000000461936,82.70000123232603,6.700000144541264,432.32
2015-12-14,12.600000187754633,4.685714355536869,-0.5000000074505806,86.85714415141514,15.8999994546175,431.92
2015-12-21,12.600000187754633,8.228571551186699,2.7000000402331352,89.97142991210733,11.300000049173832,431.72
2015-12-28,12.600000187754633,8.35714298167399,3.000000044703484,83.4571441007512,4.599999964237213,431.44
2016-01-04,8.50000012665987,2.257142890776907,-1.3000000193715096,93.11428710179668,11.499999791383743,431.19
2016-01-11,6.800000101327896,2.742857183728899,-1.5000000223517418,90.6142870645438,14.800000198185444,430.94
2016-01-18,3.9000000581145287,-1.2857143048729216,-11.400000169873238,92.1571442303913,26.799999713897705,431.2
