Date,TASMAX,TAS,TASMIN,Humidity,Precipitation,GWL
1988-02-15,6.400000095367432,2.1571428892867908,-2.7000000402331352,80.65714405902794,5.600000023841858,40.79
1988-02-22,6.900000102818012,2.571428609745843,-1.80000002682209,84.10000125318766,24.500000059604645,40.83
1988-02-29,5.500000081956387,1.0714285873941012,-1.3000000193715096,88.41428703176123,24.699999928474423,40.92
1988-03-07,5.700000084936619,0.6571428669350488,-4.200000062584877,84.31428697066647,10.90000007301569,40.95
1988-03-14,6.500000096857548,0.828571440918105,-2.800000041723252,78.27142973776374,20.700000263750557,40.98
1988-03-21,9.80000014603138,2.657142896737372,-4.400000065565109,81.47142978544746,20.19999984651804,41.01
1988-03-28,9.600000143051147,4.214285777083465,-0.6000000089406967,85.88571556551116,12.799999989569187,41.04
1988-04-04,12.000000178813934,6.257142950381551,-0.9000000134110451,79.00000117719173,7.9999998807907104,41.07
1988-04-11,16.800000250339508,6.62857152734484,-1.5000000223517418,69.82857246909823,0.699999988079071,41.37
1988-04-18,21.50000032037497,9.042857277606217,-1.600000023841858,57.38571514082806,0.1000000014901161,41.36
1988-04-25,24.8000003695488,8.271428694682461,-3.500000052154064,62.485715216823984,1.1000000312924385,41.29
1988-05-02,23.300000347197056,10.628571586949484,-4.400000065565109,57.88571514827864,0.2000000029802322,41.34
1988-05-09,20.80000030994416,12.885714477726392,1.600000023841858,65.51428669052464,1.100000023841858,41.24
1988-05-16,25.00000037252903,15.34285737148353,3.400000050663948,51.8571436298745,0.0,41.19
1988-05-23,25.30000037699937,11.88571446282523,3.1000000461936,65.81428669499499,0.800000011920929,41.14
1988-05-30,28.00000041723252,18.58571456266301,5.700000084936619,63.314286657742095,2.8999998942017555,41.06
1988-06-06,20.10000029951334,14.085714495607784,7.500000111758709,77.22857257936683,16.099999874830246,40.95
1988-06-13,23.80000035464764,15.157143083001886,5.900000087916851,81.9000012204051,20.50000039488077,40.96
1988-06-20,24.8000003695488,16.12857166890587,6.500000096857548,68.54285816422531,0.0,40.87
1988-06-27,21.1000003144145,14.814285935035771,8.00000011920929,83.97142982270036,12.599999763071535,40.85
1988-07-04,27.10000040382147,18.30000027269125,11.500000171363354,80.22857262407031,33.59999990463257,40.83
1988-07-11,27.200000405311584,17.828571694237844,9.400000140070915,76.1857154209699,23.099999621510506,40.79
1988-07-18,23.80000035464764,16.242857384894574,10.500000156462193,78.9285726046988,22.899999618530277,40.7
1988-07-25,28.700000427663326,19.114285999110766,11.30000016838312,79.24285832366773,13.99999964237213,40.65
1988-08-01,27.80000041425228,17.00000025331974,8.600000128149986,68.90000102669,9.799999810755253,40.65
1988-08-08,26.80000039935112,16.614285961857863,6.000000089406967,73.57142966772828,0.800000011920929,40.6
1988-08-15,29.10000043362379,20.071428870516165,9.80000014603138,67.44285814783403,2.400000050663948,40.56
1988-08-22,27.700000412762165,16.814285964838096,7.400000110268593,70.17142961706433,2.199999988079071,40.5
1988-08-29,26.600000396370888,15.800000235438349,8.900000132620335,78.07142973478351,9.200000025331974,40.38
1988-09-05,24.600000366568565,15.157143083001886,6.900000102818012,74.55714396813086,2.1999999657273293,40.32
1988-09-12,23.500000350177288,14.157143068100725,5.700000084936619,75.27142969306026,2.500000096857548,40.28
1988-09-19,17.50000026077032,12.54285732976028,8.50000012665987,86.0714298539928,11.700000390410423,40.26
1988-09-26,18.50000027567148,13.1142859097038,7.500000111758709,79.81428690361125,3.399999976158142,40.235
1988-10-03,20.30000030249357,11.914285891822406,3.9000000581145287,76.87142971690211,4.399999976158142,40.21
1988-10-10,18.50000027567148,10.957143020417009,5.200000077486038,79.7571440456169,14.20000009983778,40.16
1988-10-17,16.600000247359276,11.142857308898654,1.3000000193715096,90.6142870645438,2.000000052154064,40.15
1988-10-24,14.300000213086603,9.3000001385808,6.400000095367432,84.50000125914812,0.5000000149011611,40.14
1988-10-31,16.800000250339508,5.471428652959211,-3.700000055134296,75.7000011280179,2.499999977648258,40.15
1988-11-07,8.800000131130219,1.600000023841858,-7.000000104308128,79.32857261065926,4.499999821186066,40.15
1988-11-14,11.000000163912771,4.114285775593349,-3.9000000581145287,87.75714416482619,10.100000023841858,40.14
1988-11-21,10.500000156462193,2.842857185219015,-7.400000110268593,89.82857276712146,3.900000065565109,40.14
1988-11-28,8.600000128149986,3.057142902697836,-12.600000187754633,86.74285843542644,6.799999922513962,40.16
1988-12-05,7.700000114738941,-0.3142857189689363,-4.500000067055225,80.34285834005901,19.39999969303608,40.18
1988-12-12,9.500000141561031,4.357142922069345,-2.1000000312924385,86.91428700940949,6.3999999687075615,40.2
1988-12-19,7.000000104308128,1.4857143078531538,-7.400000110268593,83.18571552527803,14.900000050663948,40.22
1988-12-26,9.600000143051147,5.485714367457798,-2.800000041723252,83.88571553570884,5.799999952316284,40.26
1989-01-02,9.400000140070915,6.200000092387199,0.0,87.67142987783465,2.900000013411045,40.3
1989-01-09,9.3000001385808,3.142857189689364,-3.500000052154064,92.30000137537718,2.799999989569187,40.31
1989-01-16,9.500000141561031,5.114285790494511,-1.600000023841858,83.65714410373143,1.7000000029802322,40.32
1989-01-23,7.900000117719173,2.95714290120772,-2.1000000312924385,83.31428695576531,0.0,40.34
1989-01-30,6.500000096857548,0.1142857159887042,-5.900000087916851,86.24285842797586,0.1000000014901161,40.36
1989-02-06,10.80000016093254,3.442857194159712,-1.700000025331974,85.58571556104081,2.099999964237213,40.39
1989-02-13,10.80000016093254,3.7571429131286487,-3.400000050663948,85.52857270304646,3.399999976158142,40.41
1989-02-20,12.600000187754633,4.700000070035458,-1.5000000223517418,84.47142983015094,18.499999910593036,40.44
1989-02-27,10.100000150501728,3.8857143436159407,-2.200000032782554,82.88571552080768,7.799999937415123,40.43
1989-03-06,15.500000230968,5.000000074505806,-0.9000000134110451,87.5000013038516,7.0000001564621925,40.41
1989-03-13,15.000000223517418,7.085714391299656,0.1000000014901161,77.70000115782022,1.200000025331974,40.43
1989-03-20,14.600000217556952,5.200000077486038,-1.0000000149011612,74.65714396962098,11.699999630451202,40.44
1989-03-27,15.600000232458116,5.814285800925323,-0.2000000029802322,75.62857255552497,10.39999971538782,40.435
1989-04-03,21.1000003144145,6.685714385339192,-4.200000062584877,69.20000103116035,0.2000000029802322,40.43
1989-04-10,13.600000202655792,6.728571528834956,-0.800000011920929,70.2142867605601,10.200000025331974,40.48
1989-04-17,24.300000362098217,12.45714304276875,2.200000032782554,66.2714295589498,0.3000000119209289,40.52
1989-04-24,16.300000242888927,6.857142959322248,-2.600000038743019,76.80000114440918,9.59999978542328,40.56
1989-05-01,21.000000312924385,8.557142984654222,1.700000025331974,71.78571535540479,4.299999952316284,40.51
1989-05-08,20.30000030249357,11.542857314859118,2.500000037252903,68.60000102221966,0.0,40.52
1989-05-15,22.100000329315662,11.95714303531817,2.3000000342726707,71.0571439159768,8.999999940395355,40.53
1989-05-22,26.200000390410423,16.114285954407283,5.000000074505806,55.77142940248762,0.0,40.5
1989-05-29,26.30000039190054,17.58571454776185,5.900000087916851,53.628572227699415,0.0,40.46
1989-06-05,22.800000339746475,12.142857323799817,3.200000047683716,70.71428676801068,16.900000035762787,40.39
1989-06-12,23.100000344216824,13.214285911193915,4.500000067055225,72.08571535987514,9.499999858438969,40.3
1989-06-19,27.10000040382147,17.242857399795735,5.700000084936619,55.10000082105398,0.0,40.28
1989-06-26,30.200000450015068,20.52857173447098,7.500000111758709,57.42857228432383,1.2999999523162842,40.225
1989-07-03,31.000000461936,16.442857387874806,7.900000117719173,73.02857251678195,22.99999988079071,40.17
1989-07-10,32.70000048726797,21.571428892867907,12.500000186264517,63.78571523619549,8.199999809265137,40.1
1989-07-17,25.80000038444996,15.385714514979297,8.00000011920929,69.64285818061659,8.500000059604645,40.02
1989-07-24,29.300000436604023,17.257143114294326,7.500000111758709,63.78571523619549,33.00000077486038,39.95
1989-07-31,27.80000041425228,18.785714565643243,11.400000169873238,69.18571531666177,31.299999594688416,39.87
1989-08-07,25.700000382959843,14.385714500078134,8.900000132620335,78.37142973925386,11.900000274181366,39.82
1989-08-14,28.300000421702865,19.25714314409665,13.800000205636024,72.4857153658356,9.699999913573263,39.79
1989-08-21,33.80000050365925,21.40000031888485,9.400000140070915,62.81428665029152,0.400000013411045,39.74
1989-08-28,27.700000412762165,15.20000022649765,7.000000104308128,76.55714399793318,21.49999988079071,39.73
1989-09-04,22.600000336766243,13.642857346151557,4.700000070035458,74.10000110417604,0.7000000029802322,39.72
1989-09-11,25.50000037997961,16.35714310088328,7.000000104308128,69.88571532709258,0.0,39.67
1989-09-18,26.30000039190054,15.371428800480706,7.400000110268593,79.02857260618892,7.699999913573265,39.65
1989-09-25,29.50000043958425,17.900000266730785,10.600000157952309,78.62857260022845,0.4000000059604645,39.63
1989-10-02,17.50000026077032,12.071428751306874,5.500000081956387,77.67142972882304,1.30000002682209,39.61
1989-10-09,17.100000254809856,8.700000129640102,-0.1000000014901161,79.21428689467055,12.600000023841858,39.57
1989-10-16,15.000000223517418,9.357142996575153,1.80000002682209,84.35714411416224,10.399999886751177,39.55
1989-10-23,20.80000030994416,12.285714468785695,4.90000007301569,82.95714409330061,3.599999964237213,39.53
1989-10-30,19.60000029206276,11.88571446282523,7.300000108778477,81.62857264493194,13.900000147521496,39.55
1989-11-06,12.90000019222498,8.00000011920929,1.80000002682209,89.25714418717793,20.300000250339508,39.55
1989-11-13,10.80000016093254,4.528571496052401,-0.6000000089406967,85.74285842052528,5.200000077486038,39.55
1989-11-20,9.00000013411045,1.1428571598870414,-3.700000055134296,79.4000011831522,0.0,39.59
1989-11-27,6.200000092387199,-0.4142857204590526,-5.4000000804662704,87.07142986889396,12.300000250339508,39.605
1989-12-04,6.200000092387199,-2.0428571732980862,-7.300000108778477,88.31428703027112,0.2000000029802322,39.62
1989-12-11,6.900000102818012,0.8714285844138691,-7.200000107288361,84.94285840860435,1.800000049173832,39.67
1989-12-18,11.60000017285347,3.971428630607469,-2.1000000312924385,87.11428701238972,26.199999883770943,39.7
1989-12-25,13.90000020712614,6.728571528834956,0.6000000089406967,82.81428694831473,21.10000076889992,39.73
1990-01-01,3.500000052154064,-1.600000023841858,-4.500000067055225,82.78571551931756,0.2000000029802322,39.75
1990-01-08,1.80000002682209,-0.814285726419517,-5.700000084936619,83.41428695725543,1.600000016391277,39.79
1990-01-15,8.00000011920929,3.657142911638533,-1.5000000223517418,88.5857156057443,1.0999999791383743,39.82
1990-01-22,11.800000175833702,6.857142959322248,1.80000002682209,81.27142978246722,6.30000002682209,39.85
1990-01-29,10.30000015348196,5.114285790494511,1.0000000149011612,76.57142971243177,23.000000335276127,39.9
1990-02-05,11.500000171363354,5.614285797945091,1.0000000149011612,76.80000114440918,5.199999928474426,39.95
1990-02-12,14.600000217556952,5.32857150797333,-1.80000002682209,75.50000112503767,13.200000204145908,40.01
1990-02-19,13.100000195205212,3.442857194159712,-1.100000016391277,85.4857155595507,11.000000037252905,40.05
1990-02-26,17.100000254809856,8.800000131130219,-0.800000011920929,75.15714397707156,8.7999999076128,40.08
1990-03-05,7.700000114738941,3.642857197139944,-1.100000016391277,82.35714408435992,17.50000025331974,40.15
1990-03-12,15.600000232458116,7.814285830727646,1.700000025331974,81.68571550292629,13.899999976158142,40.21
1990-03-19,20.500000305473804,7.442857253764357,-0.800000011920929,73.25714394875935,0.9000000357627869,40.24
1990-03-26,15.400000229477882,8.342857267175402,2.800000041723252,74.28571539265769,2.500000014901161,40.25
1990-04-02,21.1000003144145,7.685714400240353,-0.5000000074505806,74.18571539116758,0.0,40.26
1990-04-09,17.100000254809856,4.342857207570757,-4.200000062584877,63.87142952318703,2.799999952316284,40.3
1990-04-16,16.800000250339508,7.000000104308128,-6.400000095367432,74.00000110268593,10.799999862909315,40.35
1990-04-23,19.60000029206276,9.628571572048324,-1.80000002682209,73.6714296692184,10.000000178813934,40.39
1990-04-30,18.100000269711018,10.000000149011612,2.200000032782554,70.28571533305305,4.30000002682209,40.42
1990-05-07,26.80000039935112,16.985714538821153,4.200000062584877,58.72857230369534,0.0,40.44
1990-05-14,26.700000397861004,15.014285938016004,7.000000104308128,72.18571536136525,3.400000013411045,40.46
1990-05-21,21.1000003144145,12.957143050219331,5.4000000804662704,66.77142956640039,3.900000095367432,40.47
1990-05-28,23.100000344216824,12.228571610791343,1.80000002682209,60.90000090748072,0.699999988079071,40.41
1990-06-04,24.600000366568565,14.11428592460496,1.3000000193715096,66.31428670244557,24.100000143051147,40.35
1990-06-11,20.80000030994416,13.68571448964732,6.500000096857548,82.94285837880203,30.10000007599592,40.32
1990-06-18,23.500000350177288,14.514285930565425,5.000000074505806,73.34285823575088,3.099999964237213,40.3
1990-06-25,26.00000038743019,16.700000248849392,9.00000013411045,77.41428686784846,16.199999630451202,40.27
1990-07-02,28.00000041723252,18.842857423637597,11.500000171363354,75.4571439815419,9.799999967217444,40.26
1990-07-09,22.100000329315662,15.28571451348918,8.600000128149986,73.74285824171135,12.199999570846558,40.24
1990-07-16,24.300000362098217,16.00000023841858,6.200000092387199,65.75714383700064,8.899999618530273,40.18
1990-07-23,26.50000039488077,16.9285716808268,8.50000012665987,67.30000100284815,1.600000001490116,40.11
1990-07-30,30.300000451505184,18.614285991660186,10.600000157952309,69.6142867516194,3.100000001490116,40.05
1990-08-06,32.80000048875809,21.385714604386266,10.000000149011612,54.628572242600576,0.0,39.97
1990-08-13,30.100000448524952,17.914285981229373,8.50000012665987,73.35714395024947,18.60000026226044,39.96
1990-08-20,29.000000432133675,17.00000025331974,10.000000149011612,78.0857154492821,30.19999986886978,39.93
1990-08-27,28.200000420212746,17.114285969308444,6.800000101327896,68.25714387425354,0.699999988079071,39.915
1990-09-03,31.000000461936,18.08571455521243,9.80000014603138,72.41428679334265,21.599999994039536,39.9
1990-09-10,18.100000269711018,12.68571447474616,4.90000007301569,86.82857272241797,33.59999957680702,39.91
1990-09-17,18.6000002771616,12.557143044258869,4.000000059604645,77.8428583028061,3.1999999061226845,39.91
1990-09-24,16.800000250339508,10.900000162422655,6.900000102818012,78.50000116974115,19.899999797344208,39.9
1990-10-01,18.80000028014183,11.271428739385945,4.400000065565109,81.40000121295452,6.299999967217445,39.92
1990-10-08,19.80000029504299,11.400000169873238,6.000000089406967,83.51428695874554,6.600000262260437,39.93
1990-10-15,22.500000335276127,12.385714470275811,4.400000065565109,79.92857261959996,0.0,39.94
1990-10-22,21.60000032186508,11.01428587841136,-1.5000000223517418,82.1428583668811,0.0,39.94
1990-10-29,13.90000020712614,5.842857229922499,-1.0000000149011612,72.58571536732572,11.400000095367432,39.9
1990-11-05,12.4000001847744,5.571428654449327,-2.600000038743019,85.91428699450833,8.800000108778477,39.88
1990-11-12,9.900000147521496,5.014285789004394,-1.5000000223517418,90.00000134110451,1.7999999895691872,39.87
1990-11-19,12.300000183284284,7.757142972733293,4.200000062584877,89.81428705262286,27.50000038743019,39.86
1990-11-26,7.000000104308128,3.114285760692188,-1.0000000149011612,89.12857275669064,16.700000047683716,39.86
1990-12-03,5.700000084936619,1.80000002682209,-4.700000070035458,88.64285846373865,5.099999994039536,39.86
1990-12-10,6.400000095367432,-0.2285714319774082,-6.900000102818012,83.87142982121024,16.800000049173832,39.87
1990-12-17,2.7000000402331352,0.5714285799435207,-2.3000000342726707,87.22857272837844,9.70000022649765,39.87
1990-12-24,5.500000081956387,0.7285714394279889,-2.600000038743019,87.64285844883749,12.000000044703484,39.86
1990-12-31,8.800000131130219,2.857142899717604,-1.5000000223517418,80.58571548653501,13.80000016838312,39.89
1991-01-07,9.00000013411045,5.142857219491686,-0.4000000059604645,78.3142868812595,15.299999803304672,39.95
1991-01-14,14.300000213086603,4.428571494562285,-3.400000050663948,76.25714399346283,2.300000049173832,40.0
1991-01-21,5.000000074505806,-1.2714285903743334,-8.400000125169754,73.37142966474805,2.6999999061226845,40.06
1991-01-28,3.500000052154064,1.757142883326326,-0.4000000059604645,86.68571557743209,0.0,40.095
1991-02-04,2.600000038743019,-4.214285777083465,-12.300000183284284,64.24285810015031,0.0,40.13
1991-02-11,-1.100000016391277,-6.071428661899907,-14.100000210106373,80.05714405008725,10.899999678134918,40.17
1991-02-18,3.400000050663948,-3.17142861868654,-14.000000208616257,83.2142869542752,4.400000110268593,40.19
1991-02-25,11.500000171363354,1.3142857338700975,-12.500000186264517,83.75714410522154,6.700000055134296,40.2
1991-03-04,11.10000016540289,1.771428597824914,-3.200000047683716,73.78571538520711,0.0,40.22
1991-03-11,15.900000236928465,6.571428669350488,1.100000016391277,80.67142977352653,1.9000000059604645,40.26
1991-03-18,17.100000254809856,8.242857265685286,2.3000000342726707,84.17142982568059,0.1000000014901161,40.28
1991-03-25,16.300000242888927,7.700000114738941,0.0,81.12857263748135,21.89999971538782,40.3
1991-04-01,10.500000156462193,4.842857215021338,-2.800000041723252,66.77142956640039,7.400000192224979,40.36
1991-04-08,18.30000027269125,10.000000149011612,3.400000050663948,71.94285821488926,4.100000023841858,40.38
1991-04-15,19.60000029206276,12.028571607811111,-1.5000000223517418,58.24285801074335,0.0,40.39
1991-04-22,15.100000225007534,3.4571429086583003,-5.500000081956387,66.68571527940887,6.100000083446503,40.4
1991-04-29,16.100000239908695,7.985714404710701,-1.80000002682209,70.07142961557422,0.8999999910593033,40.42
1991-05-06,12.90000019222498,7.342857252274241,0.5000000074505806,81.22857263897147,20.300000347197056,40.47
1991-05-13,19.000000283122063,10.471428727465016,1.100000016391277,74.80000111460686,11.000000074505806,40.52
1991-05-20,17.600000262260437,10.614285872450896,0.800000011920929,68.55714387872389,5.200000025331974,40.55
1991-05-27,18.100000269711018,11.728571603340765,3.1000000461936,63.5428580897195,0.2000000029802322,40.545
1991-06-03,22.800000339746475,14.871428793030123,0.1000000014901161,60.31428661303861,1.2000000476837158,40.54
1991-06-10,21.300000317394733,14.25714306959084,3.200000047683716,63.52857237522091,5.799999862909317,40.53
1991-06-17,23.100000344216824,14.228571640593666,6.70000009983778,71.08571534497398,19.10000024735928,40.53
1991-06-24,24.50000036507845,16.057143096412933,7.000000104308128,74.70000111311674,24.09999990463257,40.53
1991-07-01,24.100000359117985,16.228571670395986,8.00000011920929,76.01428684698683,10.299999788403513,40.47
1991-07-08,32.70000048726797,24.028571786625044,12.300000183284284,55.75714368798903,0.0,40.4
1991-07-15,34.20000050961971,21.914286040834018,10.80000016093254,64.08571524066585,7.400000095367432,40.35
1991-07-22,23.000000342726707,17.12857168380703,10.000000149011612,72.01428678738219,8.499999895691872,40.29
1991-07-29,28.60000042617321,20.34285744598933,6.500000096857548,64.9714295395783,11.300000190734863,40.21
1991-08-05,28.10000041872263,21.942857469831196,11.000000163912771,74.34285825065204,8.299999810755253,40.17
1991-08-12,33.30000049620867,21.457143176879203,13.000000193715096,70.20000104606152,28.49999998509884,40.14
1991-08-19,26.700000397861004,17.12857168380703,7.400000110268593,72.27142964835677,4.799999929964542,40.1
1991-08-26,27.80000041425228,17.742857407246316,8.800000131130219,71.80000106990337,2.799999915063381,40.075
1991-09-02,26.600000396370888,17.414285973778792,6.200000092387199,70.01428675757987,2.1000000536441803,40.05
1991-09-09,28.50000042468309,16.171428812401636,7.400000110268593,66.97142956938062,0.2000000029802322,39.96
1991-09-16,26.00000038743019,14.600000217556952,0.9000000134110451,67.9571438697832,7.000000007450581,39.9
1991-09-23,26.30000039190054,14.385714500078134,3.200000047683716,76.40000113844872,12.100000381469728,39.84
1991-09-30,24.100000359117985,14.97142879452024,7.400000110268593,78.47142974074397,7.5000001192092896,39.79
1991-10-07,20.60000030696392,12.471428757267338,5.200000077486038,77.44285829684564,3.600000120699406,39.76
1991-10-14,23.300000347197056,13.8285716346332,6.70000009983778,78.70000117272139,3.400000095367432,39.73
1991-10-21,19.000000283122063,8.328571552676815,-2.200000032782554,76.57142971243177,4.900000013411045,39.7
1991-10-28,10.400000154972076,4.385714351066521,-2.7000000402331352,76.98571543289083,0.2000000029802322,39.685
1991-11-04,15.100000225007534,5.18571436298745,-2.500000037252903,74.01428681718451,17.099999636411667,39.67
1991-11-11,11.000000163912771,5.600000083446503,1.0000000149011612,85.85714413651398,28.19999933987856,39.66
1991-11-18,10.80000016093254,4.8571429295199255,0.1000000014901161,83.32857267026391,2.400000013411045,39.64
1991-11-25,6.200000092387199,2.514285751751491,-5.4000000804662704,88.52857274774995,2.399999976158142,39.63
1991-12-02,6.900000102818012,2.4285714647599628,-1.0000000149011612,91.785715653428,0.4000000059604644,39.62
1991-12-09,6.400000095367432,0.7142857249294009,-7.200000107288361,84.45714411565235,0.400000013411045,39.61
1991-12-16,4.90000007301569,-1.1428571598870414,-9.500000141561031,77.05714400538376,0.0,39.61
1991-12-23,12.300000183284284,3.8857143436159407,-2.800000041723252,85.4857155595507,35.299999475479126,39.6
1991-12-30,10.000000149011612,3.285714334675244,-3.1000000461936,82.35714408435992,4.300000123679638,39.6
1992-01-06,8.900000132620335,4.842857215021338,0.6000000089406967,82.10000122338533,9.69999996572733,39.61
1992-01-13,10.000000149011612,1.9857143153037344,-6.200000092387199,86.05714413949421,5.300000049173832,39.6
1992-01-20,6.70000009983778,3.342857192669596,-6.200000092387199,83.44285838625261,23.799999445676804,39.61
1992-01-27,2.500000037252903,-3.7857143421258246,-9.900000147521496,85.18571555508035,0.1000000014901161,39.635
1992-02-03,5.200000077486038,0.8714285844138691,-1.700000025331974,90.57142992104802,6.499999865889549,39.66
1992-02-10,8.900000132620335,4.214285777083465,-2.1000000312924385,81.12857263748135,3.4000000059604645,39.7
1992-02-17,10.000000149011612,4.342857207570757,-3.400000050663948,84.400001257658,17.29999952763319,39.72
1992-02-24,9.500000141561031,2.257142890776907,-5.4000000804662704,84.07142982419047,7.499999955296516,39.76
1992-03-02,15.800000235438349,5.5285715109535625,-0.9000000134110451,77.50000115483999,1.2000000476837158,39.83
1992-03-09,14.100000210106373,6.500000096857548,0.0,77.08571543438094,8.400000013411045,39.87
1992-03-16,13.800000205636024,3.628571482641356,-1.5000000223517418,75.31428683655602,20.200000256299973,39.91
1992-03-23,12.500000186264517,5.485714367457798,-2.0000000298023224,83.78571553421872,24.1999991685152,39.95
1992-03-30,8.100000120699406,2.9428571867091318,-3.700000055134296,81.51428692894322,8.900000028312206,39.97
1992-04-06,13.500000201165676,5.4000000804662704,-1.5000000223517418,75.51428683953625,10.20000009983778,40.06
1992-04-13,17.50000026077032,8.271428694682461,-1.0000000149011612,64.81428668009383,9.699999809265137,40.15
1992-04-20,14.100000210106373,6.157142948891435,0.2000000029802322,72.74285822681018,16.799999952316284,40.22
1992-04-27,23.300000347197056,11.171428737895829,-2.200000032782554,64.9857152540769,12.999999858438969,40.24
1992-05-04,17.50000026077032,9.857143004025732,0.1000000014901161,67.88571529729026,5.799999862909317,40.26
1992-05-11,18.100000269711018,9.985714434513024,1.3000000193715096,71.72857249741044,20.69999974966049,40.34
1992-05-18,25.80000038444996,14.942857365523066,1.100000016391277,63.04285808226892,0.2000000029802322,40.37
1992-05-25,27.700000412762165,19.000000283122063,7.700000114738941,48.21428643273456,0.0,40.39
1992-06-01,26.50000039488077,18.45714313217572,7.900000117719173,49.728572169584886,0.0,40.35
1992-06-08,28.700000427663326,20.514286019972392,12.600000187754633,54.38571509612458,4.299999907612801,40.3
1992-06-15,26.80000039935112,17.328571686787264,10.80000016093254,61.31428662793977,4.499999888241291,40.25
1992-06-22,27.000000402331352,18.414285988679957,9.600000143051147,53.92857223216976,1.899999976158142,40.2
1992-06-29,30.600000455975533,19.685714579054288,7.400000110268593,45.87142925496613,0.0,40.15
1992-07-06,32.00000047683716,19.30000028759241,10.100000150501728,61.37142948593412,47.20000076293945,40.09
1992-07-13,28.700000427663326,19.21428600060088,8.50000012665987,57.80000086128712,24.50000023841858,40.04
1992-07-20,31.300000466406345,19.20000028610229,7.400000110268593,65.58571526301759,5.3999998569488525,39.98
1992-07-27,35.00000052154064,20.45714316197804,12.300000183284284,61.92857235137905,10.900000095367432,39.955
1992-08-03,31.10000046342612,20.428571732980863,8.00000011920929,59.585715173610616,22.39999961853028,39.93
1992-08-10,36.700000546872616,22.74285748175212,9.900000147521496,54.27142938013588,0.0,39.87
1992-08-17,25.30000037699937,16.385714529880456,6.70000009983778,70.01428675757987,25.899999499320984,39.83
1992-08-24,26.600000396370888,17.357143115784442,10.100000150501728,73.8000010997057,15.699999928474426,39.79
1992-08-31,30.800000458955765,18.628571706158773,12.500000186264517,80.50000119954348,44.59999918937683,39.74
1992-09-07,18.80000028014183,12.700000189244747,3.700000055134296,78.22857259426799,18.9000004529953,39.73
1992-09-14,22.800000339746475,13.671428775148732,6.400000095367432,72.87142965729747,0.400000013411045,39.71
1992-09-21,20.30000030249357,13.000000193715096,4.700000070035458,71.80000106990337,2.700000047683716,39.7
1992-09-28,22.100000329315662,14.47142878706966,8.100000120699406,77.75714401581457,5.099999785423279,39.69
1992-10-05,17.100000254809856,10.128571579498905,2.7000000402331352,72.51428679483277,3.800000101327897,39.68
1992-10-12,13.40000019967556,7.271428679781301,-2.1000000312924385,80.30000119656324,6.600000098347664,39.67
1992-10-19,12.300000183284284,3.971428630607469,-4.500000067055225,74.14285824767181,4.100000075995922,39.66
1992-10-26,12.000000178813934,4.157142919089113,-1.0000000149011612,84.78571554911989,14.399999558925629,39.665
1992-11-02,8.100000120699406,2.8142857562218397,-4.700000070035458,84.71428697662694,15.799999952316284,39.67
1992-11-09,12.500000186264517,6.957142960812364,-3.000000044703484,82.88571552080768,4.5,39.7
1992-11-16,10.600000157952309,4.214285777083465,-1.3000000193715096,87.7428584503276,22.19999957084656,39.72
1992-11-23,8.300000123679638,3.614285768142768,-1.80000002682209,84.54285840264389,13.699999786913397,39.74
1992-11-30,11.000000163912771,4.714285784534046,-1.3000000193715096,86.80000129342079,19.29999988526106,39.78
1992-12-07,12.000000178813934,3.714285769632885,-2.3000000342726707,83.81428696321589,9.399999812245367,39.84
1992-12-14,8.800000131130219,3.685714340635709,0.800000011920929,86.88571558041232,15.100000500679018,39.86
1992-12-21,8.00000011920929,2.200000032782554,-1.3000000193715096,89.85714419611863,14.599999904632568,39.88
1992-12-28,0.1000000014901161,-3.814285771123001,-10.80000016093254,85.21428698407752,0.1000000014901161,39.895
1993-01-04,0.2000000029802322,-6.27142866488014,-14.500000216066836,83.42857267175403,0.1000000014901161,39.91
1993-01-11,10.900000162422655,3.8714286291173527,-11.800000175833702,85.45714413055352,17.399999976158142,39.95
1993-01-18,13.500000201165676,6.328571522874491,-0.9000000134110451,74.82857254360404,11.1999996304512,39.98
1993-01-25,12.90000019222498,5.928571516914027,-0.2000000029802322,77.31428686635834,14.50000013411045,40.05
1993-02-01,2.7000000402331352,-2.471428608255727,-10.900000162422655,84.12857268218484,5.300000190734863,40.13
1993-02-08,4.700000070035458,0.6142857234392849,-6.800000101327896,92.78571566832916,1.699999988079071,40.17
1993-02-15,4.200000062584877,0.4714285784534046,-1.3000000193715096,91.58571565044778,1.100000023841858,40.21
1993-02-22,7.500000111758709,0.9714285859039852,-7.800000116229057,83.04285838029215,21.7000003606081,40.26
1993-03-01,4.700000070035458,-1.7285714543291502,-10.000000149011612,79.34285832515785,0.3000000044703483,40.3
1993-03-08,7.000000104308128,-0.1142857159887041,-6.70000009983778,80.72857263152089,2.0000000074505806,40.33
1993-03-15,15.500000230968,4.300000064074993,-4.700000070035458,78.81428688871009,0.3000000119209289,40.38
1993-03-22,16.600000247359276,8.157142978693757,-2.7000000402331352,74.92857254509416,5.200000166893005,40.42
1993-03-29,10.80000016093254,2.528571466250079,-4.700000070035458,68.54285816422531,1.399999983608723,40.45
1993-04-05,13.300000198185444,5.557142939950738,-5.200000077486038,71.75714392640761,0.699999988079071,40.48
1993-04-12,12.500000186264517,4.642857212041106,-3.1000000461936,70.9428581999881,5.999999910593033,40.51
1993-04-19,15.800000235438349,8.528571555657047,-0.2000000029802322,66.81428670989615,8.70000010728836,40.55
1993-04-26,26.200000390410423,15.78571452093976,0.800000011920929,56.47142941291843,5.500000096857548,40.56
1993-05-03,27.10000040382147,17.65714312025479,8.50000012665987,53.7714293726853,11.699999809265137,40.57
1993-05-10,25.80000038444996,13.457143057669912,0.0,66.45714384743145,12.29999965429306,40.59
1993-05-17,26.30000039190054,16.62857167635645,5.000000074505806,58.78571516168969,0.8000000193715096,40.59
1993-05-24,29.700000442564487,17.45714311727456,9.400000140070915,70.5857153375234,27.299999833106995,40.58
1993-05-31,24.100000359117985,14.142857353602135,6.200000092387199,80.1285726225802,25.600000023841854,40.61
1993-06-07,24.8000003695488,16.242857384894574,6.200000092387199,67.57142957832131,3.999999910593033,40.63
1993-06-14,28.80000042915344,16.91428596632821,9.600000143051147,74.10000110417604,70.09999985992908,40.64
1993-06-21,19.80000029504299,14.285714498588018,5.500000081956387,78.81428688871009,17.699999690055847,40.65
1993-06-28,19.80000029504299,13.314285912684031,7.200000107288361,74.00000110268593,10.900000013411043,40.65
1993-07-05,26.80000039935112,17.80000026524067,5.700000084936619,68.54285816422531,0.0,40.66
1993-07-12,27.000000402331352,14.714285933545655,10.000000149011612,72.21428679036242,6.999999985098839,40.67
1993-07-19,23.80000035464764,16.00000023841858,6.500000096857548,79.98571547759431,23.800000466406345,40.68
1993-07-26,24.300000362098217,15.228571655494823,10.000000149011612,80.01428690659148,32.69999960809946,40.675
1993-08-02,28.700000427663326,17.357143115784442,10.500000156462193,81.08571549398559,43.60000038146973,40.67
1993-08-09,27.000000402331352,17.2857145432915,12.10000018030405,81.74285836092064,19.80000013113022,40.66
1993-08-16,27.500000409781933,17.65714312025479,7.400000110268593,73.442858237241,3.9000000730156894,40.63
1993-08-23,23.000000342726707,14.48571450156825,7.800000116229057,75.12857254807439,7.099999815225601,40.6
1993-08-30,18.80000028014183,12.528571615261692,3.9000000581145287,80.21428690957171,10.200000248849392,40.56
1993-09-06,18.30000027269125,11.642857316349234,4.700000070035458,86.00000128149986,13.100000411272047,40.54
1993-09-13,22.800000339746475,13.442857343171324,7.200000107288361,87.58571559084314,78.40000033378601,40.57
1993-09-20,18.100000269711018,10.842857304428303,2.7000000402331352,84.38571554315942,19.0000007674098,40.64
1993-09-27,22.500000335276127,14.057143066610609,8.800000131130219,88.62857274924006,2.1999999806284904,40.665
1993-10-04,17.600000262260437,10.771428731935364,3.200000047683716,78.01428687678916,1.600000023841858,40.69
1993-10-11,20.10000029951334,12.071428751306874,5.900000087916851,86.5571441469448,13.899999618530272,40.75
1993-10-18,18.100000269711018,7.657142971243177,-2.800000041723252,82.94285837880203,6.199999816715717,40.76
1993-10-25,9.500000141561031,4.685714355536869,-2.200000032782554,83.74285839072296,0.5,40.78
1993-11-01,9.400000140070915,4.714285784534046,-2.1000000312924385,87.77142987932477,0.0,40.79
1993-11-08,7.200000107288361,3.7857143421258246,0.0,96.65714429744652,6.199999958276749,40.8
1993-11-15,8.00000011920929,4.214285777083465,-0.6000000089406967,91.84285851142236,11.100000381469728,40.8
1993-11-22,3.500000052154064,-2.2142857472811426,-7.500000111758709,88.12857274178948,7.899999916553497,40.78
1993-11-29,1.100000016391277,-4.200000062584877,-11.900000177323818,89.95714419760874,0.699999988079071,40.79
1993-12-06,9.500000141561031,2.257142890776907,-8.50000012665987,89.80000133812428,2.800000049173832,40.79
1993-12-13,8.50000012665987,4.171428633587701,0.4000000059604645,86.51428700344903,35.600000739097595,40.8
1993-12-20,12.600000187754633,4.300000064074993,-1.0000000149011612,85.70000127702951,11.400000266730784,40.8
1993-12-27,4.500000067055225,1.2571428758757457,-0.2000000029802322,93.65714425274304,20.000000551342964,40.875
1994-01-03,9.00000013411045,1.8285714558192665,-2.7000000402331352,91.30000136047602,22.000000551342964,40.95
1994-01-10,7.300000108778477,3.485714337655476,-2.1000000312924385,91.45714421996048,13.500000432133676,40.9
1994-01-17,11.000000163912771,3.414285765162536,-4.000000059604645,83.52857267324414,11.200000315904616,41.02
1994-01-24,8.50000012665987,2.871428614216192,-4.200000062584877,87.3857155878629,22.800000049173832,41.08
1994-01-31,8.600000128149986,3.971428630607469,0.5000000074505806,85.1142869825874,55.19999831914902,41.36
1994-02-07,6.200000092387199,1.885714313813618,-1.3000000193715096,82.30000122636557,0.4000000059604645,41.51
1994-02-14,7.000000104308128,-1.0285714438983375,-11.500000171363354,76.82857257340636,2.1999999582767487,41.51
1994-02-21,1.3000000193715096,-4.057142917598997,-8.50000012665987,70.47142962153468,3.1999999061226845,41.51
1994-02-28,9.80000014603138,-0.6714285814336368,-12.4000001847744,86.0857155684914,1.4999999552965164,41.49
1994-03-07,10.30000015348196,3.800000056624413,-1.600000023841858,84.14285839668342,24.90000021457672,41.47
1994-03-14,12.800000190734863,7.142857249294009,-1.5000000223517418,79.11428689318043,14.800000190734863,41.46
1994-03-21,8.50000012665987,2.7857143272246634,-0.4000000059604645,83.70000124722719,26.299999989569184,41.45
1994-03-28,13.000000193715096,6.085714376398495,-2.500000037252903,77.17142972137246,19.900000452995304,41.485
1994-04-04,18.0000002682209,7.3571429667728285,-0.6000000089406967,78.9142868902002,11.799999825656414,41.52
1994-04-11,12.300000183284284,5.228571506483214,-1.100000016391277,79.61428690063101,7.100000001490116,41.61
1994-04-18,15.100000225007534,7.1000001057982445,0.9000000134110451,75.62857255552497,29.900000549852848,41.64
1994-04-25,21.300000317394733,11.857143033828054,-2.600000038743019,60.10000089555979,0.3000000119209289,41.66
1994-05-02,22.500000335276127,12.500000186264517,3.000000044703484,73.78571538520711,0.5000000074505806,41.62
1994-05-09,22.600000336766243,12.54285732976028,2.800000041723252,62.2285723558494,3.900000050663948,41.58
1994-05-16,23.300000347197056,15.28571451348918,6.70000009983778,65.85714383849076,2.200000017881393,41.52
1994-05-23,23.80000035464764,13.385714485176972,5.500000081956387,79.18571546567338,19.800000309944156,41.47
1994-05-30,19.80000029504299,12.228571610791343,3.1000000461936,76.84285828790495,2.9000000432133675,41.43
1994-06-06,25.30000037699937,13.600000202655792,2.500000037252903,72.41428679334265,3.5999999940395355,41.37
1994-06-13,22.30000033229589,13.957143065120492,6.400000095367432,79.98571547759431,52.8999994546175,41.33
1994-06-20,23.000000342726707,13.75714306214026,4.90000007301569,73.28571537775653,4.000000014901161,41.28
1994-06-27,29.000000432133675,18.50000027567148,4.90000007301569,62.000000923872,0.700000025331974,41.235
1994-07-04,33.20000049471855,21.41428603338344,10.400000154972076,59.7285723185965,15.800000190734863,41.19
1994-07-11,28.200000420212746,18.48571456117289,11.500000171363354,71.58571535242456,27.899999618530277,41.1
1994-07-18,31.80000047385693,22.4142860482846,13.800000205636024,59.528572315616266,1.0,41.0
1994-07-25,34.20000050961971,22.871428912239416,9.3000001385808,47.02857212935175,0.0,40.9
1994-08-01,37.30000055581331,26.65714325436524,16.600000247359276,53.08571507675307,0.7000000029802322,40.8
1994-08-08,35.30000052601099,22.528571764273305,10.80000016093254,59.17142945315157,1.0,40.7
1994-08-15,28.60000042617321,17.014285967818328,10.400000154972076,74.37142967964921,22.80000054836273,40.59
1994-08-22,24.100000359117985,15.142857368503298,8.00000011920929,78.12857259277787,34.400000393390656,40.5
1994-08-29,24.8000003695488,16.700000248849392,9.400000140070915,80.48571548504489,54.3999988809228,40.51
1994-09-05,22.100000329315662,15.628571661455291,9.3000001385808,83.90000125020742,12.200000166893004,40.52
1994-09-12,18.100000269711018,13.714285918644496,9.500000141561031,85.54285841754505,44.79999941587448,40.53
1994-09-19,20.30000030249357,12.471428757267338,7.000000104308128,85.50000127404928,42.70000004768372,40.54
1994-09-26,21.300000317394733,13.000000193715096,6.000000089406967,85.42857270155635,3.700000062584877,40.56
1994-10-03,16.600000247359276,10.900000162422655,4.400000065565109,82.70000123232603,8.500000394880772,40.58
1994-10-10,11.900000177323818,4.757142928029809,-1.100000016391277,80.38571548355478,0.5000000074505805,40.53
1994-10-17,17.30000025779009,6.657142956342016,-2.0000000298023224,84.50000125914812,0.1000000014901161,40.65
1994-10-24,15.600000232458116,6.742857243333544,-3.400000050663948,69.24285817465612,2.300000049173832,40.66
1994-10-31,15.500000230968,8.814285845628806,0.5000000074505806,85.4714298450521,32.90000040829182,40.63
1994-11-07,13.600000202655792,7.885714403220585,-0.2000000029802322,81.70000121742487,0.5000000149011611,40.61
1994-11-14,12.10000018030405,4.785714357026985,-2.3000000342726707,82.90000123530626,14.700000002980232,40.61
1994-11-21,14.40000021457672,7.900000117719173,3.200000047683716,85.91428699450833,21.899999774992462,40.6
1994-11-28,11.000000163912771,6.214285806885788,-0.800000011920929,89.90000133961439,4.299999982118607,40.62
1994-12-05,11.000000163912771,3.8857143436159407,-3.9000000581145287,88.75714417972735,3.800000011920929,40.64
1994-12-12,12.500000186264517,6.528571525854724,-1.700000025331974,87.2571441573756,33.50000033527613,40.66
1994-12-19,11.10000016540289,1.9142857428107944,-3.200000047683716,86.3285727149674,2.6999999657273293,40.68
1994-12-26,3.700000055134296,-0.2428571464759963,-3.200000047683716,91.785715653428,5.500000014901161,40.7
1995-01-02,12.500000186264517,4.928571502012866,-2.200000032782554,84.30000125616789,17.600000485777855,40.72
1995-01-09,1.700000025331974,-4.82857150052275,-10.900000162422655,84.54285840264389,12.900000095367432,40.76
1995-01-16,6.500000096857548,0.9000000134110452,-5.4000000804662704,84.54285840264389,2.8000000044703484,40.81
1995-01-23,10.500000156462193,1.87142859931503,-2.200000032782554,80.90000120550394,22.30000028759241,40.85
1995-01-30,11.500000171363354,4.157142919089113,-1.3000000193715096,87.35714415886572,30.30000002682209,40.91
1995-02-06,11.10000016540289,4.814285786024162,-2.600000038743019,82.08571550888675,3.1999999657273293,41.01
1995-02-13,11.400000169873238,3.1000000461936,-4.000000059604645,83.91428696470601,17.600000120699406,41.09
1995-02-20,11.30000016838312,5.714285799435207,1.3000000193715096,80.77142977501664,23.70000012218952,41.14
1995-02-27,13.800000205636024,3.4714286231568883,-2.0000000298023224,79.60000118613243,8.50000011920929,41.18
1995-03-06,11.000000163912771,4.785714357026985,-3.1000000461936,77.0285725763866,9.2999999076128,41.2
1995-03-13,10.000000149011612,2.8285714707204277,-3.700000055134296,75.72857255701508,0.0,41.23
1995-03-20,9.500000141561031,2.642857182238783,-4.700000070035458,78.52857259873834,15.199999690055847,41.25
1995-03-27,13.90000020712614,5.04285721800157,-2.7000000402331352,72.67142965431724,19.600000143051147,41.25
1995-04-03,17.00000025331974,4.842857215021338,-3.200000047683716,77.40000115334988,15.80000016838312,41.25
1995-04-10,12.000000178813934,6.028571518404143,-1.100000016391277,70.2142867605601,7.700000047683716,41.25
1995-04-17,13.90000020712614,5.542857225452151,-1.100000016391277,80.4714297705463,14.40000019222498,41.25
1995-04-24,26.600000396370888,11.30000016838312,-0.5000000074505806,69.05714388617447,12.100000023841858,41.25
1995-05-01,21.50000032037497,10.414285869470664,-2.1000000312924385,66.0428581269724,0.0,41.22
1995-05-08,23.500000350177288,12.914285906723569,1.700000025331974,63.04285808226892,2.0,41.18
1995-05-15,14.600000217556952,8.42857155416693,1.80000002682209,74.38571539414781,7.399999961256981,41.15
1995-05-22,17.30000025779009,9.814285860529967,0.2000000029802322,70.64285819551775,7.6000001430511475,41.11
1995-05-29,29.300000436604023,17.971428839223726,4.90000007301569,60.11428661005838,22.200000002980232,41.06
1995-06-05,23.000000342726707,13.75714306214026,5.700000084936619,84.67142983313117,28.20000047981739,41.04
1995-06-12,21.60000032186508,13.728571633143083,5.4000000804662704,74.57142968262944,7.199999928474426,41.01
1995-06-19,21.50000032037497,13.571428773658615,6.70000009983778,81.14285835197994,15.600000157952309,41.12
1995-06-26,26.30000039190054,16.91428596632821,8.50000012665987,71.81428678440196,12.600000381469728,41.135
1995-07-03,27.000000402331352,18.542857419167245,6.500000096857548,64.35714381613901,10.600000381469728,41.15
1995-07-10,32.600000485777855,20.114286014011928,10.100000150501728,64.64285810611078,0.2000000029802322,40.99
1995-07-17,31.500000469386578,21.68571460885661,13.800000205636024,72.68571536881583,2.800000049173832,40.87
1995-07-24,34.50000051409006,20.10000029951334,7.900000117719173,70.85714391299656,5.599999882280827,40.78
1995-07-31,32.100000478327274,21.957143184329784,10.100000150501728,56.15714369394949,3.600000023841858,40.67
1995-08-07,31.500000469386578,21.342857460890496,10.900000162422655,55.65714368649891,0.0,40.55
1995-08-14,31.20000046491623,20.10000029951334,6.70000009983778,52.05714363285473,1.899999976158142,40.43
1995-08-21,31.80000047385693,21.657143179859435,11.10000016540289,59.81428660558803,0.0,40.33
1995-08-28,31.600000470876694,18.44285741767713,10.500000156462193,69.88571532709258,9.200000151991844,40.295
1995-09-04,19.10000028461218,12.985714479216508,7.500000111758709,75.91428684549672,18.999999821186066,40.26
1995-09-11,23.600000351667404,15.542857374463765,7.500000111758709,78.10000116378069,9.600000217556952,40.21
1995-09-18,24.100000359117985,14.97142879452024,7.500000111758709,76.31428685145718,2.5999999046325684,40.16
1995-09-25,19.60000029206276,12.81428590523345,4.500000067055225,82.24285836837122,13.300000175833702,40.15
1995-10-02,17.600000262260437,8.871428703623158,1.3000000193715096,81.74285836092064,23.099999740719795,40.13
1995-10-09,24.300000362098217,15.828571664435524,6.000000089406967,80.04285833558866,0.6000000014901161,40.12
1995-10-16,24.300000362098217,13.98571449411767,6.500000096857548,88.24285845777818,0.7000000029802322,40.1
1995-10-23,17.80000026524067,8.600000128149986,-3.000000044703484,81.7714297899178,1.3999999538064003,40.07
1995-10-30,19.30000028759241,8.50000012665987,0.1000000014901161,84.2857155416693,1.4000000283122065,40.06
1995-11-06,10.000000149011612,3.74285719863006,-3.400000050663948,85.27142984207187,23.29999966919422,40.05
1995-11-13,11.000000163912771,3.8857143436159407,-5.500000081956387,89.92857276861157,2.7999999672174454,40.05
1995-11-20,10.900000162422655,2.842857185219015,-6.500000096857548,85.78571556402105,19.20000004768372,40.04
1995-11-27,7.000000104308128,0.057142857994352,-8.50000012665987,91.04285849950143,0.4000000059604645,40.04
1995-12-04,1.5000000223517418,-1.5142857368503295,-4.500000067055225,88.62857274924006,1.0999999940395355,40.04
1995-12-11,2.7000000402331352,-2.2142857472811426,-7.500000111758709,88.92857275371041,4.8999999538064,40.03
1995-12-18,3.000000044703484,-2.4428571792585507,-8.00000011920929,90.58571563554662,0.3000000044703483,40.03
1995-12-25,7.800000116229057,-1.3000000193715096,-9.80000014603138,92.21428708838565,22.69999996572733,40.02
1996-01-01,0.4000000059604645,-8.228571551186699,-15.100000225007534,85.87142985101256,0.1000000014901161,40.03
1996-01-08,3.400000050663948,-3.485714337655476,-8.300000123679638,87.2571441573756,0.2000000029802322,40.03
1996-01-15,3.9000000581145287,0.028571428997176,-2.0000000298023224,95.0285728446075,0.0,40.04
1996-01-22,0.5000000074505806,-3.4714286231568883,-8.50000012665987,87.12857272688832,0.2000000029802322,40.04
1996-01-29,-0.800000011920929,-8.171428693192345,-13.600000202655792,72.20000107586384,0.0,40.04
1996-02-05,-0.4000000059604645,-5.200000077486038,-14.40000021457672,82.47142980034862,2.6999999284744263,40.04
1996-02-12,5.000000074505806,-7.385714395770004,-17.600000262260437,75.75714398601225,2.700000047683716,40.04
1996-02-19,4.700000070035458,0.7285714394279889,-6.200000092387199,88.95714418270758,18.600000143051147,40.04
1996-02-26,10.500000156462193,-3.085714331695012,-12.90000019222498,82.6285726598331,3.300000049173832,40.05
1996-03-04,8.00000011920929,-0.3285714334675244,-6.200000092387199,80.45714405604771,0.1000000014901161,40.06
1996-03-11,4.400000065565109,-0.6142857234392848,-6.900000102818012,71.97142964388642,4.300000190734863,40.07
1996-03-18,6.200000092387199,-0.1714285739830562,-7.800000116229057,77.45714401134423,0.3000000119209289,40.08
1996-03-25,10.900000162422655,2.8285714707204277,-3.9000000581145287,81.60000121593475,6.199999809265137,40.08
1996-04-01,7.300000108778477,1.028571443898337,-6.200000092387199,75.77142970051084,6.300000160932541,40.11
1996-04-08,18.6000002771616,5.614285797945091,-5.200000077486038,68.77142959620271,0.0,40.14
1996-04-15,15.100000225007534,4.4714286380580495,-4.700000070035458,69.90000104159117,1.2000000029802322,40.17
1996-04-22,28.300000421702865,14.442857358072484,0.2000000029802322,45.88571496946471,0.1000000014901161,40.19
1996-04-29,28.700000427663326,12.61428590225322,4.400000065565109,69.55714389362505,5.000000037252903,40.21
1996-05-06,19.10000028461218,10.042857292507376,-1.100000016391277,74.78571540010827,5.900000214576721,40.24
1996-05-13,20.000000298023224,8.72857155863728,4.200000062584877,85.27142984207187,16.7999999076128,40.26
1996-05-20,24.50000036507845,13.142857338700976,5.700000084936619,76.15714399197272,12.499999977648258,40.27
1996-05-27,19.80000029504299,12.885714477726392,4.200000062584877,81.3000012114644,47.30000078678131,40.27
1996-06-03,29.800000444054604,14.785714506038598,1.3000000193715096,74.34285825065204,3.000000037252903,40.27
1996-06-10,33.80000050365925,21.12857174341168,9.100000135600569,67.52857243482556,7.799999952316284,40.27
1996-06-17,29.200000435113907,16.442857387874806,6.200000092387199,65.77142955149922,0.1000000014901161,40.26
1996-06-24,19.80000029504299,12.7571430472391,4.000000059604645,72.05714393087796,0.5,40.26
1996-07-01,22.100000329315662,14.371428785579544,5.500000081956387,76.21428684996707,17.40000009536743,40.23
1996-07-08,22.800000339746475,14.571428788559777,8.100000120699406,82.21428693937403,23.50000062584877,40.19
1996-07-15,24.00000035762787,16.271428813891752,8.900000132620335,77.88571544630187,3.1000000983476643,40.16
1996-07-22,26.30000039190054,15.442857372973648,4.500000067055225,64.82857239459243,0.3000000119209289,40.11
1996-07-29,27.200000405311584,17.914285981229373,9.600000143051147,75.75714398601225,11.900000095367432,40.07
1996-08-05,26.700000397861004,17.485714546271733,8.400000125169754,72.957143944289,6.900000095367432,40.04
1996-08-12,27.700000412762165,19.6714288645557,11.000000163912771,67.3571438608425,14.399999618530272,40.01
1996-08-19,29.10000043362379,17.914285981229373,11.10000016540289,80.72857263152089,6.199999883770943,39.98
1996-08-26,30.300000451505184,20.800000309944156,10.500000156462193,64.0142866681729,2.400000035762787,39.965
1996-09-02,25.600000381469727,15.871428807931286,4.90000007301569,74.10000110417604,9.100000269711018,39.95
1996-09-09,22.800000339746475,13.1142859097038,5.000000074505806,70.47142962153468,3.200000002980232,39.93
1996-09-16,18.0000002682209,11.328571597380298,3.400000050663948,79.94285833409855,12.100000344216824,39.91
1996-09-23,16.50000024586916,9.80000014603138,4.000000059604645,75.50000112503767,0.5,39.89
1996-09-30,20.30000030249357,11.52857160036053,6.000000089406967,84.90000126510859,10.8999999538064,39.88
1996-10-07,16.50000024586916,9.15714299359492,1.0000000149011612,86.25714414247444,18.49999964237213,39.87
1996-10-14,17.30000025779009,9.885714433022908,0.0,86.60000129044056,0.4000000059604644,39.86
1996-10-21,17.100000254809856,9.857143004025732,3.9000000581145287,91.47142993445908,16.09999979287386,39.85
1996-10-28,14.40000021457672,7.342857252274241,1.0000000149011612,91.25714421698024,17.199999824166298,39.9
1996-11-04,16.00000023841858,10.557143014456544,6.500000096857548,86.94285843840667,10.900000408291817,39.95
1996-11-11,15.600000232458116,7.142857249294009,-0.5000000074505806,83.68571553272861,10.899999894201756,39.94
1996-11-18,9.600000143051147,4.428571494562285,-2.3000000342726707,92.05714422890118,19.60000076889992,39.99
1996-11-25,7.700000114738941,2.2142857472811426,-3.200000047683716,84.5285726881453,7.5,40.02
1996-12-02,5.500000081956387,1.2857143048729216,-1.600000023841858,92.45714423486164,24.000000096857548,40.03
1996-12-09,8.100000120699406,1.2285714468785696,-2.600000038743019,88.90000132471323,3.000000096857548,40.02
1996-12-16,6.000000089406967,-0.2285714319774083,-7.300000108778477,91.18571564448732,1.200000025331974,40.06
1996-12-23,2.3000000342726707,-2.9142857577119554,-11.60000017285347,86.57142986144338,3.800000101327897,40.09
1996-12-30,-0.800000011920929,-9.042857277606217,-16.300000242888927,85.97142985250268,1.7999999523162842,40.095
1997-01-06,-3.1000000461936,-10.80000016093254,-23.100000344216824,83.82857267771449,0.0,40.1
1997-01-13,3.1000000461936,-4.557142925049577,-7.800000116229057,88.92857275371041,0.1000000014901161,40.08
1997-01-20,7.800000116229057,-0.7000000104308128,-9.100000135600569,89.97142991210733,2.300000011920929,40.13
1997-01-27,9.00000013411045,0.7000000104308127,-6.000000089406967,85.80000127851963,0.4000000059604644,40.11
1997-02-03,4.200000062584877,0.128571430487292,-8.100000120699406,89.52857276265111,0.800000011920929,40.08
1997-02-10,11.400000169873238,4.057142917598997,-1.80000002682209,80.0000011920929,1.7000000029802322,40.14
1997-02-17,10.30000015348196,2.714285754731723,-3.700000055134296,82.80000123381615,14.599999740719795,40.16
1997-02-24,13.600000202655792,6.357142951871667,-1.100000016391277,81.28571549696582,21.20000002533197,40.16
1997-03-03,18.50000027567148,6.728571528834956,-1.5000000223517418,75.88571541649955,11.599999904632568,40.14
1997-03-10,15.100000225007534,5.028571503502982,-3.9000000581145287,78.3142868812595,0.1000000014901161,40.2
1997-03-17,11.30000016838312,5.04285721800157,-1.80000002682209,88.60000132024288,7.199999928474426,40.17
1997-03-24,7.400000110268593,0.9857143004025732,-6.000000089406967,79.5285726136395,8.100000008940697,40.23
1997-03-31,14.100000210106373,6.214285806885788,-1.5000000223517418,74.31428682165486,10.899999976158142,40.26
1997-04-07,17.100000254809856,5.18571436298745,-3.6000000536441803,74.30000110715628,12.09999968111515,40.26
1997-04-14,15.400000229477882,6.200000092387199,-5.000000074505806,65.87142955298934,0.7999999895691872,40.3
1997-04-21,14.100000210106373,4.400000065565109,-5.500000081956387,64.91428668158395,0.6000000238418579,40.31
1997-04-28,17.30000025779009,9.128571564597744,-2.200000032782554,62.08571521086352,8.100000381469727,40.335
1997-05-05,21.1000003144145,11.628571601850648,4.200000062584877,78.97142974819455,19.099999725818638,40.36
1997-05-12,22.800000339746475,11.38571445537465,0.9000000134110451,69.05714388617447,8.700000390410423,40.35
1997-05-19,27.3000004068017,18.44285741767713,9.600000143051147,73.3285725212523,8.5,40.38
1997-05-26,20.30000030249357,10.87142873342548,-0.9000000134110451,76.40000113844872,37.80000066757202,40.4
1997-06-02,21.000000312924385,11.285714453884534,0.2000000029802322,67.27142957385097,5.100000001490116,40.4
1997-06-09,26.80000039935112,18.80000028014183,5.700000084936619,56.08571512145655,3.299999952316284,40.37
1997-06-16,28.60000042617321,18.15714312770537,9.3000001385808,68.48571530623096,12.699999809265137,40.32
1997-06-23,21.300000317394733,15.05714308151177,4.700000070035458,69.45714389213494,14.60000029951334,40.3
1997-06-30,31.10000046342612,17.014285967818328,7.300000108778477,75.11428683357579,4.600000202655792,40.38
1997-07-07,26.200000390410423,18.114285984209605,9.500000141561031,71.50000106543303,1.399999976158142,40.46
1997-07-14,27.700000412762165,19.75714315154723,9.3000001385808,58.31428658323629,0.0,40.11
1997-07-21,26.600000396370888,17.71428597824914,14.100000210106373,83.25714409777096,71.79999981075525,39.89
1997-07-28,28.00000041723252,19.27142885859524,11.500000171363354,74.12857253317323,3.199999995529652,40.08
1997-08-04,27.80000041425228,17.885714552232198,10.100000150501728,77.04285829088518,14.100000098347664,40.06
1997-08-11,31.000000461936,21.44285746238061,13.000000193715096,67.68571529431003,0.5,40.04
1997-08-18,32.100000478327274,21.885714611836843,12.000000178813934,63.14285808375904,1.399999976158142,39.98
1997-08-25,32.00000047683716,23.242857489202702,15.100000225007534,62.128572354359285,0.0,39.9
1997-09-01,31.300000466406345,19.342857431088174,11.000000163912771,77.35714400985411,24.10000023990869,39.88
1997-09-08,28.300000421702865,18.15714312770537,10.000000149011612,77.61428687082869,5.799999929964542,39.85
1997-09-15,23.100000344216824,13.228571625692505,5.500000081956387,71.95714392938784,1.800000011920929,39.83
1997-09-22,24.300000362098217,11.128571594400066,0.2000000029802322,74.25714396366051,0.0,39.78
1997-09-29,22.30000033229589,11.785714461335116,1.3000000193715096,76.771429715412,2.200000047683716,39.77
1997-10-06,21.300000317394733,12.871428763227804,5.700000084936619,77.9571440187948,2.400000035762787,39.76
1997-10-13,23.300000347197056,12.81428590523345,4.200000062584877,79.67142975862537,25.799999952316284,39.77
1997-10-20,19.30000028759241,7.400000110268593,-1.0000000149011612,79.72857261661973,0.3000000119209289,39.73
1997-10-27,10.400000154972076,1.9857143153037344,-5.4000000804662704,77.88571544630187,9.600000359117985,39.7
1997-11-03,10.000000149011612,2.871428614216192,-6.900000102818012,80.52857262854066,1.4000000208616257,39.73
1997-11-10,16.00000023841858,6.457142953361784,-3.000000044703484,81.7857155044164,8.5,39.72
1997-11-17,11.800000175833702,5.142857219491686,0.5000000074505806,89.64285847863981,7.39999982714653,39.73
1997-11-24,5.200000077486038,-0.1285714304872921,-3.500000052154064,83.90000125020742,0.0,39.76
1997-12-01,8.00000011920929,1.2000000178813934,-3.200000047683716,91.90000136941671,8.99999988079071,39.75
1997-12-08,6.70000009983778,1.3285714483686857,-4.90000007301569,90.91428706901414,8.600000098347664,39.78
1997-12-15,10.400000154972076,4.514285781553814,-3.200000047683716,87.91428702431065,31.50000023841858,39.77
1997-12-22,1.0000000149011612,-3.942857201610293,-13.300000198185444,84.34285839966365,2.700000047683716,39.78
1997-12-29,10.100000150501728,4.257142920579229,-1.100000016391277,91.0857156429972,12.60000017285347,39.855
1998-01-05,8.50000012665987,5.285714364477566,-0.6000000089406967,85.30000127106905,23.19999971985817,39.93
1998-01-12,12.300000183284284,5.900000087916851,-1.3000000193715096,88.5714298912457,25.400000289082527,39.78
1998-01-19,9.80000014603138,4.285714349576405,-0.2000000029802322,83.31428695576531,10.200000204145908,39.88
1998-01-26,3.700000055134296,-0.9571428714053972,-8.100000120699406,86.68571557743209,3.0999999344348907,39.92
1998-02-02,3.1000000461936,-3.7714286276272366,-13.000000193715096,80.87142977650676,3.999999955296517,39.91
1998-02-09,9.00000013411045,2.1285714602896144,-3.6000000536441803,81.1857154954757,0.400000013411045,39.97
1998-02-16,13.600000202655792,9.57142871405397,0.2000000029802322,79.24285832366773,1.9000000283122065,39.99
1998-02-23,15.100000225007534,6.157142948891435,0.5000000074505806,78.27142973776374,0.0,39.98
1998-03-02,11.60000017285347,6.228571521384375,-3.000000044703484,82.0285726508924,8.200000047683716,40.01
1998-03-09,16.800000250339508,4.957142931010042,-3.200000047683716,82.55714408734015,38.900000393390656,40.03
1998-03-16,9.00000013411045,2.385714321264199,-3.9000000581145287,77.24285829386541,5.600000001490116,40.06
1998-03-23,10.900000162422655,3.842857200120176,-2.200000032782554,73.05714394577912,5.199999943375588,40.09
1998-03-30,17.50000026077032,6.285714379378727,-6.400000095367432,70.87142962749515,0.4000000059604645,40.13
1998-04-06,18.80000028014183,9.80000014603138,4.400000065565109,84.00000125169754,22.09999978542328,40.17
1998-04-13,15.400000229477882,6.885714388319424,0.5000000074505806,79.25714403816632,15.400000095367432,40.17
1998-04-20,16.50000024586916,7.428571539265769,-0.1000000014901161,68.92857245568719,8.999999940395355,40.21
1998-04-27,21.80000032484532,13.1142859097038,2.500000037252903,77.27142972286258,6.699999988079071,40.26
1998-05-04,22.800000339746475,13.814285920134612,5.200000077486038,75.7000011280179,9.399999894201756,40.3
1998-05-11,29.300000436604023,15.92857166592564,4.200000062584877,67.90000101178885,1.6000000536441803,40.29
1998-05-18,27.60000041127205,14.442857358072484,4.000000059604645,56.37142941142832,0.1000000014901161,40.3
1998-05-25,23.600000351667404,12.157143038298402,4.400000065565109,66.48571527642864,5.000000074505806,40.33
1998-06-01,29.200000435113907,18.128571698708196,7.700000114738941,71.42857249294009,4.000000089406967,40.31
1998-06-08,31.600000470876694,19.371428860085352,10.500000156462193,63.97142952467714,2.999999977648258,40.25
1998-06-15,26.700000397861004,15.571428803460938,5.900000087916851,71.08571534497398,8.000000096857548,40.22
1998-06-22,29.50000043958425,16.828571679336683,6.70000009983778,72.3571439353483,8.899999856948853,40.19
1998-06-29,25.100000374019142,17.07142882581268,10.30000015348196,74.92857254509416,24.100000381469727,40.165
1998-07-06,22.100000329315662,14.84285736403295,10.000000149011612,79.21428689467055,17.600000023841858,40.14
1998-07-13,21.300000317394733,14.571428788559777,8.50000012665987,79.25714403816632,20.49999952316284,40.14
1998-07-20,31.000000461936,17.028571682316915,10.000000149011612,70.30000104755163,4.000000037252903,40.12
1998-07-27,34.50000051409006,19.871428867535933,7.000000104308128,64.18571524215596,20.70000002533197,40.08
1998-08-03,24.00000035762787,17.07142882581268,10.000000149011612,75.77142970051084,16.500000171363354,40.05
1998-08-10,29.800000444054604,18.45714313217572,8.00000011920929,66.8857152823891,1.399999976158142,40.04
1998-08-17,30.300000451505184,20.0285717270204,8.300000123679638,57.57142942930971,0.6000000238418578,40.0
1998-08-24,27.3000004068017,15.328571656984945,6.70000009983778,73.78571538520711,34.39999985694885,39.98
1998-08-31,19.10000028461218,12.67142876024757,7.900000117719173,82.04285836539098,24.499999701976776,39.965
1998-09-07,21.300000317394733,15.542857374463765,6.400000095367432,81.72857264642205,9.400000035762789,39.95
1998-09-14,24.300000362098217,14.91428593652589,5.700000084936619,82.54285837284156,22.700000509619716,39.95
1998-09-21,20.10000029951334,12.385714470275811,5.500000081956387,83.20000123977661,7.699999764561653,39.92
1998-09-28,21.60000032186508,13.028571622712272,6.000000089406967,85.67142984803233,0.6000000238418579,39.96
1998-10-05,16.50000024586916,7.671428685741765,1.80000002682209,81.75714407541922,9.399999625980854,39.95
1998-10-12,12.600000187754633,9.057142992104804,1.5000000223517418,86.04285842499563,17.69999948143959,39.97
1998-10-19,18.6000002771616,9.342857282076563,-0.5000000074505806,82.88571552080768,5.900000065565109,39.94
1998-10-26,16.100000239908695,9.757143002535615,1.5000000223517418,83.27142981226955,36.199999526143074,39.98
1998-11-02,12.000000178813934,6.214285806885788,1.3000000193715096,85.82857270751681,59.79999876022339,40.05
1998-11-09,9.400000140070915,4.671428641038282,-0.1000000014901161,86.75714414992503,18.599999621510506,40.13
1998-11-16,9.80000014603138,4.071428632097585,0.2000000029802322,91.01428707050424,7.10000005364418,40.18
1998-11-23,2.600000038743019,-3.142857189689364,-9.100000135600569,84.8714298361114,0.3000000044703483,40.21
1998-11-30,1.700000025331974,-0.6857142959322248,-6.800000101327896,90.4714299195579,0.0,40.26
1998-12-07,0.800000011920929,-3.114285760692188,-8.100000120699406,86.0857155684914,7.300000064074993,40.26
1998-12-14,7.900000117719173,-3.38571433616536,-14.500000216066836,89.28571561617511,23.600000381469727,40.32
1998-12-21,10.400000154972076,3.7714286276272366,-2.1000000312924385,87.47142987485442,13.800000369548798,40.37
1998-12-28,11.60000017285347,3.642857197139944,-2.800000041723252,85.78571556402105,8.099999882280827,40.395
1999-01-04,11.500000171363354,1.80000002682209,-3.400000050663948,89.21428704368216,0.8000000268220901,40.42
1999-01-11,12.90000019222498,3.657142911638533,-4.700000070035458,87.54285844734737,12.100000083446504,40.45
1999-01-18,9.80000014603138,2.842857185219015,-6.200000092387199,87.45714416035584,12.19999986886978,40.49
1999-01-25,11.900000177323818,4.771428642528398,-1.3000000193715096,87.67142987783465,6.099999822676182,40.53
1999-02-01,10.000000149011612,-0.2000000029802322,-5.900000087916851,83.78571553421872,6.500000134110451,40.56
1999-02-08,8.900000132620335,2.728571469230311,-2.0000000298023224,87.10000129789114,16.79999989271164,40.61
1999-02-15,2.0000000298023224,-3.371428621666772,-11.30000016838312,82.32857265536275,0.8999999761581421,40.63
1999-02-22,6.200000092387199,1.8428571703178545,-4.000000059604645,88.75714417972735,23.199999667704105,40.67
1999-03-01,12.300000183284284,3.8714286291173527,-1.80000002682209,82.70000123232603,15.400000482797624,40.67
1999-03-08,10.900000162422655,4.742857213531222,-2.7000000402331352,86.40000128746033,24.80000028759241,40.76
1999-03-15,6.900000102818012,2.714285754731723,-2.200000032782554,80.64285834452936,4.400000050663948,40.81
1999-03-22,9.500000141561031,3.8857143436159407,-2.1000000312924385,81.4285726419517,6.800000011920929,40.83
1999-03-29,18.80000028014183,7.214285821786949,-0.9000000134110451,81.25714406796864,18.80000008642673,40.87
1999-04-05,18.80000028014183,10.214285866490432,-0.2000000029802322,71.1857153464641,1.2000000476837158,40.91
1999-04-12,18.80000028014183,10.142857293997492,3.9000000581145287,80.42857262705054,13.199999824166298,40.99
1999-04-19,13.90000020712614,5.514285796454975,-0.4000000059604645,74.60000111162663,12.19999984651804,40.97
1999-04-26,20.10000029951334,10.614285872450896,-2.600000038743019,76.12857256297555,10.000000193715096,40.99
1999-05-03,20.10000029951334,10.985714449414186,1.0000000149011612,68.95714388468436,0.0,40.99
1999-05-10,22.30000033229589,12.728571618241924,1.100000016391277,63.52857237522091,25.90000021457672,40.97
1999-05-17,19.60000029206276,11.042857307408536,1.700000025331974,76.95714400389365,21.80000028759241,40.94
1999-05-24,23.80000035464764,15.571428803460938,4.700000070035458,63.67142952020679,1.4000000357627869,40.92
1999-05-31,29.10000043362379,17.557143118764674,5.200000077486038,65.58571526301759,9.100000008940697,40.87
1999-06-07,26.30000039190054,16.257143099393165,7.700000114738941,72.02857250188079,32.49999997764826,40.83
1999-06-14,21.300000317394733,14.642857361052718,6.200000092387199,75.11428683357579,30.70000028610229,40.81
1999-06-21,25.00000037252903,16.771428821342333,8.800000131130219,69.81428675459964,12.599999904632568,40.76
1999-06-28,24.8000003695488,15.042857367013182,6.200000092387199,66.1571438429611,5.800000086426735,40.74
1999-07-05,33.70000050216913,21.000000312924385,9.00000013411045,67.70000100880861,18.00000039488077,40.72
1999-07-12,29.700000442564487,20.2714288734964,11.500000171363354,64.15714381315878,3.300000049173832,40.66
1999-07-19,33.20000049471855,20.157143157507694,10.000000149011612,64.58571524811643,5.799999952316284,40.58
1999-07-26,28.700000427663326,19.314286002091,12.10000018030405,63.62857237671103,17.00000038743019,40.53
1999-08-02,29.800000444054604,20.88571459693568,8.100000120699406,49.80000074207783,0.0,40.45
1999-08-09,30.500000454485416,21.485714605876375,12.500000186264517,58.95714373567274,0.9000000357627869,40.37
1999-08-16,26.80000039935112,16.028571667415754,6.800000101327896,69.0285724571773,15.199999928474426,40.32
1999-08-23,23.100000344216824,15.34285737148353,7.200000107288361,73.97142967368875,20.90000009536743,40.27
1999-08-30,25.100000374019142,17.07142882581268,8.50000012665987,69.32857246164765,3.100000023841858,40.24
1999-09-06,26.700000397861004,17.14285739830562,5.900000087916851,65.90000098198652,0.7000000029802322,40.21
1999-09-13,28.80000042915344,19.74285743704864,11.500000171363354,66.1571438429611,0.5,40.15
1999-09-20,26.30000039190054,17.057143111314094,6.400000095367432,64.81428668009383,6.099999904632568,40.11
1999-09-27,24.8000003695488,15.77142880644117,9.80000014603138,81.35714406945876,12.400000013411043,40.01
1999-10-04,21.1000003144145,13.357143056179796,7.200000107288361,81.22857263897147,30.900000005960464,39.97
1999-10-11,17.00000025331974,10.814285875431128,5.4000000804662704,86.84285843691656,10.700000047683716,39.94
1999-10-18,15.300000227987766,7.142857249294009,-0.2000000029802322,81.45714407094887,0.4000000059604644,39.95
1999-10-25,16.300000242888927,7.285714394279888,-0.6000000089406967,79.5285726136395,3.200000002980232,39.94
1999-11-01,15.600000232458116,9.757143002535615,1.80000002682209,83.90000125020742,10.200000241398811,39.91
1999-11-08,14.40000021457672,7.585714398750237,-0.5000000074505806,88.62857274924006,4.0000001192092896,39.92
1999-11-15,10.000000149011612,3.128571475190776,-4.200000062584877,87.54285844734737,2.199999995529652,39.92
1999-11-22,3.1000000461936,-0.2857142899717603,-6.500000096857548,89.68571562213558,5.500000037252903,39.93
1999-11-29,9.600000143051147,3.714285769632885,-6.400000095367432,89.00000132620335,0.4000000059604644,39.945
1999-12-06,9.600000143051147,4.371428636567933,-2.800000041723252,83.80000124871731,37.99999959766865,39.96
1999-12-13,10.400000154972076,5.671428655939443,1.3000000193715096,86.27142985697303,28.0999998152256,39.98
1999-12-20,4.200000062584877,0.4857142929519925,-3.1000000461936,90.74285849503109,12.399999916553496,39.99
1999-12-27,7.900000117719173,0.7142857249294009,-3.6000000536441803,87.1428584413869,27.40000009536743,40.01
2000-01-03,7.500000111758709,2.471428608255727,-1.3000000193715096,91.75714422443085,2.599999912083149,40.01
2000-01-10,7.300000108778477,2.971428615706308,-1.80000002682209,90.2428584875805,2.8999999165534973,40.06
2000-01-17,8.00000011920929,0.6285714379378727,-5.200000077486038,88.37142988826547,2.0999999940395355,40.05
2000-01-24,7.400000110268593,-1.1571428743856291,-10.000000149011612,76.14285827747413,7.30000002682209,40.09
2000-01-31,10.000000149011612,2.2285714617797305,-15.000000223517418,82.15714408137968,25.49999993294477,40.12
2000-02-07,11.10000016540289,6.200000092387199,-1.100000016391277,81.48571549994605,8.400000058114529,40.15
2000-02-14,9.500000141561031,4.385714351066521,-1.0000000149011612,81.04285835048982,22.70000004768372,40.19
2000-02-21,8.600000128149986,1.4285714498588018,-3.9000000581145287,86.98571558190244,13.00000023841858,40.2
2000-02-28,16.300000242888927,3.8857143436159407,-4.000000059604645,83.98571553719896,6.999999955296516,40.25
2000-03-06,9.00000013411045,3.74285719863006,-1.100000016391277,78.25714402326516,14.59999993443489,40.28
2000-03-13,11.900000177323818,6.528571525854724,-1.3000000193715096,82.87142980630908,25.50000011920929,40.34
2000-03-20,10.100000150501728,4.142857204590525,-0.800000011920929,77.18571543587106,21.90000009536743,40.39
2000-03-27,13.100000195205212,5.700000084936619,-0.4000000059604645,81.7714297899178,0.6000000089406966,40.43
2000-04-03,17.100000254809856,6.314285808375904,0.5000000074505806,82.32857265536275,2.30000002682209,40.49
2000-04-10,11.800000175833702,5.028571503502982,-2.1000000312924385,72.81428679930312,0.1000000014901161,40.54
2000-04-17,19.30000028759241,8.057142977203641,-0.5000000074505806,73.51428680973393,9.199999988079073,40.57
2000-04-24,28.10000041872263,15.000000223517418,6.900000102818012,69.70000103861094,2.0000000074505806,40.6
2000-05-01,28.00000041723252,17.557143118764674,5.200000077486038,64.95714382507971,10.199999809265137,40.6
2000-05-08,26.80000039935112,16.50000024586916,6.400000095367432,50.585715039500165,0.0,40.58
2000-05-15,29.10000043362379,17.828571694237844,5.700000084936619,50.71428646998746,0.1000000014901161,40.54
2000-05-22,31.300000466406345,14.171428782599312,4.200000062584877,70.91428677099091,9.29999977350235,40.49
2000-05-29,20.60000030696392,13.371428770678383,5.200000077486038,72.98571537328618,10.70000010728836,40.435
2000-06-05,29.300000436604023,16.91428596632821,4.500000067055225,66.71428670840604,7.8000001683831215,40.38
2000-06-12,32.600000485777855,18.08571455521243,5.900000087916851,61.45714377292565,0.6000000014901161,40.31
2000-06-19,33.10000049322844,18.02857169721808,5.700000084936619,59.50000088661909,5.600000098347664,40.26
2000-06-26,37.00000055134296,18.985714568623475,9.80000014603138,64.21428667115313,21.799999669194214,40.23
2000-07-03,24.300000362098217,14.500000216066836,8.800000131130219,70.12857247356858,13.200000032782556,40.18
2000-07-10,21.1000003144145,15.457143087472234,7.500000111758709,78.35714402475527,25.10000082850456,40.15
2000-07-17,22.30000033229589,15.300000227987766,8.400000125169754,73.15714394726923,4.100000143051148,40.09
2000-07-24,25.30000037699937,16.00000023841858,9.600000143051147,76.21428684996707,2.900000050663948,40.05
2000-07-31,23.100000344216824,17.042857396815503,13.100000195205212,85.17142984058175,48.50000025331974,40.025
2000-08-07,26.30000039190054,17.114285969308444,9.100000135600569,77.98571544779199,15.100000321865082,40.0
2000-08-14,31.20000046491623,17.757143121744907,7.900000117719173,74.50000111013651,2.2999999076128006,39.97
2000-08-21,28.300000421702865,19.08571457011359,13.300000198185444,78.71428688721997,19.10000029206276,39.94
2000-08-28,24.300000362098217,16.28571452839034,7.200000107288361,69.40000103414059,2.900000095367432,39.9
2000-09-04,23.000000342726707,14.70000021904707,9.00000013411045,80.55714405753783,24.89999971538782,39.88
2000-09-11,22.100000329315662,15.114285939506122,8.00000011920929,86.15714414098433,11.999999955296516,39.87
2000-09-18,21.50000032037497,14.100000210106373,8.50000012665987,84.42857268665519,7.099999822676182,39.85
2000-09-25,19.10000028461218,10.771428731935364,4.700000070035458,77.31428686635834,0.5,39.84
2000-10-02,23.100000344216824,15.842857378934111,10.30000015348196,80.21428690957171,21.19999921321869,39.82
2000-10-09,18.80000028014183,11.38571445537465,6.500000096857548,89.50000133365393,21.399999797344208,39.8
2000-10-16,18.80000028014183,11.728571603340765,5.700000084936619,86.64285843393633,4.200000084936619,39.83
2000-10-23,18.30000027269125,10.271428724484784,4.400000065565109,86.94285843840667,1.0,39.82
2000-10-30,15.400000229477882,10.671428730445248,5.500000081956387,81.81428693341357,3.500000089406967,39.825
2000-11-06,12.90000019222498,7.071428676801069,0.6000000089406967,83.72857267622437,2.6999999284744263,39.83
2000-11-13,13.600000202655792,7.800000116229057,2.3000000342726707,78.3285725957581,6.699999876320362,39.85
2000-11-20,10.100000150501728,5.157142933990274,0.2000000029802322,89.60000133514404,10.700000122189522,39.85
2000-11-27,9.100000135600569,4.714285784534046,0.4000000059604645,94.72857284013716,4.30000002682209,39.87
2000-12-04,13.300000198185444,6.300000093877316,-0.5000000074505806,94.62857283864705,5.699999928474426,39.88
2000-12-11,10.80000016093254,6.228571521384375,1.3000000193715096,92.17142994488988,9.40000006556511,39.89
2000-12-18,13.000000193715096,5.828571515423911,-0.5000000074505806,87.15714415588549,12.80000014603138,39.9
2000-12-25,2.500000037252903,-2.3428571777684346,-9.500000141561031,88.65714417823723,3.800000049173832,39.92
2001-01-01,1.3000000193715096,-1.600000023841858,-9.500000141561031,89.90000133961439,10.60000029951334,39.92
2001-01-08,9.00000013411045,2.6857143257345477,-1.5000000223517418,93.85714425572328,14.700000494718552,39.92
2001-01-15,5.200000077486038,-0.2428571464759961,-4.400000065565109,91.50000136345624,0.5,39.93
2001-01-22,0.5000000074505806,-2.1428571747882024,-6.70000009983778,90.1142870570932,0.5,39.93
2001-01-29,8.00000011920929,2.3428571777684346,-1.3000000193715096,93.27142996128116,15.499999716877936,39.95
2001-02-05,4.400000065565109,-1.9142857428107944,-12.000000178813934,89.82857276712146,17.69999971985817,39.97
2001-02-12,13.100000195205212,5.585714368947914,-3.400000050663948,86.15714414098433,9.80000013113022,40.02
2001-02-19,9.600000143051147,2.3000000342726707,-5.200000077486038,87.31428701536996,5.299999833106995,40.03
2001-02-26,7.900000117719173,-0.7142857249294009,-15.000000223517418,82.70000123232603,17.999999836087227,40.06
2001-03-05,5.200000077486038,-1.0000000149011612,-10.80000016093254,85.81428699301821,3.1000000536441803,40.08
2001-03-12,13.600000202655792,6.41428580986602,-6.000000089406967,83.40000124275684,3.800000056624413,40.12
2001-03-19,11.10000016540289,3.428571479661124,-2.200000032782554,86.0857155684914,20.499999977648255,40.13
2001-03-26,5.200000077486038,-0.085714286991528,-6.900000102818012,83.17142981077943,8.599999964237213,40.18
2001-04-02,19.60000029206276,5.771428657429559,-4.000000059604645,74.77142968560968,0.8000000268220901,40.18
2001-04-09,18.0000002682209,8.28571440918105,2.3000000342726707,79.92857261959996,4.799999907612801,40.18
2001-04-16,11.30000016838312,4.342857207570757,-1.80000002682209,82.22857265387263,14.69999998062849,40.26
2001-04-23,10.30000015348196,5.028571503502982,-1.700000025331974,79.97142976309571,7.600000023841858,40.31
2001-04-30,23.500000350177288,11.271428739385945,0.2000000029802322,75.27142969306026,13.8000003695488,40.315
2001-05-07,26.200000390410423,12.985714479216508,5.500000081956387,69.9857153285827,0.6000000089406967,40.32
2001-05-14,26.00000038743019,15.457143087472234,4.500000067055225,59.78571517659085,0.2000000029802322,40.36
2001-05-21,22.800000339746475,13.171428767698153,3.200000047683716,72.1285725033709,3.3000000044703484,40.36
2001-05-28,24.8000003695488,15.78571452093976,3.9000000581145287,61.58571520341294,5.100000023841858,40.35
2001-06-04,21.300000317394733,12.628571616751808,6.200000092387199,80.45714405604771,16.5,40.36
2001-06-11,18.80000028014183,12.142857323799817,5.500000081956387,81.92857264940228,10.600000157952309,40.31
2001-06-18,23.100000344216824,14.728571648044246,2.200000032782554,77.7285725868174,13.799999929964542,40.28
2001-06-25,22.30000033229589,14.785714506038598,7.500000111758709,77.22857257936683,16.09999990463257,40.24
2001-07-02,27.60000041127205,18.542857419167245,8.400000125169754,73.84285824320146,10.300000287592413,40.19
2001-07-09,30.800000458955765,21.17142888690744,8.00000011920929,69.34285817614624,3.5000000596046448,40.12
2001-07-16,25.00000037252903,17.057143111314094,10.500000156462193,70.65714391001633,25.50000021606684,40.09
2001-07-23,27.80000041425228,18.17142884220396,8.300000123679638,68.44285816273519,1.2000000476837158,40.05
2001-07-30,31.300000466406345,22.142857472811425,11.900000177323818,62.000000923872,7.799999713897705,39.99
2001-08-06,30.00000044703484,17.71428597824914,8.300000123679638,73.10000108927488,7.700000047683716,39.93
2001-08-13,23.80000035464764,16.41428595887763,9.00000013411045,78.6714297437242,23.7999999076128,39.91
2001-08-20,33.5000004991889,21.457143176879203,12.500000186264517,71.15714391746691,2.600000001490116,39.85
2001-08-27,32.70000048726797,21.485714605876375,11.500000171363354,68.71428673820836,7.400000095367432,39.79
2001-09-03,23.500000350177288,15.614285946956702,9.500000141561031,75.28571540755885,9.400000035762789,39.77
2001-09-10,19.500000290572643,13.000000193715096,7.200000107288361,83.91428696470601,60.09999845176935,39.78
2001-09-17,18.100000269711018,11.728571603340765,6.800000101327896,85.55714413204363,12.400000266730784,39.77
2001-09-24,17.80000026524067,11.642857316349234,5.700000084936619,88.00000131130219,36.30000028759241,39.74
2001-10-01,19.60000029206276,12.557143044258869,7.500000111758709,91.24285850248168,19.99999952316284,39.79
2001-10-08,20.60000030696392,13.585714488157205,7.400000110268593,87.57142987634454,7.200000047683716,39.81
2001-10-15,22.100000329315662,14.071428781109196,6.800000101327896,83.61428696023566,5.600000143051148,39.82
2001-10-22,20.80000030994416,11.428571598870414,7.300000108778477,90.3571442035692,9.100000001490116,39.88
2001-10-29,16.100000239908695,9.614285857549737,4.000000059604645,91.12857278649297,12.499999910593033,39.88
2001-11-05,18.100000269711018,9.757143002535615,4.000000059604645,80.21428690957171,6.000000096857548,39.88
2001-11-12,8.900000132620335,4.200000062584877,-4.200000062584877,87.90000130981207,17.800000309944153,39.89
2001-11-19,8.100000120699406,3.271428620176656,-4.200000062584877,91.17142992998872,0.5000000149011612,39.91
2001-11-26,9.500000141561031,2.742857183728899,-3.400000050663948,90.8571442110198,9.900000050663948,39.92
2001-12-03,6.500000096857548,1.700000025331974,-1.3000000193715096,94.82857284162726,15.599999859929085,39.95
2001-12-10,8.00000011920929,1.9714286008051465,-3.9000000581145287,96.02857285950866,12.200000055134296,39.97
2001-12-17,5.000000074505806,-0.3142857189689363,-10.80000016093254,88.457144175257,1.6000000536441803,40.0
2001-12-24,5.000000074505806,-1.4000000208616257,-9.100000135600569,87.3714298733643,15.999999798834324,40.03
2001-12-31,3.700000055134296,-0.057142857994352,-6.900000102818012,88.32857274476972,16.100000001490116,40.045
2002-01-07,3.700000055134296,-2.500000037252903,-12.300000183284284,85.9571441380041,5.3999999538064,40.06
2002-01-14,1.3000000193715096,-0.7285714394279889,-4.700000070035458,97.50000145286322,2.200000025331974,40.11
2002-01-21,10.30000015348196,0.9857143004025732,-7.500000111758709,93.55714425125292,10.600000202655792,40.12
2002-01-28,13.800000205636024,7.085714391299656,1.100000016391277,81.58571550143617,28.699999809265137,40.12
2002-02-04,15.100000225007534,8.42857155416693,2.500000037252903,75.71428684251649,1.500000037252903,40.14
2002-02-11,12.500000186264517,7.900000117719173,2.1000000312924385,85.4857155595507,38.40000019222498,40.25
2002-02-18,12.4000001847744,2.285714319774083,-5.500000081956387,79.50000118464231,5.399999916553497,40.3
2002-02-25,9.500000141561031,1.5714285948446818,-3.700000055134296,85.34285841456482,35.099999621510506,40.35
2002-03-04,12.10000018030405,4.371428636567933,-3.200000047683716,81.44285835645029,12.900000393390656,40.42
2002-03-11,13.600000202655792,6.471428667860372,2.0000000298023224,78.6857154582228,23.09999942779541,40.52
2002-03-18,18.100000269711018,5.18571436298745,-0.800000011920929,84.20000125467777,5.0,40.66
2002-03-25,10.900000162422655,3.957142916108881,-1.3000000193715096,82.70000123232603,10.900000244379044,40.7
2002-04-01,17.600000262260437,5.7857143719281465,-4.200000062584877,68.22857244525638,0.0,40.75
2002-04-08,17.30000025779009,5.68571437043803,-5.4000000804662704,59.028572308165685,0.0,40.78
2002-04-15,12.90000019222498,7.442857253764357,-2.500000037252903,81.0571440649884,32.100001096725464,40.81
2002-04-22,18.100000269711018,8.700000129640102,0.5000000074505806,83.41428695725543,9.40000021457672,40.82
2002-04-29,18.30000027269125,10.042857292507376,0.6000000089406967,84.95714412310294,15.10000003129244,40.835
2002-05-06,17.00000025331974,11.500000171363354,6.400000095367432,86.45714414545468,27.60000067949295,40.85
2002-05-13,25.100000374019142,15.78571452093976,7.500000111758709,74.90000111609697,6.599999785423279,40.85
2002-05-20,23.500000350177288,14.571428788559777,3.6000000536441803,76.32857256595578,3.7999999076128006,40.88
2002-05-27,25.80000038444996,15.971428809421402,6.500000096857548,79.4000011831522,15.299999572336672,40.87
2002-06-03,22.800000339746475,15.042857367013182,5.4000000804662704,71.61428678142173,2.0999999046325684,40.86
2002-06-10,27.000000402331352,17.528571689767496,9.3000001385808,77.77142973031316,34.09999895095825,40.86
2002-06-17,28.60000042617321,16.942857395325387,11.10000016540289,79.57142975713525,11.29999990016222,40.73
2002-06-24,32.100000478327274,19.60000029206276,8.900000132620335,72.07142964537654,26.69999952614307,40.69
2002-07-01,24.00000035762787,15.142857368503298,7.700000114738941,76.4285725674459,11.700000241398811,40.65
2002-07-08,27.700000412762165,16.71428596334798,7.900000117719173,78.0857154492821,2.3999999836087227,40.62
2002-07-15,32.600000485777855,20.01428601252181,10.500000156462193,69.77142961110387,28.79999989271164,40.54
2002-07-22,25.80000038444996,16.78571453584092,9.600000143051147,88.15714417078665,38.5999995470047,40.53
2002-07-29,31.80000047385693,18.44285741767713,10.900000162422655,76.81428685890776,6.600000023841858,40.515
2002-08-05,31.80000047385693,20.914286025932856,11.10000016540289,80.31428691106183,84.39999997615814,40.5
2002-08-12,27.60000041127205,19.64285743555852,15.100000225007534,84.48571554464954,24.69999924302101,40.5
2002-08-19,29.60000044107437,20.30000030249357,12.000000178813934,77.68571544332164,6.599999904632568,40.49
2002-08-26,29.200000435113907,21.200000315904617,13.40000019967556,65.9285724109837,0.0,40.46
2002-09-02,29.700000442564487,19.6714288645557,7.800000116229057,70.28571533305305,0.0,40.41
2002-09-09,26.80000039935112,18.14285741320678,8.00000011920929,72.78571537030595,0.6000000238418579,40.35
2002-09-16,26.80000039935112,15.628571661455291,4.500000067055225,75.01428683208567,0.5000000074505806,40.31
2002-09-23,20.000000298023224,12.657143045748985,6.200000092387199,83.44285838625261,32.79999919235706,40.28
2002-09-30,19.000000283122063,10.271428724484784,0.4000000059604645,82.9714298077992,2.600000023841858,40.27
2002-10-07,20.80000030994416,10.671428730445248,1.700000025331974,86.38571557296174,35.30000066757202,40.26
2002-10-14,11.500000171363354,4.757142928029809,0.5000000074505806,84.18571554017919,12.300000071525574,40.26
2002-10-21,16.800000250339508,7.12857153479542,0.2000000029802322,90.41428706156356,11.999999709427357,40.26
2002-10-28,14.40000021457672,8.657142986144338,0.800000011920929,90.6142870645438,32.7999999076128,40.26
2002-11-04,10.500000156462193,4.914285787514278,-1.80000002682209,90.8571442110198,13.399999812245367,40.26
2002-11-11,7.300000108778477,1.3000000193715096,-4.000000059604645,91.50000136345624,20.90000015497208,40.31
2002-11-18,11.000000163912771,6.685714385339192,1.3000000193715096,95.2571442765849,12.500000178813934,40.3
2002-11-25,6.900000102818012,2.6714286112359598,-3.400000050663948,95.27142999108348,6.3000001311302185,40.32
2002-12-02,9.100000135600569,5.214285791984627,0.4000000059604645,96.77143001343522,23.199999906122684,40.36
2002-12-09,4.700000070035458,-2.0142857443009103,-10.500000156462193,85.8428584220154,0.4000000059604644,40.35
2002-12-16,-0.5000000074505806,-5.985714374908379,-12.4000001847744,82.7428583758218,1.100000023841858,40.38
2002-12-23,1.3000000193715096,-1.542857165847506,-5.000000074505806,91.4428585054619,1.0999999791383743,40.41
2002-12-30,6.200000092387199,0.5000000074505805,-5.200000077486038,84.98571555210012,9.299999929964542,40.42
2003-01-06,6.200000092387199,-3.31428576367242,-13.40000019967556,90.80000135302544,31.0,40.43
2003-01-13,2.800000041723252,-8.57142869915281,-18.80000028014183,92.77142995383058,3.499999977648258,40.46
2003-01-20,8.50000012665987,3.800000056624413,-1.3000000193715096,89.02857275520053,1.9999999552965164,40.49
2003-01-27,9.500000141561031,3.4714286231568883,-1.100000016391277,92.22857280288424,4.200000047683716,40.5
2003-02-03,9.3000001385808,-0.642857152436461,-10.900000162422655,92.72857281033482,14.800000049173832,40.55
2003-02-10,2.3000000342726707,-1.9142857428107944,-7.200000107288361,90.25714420207908,4.3000001311302185,40.57
2003-02-17,2.200000032782554,-4.90000007301569,-13.500000201165676,77.48571544034141,0.0,40.58
2003-02-24,5.700000084936619,-1.3285714483686857,-7.500000111758709,87.01428701089961,0.2000000029802322,40.6
2003-03-03,8.400000125169754,0.5714285799435207,-6.500000096857548,79.0428583206875,4.1999999061226845,40.6
2003-03-10,13.40000019967556,3.342857192669596,-2.3000000342726707,83.60000124573708,7.700000047683716,40.6
2003-03-17,12.300000183284284,4.185714348086289,-2.7000000402331352,81.34285835496017,15.199999809265137,40.6
2003-03-24,17.600000262260437,3.371428621666772,-5.500000081956387,64.57142953361783,0.0,40.6
2003-03-31,16.100000239908695,7.314285823277065,-1.700000025331974,77.04285829088518,2.0,40.605
2003-04-07,15.100000225007534,4.357142922069345,-3.500000052154064,67.65714386531285,6.300000049173832,40.61
2003-04-14,17.50000026077032,3.7571429131286487,-5.700000084936619,66.37142956043992,0.699999988079071,40.64
2003-04-21,20.60000030696392,11.52857160036053,2.7000000402331352,51.51428648190839,0.4000000059604645,40.66
2003-04-28,21.300000317394733,13.014285908213685,3.500000052154064,59.62857231710638,1.199999988079071,40.65
2003-05-05,29.300000436604023,14.428571643573898,3.700000055134296,66.2857152734484,7.199999988079071,40.64
2003-05-12,25.30000037699937,14.70000021904707,6.000000089406967,67.17142957236085,11.59999978542328,40.61
2003-05-19,19.30000028759241,11.38571445537465,1.3000000193715096,76.51428685443742,9.200000144541264,40.59
2003-05-26,28.300000421702865,15.70000023394823,7.000000104308128,70.24285818955728,0.9000000134110451,40.52
2003-06-02,29.10000043362379,18.842857423637597,8.800000131130219,56.20000083744526,0.3000000119209289,40.44
2003-06-09,32.70000048726797,21.857143182839668,10.500000156462193,59.7285723185965,9.700000286102297,40.35
2003-06-16,27.200000405311584,18.614285991660186,8.100000120699406,60.31428661303861,0.4000000059604645,40.27
2003-06-23,26.50000039488077,17.257143114294326,9.500000141561031,67.38571528983968,26.699999824166294,40.23
2003-06-30,27.80000041425228,18.185714556702543,8.800000131130219,62.98571522427456,0.0,40.185
2003-07-07,23.000000342726707,16.65714310535363,12.10000018030405,79.24285832366773,10.89999982714653,40.14
2003-07-14,27.80000041425228,17.914285981229373,9.00000013411045,68.80000102519989,8.899999976158142,40.08
2003-07-21,32.30000048130751,23.242857489202702,13.600000202655792,62.35714378633669,9.29999977350235,40.02
2003-07-28,31.000000461936,21.12857174341168,14.40000021457672,72.98571537328618,13.599999606609344,39.97
2003-08-04,31.500000469386578,22.928571770233766,12.000000178813934,60.48571518702166,0.0,39.91
2003-08-11,33.600000500679016,22.671428909259184,13.100000195205212,52.24285792133638,0.0,39.83
2003-08-18,34.1000005081296,20.75714316644839,8.100000120699406,55.90000083297491,2.0000000298023224,39.76
2003-08-25,26.00000038743019,18.51428599017007,9.00000013411045,68.42857244823661,2.0000000298023224,39.71
2003-09-01,23.000000342726707,14.885714507528714,7.900000117719173,73.52857252423253,19.30000000447035,39.67
2003-09-08,24.8000003695488,15.400000229477882,4.700000070035458,68.15714387276343,1.300000011920929,39.64
2003-09-15,21.300000317394733,14.900000222027302,9.500000141561031,85.57142984654222,49.899998903274536,39.61
2003-09-22,28.300000421702865,17.34285740128585,8.800000131130219,74.40000110864639,0.3000000119209289,39.59
2003-09-29,19.80000029504299,11.60000017285347,2.200000032782554,75.85714398750237,10.000000059604645,39.58
2003-10-06,17.50000026077032,9.87142871852432,3.500000052154064,89.64285847863981,11.499999679625034,39.57
2003-10-13,14.900000222027302,9.07142870660339,-0.1000000014901161,85.32857270006623,11.599999904632568,39.57
2003-10-20,11.30000016838312,3.642857197139944,-3.9000000581145287,84.68571554762977,0.0,39.56
2003-10-27,7.500000111758709,2.0428571732980862,-6.70000009983778,84.34285839966365,10.400000005960464,39.56
2003-11-03,13.90000020712614,5.614285797945091,-3.1000000461936,92.61428709434612,12.09999966621399,39.58
2003-11-10,11.800000175833702,4.714285784534046,-0.1000000014901161,90.52857277755228,0.400000013411045,39.58
2003-11-17,9.500000141561031,2.7714286127260754,-3.400000050663948,91.95714422741106,12.600000478327274,39.59
2003-11-24,12.90000019222498,9.114285850099154,3.6000000536441803,95.98571571601288,8.400000013411045,39.61
2003-12-01,12.000000178813934,6.714285814336368,1.600000023841858,97.77143002833638,2.40000007301569,39.61
2003-12-08,9.00000013411045,3.328571478171008,-4.700000070035458,89.91428705411298,0.9999999925494194,39.62
2003-12-15,10.900000162422655,2.0142857443009103,-4.000000059604645,91.85714422592096,30.69999933242798,39.63
2003-12-22,7.900000117719173,2.642857182238783,-4.700000070035458,93.07142995830093,6.099999859929085,39.65
2003-12-29,7.000000104308128,1.5714285948446818,-8.50000012665987,90.08571562809604,2.700000107288361,39.655
2004-01-05,3.1000000461936,-2.8142857562218397,-10.100000150501728,89.35714418866804,0.2000000029802322,39.66
2004-01-12,7.200000107288361,0.7428571539265769,-10.000000149011612,93.41428710626704,20.50000062584877,39.68
2004-01-19,6.200000092387199,2.1428571747882024,-2.7000000402331352,93.11428710179668,41.60000038146973,39.74
2004-01-26,1.600000023841858,-4.4714286380580495,-8.600000128149986,86.85714415141514,2.6000000312924385,39.78
2004-02-02,9.80000014603138,0.9000000134110451,-5.700000084936619,92.35714423337151,26.799999833106995,39.81
2004-02-09,14.300000213086603,7.828571545226233,-1.0000000149011612,85.52857270304646,21.60000012069941,39.86
2004-02-16,6.200000092387199,1.1857143033828057,-6.500000096857548,91.64285850844212,7.999999821186066,39.91
2004-02-23,6.200000092387199,0.6857142959322248,-5.900000087916851,70.65714391001633,0.0,40.03
2004-03-01,4.000000059604645,-1.0000000149011612,-6.900000102818012,86.11428699748856,3.700000107288361,40.09
2004-03-08,5.700000084936619,-1.982541115402065e-18,-6.500000096857548,79.2714297526649,1.8000000566244123,40.14
2004-03-15,14.800000220537186,4.814285786024162,-0.1000000014901161,80.80000120401382,0.2000000029802322,40.19
2004-03-22,19.60000029206276,9.757143002535615,2.200000032782554,80.57142977203641,16.399999856948853,40.23
2004-03-29,13.100000195205212,3.52857148115124,-5.700000084936619,76.97142971839223,0.0,40.255
2004-04-05,15.100000225007534,8.50000012665987,2.3000000342726707,67.4714295768312,10.699999928474426,40.28
2004-04-12,11.60000017285347,5.342857222471919,-1.80000002682209,85.80000127851963,9.600000262260435,40.31
2004-04-19,19.60000029206276,10.428571583969251,-1.100000016391277,69.18571531666177,5.199999928474426,40.32
2004-04-26,21.1000003144145,10.757143017436777,1.700000025331974,79.61428690063101,5.3999999314546585,40.34
2004-05-03,23.80000035464764,14.428571643573898,6.900000102818012,62.41428664433105,3.800000011920929,40.35
2004-05-10,21.300000317394733,13.25714305468968,6.800000101327896,84.41428697215659,17.79999989271164,40.36
2004-05-17,19.80000029504299,11.228571595890182,0.5000000074505806,80.828572633011,2.600000023841858,40.37
2004-05-24,22.30000033229589,11.30000016838312,2.200000032782554,66.58571527791875,3.199999988079071,40.38
2004-05-31,24.8000003695488,13.014285908213685,1.700000025331974,65.27142954404864,2.4999999403953552,40.38
2004-06-07,23.80000035464764,15.70000023394823,7.500000111758709,71.60000106692314,9.499999955296516,40.36
2004-06-14,25.100000374019142,16.71428596334798,8.00000011920929,78.87142974670444,25.20000004768372,40.33
2004-06-21,23.300000347197056,13.871428778128964,4.700000070035458,75.78571541500943,23.19999966025353,40.31
2004-06-28,22.30000033229589,14.814285935035771,7.000000104308128,78.41428688274962,14.49999988079071,40.28
2004-07-05,22.000000327825543,14.942857365523066,8.50000012665987,78.88571546120303,23.40000031143427,40.25
2004-07-12,23.100000344216824,15.714285948446818,7.000000104308128,77.42857258234706,25.49999988079071,40.23
2004-07-19,28.00000041723252,17.65714312025479,10.80000016093254,79.74285833111831,37.8000003695488,40.2
2004-07-26,27.10000040382147,17.828571694237844,10.000000149011612,83.24285838327238,36.60000007599592,40.21
2004-08-02,29.10000043362379,18.528571704668657,8.800000131130219,71.35714392044714,0.0,40.18
2004-08-09,29.300000436604023,22.085714614817075,12.300000183284284,62.1142866398607,0.0,40.11
2004-08-16,30.300000451505184,20.285714587994985,8.100000120699406,70.97142962898526,5.800000190734863,40.06
2004-08-23,28.50000042468309,17.985714553722314,5.000000074505806,71.68571535391467,2.9999999552965164,40.01
2004-08-30,23.80000035464764,15.8571430934327,10.900000162422655,84.24285839817354,35.19999948889017,39.985
2004-09-06,26.50000039488077,16.100000239908695,6.800000101327896,75.40000112354755,3.700000047683716,39.96
2004-09-13,24.300000362098217,14.98571450901883,3.200000047683716,70.47142962153468,4.599999904632568,39.93
2004-09-20,23.300000347197056,13.628571631652967,4.200000062584877,69.385715319642,5.800000190734863,39.94
2004-09-27,17.30000025779009,11.500000171363354,8.00000011920929,84.68571554762977,14.50000001490116,39.96
2004-10-04,19.000000283122063,11.642857316349234,4.200000062584877,86.84285843691656,12.099999904632568,39.84
2004-10-11,23.80000035464764,9.671428715544089,-1.0000000149011612,81.80000121891499,1.4999999776482582,39.81
2004-10-18,12.90000019222498,7.314285823277065,0.2000000029802322,80.85714406200817,9.500000059604645,39.79
2004-10-25,19.30000028759241,11.042857307408536,1.100000016391277,80.88571549100536,5.599999859929085,39.78
2004-11-01,13.100000195205212,9.271428709583622,4.000000059604645,91.10000135749578,3.300000049173832,39.76
2004-11-08,14.600000217556952,7.314285823277065,-0.1000000014901161,87.91428702431065,4.599999912083149,39.77
2004-11-15,7.400000110268593,3.085714331695012,-3.500000052154064,92.30000137537718,12.500000417232512,39.78
2004-11-22,11.400000169873238,4.300000064074993,-2.500000037252903,89.20000132918358,33.100000478327274,39.78
2004-11-29,9.100000135600569,2.628571467740195,-3.9000000581145287,89.64285847863981,4.600000120699406,39.795
2004-12-06,7.500000111758709,3.7857143421258246,0.5000000074505806,91.6857156519379,0.0,39.81
2004-12-13,7.300000108778477,2.414285750261375,-5.200000077486038,92.2857156608786,0.1000000014901161,39.82
2004-12-20,6.200000092387199,0.885714298912457,-4.200000062584877,87.82857273731913,4.599999994039536,39.84
2004-12-27,8.50000012665987,1.757142883326326,-7.200000107288361,89.92857276861157,15.09999967366457,39.84
2005-01-03,7.800000116229057,3.342857192669596,-0.800000011920929,89.90000133961439,17.899999916553497,39.86
2005-01-10,13.600000202655792,7.185714392789772,2.7000000402331352,78.78571545971292,3.799999967217445,39.88
2005-01-17,9.900000147521496,3.214285762182304,-3.9000000581145287,86.2000012844801,3.100000001490116,39.9
2005-01-24,6.500000096857548,1.7857143123235022,-2.1000000312924385,88.08571559829372,30.900000572204597,39.92
2005-01-31,6.000000089406967,-1.9857143153037344,-8.800000131130219,91.81428708242518,5.5999999195337296,39.94
2005-02-07,5.500000081956387,0.3285714334675242,-7.200000107288361,81.58571550143617,0.1000000014901161,39.96
2005-02-14,10.000000149011612,0.9857143004025732,-7.000000104308128,84.80000126361847,28.50000017881393,39.99
2005-02-21,2.7000000402331352,-0.4428571494562284,-5.000000074505806,85.7285727060267,2.5999999567866325,40.02
2005-02-28,1.3000000193715096,-2.1428571747882024,-11.000000163912771,86.92857272390809,11.400000095367432,40.06
2005-03-07,3.000000044703484,-3.228571476680892,-10.80000016093254,82.65714408883026,3.500000037252903,40.1
2005-03-14,7.400000110268593,0.9714285859039852,-7.900000117719173,81.21428692447287,8.600000143051147,40.13
2005-03-21,17.00000025331974,5.871428658919675,-5.200000077486038,73.60000109672546,3.300000011920929,40.17
2005-03-28,17.30000025779009,8.128571549696582,-2.3000000342726707,79.18571546567338,2.199999988079071,40.21
2005-04-04,20.500000305473804,7.542857255254473,-1.700000025331974,52.7000007852912,0.0,40.23
2005-04-11,15.500000230968,7.157142963792596,-1.0000000149011612,76.4285725674459,5.699999958276749,40.26
2005-04-18,21.300000317394733,12.271428754287106,1.5000000223517418,70.27142961855445,0.0,40.29
2005-04-25,14.500000216066836,6.614285812846252,-3.700000055134296,55.37142939652716,0.2000000029802322,40.3
2005-05-02,30.800000458955765,13.700000204145908,3.700000055134296,67.2428581448538,9.000000149011612,40.32
2005-05-09,21.000000312924385,10.214285866490432,2.7000000402331352,79.42857261214938,15.699999690055847,40.33
2005-05-16,17.600000262260437,9.185714422592095,0.2000000029802322,78.85714403220585,25.399999916553497,40.34
2005-05-23,23.100000344216824,12.500000186264517,-0.4000000059604645,72.65714393981865,22.799999833106995,40.35
2005-05-30,32.30000048130751,18.757143136646068,9.80000014603138,68.94285817018577,10.800000190734863,40.345
2005-06-06,25.30000037699937,13.100000195205212,2.7000000402331352,76.4285725674459,13.400000154972076,40.34
2005-06-13,20.10000029951334,11.428571598870414,3.200000047683716,72.1142867888723,6.400000035762787,40.33
2005-06-20,26.30000039190054,18.271428843694075,4.700000070035458,68.35714387574366,5.400000095367432,40.27
2005-06-27,33.20000049471855,19.871428867535933,9.3000001385808,64.40000095963478,7.6000001430511475,40.19
2005-07-04,29.000000432133675,18.900000281631947,8.100000120699406,65.67142955000911,15.40000019222498,40.13
2005-07-11,27.80000041425228,16.65714310535363,11.000000163912771,82.80000123381615,50.700000286102295,40.12
2005-07-18,31.300000466406345,20.34285744598933,11.000000163912771,67.85714386829308,17.100000143051147,40.11
2005-07-25,25.80000038444996,16.400000244379044,11.400000169873238,80.68571548802512,35.50000014901161,40.12
2005-08-01,30.00000044703484,19.714286008051463,9.500000141561031,74.80000111460686,10.800000466406344,40.1
2005-08-08,21.80000032484532,14.600000217556952,6.200000092387199,81.58571550143617,23.89999933540821,40.11
2005-08-15,23.100000344216824,14.885714507528714,11.000000163912771,81.47142978544746,13.0,40.12
2005-08-22,28.50000042468309,18.828571709139005,8.100000120699406,72.67142965431724,0.699999988079071,40.09
2005-08-29,27.000000402331352,16.300000242888927,8.50000012665987,77.51428686933858,6.799999862909317,40.06
2005-09-05,28.50000042468309,17.92857169572796,7.000000104308128,68.75714388170412,0.3000000119209289,40.03
2005-09-12,29.300000436604023,19.22857171509947,10.30000015348196,74.42857253764357,17.0,39.99
2005-09-19,20.60000030696392,12.342857326780049,2.0000000298023224,80.70000120252371,17.499999620020386,40.01
2005-09-26,23.300000347197056,14.157143068100725,8.00000011920929,81.11428692298276,11.100000381469728,40.01
2005-10-03,20.10000029951334,11.400000169873238,4.500000067055225,88.20000131428242,16.699999906122684,40.02
2005-10-10,20.60000030696392,13.4714287721685,7.300000108778477,82.30000122636557,0.0,40.03
2005-10-17,18.80000028014183,9.742857288037028,-0.4000000059604645,80.08571547908443,0.0,40.01
2005-10-24,16.600000247359276,9.15714299359492,0.5000000074505806,87.88571559531348,22.100000381469727,40.01
2005-10-31,19.10000028461218,10.985714449414186,4.700000070035458,83.40000124275684,5.0,40.02
2005-11-07,17.30000025779009,8.914285847118922,1.100000016391277,90.74285849503109,8.90000006556511,40.03
2005-11-14,13.500000201165676,7.071428676801069,0.800000011920929,90.75714420952968,2.600000001490116,40.04
2005-11-21,6.500000096857548,2.0142857443009103,-1.600000023841858,94.31428711967808,18.19999948143959,40.04
2005-11-28,5.200000077486038,-0.4142857204590524,-8.50000012665987,90.00000134110451,5.000000096857548,40.06
2005-12-05,6.000000089406967,0.5285714364477566,-3.6000000536441803,91.75714422443085,4.399999976158142,40.07
2005-12-12,7.800000116229057,1.528571451348918,-3.000000044703484,95.17142998959336,0.5000000149011611,40.06
2005-12-19,7.900000117719173,2.285714319774083,-4.90000007301569,92.12857280139411,21.60000026226044,40.07
2005-12-26,7.800000116229057,3.085714331695012,-2.7000000402331352,92.62857280884472,17.100000098347664,40.07
2006-01-02,3.1000000461936,-1.8857143138136183,-11.400000169873238,92.17142994488988,10.40000021457672,40.09
2006-01-09,1.5000000223517418,-2.057142887796674,-8.900000132620335,90.31428706007344,0.0,40.12
2006-01-16,4.200000062584877,-2.500000037252903,-9.80000014603138,89.15714418568781,0.699999988079071,40.14
2006-01-23,3.200000047683716,-4.800000071525574,-17.100000254809856,87.3714298733643,17.3000006377697,40.15
2006-01-30,1.600000023841858,-7.571428684251649,-16.100000239908695,79.91428690510136,0.0,40.165
2006-02-06,1.600000023841858,-2.500000037252903,-14.100000210106373,88.64285846373865,9.900000244379044,40.18
2006-02-13,5.000000074505806,1.1142857308898657,-4.500000067055225,91.10000135749578,15.899999812245367,40.21
2006-02-20,8.300000123679638,1.9142857428107944,-6.000000089406967,91.50000136345624,15.600000023841858,40.23
2006-02-27,4.200000062584877,-1.028571443898337,-8.50000012665987,78.65714402922562,0.0,40.28
2006-03-06,4.400000065565109,-1.2428571613771575,-13.000000193715096,83.75714410522154,4.8999998569488525,40.32
2006-03-13,3.500000052154064,-2.414285750261375,-14.100000210106373,83.37142981375966,10.500000417232515,40.35
2006-03-20,4.400000065565109,-0.814285726419517,-15.300000227987766,83.9285726792046,0.0,40.39
2006-03-27,17.100000254809856,2.828571470720427,-5.900000087916851,80.1285726225802,24.200000166893005,40.43
2006-04-03,15.100000225007534,8.457142983164106,0.5000000074505806,82.32857265536275,18.899999916553497,40.46
2006-04-10,14.100000210106373,5.128571504993098,-1.80000002682209,73.84285824320146,4.499999962747097,40.5
2006-04-17,13.300000198185444,7.000000104308128,-0.2000000029802322,80.37142976905618,13.200000047683716,40.55
2006-04-24,18.30000027269125,9.814285860529967,1.80000002682209,80.48571548504489,8.900000214576721,40.58
2006-05-01,21.1000003144145,10.114285865000316,1.80000002682209,76.70000114291906,9.100000128149986,40.63
2006-05-08,22.800000339746475,15.314285942486354,5.200000077486038,55.17142939354692,0.0,40.66
2006-05-15,25.00000037252903,14.171428782599312,0.800000011920929,59.54285803011486,0.3000000119209289,40.65
2006-05-22,22.100000329315662,13.428571628672737,7.200000107288361,77.90000116080046,14.9000004529953,40.66
2006-05-29,17.00000025331974,11.01428587841136,3.200000047683716,79.34285832515785,29.2999999076128,40.645
2006-06-05,18.50000027567148,10.214285866490432,2.200000032782554,78.05714402028492,8.999999977648258,40.63
2006-06-12,28.300000421702865,16.300000242888927,4.000000059604645,65.65714383551052,0.8999999761581421,40.56
2006-06-19,30.800000458955765,19.91428601103169,12.300000183284284,71.27142963345561,24.000000059604645,40.5
2006-06-26,30.300000451505184,19.75714315154723,8.00000011920929,70.28571533305305,14.299999572336672,40.44
2006-07-03,28.60000042617321,18.542857419167245,11.30000016838312,64.57142953361783,0.1000000014901161,40.36
2006-07-10,32.30000048130751,22.285714617797307,12.000000178813934,63.67142952020679,36.79999924451113,40.28
2006-07-17,30.600000455975533,20.800000309944156,8.800000131130219,60.68571519000189,0.0,40.22
2006-07-24,35.50000052899122,24.25714321860245,11.30000016838312,55.21428653704269,0.6000000089406967,40.14
2006-07-31,34.1000005081296,23.742857496653283,14.500000216066836,58.50000087171793,7.100000120699406,40.08
2006-08-07,26.80000039935112,18.14285741320678,10.000000149011612,72.37142964984689,20.800000190734863,40.02
2006-08-14,24.100000359117985,16.35714310088328,9.400000140070915,73.60000109672546,6.299999952316284,39.97
2006-08-21,27.200000405311584,17.900000266730785,10.30000015348196,78.77142974521432,14.59999978542328,39.92
2006-08-28,22.800000339746475,15.214285940996238,8.900000132620335,85.42857270155635,63.799999058246605,39.91
2006-09-04,25.700000382959843,16.42857167337622,10.900000162422655,81.00000120699406,13.199999928474426,39.86
2006-09-11,26.00000038743019,16.228571670395986,8.600000128149986,76.44285828194448,1.800000011920929,39.84
2006-09-18,26.00000038743019,18.6000002771616,9.00000013411045,64.54285810462066,0.0,39.8
2006-09-25,26.700000397861004,17.30000025779009,7.000000104308128,66.67142956491027,0.0,39.76
2006-10-02,24.8000003695488,16.142857383404458,9.600000143051147,81.28571549696582,6.1999998688697815,39.71
2006-10-09,19.000000283122063,12.742857332740511,5.500000081956387,83.28571552676814,12.000000298023224,39.7
2006-10-16,19.30000028759241,11.10000016540289,5.000000074505806,89.22857275818076,0.0,39.69
2006-10-23,19.60000029206276,11.142857308898654,0.4000000059604645,84.18571554017919,3.3999999165534973,39.68
2006-10-30,21.300000317394733,12.485714471765927,6.500000096857548,81.92857264940228,28.199999824166294,39.685
2006-11-06,14.000000208616257,6.242857235882964,-2.200000032782554,85.08571555359023,16.90000033378601,39.69
2006-11-13,11.30000016838312,6.62857152734484,1.80000002682209,85.61428699003798,17.600000023841858,39.71
2006-11-20,16.300000242888927,9.07142870660339,2.7000000402331352,88.88571561021465,9.70000010728836,39.73
2006-11-27,13.600000202655792,7.342857252274241,-0.1000000014901161,89.42857276116099,9.900000005960464,39.75
2006-12-04,10.500000156462193,5.600000083446503,-0.4000000059604645,91.8000013679266,9.3999999538064,39.77
2006-12-11,14.100000210106373,7.171428678291185,-0.800000011920929,83.47142981524978,15.799999535083767,39.79
2006-12-18,10.500000156462193,5.857142944421087,0.2000000029802322,85.94285842350551,1.0000000298023224,39.8
2006-12-25,7.500000111758709,4.985714360007218,1.0000000149011612,90.4714299195579,0.5000000074505806,39.82
2007-01-01,10.30000015348196,3.185714333185128,-1.3000000193715096,90.94285849801132,9.699999988079073,39.83
2007-01-08,9.00000013411045,6.228571521384375,3.200000047683716,88.8285727522203,18.200000382959843,39.84
2007-01-15,13.500000201165676,8.200000122189522,-0.1000000014901161,77.31428686635834,17.90000021457672,39.84
2007-01-22,12.90000019222498,5.885714373418263,-3.400000050663948,84.42857268665519,47.89999973773956,39.87
2007-01-29,7.000000104308128,-0.7142857249294009,-8.50000012665987,81.50000121444464,8.600000143051147,39.915
2007-02-05,8.400000125169754,5.300000078976154,-0.1000000014901161,85.2428584130747,3.799999974668026,39.96
2007-02-12,5.500000081956387,-0.6428571524364608,-6.200000092387199,91.52857279245345,19.20000011473894,40.0
2007-02-19,10.000000149011612,4.328571493072169,-1.600000023841858,84.34285839966365,11.100000381469728,40.03
2007-02-26,10.100000150501728,3.657142911638533,-2.3000000342726707,84.5285726881453,29.600000955164436,40.06
2007-03-05,10.80000016093254,5.314285793474743,0.5000000074505806,85.6000012755394,28.50000038743019,40.11
2007-03-12,17.100000254809856,7.471428682761533,-0.2000000029802322,80.21428690957171,3.000000037252903,40.17
2007-03-19,17.80000026524067,6.614285812846252,-1.100000016391277,78.25714402326516,10.200000196695328,40.25
2007-03-26,15.100000225007534,6.357142951871667,-2.7000000402331352,73.11428680377347,29.00000083446503,40.3
2007-04-02,17.80000026524067,9.685714430042676,2.1000000312924385,57.728572288794176,0.0,40.35
2007-04-09,13.000000193715096,7.500000111758709,-1.3000000193715096,71.77142964090619,0.7000000029802322,40.4
2007-04-16,25.50000037997961,13.314285912684031,0.9000000134110451,62.65714379080704,0.2000000029802322,40.43
2007-04-23,22.600000336766243,9.057142992104804,-1.3000000193715096,58.52857230071511,0.6000000238418578,40.46
2007-04-30,26.30000039190054,14.11428592460496,-0.6000000089406967,57.84285800478288,0.0,40.465
2007-05-07,24.00000035762787,13.085714480706624,-1.3000000193715096,54.814286531082224,10.200000002980232,40.47
2007-05-14,22.100000329315662,12.82857161973204,6.400000095367432,81.22857263897147,33.799999475479126,40.48
2007-05-21,29.700000442564487,14.500000216066836,2.600000038743019,71.98571535838502,9.599999904632568,40.47
2007-05-28,30.800000458955765,18.92857171062912,9.00000013411045,78.34285831025669,90.89999985694884,40.47
2007-06-04,23.80000035464764,15.257143084492002,8.00000011920929,82.2571440828698,21.499999620020397,40.5
2007-06-11,29.800000444054604,20.7428574519498,11.400000169873238,72.8428582283003,28.59999978542328,40.55
2007-06-18,29.10000043362379,18.64285742065736,11.500000171363354,80.40000119805336,67.90000019222498,40.55
2007-06-25,26.80000039935112,18.042857411716664,12.300000183284284,80.40000119805336,38.000000812113285,40.59
2007-07-02,24.00000035762787,15.100000225007534,7.000000104308128,79.92857261959996,22.200000166893005,40.64
2007-07-09,22.500000335276127,15.457143087472234,10.000000149011612,80.14285833707878,23.60000067949295,40.67
2007-07-16,35.700000531971455,19.314286002091,8.50000012665987,76.27142970796142,11.600000217556952,40.7
2007-07-23,27.3000004068017,19.871428867535933,11.000000163912771,70.72857248250928,80.5999984741211,40.71
2007-07-30,26.200000390410423,16.600000247359276,10.500000156462193,76.28571542246002,10.59999978542328,40.74
2007-08-06,26.600000396370888,17.171428827302798,7.700000114738941,70.52857247952905,3.400000050663948,40.77
2007-08-13,29.000000432133675,19.58571457756417,11.10000016540289,83.14285838178226,31.400000669062138,40.79
2007-08-20,27.10000040382147,18.42857170317854,8.600000128149986,73.35714395024947,39.40000043064356,40.78
2007-08-27,25.00000037252903,17.742857407246316,9.900000147521496,83.01428695129496,20.599999606609348,40.78
2007-09-03,19.30000028759241,13.785714491137435,4.90000007301569,80.65714405902794,20.99999952316284,40.79
2007-09-10,19.30000028759241,12.871428763227804,5.200000077486038,82.71428694682461,21.200000405311584,40.8
2007-09-17,22.30000033229589,13.657143060650144,8.400000125169754,77.32857258085694,5.200000047683716,40.76
2007-09-24,24.600000366568565,13.485714486667089,5.700000084936619,78.2000011652708,4.700000002980232,40.72
2007-10-01,17.100000254809856,12.61428590225322,6.900000102818012,88.700001321733,50.29999981075525,40.68
2007-10-08,15.800000235438349,10.242857295487608,2.3000000342726707,89.47142990465674,0.3000000119209289,40.69
2007-10-15,17.30000025779009,8.414285839668342,0.2000000029802322,80.0000011920929,1.100000023841858,40.71
2007-10-22,17.80000026524067,7.242857250784125,-1.80000002682209,80.72857263152089,8.900000095367432,40.65
2007-10-29,10.400000154972076,6.714285814336368,-0.4000000059604645,89.35714418866804,2.800000011920929,40.64
2007-11-05,13.40000019967556,8.171428693192345,-1.80000002682209,92.07142994339976,10.79999989271164,40.63
2007-11-12,10.100000150501728,4.514285781553814,-0.1000000014901161,88.92857275371041,28.399999856948853,40.62
2007-11-19,6.500000096857548,2.357142892267023,-2.500000037252903,92.82857281182494,1.0000000074505806,40.62
2007-11-26,8.300000123679638,2.7714286127260754,-1.100000016391277,89.50000133365393,3.699999988079071,40.62
2007-12-03,9.900000147521496,3.5857143391455923,-5.200000077486038,88.8142870377217,28.799999713897705,40.65
2007-12-10,13.000000193715096,6.114285805395672,0.800000011920929,88.50000131875277,14.599999882280828,40.65
2007-12-17,5.700000084936619,1.742857168827738,-5.200000077486038,87.75714416482619,1.400000050663948,40.67
2007-12-24,1.100000016391277,-2.2428571762783185,-7.200000107288361,94.98571570111172,0.1000000014901161,40.73
2007-12-31,5.500000081956387,1.100000016391277,-3.6000000536441803,92.07142994339976,0.3000000119209289,40.745
2008-01-07,4.500000067055225,-1.2428571613771575,-7.500000111758709,89.67142990763698,12.100000217556952,40.76
2008-01-14,9.900000147521496,3.38571433616536,-1.5000000223517418,86.14285842648574,1.399999976158142,40.76
2008-01-21,11.500000171363354,6.5571429548519,0.1000000014901161,90.3714299180678,80.59999990463257,40.76
2008-01-28,8.900000132620335,5.214285791984627,-0.9000000134110451,86.84285843691656,15.300000101327896,40.86
2008-02-04,7.500000111758709,3.200000047683716,-1.3000000193715096,81.7857155044164,2.0999999791383743,41.0
2008-02-11,12.500000186264517,4.714285784534046,-1.600000023841858,86.10000128298998,6.299999907612801,41.06
2008-02-18,6.900000102818012,1.1142857308898653,-6.500000096857548,79.61428690063101,0.7999999895691872,41.09
2008-02-25,10.30000015348196,6.385714380868843,0.1000000014901161,83.07142980928931,9.399999856948853,41.09
2008-03-03,12.4000001847744,5.985714374908379,-0.5000000074505806,82.10000122338533,39.40000003576279,41.09
2008-03-10,14.000000208616257,5.25714293548039,-2.0000000298023224,79.11428689318043,4.399999916553497,41.13
2008-03-17,12.500000186264517,5.5285715109535625,-0.1000000014901161,80.31428691106183,28.50000035762787,41.13
2008-03-24,7.000000104308128,1.1714285888842173,-6.200000092387199,81.28571549696582,18.99999989569187,41.16
2008-03-31,15.600000232458116,4.771428642528398,-3.6000000536441803,76.4285725674459,8.100000023841858,41.19
2008-04-07,15.800000235438349,6.41428580986602,-1.600000023841858,85.32857270006623,18.600000143051147,41.22
2008-04-14,15.900000236928465,6.028571518404143,-0.2000000029802322,84.30000125616789,17.800000049173832,41.23
2008-04-21,15.500000230968,6.928571531815188,1.600000023841858,79.97142976309571,11.50000011920929,41.25
2008-04-28,21.1000003144145,11.51428588586194,1.5000000223517418,65.2142866860543,1.4999999850988388,41.27
2008-05-05,21.000000312924385,12.4000001847744,3.000000044703484,74.1571439621704,8.399999916553497,41.25
2008-05-12,25.50000037997961,16.00000023841858,5.700000084936619,57.90000086277723,0.0,41.23
2008-05-19,22.30000033229589,12.771428761737686,3.9000000581145287,74.68571539861816,9.199999809265137,41.24
2008-05-26,21.80000032484532,13.428571628672737,2.3000000342726707,63.51428666072233,2.900000095367432,41.12
2008-06-02,30.00000044703484,20.000000298023224,10.600000157952309,50.45714360901288,0.0,41.03
2008-06-09,30.200000450015068,20.35714316048793,9.100000135600569,49.728572169584886,0.0,40.92
2008-06-16,27.3000004068017,14.028571637613434,6.200000092387199,68.12857244376626,9.200000047683716,40.85
2008-06-23,31.20000046491623,17.51428597526891,5.4000000804662704,61.90000092238188,17.200000025331974,40.75
2008-06-30,25.100000374019142,16.985714538821153,6.900000102818012,68.04285815677473,9.90000021457672,40.675
2008-07-07,32.80000048875809,19.928571725530283,9.100000135600569,61.97142949487482,19.30000038444996,40.6
2008-07-14,24.8000003695488,16.485714531370572,9.500000141561031,78.87142974670444,17.700000047683716,40.54
2008-07-21,23.300000347197056,15.657143090452468,9.500000141561031,80.52857262854066,23.60000026226044,40.51
2008-07-28,32.00000047683716,21.357143175389087,11.500000171363354,63.52857237522091,0.0,40.44
2008-08-04,33.20000049471855,21.942857469831196,15.100000225007534,58.32857229773487,8.0,40.38
2008-08-11,33.20000049471855,18.58571456266301,8.800000131130219,69.40000103414059,9.699999704957008,40.3
2008-08-18,24.600000366568565,17.042857396815503,7.800000116229057,71.14285820296833,6.8000001311302185,40.24
2008-08-25,26.50000039488077,16.957143109823978,10.400000154972076,78.17142973627362,47.600000977516174,40.2
2008-09-01,24.100000359117985,17.200000256299973,9.00000013411045,75.80000112950802,1.800000011920929,40.19
2008-09-08,23.000000342726707,16.42857167337622,8.400000125169754,78.94285831919738,20.399999856948853,40.15
2008-09-15,24.300000362098217,13.928571636123316,4.500000067055225,75.28571540755885,0.2000000029802322,40.13
2008-09-22,17.00000025331974,10.971428734915596,2.3000000342726707,76.50000113993883,3.8000000715255737,40.1
2008-09-29,17.80000026524067,11.51428588586194,4.700000070035458,83.80000124871731,11.100000143051147,40.075
2008-10-06,15.100000225007534,9.200000137090685,1.700000025331974,85.32857270006623,32.60000029206276,40.05
2008-10-13,19.80000029504299,11.02857159290995,2.7000000402331352,89.94285848311016,0.1000000014901161,40.04
2008-10-20,17.100000254809856,10.557143014456544,4.90000007301569,83.68571553272861,13.50000011920929,40.05
2008-10-27,19.000000283122063,9.128571564597744,1.600000023841858,86.22857271347728,8.899999916553497,40.06
2008-11-03,9.100000135600569,5.128571504993098,1.3000000193715096,91.6857156519379,22.30000066757202,40.06
2008-11-10,14.600000217556952,9.385714425572328,3.1000000461936,94.28571569068092,4.100000008940697,40.08
2008-11-17,14.40000021457672,7.171428678291185,-0.2000000029802322,85.17142984058175,3.500000074505806,40.08
2008-11-24,9.3000001385808,2.528571466250079,-2.7000000402331352,88.51428703325135,19.5999998152256,40.12
2008-12-01,7.200000107288361,1.9714286008051465,-2.800000041723252,90.55714420654944,21.20000077784061,40.14
2008-12-08,5.500000081956387,2.714285754731723,-0.5000000074505806,93.50000139325856,10.700000181794168,40.15
2008-12-15,3.700000055134296,1.3571428773658616,-2.200000032782554,92.77142995383058,5.900000095367432,40.17
2008-12-22,9.00000013411045,3.985714345106057,-0.6000000089406967,90.07142991359744,5.999999940395355,40.21
2008-12-29,6.70000009983778,0.5000000074505807,-5.200000077486038,89.52857276265111,5.400000102818012,40.23
2009-01-05,1.3000000193715096,-3.657142911638533,-14.500000216066836,90.6285727790424,6.200000166893005,40.25
2009-01-12,0.800000011920929,-7.05714296230248,-17.00000025331974,88.28571560127395,0.6000000089406967,40.27
2009-01-19,4.200000062584877,0.5714285799435206,-5.500000081956387,88.60000132024288,4.099999994039536,40.3
2009-01-26,4.700000070035458,0.2857142899717603,-5.000000074505806,94.72857284013716,8.199999809265137,40.3
2009-02-02,1.3000000193715096,-1.8571428848164424,-5.900000087916851,92.514287092856,0.1000000014901161,40.32
2009-02-09,4.200000062584877,0.9857143004025732,-2.1000000312924385,91.2000013589859,1.2000000029802322,40.32
2009-02-16,3.500000052154064,-0.9142857279096333,-6.000000089406967,89.45714419015816,19.999999821186066,40.33
2009-02-23,5.200000077486038,-0.3857142914618764,-8.800000131130219,90.64285849354096,9.1999998614192,40.34
2009-03-02,10.400000154972076,4.371428636567933,-1.3000000193715096,89.15714418568781,5.500000104308128,40.35
2009-03-09,10.400000154972076,4.300000064074993,-0.800000011920929,87.94285845330784,13.500000432133676,40.37
2009-03-16,12.10000018030405,5.7857143719281465,0.6000000089406967,86.47142985995326,19.90000015497208,40.39
2009-03-23,12.000000178813934,5.014285789004394,-2.7000000402331352,70.18571533156293,12.000000178813934,40.42
2009-03-30,11.30000016838312,4.171428633587701,-4.200000062584877,82.17142979587827,7.600000120699406,40.44
2009-04-06,22.100000329315662,9.985714434513024,-1.3000000193715096,68.85714388319424,0.0,40.46
2009-04-13,22.30000033229589,13.085714480706624,4.200000062584877,67.30000100284815,2.899999976158142,40.49
2009-04-20,22.000000327825543,11.928571606320997,0.4000000059604645,56.300000838935375,0.0,40.5
2009-04-27,24.600000366568565,12.471428757267338,0.5000000074505806,60.200000897049904,0.4000000059604645,40.52
2009-05-04,26.30000039190054,13.785714491137435,1.100000016391277,62.75714379229716,1.9000000730156896,40.51
2009-05-11,22.100000329315662,11.928571606320997,2.200000032782554,74.00000110268593,25.600000575184826,40.49
2009-05-18,22.30000033229589,12.842857334230628,2.7000000402331352,64.94285811058113,13.400000289082527,40.46
2009-05-25,25.100000374019142,15.757143091942584,6.500000096857548,68.64285816571542,2.0000000596046448,40.44
2009-06-01,26.80000039935112,15.571428803460938,7.500000111758709,68.42857244823661,19.49999964237213,40.36
2009-06-08,26.700000397861004,12.0428573223097,1.80000002682209,72.08571535987514,25.099999576807026,40.32
2009-06-15,21.60000032186508,14.071428781109196,6.200000092387199,75.3428582655532,17.899999856948853,40.3
2009-06-22,23.300000347197056,14.47142878706966,6.000000089406967,70.92857248548951,3.3000000715255737,40.27
2009-06-29,24.8000003695488,17.628571691257612,10.000000149011612,77.07142971988235,20.399999260902405,40.235
2009-07-06,29.800000444054604,21.485714605876375,12.10000018030405,74.60000111162663,0.0,40.2
2009-07-13,25.700000382959843,16.35714310088328,8.800000131130219,74.61428682612521,13.50000001490116,40.15
2009-07-20,30.800000458955765,19.557143148567,10.900000162422655,73.71428681271416,70.09999924898148,40.12
2009-07-27,28.50000042468309,18.87142885263477,10.600000157952309,73.15714394726923,9.999999977648258,40.11
2009-08-03,30.200000450015068,18.9571431396263,7.500000111758709,65.77142955149922,7.400000095367432,40.08
2009-08-10,29.300000436604023,20.614286021462508,10.500000156462193,64.72857239310231,4.900000095367432,40.04
2009-08-17,30.100000448524952,18.72857170764889,9.400000140070915,67.55714386382273,0.1000000014901161,40.0
2009-08-24,32.80000048875809,18.771428851144652,8.00000011920929,65.85714383849076,11.599999606609344,39.96
2009-08-31,29.300000436604023,18.01428598271949,6.900000102818012,66.62857242141452,1.2000000029802322,39.92
2009-09-07,32.30000048130751,16.70000024884939,8.900000132620335,71.1857153464641,12.5,39.88
2009-09-14,27.3000004068017,15.77142880644117,6.200000092387199,73.64285824022123,6.299999810755253,39.84
2009-09-21,25.600000381469727,14.885714507528714,4.700000070035458,74.02857253168311,0.1000000014901161,39.81
2009-09-28,22.800000339746475,13.428571628672737,3.200000047683716,75.52857255403485,0.1000000014901161,39.78
2009-10-05,15.800000235438349,10.642857301448071,2.7000000402331352,78.3142868812595,10.999999791383743,39.792
2009-10-12,21.60000032186508,10.271428724484784,3.500000052154064,87.57142987634454,62.79999816417694,39.804
2009-10-19,11.500000171363354,4.757142928029809,-1.3000000193715096,82.87142980630908,8.199999816715717,39.816
2009-10-26,15.400000229477882,7.085714391299656,-0.9000000134110451,89.50000133365393,13.0,39.828
2009-11-02,11.400000169873238,5.728571513933795,-1.5000000223517418,90.67142992253814,23.99999962002039,39.84
2009-11-09,11.10000016540289,4.842857215021338,0.1000000014901161,93.77142996873174,25.59999940544367,39.87
2009-11-16,13.40000019967556,7.428571539265769,1.80000002682209,92.35714423337151,8.300000041723251,39.91
2009-11-23,14.100000210106373,9.285714424082212,2.200000032782554,85.50000127404928,13.300000287592413,39.96
2009-11-30,13.600000202655792,8.157142978693757,1.700000025331974,81.70000121742487,18.399999797344208,40.005
2009-12-07,8.900000132620335,3.0428571881992474,-2.3000000342726707,95.52857285205808,12.600000388920307,40.05
2009-12-14,6.000000089406967,2.371428606765611,-3.200000047683716,94.74285855463572,12.400000035762789,40.06
2009-12-21,0.9000000134110451,-6.228571521384375,-16.600000247359276,86.51428700344903,4.500000104308128,40.12
2009-12-28,6.200000092387199,0.885714298912457,-6.000000089406967,91.90000136941671,15.500000290572643,40.16
2010-01-04,0.1000000014901161,-2.4428571792585507,-6.500000096857548,89.81428705262286,6.5999999195337296,40.2
2010-01-11,-1.100000016391277,-4.985714360007218,-13.40000019967556,90.82857278202262,10.10000005364418,40.23
2010-01-18,0.1000000014901161,-2.7857143272246634,-6.200000092387199,91.15714421549012,5.100000143051148,40.26
2010-01-25,1.0000000149011612,-7.371428681271417,-14.600000217556952,84.81428697811705,1.0,40.28
2010-02-01,2.1000000312924385,-4.500000067055225,-19.500000290572643,84.8714298361114,11.899999864399431,40.31
2010-02-08,2.500000037252903,-2.057142887796674,-9.600000143051147,86.74285843542644,8.40000019222498,40.32
2010-02-15,-0.2000000029802322,-3.442857194159712,-6.800000101327896,85.94285842350551,5.700000010430813,40.34
2010-02-22,5.4000000804662704,-0.6428571524364608,-7.000000104308128,84.91428697960717,8.100000202655792,40.36
2010-03-01,10.600000157952309,3.157142904187952,-1.600000023841858,84.80000126361847,9.100000143051147,40.36
2010-03-08,5.200000077486038,-0.6857142959322248,-7.000000104308128,74.31428682165486,3.000000037252903,40.4
2010-03-15,7.000000104308128,0.4857142929519926,-7.700000114738941,85.88571556551116,14.699999749660492,40.47
2010-03-22,15.300000227987766,7.885714403220585,-0.5000000074505806,77.71428687231881,8.800000011920929,40.53
2010-03-29,20.10000029951334,8.957142990614686,-1.0000000149011612,77.34285829535553,19.79999976605177,40.58
2010-04-05,16.50000024586916,7.285714394279888,-2.0000000298023224,74.44285825214216,8.099999964237213,40.63
2010-04-12,18.30000027269125,8.085714406200818,1.0000000149011612,71.21428677546126,0.2000000029802322,40.68
2010-04-19,20.10000029951334,8.242857265685286,-0.5000000074505806,62.74285807779857,0.0,40.71
2010-04-26,20.10000029951334,7.928571546716349,-3.1000000461936,66.18571527195829,4.599999904632568,40.74
2010-05-03,24.8000003695488,12.571428758757454,2.500000037252903,70.15714390256575,7.400000169873238,40.75
2010-05-10,15.100000225007534,8.314285838178225,-0.5000000074505806,80.31428691106183,11.900000408291818,40.76
2010-05-17,17.00000025331974,9.671428715544089,2.0000000298023224,78.17142973627362,34.50000077486038,40.75
2010-05-24,23.000000342726707,13.500000201165676,7.200000107288361,82.77142980481896,26.200000166893005,40.76
2010-05-31,19.10000028461218,11.67142874534641,3.500000052154064,76.38571542395013,27.800000071525574,40.765
2010-06-07,27.3000004068017,15.70000023394823,7.500000111758709,73.28571537775653,8.5,40.77
2010-06-14,27.60000041127205,17.671428834753378,6.500000096857548,75.25714397856167,10.800000220537186,40.77
2010-06-21,23.300000347197056,14.328571642083782,5.200000077486038,67.70000100880861,1.100000016391277,40.74
2010-06-28,28.80000042915344,17.900000266730785,5.500000081956387,64.28571524364608,0.0,40.65
2010-07-05,32.70000048726797,23.20000034570694,12.4000001847744,59.85714374908379,0.6000000238418579,40.54
2010-07-12,37.2000005543232,23.37142891969,9.3000001385808,58.157143723751815,19.0,40.45
2010-07-19,33.20000049471855,22.02857175682272,10.500000156462193,63.77142952169691,6.699999928474426,40.38
2010-07-26,32.50000048428774,20.55714316346816,9.400000140070915,64.20000095665455,8.99999962002039,40.32
2010-08-02,29.800000444054604,19.30000028759241,10.100000150501728,66.8714295678905,11.19999972730875,40.25
2010-08-09,26.30000039190054,18.64285742065736,10.500000156462193,76.97142971839223,10.200000002980232,40.2
2010-08-16,27.200000405311584,18.471428846674307,11.900000177323818,83.68571553272861,67.39999949932098,40.17
2010-08-23,29.200000435113907,18.842857423637597,9.500000141561031,78.48571545524257,13.100000336766245,40.15
2010-08-30,21.80000032484532,14.642857361052718,8.900000132620335,83.77142981972013,63.89999961853027,40.135
2010-09-06,18.6000002771616,12.642857331250395,5.200000077486038,80.34285834005901,8.599999956786633,40.12
2010-09-13,23.80000035464764,14.671428790049893,7.200000107288361,84.10000125318766,9.799999691545963,40.11
2010-09-20,17.80000026524067,12.7571430472391,7.200000107288361,80.1285726225802,24.00000044703484,40.1
2010-09-27,23.80000035464764,13.428571628672737,3.700000055134296,88.47142988975558,63.20000058412552,40.11
2010-10-04,17.600000262260437,9.771428717034205,1.600000023841858,83.52857267324414,0.1000000014901161,40.14
2010-10-11,19.10000028461218,10.985714449414186,0.800000011920929,81.01428692149264,0.0,40.17
2010-10-18,13.100000195205212,5.942857231412615,-1.3000000193715096,86.78571557892221,5.19999984651804,40.19
2010-10-25,11.500000171363354,6.128571519894259,-0.2000000029802322,84.05714410969189,12.799999929964542,40.19
2010-11-01,15.600000232458116,7.400000110268593,1.0000000149011612,85.2428584130747,4.099999904632568,40.24
2010-11-08,15.100000225007534,7.971428690212114,-0.9000000134110451,91.25714421698024,39.69999933242798,40.22
2010-11-15,16.600000247359276,7.700000114738941,1.0000000149011612,85.94285842350551,10.300000056624413,40.2
2010-11-22,7.200000107288361,4.771428642528398,1.700000025331974,94.74285855463572,28.000000670552254,40.23
2010-11-29,4.200000062584877,-0.900000013411045,-4.200000062584877,88.8142870377217,3.699999995529652,40.25
2010-12-06,1.3000000193715096,-5.085714361497334,-13.40000019967556,85.90000128000975,11.200000002980232,40.27
2010-12-13,5.500000081956387,-1.1571428743856291,-4.700000070035458,90.3571442035692,15.299999877810478,40.3
2010-12-20,-0.800000011920929,-5.014285789004394,-12.300000183284284,91.38571564746756,16.19999949634075,40.33
2010-12-27,0.5000000074505806,-5.314285793474743,-17.50000026077032,91.71428708093508,18.90000007301569,40.36
2011-01-03,3.400000050663948,-3.52857148115124,-12.10000018030405,91.27142993147883,0.700000025331974,40.38
2011-01-10,8.00000011920929,0.7428571539265769,-8.100000120699406,92.05714422890118,15.5,40.41
2011-01-17,10.400000154972076,5.171428648488862,-3.400000050663948,92.88571566981928,21.899999499320984,40.46
2011-01-24,7.500000111758709,1.3571428773658616,-2.0000000298023224,90.91428706901414,3.100000061094761,40.63
2011-01-31,3.700000055134296,-1.8857143138136183,-7.400000110268593,90.18571562958616,7.299999907612801,40.71
2011-02-07,10.30000015348196,4.128571490091937,-4.400000065565109,87.84285845181772,38.599998869001865,40.79
2011-02-14,9.80000014603138,1.814285741320678,-3.1000000461936,75.91428684549672,4.500000007450581,40.84
2011-02-21,2.0000000298023224,-2.628571467740195,-9.600000143051147,70.25714390405587,0.0,40.89
2011-02-28,8.800000131130219,-3.38571433616536,-13.300000198185444,66.55714384892157,0.0,40.91
2011-03-07,7.800000116229057,-0.3000000044703483,-8.800000131130219,73.75714395620993,0.0,40.92
2011-03-14,15.800000235438349,5.585714368947914,-5.000000074505806,73.00000108778477,7.800000309944153,40.94
2011-03-21,12.500000186264517,3.671428626137121,-3.1000000461936,86.62857271943774,9.300000049173832,40.91
2011-03-28,16.100000239908695,6.000000089406967,-3.200000047683716,70.92857248548951,0.4000000059604645,40.92
2011-04-04,21.80000032484532,10.714285873941012,-3.200000047683716,75.88571541649955,15.599999576807022,40.88
2011-04-11,20.80000030994416,10.52857158545937,0.5000000074505806,69.95714389958552,0.5000000149011611,40.88
2011-04-18,19.500000290572643,8.685714415141515,-0.2000000029802322,74.54285825363228,7.500000096857548,40.85
2011-04-25,23.000000342726707,14.61428593205554,3.200000047683716,55.38571511102574,0.0,40.83
2011-05-02,22.30000033229589,11.67142874534641,2.500000037252903,64.3714295306376,7.799999982118607,40.81
2011-05-09,24.600000366568565,11.37142874087606,-2.7000000402331352,55.12857225005116,0.3000000119209289,40.78
2011-05-16,27.000000402331352,14.071428781109196,4.700000070035458,71.11428677397114,15.399999916553496,40.75
2011-05-23,26.700000397861004,16.085714525410108,9.00000013411045,76.71428685741765,20.90000033378601,40.72
2011-05-30,29.300000436604023,15.614285946956702,5.500000081956387,62.485715216823984,1.100000038743019,40.68
2011-06-06,30.600000455975533,18.94285742512771,5.200000077486038,65.81428669499499,23.800000190734863,40.64
2011-06-13,25.30000037699937,16.971428824322565,6.200000092387199,73.34285823575088,14.20000046491623,40.59
2011-06-20,27.80000041425228,16.514285960367747,9.400000140070915,73.98571538818734,17.199999511241913,40.55
2011-06-27,26.30000039190054,16.300000242888927,8.400000125169754,77.68571544332164,25.19999984651804,40.52
2011-07-04,29.50000043958425,16.600000247359276,8.50000012665987,79.70000118762255,87.30000133812428,40.5
2011-07-11,28.10000041872263,19.428571718079706,12.500000186264517,76.4142868529473,40.70000151544809,40.5
2011-07-18,25.600000381469727,17.842857408736432,9.900000147521496,75.00000111758709,23.10000000149012,40.55
2011-07-25,24.100000359117985,15.542857374463765,9.500000141561031,77.87142973180327,23.19999957084656,40.59
2011-08-01,24.300000362098217,17.028571682316915,12.500000186264517,84.88571555061,57.699998795986176,40.65
2011-08-08,28.200000420212746,18.87142885263477,11.000000163912771,80.48571548504489,6.800000071525574,40.78
2011-08-15,24.00000035762787,17.014285967818328,11.60000017285347,80.22857262407031,11.79999977350235,40.84
2011-08-22,25.600000381469727,18.285714558192662,9.100000135600569,76.0571439904826,8.30000014603138,40.84
2011-08-29,29.800000444054604,18.357143130685603,10.500000156462193,82.84285837731191,10.699999988079073,40.775
2011-09-05,28.00000041723252,15.900000236928465,5.500000081956387,80.65714405902794,15.600000381469728,40.71
2011-09-12,27.500000409781933,16.257143099393165,10.80000016093254,84.157144111182,50.39999971538782,40.79
2011-09-19,21.300000317394733,13.90000020712614,7.300000108778477,78.75714403071574,1.900000050663948,40.78
2011-09-26,24.300000362098217,13.385714485176972,4.200000062584877,80.52857262854066,0.1000000014901161,40.75
2011-10-03,25.80000038444996,15.071428796010355,5.500000081956387,82.24285836837122,0.0,40.72
2011-10-10,22.100000329315662,12.24285732528993,2.800000041723252,82.7428583758218,21.40000007301569,40.71
2011-10-17,14.300000213086603,7.557142969753061,-0.800000011920929,84.90000126510859,10.699999809265137,40.69
2011-10-24,14.600000217556952,5.871428658919675,-1.3000000193715096,86.81428700791938,1.6999999657273293,40.66
2011-10-31,16.00000023841858,9.857143004025732,3.700000055134296,91.64285850844212,0.800000011920929,40.64
2011-11-07,13.90000020712614,7.428571539265769,3.000000044703484,92.42857280586448,0.0,40.61
2011-11-14,10.80000016093254,2.400000035762787,-4.700000070035458,92.5285728073546,0.0,40.6
2011-11-21,8.100000120699406,2.1571428892867908,-3.500000052154064,96.3142871494804,0.0,40.59
2011-11-28,10.500000156462193,4.514285781553814,-3.1000000461936,89.68571562213558,2.6999999657273293,40.575
2011-12-05,11.30000016838312,4.657142926539693,-3.1000000461936,87.77142987932477,8.800000011920929,40.56
2011-12-12,7.800000116229057,3.428571479661124,-1.80000002682209,86.54285843244621,22.700000479817398,40.56
2011-12-19,9.00000013411045,3.514285766652652,0.0,87.07142986889396,32.19999993592501,40.54
2011-12-26,10.30000015348196,4.771428642528398,-1.0000000149011612,94.12857283119644,10.600000023841858,40.54
2012-01-02,12.300000183284284,6.000000089406967,-0.1000000014901161,89.58571562064546,14.300000049173832,40.59
2012-01-09,9.00000013411045,4.157142919089113,-0.5000000074505806,88.07142988379512,35.5999998152256,40.6
2012-01-16,9.00000013411045,3.628571482641356,-2.600000038743019,84.95714412310294,1.7000000327825546,40.66
2012-01-23,5.900000087916851,2.3428571777684346,-2.800000041723252,91.64285850844212,27.899999767541885,40.72
2012-01-30,1.3000000193715096,-3.7714286276272366,-9.100000135600569,84.11428696768624,5.099999815225601,40.76
2012-02-06,-4.500000067055225,-12.085714465805465,-21.300000317394733,75.37142969455037,0.2000000029802322,40.8
2012-02-13,0.1000000014901161,-7.400000110268593,-20.10000029951334,83.42857267175403,1.700000025331974,40.84
2012-02-20,7.500000111758709,2.0428571732980862,-6.000000089406967,84.70000126212835,15.100000120699406,40.84
2012-02-27,11.800000175833702,4.842857215021338,-4.200000062584877,83.94285839370319,15.49999988079071,40.88
2012-03-05,11.60000017285347,5.757142942930971,-3.400000050663948,79.67142975862537,0.4000000059604644,40.9
2012-03-12,11.900000177323818,5.071428646998746,-4.000000059604645,76.08571541947978,3.2999999672174454,40.92
2012-03-19,19.60000029206276,7.442857253764357,-2.200000032782554,77.92857258979764,2.5,40.92
2012-03-26,19.000000283122063,8.671428700642926,-2.200000032782554,76.27142970796142,0.0,40.93
2012-04-02,19.60000029206276,7.485714397260121,-1.700000025331974,71.78571535540479,4.999999955296516,40.93
2012-04-09,10.30000015348196,3.628571482641356,-4.000000059604645,77.80000115931034,15.700000405311584,40.95
2012-04-16,14.900000222027302,7.657142971243177,-1.80000002682209,75.84285827300378,9.399999856948853,40.91
2012-04-23,17.100000254809856,8.471428697662693,-1.5000000223517418,67.70000100880861,1.0000000223517416,40.9
2012-04-30,29.800000444054604,14.47142878706966,2.800000041723252,65.8000009804964,0.1000000014901161,40.86
2012-05-07,26.00000038743019,12.800000190734863,5.000000074505806,73.98571538818734,7.599999859929085,40.82
2012-05-14,25.30000037699937,13.600000202655792,0.9000000134110451,70.5857153375234,8.600000143051147,40.8
2012-05-21,27.60000041127205,13.585714488157205,2.200000032782554,62.20000092685223,4.799999989569187,40.76
2012-05-28,30.70000045746565,18.67142884965454,8.300000123679638,51.92857220236744,0.2000000029802322,40.67
2012-06-04,21.000000312924385,12.200000181794168,4.000000059604645,68.77142959620271,29.69999931007624,40.63
2012-06-11,24.100000359117985,14.585714503058366,3.200000047683716,69.55714389362505,3.199999988079071,40.6
2012-06-18,31.500000469386578,16.35714310088328,6.70000009983778,72.91428680079323,6.799999952316284,40.55
2012-06-25,24.100000359117985,15.971428809421402,8.300000123679638,77.24285829386541,23.4000006467104,40.43
2012-07-02,30.800000458955765,17.971428839223726,7.200000107288361,77.8428583028061,35.99999962002039,40.45
2012-07-09,28.300000421702865,19.94285744002887,13.300000198185444,78.64285831472704,9.899999856948853,40.42
2012-07-16,24.300000362098217,15.55714308896235,8.800000131130219,79.91428690510136,29.10000029951334,40.38
2012-07-23,25.100000374019142,15.585714517959527,8.400000125169754,75.30000112205744,23.199999406933784,40.35
2012-07-30,31.80000047385693,21.085714599915917,9.500000141561031,68.37142959024224,21.699999906122684,40.315
2012-08-06,27.200000405311584,19.042857426617825,8.50000012665987,74.74285825661251,10.5999998152256,40.28
2012-08-13,22.30000033229589,15.828571664435524,8.600000128149986,74.54285825363228,1.100000023841858,40.24
2012-08-20,35.00000052154064,19.70000029355288,8.50000012665987,70.68571533901351,2.9999999552965164,40.19
2012-08-27,25.700000382959843,17.571428833263262,9.100000135600569,76.52857256893601,7.800000071525574,40.13
2012-09-03,26.700000397861004,16.057143096412933,5.500000081956387,78.50000116974115,1.100000023841858,40.08
2012-09-10,30.200000450015068,16.542857389364922,8.300000123679638,74.57142968262944,3.0000000596046448,40.04
2012-09-17,26.200000390410423,14.34285735658237,4.200000062584877,77.24285829386541,11.69999986886978,40.0
2012-09-24,22.100000329315662,11.228571595890182,2.7000000402331352,75.17142969157014,6.00000012665987,39.95
2012-10-01,21.000000312924385,12.571428758757454,3.400000050663948,81.02857263599124,13.49999988079071,39.92
2012-10-08,20.10000029951334,10.88571444792407,3.1000000461936,84.70000126212835,43.50000088661909,39.9
2012-10-15,14.000000208616257,7.885714403220585,2.200000032782554,86.85714415141514,12.599999882280828,39.89
2012-10-22,22.800000339746475,12.214285896292754,3.000000044703484,83.87142982121024,0.9000000134110451,39.88
2012-10-29,14.000000208616257,5.514285796454975,-4.90000007301569,82.51428694384438,5.300000011920929,39.875
2012-11-05,10.500000156462193,5.614285797945091,-0.9000000134110451,88.95714418270758,11.899999976158142,39.87
2012-11-12,12.10000018030405,7.642857256744589,2.500000037252903,86.17142985548291,6.299999870359898,39.85
2012-11-19,10.400000154972076,1.8285714558192665,-4.200000062584877,95.1285728460976,1.7000000476837158,39.87
2012-11-26,11.000000163912771,5.342857222471919,-1.5000000223517418,92.30000137537718,9.500000178813934,39.87
2012-12-03,8.300000123679638,2.371428606765611,-3.400000050663948,93.2142871032868,6.300000116229057,39.86
2012-12-10,4.400000065565109,-3.000000044703484,-13.300000198185444,92.22857280288424,23.99999924004078,39.87
2012-12-17,3.700000055134296,-1.1714285888842173,-10.80000016093254,94.3000014051795,11.00000011920929,39.88
2012-12-24,7.500000111758709,0.1714285739830561,-4.700000070035458,95.97143000151428,12.899999670684338,39.89
2012-12-31,10.900000162422655,5.385714365967682,-4.500000067055225,82.57142980183873,8.499999955296516,39.92
2013-01-07,10.000000149011612,6.357142951871667,3.1000000461936,91.58571565044778,29.299999952316284,39.95
2013-01-14,7.000000104308128,0.5714285799435207,-7.500000111758709,91.2000013589859,14.099999703466892,40.0
2013-01-21,0.4000000059604645,-3.8714286291173527,-10.000000149011612,85.70000127702951,1.5,40.05
2013-01-28,4.500000067055225,-4.657142926539693,-13.300000198185444,88.15714417078665,7.100000120699406,40.1
2013-02-04,11.400000169873238,4.014285774103233,-3.6000000536441803,87.1428584413869,41.69999927282333,40.16
2013-02-11,5.000000074505806,-0.857142869915281,-6.70000009983778,89.74285848012993,7.400000274181366,40.21
2013-02-18,2.0000000298023224,-0.3571428624647003,-4.500000067055225,89.04285846969911,7.100000001490116,40.29
2013-02-25,2.200000032782554,-0.9285714424082212,-5.500000081956387,86.94285843840667,6.89999994635582,40.35
2013-03-04,9.00000013411045,1.65714288183621,-4.200000062584877,84.81428697811705,0.1000000014901161,40.39
2013-03-11,11.10000016540289,0.7571428684251649,-6.000000089406967,79.42857261214938,12.500000335276129,40.43
2013-03-18,2.7000000402331352,-3.7714286276272366,-15.100000225007534,76.55714399793318,7.799999952316284,40.48
2013-03-25,3.1000000461936,-2.9000000432133675,-12.000000178813934,75.2142868350659,6.699999988079071,40.5
2013-04-01,4.500000067055225,-0.4571428639548165,-6.70000009983778,73.97142967368875,0.2000000029802322,40.53
2013-04-08,9.500000141561031,1.3571428773658616,-6.900000102818012,75.05714397558144,0.0,40.55
2013-04-15,22.600000336766243,8.600000128149986,-0.2000000029802322,78.9285726046988,9.199999883770944,40.57
2013-04-22,23.500000350177288,12.142857323799817,2.0000000298023224,63.32857237224068,0.0,40.58
2013-04-29,23.600000351667404,11.314285882881707,2.500000037252903,71.12857248846974,8.100000016391277,40.59
2013-05-06,22.800000339746475,12.200000181794168,0.9000000134110451,59.67142946060215,0.0,40.6
2013-05-13,23.300000347197056,13.814285920134612,3.200000047683716,81.15714406647852,18.70000004768372,40.61
2013-05-20,27.3000004068017,15.92857166592564,8.00000011920929,74.38571539414781,17.300000190734863,40.61
2013-05-27,18.80000028014183,10.728571588439602,2.800000041723252,81.55714407243899,36.60000014305115,40.61
2013-06-03,22.600000336766243,14.714285933545655,7.900000117719173,80.87142977650676,7.5,40.6
2013-06-10,25.100000374019142,16.257143099393165,5.500000081956387,65.15714382805994,0.0,40.57
2013-06-17,26.30000039190054,17.400000259280205,7.200000107288361,68.52857244972672,9.300000190734863,40.5
2013-06-24,32.600000485777855,20.800000309944156,11.800000175833702,70.25714390405587,36.59999918937683,40.46
2013-07-01,24.300000362098217,13.800000205636024,7.000000104308128,80.4714297705463,19.79999976605177,40.47
2013-07-08,27.80000041425228,18.657143135155952,10.000000149011612,74.24285824916193,1.5999999642372131,40.43
2013-07-15,26.30000039190054,17.385714544781617,9.600000143051147,69.24285817465612,0.0,40.42
2013-07-22,32.20000047981739,20.614286021462508,9.3000001385808,61.85714377888611,0.0,40.32
2013-07-29,33.70000050216913,23.40000034868717,12.300000183284284,64.81428668009383,9.699999988079073,40.245
2013-08-05,34.50000051409006,22.20000033080578,12.90000019222498,66.1571438429611,2.700000025331974,40.17
2013-08-12,30.800000458955765,18.614285991660186,9.500000141561031,75.97142970349107,17.60000067949295,40.11
2013-08-19,27.80000041425228,17.400000259280205,6.800000101327896,73.3142868067537,28.59999930858612,40.06
2013-08-26,24.100000359117985,17.15714311280421,9.400000140070915,67.87142958279166,0.0,40.02
2013-09-02,24.8000003695488,16.07142881091152,7.400000110268593,74.94285825959274,17.300000488758087,39.98
2013-09-09,25.80000038444996,16.8142859648381,8.00000011920929,77.34285829535553,29.700000762939453,39.95
2013-09-16,21.80000032484532,12.90000019222498,7.400000110268593,87.3857155878629,8.099999859929085,39.95
2013-09-23,18.100000269711018,11.942857320819584,4.000000059604645,87.12857272688832,16.199999511241913,39.95
2013-09-30,15.800000235438349,9.014285848609038,2.1000000312924385,86.24285842797586,14.399999618530272,39.93
2013-10-07,17.30000025779009,9.08571442110198,1.100000016391277,78.84285831770727,10.600000381469728,39.91
2013-10-14,16.800000250339508,11.01428587841136,3.500000052154064,90.45714420505932,48.90000028908253,39.92
2013-10-21,18.30000027269125,10.128571579498905,1.100000016391277,89.08571561319488,19.60000000149012,39.96
2013-10-28,20.60000030696392,13.557143059160028,2.500000037252903,84.54285840264389,6.700000047683716,40.0
2013-11-04,13.800000205636024,8.471428697662693,0.9000000134110451,84.71428697662694,13.499999977648258,40.04
2013-11-11,15.100000225007534,7.371428681271417,0.1000000014901161,89.3000013306737,17.899999499320984,40.05
2013-11-18,10.000000149011612,4.171428633587701,-0.1000000014901161,93.74285853973458,0.4000000059604645,40.08
2013-11-25,7.000000104308128,3.17142861868654,-2.600000038743019,90.67142992253814,22.300000071525574,40.11
2013-12-02,8.50000012665987,3.142857189689364,-4.500000067055225,90.17142991508756,7.999999821186066,40.12
2013-12-09,9.100000135600569,2.485714322754315,-1.5000000223517418,93.4571442497628,25.1999996304512,40.15
2013-12-16,8.800000131130219,3.614285768142768,-1.700000025331974,95.15714427509478,4.000000059604645,40.18
2013-12-23,9.400000140070915,4.6000000685453415,0.4000000059604645,84.01428696619612,1.9999999552965164,40.2
2013-12-30,12.500000186264517,6.142857234392848,-0.6000000089406967,83.38571552825826,11.7999999076128,40.23
2014-01-06,8.100000120699406,3.114285760692188,-1.0000000149011612,90.90000135451557,13.800000175833702,40.26
2014-01-13,11.500000171363354,5.614285797945091,-1.5000000223517418,86.90000129491091,14.400000110268593,40.29
2014-01-20,8.50000012665987,2.0428571732980862,-3.200000047683716,95.27142999108348,6.600000016391277,40.31
2014-01-27,-1.80000002682209,-6.957142960812364,-14.800000220537186,87.2571441573756,5.10000005364418,40.33
2014-02-03,4.400000065565109,-2.1428571747882024,-7.300000108778477,91.17142992998872,1.6000000536441803,40.35
2014-02-10,11.400000169873238,3.857142914618765,-1.80000002682209,80.78571548951524,6.700000055134296,40.37
2014-02-17,11.400000169873238,5.014285789004394,-0.6000000089406967,79.58571547163385,9.700000122189522,40.38
2014-02-24,11.400000169873238,5.085714361497334,-1.0000000149011612,83.80000124871731,4.30000002682209,40.4
2014-03-03,13.100000195205212,5.114285790494511,-2.500000037252903,84.88571555061,0.8999999761581421,40.4
2014-03-10,17.100000254809856,5.514285796454975,-1.80000002682209,80.60000120103359,0.0,40.42
2014-03-17,16.600000247359276,7.085714391299656,-2.800000041723252,74.91428683059556,5.40000007301569,40.43
2014-03-24,19.30000028759241,8.371428696172577,-0.5000000074505806,77.87142973180327,5.699999928474426,40.44
2014-03-31,19.60000029206276,6.671428670840604,-0.9000000134110451,81.88571550590652,2.900000095367432,40.445
2014-04-07,20.30000030249357,10.200000151991844,0.800000011920929,80.77142977501664,5.600000023841858,40.45
2014-04-14,17.100000254809856,9.07142870660339,4.200000062584877,77.54285829833576,13.999999910593033,40.46
2014-04-21,19.80000029504299,9.528571570558208,-0.6000000089406967,72.4857153658356,8.900000214576721,40.47
2014-04-28,22.500000335276127,14.200000211596487,6.800000101327896,75.85714398750237,0.8999999761581421,40.43
2014-05-05,22.30000033229589,10.685714444943835,2.500000037252903,63.24285808524915,4.900000192224979,40.41
2014-05-12,20.10000029951334,11.928571606320997,4.400000065565109,79.71428690212113,25.0999998152256,40.4
2014-05-19,20.10000029951334,11.785714461335116,5.000000074505806,77.05714400538376,10.999999821186066,40.38
2014-05-26,29.000000432133675,19.14285742810794,8.00000011920929,67.81428672479731,0.0,40.32
2014-06-02,21.000000312924385,12.142857323799817,2.7000000402331352,74.31428682165486,23.59999990463257,40.29
2014-06-09,33.70000050216913,18.542857419167245,7.000000104308128,66.44285813293287,18.80000002682209,40.23
2014-06-16,30.800000458955765,17.171428827302798,6.200000092387199,76.64285828492471,47.500000670552254,40.23
2014-06-23,22.800000339746475,14.75714307704142,6.000000089406967,70.11428675906998,2.0000000298023224,40.21
2014-06-30,23.600000351667404,14.885714507528714,5.700000084936619,80.65714405902794,35.09999966621399,40.195
2014-07-07,31.000000461936,19.242857429598057,8.400000125169754,68.0714295857719,4.699999988079071,40.18
2014-07-14,29.10000043362379,19.042857426617825,10.100000150501728,80.87142977650676,46.59999964386225,40.17
2014-07-21,33.600000500679016,22.600000336766243,14.100000210106373,63.51428666072233,0.0,40.13
2014-07-28,30.200000450015068,21.385714604386266,15.100000225007534,74.95714397409132,38.000000193715096,40.12
2014-08-04,29.000000432133675,20.800000309944156,11.900000177323818,79.25714403816632,16.700000286102295,40.1
2014-08-11,26.700000397861004,18.842857423637597,11.30000016838312,77.22857257936683,15.3999999538064,40.06
2014-08-18,24.300000362098217,15.828571664435524,9.500000141561031,77.34285829535553,27.10000080615282,40.06
2014-08-25,19.60000029206276,13.04285733721086,6.400000095367432,77.32857258085694,5.200000122189522,40.03
2014-09-01,23.300000347197056,14.457143072571071,5.500000081956387,80.88571549100536,9.500000312924383,40.01
2014-09-08,27.000000402331352,17.771428836243494,10.000000149011612,77.15714400687388,1.200000025331974,39.98
2014-09-15,25.100000374019142,15.77142880644117,8.900000132620335,85.81428699301821,8.199999861419201,39.98
2014-09-22,24.600000366568565,16.014285952917167,9.600000143051147,80.55714405753783,15.300000190734863,39.95
2014-09-29,22.30000033229589,12.857143048729217,4.500000067055225,82.91428694980485,4.599999934434891,39.94
2014-10-06,20.60000030696392,13.97142877961908,7.000000104308128,84.88571555061,0.4000000059604645,39.93
2014-10-13,19.30000028759241,13.857143063630376,8.50000012665987,90.3857156325664,25.20000046491623,39.94
2014-10-20,22.500000335276127,12.957143050219331,6.500000096857548,91.10000135749578,13.50000011920929,39.95
2014-10-27,16.50000024586916,10.22857158098902,5.200000077486038,92.0142870854054,12.70000034570694,39.96
2014-11-03,17.80000026524067,9.457142998065269,0.0,91.64285850844212,1.5000000521540642,39.98
2014-11-10,13.800000205636024,7.800000116229057,0.6000000089406967,91.12857278649297,0.8000000268220901,39.98
2014-11-17,12.500000186264517,8.57142869915281,2.7000000402331352,95.27142999108348,0.8999999761581421,39.97
2014-11-24,9.500000141561031,4.985714360007218,-0.6000000089406967,91.785715653428,6.8999999314546585,39.99
2014-12-01,5.700000084936619,0.6857142959322248,-3.6000000536441803,86.18571556998151,0.1000000014901161,40.0
2014-12-08,5.200000077486038,0.9000000134110451,-3.700000055134296,90.00000134110451,3.6000000983476643,40.0
2014-12-15,9.100000135600569,2.714285754731723,-2.3000000342726707,90.41428706156356,15.200000047683716,40.0
2014-12-22,12.10000018030405,6.157142948891435,-0.1000000014901161,89.95714419760874,32.200000286102295,40.01
2014-12-29,10.80000016093254,1.0000000149011612,-9.500000141561031,89.31428704517228,18.199999928474423,40.025
2015-01-05,8.300000123679638,3.142857189689364,-2.200000032782554,87.20000129938126,9.900000154972076,40.04
2015-01-12,12.90000019222498,4.428571494562285,-1.100000016391277,88.51428703325135,44.700000628829,40.08
2015-01-19,11.30000016838312,3.371428621666772,-4.90000007301569,85.51428698854787,9.300000071525574,40.12
2015-01-26,4.200000062584877,0.07142857249294,-2.7000000402331352,92.92857281331506,9.200000181794168,40.18
2015-02-02,5.700000084936619,1.1571428743856291,-3.1000000461936,90.87142992551836,28.40000043064356,40.2
2015-02-09,5.900000087916851,-0.6285714379378727,-9.500000141561031,87.47142987485442,3.0999999567866325,40.25
2015-02-16,6.200000092387199,1.685714310833386,-3.700000055134296,87.21428701387984,0.0,40.28
2015-02-23,9.00000013411045,2.1000000312924385,-3.9000000581145287,83.75714410522154,10.800000429153444,40.33
2015-03-02,10.100000150501728,2.7714286127260754,-3.700000055134296,82.00000122189522,9.100000023841858,40.36
2015-03-09,17.00000025331974,5.471428652959211,-0.5000000074505806,78.3142868812595,6.699999824166298,40.39
2015-03-16,10.500000156462193,4.700000070035458,-2.200000032782554,82.94285837880203,0.5000000149011612,40.42
2015-03-23,15.400000229477882,4.771428642528398,-4.700000070035458,67.42857243333545,7.699999809265137,40.45
2015-03-30,14.100000210106373,6.828571530325072,-1.3000000193715096,80.37142976905618,18.5999998152256,40.47
2015-04-06,10.80000016093254,4.228571491582053,-2.800000041723252,71.50000106543303,9.899999856948853,40.49
2015-04-13,20.80000030994416,9.028571563107628,-3.500000052154064,70.42857247803893,2.299999952316284,40.5
2015-04-20,22.600000336766243,9.200000137090685,-1.100000016391277,63.52857237522091,0.0,40.51
2015-04-27,21.1000003144145,10.700000159442425,0.4000000059604645,74.08571538967746,18.50000047683716,40.54
2015-05-04,21.50000032037497,9.885714433022908,0.1000000014901161,70.5857153375234,12.500000387430193,40.55
2015-05-11,23.500000350177288,12.957143050219331,1.600000023841858,72.14285821786949,6.299999967217445,40.56
2015-05-18,25.80000038444996,11.128571594400066,1.5000000223517418,71.94285821488926,3.40000007301569,40.57
2015-05-25,21.000000312924385,12.414285899272986,1.5000000223517418,66.97142956938062,0.0,40.56
2015-06-01,21.1000003144145,12.18571446729558,3.700000055134296,69.20000103116035,6.999999888241291,40.53
2015-06-08,28.80000042915344,16.885714537331037,3.500000052154064,57.48571514231818,0.1000000014901161,40.39
2015-06-15,29.60000044107437,16.41428595887763,4.500000067055225,63.95714381017855,6.099999904632568,40.37
2015-06-22,20.80000030994416,13.128571624202388,2.7000000402331352,74.22857253466334,14.099999964237211,40.31
2015-06-29,27.000000402331352,16.35714310088328,10.000000149011612,75.90000113099813,5.999999821186066,40.25
2015-07-06,37.2000005543232,23.40000034868717,10.500000156462193,57.75714371779135,11.900000095367432,40.19
2015-07-13,31.10000046342612,16.671428819852217,5.900000087916851,71.8857153568949,12.899999737739565,40.14
2015-07-20,31.500000469386578,18.785714565643243,12.10000018030405,74.97142968858991,32.29999923706055,40.1
2015-07-27,28.10000041872263,18.64285742065736,9.500000141561031,70.02857247207847,15.899999737739565,40.04
2015-08-03,31.500000469386578,16.771428821342333,5.500000081956387,66.24285812995264,3.700000107288361,40.01
2015-08-10,34.30000051110983,22.671428909259184,11.800000175833702,61.94285806587765,7.700000166893006,39.95
2015-08-17,33.80000050365925,22.30000033229589,15.800000235438349,71.44285820743868,56.19999819248914,39.89
2015-08-24,27.000000402331352,18.414285988679957,8.00000011920929,69.6142867516194,22.200000770390037,39.87
2015-08-31,31.20000046491623,18.414285988679957,9.00000013411045,78.8000011742115,25.699999809265137,39.86
2015-09-07,24.50000036507845,14.071428781109196,7.000000104308128,79.95714404859713,22.89999967813492,39.85
2015-09-14,23.100000344216824,14.271428784089428,5.900000087916851,81.7857155044164,13.19999986886978,39.85
2015-09-21,22.500000335276127,13.90000020712614,6.900000102818012,83.4571441007512,6.200000047683716,39.86
2015-09-28,18.80000028014183,11.800000175833702,3.1000000461936,81.21428692447287,0.2000000029802322,39.84
2015-10-05,20.30000030249357,10.15714300849608,0.800000011920929,81.5428583579404,0.0,39.82
2015-10-12,16.100000239908695,7.928571546716349,-0.5000000074505806,79.50000118464231,23.500000573694702,39.82
2015-10-19,10.000000149011612,6.828571530325072,2.800000041723252,92.67142995234046,43.400000885128975,39.85
2015-10-26,14.600000217556952,8.614285842648574,0.6000000089406967,89.31428704517228,1.100000001490116,39.88
2015-11-02,14.900000222027302,6.285714379378727,-0.1000000014901161,91.74285850993223,0.0,39.91
2015-11-09,17.600000262260437,8.942857276116099,-2.0000000298023224,90.55714420654944,9.900000005960464,39.93
2015-11-16,15.000000223517418,10.51428587096078,4.500000067055225,87.2571441573756,35.400000393390656,39.96
2015-11-23,13.800000205636024,6.385714380868843,-3.000000044703484,86.15714414098433,15.500000335276129,39.99
2015-11-30,8.600000128149986,2.7857143272246634,-2.1000000312924385,90.40000134706496,32.79999965429306,40.02
2015-12-07,10.900000162422655,7.385714395770004,2.7000000402331352,83.68571553272861,3.600000023841858,40.05
2015-12-14,11.000000163912771,4.3142857785735815,-2.600000038743019,90.82857278202262,23.600000098347664,40.1
2015-12-21,12.4000001847744,8.028571548206466,2.3000000342726707,92.00000137090684,15.400000095367432,40.15
2015-12-28,14.100000210106373,9.15714299359492,1.3000000193715096,82.3857155133571,1.3000000193715096,40.19
2016-01-04,5.500000081956387,-2.3857143212642,-11.30000016838312,82.2571440828698,1.8000000044703484,40.22
2016-01-11,4.700000070035458,-2.6857143257345477,-11.800000175833702,89.32857275967088,16.700000122189522,40.26
2016-01-18,4.200000062584877,-1.0000000149011612,-12.000000178813934,94.3000014051795,14.799999952316284,40.3
