Date,TASMAX,TAS,TASMIN,Humidity,Precipitation,GWL
1988-02-15,6.900000102818012,2.614285753241607,-3.200000047683716,79.11428689318043,4.199999988079071,35.72
1988-02-22,7.000000104308128,2.514285751751491,-1.700000025331974,85.67142984803233,28.200000435113907,35.75
1988-02-29,5.000000074505806,0.9571428714053972,-1.100000016391277,91.61428707944496,32.49999976158142,35.75
1988-03-07,6.000000089406967,0.7571428684251648,-2.7000000402331352,86.2000012844801,10.70000022649765,35.87
1988-03-14,5.900000087916851,0.6000000089406967,-3.000000044703484,81.74285836092064,22.99999989569187,35.83
1988-03-21,10.000000149011612,2.871428614216192,-4.400000065565109,78.48571545524257,17.19999984651804,35.78
1988-03-28,10.500000156462193,4.800000071525574,-0.9000000134110451,83.55714410224131,10.1000003144145,35.745
1988-04-04,12.90000019222498,7.000000104308128,0.5000000074505806,76.64285828492471,4.700000047683716,35.71
1988-04-11,18.100000269711018,7.557142969753061,-1.5000000223517418,65.67142955000911,0.3000000119209289,35.68
1988-04-18,22.600000336766243,9.857143004025732,-1.600000023841858,53.91428651767118,0.4000000059604645,35.63
1988-04-25,25.100000374019142,8.614285842648574,-3.200000047683716,60.885715192982126,1.8000000417232511,35.58
1988-05-02,23.600000351667404,11.757143032337938,-2.1000000312924385,49.90000074356794,0.7999999895691872,35.53
1988-05-09,21.80000032484532,13.90000020712614,5.700000084936619,60.8000009059906,1.0999999791383743,35.45
1988-05-16,25.80000038444996,16.28571452839034,5.900000087916851,48.84285787067243,0.0,35.33
1988-05-23,24.600000366568565,12.857143048729217,3.200000047683716,62.61428664731128,0.1000000014901161,35.28
1988-05-30,28.300000421702865,19.54285743406841,7.500000111758709,59.95714375057391,5.900000192224979,35.25
1988-06-06,20.30000030249357,14.61428593205554,9.400000140070915,75.4571439815419,24.099999383091927,35.23
1988-06-13,23.600000351667404,15.385714514979297,5.500000081956387,80.40000119805336,23.300000071525574,35.22
1988-06-20,24.100000359117985,16.671428819852217,6.800000101327896,61.24285805544683,0.2000000029802322,35.2
1988-06-27,21.300000317394733,15.500000230968,9.900000147521496,81.45714407094887,8.500000178813934,35.175
1988-07-04,28.80000042915344,18.92857171062912,11.900000177323818,74.24285824916193,21.79999989271164,35.15
1988-07-11,28.80000042915344,18.714285993150305,10.500000156462193,68.60000102221966,21.799999594688416,35.07
1988-07-18,24.00000035762787,16.91428596632821,10.80000016093254,72.45714393683842,22.600000143051147,35.02
1988-07-25,30.00000044703484,20.071428870516165,12.4000001847744,71.07142963047538,12.600000001490116,34.97
1988-08-01,28.80000042915344,18.05714312621525,9.900000147521496,61.41428662942989,2.200000047683716,34.98
1988-08-08,26.80000039935112,16.728571677846567,7.200000107288361,71.21428677546126,6.000000216066837,34.95
1988-08-15,29.300000436604023,20.785714595445565,10.500000156462193,61.45714377292565,0.4000000059604645,34.93
1988-08-22,29.000000432133675,17.400000259280205,9.400000140070915,65.40000097453594,1.5000000149011612,34.92
1988-08-29,26.700000397861004,15.985714523919992,10.000000149011612,75.2285725495645,12.199999906122684,34.88
1988-09-05,25.100000374019142,15.585714517959527,6.900000102818012,73.58571538222688,9.899999797344208,34.85
1988-09-12,23.000000342726707,14.171428782599312,6.200000092387199,75.17142969157014,2.999999910593033,34.83
1988-09-19,17.80000026524067,12.800000190734863,6.500000096857548,83.02857266579356,9.000000104308128,34.81
1988-09-26,20.10000029951334,13.514285915664264,8.50000012665987,76.45714399644307,7.599999859929085,34.805
1988-10-03,22.500000335276127,12.514285900763102,3.200000047683716,70.5714296230248,1.6000000536441803,34.8
1988-10-10,19.30000028759241,11.628571601850648,4.700000070035458,73.70000109821558,12.199999928474426,34.8
1988-10-17,18.100000269711018,11.928571606320997,2.200000032782554,87.45714416035584,2.3999999836087227,34.79
1988-10-24,13.600000202655792,9.557142999555383,6.000000089406967,80.42857262705054,0.3000000044703483,34.78
1988-10-31,17.80000026524067,5.657142941440855,-2.7000000402331352,71.24285820445844,1.7999999821186066,34.8
1988-11-07,8.50000012665987,2.0428571732980862,-5.900000087916851,78.10000116378069,8.0,34.84
1988-11-14,12.300000183284284,4.628571497542517,-5.200000077486038,82.44285837135145,9.700000144541264,34.83
1988-11-21,10.400000154972076,2.714285754731723,-6.000000089406967,90.10000134259462,3.700000002980232,34.81
1988-11-28,8.300000123679638,3.257142905678068,-11.500000171363354,85.61428699003798,10.10000017285347,34.88
1988-12-05,7.800000116229057,-0.2000000029802322,-5.000000074505806,80.44285834154913,18.80000014603138,34.9
1988-12-12,9.500000141561031,4.328571493072169,-2.7000000402331352,87.58571559084314,13.399999991059303,35.03
1988-12-19,6.500000096857548,1.4428571643573898,-7.500000111758709,84.5142869736467,22.899999395012856,35.11
1988-12-26,9.500000141561031,5.428571509463446,-4.200000062584877,83.94285839370319,11.299999840557575,35.16
1989-01-02,9.600000143051147,5.68571437043803,-0.4000000059604645,88.74285846522876,2.200000025331974,35.21
1989-01-09,10.000000149011612,3.371428621666772,-3.000000044703484,90.1285727715918,5.800000041723251,35.23
1989-01-16,9.500000141561031,5.4000000804662704,-0.5000000074505806,84.47142983015094,1.800000049173832,35.22
1989-01-23,8.00000011920929,3.142857189689364,-3.400000050663948,86.70000129193068,0.0,35.2
1989-01-30,7.300000108778477,0.800000011920929,-4.700000070035458,84.17142982568059,0.2000000029802322,35.23
1989-02-06,10.000000149011612,3.328571478171008,-1.80000002682209,88.00000131130219,4.199999943375588,35.22
1989-02-13,10.900000162422655,3.985714345106057,-2.7000000402331352,83.32857267026391,4.700000047683716,35.25
1989-02-20,13.300000198185444,4.985714360007218,-1.5000000223517418,82.65714408883026,24.69999986886978,35.25
1989-02-27,11.10000016540289,4.400000065565109,-2.500000037252903,80.9428583489997,4.600000023841858,35.24
1989-03-06,16.00000023841858,5.485714367457798,0.1000000014901161,85.74285842052528,15.500000193715096,35.29
1989-03-13,15.300000227987766,7.385714395770004,1.100000016391277,75.4571439815419,3.700000002980232,35.28
1989-03-20,15.600000232458116,5.971428660409791,-1.0000000149011612,71.67142963941608,9.900000154972076,35.29
1989-03-27,16.00000023841858,6.642857241843428,0.4000000059604645,71.58571535242456,8.400000110268593,35.28
1989-04-03,21.60000032186508,7.328571537775653,-4.400000065565109,66.67142956491027,0.3000000119209289,35.27
1989-04-10,14.40000021457672,7.385714395770006,-0.800000011920929,68.91428674118859,7.0,35.26
1989-04-17,24.300000362098217,13.228571625692505,3.700000055134296,64.17142952765737,0.0,35.25
1989-04-24,17.30000025779009,7.442857253764357,-2.1000000312924385,76.31428685145718,21.300000071525574,35.25
1989-05-01,21.300000317394733,8.957142990614686,2.200000032782554,70.35714390554598,5.400000192224979,35.2
1989-05-08,21.300000317394733,11.857143033828054,2.3000000342726707,67.61428672181708,2.0,35.19
1989-05-15,22.30000033229589,12.942857335720744,3.500000052154064,66.18571527195829,7.299999952316284,35.16
1989-05-22,26.50000039488077,16.814285964838096,5.200000077486038,51.45714362391404,0.0,35.12
1989-05-29,27.000000402331352,18.37142884518419,6.900000102818012,49.414286450615954,0.0,35.11
1989-06-05,23.80000035464764,12.485714471765927,5.500000081956387,69.88571532709258,27.600000381469727,35.09
1989-06-12,23.600000351667404,14.057143066610609,5.700000084936619,66.44285813293287,6.700000002980232,34.94
1989-06-19,26.80000039935112,17.78571455074208,6.500000096857548,54.72857224409069,0.5000000149011612,34.92
1989-06-26,30.200000450015068,21.228571744901792,10.400000154972076,54.64285795709917,1.7999999523162842,34.895
1989-07-03,30.800000458955765,16.971428824322565,10.000000149011612,73.0857153747763,27.00000017881393,34.87
1989-07-10,33.10000049322844,22.142857472811425,12.800000190734863,62.27142949934517,1.600000023841858,34.85
1989-07-17,25.00000037252903,16.028571667415754,9.00000013411045,64.65714382060936,3.5000000596046448,34.81
1989-07-24,29.800000444054604,17.971428839223726,8.400000125169754,60.4428580435259,8.900000095367432,34.75
1989-07-31,28.80000042915344,19.428571718079706,12.10000018030405,63.32857237224068,11.600000262260435,34.69
1989-08-07,26.50000039488077,14.742857362542834,9.400000140070915,75.8285725585052,19.19999998807907,34.67
1989-08-14,28.80000042915344,19.928571725530283,14.800000220537186,68.41428673373801,6.5,34.65
1989-08-21,34.50000051409006,22.30000033229589,10.000000149011612,58.67142944570099,0.1000000014901161,34.61
1989-08-28,28.00000041723252,15.385714514979297,7.200000107288361,75.62857255552497,23.100000381469727,34.61
1989-09-04,22.800000339746475,14.04285735211202,5.500000081956387,70.71428676801068,3.5,34.61
1989-09-11,26.00000038743019,16.471428816871985,8.100000120699406,67.91428672628743,0.0,34.59
1989-09-18,27.10000040382147,15.871428807931286,7.200000107288361,73.22857251976218,8.200000144541264,34.58
1989-09-25,28.700000427663326,18.414285988679957,12.500000186264517,77.07142971988235,0.1000000014901161,34.58
1989-10-02,17.600000262260437,11.771428746836524,3.700000055134296,78.77142974521432,3.5,34.61
1989-10-09,16.300000242888927,8.600000128149986,1.80000002682209,80.34285834005901,13.099999725818634,34.63
1989-10-16,15.100000225007534,9.414285854569505,3.000000044703484,82.84285837731191,9.39999983459711,34.65
1989-10-23,21.60000032186508,12.871428763227804,5.700000084936619,78.90000117570162,2.0999999791383743,34.7
1989-10-30,20.10000029951334,12.771428761737686,9.00000013411045,77.92857258979764,13.499999955296516,34.71
1989-11-06,13.500000201165676,8.242857265685286,3.000000044703484,89.24285847267934,26.40000010281801,34.73
1989-11-13,10.000000149011612,4.785714357026985,-0.2000000029802322,87.04285843989679,4.500000096857548,34.77
1989-11-20,8.600000128149986,1.4714285933545657,-3.700000055134296,78.27142973776374,0.0,34.77
1989-11-27,5.700000084936619,-0.5857142944421087,-6.500000096857548,90.41428706156356,16.69999995827675,34.8
1989-12-04,5.500000081956387,-1.9000000283122065,-7.700000114738941,89.80000133812428,1.7000000476837158,34.83
1989-12-11,6.200000092387199,0.7142857249294009,-8.50000012665987,86.25714414247444,3.3999999538064003,34.86
1989-12-18,12.000000178813934,5.285714364477566,-1.700000025331974,86.04285842499563,27.000000059604645,34.92
1989-12-25,14.500000216066836,7.414285824767181,1.100000016391277,81.50000121444464,21.0,34.97
1990-01-01,3.400000050663948,-1.5000000223517418,-5.000000074505806,86.37142985846315,0.3000000044703483,35.05
1990-01-08,1.80000002682209,-1.1428571598870414,-6.400000095367432,86.81428700791938,1.500000037252903,35.08
1990-01-15,7.500000111758709,3.957142916108881,-0.9000000134110451,88.98571561170476,2.1000000312924385,35.13
1990-01-22,11.500000171363354,7.157142963792596,2.600000038743019,81.08571549398559,5.599999979138374,35.17
1990-01-29,10.30000015348196,5.800000086426735,2.200000032782554,72.08571535987514,26.20000007748604,35.25
1990-02-05,12.600000187754633,6.585714383849076,1.5000000223517418,71.1714296319655,7.700000107288361,35.36
1990-02-12,16.00000023841858,6.100000090897083,-1.5000000223517418,71.82857249890056,11.399999722838402,35.43
1990-02-19,13.800000205636024,4.028571488601821,0.0,85.38571555806058,14.299999929964542,35.37
1990-02-26,18.6000002771616,10.214285866490432,-0.1000000014901161,68.14285815826484,11.299999713897703,35.35
1990-03-05,7.900000117719173,3.800000056624413,-0.800000011920929,78.65714402922562,15.100000001490116,35.33
1990-03-12,16.300000242888927,8.228571551186699,2.3000000342726707,78.74285831621715,16.399999856948853,35.35
1990-03-19,21.60000032186508,8.842857274625983,1.600000023841858,64.7428581076009,0.2000000029802322,35.38
1990-03-26,15.800000235438349,8.742857273135867,3.1000000461936,72.50000108033419,3.600000061094761,35.325
1990-04-02,21.50000032037497,8.785714416631631,-0.4000000059604645,70.28571533305305,0.0,35.27
1990-04-09,18.50000027567148,5.18571436298745,-3.9000000581145287,59.457143743123325,0.6000000014901161,35.25
1990-04-16,18.30000027269125,8.257142980183874,-4.400000065565109,67.0000009983778,9.300000071525574,35.23
1990-04-23,20.80000030994416,10.728571588439602,-0.800000011920929,69.51428675012929,6.799999929964542,35.27
1990-04-30,18.0000002682209,10.100000150501728,2.800000041723252,72.41428679334265,7.600000120699406,35.24
1990-05-07,27.80000041425228,17.92857169572796,6.500000096857548,52.68571507079261,0.0,35.22
1990-05-14,27.60000041127205,15.600000232458116,8.800000131130219,70.35714390554598,11.900000005960464,35.15
1990-05-21,21.300000317394733,13.057143051709447,5.4000000804662704,64.9857152540769,3.200000107288361,35.1
1990-05-28,23.600000351667404,12.97142876471792,4.200000062584877,57.98571514976876,0.4000000059604645,35.195
1990-06-04,26.600000396370888,14.61428593205554,2.7000000402331352,66.91428671138627,17.99999988079071,35.29
1990-06-11,20.30000030249357,13.857143063630376,8.900000132620335,82.35714408435992,74.50000089406967,35.34
1990-06-18,23.80000035464764,15.114285939506122,7.800000116229057,71.02857248697963,3.500000096857548,35.34
1990-06-25,26.50000039488077,17.400000259280205,10.000000149011612,73.35714395024947,43.20000010728836,35.33
1990-07-02,28.300000421702865,19.51428600507123,13.100000195205212,70.98571534348386,16.299999713897705,35.27
1990-07-09,22.600000336766243,16.00000023841858,9.100000135600569,68.87142959769282,13.899999618530272,35.27
1990-07-16,24.100000359117985,16.58571453286069,8.50000012665987,62.42857235882963,3.900000095367432,35.09
1990-07-23,26.200000390410423,17.114285969308444,10.500000156462193,65.98571526897805,1.899999976158142,35.02
1990-07-30,30.300000451505184,19.14285742810794,11.400000169873238,69.15714388766459,1.400000013411045,35.01
1990-08-06,32.20000047981739,21.942857469831196,11.000000163912771,51.60000076889992,0.0,35.0
1990-08-13,30.600000455975533,17.95714312472514,8.900000132620335,72.21428679036242,13.09999980032444,35.01
1990-08-20,28.300000421702865,17.414285973778792,10.500000156462193,73.85714395770005,27.60000044107437,34.98
1990-08-27,27.700000412762165,16.957143109823978,7.300000108778477,67.0000009983778,1.600000001490116,34.955
1990-09-03,30.600000455975533,18.357143130685603,9.500000141561031,68.68571530921119,23.4000004529953,34.93
1990-09-10,18.100000269711018,12.957143050219331,7.300000108778477,82.15714408137968,28.49999952316284,34.95
1990-09-17,17.100000254809856,12.485714471765927,6.200000092387199,75.07142969008002,5.299999952316284,34.94
1990-09-24,17.600000262260437,11.128571594400066,8.00000011920929,73.85714395770005,17.500000059604645,34.92
1990-10-01,19.500000290572643,11.785714461335116,5.000000074505806,77.17142972137246,7.499999836087227,34.91
1990-10-08,20.10000029951334,11.800000175833702,6.800000101327896,78.45714402624539,3.4000000655651093,34.93
1990-10-15,22.600000336766243,13.357143056179796,5.500000081956387,73.00000108778477,0.0,34.9
1990-10-22,21.1000003144145,10.65714301594666,-2.200000032782554,79.58571547163385,0.1000000014901161,34.9
1990-10-29,13.600000202655792,6.157142948891435,-1.100000016391277,69.00000102818012,6.499999761581421,34.88
1990-11-05,12.000000178813934,5.971428660409791,-3.1000000461936,82.0142869363938,10.299999624490738,34.88
1990-11-12,9.900000147521496,5.100000075995922,0.0,88.78571560872453,1.2000000178813934,34.91
1990-11-19,12.000000178813934,7.585714398750237,4.000000059604645,88.24285845777818,25.00000011920929,34.93
1990-11-26,6.900000102818012,3.485714337655476,-0.6000000089406967,87.42857273135867,17.400000005960464,34.98
1990-12-03,6.000000089406967,1.8428571703178545,-4.90000007301569,88.32857274476972,8.000000044703484,35.03
1990-12-10,5.700000084936619,-0.4000000059604645,-6.000000089406967,84.05714410969189,30.599999427795414,35.08
1990-12-17,2.200000032782554,0.4857142929519926,-1.80000002682209,89.4142870466624,15.60000041127205,35.2
1990-12-24,4.200000062584877,0.5428571509463447,-2.7000000402331352,88.97142989720616,10.299999989569187,35.31
1990-12-31,8.800000131130219,3.200000047683716,-2.0000000298023224,75.98571541798967,14.400000154972076,35.51
1991-01-07,8.600000128149986,5.614285797945091,0.4000000059604645,76.02857256148543,13.699999623000622,35.48
1991-01-14,14.600000217556952,4.814285786024162,-4.000000059604645,74.97142968858991,3.699999988079071,35.46
1991-01-21,4.700000070035458,-1.3000000193715096,-7.500000111758709,74.40000110864639,3.600000023841858,35.46
1991-01-28,3.700000055134296,1.6000000238418577,-0.4000000059604645,88.24285845777818,0.1000000014901161,35.465
1991-02-04,1.700000025331974,-4.714285784534046,-12.300000183284284,63.88571523768561,0.0,35.47
1991-02-11,-0.4000000059604645,-5.757142942930971,-13.600000202655792,80.98571549249547,13.600000098347664,35.45
1991-02-18,4.000000059604645,-2.971428615706308,-10.400000154972076,85.21428698407752,5.300000011920929,35.46
1991-02-25,12.800000190734863,2.1857143182839667,-9.900000147521496,81.80000121891499,5.5,35.44
1991-03-04,10.600000157952309,1.9285714573093824,-3.400000050663948,75.40000112354755,0.1000000014901161,35.5
1991-03-11,15.400000229477882,6.5571429548519,0.2000000029802322,76.91428686039788,4.199999958276749,35.53
1991-03-18,17.30000025779009,8.442857268665518,2.7000000402331352,79.48571547014373,1.100000023841858,35.55
1991-03-25,16.600000247359276,8.171428693192345,1.100000016391277,78.4428583117468,34.100000098347664,35.56
1991-04-01,10.400000154972076,4.671428641038282,-1.5000000223517418,67.62857243631568,8.699999809265137,35.58
1991-04-08,19.000000283122063,10.285714438983373,3.200000047683716,70.78571534050363,10.19999986886978,35.57
1991-04-15,20.000000298023224,11.88571446282523,-0.5000000074505806,56.61428655790432,0.0,35.57
1991-04-22,13.800000205636024,3.071428617196424,-3.700000055134296,71.72857249741044,12.700000151991844,35.55
1991-04-29,16.300000242888927,8.014285833707877,0.1000000014901161,69.2571438891547,2.899999976158142,35.53
1991-05-06,13.40000019967556,7.12857153479542,1.700000025331974,80.14285833707878,30.49999964237213,35.48
1991-05-13,19.30000028759241,10.271428724484784,2.600000038743019,75.20000112056732,7.800000250339508,35.4
1991-05-20,17.600000262260437,10.057143007005964,0.800000011920929,68.60000102221966,6.399999976158142,35.34
1991-05-27,17.600000262260437,11.114285879901477,3.700000055134296,66.72857242290463,5.400000095367432,35.335
1991-06-03,23.500000350177288,14.657143075551303,2.600000038743019,59.95714375057391,1.7000000476837158,35.33
1991-06-10,20.80000030994416,14.100000210106373,3.000000044703484,64.42857238863196,2.6000000536441803,35.25
1991-06-17,23.600000351667404,14.771428791540009,10.100000150501728,67.4714295768312,30.89999947696924,35.25
1991-06-24,26.100000388920307,16.114285954407283,7.800000116229057,72.50000108033419,25.299999952316284,35.23
1991-07-01,24.50000036507845,16.50000024586916,8.800000131130219,72.67142965431724,20.59999971836805,35.19
1991-07-08,33.00000049173832,23.585714637168817,13.40000019967556,56.5142865564142,0.1000000014901161,35.09
1991-07-15,34.80000051856041,21.285714602896142,12.000000178813934,66.48571527642864,13.199999928474426,35.05
1991-07-22,21.80000032484532,17.08571454031127,10.900000162422655,71.57142963792596,8.100000023841858,35.03
1991-07-29,29.700000442564487,19.842857438538758,8.300000123679638,63.485715231725145,4.799999810755253,35.0
1991-08-05,28.60000042617321,21.714286037853785,13.300000198185444,71.1714296319655,9.79999977350235,34.87
1991-08-12,33.70000050216913,20.828571738941328,12.800000190734863,69.82857246909823,16.700000263750553,34.86
1991-08-19,26.80000039935112,16.814285964838096,9.500000141561031,69.5000010356307,5.60000005364418,34.91
1991-08-26,28.700000427663326,17.357143115784442,10.000000149011612,72.22857250486102,10.0,34.94
1991-09-02,26.80000039935112,17.028571682316915,8.50000012665987,71.68571535391467,1.100000023841858,34.97
1991-09-09,27.80000041425228,15.400000229477882,7.400000110268593,68.88571531219142,2.1000000312924385,34.95
1991-09-16,25.600000381469727,14.414285929075309,3.1000000461936,68.7857153107013,10.600000381469728,34.92
1991-09-23,26.50000039488077,14.61428593205554,6.200000092387199,73.928572530193,22.700000762939453,34.98
1991-09-30,25.00000037252903,15.457143087472234,6.900000102818012,73.50000109523535,8.599999964237213,34.93
1991-10-07,21.300000317394733,12.628571616751808,6.500000096857548,73.10000108927488,4.800000071525574,34.98
1991-10-14,23.100000344216824,13.54285734466144,7.400000110268593,78.88571546120303,7.000000096857548,34.95
1991-10-21,19.30000028759241,8.21428583668811,-1.3000000193715096,75.41428683804614,7.500000029802322,34.97
1991-10-28,9.500000141561031,3.857142914618765,-2.600000038743019,78.52857259873834,1.400000050663948,34.96
1991-11-04,15.500000230968,5.300000078976154,-2.200000032782554,72.42857250784125,6.299999967217445,34.95
1991-11-11,11.000000163912771,5.642857226942267,0.800000011920929,83.68571553272861,38.10000067204237,34.99
1991-11-18,11.500000171363354,5.128571504993098,2.0000000298023224,79.60000118613243,0.9000000134110451,35.02
1991-11-25,6.900000102818012,2.485714322754315,-6.400000095367432,85.8428584220154,2.799999952316284,35.03
1991-12-02,8.00000011920929,2.971428615706308,-0.2000000029802322,88.92857275371041,0.0,35.08
1991-12-09,6.000000089406967,0.7428571539265769,-7.200000107288361,83.58571553123849,0.8000000268220901,35.11
1991-12-16,5.4000000804662704,-1.1428571598870414,-9.80000014603138,76.50000113993883,0.0,35.13
1991-12-23,12.000000178813934,4.200000062584877,-1.80000002682209,83.48571552974838,38.49999934434891,35.17
1991-12-30,10.400000154972076,3.17142861868654,-3.400000050663948,83.55714410224131,6.30000014603138,35.19
1992-01-06,8.00000011920929,4.61428578304393,-1.100000016391277,82.24285836837122,6.799999989569187,35.25
1992-01-13,10.80000016093254,2.0714286022952626,-6.500000096857548,86.88571558041232,3.899999916553497,35.29
1992-01-20,6.500000096857548,3.0428571881992474,-7.000000104308128,85.64285841903516,22.3000003695488,35.33
1992-01-27,2.3000000342726707,-3.7857143421258246,-10.000000149011612,87.0285727253982,1.7000000476837158,35.355
1992-02-03,5.000000074505806,0.9000000134110451,-1.80000002682209,92.65714423784188,5.6000001057982445,35.38
1992-02-10,8.900000132620335,4.257142920579229,-1.80000002682209,83.28571552676814,4.8999999538064,35.45
1992-02-17,11.000000163912771,4.671428641038282,-3.200000047683716,86.6714298629335,23.40000015497208,35.5
1992-02-24,9.3000001385808,2.2285714617797305,-5.700000084936619,86.34285842946598,9.699999786913397,35.57
1992-03-02,15.600000232458116,5.68571437043803,-0.2000000029802322,77.21428686486823,1.899999976158142,35.59
1992-03-09,13.800000205636024,6.9428572463137765,0.800000011920929,75.80000112950802,8.7999999076128,35.56
1992-03-16,14.40000021457672,3.5857143391455923,-2.0000000298023224,74.40000110864639,18.90000027418137,35.55
1992-03-23,12.10000018030405,6.128571519894259,-2.0000000298023224,82.64285837433168,29.200000166893005,35.5
1992-03-30,7.500000111758709,3.17142861868654,-3.000000044703484,82.28571551186698,12.699999928474426,35.55
1992-04-06,14.800000220537186,6.185714377888611,-0.9000000134110451,73.62857252572265,11.699999645352362,35.55
1992-04-13,17.600000262260437,9.242857280586447,-0.9000000134110451,59.81428660558803,3.700000107288361,35.54
1992-04-20,13.90000020712614,6.485714382358959,0.800000011920929,74.01428681718451,18.99999964237213,35.47
1992-04-27,24.300000362098217,11.842857319329466,-2.0000000298023224,61.41428662942989,13.699999548494814,35.415
1992-05-04,17.600000262260437,10.614285872450896,0.800000011920929,68.2000010162592,4.900000095367432,35.36
1992-05-11,18.80000028014183,10.742857302938187,2.7000000402331352,74.12857253317323,21.70000028610229,35.3
1992-05-18,26.200000390410423,15.685714519449643,3.000000044703484,61.88571520788329,1.0000000298023224,35.23
1992-05-25,28.300000421702865,19.900000296533108,8.400000125169754,46.428572120411054,0.0,35.16
1992-06-01,27.200000405311584,19.01428599762065,9.500000141561031,48.54285786620208,0.0,35.15
1992-06-08,29.700000442564487,21.342857460890496,14.100000210106373,50.585715039500165,4.399999864399433,35.12
1992-06-15,26.600000396370888,17.914285981229373,10.100000150501728,64.87142953808818,14.899999737739565,35.07
1992-06-22,27.3000004068017,19.75714315154723,10.500000156462193,52.87142935927425,0.1000000014901161,35.04
1992-06-29,30.70000045746565,20.70000030845404,9.3000001385808,44.78571495307343,0.0,35.0
1992-07-06,32.50000048428774,20.585714592465333,12.10000018030405,59.21428659664733,13.699999690055847,34.94
1992-07-13,29.60000044107437,20.214286015502044,9.80000014603138,58.62857230220522,11.199999704957008,34.89
1992-07-20,32.70000048726797,19.74285743704864,9.900000147521496,64.20000095665455,8.800000071525574,34.83
1992-07-27,35.700000531971455,21.40000031888485,12.90000019222498,62.2285723558494,21.900000393390656,34.79
1992-08-03,32.50000048428774,21.428571747882025,10.600000157952309,58.52857230071511,9.600000262260435,34.75
1992-08-10,38.20000056922436,23.72857178215469,10.80000016093254,52.74285792878696,2.200000047683716,34.71
1992-08-17,25.700000382959843,17.171428827302798,8.600000128149986,70.84285819849798,30.100000143051147,34.74
1992-08-24,27.500000409781933,18.242857414696896,10.900000162422655,68.58571530772107,10.100000381469728,34.77
1992-08-31,31.600000470876694,19.614286006561347,13.300000198185444,77.32857258085694,75.60000166296959,34.82
1992-09-07,20.10000029951334,12.957143050219331,5.900000087916851,77.81428687380892,17.600000120699406,34.84
1992-09-14,22.500000335276127,13.957143065120492,5.900000087916851,73.5571439532297,0.9000000134110451,34.88
1992-09-21,20.80000030994416,13.657143060650144,5.000000074505806,71.72857249741044,0.2000000029802322,34.9
1992-09-28,23.600000351667404,15.34285737148353,7.900000117719173,76.44285828194448,4.300000011920929,34.91
1992-10-05,17.100000254809856,10.414285869470664,2.800000041723252,73.38571537924665,3.999999955296517,34.9
1992-10-12,12.600000187754633,7.542857255254473,-1.3000000193715096,84.50000125914812,5.300000108778477,34.93
1992-10-19,12.4000001847744,4.671428641038282,-4.200000062584877,75.52857255403485,4.900000020861626,34.98
1992-10-26,12.10000018030405,4.457142923559461,-0.5000000074505806,85.7142869915281,9.5,34.995
1992-11-02,8.50000012665987,3.0142857592020715,-5.000000074505806,87.15714415588549,15.699999809265137,35.01
1992-11-09,12.600000187754633,7.071428676801069,-2.7000000402331352,82.64285837433168,5.299999833106995,35.02
1992-11-16,10.600000157952309,4.671428641038282,-0.800000011920929,89.3000013306737,19.20000004768372,35.08
1992-11-23,9.100000135600569,3.9142857726131166,-1.5000000223517418,86.85714415141514,15.900000251829624,35.13
1992-11-30,11.10000016540289,5.128571504993098,-0.1000000014901161,89.64285847863981,20.899999916553497,35.15
1992-12-07,11.900000177323818,4.185714348086289,-1.100000016391277,82.21428693937403,10.200000144541264,35.21
1992-12-14,8.50000012665987,3.8857143436159407,1.3000000193715096,88.71428703623158,22.09999978542328,35.28
1992-12-21,8.00000011920929,1.65714288183621,-1.80000002682209,91.01428707050424,18.200000002980232,35.41
1992-12-28,0.6000000089406967,-4.742857213531222,-10.100000150501728,86.68571557743209,0.2000000029802322,35.43
1993-01-04,0.1000000014901161,-6.457142953361784,-14.40000021457672,86.15714414098433,0.5,35.45
1993-01-11,11.400000169873238,4.7285714990326335,-10.500000156462193,83.78571553421872,16.500000312924385,35.47
1993-01-18,13.600000202655792,6.98571438980954,-0.2000000029802322,72.07142964537654,12.39999982714653,35.51
1993-01-25,13.40000019967556,6.34285723737308,0.2000000029802322,77.3714297243527,14.19999983906746,35.56
1993-02-01,2.7000000402331352,-1.9571428863065583,-8.600000128149986,84.61428697513682,3.799999952316284,35.58
1993-02-08,4.200000062584877,0.6571428669350488,-6.500000096857548,93.31428710477692,6.800000190734863,35.61
1993-02-15,5.700000084936619,1.0428571583969253,-1.700000025331974,89.90000133961439,1.100000038743019,35.64
1993-02-22,6.800000101327896,1.100000016391277,-7.500000111758709,84.0428583951933,28.00000013411045,35.65
1993-03-01,4.700000070035458,-0.9000000134110451,-7.500000111758709,82.57142980183873,3.000000037252903,35.64
1993-03-08,7.400000110268593,-0.1571428594844683,-6.200000092387199,78.57142974223409,0.8000000268220901,35.66
1993-03-15,15.900000236928465,5.085714361497334,-4.000000059604645,74.02857253168311,0.6000000238418579,35.68
1993-03-22,16.300000242888927,9.028571563107628,-0.5000000074505806,70.62857248101916,5.800000049173832,35.67
1993-03-29,11.500000171363354,2.600000038743019,-3.9000000581145287,71.4142867784415,2.4000000283122063,35.63
1993-04-05,12.800000190734863,5.657142941440855,-2.200000032782554,69.95714389958552,1.7999999523162842,35.55
1993-04-12,12.600000187754633,4.757142928029809,-3.6000000536441803,70.17142961706433,6.599999904632568,35.49
1993-04-19,16.800000250339508,9.21428585158927,0.1000000014901161,58.542858015213696,8.100000098347664,35.42
1993-04-26,27.80000041425228,17.042857396815503,1.80000002682209,49.80000074207783,0.2000000029802322,35.39
1993-05-03,28.200000420212746,18.55714313366584,8.00000011920929,51.10000076144934,0.3000000119209289,35.36
1993-05-10,25.80000038444996,14.600000217556952,3.1000000461936,60.48571518702166,13.500000432133676,35.27
1993-05-17,28.300000421702865,18.0000002682209,5.200000077486038,52.74285792878696,6.100000217556953,35.3
1993-05-24,30.300000451505184,18.37142884518419,10.100000150501728,65.64285812101194,19.500000193715096,35.34
1993-05-31,24.100000359117985,14.657143075551303,7.500000111758709,76.35714399495295,27.90000021457672,35.35
1993-06-07,25.30000037699937,17.07142882581268,7.500000111758709,62.000000923872,2.100000061094761,35.38
1993-06-14,30.300000451505184,17.814285979739257,10.80000016093254,70.2142867605601,100.5000005736947,35.38
1993-06-21,19.80000029504299,14.728571648044246,7.200000107288361,74.95714397409132,21.90000009536743,35.41
1993-06-28,19.80000029504299,13.585714488157205,7.800000116229057,71.94285821488926,9.600000143051147,35.41
1993-07-05,26.50000039488077,18.257143129195487,8.00000011920929,65.00000096857548,1.399999976158142,35.4
1993-07-12,26.700000397861004,15.028571652514596,10.100000150501728,71.15714391746691,16.000000149011612,35.39
1993-07-19,23.300000347197056,16.50000024586916,7.800000116229057,76.55714399793318,23.799999743700027,35.38
1993-07-26,23.100000344216824,15.828571664435524,11.000000163912771,74.67142968411956,20.100000217556957,35.375
1993-08-02,28.10000041872263,17.65714312025479,10.500000156462193,77.70000115782022,27.799999713897705,35.37
1993-08-09,27.700000412762165,18.02857169721808,12.800000190734863,78.3285725957581,24.0,35.36
1993-08-16,29.300000436604023,18.414285988679957,8.100000120699406,69.34285817614624,5.0,35.34
1993-08-23,23.300000347197056,15.371428800480706,8.50000012665987,71.38571534944433,8.399999856948853,35.34
1993-08-30,19.30000028759241,12.785714476236276,4.700000070035458,78.02857259128776,10.600000008940697,35.33
1993-09-06,17.30000025779009,12.228571610791343,5.200000077486038,83.1000012382865,14.40000019222498,35.31
1993-09-13,23.100000344216824,13.785714491137435,7.900000117719173,83.31428695576531,31.599999964237213,35.3
1993-09-20,19.000000283122063,11.414285884371823,4.200000062584877,80.08571547908443,12.500000417232515,35.29
1993-09-27,23.100000344216824,14.871428793030123,9.600000143051147,83.38571552825826,1.5,35.29
1993-10-04,17.80000026524067,11.38571445537465,3.6000000536441803,71.61428678142173,0.8000000268220901,35.29
1993-10-11,20.500000305473804,12.742857332740511,6.000000089406967,82.42857265685286,8.50000011920929,35.29
1993-10-18,18.50000027567148,8.457142983164106,-2.500000037252903,79.57142975713525,3.4000001251697545,35.32
1993-10-25,9.600000143051147,5.485714367457798,-2.800000041723252,79.8857154761042,1.7000000029802322,35.31
1993-11-01,9.400000140070915,4.628571497542517,-2.3000000342726707,85.4714298450521,0.0,35.3
1993-11-08,6.800000101327896,3.800000056624413,0.2000000029802322,94.81428712712868,7.700000002980232,35.28
1993-11-15,7.700000114738941,4.300000064074993,-0.800000011920929,89.90000133961439,9.29999964684248,35.26
1993-11-22,2.7000000402331352,-2.1857143182839667,-8.00000011920929,87.32857272986855,13.299999713897703,35.24
1993-11-29,-0.2000000029802322,-3.928571487111705,-9.80000014603138,87.88571559531348,0.5000000074505806,35.33
1993-12-06,9.400000140070915,2.642857182238783,-8.100000120699406,85.4714298450521,3.400000095367432,35.46
1993-12-13,8.50000012665987,4.371428636567933,1.100000016391277,83.85714410671166,38.30000066757202,35.58
1993-12-20,12.90000019222498,4.942857216511454,-0.800000011920929,82.18571551037687,12.5,35.65
1993-12-27,4.500000067055225,1.3714285918644495,-0.6000000089406967,92.21428708838565,21.8999999538064,35.705
1994-01-03,9.00000013411045,1.9571428863065583,-3.200000047683716,88.24285845777818,17.600000098347664,35.76
1994-01-10,7.700000114738941,3.614285768142768,-2.200000032782554,87.67142987783465,10.599999882280828,35.81
1994-01-17,11.10000016540289,3.657142911638533,-3.700000055134296,81.21428692447287,11.29999977350235,35.82
1994-01-24,8.100000120699406,2.9142857577119554,-3.700000055134296,85.91428699450833,19.2000005543232,35.83
1994-01-31,8.50000012665987,3.957142916108881,0.800000011920929,83.61428696023566,66.20000085234642,36.16
1994-02-07,6.500000096857548,2.257142890776907,-0.5000000074505806,78.27142973776374,0.6000000238418579,36.05
1994-02-14,6.200000092387199,-1.1285714453884534,-12.500000186264517,73.98571538818734,1.9999999850988388,36.0
1994-02-21,1.3000000193715096,-3.671428626137121,-9.00000013411045,69.78571532560247,2.7999999299645424,35.87
1994-02-28,11.10000016540289,0.0,-11.900000177323818,81.1714297809771,6.200000107288361,35.89
1994-03-07,10.80000016093254,4.028571488601821,-2.0000000298023224,83.01428695129496,19.300000190734863,35.93
1994-03-14,13.300000198185444,7.542857255254473,-0.9000000134110451,77.51428686933858,16.099999621510506,36.09
1994-03-21,8.400000125169754,3.1000000461936,-0.1000000014901161,82.94285837880203,30.70000028610229,36.11
1994-03-28,13.100000195205212,6.757142957832132,-2.0000000298023224,72.4857153658356,19.299999833106995,36.125
1994-04-04,20.30000030249357,7.928571546716349,0.5000000074505806,75.4571439815419,15.300000220537186,36.14
1994-04-11,13.100000195205212,6.000000089406967,-1.100000016391277,74.60000111162663,8.799999952316284,36.1
1994-04-18,15.100000225007534,7.642857256744589,1.600000023841858,71.64285821041891,19.800000727176663,36.06
1994-04-25,21.50000032037497,12.642857331250395,-2.200000032782554,51.957143631364616,0.0,35.86
1994-05-02,23.300000347197056,13.014285908213685,0.800000011920929,67.75714386680296,0.700000025331974,35.72
1994-05-09,22.600000336766243,13.271428769188269,4.000000059604645,53.128572220248834,0.8999999910593033,35.68
1994-05-16,24.50000036507845,15.971428809421402,7.300000108778477,59.30000088363886,1.9999999403953552,35.69
1994-05-23,23.100000344216824,13.40000019967556,6.500000096857548,78.24285830876657,43.400000274181366,35.62
1994-05-30,19.80000029504299,12.285714468785695,4.700000070035458,75.02857254658427,6.500000223517419,35.6
1994-06-06,26.200000390410423,14.242857355092251,4.700000070035458,69.65714389511517,5.800000078976154,35.58
1994-06-13,22.30000033229589,13.957143065120492,6.000000089406967,75.61428684102637,4.499999955296516,35.52
1994-06-20,22.800000339746475,14.55714307406119,5.4000000804662704,67.32857243184533,8.3999999538064,35.44
1994-06-27,29.700000442564487,19.657143150057117,6.200000092387199,55.6714294009975,0.3000000119209289,35.375
1994-07-04,34.20000050961971,21.98571461332696,10.400000154972076,55.41428654002292,30.700000762939453,35.31
1994-07-11,29.200000435113907,19.14285742810794,12.300000183284284,68.61428673671824,29.39999959617853,35.24
1994-07-18,32.70000048726797,23.07142891521965,14.600000217556952,56.64285798690149,20.799999237060547,35.17
1994-07-25,34.20000050961971,23.77142892565046,11.500000171363354,44.57142923559461,0.0,35.13
1994-08-01,37.70000056177378,27.58571469677346,18.6000002771616,51.07142933245216,1.2999999523162842,35.06
1994-08-08,35.50000052899122,23.35714320519141,14.300000213086603,56.25714369543961,1.2999999523162842,35.0
1994-08-15,28.700000427663326,17.30000025779009,10.500000156462193,75.00000111758709,31.59999990463257,35.01
1994-08-22,25.50000037997961,15.41428594397647,8.50000012665987,75.98571541798967,28.399999141693115,35.03
1994-08-29,24.600000366568565,16.971428824322565,10.400000154972076,76.81428685890776,21.09999990463257,34.98
1994-09-05,22.30000033229589,16.185714526900224,9.500000141561031,78.30000116676092,4.100000113248825,35.02
1994-09-12,18.80000028014183,14.11428592460496,10.000000149011612,81.51428692894322,45.60000020265579,35.07
1994-09-19,20.30000030249357,12.985714479216508,7.900000117719173,82.0142869363938,31.400000050663948,35.09
1994-09-26,21.1000003144145,13.285714483686856,7.200000107288361,85.28571555657047,0.2000000029802322,35.11
1994-10-03,17.00000025331974,11.357143026377472,4.000000059604645,81.7714297899178,4.800000190734863,35.13
1994-10-10,12.4000001847744,5.128571504993098,-0.2000000029802322,78.17142973627362,1.300000011920929,35.14
1994-10-17,17.00000025331974,7.271428679781301,-2.1000000312924385,83.12857266728368,0.0,35.15
1994-10-24,15.300000227987766,7.028571533305304,-3.500000052154064,65.65714383551052,0.5,35.17
1994-10-31,16.00000023841858,9.44285728356668,1.100000016391277,82.9714298077992,26.399999976158146,35.17
1994-11-07,14.800000220537186,8.157142978693757,-0.800000011920929,78.24285830876657,1.5999999642372131,35.22
1994-11-14,12.4000001847744,4.4714286380580495,-2.200000032782554,82.71428694682461,11.80000038444996,35.26
1994-11-21,14.300000213086603,8.042857262705054,3.700000055134296,84.85714412161282,18.90000009536743,35.3
1994-11-28,10.80000016093254,6.114285805395672,0.2000000029802322,90.64285849354096,6.099999845027924,35.33
1994-12-05,11.60000017285347,4.300000064074993,-2.3000000342726707,87.87142988081489,6.300000064074993,35.38
1994-12-12,13.100000195205212,6.857142959322248,-0.9000000134110451,84.74285840562412,34.39999935775995,35.45
1994-12-19,10.80000016093254,1.9428571718079704,-3.200000047683716,86.21428699897868,1.5000000596046448,35.54
1994-12-26,3.6000000536441803,0.100000001490116,-3.200000047683716,91.58571565044778,4.199999809265137,35.56
1995-01-02,12.4000001847744,5.285714364477566,-1.3000000193715096,82.91428694980485,19.00000023841858,35.58
1995-01-09,1.700000025331974,-4.485714352556637,-9.500000141561031,85.51428698854787,8.00000011920929,35.62
1995-01-16,6.70000009983778,1.1571428743856291,-4.90000007301569,85.58571556104081,2.30000002682209,35.64
1995-01-23,10.900000162422655,1.7285714543291502,-3.1000000461936,80.75714406051806,22.50000021606684,35.68
1995-01-30,12.500000186264517,4.685714355536869,-1.5000000223517418,86.02857271049704,30.200000002980232,35.73
1995-02-06,10.400000154972076,4.871428644018514,-2.7000000402331352,81.44285835645029,6.500000029802322,35.93
1995-02-13,12.000000178813934,3.5714286246470044,-3.700000055134296,83.37142981375966,20.79999992251396,35.89
1995-02-20,11.500000171363354,6.242857235882964,1.80000002682209,78.07142973478351,24.70000009983778,35.93
1995-02-27,14.40000021457672,3.800000056624413,-0.6000000089406967,79.94285833409855,13.100000023841858,35.9
1995-03-06,10.80000016093254,5.2428572209818025,-3.200000047683716,75.97142970349107,5.5999999195337296,35.91
1995-03-13,10.000000149011612,3.257142905678068,-3.700000055134296,74.85714397260121,0.1000000014901161,35.91
1995-03-20,10.000000149011612,2.9428571867091318,-5.200000077486038,78.0857154492821,15.899999856948853,35.89
1995-03-27,15.600000232458116,5.514285796454975,-1.80000002682209,71.50000106543303,22.199999809265137,35.875
1995-04-03,17.80000026524067,5.228571506483214,-2.600000038743019,76.6571439994233,9.59999991953373,35.86
1995-04-10,12.10000018030405,6.485714382358959,-0.5000000074505806,66.92857242588487,9.199999906122684,35.83
1995-04-17,15.300000227987766,5.514285796454975,-0.2000000029802322,82.17142979587827,13.49999976158142,35.81
1995-04-24,27.3000004068017,12.257143039788518,2.600000038743019,66.60000099241734,12.899999618530272,35.79
1995-05-01,22.100000329315662,10.985714449414186,-0.5000000074505806,63.17142951275621,0.2000000029802322,35.73
1995-05-08,23.500000350177288,14.04285735211202,2.7000000402331352,58.24285801074335,2.700000107288361,35.67
1995-05-15,14.600000217556952,8.542857270155634,2.500000037252903,76.64285828492471,10.800000049173832,35.61
1995-05-22,17.30000025779009,10.65714301594666,1.3000000193715096,68.91428674118859,17.0,35.48
1995-05-29,29.000000432133675,18.842857423637597,5.700000084936619,56.300000838935375,3.0999999046325684,35.5
1995-06-05,22.000000327825543,14.542857359562602,7.500000111758709,85.42857270155635,32.800001099705696,35.5
1995-06-12,20.10000029951334,14.014285923114844,8.00000011920929,77.85714401730469,17.5,35.51
1995-06-19,21.300000317394733,14.100000210106373,8.00000011920929,79.1571440366762,28.00000047683716,35.46
1995-06-26,25.80000038444996,16.91428596632821,9.3000001385808,75.98571541798967,18.79999966919422,35.4
1995-07-03,26.80000039935112,19.114285999110766,7.700000114738941,64.17142952765737,17.399999618530273,35.34
1995-07-10,32.80000048875809,21.228571744901792,11.900000177323818,61.14285805395672,1.8999999538064003,35.17
1995-07-17,32.100000478327274,22.25714318880013,14.500000216066836,73.10000108927488,26.5,35.05
1995-07-24,33.5000004991889,20.642857450459683,10.30000015348196,67.87142958279166,3.1000000983476643,34.98
1995-07-31,32.30000048130751,22.757143196250716,10.900000162422655,52.60000078380108,0.0,34.96
1995-08-07,30.300000451505184,21.657143179859435,11.500000171363354,57.84285800478288,0.0,34.93
1995-08-14,30.600000455975533,20.614286021462508,8.800000131130219,51.65714362689427,0.0,34.92
1995-08-21,31.80000047385693,21.77142889584814,11.10000016540289,62.17142949785505,1.7000000476837158,34.9
1995-08-28,31.80000047385693,18.55714313366584,10.900000162422655,68.57142959322248,9.199999928474426,34.905
1995-09-04,18.30000027269125,12.871428763227804,8.100000120699406,80.42857262705054,38.09999942779541,34.91
1995-09-11,23.80000035464764,15.957143094922817,8.50000012665987,75.67142969902072,12.800000101327896,34.92
1995-09-18,23.80000035464764,15.757143091942584,9.100000135600569,76.82857257340636,0.0,34.9
1995-09-25,19.30000028759241,13.128571624202388,4.000000059604645,83.27142981226955,35.89999854564667,34.97
1995-10-02,17.100000254809856,9.285714424082212,2.500000037252903,81.35714406945876,27.100000381469727,34.98
1995-10-09,23.600000351667404,16.28571452839034,5.700000084936619,80.05714405008725,1.5999999791383743,35.0
1995-10-16,24.600000366568565,14.285714498588018,7.900000117719173,87.68571559233325,0.2000000029802322,35.0
1995-10-23,17.30000025779009,9.185714422592095,-2.200000032782554,81.00000120699406,1.400000050663948,35.02
1995-10-30,18.6000002771616,9.457142998065269,1.3000000193715096,81.88571550590652,2.600000098347664,35.08
1995-11-06,9.80000014603138,3.414285765162536,-2.200000032782554,88.14285845628807,37.299999713897705,35.12
1995-11-13,10.500000156462193,3.971428630607469,-5.4000000804662704,87.84285845181772,3.399999976158142,35.16
1995-11-20,11.000000163912771,3.342857192669596,-4.500000067055225,84.70000126212835,16.700000002980232,35.2
1995-11-27,7.800000116229057,0.4857142929519926,-7.000000104308128,89.1714299001864,0.2000000029802322,35.215
1995-12-04,1.5000000223517418,-1.4142857353602136,-4.200000062584877,88.95714418270758,1.7999999821186066,35.23
1995-12-11,2.7000000402331352,-1.9571428863065583,-7.400000110268593,88.90000132471323,8.50000000745058,35.3
1995-12-18,2.1000000312924385,-2.2428571762783185,-7.500000111758709,89.72857276563134,1.0000000298023224,35.34
1995-12-25,8.900000132620335,-0.5000000074505806,-9.500000141561031,89.68571562213558,22.399999633431435,35.35
1996-01-01,0.2000000029802322,-8.128571549696582,-14.300000213086603,85.18571555508035,0.1000000014901161,35.37
1996-01-08,3.6000000536441803,-3.1000000461936,-8.800000131130219,86.41428700195891,0.4000000059604644,35.38
1996-01-15,4.200000062584877,0.4000000059604645,-1.5000000223517418,94.4285728356668,0.0,35.39
1996-01-22,0.9000000134110451,-3.7857143421258246,-9.400000140070915,87.12857272688832,0.699999988079071,35.38
1996-01-29,-1.3000000193715096,-8.471428697662693,-14.300000213086603,73.15714394726923,0.0,35.36
1996-02-05,0.5000000074505806,-4.0857143465961725,-11.30000016838312,79.78571547461408,2.600000023841858,35.35
1996-02-12,5.900000087916851,-6.885714388319424,-16.800000250339508,73.62857252572265,2.6999999061226845,35.35
1996-02-19,5.000000074505806,0.9714285859039852,-4.000000059604645,88.61428703474147,15.699999928474426,35.32
1996-02-26,11.000000163912771,-2.400000035762787,-12.500000186264517,80.21428690957171,3.700000025331974,35.33
1996-03-04,10.000000149011612,-0.1714285739830562,-6.500000096857548,79.30000118166208,0.700000025331974,35.34
1996-03-11,4.500000067055225,-0.5428571509463447,-6.800000101327896,71.72857249741044,1.100000023841858,35.36
1996-03-18,7.000000104308128,-0.0428571434957641,-7.300000108778477,79.60000118613243,0.6000000238418579,35.38
1996-03-25,11.30000016838312,3.185714333185128,-3.500000052154064,80.38571548355478,4.800000190734863,35.35
1996-04-01,8.900000132620335,1.4857143078531538,-6.200000092387199,75.17142969157014,5.700000047683716,35.36
1996-04-08,18.0000002682209,6.428571524364608,-5.500000081956387,67.65714386531285,0.0,35.39
1996-04-15,15.400000229477882,5.071428646998746,-3.700000055134296,68.75714388170412,2.800000011920929,35.41
1996-04-22,28.300000421702865,15.27142879899059,-0.4000000059604645,38.91428629415376,0.0,35.43
1996-04-29,28.80000042915344,13.242857340191092,5.700000084936619,65.15714382805994,4.399999871850014,35.4
1996-05-06,19.80000029504299,10.457143012966428,-0.2000000029802322,72.714286797813,31.10000041127205,35.38
1996-05-13,19.30000028759241,8.814285845628806,4.400000065565109,87.40000130236149,17.5999998152256,35.35
1996-05-20,24.600000366568565,13.242857340191092,6.200000092387199,79.24285832366773,20.800000190734863,35.33
1996-05-27,20.80000030994416,13.342857341681208,5.500000081956387,78.81428688871009,29.20000049471855,35.32
1996-06-03,29.800000444054604,15.100000225007534,2.7000000402331352,73.01428680228335,7.599999904632568,35.31
1996-06-10,33.600000500679016,21.657143179859435,10.900000162422655,64.41428667413336,11.799999713897703,35.26
1996-06-17,29.200000435113907,16.91428596632821,7.200000107288361,64.0285723826715,0.1000000014901161,35.24
1996-06-24,19.60000029206276,13.100000195205212,6.500000096857548,70.25714390405587,1.2000000029802322,35.21
1996-07-01,21.80000032484532,15.171428797500472,7.900000117719173,73.54285823873111,16.300000190734863,35.18
1996-07-08,24.300000362098217,15.34285737148353,8.900000132620335,79.62857261512961,38.00000113248825,35.12
1996-07-15,24.600000366568565,16.65714310535363,9.900000147521496,76.57142971243177,1.200000025331974,35.09
1996-07-22,25.100000374019142,15.728571662945408,5.700000084936619,63.1857152272548,1.399999976158142,35.03
1996-07-29,27.10000040382147,18.114285984209605,10.30000015348196,76.20000113546848,18.400000050663948,35.01
1996-08-05,26.100000388920307,17.900000266730785,9.00000013411045,73.94285824469158,5.299999929964542,35.0
1996-08-12,27.80000041425228,19.60000029206276,12.300000183284284,66.82857242439475,3.999999977648258,34.98
1996-08-19,28.300000421702865,18.14285741320678,12.10000018030405,81.61428693043334,18.79999950528145,34.96
1996-08-26,30.100000448524952,20.614286021462508,12.600000187754633,66.31428670244557,4.699999809265137,35.0
1996-09-02,24.00000035762787,16.085714525410108,6.000000089406967,74.47142968113933,3.6999999284744254,35.04
1996-09-09,22.000000327825543,13.028571622712272,7.000000104308128,74.58571539712804,23.50000038743019,35.03
1996-09-16,16.100000239908695,11.342857311878886,4.500000067055225,78.3285725957581,11.499999836087229,34.95
1996-09-23,15.400000229477882,9.700000144541264,3.9000000581145287,75.91428684549672,0.1000000014901161,34.87
1996-09-30,19.10000028461218,11.52857160036053,5.200000077486038,85.57142984654222,15.000000096857548,34.9
1996-10-07,18.30000027269125,10.271428724484784,3.9000000581145287,84.2714298271707,17.900000393390656,34.91
1996-10-14,19.10000028461218,10.742857302938187,1.100000016391277,83.27142981226955,0.2000000029802322,34.93
1996-10-21,17.100000254809856,10.400000154972076,4.000000059604645,88.75714417972735,13.299999713897703,34.95
1996-10-28,14.300000213086603,8.300000123679638,0.9000000134110451,86.5571441469448,17.0999998152256,34.975
1996-11-04,15.800000235438349,10.80000016093254,7.000000104308128,82.65714408883026,9.600000254809856,35.0
1996-11-11,15.600000232458116,7.785714401730469,0.5000000074505806,80.54285834303924,6.799999952316284,35.02
1996-11-18,10.600000157952309,4.90000007301569,-2.0000000298023224,91.02857278500284,9.400000132620336,35.04
1996-11-25,7.400000110268593,2.1857143182839667,-3.700000055134296,84.5142869736467,4.999999977648258,35.05
1996-12-02,6.000000089406967,1.2428571613771575,-1.600000023841858,92.44285852036306,21.30000038444996,35.12
1996-12-09,8.900000132620335,1.3142857338700975,-2.500000037252903,86.51428700344903,0.5,35.17
1996-12-16,6.000000089406967,-0.0285714289971759,-5.700000084936619,89.42857276116099,1.100000001490116,35.19
1996-12-23,2.800000041723252,-2.4428571792585507,-10.600000157952309,84.85714412161282,2.9999999552965164,35.22
1996-12-30,-0.5000000074505806,-8.828571560127395,-16.800000250339508,84.7571441201227,2.299999952316284,35.2
1997-01-06,-3.400000050663948,-10.171428722994667,-20.30000030249357,83.91428696470601,0.0,35.21
1997-01-13,3.200000047683716,-4.371428636567933,-8.50000012665987,87.27142987187419,0.8999999910593033,35.18
1997-01-20,6.800000101327896,0.1714285739830562,-6.900000102818012,87.32857272986855,2.7000000998377804,35.17
1997-01-27,8.50000012665987,0.9714285859039852,-6.500000096857548,82.94285837880203,0.2000000029802322,35.195
1997-02-03,3.9000000581145287,0.1142857159887042,-7.900000117719173,87.3714298733643,2.0,35.22
1997-02-10,11.500000171363354,4.457142923559461,-1.100000016391277,77.28571543736118,3.9999998584389687,35.22
1997-02-17,10.100000150501728,2.6857143257345477,-4.500000067055225,78.97142974819455,17.30000002682209,35.28
1997-02-24,13.600000202655792,7.014285818806717,-1.3000000193715096,75.84285827300378,19.00000010430813,35.34
1997-03-03,18.80000028014183,7.528571540755885,0.0,70.01428675757987,18.899999238550663,35.42
1997-03-10,15.800000235438349,6.057142947401319,-2.600000038743019,72.07142964537654,0.0,35.44
1997-03-17,13.600000202655792,5.542857225452151,-1.0000000149011612,81.1857154954757,5.800000004470348,35.45
1997-03-24,7.700000114738941,1.1428571598870414,-5.200000077486038,72.88571537179607,6.499999798834324,35.46
1997-03-31,13.600000202655792,6.5571429548519,-1.3000000193715096,68.12857244376626,13.400000095367432,35.46
1997-04-07,16.800000250339508,5.542857225452151,-3.1000000461936,71.78571535540479,16.399999976158142,35.47
1997-04-14,14.600000217556952,6.585714383849076,-3.200000047683716,60.97142947997366,2.400000013411045,35.47
1997-04-21,13.500000201165676,4.4714286380580495,-3.500000052154064,63.11428665476186,3.200000002980232,35.45
1997-04-28,18.30000027269125,9.628571572048324,-1.80000002682209,58.47142944272076,8.100000381469727,35.41
1997-05-05,21.300000317394733,12.485714471765927,5.4000000804662704,77.07142971988235,22.30000028759241,35.48
1997-05-12,23.80000035464764,12.285714468785695,1.700000025331974,66.30000098794699,12.999999672174452,35.48
1997-05-19,27.3000004068017,18.814285994640414,11.000000163912771,71.12857248846974,10.100000023841858,35.48
1997-05-26,21.60000032186508,11.45714302786759,0.2000000029802322,73.442858237241,36.799999713897705,35.465
1997-06-02,20.60000030696392,11.314285882881707,1.5000000223517418,69.57142960812364,12.799999848008156,35.45
1997-06-09,27.500000409781933,19.371428860085352,6.000000089406967,52.61428649829967,7.199999809265137,35.39
1997-06-16,28.300000421702865,18.571428848164423,10.000000149011612,66.2714295589498,13.999999821186066,35.32
1997-06-23,20.80000030994416,15.228571655494829,6.400000095367432,68.92857245568719,17.09999990463257,35.29
1997-06-30,32.70000048726797,18.100000269711018,8.800000131130219,72.1142867888723,3.4000001028180127,35.18
1997-07-07,25.700000382959843,18.58571456266301,11.30000016838312,69.60000103712082,1.4999999776482582,35.13
1997-07-14,26.30000039190054,19.80000029504299,10.400000154972076,57.61428657280548,0.800000011920929,35.06
1997-07-21,26.200000390410423,18.05714312621525,14.500000216066836,81.60000121593475,64.7999981045723,35.24
1997-07-28,27.3000004068017,19.74285743704864,13.100000195205212,69.9714296140841,2.3999999538064003,35.17
1997-08-04,27.200000405311584,18.528571704668657,11.10000016540289,72.77142965580735,6.3999999314546585,35.1
1997-08-11,30.200000450015068,21.857143182839668,14.000000208616257,65.94285812548229,1.200000025331974,35.01
1997-08-18,31.500000469386578,22.12857175831284,12.10000018030405,60.95714376547507,0.0,34.97
1997-08-25,31.80000047385693,23.45714320668153,15.100000225007534,59.92857232157673,0.4000000059604645,34.92
1997-09-01,31.300000466406345,20.071428870516165,11.500000171363354,71.21428677546126,25.60000067204237,34.89
1997-09-08,27.700000412762165,18.542857419167245,11.10000016540289,75.52857255403485,4.599999912083149,34.88
1997-09-15,24.8000003695488,13.857143063630376,7.400000110268593,67.75714386680296,6.700000144541264,34.84
1997-09-22,23.600000351667404,11.928571606320997,2.500000037252903,68.92857245568719,0.0,34.81
1997-09-29,22.000000327825543,12.342857326780049,2.7000000402331352,72.07142964537654,1.2999999523162842,34.78
1997-10-06,21.80000032484532,13.128571624202388,6.800000101327896,76.1714297064713,2.399999976158142,34.75
1997-10-13,22.600000336766243,13.357143056179796,5.200000077486038,76.72857257191625,16.500000037252903,34.75
1997-10-20,19.10000028461218,7.542857255254473,-0.4000000059604645,77.74285830131599,3.700000107288361,34.75
1997-10-27,10.30000015348196,2.2285714617797305,-4.000000059604645,76.37142970945153,11.60000039637089,34.77
1997-11-03,8.00000011920929,3.057142902697836,-6.000000089406967,78.9285726046988,2.200000025331974,34.79
1997-11-10,16.100000239908695,7.071428676801069,-2.7000000402331352,77.257144008364,5.900000058114529,34.8
1997-11-17,12.4000001847744,5.642857226942267,1.3000000193715096,86.18571556998151,5.500000193715096,34.8
1997-11-24,5.500000081956387,0.1714285739830562,-3.500000052154064,81.40000121295452,0.0,34.82
1997-12-01,8.800000131130219,1.814285741320678,-2.7000000402331352,89.5428584771497,4.899999976158142,34.85
1997-12-08,6.800000101327896,1.8285714558192665,-4.200000062584877,88.67142989273582,11.599999524652958,34.88
1997-12-15,10.30000015348196,4.585714354046753,-3.400000050663948,86.38571557296174,30.00000035762787,34.94
1997-12-22,1.3000000193715096,-3.642857197139944,-13.600000202655792,81.84285836241075,8.600000023841858,35.02
1997-12-29,11.000000163912771,5.014285789004394,-0.2000000029802322,87.90000130981207,14.199999809265137,35.11
1998-01-05,9.400000140070915,5.5285715109535625,-0.2000000029802322,80.05714405008725,20.3000004068017,35.18
1998-01-12,13.100000195205212,6.385714380868843,0.2000000029802322,86.0714298539928,26.99999976158142,35.37
1998-01-19,9.500000141561031,4.7285714990326335,-0.2000000029802322,78.9285726046988,8.900000020861626,35.44
1998-01-26,4.000000059604645,-1.0857143018926894,-9.3000001385808,86.22857271347728,4.299999967217445,35.47
1998-02-02,2.800000041723252,-3.671428626137121,-12.300000183284284,79.10000117868185,5.400000035762787,35.5
1998-02-09,9.400000140070915,2.614285753241607,-3.700000055134296,77.014286861888,0.7000000104308128,35.53
1998-02-16,13.800000205636024,9.885714433022908,1.3000000193715096,76.771429715412,4.600000143051148,35.59
1998-02-23,15.600000232458116,6.70000009983778,0.9000000134110451,74.2714296781591,0.4000000059604645,35.55
1998-03-02,10.400000154972076,6.5571429548519,-2.0000000298023224,78.9285726046988,11.5,35.56
1998-03-09,17.80000026524067,5.285714364477566,-3.000000044703484,79.91428690510136,38.09999990463257,35.59
1998-03-16,9.00000013411045,2.271428605275495,-3.200000047683716,73.00000108778477,10.200000382959844,35.67
1998-03-23,11.400000169873238,3.8714286291173527,-3.200000047683716,69.7428581821067,2.400000050663948,35.67
1998-03-30,17.30000025779009,6.614285812846252,-5.500000081956387,65.82857240949359,0.5,35.69
1998-04-06,19.30000028759241,10.44285729846784,5.000000074505806,78.82857260320868,19.0,35.69
1998-04-13,16.100000239908695,7.285714394279888,1.100000016391277,78.34285831025669,11.59999978542328,35.67
1998-04-20,16.50000024586916,7.557142969753061,0.2000000029802322,69.91428675608975,7.400000005960464,35.6
1998-04-27,23.100000344216824,13.771428776638848,3.9000000581145287,72.64285822532007,3.200000032782554,35.585
1998-05-04,24.300000362098217,14.728571648044246,5.4000000804662704,71.81428678440196,16.800000362098217,35.57
1998-05-11,29.300000436604023,16.528571674866335,4.000000059604645,65.07142954106841,1.899999976158142,35.52
1998-05-18,28.700000427663326,14.957143080021654,4.700000070035458,58.0571437222617,0.1000000014901161,35.46
1998-05-25,23.80000035464764,12.32857161228146,4.500000067055225,66.82857242439475,8.600000143051147,35.38
1998-06-01,29.800000444054604,18.50000027567148,8.100000120699406,71.38571534944433,19.199999690055847,35.27
1998-06-08,33.5000004991889,19.871428867535933,11.500000171363354,65.74285812250206,5.9000000059604645,35.21
1998-06-15,25.80000038444996,16.15714309790305,7.000000104308128,68.81428673969847,13.099999904632568,35.17
1998-06-22,29.200000435113907,16.942857395325387,7.300000108778477,72.32857250635114,11.099999979138374,35.13
1998-06-29,25.30000037699937,17.34285740128585,10.500000156462193,74.64285825512239,17.099999576807022,35.07
1998-07-06,22.000000327825543,14.900000222027302,10.000000149011612,81.07142977948699,22.79999989271164,35.02
1998-07-13,21.1000003144145,14.414285929075309,8.100000120699406,80.70000120252371,15.300000078976154,34.99
1998-07-20,31.80000047385693,17.742857407246316,10.100000150501728,64.67142953510795,1.100000023841858,34.96
1998-07-27,35.700000531971455,20.75714316644839,9.00000013411045,61.54285805991718,9.399999976158142,34.93
1998-08-03,25.100000374019142,17.842857408736432,11.30000016838312,71.8857153568949,13.699999958276749,34.9
1998-08-10,30.800000458955765,18.828571709139005,9.00000013411045,65.15714382805994,3.0999999195337296,34.86
1998-08-17,29.700000442564487,20.000000298023224,10.500000156462193,58.25714372524193,1.700000062584877,34.82
1998-08-24,27.500000409781933,15.64285737595388,8.800000131130219,71.61428678142173,32.20000038295984,34.79
1998-08-31,18.80000028014183,12.68571447474616,8.00000011920929,82.95714409330061,19.800000458955765,34.83
1998-09-07,21.60000032186508,15.828571664435524,6.70000009983778,79.62857261512961,5.700000047683716,34.81
1998-09-14,24.50000036507845,15.485714516469413,5.700000084936619,80.61428691553218,18.60000029206276,34.83
1998-09-21,19.80000029504299,12.357143041278634,6.500000096857548,82.27142979736838,13.300000004470348,34.85
1998-09-28,21.80000032484532,13.68571448964732,7.200000107288361,83.28571552676814,1.399999976158142,34.84
1998-10-05,17.100000254809856,7.542857255254473,1.3000000193715096,82.52857265834298,10.100000001490116,34.87
1998-10-12,13.600000202655792,9.314285853079388,2.200000032782554,84.57142983164105,13.199999570846558,34.89
1998-10-19,19.500000290572643,9.87142871852432,0.4000000059604645,79.5285726136395,8.799999982118607,34.92
1998-10-26,17.80000026524067,10.142857293997492,1.700000025331974,80.61428691553218,33.69999907165766,35.045
1998-11-02,12.10000018030405,6.500000096857548,2.200000032782554,85.22857269857612,62.39999973773956,35.17
1998-11-09,10.600000157952309,4.942857216511454,0.5000000074505806,84.41428697215659,19.400000289082527,35.29
1998-11-16,10.000000149011612,4.014285774103233,-0.2000000029802322,89.64285847863981,3.999999918043613,35.39
1998-11-23,2.0000000298023224,-3.1000000461936,-9.400000140070915,85.128572697086,2.1000000536441803,35.41
1998-11-30,2.500000037252903,-0.9714285859039852,-7.200000107288361,89.40000133216381,0.0,35.43
1998-12-07,1.0000000149011612,-3.0142857592020715,-7.700000114738941,84.84285840711424,8.799999870359898,35.42
1998-12-14,8.400000125169754,-2.7714286127260754,-13.90000020712614,87.40000130236149,22.40000009536743,35.51
1998-12-21,10.600000157952309,4.528571496052401,-2.1000000312924385,83.74285839072296,18.500000335276127,35.61
1998-12-28,12.4000001847744,4.257142920579229,-3.1000000461936,80.72857263152089,9.200000278651714,35.635
1999-01-04,11.10000016540289,1.9285714573093824,-3.500000052154064,86.0714298539928,1.0000000149011612,35.66
1999-01-11,13.90000020712614,4.342857207570757,-4.500000067055225,83.62857267473426,11.899999752640724,35.66
1999-01-18,10.500000156462193,3.671428626137121,-4.200000062584877,82.82857266281333,11.999999910593033,35.67
1999-01-25,11.900000177323818,5.114285790494511,-0.5000000074505806,82.47142980034862,10.999999813735483,35.7
1999-02-01,11.000000163912771,-0.2714285754731724,-9.500000141561031,81.4142869274531,5.800000049173832,35.73
1999-02-08,9.00000013411045,2.7857143272246634,-1.700000025331974,87.2571441573756,22.400000125169758,35.74
1999-02-15,3.000000044703484,-2.857142899717604,-10.100000150501728,80.31428691106183,1.0000000149011612,35.78
1999-02-22,5.700000084936619,1.9142857428107944,-4.000000059604645,88.47142988975558,30.19999960064888,35.86
1999-03-01,13.000000193715096,4.257142920579229,-1.80000002682209,79.90000119060278,19.700000442564487,35.87
1999-03-08,12.000000178813934,5.228571506483214,-1.5000000223517418,84.31428697066647,16.600000120699406,35.86
1999-03-15,8.50000012665987,2.9000000432133675,-1.700000025331974,76.95714400389365,4.600000143051148,35.84
1999-03-22,9.80000014603138,4.285714349576405,-1.80000002682209,76.70000114291906,7.900000095367432,35.82
1999-03-29,19.60000029206276,7.885714403220585,-0.800000011920929,76.37142970945153,9.100000001490116,35.76
1999-04-05,19.60000029206276,11.257143024887355,0.800000011920929,63.557143804218086,0.800000011920929,35.71
1999-04-12,19.80000029504299,10.700000159442425,4.400000065565109,77.74285830131599,12.399999767541884,35.67
1999-04-19,13.600000202655792,5.7857143719281465,0.4000000059604645,74.41428682314498,19.599999964237213,35.64
1999-04-26,20.30000030249357,11.171428737895829,-1.3000000193715096,73.200001090765,10.199999988079073,35.625
1999-05-03,19.30000028759241,11.357143026377472,2.500000037252903,67.55714386382273,0.800000011920929,35.61
1999-05-10,23.100000344216824,13.000000193715096,2.500000037252903,62.32857235733952,23.900000393390656,35.59
1999-05-17,20.10000029951334,11.45714302786759,1.80000002682209,73.62857252572265,13.899999856948853,35.59
1999-05-24,24.600000366568565,15.64285737595388,5.200000077486038,62.84285807928869,1.8999999538064003,35.52
1999-05-31,30.00000044703484,18.100000269711018,6.200000092387199,62.7142866488014,5.900000013411045,35.42
1999-06-07,27.3000004068017,16.91428596632821,8.50000012665987,68.0714295857719,12.800000004470348,35.39
1999-06-14,21.50000032037497,14.957143080021654,7.900000117719173,76.92857257489648,16.600000023841858,35.33
1999-06-21,24.8000003695488,17.400000259280205,10.500000156462193,68.95714388468436,16.600000575184822,35.27
1999-06-28,26.100000388920307,15.34285737148353,6.70000009983778,65.58571526301759,0.9000000059604645,35.24
1999-07-05,35.200000524520874,21.642857465360844,9.80000014603138,66.10000098496675,15.99999976158142,35.19
1999-07-12,30.800000458955765,20.957143169428623,12.4000001847744,64.17142952765737,5.599999964237213,35.14
1999-07-19,34.00000050663948,20.800000309944156,11.000000163912771,60.4428580435259,4.499999940395355,35.07
1999-07-26,28.60000042617321,19.342857431088174,12.10000018030405,65.07142954106841,6.800000190734863,35.02
1999-08-02,29.800000444054604,21.32857174639191,9.00000013411045,48.6428578676922,0.0,34.97
1999-08-09,30.100000448524952,21.87142889733825,13.500000201165676,57.95714372077158,2.7999999299645424,34.92
1999-08-16,26.80000039935112,16.685714534350804,8.00000011920929,66.08571527046817,7.400000020861626,34.87
1999-08-23,24.100000359117985,15.514285945466586,8.50000012665987,73.00000108778477,6.799999952316284,34.83
1999-08-30,26.30000039190054,17.728571692747728,9.3000001385808,66.94285814038345,6.5,34.77
1999-09-06,26.80000039935112,17.614285976759025,7.800000116229057,66.6428581359131,2.399999976158142,34.74
1999-09-13,29.300000436604023,20.428571732980863,12.600000187754633,63.6571438057082,2.0,34.74
1999-09-20,26.50000039488077,17.171428827302798,8.100000120699406,66.91428671138627,2.7999998927116394,34.7
1999-09-27,25.100000374019142,16.78571453584092,10.80000016093254,78.52857259873834,8.600000143051147,34.695
1999-10-04,21.300000317394733,14.100000210106373,9.00000013411045,77.54285829833576,20.49999973922968,34.69
1999-10-11,15.500000230968,11.214285881391593,6.500000096857548,85.9571441380041,11.000000096857548,34.67
1999-10-18,15.400000229477882,7.300000108778477,-0.9000000134110451,81.1857154954757,0.3000000044703483,34.69
1999-10-25,17.30000025779009,7.785714401730469,-0.5000000074505806,77.18571543587106,0.9999999776482582,34.71
1999-11-01,17.100000254809856,10.671428730445248,2.500000037252903,78.15714402177504,7.500000178813935,34.7
1999-11-08,14.800000220537186,7.842857259724822,-0.1000000014901161,86.88571558041232,5.900000214576721,34.73
1999-11-15,8.800000131130219,2.985714330204896,-4.000000059604645,89.58571562064546,9.50000011920929,34.74
1999-11-22,3.500000052154064,-0.1428571449858801,-5.500000081956387,89.24285847267934,13.600000128149986,34.76
1999-11-29,9.500000141561031,3.657142911638533,-6.200000092387199,84.37142982866082,0.800000011920929,34.8
1999-12-06,9.900000147521496,4.514285781553814,-2.500000037252903,81.52857264344182,32.39999983459711,34.83
1999-12-13,11.000000163912771,6.300000093877316,2.200000032782554,81.14285835197994,25.70000004768372,34.9
1999-12-20,5.000000074505806,0.8571428699152809,-2.200000032782554,85.7142869915281,11.799999944865704,34.98
1999-12-27,6.900000102818012,0.7285714394279889,-4.000000059604645,84.0428583951933,19.90000009536743,35.015
2000-01-03,7.000000104308128,2.1571428892867908,-1.700000025331974,91.37142993296897,4.3999999538064,35.05
2000-01-10,7.200000107288361,3.614285768142768,-1.700000025331974,87.11428701238972,3.5,35.12
2000-01-17,8.00000011920929,0.3571428624647004,-5.000000074505806,85.45714413055352,5.600000023841858,35.14
2000-01-24,7.500000111758709,-1.5714285948446818,-9.400000140070915,78.57142974223409,13.199999928474426,35.18
2000-01-31,10.100000150501728,2.3142857487712587,-13.100000195205212,81.4285726419517,26.80000010877848,35.25
2000-02-07,12.500000186264517,6.371428666370256,-1.100000016391277,81.10000120848417,11.099999874830246,35.33
2000-02-14,9.3000001385808,4.414285780063698,-1.5000000223517418,78.98571546269315,22.69999998807907,35.37
2000-02-21,8.900000132620335,1.65714288183621,-2.800000041723252,84.11428696768624,9.299999929964542,35.43
2000-02-28,17.50000026077032,4.042857203100409,-3.9000000581145287,83.40000124275684,8.600000001490116,35.46
2000-03-06,10.000000149011612,4.014285774103233,-0.5000000074505806,76.55714399793318,16.099999763071537,35.5
2000-03-13,11.900000177323818,6.442857238863196,-1.0000000149011612,81.6571440739291,27.100000143051147,35.57
2000-03-20,10.000000149011612,4.042857203100409,-1.80000002682209,76.57142971243177,19.800000190734863,35.61
2000-03-27,15.400000229477882,6.257142950381551,0.5000000074505806,79.08571546418327,5.799999952316284,35.62
2000-04-03,17.30000025779009,7.000000104308128,1.5000000223517418,82.41428694235427,7.200000166893005,35.63
2000-04-10,11.60000017285347,5.285714364477566,-1.3000000193715096,73.74285824171135,0.5,35.61
2000-04-17,21.60000032186508,9.057142992104804,-0.4000000059604645,72.68571536881583,30.10000067949295,35.58
2000-04-24,29.300000436604023,16.65714310535363,8.900000132620335,63.95714381017855,1.9999999776482584,35.64
2000-05-01,28.300000421702865,18.257143129195487,9.400000140070915,63.314286657742095,6.199999809265137,35.53
2000-05-08,27.3000004068017,17.014285967818328,6.500000096857548,47.14285784534046,0.0,35.43
2000-05-15,28.80000042915344,18.14285741320678,5.700000084936619,50.57142932500158,0.3000000119209289,35.33
2000-05-22,30.600000455975533,14.84285736403295,6.500000096857548,69.92857247058835,11.500000029802322,35.23
2000-05-29,21.50000032037497,14.542857359562602,6.200000092387199,67.94285815528461,6.899999767541885,35.14
2000-06-05,29.300000436604023,17.45714311727456,5.200000077486038,63.14285808375904,16.200000286102295,35.06
2000-06-12,32.70000048726797,18.542857419167245,7.000000104308128,59.82857232008661,1.4999999776482582,35.0
2000-06-19,32.80000048875809,18.242857414696896,6.000000089406967,57.82857229028429,6.700000047683716,34.97
2000-06-26,36.20000053942204,19.51428600507123,10.30000015348196,61.32857234243836,3.399999968707561,34.935
2000-07-03,25.00000037252903,14.800000220537186,8.50000012665987,66.95714385488203,5.999999947845936,34.9
2000-07-10,21.80000032484532,16.20000024139881,9.00000013411045,73.61428681122405,9.900000244379044,34.87
2000-07-17,23.000000342726707,15.671428804951054,9.00000013411045,70.20000104606152,15.3999999538064,34.85
2000-07-24,25.30000037699937,15.942857380424227,10.900000162422655,76.12857256297555,6.9999998807907104,34.81
2000-07-31,24.300000362098217,17.30000025779009,13.90000020712614,82.57142980183873,31.70000024139881,34.8
2000-08-07,26.30000039190054,18.042857411716664,10.500000156462193,72.32857250635114,13.200000017881392,34.78
2000-08-14,31.300000466406345,18.50000027567148,8.800000131130219,68.21428673075778,3.1999999284744263,34.77
2000-08-21,29.50000043958425,19.414286003581115,14.100000210106373,78.05714402028492,44.69999933242798,34.81
2000-08-28,23.80000035464764,16.300000242888927,8.100000120699406,69.10000102967024,11.5,34.805
2000-09-04,22.800000339746475,14.942857365523066,8.600000128149986,81.50000121444464,18.60000032186508,34.8
2000-09-11,21.60000032186508,15.328571656984945,8.400000125169754,84.41428697215659,16.699999660253525,34.84
2000-09-18,21.60000032186508,13.914285921624728,7.500000111758709,82.08571550888675,10.900000393390656,34.86
2000-09-25,18.30000027269125,10.914285876921245,4.700000070035458,75.77142970051084,2.5,34.89
2000-10-02,23.300000347197056,16.300000242888927,10.80000016093254,77.35714400985411,7.300000071525574,34.88
2000-10-09,19.60000029206276,11.928571606320997,7.300000108778477,89.74285848012993,12.20000010728836,34.91
2000-10-16,19.10000028461218,12.200000181794168,6.70000009983778,85.37142984356198,4.700000077486038,34.94
2000-10-23,17.80000026524067,10.885714447924068,5.500000081956387,84.07142982419047,1.600000023841858,34.95
2000-10-30,16.100000239908695,11.500000171363354,5.700000084936619,76.40000113844872,2.0000000298023224,34.95
2000-11-06,15.800000235438349,7.571428684251649,1.3000000193715096,79.8857154761042,6.600000143051148,34.97
2000-11-13,13.600000202655792,7.900000117719173,2.3000000342726707,74.52857253913369,1.9999999701976776,34.98
2000-11-20,10.500000156462193,5.385714365967682,0.5000000074505806,86.10000128298998,12.30000002682209,35.01
2000-11-27,9.600000143051147,5.671428655939443,1.80000002682209,90.32857277457204,7.200000047683716,35.01
2000-12-04,13.40000019967556,6.571428669350488,1.100000016391277,91.00000135600568,2.9000001028180127,35.01
2000-12-11,11.000000163912771,6.471428667860372,1.5000000223517418,87.81428702282054,8.799999713897705,35.02
2000-12-18,13.800000205636024,6.214285806885788,0.0,84.05714410969189,19.10000026226044,35.04
2000-12-25,2.600000038743019,-1.9285714573093824,-6.200000092387199,85.30000127106905,7.700000166893005,35.07
2001-01-01,1.100000016391277,-0.9428571569068092,-6.70000009983778,87.67142987783465,12.59999992698431,35.12
2001-01-08,9.80000014603138,3.52857148115124,-1.0000000149011612,88.37142988826547,14.400000393390656,35.16
2001-01-15,4.700000070035458,-0.3285714334675244,-4.500000067055225,89.35714418866804,0.0,35.21
2001-01-22,1.100000016391277,-1.757142883326326,-6.200000092387199,86.35714414396456,2.099999964237213,35.25
2001-01-29,8.100000120699406,2.6857143257345477,-1.5000000223517418,91.45714421996048,24.199999824166294,35.32
2001-02-05,5.500000081956387,-1.5714285948446818,-9.900000147521496,86.3142870004688,19.000000290572643,35.36
2001-02-12,13.40000019967556,6.514285811356136,-2.7000000402331352,80.18571548057454,7.799999959766865,35.41
2001-02-19,9.500000141561031,2.3285714632698467,-4.700000070035458,85.85714413651398,7.199999809265137,35.55
2001-02-26,7.900000117719173,-0.4000000059604645,-9.00000013411045,80.828572633011,14.799999743700027,35.55
2001-03-05,5.500000081956387,-0.2857142899717603,-8.00000011920929,81.20000120997429,4.100000113248825,35.55
2001-03-12,14.100000210106373,7.200000107288361,-6.000000089406967,79.7571440456169,6.899999916553497,35.57
2001-03-19,10.900000162422655,3.7857143421258246,-0.2000000029802322,85.02857269559588,19.1999996304512,35.63
2001-03-26,4.000000059604645,0.1000000014901161,-6.200000092387199,81.48571549994605,15.20000022649765,35.615
2001-04-02,19.80000029504299,6.228571521384375,-4.000000059604645,71.45714392193726,1.30000002682209,35.6
2001-04-09,19.60000029206276,8.657142986144338,3.1000000461936,77.44285829684564,11.199999690055847,35.67
2001-04-16,13.90000020712614,4.557142925049577,-2.0000000298023224,78.88571546120303,9.200000025331974,35.66
2001-04-23,10.100000150501728,5.128571504993098,-1.3000000193715096,77.74285830131599,7.799999862909317,35.62
2001-04-30,25.30000037699937,12.057143036808286,1.80000002682209,69.8571438980954,10.700000166893004,35.58
2001-05-07,28.00000041723252,13.057143051709447,5.500000081956387,71.45714392193726,19.30000042915344,35.54
2001-05-14,25.700000382959843,15.842857378934111,6.70000009983778,57.87142943378006,0.0,35.49
2001-05-21,22.600000336766243,13.528571630162851,4.200000062584877,72.20000107586384,9.799999833106996,35.42
2001-05-28,24.100000359117985,16.2142859558974,5.500000081956387,59.75714374759367,4.799999907612801,35.365
2001-06-04,21.300000317394733,12.800000190734863,7.200000107288361,77.82857258830752,19.299999594688416,35.31
2001-06-11,19.80000029504299,12.442857328270165,6.70000009983778,78.01428687678916,15.39999993145466,35.28
2001-06-18,23.500000350177288,15.20000022649765,4.200000062584877,75.61428684102637,13.000000059604645,35.24
2001-06-25,22.800000339746475,15.085714510508948,7.500000111758709,75.78571541500943,9.299999713897703,35.18
2001-07-02,28.00000041723252,18.87142885263477,9.00000013411045,70.8142867695008,12.199999809265137,35.21
2001-07-09,30.70000045746565,21.75714318134955,10.000000149011612,66.62857242141452,6.799999892711639,35.06
2001-07-16,24.100000359117985,17.271428828792914,11.800000175833702,72.7285725123116,24.49999964237213,35.0
2001-07-23,29.200000435113907,18.88571456713336,9.100000135600569,66.85714385339192,4.5,34.97
2001-07-30,31.500000469386578,22.74285748175212,13.100000195205212,61.757143777396,18.90000033378601,34.93
2001-08-06,29.50000043958425,18.185714556702543,9.80000014603138,73.200001090765,18.099999859929085,34.93
2001-08-13,24.100000359117985,17.042857396815503,9.600000143051147,76.15714399197272,24.399999737739563,34.91
2001-08-20,34.20000050961971,21.58571460736649,14.000000208616257,74.32857253615346,10.500000096857548,34.89
2001-08-27,32.100000478327274,21.61428603636367,13.000000193715096,71.35714392044714,9.899999618530272,34.86
2001-09-03,23.100000344216824,16.12857166890587,9.600000143051147,76.37142970945153,9.10000017285347,34.83
2001-09-10,18.6000002771616,13.18571448219674,8.100000120699406,85.02857269559588,54.69999871402979,34.89
2001-09-17,17.600000262260437,11.942857320819584,8.00000011920929,86.92857272390809,20.599999502301216,35.02
2001-09-24,17.600000262260437,11.985714464315349,6.500000096857548,86.2000012844801,49.299999214708805,35.13
2001-10-01,18.80000028014183,12.642857331250395,6.500000096857548,89.64285847863981,21.500000193715096,35.22
2001-10-08,21.300000317394733,14.214285926095076,7.300000108778477,85.6000012755394,9.099999904632568,35.3
2001-10-15,22.100000329315662,14.528571645064014,7.200000107288361,81.97142979289804,3.900000095367432,35.33
2001-10-22,19.30000028759241,12.000000178813934,7.700000114738941,88.62857274924006,6.099999904632568,35.33
2001-10-29,15.800000235438349,9.885714433022908,3.700000055134296,87.88571559531348,9.099999733269216,35.32
2001-11-05,18.30000027269125,9.87142871852432,2.600000038743019,76.84285828790495,3.7000000178813934,35.39
2001-11-12,9.00000013411045,4.228571491582053,-3.9000000581145287,86.88571558041232,19.50000012665987,35.39
2001-11-19,8.300000123679638,3.228571476680892,-4.200000062584877,89.04285846969911,0.4000000059604644,35.39
2001-11-26,9.500000141561031,2.6714286112359598,-3.6000000536441803,86.38571557296174,12.19999983906746,35.405
2001-12-03,5.900000087916851,1.87142859931503,-1.100000016391277,90.15714420058896,7.800000071525574,35.42
2001-12-10,7.800000116229057,2.0714286022952626,-4.000000059604645,90.91428706901414,13.200000204145908,35.46
2001-12-17,5.500000081956387,-0.5000000074505806,-11.500000171363354,84.77142983462129,3.800000011920929,35.5
2001-12-24,4.700000070035458,-1.5000000223517418,-8.600000128149986,82.18571551037687,30.299999982118607,35.54
2001-12-31,4.500000067055225,-0.1285714304872921,-7.400000110268593,83.2285726687738,15.400000423192978,35.67
2002-01-07,3.200000047683716,-2.514285751751491,-12.500000186264517,81.64285835943052,4.800000004470348,35.69
2002-01-14,1.100000016391277,-0.9000000134110451,-4.500000067055225,93.08571567279952,3.300000049173832,35.7
2002-01-21,9.80000014603138,1.4000000208616257,-7.300000108778477,86.95714415290526,12.600000359117985,35.74
2002-01-28,14.500000216066836,7.642857256744589,1.600000023841858,74.77142968560968,24.1999996304512,35.8
2002-02-04,16.100000239908695,9.3000001385808,3.500000052154064,68.71428673820836,3.00000011920929,35.86
2002-02-11,13.300000198185444,8.385714410671167,4.000000059604645,80.90000120550394,38.700000859797,35.89
2002-02-18,12.4000001847744,2.714285754731723,-5.500000081956387,73.81428681420428,3.899999976158142,35.93
2002-02-25,8.600000128149986,1.671428596334798,-3.500000052154064,81.57142978693757,39.29999962449074,35.97
2002-03-04,11.900000177323818,4.800000071525574,-2.800000041723252,76.9000011458993,15.199999824166298,36.06
2002-03-11,14.900000222027302,7.014285818806717,2.800000041723252,73.62857252572265,25.299999713897705,36.03
2002-03-18,18.100000269711018,5.714285799435207,-0.5000000074505806,79.65714404412678,10.499999716877936,36.0
2002-03-25,12.300000183284284,4.142857204590525,-0.2000000029802322,80.34285834005901,10.800000190734863,35.96
2002-04-01,18.30000027269125,6.27142866488014,-3.700000055134296,63.357143801237854,0.0,35.86
2002-04-08,18.0000002682209,5.885714373418263,-4.200000062584877,58.08571515125888,0.0,35.79
2002-04-15,14.40000021457672,8.400000125169754,-2.500000037252903,77.8428583028061,22.0,35.74
2002-04-22,18.50000027567148,8.914285847118922,1.700000025331974,80.50000119954348,18.800000190734863,35.84
2002-04-29,17.80000026524067,10.51428587096078,1.80000002682209,78.84285831770727,13.699999690055847,35.78
2002-05-06,19.10000028461218,12.271428754287106,6.500000096857548,81.27142978246722,20.0,35.79
2002-05-13,26.50000039488077,16.71428596334798,8.300000123679638,69.05714388617447,10.699999809265137,35.7
2002-05-20,23.500000350177288,15.042857367013182,4.500000067055225,72.20000107586384,6.9000000059604645,35.68
2002-05-27,26.80000039935112,16.80000025033951,8.100000120699406,75.17142969157014,23.50000047683716,35.635
2002-06-03,23.300000347197056,15.42857165847506,6.500000096857548,68.94285817018577,2.999999910593033,35.59
2002-06-10,27.3000004068017,17.757143121744907,10.500000156462193,74.94285825959274,9.40000019222498,35.53
2002-06-17,27.80000041425228,16.971428824322565,11.30000016838312,76.68571542842048,5.400000035762787,35.49
2002-06-24,33.10000049322844,19.94285744002887,10.000000149011612,68.74285816720554,34.09999895095825,35.52
2002-07-01,23.80000035464764,15.77142880644117,9.3000001385808,69.628572466118,19.400000035762787,35.53
2002-07-08,29.200000435113907,17.385714544781617,9.00000013411045,73.685715383717,7.999999791383743,35.5
2002-07-15,33.10000049322844,20.60000030696392,11.400000169873238,65.67142955000911,15.800000317394732,35.26
2002-07-22,26.80000039935112,17.50000026077032,12.10000018030405,82.28571551186698,18.399999976158146,35.25
2002-07-29,32.00000047683716,18.785714565643243,12.300000183284284,73.47142966623817,8.099999904632568,35.17
2002-08-05,32.50000048428774,21.58571460736649,12.800000190734863,74.9857154030885,42.00000029802322,35.18
2002-08-12,27.700000412762165,19.842857438538758,15.100000225007534,81.24285835347006,48.699998766183846,35.4
2002-08-19,29.200000435113907,20.22857173000063,13.600000202655792,77.75714401581457,14.699999988079073,35.35
2002-08-26,28.700000427663326,21.44285746238061,13.90000020712614,64.8571438235896,1.2000000476837158,35.265
2002-09-02,29.000000432133675,20.000000298023224,9.00000013411045,70.08571533007282,0.0,35.18
2002-09-09,27.000000402331352,19.057143141116416,10.500000156462193,67.67142957981143,0.0,35.11
2002-09-16,26.50000039488077,15.742857377443997,6.000000089406967,72.74285822681018,3.3999999538064003,35.08
2002-09-23,19.000000283122063,12.471428757267338,6.000000089406967,81.9000012204051,39.0999990478158,35.05
2002-09-30,18.0000002682209,10.58571444345372,0.800000011920929,79.50000118464231,1.7999999672174454,35.19
2002-10-07,19.60000029206276,10.785714446433952,2.7000000402331352,82.20000122487545,30.499999538064007,35.27
2002-10-14,11.000000163912771,4.957142931010042,0.5000000074505806,79.1571440366762,16.599999964237213,35.3
2002-10-21,16.50000024586916,7.700000114738941,1.100000016391277,86.37142985846315,13.099999874830246,35.36
2002-10-28,16.300000242888927,8.928571561617511,1.100000016391277,82.6142869453345,36.400000512599945,35.42
2002-11-04,10.80000016093254,5.157142933990274,-0.2000000029802322,82.35714408435992,10.000000052154064,35.48
2002-11-11,7.700000114738941,1.2857143048729216,-5.000000074505806,83.2142869542752,19.10000026226044,35.53
2002-11-18,11.500000171363354,7.200000107288361,1.700000025331974,87.80000130832195,7.700000241398811,35.63
2002-11-25,7.900000117719173,2.9428571867091318,-3.700000055134296,91.2000013589859,7.399999797344208,35.64
2002-12-02,9.80000014603138,5.414285794964859,1.80000002682209,91.97142994190963,17.50000038743019,35.78
2002-12-09,5.200000077486038,-2.514285751751491,-9.80000014603138,81.38571549845594,0.3000000119209289,35.81
2002-12-16,0.5000000074505806,-5.542857225452151,-11.900000177323818,79.38571546865361,1.2000000476837158,35.73
2002-12-23,0.9000000134110451,-1.4000000208616257,-5.200000077486038,88.75714417972735,0.7000000104308128,35.68
2002-12-30,6.800000101327896,0.828571440918105,-5.000000074505806,76.82857257340636,8.200000062584877,35.66
2003-01-06,6.70000009983778,-3.0285714737006595,-11.500000171363354,87.24285844287702,29.499999940395355,35.82
2003-01-13,2.600000038743019,-6.5571429548519,-16.100000239908695,89.78571562362569,6.900000050663948,35.84
2003-01-20,8.800000131130219,4.014285774103233,-0.6000000089406967,81.4285726419517,1.6000000312924385,35.86
2003-01-27,9.400000140070915,3.642857197139944,-1.700000025331974,87.07142986889396,5.499999977648258,35.845
2003-02-03,9.100000135600569,-0.9285714424082212,-11.400000169873238,90.9571442125099,12.799999862909315,35.83
2003-02-10,2.600000038743019,-1.5714285948446818,-6.400000095367432,84.5285726881453,4.999999910593033,35.79
2003-02-17,2.200000032782554,-4.114285775593349,-11.400000169873238,73.87142967219863,0.3000000044703483,35.76
2003-02-24,8.300000123679638,-0.5000000074505806,-9.3000001385808,82.82857266281333,0.1000000014901161,35.68
2003-03-03,10.600000157952309,1.1142857308898653,-6.000000089406967,73.40000109374523,1.600000061094761,35.65
2003-03-10,13.500000201165676,3.5857143391455923,-3.200000047683716,79.81428690361125,8.399999931454659,35.64
2003-03-17,12.500000186264517,4.242857206080641,-3.1000000461936,80.1285726225802,13.0,35.71
2003-03-24,17.80000026524067,3.642857197139944,-4.90000007301569,60.342858042035786,0.2000000029802322,35.68
2003-03-31,16.800000250339508,8.042857262705054,-1.0000000149011612,72.78571537030595,1.399999976158142,35.66
2003-04-07,15.000000223517418,4.571428639548166,-3.1000000461936,68.67142959471259,9.000000037252903,35.6
2003-04-14,17.600000262260437,4.185714348086289,-5.700000084936619,63.27142951424633,1.100000023841858,35.58
2003-04-21,21.000000312924385,12.0428573223097,3.6000000536441803,51.24285790643522,0.5,35.53
2003-04-28,21.1000003144145,13.600000202655792,4.000000059604645,58.18571515274899,2.600000001490116,35.47
2003-05-05,29.300000436604023,15.328571656984945,5.200000077486038,63.34285808673927,8.800000190734863,35.4
2003-05-12,26.200000390410423,15.528571659965175,6.400000095367432,63.62857237671103,15.399999856948853,35.36
2003-05-19,20.30000030249357,11.82857160483088,2.600000038743019,75.62857255552497,9.00000013411045,35.3
2003-05-26,28.80000042915344,16.514285960367747,7.300000108778477,67.9571438697832,3.100000061094761,35.245
2003-06-02,29.60000044107437,19.500000290572643,9.500000141561031,54.41428652512176,0.0,35.19
2003-06-09,33.10000049322844,22.11428604381425,11.60000017285347,57.48571514231818,14.300000190734863,35.13
2003-06-16,27.200000405311584,19.242857429598057,9.00000013411045,58.50000087171793,0.1000000014901161,35.05
2003-06-23,26.80000039935112,17.385714544781617,10.000000149011612,67.25714385935238,16.19999995827675,35.01
2003-06-30,28.300000421702865,18.700000278651714,10.000000149011612,62.685715219804216,0.2000000029802322,34.95
2003-07-07,23.100000344216824,16.87142882283245,12.90000019222498,77.21428686486823,13.899999856948853,34.9
2003-07-14,27.700000412762165,18.328571701688425,10.500000156462193,67.27142957385097,6.599999845027924,34.87
2003-07-21,32.70000048726797,23.77142892565046,14.100000210106373,60.70000090450048,4.100000001490116,34.83
2003-07-28,33.20000049471855,21.542857463870728,16.50000024586916,71.75714392640761,15.599999606609344,34.815
2003-08-04,31.000000461936,23.04285748622247,13.300000198185444,63.28571522874491,0.0,34.8
2003-08-11,32.70000048726797,22.957143199230945,13.800000205636024,51.97142934586321,0.0,34.75
2003-08-18,35.10000052303076,21.014286027422973,8.900000132620335,57.12857227985348,6.300000101327896,34.7
2003-08-25,25.700000382959843,18.685714564153127,10.400000154972076,68.92857245568719,4.30000002682209,34.68
2003-09-01,24.300000362098217,15.028571652514596,8.900000132620335,73.00000108778477,22.89999981224537,34.66
2003-09-08,25.30000037699937,15.542857374463765,6.000000089406967,67.08571528536933,1.400000050663948,34.63
2003-09-15,21.60000032186508,14.84285736403295,8.900000132620335,82.94285837880203,35.50000011920929,34.7
2003-09-22,29.50000043958425,17.985714553722314,10.000000149011612,68.51428673522813,0.0,34.67
2003-09-29,20.10000029951334,12.028571607811111,3.6000000536441803,72.2428582193596,10.20000010728836,34.65
2003-10-06,17.30000025779009,10.214285866490432,4.000000059604645,84.95714412310294,12.799999967217444,34.68
2003-10-13,14.300000213086603,8.971428705113274,0.5000000074505806,83.58571553123849,13.900000035762789,34.7
2003-10-20,11.500000171363354,4.357142922069345,-3.1000000461936,78.88571546120303,0.0,34.72
2003-10-27,7.000000104308128,1.9285714573093824,-5.500000081956387,81.97142979289804,10.000000059604645,34.735
2003-11-03,14.000000208616257,6.314285808375904,-2.3000000342726707,83.72857267622437,13.299999959766865,34.75
2003-11-10,12.500000186264517,4.957142931010042,1.0000000149011612,86.57142986144338,0.0,34.76
2003-11-17,9.500000141561031,2.8285714707204277,-4.000000059604645,86.41428700195891,12.399999812245367,34.81
2003-11-24,14.100000210106373,9.528571570558208,4.000000059604645,86.40000128746033,7.499999813735485,34.86
2003-12-01,11.800000175833702,6.9428572463137765,2.500000037252903,92.62857280884472,10.800000302493572,34.9
2003-12-08,8.400000125169754,3.300000049173832,-4.700000070035458,84.65714411863259,5.299999907612801,34.9
2003-12-15,10.900000162422655,2.500000037252903,-3.000000044703484,83.60000124573708,32.600000739097595,34.95
2003-12-22,8.300000123679638,3.1000000461936,-2.3000000342726707,81.98571550739663,9.100000083446504,35.04
2003-12-29,7.500000111758709,2.057142887796674,-7.000000104308128,75.51428683953625,0.4000000059604645,35.11
2004-01-05,4.400000065565109,-2.8142857562218397,-9.600000143051147,82.55714408734015,0.2000000029802322,35.14
2004-01-12,7.400000110268593,1.2000000178813934,-10.400000154972076,91.35714421847037,19.69999972730875,35.18
2004-01-19,6.400000095367432,2.528571466250079,-2.600000038743019,89.42857276116099,44.40000021457672,35.33
2004-01-26,2.1000000312924385,-4.985714360007218,-11.000000163912771,79.68571547312396,2.200000077486038,35.39
2004-02-02,10.30000015348196,1.7285714543291502,-6.000000089406967,87.35714415886572,26.90000013262033,35.45
2004-02-09,14.900000222027302,8.128571549696582,-1.5000000223517418,83.02857266579356,22.90000009536743,35.63
2004-02-16,6.000000089406967,1.0142857293997494,-6.800000101327896,89.24285847267934,11.299999810755253,35.74
2004-02-23,5.900000087916851,1.028571443898337,-5.500000081956387,67.41428671883685,0.2000000029802322,35.77
2004-03-01,4.500000067055225,-0.7000000104308128,-6.500000096857548,81.71428693192345,4.699999928474426,35.7
2004-03-08,6.000000089406967,0.3714285769632883,-5.900000087916851,74.25714396366051,1.80000002682209,35.68
2004-03-15,14.40000021457672,5.4000000804662704,0.2000000029802322,76.92857257489648,3.6000000536441803,35.65
2004-03-22,20.30000030249357,10.428571583969251,4.000000059604645,76.02857256148543,15.40000043064356,35.63
2004-03-29,12.600000187754633,3.971428630607469,-5.200000077486038,74.25714396366051,0.0,35.58
2004-04-05,16.800000250339508,9.200000137090685,1.100000016391277,62.72857236329998,5.200000047683716,35.55
2004-04-12,12.800000190734863,5.557142939950738,-2.200000032782554,82.47142980034862,14.90000021457672,35.54
2004-04-19,20.000000298023224,11.257143024887355,-0.2000000029802322,63.97142952467714,7.9999998807907104,35.5
2004-04-26,21.1000003144145,11.52857160036053,3.200000047683716,72.25714393385819,5.40000007301569,35.48
2004-05-03,24.00000035762787,14.942857365523066,7.000000104308128,59.05714373716286,2.0000000596046448,35.46
2004-05-10,21.80000032484532,13.600000202655792,5.900000087916851,79.98571547759431,17.40000030398369,35.47
2004-05-17,18.30000027269125,11.628571601850648,1.0000000149011612,78.22857259426799,1.900000013411045,35.43
2004-05-24,22.100000329315662,11.342857311878886,2.500000037252903,67.80000101029873,7.100000001490116,35.37
2004-05-31,24.8000003695488,13.457143057669912,2.7000000402331352,62.64285807630846,4.700000084936619,35.32
2004-06-07,24.300000362098217,16.142857383404458,8.50000012665987,68.77142959620271,8.399999812245369,35.26
2004-06-14,25.50000037997961,16.842857393835274,9.100000135600569,76.01428684698683,16.400000013411045,35.23
2004-06-21,24.00000035762787,14.11428592460496,6.000000089406967,72.64285822532007,20.90000020712614,35.18
2004-06-28,22.30000033229589,15.41428594397647,8.600000128149986,72.97142965878759,9.100000083446504,35.15
2004-07-05,22.600000336766243,15.41428594397647,9.3000001385808,73.40000109374523,18.499999836087227,35.14
2004-07-12,24.600000366568565,16.242857384894574,8.00000011920929,72.05714393087796,31.49999952316284,35.14
2004-07-19,28.80000042915344,17.885714552232198,11.500000171363354,76.50000113993883,32.00000011920929,35.2
2004-07-26,27.60000041127205,18.357143130685603,11.000000163912771,79.55714404263666,22.00000011920929,35.21
2004-08-02,29.200000435113907,19.02857171211924,9.400000140070915,67.04285814187357,0.0,35.22
2004-08-09,30.300000451505184,22.628571765763414,13.500000201165676,57.67142943079983,0.0,35.11
2004-08-16,31.500000469386578,21.1000003144145,10.100000150501728,67.6000010073185,16.199999690055847,35.07
2004-08-23,28.60000042617321,18.785714565643243,7.000000104308128,68.55714387872389,4.000000052154064,35.03
2004-08-30,24.100000359117985,16.185714526900224,11.800000175833702,83.60000124573708,39.60000002384186,35.0
2004-09-06,26.100000388920307,16.65714310535363,8.50000012665987,71.31428677695138,5.5,35.02
2004-09-13,24.600000366568565,15.614285946956702,5.000000074505806,66.57142956342015,5.199999809265137,34.99
2004-09-20,23.600000351667404,14.671428790049893,6.200000092387199,66.2714295589498,6.300000071525574,34.96
2004-09-27,16.800000250339508,11.685714459844998,8.400000125169754,83.85714410671166,20.90000009536743,34.975
2004-10-04,19.500000290572643,12.285714468785695,7.000000104308128,84.41428697215659,12.5999998152256,34.99
2004-10-11,24.100000359117985,10.257143009986196,-0.2000000029802322,79.17142975117478,2.500000096857548,34.99
2004-10-18,13.100000195205212,7.471428682761533,1.100000016391277,79.34285832515785,14.800000429153442,35.0
2004-10-25,20.30000030249357,11.614285887352056,1.100000016391277,77.27142972286258,4.699999995529652,35.02
2004-11-01,13.500000201165676,9.957143005515848,5.700000084936619,87.84285845181772,11.19999972730875,35.02
2004-11-08,14.000000208616257,7.600000113248825,-0.5000000074505806,85.21428698407752,5.099999994039536,35.07
2004-11-15,7.200000107288361,3.271428620176656,-2.500000037252903,90.21428705858332,11.899999812245367,35.17
2004-11-22,11.500000171363354,4.414285780063698,-1.80000002682209,87.40000130236149,35.0,35.2
2004-11-29,9.500000141561031,2.971428615706308,-2.800000041723252,86.68571557743209,5.10000005364418,35.28
2004-12-06,7.800000116229057,3.657142911638533,-0.2000000029802322,89.35714418866804,0.0,35.33
2004-12-13,7.500000111758709,2.6714286112359598,-5.200000077486038,89.84285848162004,0.1000000014901161,35.35
2004-12-20,6.500000096857548,0.828571440918105,-4.500000067055225,83.9285726792046,5.399999916553497,35.37
2004-12-27,9.00000013411045,2.2142857472811426,-6.000000089406967,86.95714415290526,19.40000009536743,35.4
2005-01-03,7.500000111758709,3.6000000536441803,-1.0000000149011612,86.80000129342079,19.90000031143427,35.43
2005-01-10,13.800000205636024,7.471428682761533,3.6000000536441803,74.88571540159839,2.5000000074505806,35.49
2005-01-17,9.900000147521496,3.685714340635709,-2.800000041723252,82.58571551633733,2.200000047683716,35.48
2005-01-24,6.000000089406967,2.1000000312924385,-1.80000002682209,86.50000128895044,28.89999959617853,35.54
2005-01-31,6.000000089406967,-1.9142857428107944,-8.50000012665987,88.8142870377217,12.500000357627869,35.59
2005-02-07,5.200000077486038,0.1857142884816442,-7.500000111758709,77.78571544481176,0.5000000149011612,35.63
2005-02-14,10.30000015348196,1.4571428788559777,-6.900000102818012,80.71428691702229,28.800000339746475,35.71
2005-02-21,3.000000044703484,-0.3857142914618764,-5.700000084936619,82.48571551484721,2.999999985098839,35.71
2005-02-28,1.3000000193715096,-2.1714286037853787,-12.500000186264517,86.57142986144338,17.500000551342964,35.73
2005-03-07,2.0000000298023224,-2.842857185219015,-7.400000110268593,75.5857154120292,3.499999962747097,35.68
2005-03-14,6.500000096857548,0.814285726419517,-7.800000116229057,80.21428690957171,11.300000250339508,35.75
2005-03-21,17.30000025779009,6.328571522874491,-4.90000007301569,68.30000101774931,4.800000101327896,35.74
2005-03-28,18.0000002682209,8.471428697662693,-2.200000032782554,74.85714397260121,1.0999999791383743,35.68
2005-04-04,20.60000030696392,8.400000125169754,-1.600000023841858,46.12857211594071,0.0,35.62
2005-04-11,15.800000235438349,8.042857262705054,0.2000000029802322,73.70000109821558,12.70000010728836,35.64
2005-04-18,21.300000317394733,12.928571621222156,3.1000000461936,67.37142957534108,0.0,35.58
2005-04-25,15.100000225007534,7.200000107288361,-3.700000055134296,50.914286472967696,0.0,35.51
2005-05-02,31.10000046342612,14.228571640593666,3.500000052154064,63.14285808375904,8.899999797344208,35.47
2005-05-09,23.000000342726707,10.385714440473487,3.500000052154064,79.20000118017197,25.200000166893005,35.45
2005-05-16,17.80000026524067,9.328571567577976,2.0000000298023224,78.62857260022845,30.999999910593036,35.49
2005-05-23,23.80000035464764,13.057143051709447,1.3000000193715096,70.40000104904175,7.500000059604645,35.51
2005-05-30,33.00000049173832,19.657143150057117,9.900000147521496,63.985715239175725,11.2999999076128,35.4
2005-06-06,26.00000038743019,13.628571631652967,4.400000065565109,73.25714394875935,18.50000035762787,35.33
2005-06-13,20.000000298023224,11.45714302786759,4.90000007301569,72.7285725123116,13.300000011920927,35.32
2005-06-20,26.700000397861004,18.685714564153127,6.70000009983778,67.50000100582838,3.0,35.23
2005-06-27,32.80000048875809,20.3857145894851,11.000000163912771,61.52857234541859,11.00000023841858,35.185
2005-07-04,29.000000432133675,19.042857426617825,9.900000147521496,63.9000009521842,27.799999602139,35.14
2005-07-11,28.300000421702865,16.885714537331037,11.000000163912771,81.85714407690934,68.30000162124634,35.14
2005-07-18,30.800000458955765,20.714286022952624,11.500000171363354,64.82857239459243,7.199999809265137,35.42
2005-07-25,25.80000038444996,16.514285960367747,11.60000017285347,79.57142975713525,44.30000074207783,35.44
2005-08-01,29.50000043958425,19.900000296533108,11.000000163912771,75.5714296975306,23.399999335408207,35.42
2005-08-08,22.000000327825543,15.000000223517418,7.400000110268593,79.31428689616067,24.700000263750557,35.42
2005-08-15,23.100000344216824,14.97142879452024,10.500000156462193,80.68571548802512,16.400000408291817,35.43
2005-08-22,28.300000421702865,19.185714571603707,9.400000140070915,71.34285820594856,10.800000190734863,35.4
2005-08-29,27.10000040382147,16.600000247359276,9.3000001385808,76.3000011369586,6.799999929964542,35.31
2005-09-05,27.700000412762165,18.528571704668657,8.00000011920929,66.24285812995264,0.0,35.22
2005-09-12,29.200000435113907,19.614286006561347,10.80000016093254,73.47142966623817,16.59999966621399,35.2
2005-09-19,20.80000030994416,12.800000190734863,3.000000044703484,79.68571547312396,18.40000057220459,35.21
2005-09-26,23.300000347197056,14.671428790049893,8.00000011920929,79.05714403518608,2.200000047683716,35.205
2005-10-03,20.60000030696392,11.928571606320997,5.700000084936619,87.08571558339256,16.30000001192093,35.2
2005-10-10,20.30000030249357,13.914285921624728,8.100000120699406,78.94285831919738,0.0,35.18
2005-10-17,19.000000283122063,10.100000150501728,-0.2000000029802322,78.3285725957581,0.0,35.15
2005-10-24,17.30000025779009,9.900000147521496,0.4000000059604645,85.02857269559588,18.399999856948853,35.15
2005-10-31,18.50000027567148,11.52857160036053,5.4000000804662704,77.08571543438094,3.299999952316284,35.16
2005-11-07,16.600000247359276,9.185714422592095,1.5000000223517418,87.44285844585725,7.700000017881393,35.17
2005-11-14,13.100000195205212,7.700000114738941,0.6000000089406967,87.70000130683184,1.199999988079071,35.21
2005-11-21,6.70000009983778,2.2142857472811426,-1.3000000193715096,92.70000138133764,13.0,35.24
2005-11-28,5.200000077486038,0.5428571509463447,-5.000000074505806,86.5571441469448,4.700000062584877,35.24
2005-12-05,6.900000102818012,1.2428571613771575,-3.000000044703484,87.45714416035584,1.400000050663948,35.26
2005-12-12,7.500000111758709,1.8285714558192665,-2.1000000312924385,93.60000139474867,0.7000000104308127,35.28
2005-12-19,7.800000116229057,2.357142892267023,-3.200000047683716,91.25714421698024,19.49999972432852,35.33
2005-12-26,8.100000120699406,3.357142907168184,-1.100000016391277,89.92857276861157,18.099999606609344,35.39
2006-01-02,4.200000062584877,-2.1285714602896144,-10.500000156462193,89.98571562660592,16.49999964237213,35.45
2006-01-09,1.700000025331974,-1.80000002682209,-8.900000132620335,87.90000130981207,0.0,35.48
2006-01-16,3.700000055134296,-2.0857143167938506,-8.400000125169754,85.88571556551116,0.699999988079071,35.52
2006-01-23,3.6000000536441803,-5.114285790494511,-17.30000025779009,83.3428583847625,18.49999988079071,35.52
2006-01-30,0.9000000134110451,-6.928571531815188,-17.00000025331974,74.67142968411956,0.1000000014901161,35.48
2006-02-06,1.5000000223517418,-2.385714321264199,-12.4000001847744,86.68571557743209,10.0,35.59
2006-02-13,5.000000074505806,1.2000000178813934,-2.7000000402331352,90.17142991508756,18.39999982714653,35.71
2006-02-20,8.800000131130219,2.285714319774083,-5.200000077486038,88.75714417972735,9.89999993145466,35.81
2006-02-27,3.700000055134296,-0.9000000134110451,-8.600000128149986,77.1428582923753,0.5000000074505806,35.82
2006-03-06,4.700000070035458,-0.814285726419517,-10.100000150501728,81.32857264046159,5.700000122189522,35.77
2006-03-13,2.7000000402331352,-2.0857143167938506,-11.500000171363354,84.14285839668342,10.700000263750551,35.73
2006-03-20,4.000000059604645,-0.2000000029802323,-10.500000156462193,82.51428694384438,0.2000000029802322,35.75
2006-03-27,17.600000262260437,3.6000000536441803,-5.200000077486038,75.30000112205744,23.399999976158146,35.84
2006-04-03,16.300000242888927,9.3000001385808,1.600000023841858,79.62857261512961,18.700000166893005,35.93
2006-04-10,15.300000227987766,5.600000083446503,-0.6000000089406967,70.11428675906998,5.100000016391277,35.9
2006-04-17,15.100000225007534,7.500000111758709,-0.4000000059604645,78.51428688423974,12.800000190734863,35.81
2006-04-24,19.60000029206276,11.000000163912771,4.200000062584877,75.97142970349107,5.799999952316284,35.75
2006-05-01,22.30000033229589,10.94285730591842,3.200000047683716,72.8428582283003,11.900000102818012,35.68
2006-05-08,24.300000362098217,16.257143099393165,6.200000092387199,51.00000075995922,0.0,35.62
2006-05-15,25.700000382959843,15.242857369993414,2.7000000402331352,56.34285798243114,0.400000013411045,35.53
2006-05-22,24.100000359117985,14.12857163910355,8.800000131130219,77.1428582923753,17.600000381469727,35.47
2006-05-29,17.80000026524067,11.82857160483088,5.200000077486038,77.0285725763866,23.30000004172325,35.42
2006-06-05,19.000000283122063,10.700000159442425,3.700000055134296,78.64285831472704,13.299999989569187,35.39
2006-06-12,29.300000436604023,17.07142882581268,6.000000089406967,63.82857237969126,3.900000095367432,35.33
2006-06-19,31.20000046491623,20.88571459693568,13.000000193715096,68.04285815677473,23.7999999076128,35.29
2006-06-26,32.20000047981739,21.142857457910264,10.30000015348196,66.21428670095545,7.0000001192092896,35.245
2006-07-03,29.50000043958425,19.6714288645557,12.000000178813934,58.8857151631798,0.1000000014901161,35.2
2006-07-10,33.80000050365925,23.257143203701293,13.800000205636024,60.74285804799625,30.100000202655792,35.14
2006-07-17,31.10000046342612,21.485714605876375,10.80000016093254,60.54285804501602,1.5,35.08
2006-07-24,35.80000053346157,25.1571432320135,13.40000019967556,52.58571506930249,0.0,35.02
2006-07-31,34.60000051558018,24.0857146446194,16.100000239908695,58.62857230220522,4.899999834597111,34.93
2006-08-07,26.80000039935112,18.74285742214748,12.300000183284284,72.01428678738219,32.09999968111515,34.9
2006-08-14,23.600000351667404,16.485714531370572,10.600000157952309,77.30000115185976,11.799999609589577,34.87
2006-08-21,27.700000412762165,18.685714564153127,11.400000169873238,76.91428686039788,14.39999996125698,34.85
2006-08-28,23.300000347197056,15.885714522429875,11.000000163912771,84.37142982866082,24.40000009536743,34.84
2006-09-04,25.80000038444996,16.771428821342333,11.000000163912771,80.41428691255194,15.60000017285347,34.83
2006-09-11,26.50000039488077,16.614285961857863,8.00000011920929,75.07142969008002,2.000000014901161,34.8
2006-09-18,27.10000040382147,19.500000290572643,11.000000163912771,61.8714294933847,0.0,34.82
2006-09-25,27.3000004068017,17.92857169572796,8.100000120699406,64.32857238714185,0.0,34.77
2006-10-02,25.600000381469727,16.814285964838096,11.000000163912771,78.97142974819455,4.599999964237213,34.75
2006-10-09,20.10000029951334,13.028571622712272,6.000000089406967,82.51428694384438,9.899999976158142,34.73
2006-10-16,19.10000028461218,11.128571594400066,4.700000070035458,88.98571561170476,0.0,34.72
2006-10-23,20.000000298023224,11.51428588586194,1.80000002682209,80.71428691702229,3.100000023841858,34.71
2006-10-30,22.30000033229589,12.700000189244747,4.90000007301569,78.35714402475527,20.999999597668644,34.73
2006-11-06,14.900000222027302,6.285714379378727,-3.200000047683716,83.42857267175403,10.100000075995922,34.77
2006-11-13,11.30000016838312,6.77142867233072,2.500000037252903,84.65714411863259,15.799999952316284,34.8
2006-11-20,17.600000262260437,9.957143005515848,4.200000062584877,84.20000125467777,6.099999904632568,34.81
2006-11-27,13.100000195205212,8.114285835197993,1.5000000223517418,85.61428699003798,11.500000037252905,34.845
2006-12-04,10.100000150501728,6.171428663390024,0.0,89.32857275967088,5.700000144541264,34.88
2006-12-11,14.800000220537186,8.057142977203641,0.4000000059604645,79.2714297526649,13.799999691545962,34.92
2006-12-18,10.400000154972076,6.085714376398495,0.9000000134110451,84.57142983164105,4.600000061094761,34.95
2006-12-25,8.00000011920929,4.800000071525574,0.9000000134110451,92.2571442318814,1.0,34.97
2007-01-01,10.500000156462193,3.371428621666772,-1.100000016391277,88.92857275371041,12.099999956786633,35.03
2007-01-08,9.400000140070915,6.442857238863196,3.500000052154064,87.77142987932477,16.49999962002039,35.05
2007-01-15,14.000000208616257,8.585714413651399,1.100000016391277,75.68571541351932,14.199999809265137,35.1
2007-01-22,13.40000019967556,6.157142948891435,-4.000000059604645,83.4571441007512,39.900000512599945,35.15
2007-01-29,6.800000101327896,-0.7142857249294009,-8.50000012665987,80.4714297705463,7.899999797344208,35.37
2007-02-05,8.400000125169754,5.2428572209818025,0.4000000059604645,85.78571556402105,5.400000035762787,35.43
2007-02-12,6.800000101327896,-0.1428571449858802,-6.200000092387199,90.45714420505932,14.100000008940697,35.49
2007-02-19,9.900000147521496,4.6000000685453415,-0.2000000029802322,82.0285726508924,8.799999952316284,35.58
2007-02-26,10.80000016093254,3.5571429101484164,-2.7000000402331352,81.40000121295452,12.10000005364418,35.71
2007-03-05,11.500000171363354,5.514285796454975,1.3000000193715096,84.42857268665519,21.00000010430813,35.74
2007-03-12,17.80000026524067,8.21428583668811,1.3000000193715096,75.90000113099813,2.800000049173832,35.71
2007-03-19,18.80000028014183,7.200000107288361,-0.2000000029802322,76.24285827896425,8.999999858438969,35.85
2007-03-26,15.800000235438349,6.285714379378727,-2.200000032782554,73.5571439532297,32.59999889135361,35.81
2007-04-02,17.80000026524067,10.314285867980548,2.800000041723252,54.75714367308787,0.0,35.77
2007-04-09,13.40000019967556,7.657142971243177,-0.2000000029802322,70.35714390554598,0.3000000119209289,35.71
2007-04-16,25.600000381469727,14.11428592460496,3.700000055134296,58.100000865757465,0.2000000029802322,35.64
2007-04-23,23.100000344216824,9.771428717034205,-0.2000000029802322,55.9142865474735,0.7000000104308128,35.56
2007-04-30,27.000000402331352,14.800000220537186,0.1000000014901161,54.371429381626,0.0,35.47
2007-05-07,24.300000362098217,13.557143059160028,0.2000000029802322,51.64285791239568,18.69999924302101,35.43
2007-05-14,23.300000347197056,13.1142859097038,6.500000096857548,80.51428691404206,71.6000006198883,35.59
2007-05-21,30.500000454485416,15.34285737148353,5.200000077486038,68.38571530474084,16.40000009536743,35.65
2007-05-28,31.10000046342612,19.342857431088174,10.30000015348196,77.62857258532729,73.30000019073486,35.785
2007-06-04,26.00000038743019,15.8571430934327,8.50000012665987,78.48571545524257,20.699999526143078,35.92
2007-06-11,30.500000454485416,21.657143179859435,13.600000202655792,67.38571528983968,3.1999999284744263,35.76
2007-06-18,30.800000458955765,19.58571457756417,13.100000195205212,75.30000112205744,57.39999932050705,35.74
2007-06-25,28.10000041872263,18.542857419167245,12.600000187754633,77.42857258234706,37.200000405311584,35.95
2007-07-02,24.100000359117985,15.77142880644117,8.400000125169754,76.45714399644307,25.0,35.79
2007-07-09,22.800000339746475,15.614285946956702,10.600000157952309,80.64285834452936,43.99999888241291,35.78
2007-07-16,36.700000546872616,19.714286008051463,9.00000013411045,75.40000112354755,18.30000013113022,35.81
2007-07-23,28.00000041723252,20.614286021462508,12.000000178813934,68.85714388319424,32.399999141693115,35.8
2007-07-30,26.50000039488077,17.100000254809856,11.30000016838312,74.35714396515063,10.199999809265137,35.66
2007-08-06,26.50000039488077,17.314285972288676,9.00000013411045,69.70000103861094,4.099999904632568,35.57
2007-08-13,29.800000444054604,19.98571458352464,11.900000177323818,82.60000123083591,20.30000013113022,35.55
2007-08-20,27.80000041425228,18.985714568623475,9.80000014603138,71.1714296319655,35.99999964237213,35.83
2007-08-27,25.50000037997961,18.128571698708196,10.400000154972076,81.75714407541922,27.300000287592407,35.745
2007-09-03,20.30000030249357,13.957143065120492,5.500000081956387,79.70000118762255,15.500000357627869,35.66
2007-09-10,18.80000028014183,12.657143045748985,5.500000081956387,83.24285838327238,11.999999925494194,35.58
2007-09-17,23.600000351667404,13.8285716346332,8.00000011920929,76.34285828045437,4.499999821186066,35.56
2007-09-24,23.80000035464764,13.800000205636024,5.500000081956387,75.78571541500943,7.099999904632568,35.49
2007-10-01,17.80000026524067,12.857143048729217,7.300000108778477,86.71428700642926,34.300000198185444,35.58
2007-10-08,15.800000235438349,10.44285729846784,3.200000047683716,88.00000131130219,0.2000000029802322,35.58
2007-10-15,17.30000025779009,8.72857155863728,0.4000000059604645,76.61428685592753,0.800000011920929,35.53
2007-10-22,18.30000027269125,7.414285824767181,-2.3000000342726707,80.60000120103359,1.1999999806284904,35.48
2007-10-29,11.800000175833702,7.142857249294009,-0.6000000089406967,86.15714414098433,1.4000000059604645,35.45
2007-11-05,13.500000201165676,8.442857268665518,-1.5000000223517418,89.60000133514404,11.299999848008156,35.48
2007-11-12,10.500000156462193,4.585714354046753,-0.1000000014901161,87.90000130981207,28.600000143051147,35.53
2007-11-19,6.500000096857548,2.257142890776907,-3.500000052154064,92.1571442303913,1.7000000402331352,35.54
2007-11-26,8.00000011920929,3.0142857592020715,-0.6000000089406967,86.72857272092786,5.3999999314546585,35.55
2007-12-03,9.500000141561031,3.857142914618765,-4.200000062584877,86.82857272241797,20.49999988079071,35.56
2007-12-10,13.90000020712614,6.600000098347664,0.9000000134110451,83.88571553570884,11.59999993443489,35.69
2007-12-17,6.000000089406967,1.814285741320678,-5.000000074505806,86.3142870004688,0.9000000357627869,35.72
2007-12-24,1.600000023841858,-2.1428571747882024,-6.500000096857548,93.55714425125292,0.1000000014901161,35.7
2007-12-31,5.700000084936619,1.5714285948446818,-3.200000047683716,86.15714414098433,1.0999999791383743,35.64
2008-01-07,4.700000070035458,-1.3000000193715096,-7.500000111758709,86.77142986442361,12.599999979138374,35.62
2008-01-14,10.000000149011612,3.985714345106057,-0.6000000089406967,81.4285726419517,1.100000001490116,35.65
2008-01-21,11.500000171363354,6.98571438980954,1.80000002682209,86.95714415290526,76.89999896287918,36.14
2008-01-28,9.400000140070915,5.114285790494511,-1.100000016391277,84.92857269410577,17.099999763071537,36.15
2008-02-04,7.900000117719173,3.74285719863006,-1.600000023841858,79.25714403816632,2.600000001490116,36.16
2008-02-11,12.300000183284284,5.557142939950738,-0.4000000059604645,81.9000012204051,3.200000047683716,36.0
2008-02-18,6.800000101327896,1.4428571643573898,-6.000000089406967,78.42857259724822,0.400000013411045,35.91
2008-02-25,11.400000169873238,6.914285817316601,2.3000000342726707,79.80000118911266,5.199999958276749,35.88
2008-03-03,13.600000202655792,6.41428580986602,0.4000000059604645,79.58571547163385,23.900000602006912,35.89
2008-03-10,14.600000217556952,5.442857223962035,-2.500000037252903,77.98571544779199,6.800000123679638,36.0
2008-03-17,12.90000019222498,5.842857229922499,-0.1000000014901161,78.8000011742115,29.300000309944156,35.96
2008-03-24,7.000000104308128,1.3142857338700975,-5.700000084936619,80.80000120401382,19.999999620020382,36.17
2008-03-31,16.300000242888927,5.357142936970506,-3.1000000461936,72.41428679334265,6.799999833106995,35.99
2008-04-07,16.00000023841858,6.714285814336368,-1.100000016391277,84.37142982866082,20.09999994188547,36.05
2008-04-14,15.800000235438349,6.27142866488014,0.5000000074505806,84.25714411267212,24.60000024735928,36.13
2008-04-21,16.00000023841858,7.214285821786949,1.80000002682209,80.32857262556043,14.39999971538782,36.05
2008-04-28,22.30000033229589,12.371428755777222,2.600000038743019,60.385715185531545,6.6999997198581696,35.85
2008-05-05,21.50000032037497,13.04285733721086,3.700000055134296,71.28571534795421,3.8999999910593033,35.8
2008-05-12,25.600000381469727,16.485714531370572,6.800000101327896,56.285715124436784,0.0,35.69
2008-05-19,22.600000336766243,13.771428776638848,5.000000074505806,70.61428676652056,7.600000292062759,35.66
2008-05-26,21.80000032484532,14.285714498588018,4.500000067055225,60.60000090301037,0.0,35.6
2008-06-02,30.600000455975533,20.47142887647663,11.10000016540289,47.35714356281928,0.0,35.54
2008-06-09,30.300000451505184,21.02857174192156,10.000000149011612,46.84285784087011,0.0,35.42
2008-06-16,27.80000041425228,14.442857358072484,7.400000110268593,67.61428672181708,17.500000149011612,35.34
2008-06-23,32.20000047981739,18.242857414696896,7.200000107288361,60.50000090152025,18.799999810755253,35.27
2008-06-30,25.80000038444996,17.571428833263262,7.900000117719173,66.92857242588487,5.300000071525574,35.18
2008-07-07,33.5000004991889,20.485714590975217,10.000000149011612,60.85714376398495,12.099999524652958,35.11
2008-07-14,27.200000405311584,16.91428596632821,10.000000149011612,79.91428690510136,26.20000020414591,35.14
2008-07-21,22.600000336766243,16.20000024139881,10.500000156462193,79.6428583296282,15.80000014603138,35.09
2008-07-28,32.20000047981739,21.50000032037497,10.900000162422655,64.77142953659806,0.4000000059604644,35.075
2008-08-04,34.00000050663948,22.085714614817075,15.500000230968,58.50000087171793,6.800000190734863,35.06
2008-08-11,32.70000048726797,19.114285999110766,10.100000150501728,68.55714387872389,9.300000071525574,35.02
2008-08-18,24.600000366568565,17.614285976759025,10.900000162422655,73.01428680228335,10.499999858438969,34.99
2008-08-25,27.200000405311584,17.414285973778792,10.000000149011612,77.54285829833576,27.900000765919685,34.97
2008-09-01,24.8000003695488,17.528571689767496,9.00000013411045,75.87142970200095,2.8000000715255737,35.0
2008-09-08,23.80000035464764,16.91428596632821,9.100000135600569,80.25714405306748,24.799999751150608,34.98
2008-09-15,24.100000359117985,14.100000210106373,4.500000067055225,74.42857253764357,0.0,35.0
2008-09-22,16.800000250339508,11.114285879901477,5.500000081956387,77.17142972137246,7.899999931454658,34.94
2008-09-29,17.80000026524067,11.685714459844998,4.500000067055225,83.71428696172578,5.60000018030405,34.96
2008-10-06,14.800000220537186,9.371428711073738,2.1000000312924385,85.4857155595507,32.89999981224537,35.04
2008-10-13,20.000000298023224,11.400000169873238,4.000000059604645,89.28571561617511,2.799999989569187,35.08
2008-10-20,17.100000254809856,10.928571591419834,4.500000067055225,82.8571440918105,7.599999815225601,35.06
2008-10-27,20.30000030249357,9.471428712563856,2.3000000342726707,84.0428583951933,11.699999809265137,35.125
2008-11-03,9.500000141561031,5.514285796454975,1.80000002682209,91.40000136196612,27.600001148879528,35.19
2008-11-10,15.400000229477882,10.328571582479135,5.500000081956387,91.05714421400002,2.300000041723252,35.27
2008-11-17,15.000000223517418,7.514285826257297,-0.1000000014901161,82.3714297988585,4.699999883770943,35.29
2008-11-24,9.500000141561031,2.585714324244431,-2.3000000342726707,87.77142987932477,21.69999974966049,35.33
2008-12-01,7.200000107288361,2.0000000298023224,-2.200000032782554,89.74285848012993,14.700000032782556,35.36
2008-12-08,5.900000087916851,3.071428617196424,-1.100000016391277,91.17142992998872,8.09999993443489,35.47
2008-12-15,3.9000000581145287,1.600000023841858,-2.0000000298023224,91.45714421996048,5.500000007450581,35.52
2008-12-22,9.00000013411045,4.214285777083465,0.4000000059604645,88.41428703176123,5.200000025331974,35.54
2008-12-29,6.200000092387199,0.1714285739830562,-5.200000077486038,88.27142988677535,3.600000083446503,35.55
2009-01-05,1.100000016391277,-3.614285768142768,-14.100000210106373,89.75714419462851,8.299999803304672,35.52
2009-01-12,0.5000000074505806,-6.671428670840604,-17.600000262260437,85.40000127255917,0.2000000029802322,35.53
2009-01-19,5.200000077486038,0.3285714334675244,-7.000000104308128,84.82857269261565,5.700000084936619,35.54
2009-01-26,5.500000081956387,0.9571428714053972,-3.200000047683716,92.757144239332,2.600000023841858,35.55
2009-02-02,1.700000025331974,-1.3571428773658616,-5.200000077486038,89.97142991210733,0.7000000178813934,35.56
2009-02-09,6.000000089406967,1.4857143078531538,-2.1000000312924385,87.40000130236149,0.900000013411045,35.56
2009-02-16,4.700000070035458,-0.6142857234392848,-5.200000077486038,87.88571559531348,19.19999921321869,35.57
2009-02-23,4.700000070035458,-0.6428571524364608,-7.200000107288361,90.01428705560309,13.500000149011612,35.6
2009-03-02,10.100000150501728,4.685714355536869,0.0,86.24285842797586,8.49999999254942,35.73
2009-03-09,13.500000201165676,4.557142925049577,-0.6000000089406967,87.34285844436714,9.599999979138374,35.74
2009-03-16,12.000000178813934,5.828571515423911,0.5000000074505806,85.68571556253093,14.499999798834324,35.76
2009-03-23,12.000000178813934,5.014285789004394,-2.200000032782554,68.74285816720554,8.700000025331974,35.74
2009-03-30,10.80000016093254,4.457142923559461,-4.500000067055225,79.08571546418327,8.499999910593033,35.76
2009-04-06,22.600000336766243,10.52857158545937,-0.9000000134110451,65.8000009804964,0.0,35.65
2009-04-13,22.500000335276127,13.428571628672737,5.200000077486038,63.77142952169691,0.5,35.58
2009-04-20,22.000000327825543,12.17142875279699,0.6000000089406967,54.45714366861752,0.0,35.5
2009-04-27,25.30000037699937,13.128571624202388,1.3000000193715096,56.50000084191561,3.7999999076128006,35.455
2009-05-04,26.100000388920307,14.542857359562602,2.500000037252903,59.00000087916851,2.800000011920929,35.41
2009-05-11,21.1000003144145,12.18571446729558,2.800000041723252,74.28571539265769,33.99999997764826,35.35
2009-05-18,23.000000342726707,13.25714305468968,3.1000000461936,61.35714377143553,10.799999862909315,35.42
2009-05-25,25.100000374019142,16.028571667415754,7.900000117719173,68.71428673820836,2.200000047683716,35.32
2009-06-01,27.80000041425228,15.27142879899059,7.700000114738941,72.57142965282712,17.0,35.25
2009-06-08,26.50000039488077,12.300000183284284,3.400000050663948,72.41428679334265,19.40000043064356,35.2
2009-06-15,21.60000032186508,14.814285935035771,6.900000102818012,72.4857153658356,16.900000289082527,35.15
2009-06-22,22.800000339746475,14.98571450901883,6.800000101327896,69.30000103265047,6.799999967217445,35.13
2009-06-29,24.300000362098217,18.05714312621525,10.500000156462193,76.91428686039788,10.599999718368052,35.08
2009-07-06,29.300000436604023,21.68571460885661,14.100000210106373,74.50000111013651,6.199999913573265,35.02
2009-07-13,25.80000038444996,16.757143106843746,8.900000132620335,72.68571536881583,14.499999977648258,34.99
2009-07-20,30.300000451505184,19.91428601103169,11.800000175833702,72.70000108331442,14.3999999538064,34.93
2009-07-27,29.300000436604023,19.242857429598057,11.400000169873238,70.55714390852621,15.399999529123304,34.93
2009-08-03,31.300000466406345,19.485714576074056,8.600000128149986,62.31428664284093,8.000000111758709,34.93
2009-08-10,28.80000042915344,20.957143169428623,11.10000016540289,62.27142949934517,6.199999809265137,34.93
2009-08-17,32.100000478327274,19.342857431088174,10.500000156462193,64.72857239310231,0.1000000014901161,34.88
2009-08-24,32.80000048875809,19.285714573093824,9.400000140070915,62.81428665029152,8.600000001490116,34.85
2009-08-31,30.70000045746565,19.25714314409665,8.300000123679638,61.685715204903055,0.6000000163912772,34.75
2009-09-07,32.00000047683716,17.185714541801385,9.500000141561031,69.65714389511517,20.70000004768372,34.75
2009-09-14,26.30000039190054,16.057143096412933,8.800000131130219,72.52857250933137,4.699999928474426,34.72
2009-09-21,25.50000037997961,15.300000227987766,5.500000081956387,72.20000107586384,0.1000000014901161,34.72
2009-09-28,23.300000347197056,14.057143066610609,4.500000067055225,73.62857252572265,0.1000000014901161,34.7
2009-10-05,16.00000023841858,10.80000016093254,3.500000052154064,77.51428686933858,9.400000274181366,34.7
2009-10-12,22.30000033229589,10.51428587096078,3.500000052154064,87.00000129640102,69.40000090748072,34.83
2009-10-19,10.900000162422655,4.714285784534046,-0.2000000029802322,84.7571441201227,8.399999976158142,34.89
2009-10-26,13.90000020712614,7.157142963792596,-0.5000000074505806,89.07142989869628,5.399999976158142,34.91
2009-11-02,11.800000175833702,5.757142942930971,-1.600000023841858,90.01428705560309,24.699999421834946,34.93
2009-11-09,11.30000016838312,5.000000074505806,0.2000000029802322,90.97142992700849,26.500000298023224,35.02
2009-11-16,13.800000205636024,7.814285830727646,2.7000000402331352,91.00000135600568,6.200000137090683,35.14
2009-11-23,14.300000213086603,10.042857292507376,4.000000059604645,82.54285837284156,9.500000096857548,35.22
2009-11-30,14.300000213086603,8.742857273135867,3.000000044703484,76.68571542842048,19.50000025331974,35.28
2009-12-07,9.500000141561031,3.485714337655476,-1.0000000149011612,93.5714299657515,13.2999999076128,35.36
2009-12-14,6.000000089406967,2.200000032782554,-3.200000047683716,94.1714299746922,15.100000314414505,35.42
2009-12-21,1.100000016391277,-6.442857238863196,-16.300000242888927,86.0714298539928,4.499999895691872,35.48
2009-12-28,6.400000095367432,1.3571428773658616,-3.700000055134296,90.01428705560309,13.399999789893627,35.51
2010-01-04,0.6000000089406967,-2.400000035762787,-7.000000104308128,89.35714418866804,11.60000006109476,35.54
2010-01-11,-1.80000002682209,-4.871428644018514,-11.10000016540289,89.24285847267934,8.499999962747097,35.55
2010-01-18,0.2000000029802322,-2.614285753241607,-5.500000081956387,90.65714420803955,3.799999952316284,35.54
2010-01-25,0.9000000134110451,-7.471428682761533,-15.100000225007534,82.32857265536275,1.7999999523162842,35.53
2010-02-01,2.1000000312924385,-4.500000067055225,-18.80000028014183,83.50000124424696,11.299999997019768,35.5
2010-02-08,3.200000047683716,-1.642857167337622,-6.500000096857548,85.50000127404928,7.600000195205212,35.47
2010-02-15,0.5000000074505806,-3.157142904187952,-7.000000104308128,85.45714413055352,6.600000113248825,35.46
2010-02-22,6.70000009983778,0.2571428609745841,-5.700000084936619,82.27142979736838,3.299999989569187,35.47
2010-03-01,11.800000175833702,4.3142857785735815,-1.3000000193715096,80.27142976756606,13.000000193715096,35.71
2010-03-08,6.000000089406967,-0.7714285829237529,-7.800000116229057,73.65714395471981,1.2999999970197678,35.8
2010-03-15,6.800000101327896,0.5857142944421089,-7.500000111758709,85.18571555508035,13.799999713897703,35.78
2010-03-22,15.600000232458116,8.42857155416693,0.0,75.07142969008002,6.400000110268593,35.81
2010-03-29,22.30000033229589,9.900000147521496,0.2000000029802322,73.05714394577912,12.40000007301569,35.79
2010-04-05,16.600000247359276,8.042857262705054,0.2000000029802322,69.75714389660529,0.6000000089406966,35.72
2010-04-12,19.10000028461218,8.385714410671167,0.4000000059604645,70.18571533156293,0.7000000029802322,35.67
2010-04-19,20.500000305473804,8.514285841158458,0.2000000029802322,61.31428662793977,0.2000000029802322,35.61
2010-04-26,20.80000030994416,8.628571557147163,-1.100000016391277,62.942858080778805,13.599999904632568,35.585
2010-05-03,24.600000366568565,13.214285911193915,5.000000074505806,69.0285724571773,8.599999979138374,35.56
2010-05-10,16.100000239908695,8.600000128149986,-0.9000000134110451,80.4714297705463,11.899999573826788,35.58
2010-05-17,17.50000026077032,9.742857288037028,4.200000062584877,79.41428689765078,23.99999995529652,35.59
2010-05-24,22.100000329315662,14.014285923114844,7.800000116229057,83.4571441007512,48.39999923855066,35.81
2010-05-31,19.30000028759241,11.928571606320997,3.6000000536441803,76.14285827747413,34.699998773634434,35.82
2010-06-07,27.80000041425228,15.91428595142705,8.00000011920929,73.00000108778477,6.199999928474426,35.82
2010-06-14,29.800000444054604,18.64285742065736,8.300000123679638,70.74285819700786,2.2999999672174454,35.67
2010-06-21,24.300000362098217,14.771428791540009,6.200000092387199,65.17142954255853,0.9000000134110451,35.55
2010-06-28,29.10000043362379,18.571428848164423,7.000000104308128,61.37142948593412,0.0,35.4
2010-07-05,32.20000047981739,23.72857178215469,13.90000020712614,56.08571512145655,4.8999998569488525,35.3
2010-07-12,37.30000055581331,24.314286076596805,10.80000016093254,51.72857219938721,2.0,35.21
2010-07-19,34.20000050961971,23.04285748622247,10.900000162422655,58.44285801372358,1.300000049173832,35.13
2010-07-26,33.10000049322844,20.657143164958278,11.500000171363354,65.55714383402041,25.100000359117985,35.095
2010-08-02,29.50000043958425,19.81428600954158,11.400000169873238,63.88571523768561,8.300000011920929,35.06
2010-08-09,26.50000039488077,19.042857426617825,12.000000178813934,76.62857257042613,9.8999999538064,35.02
2010-08-16,26.700000397861004,19.27142885859524,13.90000020712614,80.92857263450112,50.40000124275685,35.05
2010-08-23,29.50000043958425,19.328571716589583,11.30000016838312,76.20000113546848,9.000000074505806,35.07
2010-08-30,22.800000339746475,14.92857165102448,9.500000141561031,82.80000123381615,39.600000098347664,35.1
2010-09-06,18.6000002771616,12.628571616751808,5.500000081956387,79.35714403965643,8.60000005364418,35.14
2010-09-13,24.00000035762787,14.942857365523066,7.900000117719173,81.51428692894322,8.199999958276749,35.11
2010-09-20,17.80000026524067,12.914285906723569,7.500000111758709,77.70000115782022,23.69999936968088,35.15
2010-09-27,24.300000362098217,14.057143066610609,5.200000077486038,85.9571441380041,39.200000405311584,35.19
2010-10-04,17.80000026524067,9.814285860529967,1.3000000193715096,82.3857155133571,0.4000000059604644,35.23
2010-10-11,18.100000269711018,10.614285872450896,0.2000000029802322,79.62857261512961,0.0,35.28
2010-10-18,13.300000198185444,6.042857232902732,-1.100000016391277,86.28571557147163,10.000000298023224,35.29
2010-10-25,11.500000171363354,6.185714377888611,1.5000000223517418,81.9000012204051,10.999999895691872,35.3
2010-11-01,15.000000223517418,7.657142971243177,0.4000000059604645,79.70000118762255,1.0,35.33
2010-11-08,15.800000235438349,8.300000123679638,-0.2000000029802322,89.38571561766523,37.10000044107437,35.35
2010-11-15,17.30000025779009,7.928571546716349,-0.2000000029802322,83.75714410522154,13.70000010728836,35.43
2010-11-22,7.500000111758709,4.942857216511454,2.7000000402331352,93.32857281927552,34.8999999165535,35.63
2010-11-29,4.700000070035458,-0.5857142944421087,-4.200000062584877,85.85714413651398,3.300000049173832,35.71
2010-12-06,1.5000000223517418,-5.285714364477566,-13.600000202655792,81.84285836241075,8.599999859929085,35.7
2010-12-13,5.200000077486038,-1.2285714468785696,-5.700000084936619,89.1714299001864,17.80000028014183,35.79
2010-12-20,-0.4000000059604645,-5.385714365967682,-14.000000208616257,90.15714420058896,18.299999691545963,35.85
2010-12-27,0.5000000074505806,-4.342857207570757,-12.500000186264517,91.90000136941671,17.000000074505806,35.81
2011-01-03,3.400000050663948,-3.714285769632885,-13.600000202655792,89.90000133961439,0.7000000029802322,35.77
2011-01-10,8.50000012665987,1.2428571613771575,-8.100000120699406,87.58571559084314,10.000000067055224,35.83
2011-01-17,10.500000156462193,5.500000081956387,-2.800000041723252,89.40000133216381,17.400000005960464,36.08
2011-01-24,7.400000110268593,1.3142857338700975,-2.600000038743019,89.38571561766523,4.100000098347664,36.04
2011-01-31,3.700000055134296,-1.9571428863065583,-8.00000011920929,89.01428704070193,6.399999894201756,35.99
2011-02-07,10.100000150501728,3.928571487111705,-5.000000074505806,86.37142985846315,25.8999999538064,36.17
2011-02-14,8.900000132620335,1.9857143153037344,-2.3000000342726707,71.38571534944433,5.200000107288361,36.09
2011-02-21,2.1000000312924385,-2.842857185219015,-9.500000141561031,67.08571528536933,0.0,35.97
2011-02-28,9.500000141561031,-3.671428626137121,-13.40000019967556,65.52857240502324,0.0,35.86
2011-03-07,7.300000108778477,0.014285714498588,-7.900000117719173,66.8714295678905,0.0,35.83
2011-03-14,15.500000230968,6.542857240353312,-4.400000065565109,65.87142955298934,3.600000023841858,35.8
2011-03-21,12.4000001847744,4.414285780063698,-1.700000025331974,82.67142980332885,11.100000143051147,35.78
2011-03-28,16.100000239908695,6.114285805395672,-2.800000041723252,69.48571532113212,1.0,35.765
2011-04-04,23.500000350177288,11.357143026377472,-1.80000002682209,71.4142867784415,19.200000166893005,35.75
2011-04-11,20.30000030249357,11.128571594400066,2.200000032782554,64.91428668158395,0.1000000014901161,35.8
2011-04-18,19.500000290572643,9.07142870660339,0.5000000074505806,73.57142966772828,12.399999856948853,35.74
2011-04-25,24.100000359117985,15.20000022649765,5.700000084936619,49.6000007390976,0.0,35.7
2011-05-02,23.100000344216824,12.442857328270165,3.200000047683716,61.54285805991718,8.900000050663948,35.65
2011-05-09,24.300000362098217,11.785714461335116,-1.5000000223517418,51.18571504844086,0.4000000059604645,35.59
2011-05-16,27.3000004068017,14.500000216066836,5.500000081956387,68.62857245121684,18.399999618530277,35.53
2011-05-23,27.500000409781933,16.91428596632821,9.600000143051147,69.31428674714905,10.60000005364418,35.46
2011-05-30,30.500000454485416,16.528571674866335,5.700000084936619,55.62857225750174,0.2000000029802322,35.36
2011-06-06,32.20000047981739,19.928571725530283,7.000000104308128,59.94285803607532,22.699999786913395,35.29
2011-06-13,25.700000382959843,17.614285976759025,9.600000143051147,69.24285817465612,10.400000244379044,35.23
2011-06-20,28.10000041872263,17.24285739979574,10.000000149011612,69.47142960663352,16.39999971538782,35.19
2011-06-27,26.50000039488077,16.814285964838096,9.400000140070915,75.11428683357579,17.90000009536743,35.19
2011-07-04,29.50000043958425,16.84285739383527,8.800000131130219,78.3142868812595,39.70000038295984,35.19
2011-07-11,29.10000043362379,19.95714315452746,13.000000193715096,72.01428678738219,18.30000001192093,35.19
2011-07-18,26.30000039190054,18.50000027567148,11.000000163912771,69.60000103712082,23.699999809265137,35.13
2011-07-25,24.50000036507845,15.77142880644117,10.000000149011612,76.6571439994233,53.00000077486038,35.2
2011-08-01,24.8000003695488,17.14285739830562,12.600000187754633,85.4714298450521,90.90000136196612,35.86
2011-08-08,28.300000421702865,19.54285743406841,12.300000183284284,78.01428687678916,13.700000025331974,35.78
2011-08-15,24.8000003695488,17.2857145432915,12.500000186264517,77.12857257787671,32.600000232458115,35.71
2011-08-22,27.200000405311584,18.757143136646068,10.500000156462193,72.82857251380172,4.400000095367432,35.68
2011-08-29,30.100000448524952,18.685714564153127,11.30000016838312,80.48571548504489,24.49999952316284,35.64
2011-09-05,27.700000412762165,16.41428595887763,8.50000012665987,76.70000114291906,8.399999715387821,35.57
2011-09-12,27.3000004068017,16.5714288183621,11.000000163912771,81.67142978842769,29.799999810755253,35.59
2011-09-19,22.100000329315662,14.585714503058366,7.000000104308128,76.0571439904826,7.900000095367432,35.56
2011-09-26,24.50000036507845,14.028571637613434,5.500000081956387,77.15714400687388,0.1000000014901161,35.535
2011-10-03,26.30000039190054,15.900000236928465,6.200000092387199,78.6857154582228,0.3000000119209289,35.51
2011-10-10,23.100000344216824,12.61428590225322,4.700000070035458,81.1714297809771,24.700000256299973,35.47
2011-10-17,14.900000222027302,7.771428687231881,-0.9000000134110451,81.85714407690934,12.0,35.48
2011-10-24,15.900000236928465,6.27142866488014,-0.2000000029802322,84.31428697066647,2.299999952316284,35.44
2011-10-31,16.100000239908695,10.471428727465016,4.400000065565109,88.90000132471323,0.6000000089406967,35.46
2011-11-07,14.800000220537186,8.028571548206466,3.200000047683716,88.62857274924006,0.0,35.42
2011-11-14,11.800000175833702,2.714285754731723,-4.200000062584877,89.07142989869628,0.0,35.39
2011-11-21,9.00000013411045,2.614285753241607,-2.1000000312924385,92.48571566385884,0.0,35.39
2011-11-28,10.100000150501728,4.82857150052275,-0.800000011920929,86.68571557743209,2.3999999836087227,35.36
2011-12-05,12.500000186264517,5.25714293548039,-0.9000000134110451,83.64285838923284,8.999999940395355,35.35
2011-12-12,8.300000123679638,3.728571484131472,-1.100000016391277,81.92857264940228,15.400000005960464,35.42
2011-12-19,9.900000147521496,3.857142914618765,0.2000000029802322,84.642858404134,34.900000497698784,35.62
2011-12-26,10.100000150501728,4.814285786024162,0.0,91.40000136196612,9.399999856948853,35.655
2012-01-02,12.4000001847744,6.100000090897083,0.2000000029802322,87.55714416184595,13.60000005364418,35.69
2012-01-09,9.80000014603138,4.371428636567933,-0.5000000074505806,85.40000127255917,25.099999763071537,35.79
2012-01-16,9.900000147521496,3.5571429101484164,-3.200000047683716,83.30000124126673,2.8000000715255737,35.83
2012-01-23,6.000000089406967,2.528571466250079,-2.0000000298023224,89.94285848311016,25.600000023841854,35.91
2012-01-30,1.100000016391277,-3.5714286246470044,-9.00000013411045,78.27142973776374,1.2000000476837158,35.88
2012-02-06,-5.200000077486038,-10.814285875431128,-19.30000028759241,73.21428680526358,0.3000000044703483,35.78
2012-02-13,-0.2000000029802322,-6.914285817316601,-17.80000026524067,80.14285833707878,1.0000000298023224,35.69
2012-02-20,7.900000117719173,2.3142857487712587,-4.500000067055225,81.32857264046159,13.999999940395355,35.77
2012-02-27,11.400000169873238,5.014285789004394,-4.200000062584877,80.42857262705054,12.900000005960464,35.95
2012-03-05,10.600000157952309,5.714285799435207,-2.600000038743019,77.74285830131599,1.900000050663948,35.89
2012-03-12,11.30000016838312,4.97142864550863,-4.500000067055225,74.2714296781591,3.699999943375588,35.85
2012-03-19,20.000000298023224,8.114285835197993,-0.9000000134110451,74.60000111162663,0.8999999761581421,35.77
2012-03-26,19.10000028461218,9.428571569068092,-1.100000016391277,72.52857250933137,0.1000000014901161,35.735
2012-04-02,19.10000028461218,7.542857255254473,-1.100000016391277,71.82857249890056,4.6000000685453415,35.7
2012-04-09,12.000000178813934,4.214285777083465,-3.200000047683716,74.02857253168311,7.500000059604645,35.65
2012-04-16,16.800000250339508,8.21428583668811,-0.2000000029802322,71.58571535242456,14.199999988079073,35.62
2012-04-23,17.600000262260437,9.485714427062444,-0.800000011920929,61.44285805842706,1.3999999910593033,35.58
2012-04-30,30.00000044703484,15.77142880644117,5.200000077486038,60.71428661899908,8.0,35.53
2012-05-07,27.200000405311584,13.500000201165676,4.90000007301569,74.22857253466334,17.600000098347664,35.5
2012-05-14,27.80000041425228,14.12857163910355,2.200000032782554,68.87142959769282,3.8999999314546585,35.44
2012-05-21,28.50000042468309,14.300000213086603,2.600000038743019,57.942858006273,1.199999988079071,35.36
2012-05-28,30.800000458955765,19.20000028610229,8.50000012665987,50.50000075250864,0.699999988079071,35.315
2012-06-04,21.50000032037497,12.300000183284284,5.500000081956387,69.9714296140841,23.89999971538782,35.27
2012-06-11,24.8000003695488,15.28571451348918,5.000000074505806,66.58571527791875,6.500000014901161,35.23
2012-06-18,31.80000047385693,17.07142882581268,7.900000117719173,70.88571534199374,6.599999904632568,35.18
2012-06-25,24.100000359117985,16.300000242888927,10.400000154972076,76.6571439994233,24.50000047683716,35.14
2012-07-02,31.10000046342612,18.628571706158773,8.50000012665987,76.58571542693036,22.30000042915344,35.1
2012-07-09,28.50000042468309,20.128571728510515,14.40000021457672,80.828572633011,25.599999621510506,35.07
2012-07-16,24.300000362098217,15.714285948446818,9.500000141561031,80.77142977501664,32.09999966621399,35.08
2012-07-23,25.00000037252903,15.828571664435524,9.3000001385808,75.91428684549672,19.80000054836273,35.08
2012-07-30,32.70000048726797,21.58571460736649,11.10000016540289,67.98571529878038,32.89999885857105,35.16
2012-08-06,30.00000044703484,19.51428600507123,10.000000149011612,74.91428683059556,9.89999982714653,35.11
2012-08-13,22.500000335276127,16.07142881091152,9.400000140070915,73.37142966474805,1.300000049173832,35.04
2012-08-20,35.200000524520874,20.071428870516165,9.100000135600569,70.64285819551775,4.200000047683716,35.01
2012-08-27,25.80000038444996,17.914285981229373,10.100000150501728,77.257144008364,28.20000004768372,34.985
2012-09-03,26.50000039488077,16.742857392345154,7.200000107288361,78.35714402475527,2.5,34.96
2012-09-10,29.000000432133675,16.685714534350804,9.600000143051147,76.22857256446567,3.700000002980232,34.95
2012-09-17,28.200000420212746,15.214285940996238,5.700000084936619,73.04285823128053,2.5,34.91
2012-09-24,23.100000344216824,11.87142874832664,4.000000059604645,73.70000109821558,13.500000454485418,34.89
2012-10-01,22.800000339746475,13.428571628672737,5.000000074505806,77.71428687231881,17.79999989271164,34.89
2012-10-08,20.60000030696392,11.45714302786759,5.000000074505806,82.95714409330061,32.70000024139881,34.95
2012-10-15,13.90000020712614,8.157142978693757,2.3000000342726707,85.57142984654222,8.20000010728836,34.99
2012-10-22,22.30000033229589,12.514285900763102,3.000000044703484,83.25714409777096,0.8000000268220901,34.99
2012-10-29,14.100000210106373,5.814285800925323,-4.500000067055225,80.18571548057454,4.200000002980232,35.03
2012-11-05,10.500000156462193,5.971428660409791,0.5000000074505806,87.45714416035584,14.89999994635582,35.06
2012-11-12,11.900000177323818,7.942857261214938,3.000000044703484,84.00000125169754,6.300000071525574,35.07
2012-11-19,9.900000147521496,2.2285714617797305,-3.6000000536441803,94.27142997618232,1.0,35.1
2012-11-26,11.30000016838312,5.714285799435207,-0.1000000014901161,90.31428706007344,5.399999976158142,35.12
2012-12-03,9.00000013411045,2.6857143257345477,-2.200000032782554,92.12857280139411,17.90000031888485,35.14
2012-12-10,4.000000059604645,-2.800000041723252,-11.500000171363354,91.05714421400002,18.89999994635582,35.18
2012-12-17,4.500000067055225,-0.7428571539265769,-7.800000116229057,92.57142995085034,7.100000187754631,35.2
2012-12-24,8.900000132620335,0.4714285784534046,-4.500000067055225,93.75714425423315,11.000000059604645,35.25
2012-12-31,12.000000178813934,5.7857143719281465,-3.700000055134296,79.31428689616067,6.400000095367432,35.39
2013-01-07,10.000000149011612,6.085714376398495,2.200000032782554,91.0714299284986,20.69999983906746,35.56
2013-01-14,7.000000104308128,0.4857142929519926,-8.00000011920929,91.3142870749746,13.799999937415125,35.59
2013-01-21,0.2000000029802322,-3.971428630607469,-8.100000120699406,83.50000124424696,3.0000000596046448,35.62
2013-01-28,5.200000077486038,-4.685714355536869,-13.000000193715096,85.07142983909164,6.599999725818634,35.665
2013-02-04,12.000000178813934,4.214285777083465,-3.400000050663948,85.64285841903516,35.60000014305115,35.71
2013-02-11,6.200000092387199,-0.4428571494562285,-6.500000096857548,86.10000128298998,4.599999971687794,35.85
2013-02-18,2.200000032782554,0.100000001490116,-3.000000044703484,85.4714298450521,6.0,35.82
2013-02-25,2.3000000342726707,-1.0571428728955132,-5.000000074505806,87.24285844287702,5.900000035762787,35.87
2013-03-04,9.00000013411045,1.757142883326326,-4.400000065565109,83.95714410820177,0.2000000029802322,35.81
2013-03-11,13.40000019967556,1.0857143018926894,-7.200000107288361,75.62857255552497,13.099999822676182,35.77
2013-03-18,3.700000055134296,-2.842857185219015,-12.10000018030405,69.88571532709258,4.800000004470348,35.73
2013-03-25,1.80000002682209,-2.9142857577119554,-11.900000177323818,73.70000109821558,9.499999858438969,35.7
2013-04-01,3.500000052154064,-0.3285714334675244,-6.200000092387199,73.70000109821558,2.2999999672174454,35.68
2013-04-08,9.500000141561031,1.5857143093432695,-6.500000096857548,72.57142965282712,0.0,35.74
2013-04-15,23.300000347197056,9.257142995085037,1.0000000149011612,74.38571539414781,8.29999976605177,35.82
2013-04-22,24.50000036507845,12.81428590523345,2.7000000402331352,59.842858034585205,0.0,35.75
2013-04-29,24.300000362098217,12.32857161228146,5.500000081956387,66.80000099539757,8.300000011920929,35.63
2013-05-06,23.000000342726707,12.7571430472391,1.700000025331974,55.928572261972086,0.800000011920929,35.57
2013-05-13,24.100000359117985,14.75714307704142,4.500000067055225,78.21428687976939,12.09999993443489,35.53
2013-05-20,27.60000041127205,16.671428819852217,8.00000011920929,68.94285817018577,5.099999815225601,35.45
2013-05-27,18.30000027269125,10.900000162422655,3.500000052154064,79.20000118017197,42.30000054836273,35.53
2013-06-03,23.100000344216824,14.542857359562602,8.900000132620335,84.65714411863259,27.899999499320984,35.61
2013-06-10,25.100000374019142,16.65714310535363,5.200000077486038,65.30000097304583,1.600000023841858,35.56
2013-06-17,26.80000039935112,18.14285741320678,8.00000011920929,64.87142953808818,8.099999785423279,35.45
2013-06-24,32.70000048726797,21.31428603189332,13.300000198185444,67.51428672032696,26.200000792741776,35.41
2013-07-01,25.100000374019142,14.085714495607784,7.900000117719173,80.27142976756606,35.999999701976776,35.42
2013-07-08,28.200000420212746,19.242857429598057,10.100000150501728,72.25714393385819,3.2999999597668648,35.33
2013-07-15,26.600000396370888,17.671428834753378,10.400000154972076,70.65714391001633,0.0,35.26
2013-07-22,31.10000046342612,20.914286025932856,11.000000163912771,61.37142948593412,0.0,35.17
2013-07-29,34.20000050961971,23.942857499633515,12.300000183284284,61.11428662495954,23.89999981224537,35.09
2013-08-05,34.00000050663948,22.385714619287423,14.800000220537186,67.2428581448538,15.899999693036078,35.1
2013-08-12,30.300000451505184,18.814285994640414,11.500000171363354,78.54285831323692,41.30000048875809,35.11
2013-08-19,26.80000039935112,17.885714552232198,8.600000128149986,71.74285821190902,9.500000059604645,35.06
2013-08-26,24.300000362098217,17.2857145432915,10.30000015348196,65.81428669499499,0.0,35.03
2013-09-02,25.00000037252903,16.542857389364922,8.900000132620335,72.05714393087796,23.599999882280827,35.0
2013-09-09,25.700000382959843,17.185714541801385,10.000000149011612,74.24285824916193,14.600000381469728,34.99
2013-09-16,21.60000032186508,13.342857341681208,8.00000011920929,85.0000012665987,5.300000004470348,34.98
2013-09-23,18.100000269711018,12.214285896292754,6.000000089406967,85.4857155595507,16.20000009983778,35.0
2013-09-30,15.100000225007534,9.328571567577976,3.200000047683716,84.18571554017919,11.800000049173832,35.02
2013-10-07,16.800000250339508,9.314285853079388,0.5000000074505806,75.15714397707156,2.299999952316284,35.02
2013-10-14,16.50000024586916,11.271428739385945,3.400000050663948,87.6285727343389,38.09999942779541,35.15
2013-10-21,19.10000028461218,10.557143014456544,0.5000000074505806,86.45714414545468,13.70000009983778,35.25
2013-10-28,21.1000003144145,14.25714306959084,3.700000055134296,81.4142869274531,6.100000001490116,35.275
2013-11-04,15.000000223517418,8.985714419611863,2.3000000342726707,80.44285834154913,10.300000123679638,35.3
2013-11-11,14.600000217556952,7.614285827747413,0.6000000089406967,86.88571558041232,15.100000023841858,35.34
2013-11-18,9.600000143051147,4.457142923559461,0.4000000059604645,91.05714421400002,0.9000000134110451,35.35
2013-11-25,7.900000117719173,3.628571482641356,-2.200000032782554,89.62857276414123,22.300000190734863,35.37
2013-12-02,8.100000120699406,3.085714331695012,-4.500000067055225,89.94285848311016,6.300000101327896,35.45
2013-12-09,9.3000001385808,2.514285751751491,-1.80000002682209,92.05714422890118,17.700000047683716,35.49
2013-12-16,9.100000135600569,3.985714345106057,-0.800000011920929,93.60000139474867,2.299999952316284,35.54
2013-12-23,10.100000150501728,4.914285787514278,0.5000000074505806,79.65714404412678,4.600000098347664,35.56
2013-12-30,10.900000162422655,6.5571429548519,-0.2000000029802322,80.21428690957171,18.100000381469727,35.63
2014-01-06,8.900000132620335,3.957142916108881,-1.100000016391277,85.7285727060267,11.500000029802322,35.69
2014-01-13,12.000000178813934,6.014285803905556,-0.800000011920929,83.72857267622437,8.800000049173832,35.71
2014-01-20,8.00000011920929,2.271428605275495,-3.200000047683716,92.5000013783574,8.300000086426735,35.72
2014-01-27,-2.200000032782554,-7.071428676801069,-14.100000210106373,85.34285841456482,6.8999999538064,35.71
2014-02-03,5.700000084936619,-1.5571428803460938,-6.900000102818012,86.78571557892221,1.100000001490116,35.7
2014-02-10,12.300000183284284,4.457142923559461,-2.200000032782554,74.61428682612521,2.800000011920929,35.7
2014-02-17,11.30000016838312,5.585714368947914,0.2000000029802322,73.27142966325793,5.500000134110451,35.7
2014-02-24,12.500000186264517,5.7857143719281465,-0.2000000029802322,78.6714297437242,4.999999821186066,35.68
2014-03-03,13.300000198185444,5.557142939950738,-1.80000002682209,80.04285833558866,0.0,35.67
2014-03-10,17.30000025779009,6.5571429548519,-1.80000002682209,75.15714397707156,0.8999999761581421,35.63
2014-03-17,17.100000254809856,7.728571543736117,-1.5000000223517418,70.8142867695008,4.900000050663948,35.6
2014-03-24,21.1000003144145,9.142857279096331,1.80000002682209,75.30000112205744,8.399999774992466,35.56
2014-03-31,19.500000290572643,7.314285823277065,0.4000000059604645,79.10000117868185,3.5,35.52
2014-04-07,20.60000030696392,11.042857307408536,2.600000038743019,73.64285824022123,4.799999929964542,35.51
2014-04-14,18.0000002682209,9.185714422592095,3.700000055134296,77.42857258234706,11.100000143051147,35.47
2014-04-21,20.80000030994416,10.242857295487608,-0.4000000059604645,70.05714390107563,6.799999982118607,35.44
2014-04-28,22.30000033229589,14.857143078531536,8.400000125169754,74.35714396515063,6.8999998569488525,35.48
2014-05-05,22.500000335276127,10.52857158545937,1.5000000223517418,63.72857237820114,9.40000019222498,35.42
2014-05-12,20.10000029951334,12.428571613771576,5.000000074505806,76.88571543140071,18.300000078976154,35.28
2014-05-19,21.000000312924385,12.000000178813934,5.200000077486038,75.24285826406309,17.20000047981739,35.27
2014-05-26,29.800000444054604,19.900000296533108,9.500000141561031,66.01428669797522,1.0000000149011612,35.27
2014-06-02,20.60000030696392,12.514285900763102,3.500000052154064,74.97142968858991,28.5,35.27
2014-06-09,33.70000050216913,19.571428863065584,7.900000117719173,60.92857233647789,5.199999965727329,35.2
2014-06-16,30.600000455975533,17.51428597526891,7.000000104308128,74.65714396962098,16.799999572336674,35.15
2014-06-23,23.300000347197056,14.942857365523066,7.500000111758709,69.7428581821067,4.100000023841858,35.1
2014-06-30,24.100000359117985,15.185714511999064,6.500000096857548,79.35714403965643,51.80000010877848,35.21
2014-07-07,31.300000466406345,19.81428600954158,8.800000131130219,65.05714382656983,2.6000000983476643,35.11
2014-07-14,29.000000432133675,19.328571716589583,11.000000163912771,79.92857261959996,58.900000765919685,35.19
2014-07-21,34.1000005081296,23.28571463269847,14.300000213086603,60.3285723275372,0.0,35.04
2014-07-28,31.000000461936,21.957143184329784,16.100000239908695,71.8857153568949,25.099999621510506,35.05
2014-08-04,30.00000044703484,21.41428603338344,12.800000190734863,77.75714401581457,18.000000029802322,35.06
2014-08-11,28.00000041723252,19.64285743555852,12.500000186264517,73.57142966772828,14.00000011920929,35.04
2014-08-18,24.600000366568565,16.62857167635645,11.000000163912771,72.07142964537654,12.700000137090685,35.02
2014-08-25,20.80000030994416,13.814285920134612,7.200000107288361,71.20000106096268,2.3999999091029167,34.99
2014-09-01,23.600000351667404,15.12857165400471,6.400000095367432,78.37142973925386,8.59999991953373,34.94
2014-09-08,27.200000405311584,18.542857419167245,11.500000171363354,73.0857153747763,1.800000049173832,34.93
2014-09-15,25.50000037997961,16.314285957387515,10.500000156462193,83.9285726792046,14.999999910593033,34.9
2014-09-22,24.8000003695488,16.2142859558974,9.600000143051147,79.41428689765078,5.600000098347664,34.89
2014-09-29,23.000000342726707,13.014285908213685,5.500000081956387,81.55714407243899,3.999999918043613,34.88
2014-10-06,20.60000030696392,14.357143071080957,6.900000102818012,83.07142980928931,2.300000049173832,34.85
2014-10-13,20.60000030696392,14.70000021904707,9.500000141561031,86.3285727149674,12.300000078976154,34.88
2014-10-20,22.100000329315662,13.54285734466144,8.00000011920929,89.28571561617511,7.700000002980232,34.9
2014-10-27,16.100000239908695,9.957143005515848,4.000000059604645,91.3142870749746,13.700000204145908,34.92
2014-11-03,18.6000002771616,9.900000147521496,2.200000032782554,87.08571558339256,0.5000000149011611,34.94
2014-11-10,14.800000220537186,8.614285842648574,1.80000002682209,88.54285846224853,0.8000000268220901,34.97
2014-11-17,11.500000171363354,8.985714419611863,3.700000055134296,93.48571567876,0.4000000059604644,34.99
2014-11-24,9.3000001385808,5.228571506483214,2.7000000402331352,90.42857277606215,5.299999907612801,35.01
2014-12-01,5.200000077486038,0.828571440918105,-3.200000047683716,85.31428698556763,0.1000000014901161,35.02
2014-12-08,5.200000077486038,1.2571428758757452,-3.400000050663948,88.1000013127923,4.300000011920929,35.02
2014-12-15,10.000000149011612,3.371428621666772,-1.80000002682209,87.72857273582902,11.00000011920929,35.05
2014-12-22,11.800000175833702,6.41428580986602,0.5000000074505806,89.14285847118923,24.40000021457672,35.1
2014-12-29,11.30000016838312,1.2142857323799814,-8.50000012665987,89.04285846969911,11.89999993145466,35.15
2015-01-05,8.00000011920929,2.9428571867091318,-3.700000055134296,87.90000130981207,6.200000040233135,35.21
2015-01-12,12.800000190734863,4.285714349576405,-0.9000000134110451,88.30000131577253,32.60000091791153,35.34
2015-01-19,12.000000178813934,4.157142919089113,-4.000000059604645,83.04285838029215,6.399999916553497,35.42
2015-01-26,4.200000062584877,0.4285714349576404,-1.80000002682209,92.37142994787013,9.000000096857548,35.46
2015-02-02,5.4000000804662704,1.5000000223517418,-2.1000000312924385,89.90000133961439,19.50000010430813,35.5
2015-02-09,5.700000084936619,-0.3000000044703483,-6.500000096857548,86.81428700791938,1.9999999701976776,35.56
2015-02-16,7.500000111758709,2.0857143167938506,-3.500000052154064,84.90000126510859,0.0,35.59
2015-02-23,10.80000016093254,2.657142896737372,-3.000000044703484,80.04285833558866,4.300000190734863,35.61
2015-03-02,10.500000156462193,3.400000050663948,-3.500000052154064,79.11428689318043,6.299999833106995,35.6
2015-03-09,17.30000025779009,6.100000090897083,-0.5000000074505806,75.30000112205744,5.200000002980232,35.62
2015-03-16,11.10000016540289,4.842857215021338,-2.200000032782554,83.98571553719896,1.2000000029802322,35.59
2015-03-23,16.800000250339508,5.485714367457798,-3.400000050663948,59.27142945464168,6.300000190734863,35.56
2015-03-30,15.600000232458116,7.728571543736117,2.0000000298023224,77.07142971988235,13.299999751150608,35.56
2015-04-06,11.30000016838312,4.228571491582053,-3.1000000461936,71.24285820445844,11.899999856948853,35.57
2015-04-13,22.000000327825543,9.671428715544089,-2.3000000342726707,66.98571528387922,0.8999999761581421,35.52
2015-04-20,22.600000336766243,9.342857282076563,-0.5000000074505806,62.4714295023254,0.2000000029802322,35.5
2015-04-27,22.600000336766243,11.785714461335116,2.3000000342726707,68.44285816273519,7.599999845027924,35.465
2015-05-04,21.80000032484532,10.328571582479135,1.100000016391277,68.98571531368154,14.099999822676182,35.43
2015-05-11,24.100000359117985,13.771428776638848,2.600000038743019,68.28571530325073,2.899999976158142,35.4
2015-05-18,27.200000405311584,11.88571446282523,2.7000000402331352,69.22857246015754,22.80000002682209,35.44
2015-05-25,22.30000033229589,13.285714483686856,3.400000050663948,63.60000094771385,0.2000000029802322,35.37
2015-06-01,22.000000327825543,12.857143048729217,4.700000070035458,67.22857243035521,7.799999892711639,35.27
2015-06-08,30.500000454485416,17.985714553722314,5.900000087916851,53.60000079870224,0.0,35.2
2015-06-15,29.800000444054604,17.042857396815503,6.200000092387199,61.44285805842706,8.300000190734863,35.14
2015-06-22,21.1000003144145,13.4714287721685,4.90000007301569,74.32857253615346,13.099999859929085,35.07
2015-06-29,26.700000397861004,16.314285957387515,9.600000143051147,77.62857258532729,21.100000396370888,35.02
2015-07-06,36.80000054836273,23.78571464014905,12.000000178813934,55.24285796603986,6.300000190734863,34.98
2015-07-13,31.600000470876694,17.242857399795735,7.500000111758709,70.11428675906998,18.400000050663948,34.94
2015-07-20,31.70000047236681,19.25714314409665,13.600000202655792,73.90000110119581,26.10000006109476,34.92
2015-07-27,28.50000042468309,19.371428860085352,11.500000171363354,68.81428673969847,19.299999818205837,34.895
2015-08-03,31.600000470876694,17.34285740128585,6.800000101327896,63.64285809120962,2.8000000715255737,34.87
2015-08-10,36.700000546872616,23.757143211151877,14.000000208616257,59.47142945762192,2.700000047683716,34.83
2015-08-17,33.80000050365925,23.57142892267023,17.50000026077032,66.65714385041169,18.300000198185444,34.79
2015-08-24,27.3000004068017,19.057143141116416,10.400000154972076,63.97142952467714,10.89999959617853,34.76
2015-08-31,33.80000050365925,19.51428600507123,10.000000149011612,72.714286797813,13.000000298023226,34.75
2015-09-07,27.3000004068017,14.814285935035771,8.400000125169754,77.57142972733293,11.499999597668648,34.73
2015-09-14,23.300000347197056,14.828571649534362,5.700000084936619,79.44285832664796,9.700000315904616,34.71
2015-09-21,23.80000035464764,14.642857361052718,7.700000114738941,81.1857154954757,13.0,34.71
2015-09-28,19.30000028759241,12.0428573223097,3.6000000536441803,80.22857262407031,0.4000000059604645,34.71
2015-10-05,20.10000029951334,11.057143021907123,1.80000002682209,76.22857256446567,0.0,34.71
2015-10-12,16.800000250339508,8.014285833707877,-0.9000000134110451,74.45714396664074,11.7999999076128,34.71
2015-10-19,10.600000157952309,6.8142858158264845,3.200000047683716,93.14285853079387,42.60000047832728,34.82
2015-10-26,14.40000021457672,8.828571560127395,1.100000016391277,90.50000134855507,2.5999999046325684,34.85
2015-11-02,15.100000225007534,7.12857153479542,0.1000000014901161,88.84285846671888,0.0,34.88
2015-11-09,17.600000262260437,9.400000140070915,-1.600000023841858,88.24285845777818,5.500000059604645,34.91
2015-11-16,14.800000220537186,10.928571591419834,5.700000084936619,85.88571556551116,32.699999913573265,34.93
2015-11-23,13.800000205636024,6.728571528834956,-2.500000037252903,86.25714414247444,15.40000057220459,35.04
2015-11-30,9.100000135600569,3.057142902697836,-1.700000025331974,89.07142989869628,28.100000202655792,35.13
2015-12-07,11.400000169873238,7.785714401730469,3.000000044703484,81.51428692894322,3.4999999403953552,35.25
2015-12-14,11.500000171363354,4.6000000685453415,-2.1000000312924385,90.2428584875805,20.600000597536564,35.31
2015-12-21,12.4000001847744,8.485714412161283,2.600000038743019,90.7142870660339,8.900000095367432,35.39
2015-12-28,14.800000220537186,9.72857157353844,2.7000000402331352,79.67142975862537,1.100000016391277,35.41
2016-01-04,5.700000084936619,-2.485714322754315,-11.400000169873238,80.48571548504489,1.600000001490116,35.43
2016-01-11,5.200000077486038,-2.3285714632698467,-9.80000014603138,88.41428703176123,16.600000381469727,35.45
2016-01-18,4.200000062584877,-0.1714285739830562,-8.400000125169754,93.17142995979104,11.200000204145908,35.53
