Date,TASMAX,TAS,TASMIN,Humidity,Precipitation,GWL
1988-02-15,7.800000116229057,2.714285754731723,-2.7000000402331352,77.18571543587106,17.09999990463257,139.82
1988-02-22,8.800000131130219,3.200000047683716,-3.700000055134296,76.60000114142895,2.200000047683716,139.83
1988-02-29,5.700000084936619,1.3714285918644495,-0.9000000134110451,82.48571551484721,8.899999991059303,139.87
1988-03-07,5.000000074505806,1.5142857368503295,-2.7000000402331352,78.58571545673269,12.89999981969595,139.82
1988-03-14,7.700000114738941,2.3285714632698467,-5.500000081956387,80.28571548206466,30.199999250471592,139.87
1988-03-21,14.40000021457672,6.571428669350488,-3.200000047683716,74.71428682761533,22.199999906122684,139.92
1988-03-28,11.500000171363354,7.042857247803893,2.1000000312924385,78.8000011742115,38.19999951124191,140.17
1988-04-04,14.40000021457672,6.84285724482366,-0.2000000029802322,75.05714397558144,25.30000004172325,140.37
1988-04-11,18.80000028014183,8.200000122189522,-2.500000037252903,71.45714392193726,5.700000002980232,140.32
1988-04-18,22.000000327825543,10.685714444943835,-1.80000002682209,63.77142952169691,6.699999921023846,140.3
1988-04-25,24.300000362098217,10.30000015348196,-1.5000000223517418,57.48571514231818,4.800000190734863,140.27
1988-05-02,23.000000342726707,11.700000174343586,1.5000000223517418,66.2857152734484,12.199999809265137,139.47
1988-05-09,24.300000362098217,15.300000227987766,6.900000102818012,62.21428664135082,0.8999999910593033,139.49
1988-05-16,26.200000390410423,18.114285984209605,8.400000125169754,52.97142936076437,3.0999999046325684,139.5
1988-05-23,22.30000033229589,12.68571447474616,2.7000000402331352,69.07142960067306,17.200000166893005,139.52
1988-05-30,27.80000041425228,16.87142882283245,9.3000001385808,69.9857153285827,13.50000011920929,139.53
1988-06-06,21.1000003144145,13.40000019967556,8.800000131130219,77.27142972286258,27.399999544024467,139.52
1988-06-13,24.00000035762787,15.571428803460938,9.900000147521496,77.87142973180327,26.100000455975533,139.54
1988-06-20,26.600000396370888,18.100000269711018,9.900000147521496,60.22857232604708,0.0,139.57
1988-06-27,25.700000382959843,16.9285716808268,7.700000114738941,68.55714387872389,2.800000049173832,139.59
1988-07-04,26.80000039935112,18.64285742065736,11.500000171363354,72.25714393385819,36.99999952316285,139.39
1988-07-11,28.300000421702865,18.971428854124888,9.00000013411045,65.1000009700656,4.699999995529652,139.38
1988-07-18,24.100000359117985,15.600000232458116,10.30000015348196,78.05714402028492,23.800000190734863,139.32
1988-07-25,32.30000048130751,20.81428602444274,10.400000154972076,68.67142959471259,3.899999976158142,139.27
1988-08-01,30.500000454485416,18.38571455968278,8.400000125169754,62.014286638370585,5.40000007301569,139.12
1988-08-08,30.800000458955765,19.17142885710512,8.100000120699406,62.78571522129433,1.0,139.11
1988-08-15,31.20000046491623,22.571428907769068,12.90000019222498,59.62857231710638,0.1000000014901161,139.1
1988-08-22,29.700000442564487,18.15714312770537,10.900000162422655,66.57142956342015,14.90000007301569,139.1
1988-08-29,28.10000041872263,16.985714538821153,11.400000169873238,71.51428677993161,8.399999976158142,139.09
1988-09-05,27.10000040382147,16.100000239908695,10.30000015348196,74.61428682612521,32.39999985694885,139.07
1988-09-12,25.00000037252903,16.028571667415754,8.900000132620335,69.41428674863917,1.700000025331974,139.04
1988-09-19,17.600000262260437,12.471428757267338,7.500000111758709,80.72857263152089,13.700000166893004,138.97
1988-09-26,20.30000030249357,13.942857350621903,5.200000077486038,76.44285828194448,8.2999999076128,138.97
1988-10-03,22.600000336766243,13.357143056179796,6.000000089406967,71.20000106096268,0.8999999761581421,138.97
1988-10-10,20.60000030696392,11.757143032337938,6.70000009983778,75.91428684549672,33.60000075399876,138.93
1988-10-17,17.30000025779009,12.228571610791343,5.200000077486038,89.98571562660592,14.599999666213987,138.91
1988-10-24,17.50000026077032,10.842857304428303,4.200000062584877,89.15714418568781,4.500000096857548,138.89
1988-10-31,17.30000025779009,8.71428584413869,-2.200000032782554,78.72857260171857,4.699999809265137,138.87
1988-11-07,9.900000147521496,1.8571428848164424,-4.700000070035458,74.94285825959274,1.2000000476837158,138.89
1988-11-14,13.000000193715096,6.84285724482366,-2.7000000402331352,78.24285830876657,0.8999999910593033,138.9
1988-11-21,12.300000183284284,4.914285787514278,-3.200000047683716,82.3714297988585,12.29999977350235,138.91
1988-11-28,6.200000092387199,0.7000000104308128,-8.800000131130219,91.10000135749578,10.09999993443489,138.92
1988-12-05,11.000000163912771,6.114285805395672,0.4000000059604645,87.75714416482619,52.9999995008111,139.37
1988-12-12,10.100000150501728,5.228571506483214,-1.3000000193715096,85.34285841456482,13.500000096857548,139.33
1988-12-19,7.900000117719173,2.457142893757139,-5.200000077486038,81.51428692894322,15.50000023841858,139.29
1988-12-26,10.600000157952309,5.7857143719281465,-1.3000000193715096,88.11428702729089,11.00000001490116,139.27
1989-01-02,9.400000140070915,4.800000071525574,-0.5000000074505806,88.12857274178948,0.1000000014901161,139.25
1989-01-09,8.50000012665987,4.8857143585171015,-2.200000032782554,90.21428705858332,14.099999837577345,139.27
1989-01-16,10.30000015348196,4.914285787514278,0.0,85.58571556104081,5.699999958276749,139.39
1989-01-23,8.00000011920929,2.585714324244431,-2.3000000342726707,88.28571560127395,3.100000083446503,139.405
1989-01-30,3.500000052154064,-0.6714285814336368,-6.000000089406967,87.10000129789114,0.0,139.42
1989-02-06,8.300000123679638,0.6714285814336368,-3.6000000536441803,90.9571442125099,4.099999904632568,139.37
1989-02-13,10.500000156462193,2.457142893757139,-1.100000016391277,88.12857274178948,7.800000190734863,139.32
1989-02-20,14.100000210106373,6.885714388319424,-1.0000000149011612,75.75714398601225,15.599999725818634,139.29
1989-02-27,10.000000149011612,4.814285786024162,-0.9000000134110451,80.25714405306748,11.70000008493662,139.27
1989-03-06,17.600000262260437,7.028571533305304,2.1000000312924385,79.38571546865361,19.499999597668648,139.37
1989-03-13,17.100000254809856,7.800000116229057,1.80000002682209,72.18571536136525,4.199999883770943,139.38
1989-03-20,12.500000186264517,6.357142951871667,-2.600000038743019,75.38571540904897,22.29999989271164,139.47
1989-03-27,20.60000030696392,8.57142869915281,0.1000000014901161,66.67142956491027,26.40000009536743,139.45
1989-04-03,24.300000362098217,10.928571591419834,2.600000038743019,70.97142962898526,5.200000047683716,139.47
1989-04-10,15.500000230968,7.914285832217762,2.3000000342726707,75.38571540904897,19.80000042915344,139.49
1989-04-17,19.80000029504299,9.80000014603138,4.500000067055225,82.24285836837122,25.000000402331352,139.52
1989-04-24,18.30000027269125,7.7428572582347055,0.800000011920929,76.70000114291906,45.0,139.5
1989-05-01,18.80000028014183,8.114285835197993,1.100000016391277,68.72857245270696,1.8000000417232511,139.39
1989-05-08,24.600000366568565,13.500000201165676,2.3000000342726707,57.81428657578571,0.0,139.38
1989-05-15,25.100000374019142,13.314285912684031,5.000000074505806,71.1857153464641,20.599999502301216,139.37
1989-05-22,27.3000004068017,18.88571456713336,6.800000101327896,50.30000074952841,0.0,139.34
1989-05-29,28.200000420212746,19.08571457011359,10.30000015348196,50.30000074952841,2.0999999046325684,139.32
1989-06-05,23.500000350177288,12.414285899272986,5.200000077486038,67.82857243929591,16.299999922513962,139.22
1989-06-12,25.00000037252903,14.171428782599312,3.700000055134296,71.08571534497398,22.499999284744263,139.17
1989-06-19,27.3000004068017,19.95714315452746,9.80000014603138,45.95714354195765,0.0,139.19
1989-06-26,30.100000448524952,19.74285743704864,12.4000001847744,68.58571530772107,19.600000381469727,139.18
1989-07-03,25.80000038444996,16.728571677846567,11.800000175833702,72.02857250188079,14.000000096857548,139.07
1989-07-10,31.10000046342612,21.90000032633543,13.600000202655792,68.44285816273519,32.600000619888306,139.06
1989-07-17,25.30000037699937,17.985714553722314,8.400000125169754,58.8857151631798,0.0,139.02
1989-07-24,31.80000047385693,19.97142886902605,7.900000117719173,60.3285723275372,16.49999962002039,138.87
1989-07-31,26.30000039190054,19.057143141116416,11.000000163912771,65.71428669350487,12.099999964237211,138.86
1989-08-07,25.80000038444996,16.528571674866335,8.600000128149986,71.91428678589207,12.5,138.89
1989-08-14,26.600000396370888,19.25714314409665,12.500000186264517,70.14285818806717,8.300000190734863,138.87
1989-08-21,34.1000005081296,21.885714611836843,11.60000017285347,60.4428580435259,7.300000190734863,138.85
1989-08-28,29.300000436604023,17.271428828792914,10.500000156462193,71.47142963643584,6.100000023841858,138.84
1989-09-04,23.500000350177288,13.942857350621903,7.700000114738941,70.64285819551775,0.5000000074505806,138.87
1989-09-11,25.30000037699937,15.37142880048071,5.500000081956387,62.52857236031975,0.0,138.89
1989-09-18,28.60000042617321,17.14285739830562,11.60000017285347,78.38571545375245,20.60000023990869,138.9
1989-09-25,25.80000038444996,16.42857167337622,11.000000163912771,82.51428694384438,3.3999999538064003,138.91
1989-10-02,19.000000283122063,12.257143039788518,3.6000000536441803,76.37142970945153,1.5,138.87
1989-10-09,19.10000028461218,9.428571569068092,1.3000000193715096,78.82857260320868,20.90000013262033,138.83
1989-10-16,15.300000227987766,9.700000144541264,2.200000032782554,82.57142980183873,6.100000038743019,138.81
1989-10-23,23.600000351667404,11.900000177323818,1.600000023841858,77.10000114887953,2.0999999046325684,138.68
1989-10-30,20.500000305473804,12.571428758757454,4.90000007301569,80.10000119358301,19.399999856948853,138.77
1989-11-06,14.000000208616257,9.885714433022908,3.000000044703484,89.42857276116099,56.50000023841858,138.82
1989-11-13,11.30000016838312,4.171428633587701,-2.7000000402331352,80.32857262556043,1.600000023841858,138.81
1989-11-20,7.300000108778477,0.6285714379378727,-4.500000067055225,76.64285828492471,0.0,138.8
1989-11-27,7.500000111758709,1.1428571598870414,-7.400000110268593,74.58571539712804,4.400000065565109,138.79
1989-12-04,8.00000011920929,-1.4428571643573898,-6.500000096857548,73.97142967368875,0.0,139.16
1989-12-11,5.4000000804662704,-0.5142857219491687,-8.400000125169754,87.20000129938126,0.2000000029802322,139.17
1989-12-18,16.100000239908695,9.642857286546912,-4.200000062584877,76.91428686039788,66.90000104904175,139.19
1989-12-25,14.600000217556952,7.800000116229057,-0.4000000059604645,81.04285835048982,42.79999953508377,139.22
1990-01-01,2.600000038743019,-0.4285714349576405,-2.600000038743019,85.14285841158458,0.0,139.31
1990-01-08,1.600000023841858,-0.2142857174788202,-2.600000038743019,86.6714298629335,0.9000000059604645,139.29
1990-01-15,5.4000000804662704,1.742857168827738,-2.7000000402331352,90.2428584875805,0.6000000089406966,139.29
1990-01-22,9.900000147521496,5.000000074505806,-0.5000000074505806,84.57142983164105,4.8999998569488525,139.27
1990-01-29,13.500000201165676,6.285714379378727,1.700000025331974,71.84285821339914,20.400000408291817,139.25
1990-02-05,14.000000208616257,6.857142959322248,-2.1000000312924385,69.04285817167589,2.900000013411045,139.37
1990-02-12,15.800000235438349,5.814285800925323,-2.600000038743019,70.90000105649233,19.300000190734863,139.38
1990-02-19,14.000000208616257,5.442857223962035,-3.500000052154064,77.41428686784846,30.999999403953552,139.4
1990-02-26,18.80000028014183,9.414285854569505,1.0000000149011612,72.31428679185254,25.100000023841854,139.42
1990-03-05,11.000000163912771,4.757142928029809,-0.5000000074505806,72.14285821786949,23.49999995529652,139.44
1990-03-12,18.100000269711018,9.542857285056796,2.200000032782554,67.45714386233261,2.299999952316284,139.52
1990-03-19,19.80000029504299,9.014285848609038,0.5000000074505806,67.0000009983778,0.800000011920929,139.57
1990-03-26,19.60000029206276,9.07142870660339,1.80000002682209,71.78571535540479,9.199999958276749,139.58
1990-04-02,19.60000029206276,8.971428705113274,1.80000002682209,70.87142962749515,2.699999988079071,139.47
1990-04-09,14.800000220537186,6.41428580986602,-1.100000016391277,60.37142947103296,8.800000071525574,139.44
1990-04-16,14.100000210106373,7.842857259724822,0.5000000074505806,70.5857153375234,13.700000047683716,139.39
1990-04-23,18.30000027269125,9.257142995085037,0.6000000089406967,70.61428676652056,12.800000190734863,139.32
1990-04-30,22.30000033229589,10.771428731935364,0.6000000089406967,68.60000102221966,8.400000214576721,139.27
1990-05-07,27.200000405311584,18.357143130685603,8.50000012665987,51.2714293354324,6.300000190734863,139.39
1990-05-14,24.100000359117985,14.457143072571071,6.200000092387199,69.0142867426787,18.8999999538064,139.37
1990-05-21,24.50000036507845,16.114285954407283,6.500000096857548,56.285715124436784,6.300000190734863,139.32
1990-05-28,23.000000342726707,14.528571645064014,4.500000067055225,56.40000084042549,0.1000000014901161,139.27
1990-06-04,26.30000039190054,14.800000220537186,2.7000000402331352,56.17142940844808,18.299999810755253,139.27
1990-06-11,19.80000029504299,13.428571628672737,5.500000081956387,76.85714400240353,9.900000035762789,139.17
1990-06-18,24.100000359117985,14.542857359562602,8.400000125169754,78.14285830727646,5.999999895691872,139.09
1990-06-25,26.600000396370888,17.50000026077032,10.500000156462193,70.54285819402763,13.20000046491623,138.97
1990-07-02,29.800000444054604,19.97142886902605,11.000000163912771,68.28571530325073,37.299999833107,138.92
1990-07-09,21.80000032484532,15.91428595142705,9.900000147521496,74.41428682314498,23.30000026524067,138.89
1990-07-16,30.300000451505184,18.542857419167245,8.100000120699406,57.67142943079983,1.2000000476837158,138.87
1990-07-23,30.200000450015068,19.21428600060088,10.500000156462193,56.07142940695797,0.0,138.82
1990-07-30,33.10000049322844,21.32857174639191,8.600000128149986,54.72857224409069,0.0,138.81
1990-08-06,35.00000052154064,24.0857146446194,15.100000225007534,46.60000069439411,0.2000000029802322,138.77
1990-08-13,33.00000049173832,19.81428600954158,7.000000104308128,54.41428652512176,0.2000000029802322,138.74
1990-08-20,26.700000397861004,18.200000271201134,10.100000150501728,67.55714386382273,9.79999989271164,138.72
1990-08-27,29.60000044107437,18.471428846674307,10.500000156462193,70.67142962451491,9.100000120699406,138.73
1990-09-03,30.00000044703484,17.600000262260437,9.900000147521496,79.5285726136395,16.89999981224537,138.72
1990-09-10,19.10000028461218,13.085714480706624,7.500000111758709,80.57142977203641,40.19999945163727,138.72
1990-09-17,21.80000032484532,12.90000019222498,4.500000067055225,73.42857252274241,0.3000000119209289,138.69
1990-09-24,21.1000003144145,12.90000019222498,5.700000084936619,67.92857244078603,29.6999990940094,138.67
1990-10-01,20.80000030994416,12.17142875279699,3.6000000536441803,79.5142868991409,9.000000178813934,138.77
1990-10-08,21.300000317394733,12.228571610791343,3.700000055134296,77.82857258830752,4.5,138.79
1990-10-15,23.600000351667404,11.342857311878886,1.80000002682209,79.58571547163385,0.0,138.8
1990-10-22,19.10000028461218,11.628571601850648,2.200000032782554,75.47142969604049,0.8000000044703484,138.81
1990-10-29,15.400000229477882,8.071428691702229,-2.1000000312924385,78.95714403369597,37.99999928474426,138.83
1990-11-05,12.500000186264517,7.442857253764357,2.600000038743019,80.4714297705463,20.00000023841858,138.87
1990-11-12,9.600000143051147,4.685714355536869,-1.3000000193715096,87.48571558935302,10.900000154972076,138.89
1990-11-19,13.300000198185444,8.957142990614688,5.000000074505806,84.94285840860435,25.40000033378601,138.91
1990-11-26,9.3000001385808,3.985714345106057,-0.2000000029802322,85.82857270751681,31.19999992102385,138.92
1990-12-03,8.800000131130219,1.742857168827738,-6.000000089406967,84.400001257658,7.200000047683716,138.93
1990-12-10,7.000000104308128,-0.3857142914618764,-7.000000104308128,77.82857258830752,9.200000166893004,138.97
1990-12-17,3.200000047683716,-0.042857143495764,-4.000000059604645,85.75714413502386,15.60000029206276,139.07
1990-12-24,5.4000000804662704,1.58571430934327,-4.500000067055225,88.2285727432796,7.199999935925007,139.12
1990-12-31,13.500000201165676,5.371428651469095,1.100000016391277,84.85714412161282,30.100000381469727,139.27
1991-01-07,10.600000157952309,6.471428667860372,2.7000000402331352,81.35714406945876,27.20000028610229,139.32
1991-01-14,15.400000229477882,6.357142951871667,-0.2000000029802322,73.94285824469158,29.99999976158142,139.35
1991-01-21,6.000000089406967,-0.857142869915281,-8.00000011920929,70.88571534199374,4.399999976158142,139.36
1991-01-28,4.000000059604645,0.4857142929519926,-4.500000067055225,77.48571544034141,0.1000000014901161,139.47
1991-02-04,2.500000037252903,-3.142857189689364,-9.600000143051147,60.18571518255131,0.0,139.39
1991-02-11,0.6000000089406967,-4.842857215021338,-12.4000001847744,74.40000110864639,10.199999988079073,139.37
1991-02-18,3.500000052154064,-2.257142890776907,-9.100000135600569,81.37142978395734,10.999999716877936,139.35
1991-02-25,14.100000210106373,3.157142904187952,-5.700000084936619,79.02857260618892,1.5999999791383743,139.32
1991-03-04,11.900000177323818,3.7714286276272366,-0.9000000134110451,80.97142977799687,6.900000095367432,139.35
1991-03-11,15.400000229477882,9.185714422592095,3.500000052154064,77.44285829684564,6.0,139.38
1991-03-18,18.30000027269125,9.57142871405397,1.100000016391277,74.21428682016474,2.299999952316284,139.4
1991-03-25,16.50000024586916,9.742857288037028,4.500000067055225,77.9571440187948,16.80000013113022,139.42
1991-04-01,15.600000232458116,5.300000078976154,-2.7000000402331352,61.57142948891436,0.0,139.43
1991-04-08,17.600000262260437,9.80000014603138,1.0000000149011612,66.48571527642864,0.6000000014901161,139.37
1991-04-15,21.1000003144145,12.028571607811111,1.5000000223517418,55.41428654002292,0.3000000119209289,139.27
1991-04-22,15.000000223517418,4.071428632097585,-2.800000041723252,66.02857241247382,10.700000062584875,139.24
1991-04-29,16.800000250339508,8.157142978693757,-0.800000011920929,62.91428665178163,10.099999643862247,139.22
1991-05-06,15.400000229477882,7.1000001057982445,0.5000000074505806,79.2714297526649,22.299999952316284,139.21
1991-05-13,19.500000290572643,11.37142874087606,1.5000000223517418,64.95714382507971,1.900000050663948,139.19
1991-05-20,19.500000290572643,10.314285867980548,1.80000002682209,67.20000100135803,9.000000149011612,139.17
1991-05-27,23.300000347197056,12.985714479216508,4.000000059604645,61.8714294933847,1.8999999538064003,139.16
1991-06-03,25.30000037699937,15.385714514979297,5.700000084936619,54.071429377155646,0.0,139.14
1991-06-10,19.000000283122063,13.100000195205212,5.000000074505806,77.08571543438094,23.600000381469727,139.12
1991-06-17,24.600000366568565,15.814285949936934,10.900000162422655,66.97142956938062,22.40000069141388,139.09
1991-06-24,26.600000396370888,15.842857378934111,7.900000117719173,77.12857257787671,15.099999904632568,139.07
1991-07-01,27.60000041127205,16.87142882283245,5.900000087916851,70.47142962153468,20.30000038444996,138.97
1991-07-08,32.100000478327274,24.614286081067156,14.600000217556952,54.25714366563729,0.0,138.95
1991-07-15,34.20000050961971,22.942857484732357,13.600000202655792,61.1571437684553,9.599999904632568,138.92
1991-07-22,26.200000390410423,18.700000278651714,10.400000154972076,62.41428664433105,1.80000002682209,138.9
1991-07-29,30.500000454485416,19.38571457458394,11.10000016540289,64.17142952765737,12.599999904632568,138.87
1991-08-05,30.00000044703484,20.87142888243709,12.90000019222498,67.78571529580014,8.300000049173832,138.77
1991-08-12,34.20000050961971,22.91428605573518,13.40000019967556,60.84285804948637,6.200000166893005,138.75
1991-08-19,30.600000455975533,19.51428600507123,9.500000141561031,58.22857229624476,3.5,138.73
1991-08-26,32.70000048726797,20.800000309944156,10.500000156462193,56.97142942036901,0.800000011920929,138.72
1991-09-02,29.60000044107437,18.9571431396263,10.000000149011612,55.27142939503704,0.0,138.69
1991-09-09,29.50000043958425,16.885714537331037,6.800000101327896,61.1571437684553,0.0,138.67
1991-09-16,27.80000041425228,17.357143115784442,6.800000101327896,63.74285809269973,11.199999928474426,138.67
1991-09-23,25.80000038444996,16.314285957387515,7.500000111758709,70.5857153375234,18.1999996304512,138.66
1991-09-30,26.00000038743019,14.942857365523066,8.50000012665987,81.74285836092064,18.799999609589577,138.64
1991-10-07,20.30000030249357,12.342857326780049,4.200000062584877,81.10000120848417,20.499999813735485,138.62
1991-10-14,19.30000028759241,12.057143036808286,6.400000095367432,87.52857273284879,1.4999999552965164,138.57
1991-10-21,18.6000002771616,8.557142984654222,2.200000032782554,80.10000119358301,16.499999836087227,138.59
1991-10-28,10.80000016093254,5.471428652959211,-1.0000000149011612,76.81428685890776,0.0,138.61
1991-11-04,15.900000236928465,5.742857228432383,-2.800000041723252,77.87142973180327,14.199999809265137,138.62
1991-11-11,11.10000016540289,6.328571522874491,1.3000000193715096,81.24285835347006,39.19999957084656,138.63
1991-11-18,12.90000019222498,5.071428646998746,-0.4000000059604645,89.6571441931384,25.49999976158142,138.65
1991-11-25,10.000000149011612,3.442857194159712,-2.0000000298023224,83.97142982270036,11.00000023841858,138.67
1991-12-02,5.500000081956387,1.1714285888842173,-2.200000032782554,91.25714421698024,0.7000000029802322,138.83
1991-12-09,5.000000074505806,0.5142857219491686,-3.500000052154064,81.88571550590652,0.800000011920929,138.9
1991-12-16,1.100000016391277,-5.571428654449327,-10.400000154972076,82.10000122338533,7.199999809265137,138.92
1991-12-23,12.800000190734863,6.41428580986602,-2.3000000342726707,86.00000128149986,48.90000033378601,138.96
1991-12-30,9.00000013411045,2.0000000298023224,-5.000000074505806,84.2857155416693,0.8999999910593033,138.97
1992-01-06,9.900000147521496,3.38571433616536,-4.400000065565109,85.45714413055352,18.09999924898148,138.98
1992-01-13,11.800000175833702,4.54285721055099,-0.5000000074505806,80.61428691553218,10.49999976158142,139.0
1992-01-20,6.400000095367432,3.342857192669596,-2.7000000402331352,79.00000117719173,9.399999812245367,139.02
1992-01-27,2.7000000402331352,-2.1571428892867908,-6.70000009983778,78.9285726046988,0.2000000029802322,139.05
1992-02-03,6.000000089406967,-0.5571428654449326,-3.9000000581145287,87.55714416184595,1.2999999523162842,139.15
1992-02-10,7.800000116229057,2.7000000402331352,-1.80000002682209,90.28571563107629,10.299999982118608,139.17
1992-02-17,10.500000156462193,5.285714364477566,-2.200000032782554,81.0571440649884,15.800000071525574,139.18
1992-02-24,8.600000128149986,2.0714286022952626,-6.900000102818012,78.07142973478351,0.3000000119209289,139.19
1992-03-02,16.50000024586916,5.771428657429559,-1.100000016391277,74.17142967666898,6.300000190734863,139.19
1992-03-09,14.800000220537186,7.085714391299656,-1.100000016391277,72.37142964984689,0.4000000059604645,139.18
1992-03-16,14.40000021457672,5.728571513933795,-0.800000011920929,72.61428679632289,32.39999923855066,139.17
1992-03-23,15.600000232458116,7.828571545226233,0.6000000089406967,76.5428582834346,29.39999969303608,139.16
1992-03-30,13.100000195205212,4.928571502012866,0.5000000074505806,73.71428681271416,12.100000247359276,139.15
1992-04-06,15.800000235438349,7.185714392789772,-1.5000000223517418,67.21428671585662,6.3999998569488525,139.22
1992-04-13,19.60000029206276,10.30000015348196,1.3000000193715096,52.00000077486038,1.0000000149011612,139.27
1992-04-20,15.600000232458116,7.785714401730469,0.5000000074505806,70.88571534199374,12.8999999538064,139.3
1992-04-27,23.300000347197056,13.314285912684031,1.100000016391277,62.7142866488014,5.799999907612801,139.32
1992-05-04,17.600000262260437,10.414285869470664,4.000000059604645,69.45714389213494,20.90000021457672,139.17
1992-05-11,21.80000032484532,13.457143057669912,5.900000087916851,64.67142953510795,18.10000044107437,139.15
1992-05-18,29.200000435113907,17.942857410226548,3.700000055134296,55.78571511698621,0.0,139.12
1992-05-25,27.3000004068017,19.185714571603707,8.900000132620335,52.94285793176719,3.8000000715255737,139.1
1992-06-01,26.50000039488077,19.98571458352464,12.000000178813934,47.6857149962868,1.2999999523162842,139.09
1992-06-08,26.700000397861004,16.34285738638469,10.000000149011612,79.5285726136395,51.80000028759241,139.09
1992-06-15,28.300000421702865,17.6428574057562,9.400000140070915,68.50000102072954,4.600000202655792,139.1
1992-06-22,27.80000041425228,17.557143118764674,10.400000154972076,68.55714387872389,56.900001883506775,139.11
1992-06-29,28.300000421702865,19.785714580544404,11.500000171363354,63.442858088229386,8.100000202655792,139.12
1992-07-06,30.00000044703484,19.27142885859524,12.500000186264517,75.27142969306026,20.599999822676185,139.1
1992-07-13,27.60000041127205,18.357143130685603,11.10000016540289,74.02857253168311,16.9000004529953,139.02
1992-07-20,31.80000047385693,20.800000309944156,13.100000195205212,66.25714384445122,1.9999999403953552,138.97
1992-07-27,31.500000469386578,21.74285746685096,12.10000018030405,61.00000090897083,9.699999809265137,138.96
1992-08-03,33.5000004991889,22.97142891372953,10.80000016093254,59.35714374163321,16.299999713897705,138.95
1992-08-10,36.80000054836273,23.585714637168817,10.900000162422655,54.08571509165423,0.1000000014901161,138.93
1992-08-17,25.30000037699937,17.557143118764674,8.00000011920929,70.9428581999881,23.00000017881393,138.91
1992-08-24,30.800000458955765,20.41428601848228,11.400000169873238,75.18571540606874,60.70000115782023,138.89
1992-08-31,32.100000478327274,19.98571458352464,13.100000195205212,75.12857254807439,33.69999980926514,138.87
1992-09-07,21.300000317394733,12.885714477726392,5.200000077486038,76.44285828194448,20.90000033378601,138.88
1992-09-14,24.100000359117985,14.142857353602135,4.700000070035458,73.61428681122405,7.699999809265137,138.89
1992-09-21,23.600000351667404,15.571428803460938,8.300000123679638,78.97142974819455,19.79999963194132,138.92
1992-09-28,24.600000366568565,15.514285945466586,7.000000104308128,75.72857255701508,2.0000000596046448,138.94
1992-10-05,18.30000027269125,13.585714488157205,9.900000147521496,81.75714407541922,7.800000071525574,138.94
1992-10-12,15.800000235438349,10.242857295487608,3.200000047683716,76.71428685741765,0.4000000059604645,138.95
1992-10-19,12.4000001847744,4.642857212041106,-2.3000000342726707,74.82857254360404,7.400000095367432,138.96
1992-10-26,13.600000202655792,6.500000096857548,-0.5000000074505806,80.20000119507313,31.500000089406967,138.97
1992-11-02,10.500000156462193,4.8571429295199255,-1.600000023841858,82.87142980630908,21.40000019222498,139.02
1992-11-09,14.100000210106373,7.700000114738941,1.100000016391277,85.91428699450833,6.199999883770943,139.07
1992-11-16,13.000000193715096,6.142857234392848,0.4000000059604645,83.41428695725543,34.400000125169754,139.12
1992-11-23,14.600000217556952,6.500000096857548,-0.5000000074505806,80.42857262705054,25.69999986886978,139.17
1992-11-30,15.600000232458116,7.857142974223409,2.200000032782554,82.91428694980485,15.399999976158142,139.19
1992-12-07,13.40000019967556,6.27142866488014,0.6000000089406967,80.54285834303924,13.99999976158142,139.27
1992-12-14,7.400000110268593,4.228571491582053,1.80000002682209,81.58571550143617,11.99999976158142,139.39
1992-12-21,6.000000089406967,2.1142857457910265,-1.80000002682209,89.88571562511581,15.700000286102297,139.45
1992-12-28,6.70000009983778,0.4285714349576405,-6.500000096857548,81.20000120997429,3.400000050663948,139.47
1993-01-04,0.5000000074505806,-6.34285723737308,-11.500000171363354,73.35714395024947,0.0,139.49
1993-01-11,12.500000186264517,5.7857143719281465,-11.500000171363354,80.61428691553218,18.20000012218952,139.5
1993-01-18,15.000000223517418,7.371428681271417,-0.6000000089406967,77.45714401134423,11.100000075995922,139.53
1993-01-25,12.4000001847744,8.42857155416693,-0.5000000074505806,74.65714396962098,16.799999833106995,139.55
1993-02-01,7.500000111758709,1.1428571598870414,-5.200000077486038,80.68571548802512,7.200000047683716,139.48
1993-02-08,4.700000070035458,-0.5285714364477566,-6.800000101327896,88.05714416929654,0.8000000268220901,139.47
1993-02-15,4.200000062584877,-0.4285714349576405,-4.700000070035458,85.9571441380041,0.1000000014901161,139.44
1993-02-22,6.400000095367432,2.285714319774083,-3.700000055134296,78.84285831770727,11.699999898672104,139.42
1993-03-01,6.000000089406967,-1.1142857308898653,-9.500000141561031,71.37142963494573,1.2000000029802322,139.39
1993-03-08,9.500000141561031,2.1285714602896144,-5.000000074505806,68.58571530772107,3.0,139.37
1993-03-15,18.50000027567148,6.171428663390024,-3.6000000536441803,65.37142954553876,0.0,139.35
1993-03-22,18.100000269711018,10.257143009986196,-1.5000000223517418,69.07142960067306,8.099999725818634,139.29
1993-03-29,12.600000187754633,3.371428621666772,-5.700000084936619,56.785715131887365,0.699999988079071,139.27
1993-04-05,20.60000030696392,7.642857256744589,-5.200000077486038,71.07142963047538,17.800000585615635,139.27
1993-04-12,16.600000247359276,8.900000132620335,0.5000000074505806,70.18571533156293,26.500000193715096,139.28
1993-04-19,16.800000250339508,10.30000015348196,2.3000000342726707,73.71428681271416,10.799999713897703,139.31
1993-04-26,25.100000374019142,16.771428821342333,5.200000077486038,52.04285791835615,0.8999999761581421,139.32
1993-05-03,27.80000041425228,17.971428839223726,9.3000001385808,53.65714365669659,25.90000057220459,139.32
1993-05-10,26.100000388920307,14.84285736403295,6.000000089406967,60.00000089406967,10.500000193715096,139.28
1993-05-17,27.200000405311584,15.757143091942584,4.90000007301569,68.64285816571542,12.200000047683716,139.27
1993-05-24,26.80000039935112,17.12857168380703,7.200000107288361,62.98571522427456,13.800000071525574,139.24
1993-05-31,30.500000454485416,18.357143130685603,8.900000132620335,62.84285807928869,13.500000298023224,139.22
1993-06-07,29.800000444054604,19.328571716589583,12.10000018030405,67.27142957385097,3.899999916553497,139.17
1993-06-14,30.00000044703484,18.38571455968278,10.000000149011612,67.85714386829308,2.500000074505806,139.12
1993-06-21,29.000000432133675,17.6428574057562,7.400000110268593,66.32857241694417,9.100000023841858,139.07
1993-06-28,24.300000362098217,16.35714310088328,6.500000096857548,60.17142946805273,2.3000000715255737,139.02
1993-07-05,30.70000045746565,22.571428907769068,8.400000125169754,49.114286446145606,0.3000000119209289,139.01
1993-07-12,28.300000421702865,16.900000251829624,8.600000128149986,57.357143711830886,15.700000047683716,139.0
1993-07-19,28.10000041872263,18.128571698708196,9.00000013411045,72.7285725123116,14.0999998152256,138.98
1993-07-26,27.500000409781933,17.07142882581268,9.900000147521496,68.18571530176061,11.800000309944153,138.97
1993-08-02,31.600000470876694,18.985714568623475,9.900000147521496,71.08571534497398,24.90000057220459,138.92
1993-08-09,28.300000421702865,20.057143156017577,8.600000128149986,60.257143755044254,11.299999989569187,138.87
1993-08-16,29.800000444054604,19.98571458352464,10.100000150501728,62.32857235733952,2.4000000059604645,138.85
1993-08-23,31.10000046342612,19.58571457756417,10.900000162422655,57.92857229177441,1.5000000596046448,138.83
1993-08-30,21.60000032186508,14.314285927585193,5.200000077486038,60.18571518255131,1.100000023841858,138.82
1993-09-06,20.10000029951334,12.928571621222156,3.200000047683716,71.40000106394291,14.70000010728836,138.8
1993-09-13,22.800000339746475,15.000000223517418,5.200000077486038,81.95714407839945,37.39999929070473,138.79
1993-09-20,24.600000366568565,14.057143066610609,6.000000089406967,70.61428676652056,5.599999904632568,138.78
1993-09-27,24.100000359117985,14.000000208616257,6.900000102818012,84.21428696917636,28.10000044107437,138.77
1993-10-04,18.100000269711018,11.585714458354882,3.6000000536441803,80.92857263450112,34.299999475479126,138.79
1993-10-11,20.60000030696392,12.957143050219331,3.700000055134296,80.88571549100536,11.199999988079073,138.82
1993-10-18,19.10000028461218,9.51428585605962,0.5000000074505806,75.47142969604049,14.899999916553496,138.85
1993-10-25,10.400000154972076,6.028571518404143,3.000000044703484,82.12857265238252,11.399999856948853,138.87
1993-11-01,10.500000156462193,3.5714286246470044,-1.3000000193715096,82.87142980630908,0.0,138.87
1993-11-08,7.800000116229057,5.25714293548039,2.3000000342726707,88.74285846522876,6.899999976158142,138.87
1993-11-15,12.300000183284284,5.571428654449327,-1.0000000149011612,81.61428693043334,12.5999998152256,138.87
1993-11-22,4.200000062584877,-0.6285714379378727,-5.4000000804662704,68.28571530325073,0.4000000059604644,138.87
1993-11-29,1.100000016391277,-3.0285714737006595,-6.900000102818012,77.9571440187948,0.3000000044703483,138.87
1993-12-06,10.000000149011612,2.371428606765611,-8.00000011920929,83.61428696023566,2.299999952316284,138.87
1993-12-13,11.400000169873238,5.771428657429559,-1.80000002682209,80.75714406051806,43.70000022649765,139.02
1993-12-20,13.000000193715096,6.057142947401319,1.0000000149011612,83.94285839370319,72.80000054836273,139.17
1993-12-27,10.100000150501728,2.7571428982274875,-2.500000037252903,82.41428694235427,20.99999964237213,139.27
1994-01-03,11.400000169873238,5.214285791984627,-1.3000000193715096,81.34285835496017,31.100000008940697,139.57
1994-01-10,8.300000123679638,4.785714357026985,-0.2000000029802322,85.15714412608317,11.599999964237211,139.77
1994-01-17,12.800000190734863,4.8857143585171015,-2.600000038743019,78.78571545971292,11.500000052154064,139.82
1994-01-24,6.900000102818012,1.2571428758757457,-6.200000092387199,84.18571554017919,9.700000181794168,139.87
1994-01-31,10.900000162422655,4.8857143585171015,0.0,78.6714297437242,16.199999809265137,139.92
1994-02-07,7.200000107288361,3.31428576367242,-3.1000000461936,86.0714298539928,16.500000193715096,139.92
1994-02-14,6.500000096857548,0.9285714424082212,-8.300000123679638,70.8285724839994,2.30000002682209,139.91
1994-02-21,2.500000037252903,-3.328571478171008,-9.400000140070915,55.75714368798903,2.7999998927116394,139.89
1994-02-28,16.100000239908695,5.900000087916851,-4.500000067055225,83.9285726792046,15.30000002682209,139.87
1994-03-07,15.400000229477882,6.928571531815188,-1.0000000149011612,75.24285826406309,11.29999977350235,139.82
1994-03-14,17.50000026077032,9.328571567577976,-0.9000000134110451,75.80000112950802,11.70000010728836,139.77
1994-03-21,11.000000163912771,5.800000086426735,-0.6000000089406967,75.85714398750237,29.00000007450581,139.72
1994-03-28,14.40000021457672,8.942857276116099,-0.800000011920929,71.60000106692314,12.5,139.67
1994-04-04,20.10000029951334,8.957142990614686,1.600000023841858,73.41428680824382,22.200000263750557,139.77
1994-04-11,10.500000156462193,5.385714365967682,0.1000000014901161,77.32857258085694,21.399999856948853,139.87
1994-04-18,15.100000225007534,7.142857249294009,-1.100000016391277,71.78571535540479,24.30000042915344,139.89
1994-04-25,22.100000329315662,12.68571447474616,-0.4000000059604645,62.5857152183141,0.6000000089406966,139.91
1994-05-02,26.00000038743019,14.657143075551303,3.1000000461936,64.52857239012208,0.4000000059604645,139.87
1994-05-09,22.30000033229589,13.25714305468968,5.200000077486038,69.41428674863917,16.49999962002039,139.85
1994-05-16,25.600000381469727,16.185714526900224,8.00000011920929,63.04285808226892,2.1999999657273293,139.83
1994-05-23,22.30000033229589,14.40000021457672,9.400000140070915,79.92857261959996,32.6000000834465,139.82
1994-05-30,22.600000336766243,13.157143053199563,4.500000067055225,74.77142968560968,29.30000054836273,139.84
1994-06-06,27.10000040382147,15.071428796010355,4.90000007301569,64.15714381315878,20.20000004768372,139.85
1994-06-13,26.100000388920307,14.900000222027302,7.700000114738941,67.7285724378058,9.699999883770944,139.67
1994-06-20,28.300000421702865,18.114285984209605,9.900000147521496,62.67142950530563,0.5,139.37
1994-06-27,31.600000470876694,22.48571462077754,11.000000163912771,57.157143708850654,11.300000190734863,139.32
1994-07-04,34.30000051110983,24.0857146446194,15.400000229477882,63.15714379825762,30.30000114440918,139.3
1994-07-11,30.300000451505184,20.3857145894851,10.900000162422655,64.6142866771136,0.400000013411045,139.27
1994-07-18,32.20000047981739,23.35714320519141,16.100000239908695,68.14285815826484,17.099999606609344,139.07
1994-07-25,33.10000049322844,22.25714318880013,15.300000227987766,65.24285811505148,7.599999904632568,139.01
1994-08-01,34.30000051110983,24.9142860855375,16.600000247359276,59.28571516914027,0.5000000074505806,138.99
1994-08-08,36.20000053942204,23.72857178215469,16.300000242888927,65.57142954851899,43.80000007152557,139.02
1994-08-15,26.80000039935112,18.100000269711018,8.800000131130219,70.75714391150645,18.799999952316284,139.04
1994-08-22,28.700000427663326,18.114285984209605,8.00000011920929,67.51428672032696,11.300000011920927,139.07
1994-08-29,27.500000409781933,18.414285988679957,11.500000171363354,73.45714395173958,6.3999998569488525,139.09
1994-09-05,24.600000366568565,16.757143106843746,7.200000107288361,72.55714393832854,3.4999999552965164,139.07
1994-09-12,20.80000030994416,15.400000229477882,10.500000156462193,83.87142982121024,46.5,139.04
1994-09-19,19.80000029504299,12.342857326780049,7.700000114738941,81.1714297809771,15.100000321865082,139.03
1994-09-26,24.100000359117985,15.485714516469413,6.000000089406967,76.28571542246002,1.6999999657273293,139.02
1994-10-03,21.1000003144145,14.071428781109196,7.300000108778477,81.85714407690934,5.500000096857548,139.0
1994-10-10,16.100000239908695,5.814285800925323,-0.800000011920929,77.21428686486823,0.5000000149011611,138.98
1994-10-17,20.10000029951334,8.957142990614686,1.100000016391277,77.82857258830752,0.0,138.96
1994-10-24,16.00000023841858,8.371428696172577,-0.9000000134110451,74.01428681718451,7.600000023841858,138.94
1994-10-31,19.80000029504299,10.771428731935364,3.200000047683716,81.20000120997429,37.99999940395355,138.92
1994-11-07,17.80000026524067,9.528571570558208,1.80000002682209,84.00000125169754,0.5000000074505806,138.93
1994-11-14,12.300000183284284,9.371428711073738,6.000000089406967,91.27142993147883,10.50000024586916,138.95
1994-11-21,14.600000217556952,10.000000149011612,5.500000081956387,85.42857270155635,22.699999906122684,138.97
1994-11-28,13.100000195205212,7.800000116229057,2.200000032782554,85.55714413204363,6.299999907612801,138.97
1994-12-05,12.10000018030405,5.028571503502982,-2.200000032782554,85.1142869825874,12.399999976158142,138.97
1994-12-12,13.100000195205212,8.314285838178225,-1.80000002682209,77.257144008364,5.100000083446503,138.98
1994-12-19,11.60000017285347,3.414285765162536,-5.500000081956387,82.5000012293458,3.699999906122685,138.99
1994-12-26,5.200000077486038,0.7428571539265769,-2.1000000312924385,78.65714402922562,3.399999976158142,138.99
1995-01-02,12.500000186264517,6.657142956342016,0.2000000029802322,79.18571546567338,32.10000038146973,139.07
1995-01-09,1.3000000193715096,-4.114285775593349,-9.500000141561031,79.67142975862537,13.999999821186066,139.17
1995-01-16,5.200000077486038,1.0142857293997491,-4.000000059604645,78.57142974223409,10.400000311434267,139.19
1995-01-23,12.4000001847744,3.8714286291173527,-4.700000070035458,77.17142972137246,47.99999952316284,139.21
1995-01-30,13.600000202655792,6.171428663390024,-0.4000000059604645,77.85714401730469,99.70000100135805,139.22
1995-02-06,11.500000171363354,5.028571503502982,-3.200000047683716,80.0000011920929,6.799999922513962,140.17
1995-02-13,13.000000193715096,6.314285808375904,-2.800000041723252,77.27142972286258,11.099999979138374,140.15
1995-02-20,11.60000017285347,7.528571540755885,2.1000000312924385,78.07142973478351,45.00000114738941,140.12
1995-02-27,15.100000225007534,4.128571490091937,-1.100000016391277,77.08571543438094,33.099999845027924,140.09
1995-03-06,12.300000183284284,4.714285784534046,-2.200000032782554,73.11428680377347,11.400000095367432,140.11
1995-03-13,14.100000210106373,4.90000007301569,-2.200000032782554,66.78571528089898,0.6000000089406967,140.1
1995-03-20,11.30000016838312,5.128571504993098,0.1000000014901161,73.928572530193,42.39999994635583,140.09
1995-03-27,17.600000262260437,6.300000093877316,-2.7000000402331352,71.02857248697963,13.399999856948853,140.08
1995-04-03,21.60000032186508,6.371428666370256,-2.800000041723252,72.25714393385819,17.300000369548798,140.07
1995-04-10,18.0000002682209,9.314285853079388,2.3000000342726707,66.7571438519018,4.200000047683716,140.05
1995-04-17,14.300000213086603,8.50000012665987,0.4000000059604645,67.3571438608425,19.9000007212162,140.04
1995-04-24,26.30000039190054,11.657143030847822,1.100000016391277,71.81428678440196,21.90000057220459,140.02
1995-05-01,22.100000329315662,13.057143051709447,3.700000055134296,74.60000111162663,26.199999511241916,139.97
1995-05-08,27.3000004068017,16.385714529880456,5.700000084936619,57.12857227985348,11.0,139.92
1995-05-15,17.30000025779009,10.357143011476312,1.0000000149011612,64.32857238714185,2.2999999672174454,139.82
1995-05-22,19.60000029206276,10.771428731935364,1.700000025331974,74.81428682910544,26.30000038444996,139.77
1995-05-29,28.00000041723252,18.414285988679957,6.70000009983778,67.9571438697832,36.09999918937683,139.72
1995-06-05,20.30000030249357,14.371428785579544,9.00000013411045,79.2857154671635,19.00000011920929,139.67
1995-06-12,19.30000028759241,14.014285923114844,7.700000114738941,68.00000101327896,6.800000190734863,139.57
1995-06-19,24.100000359117985,14.91428593652589,10.100000150501728,78.22857259426799,29.699999429285526,139.54
1995-06-26,29.000000432133675,18.55714313366584,10.600000157952309,66.44285813293287,2.999999910593033,139.52
1995-07-03,31.80000047385693,22.357143190290248,12.500000186264517,60.28571518404143,5.300000011920929,139.47
1995-07-10,34.60000051558018,21.928571755332605,11.500000171363354,59.15714373865298,4.699999809265137,139.37
1995-07-17,33.30000049620867,21.98571461332696,16.300000242888927,71.45714392193726,48.100000858306885,139.32
1995-07-24,35.50000052899122,21.942857469831196,11.900000177323818,67.08571528536933,9.200000382959844,139.29
1995-07-31,31.70000047236681,22.0571431858199,13.600000202655792,66.2714295589498,16.899999856948853,139.27
1995-08-07,32.00000047683716,22.457143191780364,13.40000019967556,59.44285802862474,0.1000000014901161,139.12
1995-08-14,31.80000047385693,19.88571458203452,11.000000163912771,64.47142953212771,2.400000095367432,139.09
1995-08-21,29.800000444054604,20.285714587994985,12.300000183284284,68.47142959173236,1.5,139.07
1995-08-28,30.300000451505184,18.08571455521243,10.000000149011612,80.88571549100536,47.10000061988831,139.02
1995-09-04,18.6000002771616,13.028571622712272,7.400000110268593,82.91428694980485,25.90000009536743,139.04
1995-09-11,22.600000336766243,15.542857374463765,10.30000015348196,79.31428689616067,10.00000013411045,139.02
1995-09-18,22.000000327825543,14.48571450156825,8.100000120699406,82.27142979736838,13.399999618530272,138.99
1995-09-25,18.50000027567148,13.200000196695328,8.50000012665987,83.82857267771449,42.60000020265579,138.97
1995-10-02,19.60000029206276,11.357143026377472,3.400000050663948,82.32857265536275,20.39999967813492,139.07
1995-10-09,23.300000347197056,15.485714516469413,9.600000143051147,88.07142988379512,14.400000333786013,139.22
1995-10-16,24.100000359117985,14.871428793030123,9.400000140070915,88.62857274924006,0.0,139.22
1995-10-23,16.600000247359276,10.214285866490432,0.4000000059604645,83.78571553421872,1.0,139.19
1995-10-30,18.80000028014183,11.728571603340765,4.200000062584877,90.04285848460027,18.799999624490734,139.17
1995-11-06,12.4000001847744,3.657142911638533,-5.900000087916851,79.57142975713525,14.700000286102297,139.19
1995-11-13,12.800000190734863,5.557142939950738,-0.5000000074505806,83.85714410671166,4.1999999061226845,139.22
1995-11-20,13.300000198185444,5.485714367457798,-2.3000000342726707,83.32857267026391,24.600000143051147,139.23
1995-11-27,9.400000140070915,2.585714324244431,-4.200000062584877,84.2714298271707,0.0,139.23
1995-12-04,4.000000059604645,2.1000000312924385,-0.5000000074505806,84.00000125169754,0.2000000029802322,139.24
1995-12-11,3.500000052154064,-0.5714285799435207,-4.200000062584877,80.60000120103359,0.1000000014901161,139.25
1995-12-18,4.700000070035458,0.885714298912457,-2.7000000402331352,79.5285726136395,0.8999999910593033,139.25
1995-12-25,12.4000001847744,4.3714286365679325,-2.800000041723252,91.38571564746756,54.30000098049641,139.25
1996-01-01,2.0000000298023224,-2.8142857562218397,-10.80000016093254,77.32857258085694,5.100000098347664,139.26
1996-01-08,5.4000000804662704,-1.028571443898337,-8.00000011920929,83.71428696172578,1.8000000715255735,139.27
1996-01-15,8.50000012665987,2.485714322754315,-0.9000000134110451,86.05714413949421,0.0,139.27
1996-01-22,1.3000000193715096,-1.2000000178813934,-4.500000067055225,79.55714404263666,0.1000000014901161,139.26
1996-01-29,2.200000032782554,-2.4285714647599628,-6.200000092387199,70.07142961557422,1.800000011920929,139.25
1996-02-05,4.700000070035458,-1.8428571703178545,-9.100000135600569,72.67142965431724,4.799999892711639,139.27
1996-02-12,6.000000089406967,-0.9428571569068092,-10.30000015348196,76.84285828790495,8.500000081956387,139.29
1996-02-19,6.500000096857548,2.1428571747882024,-1.0000000149011612,84.41428697215659,29.70000046491623,139.35
1996-02-26,14.100000210106373,-0.4428571494562284,-11.000000163912771,71.90000107139349,3.700000047683716,139.42
1996-03-04,11.800000175833702,1.700000025331974,-6.200000092387199,69.67142960961375,0.3000000119209289,139.41
1996-03-11,8.600000128149986,1.9857143153037344,-3.9000000581145287,66.14285812846252,2.9000000283122063,139.4
1996-03-18,12.000000178813934,2.657142896737372,-6.200000092387199,68.45714387723378,0.0,139.37
1996-03-25,14.900000222027302,8.600000128149986,2.200000032782554,74.97142968858991,9.699999988079073,139.32
1996-04-01,9.900000147521496,2.871428614216192,-5.000000074505806,68.55714387872389,6.600000023841858,139.32
1996-04-08,19.30000028759241,5.985714374908379,-3.500000052154064,72.714286797813,3.1999999582767487,139.3
1996-04-15,15.600000232458116,6.8142858158264845,-2.1000000312924385,64.57142953361783,1.2999999523162842,139.29
1996-04-22,27.500000409781933,13.957143065120492,-1.3000000193715096,51.700000770390034,0.0,139.27
1996-04-29,22.600000336766243,13.242857340191092,2.200000032782554,67.1285724288651,9.599999904632568,139.25
1996-05-06,20.80000030994416,11.24285731038877,1.100000016391277,69.08571531517165,16.90000019222498,139.24
1996-05-13,17.30000025779009,9.94285729101726,5.000000074505806,77.15714400687388,3.900000005960465,139.22
1996-05-20,22.600000336766243,12.771428761737686,7.300000108778477,82.21428693937403,31.799999237060547,139.19
1996-05-27,23.100000344216824,13.771428776638848,5.000000074505806,73.6714296692184,34.499999821186066,139.17
1996-06-03,30.00000044703484,15.714285948446818,5.000000074505806,70.30000104755163,19.80000042915344,139.16
1996-06-10,32.70000048726797,22.12857175831284,7.800000116229057,65.14285811356136,20.80000038444996,139.14
1996-06-17,30.800000458955765,18.45714313217572,6.70000009983778,59.24285802564451,0.0,139.12
1996-06-24,27.3000004068017,14.457143072571071,10.000000149011612,67.70000100880861,11.49999976158142,139.11
1996-07-01,24.600000366568565,16.028571667415754,7.500000111758709,71.34285820594856,12.399999529123306,139.09
1996-07-08,24.50000036507845,15.985714523919992,8.800000131130219,72.98571537328618,42.89999932050705,139.12
1996-07-15,28.300000421702865,18.6000002771616,7.900000117719173,72.15714393236807,24.09999978542328,139.19
1996-07-22,25.600000381469727,16.742857392345154,7.800000116229057,58.47142944272076,0.0,139.21
1996-07-29,27.60000041127205,18.38571455968278,11.10000016540289,76.71428685741765,26.59999978542328,139.23
1996-08-05,28.700000427663326,18.571428848164423,9.500000141561031,66.2857152734484,0.0,138.92
1996-08-12,29.10000043362379,18.700000278651714,10.500000156462193,75.41428683804614,23.89999969303608,138.91
1996-08-19,29.300000436604023,18.05714312621525,11.900000177323818,74.87142968709979,0.4000000059604644,138.9
1996-08-26,28.80000042915344,18.571428848164423,10.500000156462193,75.97142970349107,26.39999961853028,138.88
1996-09-02,23.100000344216824,14.61428593205554,7.000000104308128,76.01428684698683,20.299999728798863,138.89
1996-09-09,24.600000366568565,13.371428770678383,3.000000044703484,68.50000102072954,0.3000000044703483,138.9
1996-09-16,17.30000025779009,11.442857313369002,5.200000077486038,80.91428692000252,23.69999957084656,138.92
1996-09-23,19.10000028461218,10.80000016093254,4.000000059604645,80.62857263003077,10.5999998152256,138.91
1996-09-30,21.50000032037497,12.557143044258869,6.500000096857548,79.38571546865361,1.400000050663948,138.89
1996-10-07,17.30000025779009,9.671428715544089,2.500000037252903,83.11428695278508,6.200000144541264,138.91
1996-10-14,19.60000029206276,11.02857159290995,4.000000059604645,83.20000123977661,0.0,138.92
1996-10-21,16.300000242888927,10.257143009986196,5.000000074505806,87.87142988081489,56.799999594688416,138.95
1996-10-28,16.100000239908695,9.400000140070915,0.800000011920929,77.61428687082869,4.999999813735485,138.97
1996-11-04,15.600000232458116,11.000000163912771,7.000000104308128,72.14285821786949,11.099999859929085,139.02
1996-11-11,15.000000223517418,8.800000131130219,4.000000059604645,79.6428583296282,17.200000122189522,139.03
1996-11-18,11.500000171363354,4.957142931010042,-0.5000000074505806,86.45714414545468,45.19999904930592,139.04
1996-11-25,8.50000012665987,2.285714319774083,-3.400000050663948,82.64285837433168,11.100000336766245,139.07
1996-12-02,7.300000108778477,3.17142861868654,0.4000000059604645,82.78571551931756,12.199999898672104,139.12
1996-12-09,10.500000156462193,2.9142857577119554,-0.5000000074505806,79.34285832515785,2.0999999046325684,139.15
1996-12-16,4.90000007301569,0.4857142929519925,-4.400000065565109,87.15714415588549,6.999999858438969,139.16
1996-12-23,7.000000104308128,1.3142857338700975,-4.700000070035458,80.40000119805336,12.799999609589577,139.17
1996-12-30,-1.5000000223517418,-8.057142977203641,-16.300000242888927,69.27142960365329,9.100000143051147,139.19
1997-01-06,-2.7000000402331352,-8.042857262705054,-17.30000025779009,81.22857263897147,5.100000008940697,139.21
1997-01-13,-0.9000000134110451,-5.000000074505806,-12.500000186264517,78.88571546120303,0.0,139.3
1997-01-20,4.200000062584877,-4.114285775593349,-13.500000201165676,84.97142983760152,11.90000030398369,139.3
1997-01-27,5.4000000804662704,2.514285751751491,-0.4000000059604645,89.78571562362569,4.300000041723251,139.32
1997-02-03,4.700000070035458,0.6571428669350486,-6.400000095367432,79.0428583206875,0.2000000029802322,139.37
1997-02-10,12.800000190734863,4.6000000685453415,-2.7000000402331352,74.14285824767181,12.700000166893004,139.43
1997-02-17,12.500000186264517,5.200000077486038,-1.80000002682209,74.62857254062381,35.600000858306885,139.57
1997-02-24,13.600000202655792,8.371428696172577,-0.1000000014901161,67.91428672628743,9.499999791383743,139.67
1997-03-03,18.6000002771616,9.200000137090685,2.800000041723252,69.8571438980954,29.499999821186066,139.7
1997-03-10,18.6000002771616,8.200000122189522,-0.1000000014901161,74.12857253317323,0.9000000059604645,139.72
1997-03-17,18.80000028014183,9.700000144541264,0.800000011920929,75.20000112056732,2.5000000596046448,139.68
1997-03-24,15.100000225007534,5.771428657429559,-1.600000023841858,75.24285826406309,16.899999976158142,139.64
1997-03-31,17.80000026524067,8.600000128149986,2.7000000402331352,70.14285818806717,5.000000029802322,139.59
1997-04-07,19.60000029206276,7.3571429667728285,-2.600000038743019,62.18571521235364,5.500000074505806,139.53
1997-04-14,19.30000028759241,7.857142974223409,-3.000000044703484,57.74285800329277,0.0,139.51
1997-04-21,17.50000026077032,6.442857238863196,-3.6000000536441803,53.128572220248834,0.800000011920929,139.47
1997-04-28,19.10000028461218,10.65714301594666,-2.500000037252903,64.42857238863196,13.800000071525574,139.44
1997-05-05,26.30000039190054,14.12857163910355,3.9000000581145287,70.95714391448668,25.699999928474423,139.41
1997-05-12,24.00000035762787,11.214285881391593,2.7000000402331352,68.80000102519989,18.100000515580177,139.42
1997-05-19,29.300000436604023,18.857143138136184,6.70000009983778,69.3714296051434,6.500000074505806,139.4
1997-05-26,21.1000003144145,13.500000201165676,4.200000062584877,61.700000919401646,4.900000095367432,139.37
1997-06-02,20.80000030994416,13.8285716346332,3.500000052154064,52.17142934884344,0.800000011920929,139.33
1997-06-09,28.200000420212746,19.10000028461218,7.000000104308128,59.78571517659085,0.7999999895691872,139.27
1997-06-16,29.50000043958425,19.20000028610229,9.400000140070915,64.87142953808818,18.799999952316284,139.24
1997-06-23,21.1000003144145,14.871428793030123,8.00000011920929,73.57142966772828,26.49999976158142,139.21
1997-06-30,27.3000004068017,15.814285949936934,9.100000135600569,74.87142968709979,23.50000047683716,139.2
1997-07-07,26.00000038743019,16.971428824322565,11.400000169873238,72.78571537030595,12.299999833106996,139.17
1997-07-14,28.300000421702865,19.771428866045817,11.400000169873238,66.48571527642864,15.399999618530272,139.14
1997-07-21,25.80000038444996,17.78571455074208,9.80000014603138,77.31428686635834,12.30000015348196,139.12
1997-07-28,27.60000041127205,19.44285743257829,10.500000156462193,68.3142867322479,4.999999955296516,139.1
1997-08-04,28.80000042915344,19.01428599762065,12.000000178813934,73.05714394577912,6.799999907612801,139.07
1997-08-11,31.300000466406345,22.228571759802957,12.500000186264517,57.95714372077158,0.4000000059604645,139.02
1997-08-18,31.70000047236681,21.8142860393439,13.90000020712614,61.9857152093734,0.2000000029802322,138.99
1997-08-25,32.600000485777855,22.142857472811425,13.100000195205212,65.97142955447946,0.1000000014901161,138.97
1997-09-01,30.500000454485416,18.9571431396263,11.30000016838312,75.7000011280179,14.600000001490116,138.95
1997-09-08,25.700000382959843,18.02857169721808,9.500000141561031,75.37142969455037,14.699999988079073,138.93
1997-09-15,24.600000366568565,13.600000202655792,3.000000044703484,67.54285814932415,4.999999910593033,138.91
1997-09-22,25.80000038444996,13.300000198185444,3.200000047683716,69.07142960067306,0.0,138.87
1997-09-29,23.600000351667404,12.942857335720744,4.200000062584877,69.18571531666177,0.0,138.85
1997-10-06,23.000000342726707,13.228571625692505,2.200000032782554,73.47142966623817,0.4000000059604645,138.82
1997-10-13,23.000000342726707,13.90000020712614,6.200000092387199,76.32857256595578,50.6000000834465,138.87
1997-10-20,15.600000232458116,7.871428688721997,3.400000050663948,85.54285841754505,6.300000190734863,138.84
1997-10-27,10.500000156462193,4.042857203100409,-2.200000032782554,74.45714396664074,0.7000000029802322,138.85
1997-11-03,10.900000162422655,1.5000000223517418,-5.700000084936619,74.64285825512239,0.0,138.85
1997-11-10,13.100000195205212,8.442857268665518,-1.3000000193715096,81.31428692596299,25.50000002980232,138.85
1997-11-17,11.500000171363354,6.27142866488014,0.9000000134110451,87.00000129640102,10.599999904632568,138.87
1997-11-24,7.400000110268593,2.1285714602896144,-2.500000037252903,85.61428699003798,5.399999797344208,138.87
1997-12-01,10.400000154972076,4.90000007301569,-0.2000000029802322,85.07142983909164,7.899999976158142,138.87
1997-12-08,4.500000067055225,0.985714300402573,-1.80000002682209,84.72857269112554,8.999999977648258,138.89
1997-12-15,12.000000178813934,6.328571522874491,-1.0000000149011612,82.64285837433168,24.40000009536743,138.93
1997-12-22,3.200000047683716,0.4714285784534046,-5.4000000804662704,84.2714298271707,11.200000017881392,138.97
1997-12-29,14.600000217556952,6.98571438980954,1.5000000223517418,83.20000123977661,16.699999906122684,139.0
1998-01-05,11.000000163912771,7.071428676801069,0.2000000029802322,76.45714399644307,15.699999906122684,139.03
1998-01-12,12.4000001847744,5.957142945911203,-2.800000041723252,77.27142972286258,2.700000047683716,139.09
1998-01-19,11.500000171363354,5.642857226942267,-1.600000023841858,78.24285830876657,20.49999985843897,139.07
1998-01-26,4.700000070035458,0.2000000029802322,-7.000000104308128,78.70000117272139,5.499999977648258,139.19
1998-02-02,2.7000000402331352,-4.157142919089113,-13.40000019967556,74.11428681867463,0.800000011920929,139.19
1998-02-09,9.00000013411045,-0.5571428654449326,-9.500000141561031,76.7857154299106,0.0,139.19
1998-02-16,17.100000254809856,8.014285833707877,-2.200000032782554,70.01428675757987,0.1000000014901161,139.18
1998-02-23,17.600000262260437,7.285714394279888,-1.5000000223517418,76.24285827896425,11.600000143051147,139.17
1998-03-02,15.100000225007534,7.442857253764357,-0.4000000059604645,75.2285725495645,4.999999910593033,139.18
1998-03-09,19.10000028461218,7.685714400240353,-3.200000047683716,69.47142960663352,42.89999999105931,139.26
1998-03-16,10.600000157952309,5.357142936970506,-4.200000062584877,72.80000108480453,6.09999980032444,139.34
1998-03-23,12.000000178813934,5.428571509463446,-3.9000000581145287,68.18571530176061,5.0000001192092896,139.38
1998-03-30,22.100000329315662,8.557142984654222,-4.700000070035458,62.20000092685223,0.0,139.35
1998-04-06,23.80000035464764,11.500000171363354,6.400000095367432,77.7285725868174,21.30000013113022,139.35
1998-04-13,14.900000222027302,7.757142972733293,-0.4000000059604645,74.54285825363228,20.799999810755253,139.36
1998-04-20,15.500000230968,6.98571438980954,-0.6000000089406967,72.54285822382995,13.59999978542328,139.35
1998-04-27,22.30000033229589,13.385714485176972,5.500000081956387,71.95714392938784,21.799999237060547,139.37
1998-05-04,22.30000033229589,11.857143033828054,6.000000089406967,77.92857258979764,8.40000019222498,139.42
1998-05-11,29.800000444054604,16.100000239908695,3.1000000461936,63.84285809418985,3.3999999538064003,139.4
1998-05-18,30.300000451505184,17.87142883773361,6.000000089406967,53.91428651767118,0.0,139.34
1998-05-25,24.8000003695488,13.785714491137435,5.000000074505806,65.37142954553876,1.100000023841858,139.3
1998-06-01,23.80000035464764,16.34285738638469,10.000000149011612,76.771429715412,52.69999980926514,139.25
1998-06-08,31.80000047385693,20.3857145894851,10.100000150501728,66.8857152823891,15.899999976158142,139.18
1998-06-15,21.80000032484532,14.657143075551303,6.500000096857548,77.21428686486823,17.400000393390656,139.17
1998-06-22,32.20000047981739,19.071428855615004,11.500000171363354,67.74285815230438,4.0000001192092896,139.14
1998-06-29,30.00000044703484,19.842857438538758,11.000000163912771,63.04285808226892,0.800000011920929,139.1
1998-07-06,24.00000035762787,17.571428833263262,10.80000016093254,69.15714388766459,4.600000098347664,139.07
1998-07-13,23.500000350177288,16.114285954407283,10.30000015348196,78.12857259277787,20.900000147521496,139.07
1998-07-20,34.20000050961971,17.900000266730785,9.600000143051147,73.41428680824382,10.199999749660492,139.01
1998-07-27,31.300000466406345,20.47142887647663,11.30000016838312,67.2428581448538,7.900000095367432,138.99
1998-08-03,25.30000037699937,17.485714546271733,9.500000141561031,75.02857254658427,15.500000208616257,138.98
1998-08-10,34.30000051110983,21.285714602896142,9.500000141561031,60.81428662048919,0.3000000119209289,138.95
1998-08-17,36.6000005453825,22.157143187310016,9.500000141561031,56.314286553433966,0.0,138.9
1998-08-24,28.300000421702865,17.242857399795735,9.100000135600569,70.02857247207847,38.90000033378601,138.89
1998-08-31,23.100000344216824,13.628571631652967,6.000000089406967,69.71428675310952,1.2999999523162842,138.89
1998-09-07,21.1000003144145,16.171428812401636,7.800000116229057,83.35714409926108,27.50000035762787,138.88
1998-09-14,24.00000035762787,14.314285927585193,7.900000117719173,84.67142983313117,66.19999951124191,138.9
1998-09-21,19.80000029504299,12.17142875279699,4.700000070035458,80.52857262854066,24.0,139.07
1998-09-28,22.100000329315662,14.34285735658237,7.400000110268593,78.30000116676092,3.100000061094761,139.06
1998-10-05,19.30000028759241,10.328571582479135,4.500000067055225,89.45714419015816,24.799999177455906,139.11
1998-10-12,14.100000210106373,9.957143005515848,7.000000104308128,85.8428584220154,40.199999906122684,139.16
1998-10-19,19.10000028461218,11.185714452394418,4.90000007301569,81.81428693341357,7.400000154972076,139.24
1998-10-26,16.800000250339508,10.385714440473487,4.700000070035458,77.88571544630187,35.400000512599945,139.29
1998-11-02,15.400000229477882,8.742857273135867,2.500000037252903,79.68571547312396,71.99999967217445,139.67
1998-11-09,12.300000183284284,6.9428572463137765,-0.5000000074505806,83.18571552527803,16.700000047683716,139.84
1998-11-16,13.000000193715096,4.785714357026985,-0.6000000089406967,88.52857274774995,16.900000274181366,139.86
1998-11-23,4.000000059604645,-2.1857143182839667,-8.100000120699406,81.70000121742487,2.1999999433755875,139.82
1998-11-30,4.500000067055225,1.2857143048729216,-1.700000025331974,84.32857268516507,5.499999977648258,139.72
1998-12-07,2.7000000402331352,-0.6428571524364608,-3.000000044703484,79.8857154761042,1.4999999776482582,139.67
1998-12-14,10.80000016093254,2.385714321264199,-6.500000096857548,88.47142988975558,15.300000190734863,139.64
1998-12-21,10.100000150501728,3.542857195649828,-2.7000000402331352,85.65714413353375,7.499999918043613,139.65
1998-12-28,13.40000019967556,5.04285721800157,-2.0000000298023224,78.62857260022845,4.399999901652336,139.63
1999-01-04,12.000000178813934,3.228571476680892,-3.200000047683716,87.28571558637279,3.6000000834465027,139.58
1999-01-11,16.300000242888927,5.428571509463446,-0.2000000029802322,81.58571550143617,11.700000122189522,139.61
1999-01-18,12.300000183284284,5.028571503502982,-2.200000032782554,73.75714395620993,6.600000143051148,139.57
1999-01-25,10.500000156462193,3.17142861868654,-3.1000000461936,86.24285842797586,8.300000101327896,139.57
1999-02-01,11.400000169873238,0.4571428639548167,-7.200000107288361,80.07142976458583,18.100000202655792,139.66
1999-02-08,8.600000128149986,3.085714331695012,-1.3000000193715096,82.81428694831473,15.6999998614192,139.71
1999-02-15,3.9000000581145287,-2.1714286037853787,-9.100000135600569,78.24285830876657,0.4000000059604644,139.72
1999-02-22,9.100000135600569,3.857142914618765,-0.5000000074505806,84.60000126063824,33.89999993145466,139.77
1999-03-01,12.300000183284284,4.557142925049577,-4.700000070035458,74.67142968411956,6.0,139.84
1999-03-08,12.4000001847744,6.314285808375904,-0.800000011920929,78.30000116676092,19.09999990463257,139.87
1999-03-15,19.60000029206276,7.042857247803893,-1.3000000193715096,80.44285834154913,7.299999713897705,139.85
1999-03-22,10.600000157952309,5.085714361497334,-2.200000032782554,71.54285820892879,13.499999955296516,139.79
1999-03-29,17.600000262260437,8.400000125169754,1.700000025331974,78.8000011742115,31.29999959468842,139.89
1999-04-05,19.80000029504299,10.700000159442425,1.80000002682209,73.200001090765,2.2999999672174454,139.9
1999-04-12,20.10000029951334,10.414285869470664,1.80000002682209,74.44285825214216,10.100000098347664,139.82
1999-04-19,12.000000178813934,6.128571519894259,1.80000002682209,75.67142969902072,17.100000478327274,139.75
1999-04-26,21.60000032186508,12.10000018030405,0.0,68.87142959769282,11.799999713897703,139.68
1999-05-03,22.600000336766243,14.61428593205554,6.000000089406967,66.8857152823891,1.7999999523162842,139.58
1999-05-10,22.000000327825543,14.071428781109196,7.500000111758709,74.28571539265769,9.799999952316284,139.53
1999-05-17,20.30000030249357,13.600000202655792,3.500000052154064,68.3142867322479,2.100000038743019,139.45
1999-05-24,23.000000342726707,15.314285942486354,6.500000096857548,67.34285814634391,2.0999999791383743,139.39
1999-05-31,30.600000455975533,19.30000028759241,7.700000114738941,64.92857239608254,0.8999999910593033,139.33
1999-06-07,30.70000045746565,17.057143111314094,7.500000111758709,69.78571532560247,33.199999928474426,139.29
1999-06-14,23.500000350177288,15.842857378934111,6.800000101327896,66.78571528089898,3.1999999582767487,139.26
1999-06-21,26.600000396370888,16.91428596632821,9.80000014603138,62.485715216823984,13.900000095367432,139.19
1999-06-28,27.000000402331352,17.08571454031127,5.700000084936619,61.071429481463774,8.700000144541264,139.17
1999-07-05,33.600000500679016,22.071428900318487,12.10000018030405,66.0428581269724,21.899999976158146,139.09
1999-07-12,27.700000412762165,19.75714315154723,13.100000195205212,77.11428686337811,15.099999904632568,139.07
1999-07-19,31.000000461936,20.214286015502044,9.500000141561031,67.07142957087073,10.2999999076128,139.04
1999-07-26,28.10000041872263,19.38571457458394,9.500000141561031,66.00000098347664,11.700000405311586,138.99
1999-08-02,30.300000451505184,21.12857174341168,12.4000001847744,52.02857220385756,0.0,138.96
1999-08-09,30.200000450015068,21.514286034873557,14.100000210106373,68.45714387723378,32.50000083446503,138.9
1999-08-16,23.80000035464764,16.771428821342333,7.400000110268593,73.57142966772828,11.299999952316284,138.88
1999-08-23,24.100000359117985,15.8571430934327,7.200000107288361,67.7285724378058,8.699999809265137,138.87
1999-08-30,29.300000436604023,19.52857171956982,10.000000149011612,70.17142961706433,10.599999904632568,138.86
1999-09-06,27.10000040382147,17.65714312025479,9.400000140070915,69.628572466118,0.0,138.83
1999-09-13,30.500000454485416,20.10000029951334,12.000000178813934,66.82857242439475,0.0,138.8
1999-09-20,30.300000451505184,17.985714553722314,7.500000111758709,69.84285818359682,4.0,138.75
1999-09-27,24.00000035762787,17.442857402775967,12.600000187754633,77.0285725763866,13.300000071525574,138.76
1999-10-04,19.000000283122063,13.700000204145908,8.300000123679638,83.14285838178226,23.29999984800816,138.75
1999-10-11,16.800000250339508,11.314285882881707,5.700000084936619,84.81428697811705,6.100000098347664,138.76
1999-10-18,15.600000232458116,7.228571536285536,-1.80000002682209,75.92857255999532,0.0,138.74
1999-10-25,15.300000227987766,8.671428700642926,-0.6000000089406967,76.68571542842048,5.500000193715096,138.72
1999-11-01,19.10000028461218,10.400000154972076,1.0000000149011612,82.45714408585003,12.49999952316284,138.74
1999-11-08,16.600000247359276,7.757142972733293,-0.2000000029802322,85.3571441290634,19.700000166893005,138.75
1999-11-15,8.600000128149986,4.400000065565109,-3.000000044703484,82.54285837284156,19.499999657273293,138.79
1999-11-22,3.1000000461936,0.1000000014901161,-5.000000074505806,86.81428700791938,16.300000190734863,138.82
1999-11-29,11.500000171363354,3.74285719863006,-1.3000000193715096,87.82857273731913,4.299999929964542,138.83
1999-12-06,10.100000150501728,5.228571506483214,-2.0000000298023224,78.52857259873834,11.400000102818012,138.85
1999-12-13,11.500000171363354,7.185714392789772,2.800000041723252,79.31428689616067,38.700000405311584,138.87
1999-12-20,6.000000089406967,0.5571428654449326,-5.200000077486038,87.92857273880925,24.50000036507845,138.92
1999-12-27,9.00000013411045,1.600000023841858,-7.000000104308128,83.81428696321589,20.600000143051147,139.13
2000-01-03,4.500000067055225,2.642857182238783,0.2000000029802322,88.62857274924006,4.300000049173832,139.24
2000-01-10,8.600000128149986,4.914285787514278,-1.600000023841858,86.60000129044056,10.0000002682209,139.27
2000-01-17,7.000000104308128,1.87142859931503,-2.3000000342726707,82.54285837284156,0.2000000029802322,139.31
2000-01-24,7.500000111758709,1.2000000178813934,-9.400000140070915,81.80000121891499,9.5,139.31
2000-01-31,11.000000163912771,2.0142857443009103,-10.80000016093254,76.95714400389365,29.69999942928553,139.36
2000-02-07,12.90000019222498,6.571428669350488,0.5000000074505806,78.24285830876657,4.800000011920929,139.4
2000-02-14,11.900000177323818,5.04285721800157,-4.000000059604645,77.60000115633011,28.000000730156906,139.46
2000-02-21,11.900000177323818,3.271428620176656,-2.7000000402331352,80.45714405604771,22.60000032186508,139.61
2000-02-28,17.100000254809856,5.04285721800157,-2.800000041723252,79.18571546567338,7.600000262260437,139.68
2000-03-06,9.900000147521496,4.500000067055225,-0.800000011920929,73.35714395024947,29.199999526143078,139.77
2000-03-13,13.100000195205212,9.285714424082212,2.7000000402331352,73.6714296692184,4.5,139.81
2000-03-20,12.000000178813934,7.028571533305304,0.1000000014901161,76.4142868529473,5.000000059604645,139.78
2000-03-27,17.600000262260437,8.528571555657047,-0.5000000074505806,72.94285822979042,8.29999976605177,139.76
2000-04-03,19.10000028461218,6.957142960812364,-0.5000000074505806,78.17142973627362,29.99999943375587,139.73
2000-04-10,15.800000235438349,7.971428690212114,-1.600000023841858,60.58571518851178,1.399999976158142,139.69
2000-04-17,16.600000247359276,8.928571561617511,1.3000000193715096,72.3571439353483,14.300000071525574,139.61
2000-04-24,27.60000041127205,13.700000204145908,3.9000000581145287,69.27142960365329,7.999999761581421,139.55
2000-05-01,26.00000038743019,16.114285954407283,3.200000047683716,73.78571538520711,16.7999999076128,139.48
2000-05-08,27.10000040382147,17.95714312472514,10.400000154972076,70.3428581910474,8.300000011920929,139.44
2000-05-15,28.80000042915344,19.51428600507123,9.80000014603138,63.24285808524915,6.600000001490116,139.4
2000-05-22,29.10000043362379,13.800000205636024,4.90000007301569,72.52857250933137,13.599999904632568,139.34
2000-05-29,22.600000336766243,14.142857353602135,6.500000096857548,70.80000105500221,9.400000102818012,139.31
2000-06-05,31.10000046342612,18.15714312770537,5.000000074505806,73.38571537924665,25.800000250339508,139.27
2000-06-12,30.300000451505184,18.471428846674307,7.500000111758709,64.92857239608254,0.0,139.25
2000-06-19,33.600000500679016,19.38571457458394,5.500000081956387,56.44285798392126,0.0,139.19
2000-06-26,34.1000005081296,18.94285742512771,10.000000149011612,60.60000090301037,5.899999976158142,139.15
2000-07-03,29.000000432133675,17.51428597526891,5.4000000804662704,62.84285807928869,18.600000858306885,139.11
2000-07-10,24.8000003695488,16.37142881538187,10.100000150501728,78.04285830578634,37.99999982118607,139.1
2000-07-17,19.80000029504299,13.700000204145908,9.00000013411045,79.81428690361125,29.29999953508377,139.1
2000-07-24,25.600000381469727,17.12857168380703,9.600000143051147,72.22857250486102,18.80000066757202,139.13
2000-07-31,25.30000037699937,17.042857396815503,11.30000016838312,82.00000122189522,59.89999997615814,139.17
2000-08-07,28.80000042915344,18.44285741767713,10.900000162422655,72.67142965431724,16.99999973922968,139.24
2000-08-14,31.10000046342612,20.371428874986517,12.4000001847744,70.91428677099091,0.4000000059604645,139.24
2000-08-21,29.000000432133675,20.957143169428623,14.600000217556952,74.11428681867463,33.89999997615814,139.23
2000-08-28,26.50000039488077,17.6428574057562,11.10000016540289,69.84285818359682,4.900000095367432,139.2
2000-09-04,23.80000035464764,15.528571659965175,10.500000156462193,77.17142972137246,19.70000004768372,139.19
2000-09-11,26.700000397861004,15.41428594397647,8.00000011920929,80.15714405157736,6.0000001192092896,139.16
2000-09-18,26.80000039935112,16.400000244379044,11.500000171363354,81.60000121593475,18.399999976158146,139.14
2000-09-25,19.80000029504299,12.97142876471792,5.700000084936619,83.07142980928931,19.0,139.15
2000-10-02,23.80000035464764,15.371428800480706,9.500000141561031,86.18571556998151,24.899999618530277,139.19
2000-10-09,17.600000262260437,10.500000156462193,1.3000000193715096,83.5714298167399,15.299999833106996,139.24
2000-10-16,21.1000003144145,11.88571446282523,6.200000092387199,83.20000123977661,8.799999929964542,139.27
2000-10-23,15.600000232458116,10.15714300849608,3.200000047683716,90.8571442110198,6.3000001311302185,139.27
2000-10-30,16.600000247359276,11.74285731783935,6.70000009983778,78.48571545524257,18.79999965429306,139.28
2000-11-06,15.100000225007534,8.985714419611863,4.500000067055225,79.71428690212113,24.90000069141388,139.34
2000-11-13,13.40000019967556,8.442857268665518,1.80000002682209,78.64285831472704,23.700000405311584,139.37
2000-11-20,11.30000016838312,6.085714376398495,0.5000000074505806,83.04285838029215,6.600000239908695,139.41
2000-11-27,11.10000016540289,6.142857234392848,-0.5000000074505806,86.4428584309561,11.70000010728836,139.45
2000-12-04,13.100000195205212,8.00000011920929,2.7000000402331352,88.35714417376688,2.700000062584877,139.48
2000-12-11,13.40000019967556,8.400000125169754,3.000000044703484,82.95714409330061,8.799999959766865,139.46
2000-12-18,14.100000210106373,6.242857235882964,-3.1000000461936,80.75714406051806,23.10000029951334,139.49
2000-12-25,4.200000062584877,-0.9285714424082212,-7.500000111758709,82.6285726598331,6.999999798834324,139.52
2001-01-01,4.90000007301569,1.4714285933545657,-2.500000037252903,88.55714417674712,11.700000077486038,139.57
2001-01-08,11.900000177323818,6.185714377888611,-0.2000000029802322,83.77142981972013,11.100000217556952,139.59
2001-01-15,5.000000074505806,0.2714285754731723,-5.500000081956387,77.87142973180327,11.900000393390656,139.65
2001-01-22,5.700000084936619,-1.4857143078531538,-8.800000131130219,84.22857268367495,30.500001192092896,139.61
2001-01-29,11.400000169873238,4.90000007301569,-3.000000044703484,84.55714411714247,16.000000059604645,139.77
2001-02-05,11.000000163912771,3.085714331695012,-4.000000059604645,86.15714414098433,29.099999859929085,139.91
2001-02-12,16.300000242888927,8.50000012665987,-1.3000000193715096,68.84285816869566,19.29999962449074,139.95
2001-02-19,12.500000186264517,4.485714352556637,-1.700000025331974,77.47142972584281,13.100000023841858,140.01
2001-02-26,7.400000110268593,1.642857167337622,-8.300000123679638,78.17142973627362,12.499999955296516,140.01
2001-03-05,8.400000125169754,2.600000038743019,-4.700000070035458,75.15714397707156,10.900000050663948,139.89
2001-03-12,13.500000201165676,8.42857155416693,-1.3000000193715096,86.37142985846315,22.99999995529652,139.86
2001-03-19,15.600000232458116,7.671428685741765,2.1000000312924385,82.21428693937403,29.400000393390656,140.09
2001-03-26,15.100000225007534,6.70000009983778,-3.400000050663948,84.24285839817354,46.79999923706055,140.28
2001-04-02,22.100000329315662,8.228571551186699,-0.2000000029802322,71.71428678291184,4.600000098347664,140.18
2001-04-09,17.80000026524067,9.357142996575153,0.2000000029802322,74.14285824767181,10.500000029802322,140.01
2001-04-16,13.100000195205212,6.428571524364608,-2.500000037252903,72.94285822979042,18.5,139.94
2001-04-23,15.300000227987766,5.571428654449327,-1.0000000149011612,73.10000108927488,9.100000120699406,139.9
2001-04-30,23.000000342726707,12.200000181794168,4.000000059604645,74.87142968709979,14.600000023841858,139.84
2001-05-07,27.10000040382147,14.62857164655413,7.700000114738941,69.20000103116035,0.0,139.77
2001-05-14,25.700000382959843,17.014285967818328,8.50000012665987,58.61428658770664,2.5999999046325684,139.68
2001-05-21,22.600000336766243,14.157143068100725,4.700000070035458,70.61428676652056,11.600000321865082,139.62
2001-05-28,27.10000040382147,19.000000283122063,8.00000011920929,56.14285797945091,0.0,139.53
2001-06-04,28.10000041872263,15.042857367013182,7.700000114738941,63.21428665625198,14.099999904632568,139.46
2001-06-11,20.60000030696392,13.742857347641673,8.100000120699406,75.00000111758709,15.90000021457672,139.41
2001-06-18,26.00000038743019,16.514285960367747,8.00000011920929,70.12857247356858,23.30000028759241,139.38
2001-06-25,28.80000042915344,16.828571679336683,4.90000007301569,61.78571520639317,0.0,139.32
2001-07-02,30.200000450015068,20.35714316048793,10.900000162422655,66.14285812846252,10.100000381469728,139.28
2001-07-09,31.300000466406345,20.928571740431444,11.500000171363354,59.68571517510073,4.100000098347664,139.24
2001-07-16,27.80000041425228,17.58571454776185,11.000000163912771,72.14285821786949,21.1999996304512,139.21
2001-07-23,29.800000444054604,18.757143136646068,10.100000150501728,65.84285812399217,2.9000000059604645,139.16
2001-07-30,33.70000050216913,23.57142892267023,13.100000195205212,57.20000085234642,0.0,139.11
2001-08-06,32.80000048875809,20.87142888243709,13.600000202655792,69.7428581821067,28.40000009536743,139.11
2001-08-13,27.700000412762165,17.6428574057562,8.100000120699406,70.50000105053186,4.199999928474426,139.08
2001-08-20,34.20000050961971,22.085714614817075,14.100000210106373,69.17142960216317,6.600000083446503,139.04
2001-08-27,33.80000050365925,21.857143182839668,14.000000208616257,66.50000099092722,0.0,139.07
2001-09-03,23.80000035464764,16.514285960367747,7.700000114738941,69.94285818508693,8.700000196695328,139.04
2001-09-10,18.30000027269125,12.857143048729217,8.00000011920929,81.37142978395734,27.599999576807026,138.98
2001-09-17,16.800000250339508,11.857143033828054,7.400000110268593,83.4571441007512,48.99999982118607,138.99
2001-09-24,16.600000247359276,11.128571594400066,2.500000037252903,83.74285839072296,19.69999976456165,139.05
2001-10-01,20.30000030249357,13.671428775148732,6.200000092387199,84.80000126361847,23.700000144541264,139.09
2001-10-08,25.80000038444996,15.12857165400471,7.300000108778477,83.4571441007512,20.399999916553497,139.1
2001-10-15,21.1000003144145,13.457143057669912,5.500000081956387,82.35714408435992,0.2000000029802322,139.12
2001-10-22,20.30000030249357,12.32857161228146,6.500000096857548,85.3571441290634,14.99999964237213,139.12
2001-10-29,16.300000242888927,11.700000174343586,6.000000089406967,88.38571560276407,6.599999815225601,139.14
2001-11-05,18.100000269711018,7.3571429667728285,0.5000000074505806,83.15714409628085,2.5,139.14
2001-11-12,11.000000163912771,3.4571429086583003,-5.200000077486038,84.642858404134,38.90000081062317,139.19
2001-11-19,8.00000011920929,2.2285714617797305,-4.200000062584877,84.0428583951933,3.300000101327897,139.23
2001-11-26,8.400000125169754,5.028571503502982,1.5000000223517418,87.84285845181772,37.80000048875809,139.28
2001-12-03,11.10000016540289,6.5571429548519,2.0000000298023224,93.14285853079387,32.89999953657389,139.46
2001-12-10,11.30000016838312,3.442857194159712,-4.700000070035458,82.45714408585003,5.499999821186066,139.52
2001-12-17,5.500000081956387,-0.800000011920929,-9.500000141561031,75.60000112652779,1.0000000074505806,139.58
2001-12-24,2.7000000402331352,-1.9285714573093824,-15.300000227987766,82.94285837880203,21.3999999538064,139.54
2001-12-31,7.000000104308128,0.6000000089406966,-8.300000123679638,85.07142983909164,24.099999338388443,139.58
2002-01-07,0.800000011920929,-6.314285808375904,-16.600000247359276,81.61428693043334,0.5,139.61
2002-01-14,3.6000000536441803,-1.87142859931503,-6.400000095367432,89.44285847565958,0.4000000059604645,139.59
2002-01-21,9.00000013411045,1.4142857353602136,-6.000000089406967,88.15714417078665,11.500000193715096,139.58
2002-01-28,13.800000205636024,8.85714298912457,0.1000000014901161,79.70000118762255,17.799999572336674,139.69
2002-02-04,18.100000269711018,9.171428708093506,0.800000011920929,70.50000105053186,0.0,139.7
2002-02-11,15.300000227987766,8.385714410671167,1.700000025331974,81.02857263599124,46.39999961853027,139.73
2002-02-18,13.40000019967556,4.957142931010042,-3.1000000461936,73.72857252721276,37.50000000000001,140.08
2002-02-25,9.600000143051147,4.057142917598997,-3.1000000461936,81.10000120848417,63.80000028759241,140.35
2002-03-04,12.000000178813934,5.68571437043803,-3.6000000536441803,70.65714391001633,13.199999906122684,140.28
2002-03-11,17.100000254809856,6.500000096857548,-2.1000000312924385,72.42857250784125,2.30000002682209,140.06
2002-03-18,18.80000028014183,9.57142871405397,2.1000000312924385,72.21428679036242,22.400000751018524,139.97
2002-03-25,16.100000239908695,7.685714400240353,1.0000000149011612,72.81428679930312,44.299999713897705,140.19
2002-04-01,19.60000029206276,6.042857232902732,-3.500000052154064,64.51428667562348,0.0,140.06
2002-04-08,20.500000305473804,9.114285850099154,-2.7000000402331352,50.35714360752276,0.0,139.96
2002-04-15,17.30000025779009,8.42857155416693,-0.2000000029802322,64.47142953212771,3.200000002980232,139.8
2002-04-22,20.10000029951334,9.385714425572328,4.000000059604645,79.17142975117478,20.100000083446503,139.73
2002-04-29,21.50000032037497,11.985714464315349,6.500000096857548,73.15714394726923,22.800000309944156,139.68
2002-05-06,18.30000027269125,9.857143004025732,2.200000032782554,83.37142981375966,64.19999921321869,139.96
2002-05-13,26.80000039935112,16.100000239908695,3.400000050663948,75.65714398452214,19.00000013411045,140.04
2002-05-20,28.200000420212746,16.385714529880456,9.00000013411045,67.68571529431003,1.9000000357627869,139.92
2002-05-27,26.50000039488077,15.042857367013182,6.200000092387199,72.42857250784125,9.59999991953373,139.77
2002-06-03,25.00000037252903,16.07142881091152,6.000000089406967,57.77142943228994,0.0,139.63
2002-06-10,27.3000004068017,17.600000262260437,10.500000156462193,69.27142960365329,12.399999797344208,139.56
2002-06-17,33.00000049173832,20.000000298023224,11.900000177323818,69.45714389213494,1.699999988079071,139.48
2002-06-24,36.6000005453825,22.7714289107493,14.600000217556952,65.1000009700656,5.6999998688697815,139.41
2002-07-01,27.80000041425228,17.985714553722314,8.00000011920929,54.77142938758646,3.700000047683716,139.35
2002-07-08,31.000000461936,18.21428598569972,10.500000156462193,66.30000098794699,4.600000202655792,139.31
2002-07-15,31.20000046491623,18.757143136646068,11.400000169873238,76.87142971690211,23.299999952316284,139.27
2002-07-22,26.700000397861004,17.385714544781617,9.500000141561031,73.50000109523535,64.30000114440918,139.33
2002-07-29,32.00000047683716,19.714286008051463,10.500000156462193,71.38571534944433,1.9999999850988388,139.26
2002-08-05,32.100000478327274,20.000000298023224,13.500000201165676,75.51428683953625,23.099999643862247,139.23
2002-08-12,25.100000374019142,17.95714312472514,12.000000178813934,79.08571546418327,44.700001530349255,139.3
2002-08-19,30.300000451505184,20.771428880946974,13.600000202655792,70.1000010445714,0.0,139.26
2002-08-26,31.20000046491623,19.571428863065584,12.600000187754633,76.7857154299106,7.300000190734863,139.22
2002-09-02,26.80000039935112,19.342857431088174,9.00000013411045,78.01428687678916,12.399999797344208,139.2
2002-09-09,27.10000040382147,17.542857404266083,8.50000012665987,73.45714395173958,20.00000023841858,139.17
2002-09-16,23.100000344216824,14.071428781109196,5.700000084936619,74.95714397409132,3.5999999046325684,139.16
2002-09-23,21.1000003144145,12.271428754287106,5.4000000804662704,78.25714402326516,6.5,139.14
2002-09-30,18.30000027269125,9.557142999555383,1.80000002682209,76.72857257191625,11.299999952316284,139.17
2002-10-07,19.30000028759241,11.114285879901477,2.600000038743019,82.24285836837122,26.89999982714653,139.15
2002-10-14,17.100000254809856,8.71428584413869,1.80000002682209,76.15714399197272,1.800000011920929,139.13
2002-10-21,15.800000235438349,9.928571576518673,-0.5000000074505806,83.31428695576531,44.09999933838844,139.12
2002-10-28,17.600000262260437,11.185714452394418,6.000000089406967,76.11428684847695,45.09999889135361,139.26
2002-11-04,17.100000254809856,10.314285867980548,3.500000052154064,86.25714414247444,34.59999902546406,139.45
2002-11-11,12.4000001847744,6.300000093877316,-0.2000000029802322,83.04285838029215,50.09999926388264,139.65
2002-11-18,12.90000019222498,8.128571549696582,0.800000011920929,86.02857271049704,15.099999666213987,139.85
2002-11-25,12.600000187754633,7.114285820296833,0.9000000134110451,85.18571555508035,6.10000005364418,139.85
2002-12-02,11.400000169873238,8.328571552676815,4.700000070035458,83.90000125020742,7.599999904632568,139.78
2002-12-09,8.100000120699406,2.0000000298023224,-6.400000095367432,76.1857154209699,1.7000000178813934,139.705
2002-12-16,7.000000104308128,-0.9857143004025732,-8.300000123679638,79.31428689616067,7.400000095367432,139.63
2002-12-23,11.30000016838312,3.442857194159712,-4.200000062584877,86.98571558190244,24.099999576807026,139.65
2002-12-30,12.10000018030405,8.300000123679638,3.9000000581145287,89.12857275669064,36.40000015497208,139.84
2003-01-06,12.500000186264517,3.200000047683716,-4.500000067055225,81.22857263897147,48.6000015437603,140.34
2003-01-13,0.5000000074505806,-6.200000092387199,-13.100000195205212,76.44285828194448,2.900000095367432,140.12
2003-01-20,10.30000015348196,3.071428617196424,-3.200000047683716,83.47142981524978,1.0,140.0
2003-01-27,9.00000013411045,4.071428632097585,-5.200000077486038,83.88571553570884,11.399999886751177,139.91
2003-02-03,10.100000150501728,0.9571428714053972,-6.800000101327896,80.97142977799687,17.80000039935112,139.93
2003-02-10,5.4000000804662704,0.7000000104308128,-4.200000062584877,80.38571548355478,3.600000023841858,139.87
2003-02-17,4.200000062584877,-2.200000032782554,-8.00000011920929,64.1428580986602,0.0,139.8
2003-02-24,10.000000149011612,-0.3857142914618764,-8.800000131130219,68.41428673373801,0.0,139.71
2003-03-03,14.100000210106373,5.2428572209818025,-5.4000000804662704,73.70000109821558,7.099999904632568,139.66
2003-03-10,18.30000027269125,8.171428693192345,0.1000000014901161,68.11428672926766,5.000000193715096,139.61
2003-03-17,17.80000026524067,6.028571518404143,-3.700000055134296,62.90000093728304,2.299999952316284,139.59
2003-03-24,19.80000029504299,5.371428651469095,-2.800000041723252,57.37142942632948,0.0,139.57
2003-03-31,20.80000030994416,12.028571607811111,2.800000041723252,65.74285812250206,7.600000195205212,139.53
2003-04-07,18.50000027567148,6.200000092387199,-3.6000000536441803,56.785715131887365,10.999999716877936,139.52
2003-04-14,20.80000030994416,6.285714379378727,-6.200000092387199,52.4571436388152,0.0,139.51
2003-04-21,24.8000003695488,13.157143053199563,-0.9000000134110451,50.14285789004394,0.0,139.47
2003-04-28,24.50000036507845,14.657143075551303,4.000000059604645,60.31428661303861,4.699999988079071,139.44
2003-05-05,29.700000442564487,15.485714516469413,3.6000000536441803,61.214286626449656,3.400000095367432,139.4
2003-05-12,25.80000038444996,16.514285960367747,7.200000107288361,68.68571530921119,18.299999713897705,139.37
2003-05-19,19.80000029504299,12.057143036808286,2.1000000312924385,73.50000109523535,28.100000143051147,139.35
2003-05-26,27.200000405311584,15.028571652514596,8.50000012665987,73.50000109523535,17.49999988079071,139.33
2003-06-02,29.60000044107437,20.31428601699216,11.500000171363354,65.98571526897805,12.699999809265137,139.3
2003-06-09,31.300000466406345,22.54285747877189,13.600000202655792,62.04285806736776,2.0999999046325684,139.27
2003-06-16,32.70000048726797,21.55714317836932,12.10000018030405,64.10000095516443,16.999999821186066,139.23
2003-06-23,33.5000004991889,20.857143167938503,8.100000120699406,58.24285801074335,7.300000190734863,139.15
2003-06-30,30.200000450015068,21.542857463870728,12.000000178813934,58.80000087618828,1.8999999538064003,139.1
2003-07-07,24.600000366568565,17.242857399795735,11.000000163912771,72.17142964686666,22.199999667704105,139.11
2003-07-14,30.300000451505184,20.857143167938503,11.000000163912771,53.50000079721213,0.0,139.08
2003-07-21,36.20000053942204,23.600000351667404,13.40000019967556,52.17142934884344,11.900000333786013,139.03
2003-07-28,29.60000044107437,20.75714316644839,14.100000210106373,70.08571533007282,13.199999749660492,139.01
2003-08-04,36.6000005453825,22.942857484732357,10.500000156462193,58.914286592176985,0.3000000119209289,138.95
2003-08-11,38.20000056922436,27.257143263305935,16.600000247359276,47.60000070929527,0.0,138.94
2003-08-18,37.10000055283308,23.45714320668153,10.900000162422655,49.95714360156229,0.6000000238418579,138.9
2003-08-25,29.200000435113907,20.40000030398369,9.600000143051147,57.74285800329277,0.5,138.87
2003-09-01,29.200000435113907,16.42857167337622,7.800000116229057,68.87142959769282,20.29999965429306,138.87
2003-09-08,25.80000038444996,15.100000225007534,4.90000007301569,68.7857153107013,9.799999862909315,138.84
2003-09-15,23.500000350177288,14.34285735658237,5.700000084936619,72.82857251380172,5.300000049173832,138.83
2003-09-22,30.600000455975533,17.37142883028303,7.500000111758709,64.05714381166867,1.2000000476837158,138.81
2003-09-29,23.000000342726707,12.414285899272986,2.800000041723252,69.58571532262224,4.4999998807907104,138.8
2003-10-06,22.30000033229589,12.0428573223097,4.000000059604645,79.10000117868185,21.199999451637268,138.79
2003-10-13,15.900000236928465,9.885714433022908,1.3000000193715096,79.12857260767903,21.99999962002039,138.79
2003-10-20,13.600000202655792,5.200000077486038,-2.200000032782554,72.10000107437372,3.900000095367432,138.79
2003-10-27,10.000000149011612,3.500000052154064,-5.500000081956387,77.1428582923753,4.3000001311302185,138.79
2003-11-03,14.500000216066836,7.542857255254473,-2.7000000402331352,82.18571551037687,15.999999813735483,138.78
2003-11-10,14.600000217556952,6.514285811356136,-0.5000000074505806,76.48571542544025,0.0,138.78
2003-11-17,10.80000016093254,5.371428651469095,0.5000000074505806,86.02857271049704,15.499999672174452,138.8
2003-11-24,12.500000186264517,7.71428582923753,1.3000000193715096,89.185715614685,1.6999999657273293,138.81
2003-12-01,13.500000201165676,7.028571533305304,1.80000002682209,87.21428701387984,15.499999940395355,138.82
2003-12-08,10.500000156462193,2.271428605275495,-6.000000089406967,83.35714409926108,0.4000000059604644,138.835
2003-12-15,11.900000177323818,3.24285719117948,-6.400000095367432,80.2428583385689,37.8999999165535,138.85
2003-12-22,9.900000147521496,2.9142857577119554,-3.200000047683716,83.35714409926108,9.59999991953373,138.88
2003-12-29,10.600000157952309,2.285714319774083,-6.800000101327896,76.4142868529473,1.9000000059604645,138.89
2004-01-05,4.200000062584877,-0.9142857279096333,-8.00000011920929,79.34285832515785,2.299999952316284,138.91
2004-01-12,10.900000162422655,4.814285786024162,0.5000000074505806,89.34285847416946,43.10000000149012,138.94
2004-01-19,10.900000162422655,3.8857143436159407,-3.6000000536441803,79.45714404114655,25.300000190734863,138.97
2004-01-26,6.000000089406967,-0.1285714304872922,-6.70000009983778,78.72857260171857,3.5000000298023224,139.07
2004-02-02,12.300000183284284,4.171428633587701,-1.80000002682209,74.45714396664074,4.3999999538064,139.17
2004-02-09,15.000000223517418,8.528571555657047,0.6000000089406967,69.77142961110387,9.60000017285347,139.22
2004-02-16,10.400000154972076,3.857142914618765,-1.100000016391277,83.68571553272861,4.599999822676182,139.26
2004-02-23,6.800000101327896,1.2857143048729216,-2.800000041723252,74.0428582461817,0.9999999925494194,139.27
2004-03-01,4.500000067055225,-0.7571428684251648,-7.400000110268593,74.25714396366051,6.299999892711639,139.26
2004-03-08,8.50000012665987,1.671428596334798,-4.90000007301569,76.84285828790495,7.900000244379044,139.26
2004-03-15,15.100000225007534,4.8571429295199255,-3.000000044703484,77.32857258085694,1.9999999552965164,139.27
2004-03-22,22.600000336766243,10.842857304428303,1.100000016391277,71.02857248697963,15.300000049173832,139.28
2004-03-29,14.600000217556952,3.514285766652652,-4.700000070035458,69.88571532709258,0.3000000044703483,139.28
2004-04-05,19.80000029504299,10.614285872450896,0.9000000134110451,61.51428663092,12.300000190734863,139.28
2004-04-12,15.400000229477882,6.571428669350488,-1.3000000193715096,74.58571539712804,8.800000190734863,139.26
2004-04-19,22.100000329315662,11.15714302339724,0.5000000074505806,60.42857232902731,0.699999988079071,139.25
2004-04-26,25.00000037252903,12.82857161973204,3.9000000581145287,64.40000095963478,0.0,139.22
2004-05-03,25.100000374019142,15.514285945466586,7.200000107288361,68.45714387723378,18.099999964237213,139.2
2004-05-10,21.300000317394733,10.44285729846784,5.700000084936619,82.10000122338533,54.30000087618828,139.28
2004-05-17,23.300000347197056,13.40000019967556,5.200000077486038,68.44285816273519,0.2000000029802322,139.28
2004-05-24,25.50000037997961,13.500000201165676,0.800000011920929,63.05714379676751,0.0,139.24
2004-05-31,25.50000037997961,14.100000210106376,2.7000000402331352,58.00000086426735,0.9999999776482582,139.19
2004-06-07,27.10000040382147,15.614285946956702,8.00000011920929,72.17142964686666,6.099999964237213,139.15
2004-06-14,32.50000048428774,19.342857431088174,9.00000013411045,68.18571530176061,20.40000021457672,139.1
2004-06-21,26.30000039190054,15.514285945466586,7.800000116229057,68.50000102072954,7.400000222027302,139.07
2004-06-28,28.200000420212746,17.985714553722314,6.200000092387199,59.65714374610356,0.3000000119209289,139.03
2004-07-05,26.30000039190054,17.37142883028303,10.900000162422655,63.128572369260446,17.000000193715096,138.99
2004-07-12,24.600000366568565,16.442857387874806,10.000000149011612,71.68571535391467,39.4999995008111,138.98
2004-07-19,30.100000448524952,19.54285743406841,11.10000016540289,70.64285819551775,17.000000290572643,138.95
2004-07-26,31.10000046342612,20.628571735961096,11.500000171363354,71.3000010624528,13.399999976158142,138.92
2004-08-02,31.300000466406345,20.371428874986517,9.00000013411045,58.87142944868122,0.0,138.89
2004-08-09,32.70000048726797,23.45714320668153,13.500000201165676,57.85714371928147,28.89999961853028,138.87
2004-08-16,31.500000469386578,19.98571458352464,13.600000202655792,74.30000110715628,21.699999906122684,138.86
2004-08-23,29.000000432133675,18.785714565643243,8.800000131130219,72.70000108331442,20.400000631809235,138.86
2004-08-30,23.80000035464764,16.771428821342333,10.000000149011612,80.01428690659148,52.19999974966049,138.89
2004-09-06,28.300000421702865,17.50000026077032,7.400000110268593,70.91428677099091,0.5,138.9
2004-09-13,27.500000409781933,17.58571454776185,7.300000108778477,65.61428669201476,9.500000193715096,138.87
2004-09-20,23.500000350177288,13.671428775148732,3.6000000536441803,73.74285824171135,0.5000000074505806,138.87
2004-09-27,18.80000028014183,12.657143045748985,8.900000132620335,76.92857257489648,42.80000048875809,138.89
2004-10-04,22.800000339746475,13.557143059160028,6.70000009983778,79.90000119060278,1.399999983608723,138.9
2004-10-11,25.30000037699937,11.400000169873238,2.500000037252903,77.81428687380892,8.699999809265137,138.89
2004-10-18,14.600000217556952,8.385714410671167,1.80000002682209,79.90000119060278,24.39999947696924,138.9
2004-10-25,21.60000032186508,12.200000181794168,1.80000002682209,79.35714403965643,7.399999856948851,138.92
2004-11-01,16.00000023841858,10.685714444943835,6.000000089406967,86.95714415290526,12.399999797344208,138.94
2004-11-08,13.500000201165676,8.314285838178225,-1.0000000149011612,85.1142869825874,5.200000047683716,138.95
2004-11-15,8.300000123679638,2.0428571732980862,-3.500000052154064,88.18571559978383,15.50000035762787,138.99
2004-11-22,10.80000016093254,5.285714364477566,-1.80000002682209,79.90000119060278,13.600000217556952,139.01
2004-11-29,11.500000171363354,4.028571488601821,-3.9000000581145287,87.65714416333607,3.100000061094761,139.03
2004-12-06,8.00000011920929,3.228571476680892,-0.2000000029802322,86.04285842499563,0.7000000253319739,139.04
2004-12-13,5.4000000804662704,-0.4000000059604645,-5.900000087916851,83.95714410820177,0.0,139.05
2004-12-20,6.900000102818012,0.1571428594844681,-7.000000104308128,86.47142985995326,11.0,139.05
2004-12-27,9.600000143051147,2.271428605275495,-8.50000012665987,83.74285839072296,8.900000274181366,139.07
2005-01-03,9.500000141561031,3.485714337655476,-3.6000000536441803,82.88571552080768,4.39999994635582,139.08
2005-01-10,13.300000198185444,7.328571537775653,3.000000044703484,75.67142969902072,15.200000405311586,139.11
2005-01-17,9.80000014603138,2.742857183728899,-5.500000081956387,83.3428583847625,2.499999985098839,139.14
2005-01-24,11.10000016540289,3.814285771123001,-1.80000002682209,75.5857154120292,17.000000029802322,139.17
2005-01-31,4.200000062584877,-2.1714286037853787,-10.500000156462193,77.9571440187948,4.399999909102917,139.19
2005-02-07,6.900000102818012,1.2285714468785696,-5.000000074505806,74.91428683059556,1.4000000208616257,139.2
2005-02-14,12.000000178813934,3.328571478171008,-6.000000089406967,84.55714411714247,33.90000009536743,139.24
2005-02-21,4.200000062584877,-0.3571428624647004,-5.500000081956387,78.00000116229057,10.399999916553496,139.34
2005-02-28,3.000000044703484,-3.5571429101484164,-14.300000213086603,77.64285829982587,7.100000023841858,139.38
2005-03-07,5.200000077486038,-3.38571433616536,-13.300000198185444,68.28571530325073,0.7000000178813933,139.38
2005-03-14,9.600000143051147,3.1000000461936,-2.800000041723252,74.17142967666898,9.099999979138374,139.4
2005-03-21,21.1000003144145,10.742857302938187,-0.9000000134110451,64.82857239459243,1.0000000298023224,139.42
2005-03-28,18.30000027269125,11.01428587841136,2.3000000342726707,77.54285829833576,15.799999922513962,139.39
2005-04-04,21.300000317394733,10.22857158098902,-0.5000000074505806,63.20000094175339,2.9000000059604645,139.4
2005-04-11,16.600000247359276,8.528571555657047,-0.1000000014901161,72.90000108629465,11.500000059604645,139.42
2005-04-18,22.800000339746475,13.157143053199563,1.3000000193715096,67.78571529580014,12.49999976158142,139.4
2005-04-25,19.500000290572643,9.51428585605962,-1.600000023841858,75.55714398303202,39.89999961853027,139.47
2005-05-02,29.300000436604023,15.55714308896235,3.6000000536441803,69.65714389511517,9.400000169873238,139.5
2005-05-09,22.000000327825543,11.042857307408536,2.3000000342726707,73.74285824171135,31.199999809265137,139.51
2005-05-16,19.30000028759241,10.857143018926893,0.800000011920929,67.3571438608425,16.400000154972076,139.51
2005-05-23,24.600000366568565,13.657143060650144,2.1000000312924385,71.87142964239631,12.400000035762789,139.42
2005-05-30,32.50000048428774,20.47142887647663,6.800000101327896,63.02857236777033,0.2000000029802322,139.4
2005-06-06,29.10000043362379,15.92857166592564,5.700000084936619,61.642858061407296,3.200000047683716,139.31
2005-06-13,23.300000347197056,12.985714479216508,4.700000070035458,58.62857230220522,0.0,139.27
2005-06-20,32.00000047683716,19.70000029355288,9.100000135600569,63.77142952169691,3.3999999538064003,139.23
2005-06-27,33.70000050216913,23.51428606467588,13.600000202655792,59.400000885128975,12.000000387430193,139.18
2005-07-04,31.300000466406345,20.428571732980863,12.500000186264517,71.24285820445844,25.10000012069941,139.13
2005-07-11,28.300000421702865,16.9285716808268,8.50000012665987,68.3142867322479,11.600000001490116,139.1
2005-07-18,32.00000047683716,22.428571762783186,13.300000198185444,60.04285803756544,6.799999907612801,139.05
2005-07-25,25.30000037699937,18.05714312621525,11.000000163912771,65.87142955298934,11.400000095367432,139.02
2005-08-01,34.70000051707029,21.371428889887675,11.800000175833702,66.78571528089898,13.800000339746475,138.99
2005-08-08,25.00000037252903,16.400000244379044,8.50000012665987,67.67142957981143,5.899999871850014,138.96
2005-08-15,25.100000374019142,15.8571430934327,7.500000111758709,73.04285823128053,14.800000309944153,138.94
2005-08-22,28.80000042915344,19.30000028759241,11.500000171363354,72.14285821786949,17.299999952316284,138.91
2005-08-29,28.80000042915344,16.942857395325387,7.400000110268593,71.58571535242456,2.599999964237213,138.89
2005-09-05,30.300000451505184,20.785714595445565,10.900000162422655,66.08571527046817,0.0,138.86
2005-09-12,30.800000458955765,19.52857171956982,12.000000178813934,75.50000112503767,12.899999737739565,138.84
2005-09-19,24.100000359117985,14.100000210106373,3.400000050663948,73.27142966325793,11.400000095367432,138.82
2005-09-26,23.80000035464764,13.54285734466144,3.500000052154064,73.60000109672546,0.0,138.8
2005-10-03,20.30000030249357,12.68571447474616,7.300000108778477,79.68571547312396,39.40000009536743,138.81
2005-10-10,22.100000329315662,13.628571631652967,6.900000102818012,83.65714410373143,0.0,138.79
2005-10-17,19.60000029206276,9.742857288037028,1.600000023841858,79.81428690361125,0.0,138.79
2005-10-24,18.6000002771616,11.400000169873238,0.0,82.47142980034862,7.400000125169754,138.78
2005-10-31,20.60000030696392,12.628571616751808,5.500000081956387,82.51428694384438,0.0,138.78
2005-11-07,19.10000028461218,10.52857158545937,0.800000011920929,86.25714414247444,10.599999904632568,138.77
2005-11-14,14.100000210106373,7.428571539265769,1.3000000193715096,84.82857269261565,0.4000000059604645,138.78
2005-11-21,8.400000125169754,2.9000000432133675,-2.7000000402331352,86.48571557445186,5.800000011920929,138.77
2005-11-28,4.200000062584877,1.1714285888842173,-3.700000055134296,82.42857265685286,9.999999858438969,138.77
2005-12-05,8.800000131130219,2.928571472210544,-3.200000047683716,82.17142979587827,9.600000098347664,138.78
2005-12-12,6.800000101327896,1.9142857428107944,-6.200000092387199,85.62857270453658,3.700000077486038,138.78
2005-12-19,8.50000012665987,2.571428609745843,-4.200000062584877,85.32857270006623,10.40000006556511,138.79
2005-12-26,6.200000092387199,2.514285751751491,-2.0000000298023224,89.40000133216381,8.799999870359898,138.8
2006-01-02,6.70000009983778,-0.0142857144985879,-5.000000074505806,86.51428700344903,10.699999958276749,138.82
2006-01-09,4.500000067055225,0.7857142974223409,-5.200000077486038,83.05714409479073,0.0,138.85
2006-01-16,1.3000000193715096,-2.971428615706308,-10.400000154972076,86.10000128298998,4.799999952316284,138.83
2006-01-23,6.400000095367432,0.828571440918105,-8.400000125169754,84.95714412310294,13.400000154972076,138.84
2006-01-30,5.000000074505806,-3.985714345106057,-11.000000163912771,72.45714393683842,5.300000101327896,138.85
2006-02-06,2.200000032782554,-3.157142904187952,-10.000000149011612,89.37142990316663,0.3000000044703483,138.86
2006-02-13,4.700000070035458,1.542857165847506,-4.700000070035458,78.40000116825104,10.79999965429306,138.87
2006-02-20,10.900000162422655,5.271428649978978,-1.5000000223517418,81.75714407541922,21.99999997019768,138.91
2006-02-27,8.400000125169754,0.9428571569068092,-7.000000104308128,71.35714392044714,0.1000000014901161,138.94
2006-03-06,4.000000059604645,-0.6571428669350488,-7.500000111758709,83.90000125020742,22.40000043064356,138.96
2006-03-13,9.00000013411045,1.3714285918644495,-6.800000101327896,76.50000113993883,30.200000762939453,139.1
2006-03-20,14.800000220537186,1.4714285933545657,-7.800000116229057,68.58571530772107,0.0,139.2
2006-03-27,17.00000025331974,7.614285827747413,-1.5000000223517418,73.12857251827207,15.00000023841858,139.24
2006-04-03,16.00000023841858,10.428571583969251,5.700000084936619,77.31428686635834,39.80000019073486,139.32
2006-04-10,16.300000242888927,7.071428676801069,-3.1000000461936,56.84285798988172,0.0,139.42
2006-04-17,16.300000242888927,9.3000001385808,-0.2000000029802322,76.92857257489648,18.80000016093254,139.46
2006-04-24,23.300000347197056,11.914285891822406,2.200000032782554,64.90000096708536,1.7000000029802322,139.45
2006-05-01,22.000000327825543,11.10000016540289,2.500000037252903,72.3571439353483,10.699999921023846,139.42
2006-05-08,25.80000038444996,16.514285960367747,6.500000096857548,52.91428650277002,0.0,139.38
2006-05-15,25.600000381469727,15.55714308896235,6.000000089406967,65.85714383849076,2.199999988079071,139.35
2006-05-22,23.80000035464764,15.314285942486354,8.800000131130219,74.45714396664074,43.90000021457672,139.27
2006-05-29,20.10000029951334,13.385714485176972,3.700000055134296,75.30000112205744,27.600000143051147,139.28
2006-06-05,17.80000026524067,10.914285876921245,3.9000000581145287,71.80000106990337,8.499999761581421,139.29
2006-06-12,28.10000041872263,16.985714538821153,4.700000070035458,59.31428659813745,0.0,139.25
2006-06-19,32.20000047981739,21.300000317394733,9.3000001385808,64.77142953659806,18.999999620020397,139.21
2006-06-26,31.600000470876694,20.40000030398369,10.000000149011612,67.38571528983968,12.200000382959844,139.14
2006-07-03,29.50000043958425,20.857143167938503,13.000000193715096,64.31428667264325,0.2000000029802322,139.1
2006-07-10,34.20000050961971,22.785714625247888,14.300000213086603,68.94285817018577,8.600000113248825,139.06
2006-07-17,32.70000048726797,22.885714626738004,11.500000171363354,57.4714294278196,2.400000095367432,139.01
2006-07-24,36.20000053942204,24.900000371038917,13.600000202655792,59.28571516914027,33.899999141693115,138.97
2006-07-31,35.200000524520874,23.928571785134928,16.300000242888927,67.75714386680296,8.700000166893005,138.94
2006-08-07,27.000000402331352,18.328571701688425,10.80000016093254,72.67142965431724,23.3999999538064,138.92
2006-08-14,23.600000351667404,15.485714516469413,8.50000012665987,75.72857255701508,26.79999965429306,138.9
2006-08-21,27.3000004068017,17.58571454776185,10.600000157952309,77.51428686933858,18.599999725818638,138.9
2006-08-28,23.80000035464764,15.742857377443997,10.100000150501728,81.68571550292629,43.200000286102295,138.92
2006-09-04,25.600000381469727,17.300000257790092,8.900000132620335,75.02857254658427,15.50000011920929,138.9
2006-09-11,28.00000041723252,17.50000026077032,6.500000096857548,72.07142964537654,0.0,138.87
2006-09-18,28.300000421702865,19.371428860085352,11.800000175833702,74.91428683059556,1.200000025331974,138.86
2006-09-25,26.50000039488077,17.171428827302798,8.600000128149986,74.92857254509416,3.5999999046325684,138.87
2006-10-02,22.600000336766243,15.885714522429875,9.500000141561031,85.25714412757328,31.69999957084656,138.85
2006-10-09,20.000000298023224,12.285714468785695,3.700000055134296,84.80000126361847,29.500000417232517,138.87
2006-10-16,21.000000312924385,12.628571616751808,2.800000041723252,85.14285841158458,7.099999904632568,138.88
2006-10-23,19.60000029206276,13.071428766208037,1.600000023841858,82.07142979438815,19.30000054836273,138.9
2006-10-30,23.600000351667404,14.214285926095076,4.90000007301569,78.84285831770727,1.2000000476837158,138.88
2006-11-06,13.800000205636024,6.614285812846252,-2.0000000298023224,81.71428693192345,6.299999929964542,138.91
2006-11-13,13.600000202655792,6.9428572463137765,0.4000000059604645,84.22857268367495,8.899999976158142,138.91
2006-11-20,18.30000027269125,10.700000159442425,3.200000047683716,82.27142979736838,8.399999774992466,138.91
2006-11-27,15.600000232458116,9.314285853079388,3.200000047683716,84.2714298271707,6.099999912083149,138.92
2006-12-04,14.600000217556952,7.05714296230248,0.0,86.81428700791938,6.699999988079071,138.95
2006-12-11,15.400000229477882,8.157142978693757,-1.3000000193715096,79.4000011831522,9.200000129640102,138.95
2006-12-18,10.000000149011612,4.028571488601821,-2.7000000402331352,88.04285845479795,9.500000387430193,138.96
2006-12-25,7.300000108778477,2.4285714647599628,-2.200000032782554,83.17142981077943,0.0,138.97
2007-01-01,12.800000190734863,3.4714286231568883,-4.500000067055225,82.6142869453345,24.700000524520878,138.97
2007-01-08,10.80000016093254,7.285714394279888,0.5000000074505806,81.94285836390087,8.499999955296516,139.04
2007-01-15,14.000000208616257,8.485714412161283,-3.000000044703484,77.51428686933858,7.400000050663948,139.09
2007-01-22,14.500000216066836,8.342857267175402,-0.2000000029802322,79.14285832217762,39.70000000298023,139.16
2007-01-29,9.100000135600569,-0.0285714289971761,-10.80000016093254,73.18571537626642,3.800000049173832,139.23
2007-02-05,10.400000154972076,5.371428651469095,-2.500000037252903,82.31428694086415,4.400000192224979,139.25
2007-02-12,10.400000154972076,4.714285784534046,0.2000000029802322,87.32857272986855,35.20000058412552,139.3
2007-02-19,10.80000016093254,5.542857225452151,-1.5000000223517418,77.88571544630187,11.600000023841858,139.44
2007-02-26,14.000000208616257,6.728571528834956,-1.100000016391277,82.84285837731191,18.100000202655792,139.55
2007-03-05,14.100000210106373,7.871428688721997,-0.4000000059604645,74.25714396366051,25.700000196695328,139.64
2007-03-12,16.600000247359276,6.77142867233072,-1.700000025331974,73.6714296692184,4.900000035762787,139.67
2007-03-19,16.300000242888927,6.84285724482366,-0.5000000074505806,72.51428679483277,14.400000393390656,139.69
2007-03-26,18.0000002682209,5.371428651469095,-2.7000000402331352,76.31428685145718,28.50000023841858,139.77
2007-04-02,19.10000028461218,10.314285867980548,1.80000002682209,59.55714374461344,0.9000000134110451,139.78
2007-04-09,19.80000029504299,8.842857274625983,-1.3000000193715096,62.31428664284093,0.3000000119209289,139.68
2007-04-16,28.700000427663326,15.728571662945408,3.1000000461936,57.00000084936619,0.0,139.61
2007-04-23,25.30000037699937,12.157143038298402,0.2000000029802322,57.21428656684501,0.0,139.54
2007-04-30,27.700000412762165,17.65714312025479,6.70000009983778,52.44285792431661,0.0,139.45
2007-05-07,26.00000038743019,15.171428797500472,4.000000059604645,49.75714359858206,14.6999996304512,139.4
2007-05-14,24.600000366568565,15.27142879899059,8.300000123679638,69.45714389213494,40.90000043064356,139.36
2007-05-21,29.700000442564487,14.357143071080957,3.700000055134296,77.05714400538376,13.099999904632568,139.34
2007-05-28,30.800000458955765,19.657143150057117,9.600000143051147,72.04285821637937,27.300000250339508,139.3
2007-06-04,24.600000366568565,15.28571451348918,5.000000074505806,73.15714394726923,24.399999141693115,139.28
2007-06-11,30.200000450015068,21.042857456420148,14.40000021457672,69.84285818359682,12.400000289082527,139.25
2007-06-18,29.300000436604023,19.62857172105993,13.100000195205212,72.38571536434549,25.300000071525574,139.23
2007-06-25,29.10000043362379,18.74285742214748,11.500000171363354,77.17142972137246,35.100000098347664,139.23
2007-07-02,24.600000366568565,16.100000239908695,10.600000157952309,72.98571537328618,20.100000098347664,139.23
2007-07-09,25.00000037252903,16.185714526900224,9.500000141561031,72.07142964537654,39.19999951124191,139.24
2007-07-16,35.10000052303076,20.25714315899781,10.500000156462193,67.6000010073185,2.4999999552965164,139.22
2007-07-23,28.200000420212746,19.70000029355288,10.500000156462193,73.60000109672546,20.700000882148743,139.28
2007-07-30,27.700000412762165,18.200000271201134,8.900000132620335,66.95714385488203,13.099999547004698,139.21
2007-08-06,30.300000451505184,17.80000026524067,6.800000101327896,64.88571525258678,2.0999999046325684,139.13
2007-08-13,25.600000381469727,17.400000259280205,11.400000169873238,84.80000126361847,37.00000047683716,139.15
2007-08-20,28.300000421702865,18.271428843694075,9.3000001385808,72.51428679483277,6.600000262260437,139.12
2007-08-27,28.700000427663326,18.528571704668657,10.80000016093254,73.38571537924665,0.0,139.09
2007-09-03,21.50000032037497,15.742857377443997,7.200000107288361,70.37142962004457,18.399999618530277,139.06
2007-09-10,18.30000027269125,13.18571448219674,5.500000081956387,78.41428688274962,4.30000014603138,139.04
2007-09-17,23.100000344216824,14.571428788559777,4.700000070035458,74.80000111460686,4.5,139.02
2007-09-24,24.600000366568565,13.071428766208037,3.9000000581145287,76.38571542395013,13.200000286102297,139.0
2007-10-01,21.1000003144145,11.95714303531817,4.200000062584877,82.32857265536275,23.599999547004703,138.99
2007-10-08,21.1000003144145,12.90000019222498,2.1000000312924385,84.14285839668342,0.2000000029802322,138.99
2007-10-15,19.10000028461218,9.557142999555383,1.80000002682209,81.35714406945876,0.0,138.98
2007-10-22,18.80000028014183,7.014285818806717,-1.80000002682209,81.24285835347006,4.099999979138374,138.97
2007-10-29,12.4000001847744,7.12857153479542,-1.600000023841858,78.3142868812595,1.5,138.95
2007-11-05,12.500000186264517,7.285714394279888,-0.1000000014901161,84.57142983164105,2.1000000536441803,138.93
2007-11-12,11.000000163912771,6.742857243333544,2.200000032782554,79.74285833111831,33.00000023841858,138.97
2007-11-19,5.500000081956387,1.9714286008051465,-5.000000074505806,82.20000122487545,8.8000004068017,138.99
2007-11-26,8.50000012665987,3.985714345106057,-2.0000000298023224,84.94285840860435,13.999999657273293,139.0
2007-12-03,10.400000154972076,4.371428636567933,-3.200000047683716,84.92857269410577,32.1999990940094,139.03
2007-12-10,12.800000190734863,7.400000110268593,3.400000050663948,80.91428692000252,37.49999940395355,139.23
2007-12-17,6.900000102818012,1.9714286008051465,-4.90000007301569,72.8428582283003,0.1000000014901161,139.35
2007-12-24,3.200000047683716,-3.642857197139944,-8.00000011920929,88.51428703325135,0.0,139.36
2007-12-31,5.4000000804662704,0.3285714334675244,-4.500000067055225,90.67142992253814,2.80000002682209,139.34
2008-01-07,9.500000141561031,1.9142857428107944,-4.200000062584877,79.02857260618892,16.099999725818634,139.35
2008-01-14,12.500000186264517,4.557142925049577,-3.000000044703484,81.55714407243899,1.7000000476837158,139.38
2008-01-21,13.100000195205212,9.142857279096331,2.200000032782554,75.62857255552497,10.399999916553496,139.38
2008-01-28,9.400000140070915,4.942857216511454,-2.7000000402331352,72.31428679185254,1.8000000715255735,139.39
2008-02-04,8.50000012665987,2.642857182238783,-4.200000062584877,80.17142976607595,17.89999970793724,139.41
2008-02-11,12.000000178813934,3.9142857726131166,-3.200000047683716,78.45714402624539,18.59999990463257,139.43
2008-02-18,12.300000183284284,0.2428571464759963,-7.900000117719173,73.11428680377347,0.1000000014901161,139.47
2008-02-25,16.300000242888927,6.34285723737308,-5.4000000804662704,80.20000119507313,3.100000023841858,139.51
2008-03-03,14.900000222027302,8.800000131130219,0.4000000059604645,74.84285825810262,77.20000004768372,139.92
2008-03-10,13.40000019967556,4.814285786024162,-4.500000067055225,72.54285822382995,2.5,139.94
2008-03-17,15.100000225007534,8.300000123679638,0.6000000089406967,72.80000108480453,40.600000500679016,139.99
2008-03-24,8.400000125169754,2.1142857457910265,-6.500000096857548,76.98571543289083,28.29999953508377,140.15
2008-03-31,22.100000329315662,6.785714386829308,-1.100000016391277,68.28571530325073,3.900000035762787,140.06
2008-04-07,17.30000025779009,6.371428666370256,-0.4000000059604645,79.08571546418327,26.299999833106995,140.05
2008-04-14,14.800000220537186,7.185714392789772,-2.200000032782554,80.02857262109008,21.70000010728836,140.16
2008-04-21,17.80000026524067,8.614285842648574,2.1000000312924385,70.80000105500221,21.099999636411663,140.19
2008-04-28,22.100000329315662,12.028571607811111,3.6000000536441803,69.54285817912647,1.8000000566244123,140.16
2008-05-05,20.80000030994416,12.32857161228146,3.700000055134296,64.0142866681729,3.400000095367432,139.89
2008-05-12,25.600000381469727,16.700000248849392,5.500000081956387,53.81428651618106,0.0,139.81
2008-05-19,26.200000390410423,16.600000247359276,9.3000001385808,64.2571438146489,6.1999999061226845,139.71
2008-05-26,25.100000374019142,16.328571671886102,8.00000011920929,60.28571518404143,0.2000000029802322,139.56
2008-06-02,31.10000046342612,21.55714317836932,12.000000178813934,71.24285820445844,30.89999961853028,139.49
2008-06-09,27.60000041127205,18.900000281631947,12.000000178813934,71.37142963494573,14.699999585747715,139.43
2008-06-16,29.10000043362379,15.27142879899059,8.00000011920929,67.05714385637215,7.599999904632568,139.37
2008-06-23,31.70000047236681,19.785714580544404,7.500000111758709,60.10000089555979,0.699999988079071,139.32
2008-06-30,29.300000436604023,20.128571728510515,11.500000171363354,64.68571524960655,7.099999815225601,139.27
2008-07-07,33.600000500679016,20.200000301003456,9.400000140070915,62.57142950381552,3.0000000596046448,139.17
2008-07-14,30.200000450015068,18.128571698708196,7.500000111758709,65.25714382955006,23.299999952316284,139.18
2008-07-21,27.60000041127205,17.114285969308444,8.50000012665987,69.32857246164765,8.900000169873238,139.13
2008-07-28,32.600000485777855,20.67142887945686,9.600000143051147,64.30000095814466,10.299999624490736,139.1
2008-08-04,32.00000047683716,22.4142860482846,15.900000236928465,64.8571438235896,30.29999959468842,139.06
2008-08-11,31.500000469386578,19.80000029504299,12.800000190734863,68.14285815826484,18.70000010728836,139.04
2008-08-18,26.30000039190054,17.757143121744907,8.900000132620335,70.61428676652056,7.900000050663948,139.02
2008-08-25,24.300000362098217,17.014285967818328,10.100000150501728,74.40000110864639,22.89999981224537,139.01
2008-09-01,28.60000042617321,18.72857170764889,11.10000016540289,72.75714394130877,15.899999797344208,138.98
2008-09-08,23.80000035464764,16.485714531370572,10.000000149011612,77.88571544630187,11.200000166893004,138.98
2008-09-15,25.80000038444996,14.55714307406119,4.90000007301569,78.74285831621715,6.5999999567866325,138.96
2008-09-22,18.100000269711018,9.600000143051147,2.200000032782554,72.97142965878759,4.299999892711639,138.94
2008-09-29,18.6000002771616,10.742857302938187,2.7000000402331352,80.01428690659148,1.600000001490116,138.92
2008-10-06,16.00000023841858,10.500000156462193,5.700000084936619,78.9285726046988,28.90000066161156,138.92
2008-10-13,20.500000305473804,12.442857328270165,6.000000089406967,86.0857155684914,0.4000000059604644,138.9
2008-10-20,19.10000028461218,9.614285857549737,0.1000000014901161,82.9857155222978,10.300000406801702,138.9
2008-10-27,19.30000028759241,8.64285727164575,0.5000000074505806,83.44285838625261,23.600000500679016,138.92
2008-11-03,13.600000202655792,7.05714296230248,2.200000032782554,88.08571559829372,12.599999725818634,138.96
2008-11-10,15.900000236928465,10.328571582479135,2.500000037252903,80.51428691404206,1.300000049173832,138.96
2008-11-17,15.100000225007534,7.05714296230248,-1.5000000223517418,80.87142977650676,2.1999999061226845,138.97
2008-11-24,9.900000147521496,4.200000062584877,-2.200000032782554,81.37142978395734,21.39999967813492,138.98
2008-12-01,6.500000096857548,1.028571443898337,-4.400000065565109,85.8428584220154,1.7000000029802322,138.99
2008-12-08,7.000000104308128,3.17142861868654,-2.600000038743019,88.91428703921181,27.80000042915344,139.01
2008-12-15,6.900000102818012,0.800000011920929,-2.200000032782554,90.01428705560309,0.9000000357627869,138.99
2008-12-22,10.500000156462193,4.000000059604645,-0.4000000059604645,89.75714419462851,8.900000028312206,139.04
2008-12-29,7.800000116229057,0.4428571494562285,-8.00000011920929,77.22857257936683,0.1000000014901161,139.08
2009-01-05,0.800000011920929,-3.1000000461936,-8.50000012665987,81.91428693490369,4.099999904632568,139.12
2009-01-12,-2.200000032782554,-9.94285729101726,-17.80000026524067,79.32857261065926,0.0,139.11
2009-01-19,9.500000141561031,-0.6428571524364608,-11.900000177323818,85.32857270006623,6.500000014901161,139.12
2009-01-26,9.600000143051147,1.80000002682209,-4.200000062584877,82.95714409330061,13.899999618530272,139.11
2009-02-02,5.700000084936619,0.3714285769632884,-5.000000074505806,72.07142964537654,0.1000000014901161,139.14
2009-02-09,6.900000102818012,1.2285714468785696,-4.500000067055225,86.2000012844801,16.899999670684338,139.15
2009-02-16,9.00000013411045,0.828571440918105,-8.100000120699406,82.95714409330061,35.99999985843897,139.26
2009-02-23,7.500000111758709,1.3857143063630375,-7.400000110268593,84.18571554017919,10.699999779462814,139.35
2009-03-02,12.10000018030405,6.114285805395672,-2.800000041723252,78.04285830578634,1.9000000730156896,139.43
2009-03-09,12.300000183284284,5.028571503502982,-1.600000023841858,79.2714297526649,31.0,139.55
2009-03-16,13.90000020712614,6.685714385339192,1.3000000193715096,80.14285833707878,10.599999912083147,139.67
2009-03-23,12.500000186264517,4.528571496052401,-5.200000077486038,65.12857239906278,4.300000190734863,139.9
2009-03-30,12.500000186264517,5.68571437043803,-2.1000000312924385,77.45714401134423,19.30000038444996,139.72
2009-04-06,22.000000327825543,12.714285903743336,-1.100000016391277,62.88571522278445,0.0,139.7
2009-04-13,25.30000037699937,15.55714308896235,6.500000096857548,58.114286580256056,0.0,139.62
2009-04-20,24.8000003695488,13.242857340191092,4.90000007301569,70.98571534348386,25.90000009536743,139.58
2009-04-27,22.600000336766243,12.68571447474616,2.600000038743019,64.7428581076009,2.799999952316284,139.54
2009-05-04,22.800000339746475,11.614285887352056,4.000000059604645,79.34285832515785,4.199999988079071,139.47
2009-05-11,22.30000033229589,14.142857353602135,4.500000067055225,76.27142970796142,17.000000059604645,139.45
2009-05-18,25.700000382959843,14.428571643573898,7.500000111758709,78.64285831472704,34.40000021457672,139.43
2009-05-25,31.300000466406345,18.700000278651714,6.200000092387199,65.47142954702888,0.2000000029802322,139.39
2009-06-01,24.100000359117985,15.900000236928465,6.000000089406967,65.15714382805994,1.0000000074505806,139.34
2009-06-08,26.600000396370888,13.871428778128964,6.70000009983778,64.94285811058113,28.29999935626984,139.29
2009-06-15,27.60000041127205,16.41428595887763,5.4000000804662704,73.40000109374523,40.19999986886979,139.27
2009-06-22,25.00000037252903,15.757143091942584,7.200000107288361,73.27142966325793,10.999999716877936,139.25
2009-06-29,28.200000420212746,20.0285717270204,9.900000147521496,70.61428676652056,2.900000050663948,139.23
2009-07-06,31.20000046491623,22.228571759802957,14.600000217556952,71.84285821339914,14.800000287592413,139.24
2009-07-13,27.60000041127205,16.971428824322565,11.500000171363354,73.95714395919016,34.39999957382679,139.22
2009-07-20,29.000000432133675,18.94285742512771,12.600000187754633,76.25714399346283,16.100000359117985,139.17
2009-07-27,29.60000044107437,20.085714585014752,11.000000163912771,70.18571533156293,21.60000015795231,139.15
2009-08-03,28.80000042915344,19.01428599762065,10.100000150501728,65.41428668903453,0.5,139.1
2009-08-10,30.70000045746565,20.90000031143427,10.500000156462193,66.92857242588487,0.6000000238418579,139.08
2009-08-17,32.100000478327274,20.3857145894851,11.500000171363354,74.40000110864639,13.099999725818634,139.06
2009-08-24,35.80000053346157,20.24285744449922,10.100000150501728,68.87142959769282,1.800000049173832,139.01
2009-08-31,29.50000043958425,18.91428599613053,6.200000092387199,65.41428668903453,0.0,138.96
2009-09-07,31.80000047385693,16.35714310088328,7.500000111758709,73.95714395919016,40.60000038146973,138.98
2009-09-14,27.10000040382147,15.071428796010355,8.00000011920929,76.68571542842048,6.000000238418579,138.97
2009-09-21,25.00000037252903,16.985714538821153,8.00000011920929,81.35714406945876,0.0,138.94
2009-09-28,24.100000359117985,14.585714503058366,6.000000089406967,79.10000117868185,0.8999999761581421,138.92
2009-10-05,20.10000029951334,13.742857347641673,4.700000070035458,76.11428684847695,12.300000406801702,138.92
2009-10-12,24.300000362098217,14.414285929075309,5.200000077486038,82.3857155133571,36.70000022649765,138.9
2009-10-19,12.10000018030405,5.071428646998746,-2.600000038743019,80.60000120103359,7.0,138.89
2009-10-26,17.00000025331974,8.228571551186699,-1.3000000193715096,83.05714409479073,2.6999999582767487,138.89
2009-11-02,14.000000208616257,7.7428572582347055,0.5000000074505806,89.37142990316663,13.500000476837158,138.89
2009-11-09,11.000000163912771,7.442857253764357,3.1000000461936,85.77142984952245,21.70000012218952,138.91
2009-11-16,14.500000216066836,8.128571549696582,0.0,89.00000132620335,12.900000162422655,138.98
2009-11-23,14.800000220537186,9.22857156608786,0.5000000074505806,83.58571553123849,19.000000096857548,139.0
2009-11-30,14.500000216066836,9.671428715544089,5.500000081956387,73.24285823426077,11.000000104308128,139.03
2009-12-07,10.900000162422655,6.000000089406967,-0.6000000089406967,85.44285841605493,13.899999976158142,139.05
2009-12-14,11.10000016540289,3.657142911638533,-5.000000074505806,84.81428697811705,18.699999809265137,139.13
2009-12-21,1.3000000193715096,-5.357142936970506,-16.800000250339508,82.18571551037687,8.699999928474426,139.15
2009-12-28,8.600000128149986,2.400000035762787,-4.500000067055225,89.25714418717793,21.30000054836273,139.25
2010-01-04,10.000000149011612,1.3285714483686857,-10.600000157952309,89.28571561617511,25.80000004172325,139.42
2010-01-11,-1.100000016391277,-4.714285784534046,-12.500000186264517,86.15714414098433,11.80000016838312,139.43
2010-01-18,5.000000074505806,-0.4285714349576405,-6.200000092387199,88.28571560127395,15.699999958276749,139.44
2010-01-25,4.000000059604645,0.1142857159887041,-2.7000000402331352,86.3285727149674,8.399999916553497,139.53
2010-02-01,2.7000000402331352,-2.357142892267023,-14.000000208616257,86.51428700344903,24.399999767541885,139.57
2010-02-08,8.00000011920929,1.2571428758757452,-4.200000062584877,90.82857278202262,14.100000001490116,139.75
2010-02-15,0.2000000029802322,-3.442857194159712,-7.900000117719173,82.55714408734015,5.999999918043613,139.81
2010-02-22,11.000000163912771,1.4714285933545657,-7.300000108778477,83.42857267175403,10.69999984651804,139.84
2010-03-01,15.300000227987766,8.371428696172577,-0.2000000029802322,74.70000111311674,18.099999964237213,139.86
2010-03-08,8.50000012665987,0.1571428594844682,-8.300000123679638,64.75714382209948,4.1999999061226845,139.9
2010-03-15,9.900000147521496,2.4428571792585507,-5.200000077486038,63.34285808673927,0.9000000357627866,139.86
2010-03-22,18.6000002771616,10.171428722994667,-0.4000000059604645,71.07142963047538,9.099999964237211,139.79
2010-03-29,20.80000030994416,10.042857292507376,-0.2000000029802322,77.35714400985411,10.5,139.74
2010-04-05,18.50000027567148,8.085714406200818,-2.500000037252903,70.8142867695008,9.100000083446504,139.69
2010-04-12,21.000000312924385,9.542857285056796,-0.6000000089406967,64.3714295306376,8.000000096857548,139.65
2010-04-19,21.1000003144145,9.642857286546912,0.0,67.42857243333545,1.8000000417232511,139.62
2010-04-26,24.50000036507845,10.814285875431128,-2.3000000342726707,55.72857225899185,3.200000047683716,139.56
2010-05-03,26.600000396370888,13.928571636123316,4.000000059604645,70.01428675757987,2.200000017881393,139.52
2010-05-10,17.50000026077032,8.785714416631631,2.800000041723252,79.34285832515785,25.300000816583637,139.51
2010-05-17,19.10000028461218,10.22857158098902,4.700000070035458,76.45714399644307,21.199999809265137,139.54
2010-05-24,27.500000409781933,13.585714488157205,6.000000089406967,75.65714398452214,32.50000059604645,139.56
2010-05-31,24.600000366568565,14.685714504548482,7.000000104308128,79.05714403518608,52.19999976456165,139.61
2010-06-07,29.50000043958425,17.628571691257612,8.00000011920929,67.21428671585662,19.799999952316284,139.65
2010-06-14,29.60000044107437,19.042857426617825,11.30000016838312,74.52857253913369,19.400000408291817,139.63
2010-06-21,24.300000362098217,14.957143080021654,6.800000101327896,67.34285814634391,20.799999237060547,139.6
2010-06-28,30.70000045746565,19.15714314260653,5.200000077486038,61.60000091791153,0.0,139.56
2010-07-05,35.00000052154064,23.41428606318576,14.40000021457672,64.21428667115313,4.199999809265137,139.43
2010-07-12,35.700000531971455,23.600000351667404,9.500000141561031,58.95714373567274,0.0,139.37
2010-07-19,35.10000052303076,21.41428603338344,10.500000156462193,64.27142952914748,13.400000095367432,139.29
2010-07-26,34.00000050663948,19.414286003581115,7.700000114738941,72.45714393683842,48.59999976307154,139.27
2010-08-02,28.00000041723252,18.21428598569972,9.80000014603138,77.28571543736118,43.00000095367432,139.27
2010-08-09,25.30000037699937,17.42857168827738,10.100000150501728,76.9000011458993,13.799999713897703,139.28
2010-08-16,27.3000004068017,17.985714553722314,11.400000169873238,81.02857263599124,18.50000011920929,139.25
2010-08-23,30.300000451505184,18.757143136646068,9.500000141561031,78.95714403369597,33.300000578165054,139.26
2010-08-30,24.8000003695488,16.14285738340446,8.600000128149986,78.58571545673269,80.39999790489672,139.43
2010-09-06,21.50000032037497,13.728571633143083,6.500000096857548,75.52857255403485,0.3000000119209289,139.46
2010-09-13,24.50000036507845,15.171428797500472,10.100000150501728,81.88571550590652,34.100000619888306,139.47
2010-09-20,20.000000298023224,12.714285903743336,2.200000032782554,76.82857257340636,8.099999904632568,139.49
2010-09-27,24.100000359117985,12.700000189244747,4.90000007301569,83.75714410522154,9.700000166893004,139.45
2010-10-04,22.500000335276127,12.600000187754633,7.000000104308128,88.60000132024288,12.100000143051147,139.41
2010-10-11,20.500000305473804,13.085714480706624,2.7000000402331352,77.0285725763866,0.3000000119209289,139.38
2010-10-18,16.00000023841858,7.028571533305304,0.5000000074505806,84.72857269112554,6.099999904632568,139.35
2010-10-25,12.4000001847744,4.685714355536869,-3.000000044703484,84.68571554762977,8.100000143051147,139.33
2010-11-01,17.30000025779009,7.700000114738941,-3.6000000536441803,79.50000118464231,0.1000000014901161,139.3
2010-11-08,18.0000002682209,10.614285872450896,1.80000002682209,82.82857266281333,11.999999716877936,139.31
2010-11-15,19.000000283122063,10.3714287259749,3.700000055134296,80.02857262109008,42.39999967813492,139.34
2010-11-22,9.80000014603138,5.614285797945091,3.200000047683716,85.30000127106905,6.3000000193715096,139.49
2010-11-29,6.500000096857548,1.028571443898337,-3.400000050663948,89.24285847267934,15.500000178813934,139.5
2010-12-06,3.000000044703484,-3.485714337655476,-10.900000162422655,84.37142982866082,8.100000023841858,139.54
2010-12-13,5.000000074505806,0.7714285829237529,-6.000000089406967,88.2285727432796,39.69999957084656,139.74
2010-12-20,5.000000074505806,-2.614285753241607,-9.400000140070915,85.45714413055352,27.79999978840351,139.84
2010-12-27,3.9000000581145287,-2.057142887796674,-16.50000024586916,92.21428708838565,25.800000220537186,139.88
2011-01-03,2.7000000402331352,-1.2714285903743334,-5.500000081956387,87.6285727343389,0.400000013411045,140.02
2011-01-10,14.100000210106373,3.714285769632885,-6.200000092387199,86.91428700940949,21.199999928474423,140.17
2011-01-17,13.300000198185444,6.914285817316601,-1.600000023841858,86.48571557445186,21.20000004768372,140.2
2011-01-24,10.500000156462193,1.685714310833386,-5.500000081956387,82.77142980481896,5.399999976158142,140.1
2011-01-31,3.200000047683716,-1.4714285933545657,-8.50000012665987,81.60000121593475,3.800000049173832,140.0
2011-02-07,10.80000016093254,3.057142902697836,-5.200000077486038,81.10000120848417,3.999999955296517,139.97
2011-02-14,11.60000017285347,5.014285789004394,-3.700000055134296,86.70000129193068,12.500000216066836,139.86
2011-02-21,6.500000096857548,1.685714310833386,-2.800000041723252,81.85714407690934,1.300000049173832,139.82
2011-02-28,10.400000154972076,1.542857165847506,-9.400000140070915,76.87142971690211,5.0000001192092896,139.79
2011-03-07,11.800000175833702,2.842857185219015,-5.500000081956387,59.77142946209226,0.0,139.76
2011-03-14,16.800000250339508,8.257142980183874,-5.200000077486038,66.1571438429611,2.200000047683716,139.68
2011-03-21,19.30000028759241,7.028571533305304,-4.200000062584877,72.31428679185254,6.6999998688697815,139.63
2011-03-28,19.60000029206276,8.542857270155634,-2.200000032782554,63.68571523470538,0.0,139.6
2011-04-04,24.8000003695488,11.700000174343586,-1.5000000223517418,74.87142968709979,10.100000143051147,139.56
2011-04-11,24.300000362098217,13.585714488157205,3.1000000461936,62.18571521235364,1.399999976158142,139.55
2011-04-18,20.10000029951334,9.371428711073738,-0.5000000074505806,59.94285803607532,1.399999976158142,139.5
2011-04-25,27.200000405311584,15.685714519449643,3.200000047683716,54.14285794964859,0.0,139.47
2011-05-02,23.300000347197056,13.357143056179796,4.500000067055225,66.07142955596957,4.200000025331974,139.41
2011-05-09,27.3000004068017,13.585714488157205,-1.3000000193715096,49.98571503055947,0.0,139.36
2011-05-16,26.30000039190054,14.84285736403295,3.6000000536441803,60.60000090301037,2.5000000596046448,139.32
2011-05-23,27.700000412762165,17.485714546271733,5.900000087916851,62.30000092834234,8.299999810755253,139.28
2011-05-30,31.500000469386578,16.91428596632821,3.700000055134296,50.17142931904112,2.0000000596046448,139.24
2011-06-06,30.800000458955765,18.48571456117289,10.600000157952309,66.07142955596957,21.00000011920929,139.18
2011-06-13,26.80000039935112,16.828571679336683,10.30000015348196,65.95714383998087,9.900000058114529,139.17
2011-06-20,26.700000397861004,17.07142882581268,9.500000141561031,74.54285825363228,21.69999957084656,139.11
2011-06-27,30.300000451505184,18.114285984209605,11.400000169873238,73.28571537775653,22.20000046491623,139.09
2011-07-04,32.50000048428774,17.65714312025479,8.50000012665987,66.2714295589498,3.699999906122685,139.08
2011-07-11,28.80000042915344,19.70000029355288,11.500000171363354,67.37142957534108,8.100000098347664,139.06
2011-07-18,29.800000444054604,17.40000025928021,9.00000013411045,71.25714391895703,43.19999957084656,139.03
2011-07-25,24.50000036507845,15.685714519449643,9.900000147521496,76.74285828641483,18.40000009536743,139.02
2011-08-01,24.600000366568565,16.542857389364922,7.500000111758709,78.81428688871009,24.399999797344208,139.03
2011-08-08,28.300000421702865,19.47142886157547,12.10000018030405,77.94285830429622,36.90000036358833,139.01
2011-08-15,26.200000390410423,17.885714552232198,8.600000128149986,72.65714393981865,13.49999976158142,139.03
2011-08-22,29.800000444054604,20.585714592465333,10.100000150501728,72.8428582283003,1.2999999523162842,139.04
2011-08-29,34.20000050961971,19.185714571603707,9.900000147521496,77.51428686933858,49.89999866485596,139.03
2011-09-05,29.800000444054604,17.50000026077032,8.00000011920929,74.54285825363228,14.600000381469728,139.01
2011-09-12,29.10000043362379,18.15714312770537,12.4000001847744,75.50000112503767,15.700000405311584,139.02
2011-09-19,23.500000350177288,14.814285935035771,6.900000102818012,77.17142972137246,0.5000000149011611,139.01
2011-09-26,26.00000038743019,13.98571449411767,5.000000074505806,78.82857260320868,0.0,138.99
2011-10-03,26.600000396370888,16.742857392345154,8.900000132620335,78.34285831025669,0.0,138.97
2011-10-10,25.80000038444996,13.171428767698153,3.000000044703484,78.02857259128776,18.50000014901161,138.96
2011-10-17,17.100000254809856,9.271428709583622,-0.800000011920929,80.51428691404206,7.5,138.95
2011-10-24,19.10000028461218,5.728571513933795,-2.1000000312924385,85.1142869825874,9.000000193715096,138.94
2011-10-31,17.600000262260437,9.542857285056796,1.100000016391277,86.3285727149674,0.4000000059604645,138.93
2011-11-07,17.600000262260437,9.22857156608786,3.400000050663948,84.50000125914812,0.0,138.94
2011-11-14,12.000000178813934,4.800000071525574,-4.500000067055225,87.45714416035584,0.0,138.92
2011-11-21,11.400000169873238,3.128571475190776,-4.700000070035458,89.22857275818076,0.0,138.92
2011-11-28,9.500000141561031,2.542857180748667,-2.800000041723252,90.77142992402824,0.5,138.91
2011-12-05,13.100000195205212,5.914285802415439,-1.5000000223517418,87.05714415439537,43.50000163912773,138.93
2011-12-12,11.000000163912771,4.400000065565109,-4.500000067055225,82.44285837135145,27.29999943077564,139.02
2011-12-19,10.500000156462193,4.657142926539693,-1.100000016391277,81.10000120848417,26.39999993145466,139.14
2011-12-26,9.00000013411045,4.8857143585171015,-0.5000000074505806,88.95714418270758,12.800000004470348,139.2
2012-01-02,13.100000195205212,6.671428670840604,1.80000002682209,86.3142870004688,19.70000047981739,139.25
2012-01-09,11.30000016838312,5.614285797945091,1.5000000223517418,80.48571548504489,34.199999928474426,139.43
2012-01-16,8.900000132620335,3.200000047683716,-6.200000092387199,82.9714298077992,2.5,139.54
2012-01-23,9.500000141561031,2.95714290120772,-7.800000116229057,83.5714298167399,27.499999672174454,139.61
2012-01-30,5.500000081956387,0.5000000074505805,-3.500000052154064,84.82857269261565,4.100000143051148,139.69
2012-02-06,0.0,-8.257142980183874,-16.800000250339508,62.80000093579292,0.0,139.63
2012-02-13,-1.100000016391277,-7.942857261214938,-16.600000247359276,68.55714387872389,1.199999988079071,139.58
2012-02-20,7.000000104308128,2.9142857577119554,-4.700000070035458,82.64285837433168,7.899999961256981,139.51
2012-02-27,13.600000202655792,4.942857216511454,-5.000000074505806,76.71428685741765,0.2000000029802322,139.49
2012-03-05,13.40000019967556,7.542857255254473,1.100000016391277,85.7142869915281,0.8000000268220901,139.48
2012-03-12,13.300000198185444,5.942857231412615,-3.700000055134296,72.01428678738219,5.399999812245369,139.47
2012-03-19,21.300000317394733,7.585714398750237,-2.500000037252903,74.94285825959274,4.300000190734863,139.45
2012-03-26,21.300000317394733,9.928571576518673,-2.800000041723252,62.91428665178163,0.0,139.43
2012-04-02,20.60000030696392,9.00000013411045,-3.700000055134296,63.371429515736445,0.0,139.42
2012-04-09,19.80000029504299,7.342857252274241,-0.1000000014901161,68.97142959918294,8.600000098347664,139.39
2012-04-16,18.30000027269125,8.57142869915281,-1.100000016391277,69.47142960663352,6.8999999314546585,139.36
2012-04-23,16.100000239908695,8.64285727164575,-3.500000052154064,68.54285816422531,6.10000018030405,139.33
2012-04-30,30.70000045746565,15.000000223517418,6.500000096857548,64.95714382507971,1.80000002682209,139.28
2012-05-07,23.100000344216824,14.04285735211202,4.500000067055225,76.1714297064713,30.700000762939453,139.29
2012-05-14,30.500000454485416,15.214285940996238,1.80000002682209,66.18571527195829,5.599999904632568,139.29
2012-05-21,26.700000397861004,14.085714495607784,0.0,69.70000103861094,23.60000005364418,139.28
2012-05-28,28.80000042915344,19.38571457458394,8.100000120699406,59.4857151721205,0.1000000014901161,139.25
2012-06-04,26.600000396370888,16.58571453286069,9.100000135600569,72.28571536285537,25.90000057220459,139.22
2012-06-11,25.00000037252903,15.28571451348918,7.500000111758709,72.05714393087796,13.400000289082527,139.2
2012-06-18,28.200000420212746,16.757143106843746,9.3000001385808,76.98571543289083,24.1999998241663,139.19
2012-06-25,24.100000359117985,17.50000026077032,9.600000143051147,77.47142972584281,41.89999961853027,139.21
2012-07-02,30.300000451505184,19.714286008051463,9.3000001385808,77.30000115185976,20.29999977350235,139.19
2012-07-09,29.700000442564487,20.0285717270204,13.40000019967556,73.65714395471981,8.20000010728836,139.2
2012-07-16,25.30000037699937,16.78571453584092,12.000000178813934,74.74285825661251,31.999999821186066,139.2
2012-07-23,26.80000039935112,17.228571685297148,6.400000095367432,68.28571530325073,4.0,139.17
2012-07-30,34.80000051856041,21.58571460736649,10.400000154972076,68.14285815826484,77.19999867677689,139.24
2012-08-06,30.500000454485416,20.042857441518983,11.500000171363354,70.72857248250928,6.999999821186066,139.25
2012-08-13,28.10000041872263,17.728571692747728,8.50000012665987,67.55714386382273,0.6000000238418579,139.22
2012-08-20,36.700000546872616,22.871428912239416,12.000000178813934,64.6142866771136,8.699999928474426,139.14
2012-08-27,32.20000047981739,19.928571725530283,10.30000015348196,71.71428678291184,29.80000042915344,139.12
2012-09-03,28.50000042468309,17.50000026077032,8.50000012665987,72.07142964537654,7.200000047683716,139.1
2012-09-10,30.600000455975533,17.21428597079856,4.700000070035458,70.04285818657705,0.4000000059604645,139.06
2012-09-17,25.30000037699937,14.085714495607784,6.000000089406967,80.51428691404206,43.99999924004078,139.08
2012-09-24,24.50000036507845,12.771428761737686,2.500000037252903,75.67142969902072,10.799999833106996,139.06
2012-10-01,19.10000028461218,11.942857320819584,3.000000044703484,83.32857267026391,15.59999966621399,139.06
2012-10-08,20.30000030249357,12.642857331250395,1.3000000193715096,80.10000119358301,25.200000382959843,139.05
2012-10-15,16.00000023841858,9.200000137090685,1.100000016391277,84.38571554315942,19.800000190734863,139.08
2012-10-22,21.1000003144145,11.442857313369002,2.7000000402331352,85.14285841158458,0.0,139.14
2012-10-29,13.40000019967556,5.028571503502982,-5.4000000804662704,90.54285849205084,19.99999988079071,139.17
2012-11-05,13.100000195205212,7.457142968262945,1.3000000193715096,85.65714413353375,34.10000038146973,139.19
2012-11-12,12.000000178813934,7.300000108778477,0.5000000074505806,87.28571558637279,11.99999976158142,139.3
2012-11-19,9.600000143051147,4.357142922069345,-2.0000000298023224,88.74285846522876,0.4000000059604644,139.32
2012-11-26,14.800000220537186,6.042857232902732,0.0,88.25714417227677,3.0,139.34
2012-12-03,9.100000135600569,2.95714290120772,-6.400000095367432,86.91428700940949,9.500000037252905,139.32
2012-12-10,4.90000007301569,0.07142857249294,-9.100000135600569,86.58571557594198,10.699999988079073,139.34
2012-12-17,9.600000143051147,2.1428571747882024,-8.900000132620335,87.01428701089961,18.700000196695328,139.36
2012-12-24,14.300000213086603,6.057142947401319,-1.100000016391277,89.31428704517228,25.100000143051147,139.48
2012-12-31,14.000000208616257,8.21428583668811,4.700000070035458,78.17142973627362,20.400000050663948,139.65
2013-01-07,10.100000150501728,6.742857243333544,0.1000000014901161,85.7285727060267,2.4000000655651093,139.69
2013-01-14,6.200000092387199,0.6714285814336368,-8.00000011920929,83.04285838029215,3.5000000596046448,139.67
2013-01-21,1.100000016391277,-2.1142857457910265,-8.300000123679638,87.12857272688832,25.299999952316284,139.62
2013-01-28,5.000000074505806,-1.4857143078531538,-8.900000132620335,91.00000135600568,2.399999976158142,139.59
2013-02-04,13.500000201165676,6.157142948891435,-1.0000000149011612,82.05714407988957,37.89999997615814,139.86
2013-02-11,6.200000092387199,0.07142857249294,-6.900000102818012,82.77142980481896,12.600000023841858,139.98
2013-02-18,6.200000092387199,0.5571428654449326,-6.000000089406967,79.81428690361125,3.5,139.97
2013-02-25,2.7000000402331352,-1.3571428773658614,-6.200000092387199,83.02857266579356,14.699999690055847,139.92
2013-03-04,10.400000154972076,1.9857143153037344,-4.500000067055225,79.2857154671635,0.1000000014901161,139.83
2013-03-11,17.30000025779009,6.657142956342016,-3.6000000536441803,75.97142970349107,11.599999964237211,139.78
2013-03-18,8.100000120699406,-0.3285714334675244,-12.000000178813934,76.31428685145718,16.400000110268593,139.81
2013-03-25,8.900000132620335,2.485714322754315,-2.200000032782554,65.78571526599782,4.700000047683716,139.86
2013-04-01,7.500000111758709,1.3285714483686857,-5.200000077486038,63.77142952169691,0.3000000119209289,139.77
2013-04-08,11.000000163912771,3.4571429086583003,-3.700000055134296,63.857143808688434,1.899999976158142,139.77
2013-04-15,25.30000037699937,11.67142874534641,4.200000062584877,75.38571540904897,36.99999914318323,139.78
2013-04-22,23.80000035464764,14.04285735211202,7.500000111758709,57.4714294278196,0.0,139.78
2013-04-29,26.00000038743019,11.771428746836524,5.000000074505806,73.70000109821558,17.700000196695328,139.72
2013-05-06,24.100000359117985,13.1142859097038,5.500000081956387,77.87142973180327,13.300000011920927,139.69
2013-05-13,23.100000344216824,13.642857346151557,7.400000110268593,76.75714400091341,12.000000178813934,139.64
2013-05-20,21.1000003144145,13.242857340191092,7.000000104308128,79.60000118613243,25.899999238550663,139.62
2013-05-27,18.6000002771616,9.22857156608786,0.5000000074505806,81.91428693490369,41.19999912381172,139.69
2013-06-03,22.600000336766243,13.157143053199563,5.4000000804662704,73.51428680973393,53.89999961853027,140.05
2013-06-10,26.700000397861004,17.15714311280421,8.900000132620335,71.47142963643584,16.09999942779541,139.98
2013-06-17,32.600000485777855,18.271428843694075,9.400000140070915,70.18571533156293,5.699999809265137,139.89
2013-06-24,35.200000524520874,20.81428602444274,12.500000186264517,69.68571532411235,39.40000057220459,139.78
2013-07-01,25.30000037699937,14.34285735658237,6.800000101327896,75.11428683357579,10.70000010728836,139.7
2013-07-08,28.300000421702865,20.128571728510515,12.10000018030405,70.80000105500221,7.400000095367432,139.54
2013-07-15,28.80000042915344,19.30000028759241,9.500000141561031,63.84285809418985,0.0,139.51
2013-07-22,34.30000051110983,22.90000034123659,11.900000177323818,57.4714294278196,0.0,139.44
2013-07-29,36.6000005453825,23.40000034868717,16.00000023841858,71.37142963494573,21.8000003695488,139.37
2013-08-05,36.20000053942204,23.128571773214,13.100000195205212,62.52857236031975,0.1000000014901161,139.32
2013-08-12,31.300000466406345,19.17142885710512,10.500000156462193,73.17142966176782,20.800000190734863,139.26
2013-08-19,29.50000043958425,17.92857169572796,7.500000111758709,69.12857245866742,8.300000190734863,139.21
2013-08-26,26.80000039935112,16.87142882283245,8.600000128149986,78.40000116825104,37.30000086128712,139.19
2013-09-02,26.200000390410423,17.014285967818328,9.3000001385808,72.34285822084972,1.5,139.17
2013-09-09,30.800000458955765,19.042857426617825,11.500000171363354,76.52857256893601,23.29999989271164,139.13
2013-09-16,19.10000028461218,13.585714488157205,7.700000114738941,86.40000128746033,27.800000488758087,139.16
2013-09-23,19.60000029206276,12.628571616751808,6.500000096857548,85.30000127106905,20.299999833106995,139.19
2013-09-30,21.300000317394733,12.957143050219331,5.4000000804662704,78.14285830727646,1.0000000149011612,139.17
2013-10-07,18.80000028014183,11.02857159290995,2.3000000342726707,78.77142974521432,40.70000088214874,139.19
2013-10-14,17.50000026077032,9.114285850099154,2.1000000312924385,90.05714419909886,26.699999511241916,139.25
2013-10-21,19.60000029206276,12.785714476236276,5.700000084936619,86.77142986442361,8.399999976158142,139.32
2013-10-28,24.300000362098217,15.214285940996238,8.400000125169754,82.18571551037687,14.899999797344208,139.36
2013-11-04,15.300000227987766,9.00000013411045,-1.0000000149011612,82.7428583758218,17.59999990463257,139.38
2013-11-11,16.600000247359276,9.100000135600569,-0.9000000134110451,84.30000125616789,26.699999690055847,139.44
2013-11-18,10.30000015348196,4.54285721055099,-2.1000000312924385,87.64285844883749,0.5,139.5
2013-11-25,7.900000117719173,4.028571488601821,-4.400000065565109,86.6714298629335,18.90000015497208,139.53
2013-12-02,8.800000131130219,1.4714285933545657,-5.500000081956387,92.58571566534894,3.799999952316284,139.52
2013-12-09,9.400000140070915,3.500000052154064,-3.200000047683716,83.35714409926108,1.800000049173832,139.49
2013-12-16,9.00000013411045,2.657142896737372,-4.200000062584877,92.55714423635176,2.299999952316284,139.48
2013-12-23,11.000000163912771,4.785714357026985,-4.000000059604645,86.62857271943774,5.3000001311302185,139.51
2013-12-30,15.600000232458116,7.071428676801069,-1.3000000193715096,81.07142977948699,21.100000143051147,139.53
2014-01-06,11.000000163912771,5.985714374908379,-1.100000016391277,82.75714409032038,7.599999889731407,139.56
2014-01-13,13.800000205636024,5.642857226942267,-3.200000047683716,87.87142988081489,6.19999984651804,139.55
2014-01-20,10.500000156462193,4.214285777083465,-1.600000023841858,90.8571442110198,4.999999947845936,139.56
2014-01-27,7.200000107288361,3.442857194159712,-0.5000000074505806,89.91428705411298,16.800000101327896,139.57
2014-02-03,7.800000116229057,2.0714286022952626,-3.200000047683716,84.45714411565235,3.0999999046325684,139.58
2014-02-10,12.600000187754633,5.157142933990274,-1.600000023841858,77.88571544630187,9.19999986886978,139.59
2014-02-17,11.900000177323818,5.757142942930971,-1.5000000223517418,80.14285833707878,11.79999977350235,139.6
2014-02-24,13.600000202655792,6.257142950381551,-1.600000023841858,77.92857258979764,1.7000000178813934,139.62
2014-03-03,13.40000019967556,5.985714374908379,-1.5000000223517418,79.31428689616067,8.199999809265137,139.6
2014-03-10,19.10000028461218,5.842857229922499,-2.200000032782554,74.50000111013651,0.0,139.56
2014-03-17,19.30000028759241,9.428571569068092,-0.5000000074505806,66.62857242141452,0.1000000014901161,139.53
2014-03-24,22.000000327825543,9.51428585605962,-0.800000011920929,72.30000107735395,11.899999894201756,139.49
2014-03-31,21.60000032186508,8.64285727164575,-2.7000000402331352,65.55714383402041,0.1000000014901161,139.47
2014-04-07,23.300000347197056,14.228571640593666,4.500000067055225,67.7142867233072,1.5,139.43
2014-04-14,20.10000029951334,11.842857319329466,3.000000044703484,63.442858088229386,1.600000023841858,139.4
2014-04-21,21.1000003144145,9.80000014603138,-1.5000000223517418,63.60000094771385,2.700000077486038,139.37
2014-04-28,25.30000037699937,14.685714504548482,6.200000092387199,73.04285823128053,21.29999962449074,139.34
2014-05-05,20.30000030249357,11.757143032337938,0.1000000014901161,78.77142974521432,20.000000335276127,139.31
2014-05-12,19.80000029504299,13.100000195205212,4.700000070035458,74.55714396813086,29.100000381469727,139.3
2014-05-19,25.50000037997961,13.057143051709447,3.9000000581145287,67.41428671883685,0.6000000238418579,139.28
2014-05-26,28.700000427663326,17.42857168827738,5.4000000804662704,68.38571530474084,32.899999260902405,139.24
2014-06-02,22.30000033229589,14.34285735658237,3.6000000536441803,73.77142967070851,1.0,139.24
2014-06-09,35.700000531971455,19.485714576074056,6.000000089406967,65.61428669201476,8.200000047683716,139.2
2014-06-16,32.600000485777855,19.22857171509947,9.500000141561031,64.87142953808818,0.0,139.16
2014-06-23,26.200000390410423,16.471428816871985,6.800000101327896,63.557143804218086,0.3000000119209289,139.11
2014-06-30,27.200000405311584,16.34285738638469,6.500000096857548,71.02857248697963,23.300000190734863,139.1
2014-07-07,30.800000458955765,19.785714580544404,7.500000111758709,64.27142952914748,21.50000087171793,139.06
2014-07-14,26.30000039190054,17.21428597079856,11.500000171363354,86.5571441469448,63.40000009536743,139.14
2014-07-21,34.00000050663948,22.31428604679448,13.600000202655792,69.3714296051434,12.900000095367432,139.11
2014-07-28,29.60000044107437,21.77142889584814,13.90000020712614,71.1714296319655,33.40000066906214,139.06
2014-08-04,27.80000041425228,20.285714587994985,13.40000019967556,79.8857154761042,25.69999983906746,139.08
2014-08-11,27.80000041425228,19.500000290572643,11.800000175833702,75.11428683357579,17.00000038743019,139.07
2014-08-18,23.600000351667404,15.971428809421402,11.500000171363354,79.61428690063101,37.20000004768372,139.1
2014-08-25,21.300000317394733,13.742857347641673,5.900000087916851,76.31428685145718,19.20000012218952,139.07
2014-09-01,24.8000003695488,16.257143099393165,9.00000013411045,83.3428583847625,50.60000038146973,139.18
2014-09-08,27.10000040382147,17.542857404266083,11.000000163912771,82.9857155222978,0.0,139.22
2014-09-15,22.500000335276127,15.20000022649765,7.300000108778477,83.98571553719896,7.0,139.2
2014-09-22,25.100000374019142,16.64285739085504,6.000000089406967,86.25714414247444,20.70000004768372,139.17
2014-09-29,24.600000366568565,13.800000205636024,4.500000067055225,83.52857267324414,0.0,139.15
2014-10-06,22.30000033229589,13.942857350621903,6.800000101327896,87.90000130981207,1.7999999523162842,139.13
2014-10-13,19.60000029206276,14.814285935035771,7.700000114738941,92.20000137388706,26.19999986886978,139.12
2014-10-20,22.800000339746475,14.61428593205554,8.100000120699406,89.57142990614686,12.700000002980232,139.14
2014-10-27,16.100000239908695,9.557142999555383,2.1000000312924385,88.37142988826547,10.500000059604645,139.17
2014-11-03,15.600000232458116,10.071428721504551,5.500000081956387,91.47142993445908,4.999999910593033,139.17
2014-11-10,15.300000227987766,8.271428694682461,0.5000000074505806,90.15714420058896,5.699999965727329,139.16
2014-11-17,13.100000195205212,8.828571560127395,3.200000047683716,92.11428708689552,25.79999935626984,139.18
2014-11-24,11.30000016838312,5.757142942930971,-0.2000000029802322,92.80000138282776,9.799999810755253,139.24
2014-12-01,6.500000096857548,3.7571429131286487,-1.3000000193715096,86.54285843244621,0.0,139.25
2014-12-08,5.900000087916851,2.457142893757139,-2.200000032782554,90.15714420058896,4.300000049173832,139.26
2014-12-15,11.30000016838312,4.785714357026985,-1.3000000193715096,90.01428705560309,25.4999994635582,139.29
2014-12-22,13.300000198185444,6.885714388319424,0.9000000134110451,86.92857272390809,16.69999996572733,139.34
2014-12-29,9.00000013411045,2.0285714587994983,-9.500000141561031,86.80000129342079,14.099999979138374,139.39
2015-01-05,4.700000070035458,1.600000023841858,-3.6000000536441803,93.04285852930376,20.00000035762787,139.49
2015-01-12,15.100000225007534,5.371428651469095,-5.4000000804662704,83.38571552825826,23.70000020414591,139.65
2015-01-19,13.600000202655792,4.771428642528398,-2.7000000402331352,82.27142979736838,16.299999594688416,139.76
2015-01-26,3.400000050663948,0.3285714334675244,-4.90000007301569,91.85714422592096,6.799999952316284,139.75
2015-02-02,4.90000007301569,2.0857143167938506,-0.4000000059604645,89.51428704815251,20.200000375509266,139.8
2015-02-09,5.000000074505806,-0.2285714319774082,-6.200000092387199,75.12857254807439,0.400000013411045,139.82
2015-02-16,6.200000092387199,1.628571452839034,-4.000000059604645,86.01428699599845,0.0,139.78
2015-02-23,12.10000018030405,3.342857192669596,-0.4000000059604645,80.60000120103359,9.499999955296516,139.73
2015-03-02,10.500000156462193,5.057142932500158,-1.700000025331974,78.12857259277787,14.100000277161598,139.71
2015-03-09,16.800000250339508,4.8571429295199255,-2.500000037252903,74.55714396813086,3.599999964237213,139.71
2015-03-16,14.600000217556952,4.54285721055099,-3.200000047683716,76.91428686039788,1.4000000357627869,139.67
2015-03-23,18.50000027567148,6.657142956342016,-2.1000000312924385,74.01428681718451,0.0,139.64
2015-03-30,18.100000269711018,8.257142980183874,-1.700000025331974,71.84285821339914,16.299999594688416,139.62
2015-04-06,13.90000020712614,5.942857231412615,-2.200000032782554,66.21428670095545,24.6999996304512,139.63
2015-04-13,22.600000336766243,10.785714446433952,-2.7000000402331352,62.21428664135082,0.800000011920929,139.65
2015-04-20,25.100000374019142,12.014285893312522,-0.6000000089406967,55.65714368649891,0.0,139.59
2015-04-27,24.00000035762787,12.228571610791343,0.6000000089406967,67.3571438608425,4.100000098347664,139.56
2015-05-04,23.300000347197056,11.628571601850648,-0.2000000029802322,73.8000010997057,8.899999909102917,139.5
2015-05-11,26.600000396370888,15.657143090452466,6.70000009983778,62.52857236031975,1.0,139.45
2015-05-18,29.000000432133675,15.42857165847506,5.500000081956387,60.72857233349766,0.2000000029802322,139.39
2015-05-25,21.60000032186508,13.957143065120492,3.400000050663948,63.64285809120962,8.499999821186066,139.34
2015-06-01,22.600000336766243,13.342857341681208,4.000000059604645,68.62857245121684,6.400000214576722,139.3
2015-06-08,33.70000050216913,19.94285744002887,9.00000013411045,57.457143713321,0.8999999761581421,139.24
2015-06-15,31.300000466406345,18.88571456713336,9.3000001385808,61.84285806438753,0.3000000119209289,139.17
2015-06-22,23.000000342726707,14.785714506038598,7.000000104308128,69.9857153285827,33.39999955892563,139.16
2015-06-29,29.000000432133675,17.614285976759025,8.900000132620335,70.24285818955728,13.200000047683716,139.14
2015-07-06,38.70000057667494,26.271428962903364,13.300000198185444,54.3571436671274,0.0,139.07
2015-07-13,35.700000531971455,19.60000029206276,6.800000101327896,58.02857229326453,4.100000008940697,139.03
2015-07-20,35.200000524520874,23.600000351667404,16.100000239908695,65.27142954404864,9.09999991953373,139.01
2015-07-27,34.30000051110983,21.485714605876375,10.000000149011612,62.05714378186634,11.8000003695488,138.98
2015-08-03,34.1000005081296,18.685714564153127,7.200000107288361,55.90000083297491,0.0,138.95
2015-08-10,39.30000058561564,24.028571786625044,10.80000016093254,62.8285723647901,6.5,138.91
2015-08-17,36.10000053793192,21.74285746685096,14.500000216066836,72.44285822233984,16.099999964237213,138.87
2015-08-24,27.80000041425228,17.95714312472514,9.100000135600569,71.42857249294009,11.699999809265137,138.86
2015-08-31,33.5000004991889,21.31428603189332,12.10000018030405,68.81428673969847,17.59999942779541,138.85
2015-09-07,27.10000040382147,14.84285736403295,8.600000128149986,74.10000110417604,6.499999977648258,138.82
2015-09-14,26.100000388920307,15.100000225007534,7.000000104308128,76.1714297064713,8.00000011920929,138.8
2015-09-21,20.10000029951334,14.142857353602135,8.50000012665987,83.74285839072296,23.00000035762787,138.8
2015-09-28,19.30000028759241,12.871428763227804,4.400000065565109,77.98571544779199,6.3999998569488525,138.79
2015-10-05,20.80000030994416,11.82857160483088,3.700000055134296,73.57142966772828,5.0,138.78
2015-10-12,20.10000029951334,11.557143029357706,-0.4000000059604645,82.10000122338533,3.299999952316284,138.77
2015-10-19,12.300000183284284,5.700000084936619,-0.2000000029802322,89.3000013306737,13.599999859929085,138.76
2015-10-26,16.600000247359276,9.15714299359492,2.7000000402331352,90.27142991657767,1.400000050663948,138.76
2015-11-02,15.100000225007534,7.442857253764357,-0.5000000074505806,90.6285727790424,0.0,138.76
2015-11-09,19.10000028461218,11.271428739385945,1.3000000193715096,87.87142988081489,1.2000000178813934,138.75
2015-11-16,15.500000230968,10.814285875431128,3.500000052154064,79.44285832664796,5.500000059604645,138.75
2015-11-23,16.100000239908695,7.900000117719173,-1.5000000223517418,84.41428697215659,49.50000086426735,138.81
2015-11-30,11.500000171363354,3.928571487111705,-2.7000000402331352,89.08571561319488,35.59999944269657,138.85
2015-12-07,14.100000210106373,7.814285830727646,0.4000000059604645,85.74285842052528,1.699999988079071,138.88
2015-12-14,10.000000149011612,5.142857219491686,-1.5000000223517418,91.74285850993223,11.700000047683716,138.9
2015-12-21,13.600000202655792,8.814285845628806,2.200000032782554,92.22857280288424,13.599999606609344,138.92
2015-12-28,13.90000020712614,8.814285845628806,-0.9000000134110451,82.88571552080768,1.200000025331974,138.95
2016-01-04,8.00000011920929,3.857142914618765,-1.3000000193715096,90.6000013500452,19.90000015497208,138.97
2016-01-11,8.00000011920929,4.585714354046753,-2.600000038743019,90.30000134557486,19.000000096857548,139.02
2016-01-18,6.800000101327896,1.4285714498588018,-8.00000011920929,85.54285841754505,9.99999988079071,139.12
