Date,TASMAX,TAS,TASMIN,Humidity,Precipitation,GWL
1988-02-15,8.600000128149986,3.257142905678068,-1.700000025331974,77.58571544183152,28.800000190734863,113.81
1988-02-22,10.30000015348196,4.057142917598997,-3.1000000461936,72.51428679483277,1.2999999821186066,113.82
1988-02-29,5.200000077486038,1.9714286008051465,-0.1000000014901161,81.24285835347006,9.400000125169754,113.84
1988-03-07,7.200000107288361,2.1571428892867908,-2.0000000298023224,77.65714401432446,7.60000017285347,113.86
1988-03-14,8.50000012665987,3.5571429101484164,-3.6000000536441803,81.34285835496017,26.399999916553497,113.87
1988-03-21,15.400000229477882,7.700000114738941,-0.2000000029802322,75.11428683357579,19.50000011920929,113.89
1988-03-28,13.000000193715096,7.614285827747413,3.200000047683716,78.6857154582228,27.999999910593036,113.91
1988-04-04,14.300000213086603,7.700000114738941,0.2000000029802322,73.58571538222688,12.300000287592413,113.93
1988-04-11,18.100000269711018,9.21428585158927,-0.2000000029802322,72.0000010728836,3.2999998927116394,113.86
1988-04-18,22.30000033229589,11.557143029357706,-1.0000000149011612,66.77142956640039,9.599999964237211,113.79
1988-04-25,24.600000366568565,11.414285884371823,0.2000000029802322,57.81428657578571,3.200000047683716,113.72
1988-05-02,22.800000339746475,12.31428589778287,2.500000037252903,66.95714385488203,8.200000196695328,113.64
1988-05-09,25.30000037699937,16.12857166890587,7.800000116229057,63.9000009521842,0.4000000059604645,113.56
1988-05-16,25.80000038444996,18.21428598569972,10.100000150501728,57.12857227985348,17.299999952316284,113.483333333333
1988-05-23,22.100000329315662,13.628571631652967,4.500000067055225,68.94285817018577,38.60000115633011,113.406666666667
1988-05-30,27.60000041127205,17.15714311280421,7.800000116229057,71.60000106692314,12.299999870359898,113.33
1988-06-06,22.500000335276127,14.214285926095076,9.00000013411045,76.48571542544025,20.2999996393919,113.28
1988-06-13,24.100000359117985,16.100000239908695,9.3000001385808,79.72857261661973,10.90000020712614,113.22
1988-06-20,26.30000039190054,18.91428599613053,9.100000135600569,60.00000089406967,0.2000000029802322,113.16
1988-06-27,26.00000038743019,17.842857408736432,8.50000012665987,66.07142955596957,0.800000011920929,113.1
1988-07-04,26.30000039190054,19.01428599762065,13.100000195205212,72.471429651337,25.69999972730875,113.05
1988-07-11,28.300000421702865,19.44285743257829,10.500000156462193,67.40000100433826,12.30000002682209,113.0
1988-07-18,24.100000359117985,16.057143096412933,11.800000175833702,76.75714400091341,17.399999976158142,112.955
1988-07-25,32.70000048726797,21.428571747882025,10.500000156462193,68.01428672777755,5.099999815225601,112.91
1988-08-01,30.500000454485416,19.042857426617825,9.3000001385808,65.2142866860543,16.50000011920929,112.85
1988-08-08,30.100000448524952,19.60000029206276,9.100000135600569,66.5142867054258,3.400000050663948,112.8
1988-08-15,30.800000458955765,23.05714320072106,13.600000202655792,62.257143784846576,0.800000011920929,112.75
1988-08-22,29.300000436604023,18.64285742065736,11.000000163912771,67.70000100880861,10.500000149011612,112.69
1988-08-29,27.60000041127205,17.100000254809856,11.60000017285347,73.84285824320146,4.300000041723251,112.65
1988-09-05,26.50000039488077,16.328571671886102,9.00000013411045,77.9571440187948,35.19999957084656,112.645
1988-09-12,25.00000037252903,16.71428596334798,8.900000132620335,72.97142965878759,0.6000000238418579,112.64
1988-09-19,17.600000262260437,12.742857332740511,7.900000117719173,81.02857263599124,9.699999958276749,112.66
1988-09-26,20.80000030994416,14.48571450156825,4.700000070035458,76.07142970498118,4.300000190734863,112.63
1988-10-03,23.80000035464764,13.700000204145908,8.800000131130219,76.52857256893601,4.599999904632568,112.65
1988-10-10,22.000000327825543,12.485714471765927,6.200000092387199,76.25714399346283,22.00000050663948,112.67
1988-10-17,17.00000025331974,12.68571447474616,7.000000104308128,92.65714423784188,14.300000183284284,112.625
1988-10-24,16.00000023841858,10.928571591419834,4.000000059604645,92.18571565938848,10.2999999076128,112.58
1988-10-31,18.80000028014183,9.057142992104804,-1.100000016391277,81.32857264046159,12.300000190734863,112.55
1988-11-07,11.30000016838312,2.1142857457910265,-4.700000070035458,77.48571544034141,0.3000000119209289,112.68
1988-11-14,15.400000229477882,7.285714394279888,-1.80000002682209,81.5428583579404,0.4000000059604645,112.846666666667
1988-11-21,12.600000187754633,4.928571502012866,-2.500000037252903,82.05714407988957,13.699999645352362,113.013333333333
1988-11-28,4.90000007301569,0.6000000089406967,-7.200000107288361,90.45714420505932,5.200000107288361,113.18
1988-12-05,12.300000183284284,6.528571525854724,2.0000000298023224,89.72857276563134,40.49999985843897,113.36
1988-12-12,10.900000162422655,5.985714374908379,1.80000002682209,82.41428694235427,11.899999916553496,113.515
1988-12-19,8.300000123679638,2.971428615706308,-4.700000070035458,80.828572633011,8.49999999254942,113.67
1988-12-26,11.10000016540289,6.614285812846252,0.5000000074505806,85.08571555359023,2.9000000655651093,113.582
1989-01-02,10.30000015348196,4.685714355536869,-1.5000000223517418,87.08571558339256,0.1000000014901161,113.494
1989-01-09,8.900000132620335,5.25714293548039,-1.80000002682209,87.78571559382337,5.400000132620335,113.406
1989-01-16,11.000000163912771,4.914285787514278,-0.6000000089406967,86.15714414098433,1.80000002682209,113.318
1989-01-23,8.400000125169754,2.657142896737372,-1.700000025331974,90.6142870645438,1.9999999776482584,113.23
1989-01-30,4.500000067055225,-0.3428571479661124,-3.700000055134296,89.12857275669064,0.0,113.19
1989-02-06,9.00000013411045,0.7857142974223409,-3.700000055134296,90.8428584965212,0.3000000119209289,113.2
1989-02-13,9.400000140070915,2.514285751751491,-1.80000002682209,90.04285848460027,3.800000004470349,113.21
1989-02-20,15.300000227987766,7.728571543736117,-1.3000000193715096,74.1571439621704,6.399999901652336,113.22
1989-02-27,10.30000015348196,5.314285793474743,1.3000000193715096,82.8571440918105,17.30000026524067,113.244
1989-03-06,16.300000242888927,7.071428676801069,2.200000032782554,80.31428691106183,17.399999886751175,113.268
1989-03-13,18.30000027269125,8.228571551186699,0.800000011920929,72.98571537328618,3.299999989569187,113.292
1989-03-20,14.300000213086603,7.228571536285536,-2.800000041723252,73.02857251678195,7.699999809265137,113.316
1989-03-27,22.500000335276127,9.471428712563856,1.3000000193715096,65.74285812250206,2.000000037252903,113.34
1989-04-03,25.00000037252903,12.028571607811111,3.400000050663948,72.85714394279888,20.300000697374344,113.41
1989-04-10,15.600000232458116,8.171428693192345,2.200000032782554,78.57142974223409,12.799999833106996,113.44
1989-04-17,19.80000029504299,10.385714440473487,6.000000089406967,80.0000011920929,25.89999971538782,113.56
1989-04-24,19.10000028461218,7.985714404710701,1.5000000223517418,75.9428582744939,27.500001162290573,113.53
1989-05-01,17.600000262260437,8.342857267175402,1.0000000149011612,70.78571534050363,8.699999928474426,113.5
1989-05-08,24.100000359117985,14.371428785579544,3.700000055134296,57.542858000312535,0.0,113.29
1989-05-15,25.30000037699937,14.214285926095076,5.000000074505806,69.3714296051434,21.70000028610229,113.29
1989-05-22,27.500000409781933,19.30000028759241,7.000000104308128,53.21428650724037,0.2000000029802322,113.09
1989-05-29,28.200000420212746,20.0285717270204,10.80000016093254,49.68571502608912,5.100000143051148,112.89
1989-06-05,26.00000038743019,12.97142876471792,6.500000096857548,66.94285814038345,33.599999487400055,112.91
1989-06-12,24.8000003695488,14.542857359562602,6.500000096857548,72.05714393087796,24.49999995529652,112.862
1989-06-19,28.60000042617321,20.10000029951334,9.500000141561031,48.50000072270632,0.0,112.814
1989-06-26,30.00000044703484,20.30000030249357,12.800000190734863,67.64285815081426,41.70000058412552,112.766
1989-07-03,25.30000037699937,17.15714311280421,11.500000171363354,71.48571535093444,9.999999940395355,112.718
1989-07-10,31.70000047236681,21.87142889733825,14.300000213086603,71.34285820594856,24.50000036507845,112.67
1989-07-17,27.000000402331352,18.814285994640414,8.600000128149986,57.357143711830886,0.0,112.6075
1989-07-24,32.600000485777855,20.88571459693568,8.800000131130219,60.78571519149201,5.200000047683716,112.545
1989-07-31,27.3000004068017,19.80000029504299,11.000000163912771,64.40000095963478,9.49999976158142,112.4825
1989-08-07,26.80000039935112,17.385714544781617,8.400000125169754,73.40000109374523,15.599999964237211,112.42
1989-08-14,26.80000039935112,20.085714585014752,12.300000183284284,71.10000105947256,2.799999952316284,112.4
1989-08-21,33.70000050216913,22.54285747877189,11.800000175833702,61.28571519894259,6.500000096857548,112.32
1989-08-28,30.300000451505184,18.22857170019831,10.500000156462193,68.98571531368154,16.300000190734863,112.305
1989-09-04,23.500000350177288,14.55714307406119,7.800000116229057,71.75714392640761,1.30000002682209,112.29
1989-09-11,25.30000037699937,15.757143091942584,6.400000095367432,65.75714383700064,0.0,112.265
1989-09-18,28.60000042617321,17.700000263750553,10.900000162422655,76.87142971690211,8.300000101327896,112.24
1989-09-25,27.3000004068017,16.885714537331037,10.80000016093254,81.3000012114644,3.6999999284744254,112.225
1989-10-02,19.80000029504299,13.014285908213685,4.700000070035458,72.74285822681018,0.0,112.21
1989-10-09,19.30000028759241,10.15714300849608,1.100000016391277,77.11428686337811,8.50000011920929,112.235
1989-10-16,16.300000242888927,9.714285859039853,1.100000016391277,81.58571550143617,3.3999999165534973,112.26
1989-10-23,24.100000359117985,12.514285900763102,0.6000000089406967,75.07142969008002,1.0,112.27
1989-10-30,22.600000336766243,12.885714477726392,3.1000000461936,78.77142974521432,15.799999713897703,112.33
1989-11-06,16.00000023841858,10.385714440473487,4.200000062584877,88.1000013127923,47.49999924004078,112.39
1989-11-13,11.10000016540289,3.957142916108881,-1.80000002682209,82.18571551037687,0.699999988079071,112.45
1989-11-20,7.200000107288361,0.7285714394279889,-4.90000007301569,81.64285835943052,0.0,112.49
1989-11-27,7.400000110268593,0.8714285844138691,-8.100000120699406,76.3000011369586,2.2999999821186066,112.5
1989-12-04,8.400000125169754,-1.0000000149011612,-6.70000009983778,77.7285725868174,0.0,112.51
1989-12-11,3.200000047683716,-0.6571428669350488,-8.00000011920929,87.57142987634454,0.1000000014901161,112.64
1989-12-18,18.30000027269125,10.142857293997492,-3.700000055134296,76.60000114142895,60.70000004768372,112.77
1989-12-25,15.100000225007534,8.057142977203641,-1.100000016391277,79.37142975415502,34.80000066757202,113.31
1990-01-01,1.600000023841858,-0.6142857234392848,-2.800000041723252,89.98571562660592,0.0,113.25
1990-01-08,2.800000041723252,0.3142857189689363,-3.500000052154064,89.91428705411298,0.3000000119209289,113.2
1990-01-15,6.000000089406967,1.3142857338700975,-3.200000047683716,91.57142993594918,1.2999999523162842,113.18
1990-01-22,10.000000149011612,4.957142931010042,-1.80000002682209,84.01428696619612,1.6999999582767489,113.18
1990-01-29,13.90000020712614,6.257142950381551,1.100000016391277,74.58571539712804,35.999999679625034,113.4
1990-02-05,14.300000213086603,6.114285805395672,-1.80000002682209,75.72857255701508,4.000000007450581,113.41
1990-02-12,16.600000247359276,5.957142945911203,-3.500000052154064,73.34285823575088,18.09999990463257,113.42
1990-02-19,14.500000216066836,6.114285805395672,-2.800000041723252,77.27142972286258,42.299999713897705,113.745314465409
1990-02-26,19.60000029206276,10.22857158098902,2.3000000342726707,75.90000113099813,18.49999952316284,113.627327044025
1990-03-05,10.400000154972076,5.071428646998746,0.0,71.8857153568949,28.900000393390656,113.677893081761
1990-03-12,19.80000029504299,10.30000015348196,0.1000000014901161,67.18571528685945,0.0,113.559905660377
1990-03-19,20.500000305473804,9.57142871405397,1.600000023841858,71.95714392938784,0.700000025331974,113.475628930818
1990-03-26,21.300000317394733,9.900000147521496,1.5000000223517418,70.5857153375234,7.800000049173832,113.41
1990-04-02,19.500000290572643,9.542857285056796,2.800000041723252,72.02857250188079,6.500000104308128,113.36
1990-04-09,15.600000232458116,7.085714391299656,0.4000000059604645,62.80000093579292,2.700000047683716,113.31
1990-04-16,14.900000222027302,8.342857267175402,0.9000000134110451,69.11428674416882,10.100000023841858,113.27
1990-04-23,17.80000026524067,9.671428715544089,1.5000000223517418,71.8857153568949,5.599999912083149,113.22
1990-04-30,21.80000032484532,11.685714459844998,3.700000055134296,67.31428671734673,4.100000023841858,113.18
1990-05-07,27.10000040382147,18.628571706158773,9.00000013411045,52.87142935927425,2.200000047683716,113.06
1990-05-14,23.300000347197056,15.185714511999064,6.500000096857548,67.4857152913298,3.2000000551342964,112.96
1990-05-21,24.8000003695488,17.34285740128585,7.500000111758709,57.542858000312535,4.0,112.86
1990-05-28,23.100000344216824,15.371428800480706,5.900000087916851,56.44285798392126,21.59999918937683,112.8
1990-06-04,27.000000402331352,15.42857165847506,3.700000055134296,54.70000081509352,12.599999964237211,112.74
1990-06-11,20.500000305473804,14.014285923114844,7.000000104308128,74.71428682761533,16.40000006556511,112.72
1990-06-18,24.600000366568565,15.55714308896235,9.3000001385808,75.90000113099813,10.900000229477882,112.7
1990-06-25,27.200000405311584,17.557143118764674,11.10000016540289,71.44285820743868,22.599999383091927,112.64
1990-07-02,30.00000044703484,20.642857450459683,11.000000163912771,67.44285814783403,18.299999788403507,112.74
1990-07-09,23.000000342726707,16.514285960367747,10.100000150501728,73.35714395024947,21.399999499320984,112.71
1990-07-16,30.70000045746565,19.58571457756417,9.500000141561031,56.40000084042549,0.699999988079071,112.59
1990-07-23,31.000000461936,20.328571731490747,10.900000162422655,54.40000081062317,0.0,112.46
1990-07-30,34.20000050961971,22.671428909259184,10.500000156462193,50.90000075846911,0.0,112.35
1990-08-06,34.70000051707029,24.328571791095392,14.900000222027302,47.70000071078539,0.6000000238418579,112.23
1990-08-13,33.70000050216913,20.60000030696392,8.800000131130219,54.08571509165423,0.5,112.16
1990-08-20,26.600000396370888,18.857143138136184,8.800000131130219,67.50000100582838,7.299999959766865,112.15
1990-08-27,29.800000444054604,19.47142886157547,9.500000141561031,68.92857245568719,7.300000131130218,112.145
1990-09-03,29.800000444054604,18.285714558192662,11.000000163912771,78.94285831919738,29.599999219179157,112.14
1990-09-10,22.600000336766243,14.12857163910355,8.300000123679638,77.75714401581457,6.900000035762787,112.19
1990-09-17,22.800000339746475,13.657143060650144,6.000000089406967,73.98571538818734,0.9000000134110451,112.16
1990-09-24,22.30000033229589,13.485714486667089,7.800000116229057,70.71428676801068,37.19999915361405,112.2
1990-10-01,22.600000336766243,13.1142859097038,4.000000059604645,79.02857260618892,23.700000859797,112.24
1990-10-08,21.80000032484532,13.014285908213685,5.000000074505806,76.12857256297555,1.899999976158142,112.29
1990-10-15,23.500000350177288,11.928571606320997,1.100000016391277,80.51428691404206,0.0,112.31
1990-10-22,19.60000029206276,12.028571607811111,2.0000000298023224,78.04285830578634,0.9000000134110451,112.33
1990-10-29,15.100000225007534,8.314285838178225,-1.3000000193715096,82.05714407988957,36.099999621510506,112.35
1990-11-05,13.300000198185444,7.900000117719173,3.1000000461936,79.5142868991409,8.099999941885471,112.4
1990-11-12,11.60000017285347,4.300000064074993,-3.500000052154064,89.24285847267934,9.40000019967556,112.46
1990-11-19,14.300000213086603,9.385714425572328,4.400000065565109,84.54285840264389,19.30000016838312,112.52
1990-11-26,11.000000163912771,4.200000062584877,-0.2000000029802322,88.80000132322311,27.700000561773777,112.58
1990-12-03,8.50000012665987,2.385714321264199,-4.200000062584877,82.71428694682461,4.400000065565109,112.64
1990-12-10,7.000000104308128,-0.2857142899717603,-7.700000114738941,79.18571546567338,21.40000081062317,112.72
1990-12-17,3.6000000536441803,0.6285714379378726,-5.700000084936619,84.62857268963542,6.499999798834324,112.883333333333
1990-12-24,5.700000084936619,2.1714286037853787,-1.5000000223517418,87.5000013038516,2.299999997019768,113.046666666667
1990-12-31,13.500000201165676,5.857142944421087,0.9000000134110451,84.95714412310294,33.99999976158142,113.21
1991-01-07,11.500000171363354,7.042857247803893,2.800000041723252,79.37142975415502,18.699999928474423,113.245
1991-01-14,15.900000236928465,6.571428669350488,-0.2000000029802322,75.28571540755885,19.700000524520878,113.28
1991-01-21,5.200000077486038,-0.5714285799435207,-5.900000087916851,76.35714399495295,3.3000000715255737,113.315
1991-01-28,3.9000000581145287,0.5285714364477566,-3.000000044703484,78.50000116974115,0.0,113.35
1991-02-04,1.80000002682209,-3.514285766652652,-9.500000141561031,71.77142964090619,0.0,113.26
1991-02-11,0.6000000089406967,-5.142857219491686,-12.90000019222498,75.92857255999532,10.099999979138374,113.3
1991-02-18,5.000000074505806,-1.3714285918644495,-7.700000114738941,79.14285832217762,3.699999988079071,113.34
1991-02-25,13.500000201165676,3.714285769632885,-4.200000062584877,79.35714403965643,0.1000000014901161,113.38
1991-03-04,12.800000190734863,4.814285786024162,0.4000000059604645,82.52857265834298,2.400000035762787,113.4
1991-03-11,15.400000229477882,9.357142996575153,3.200000047683716,79.82857261810985,3.400000035762787,113.42
1991-03-18,18.6000002771616,9.671428715544089,1.100000016391277,76.4142868529473,0.0,113.35
1991-03-25,17.00000025331974,10.128571579498905,4.000000059604645,80.80000120401382,19.40000031888485,113.46
1991-04-01,16.600000247359276,6.142857234392848,-1.80000002682209,61.642858061407296,1.7000000476837158,113.356666666667
1991-04-08,18.6000002771616,10.22857158098902,2.7000000402331352,68.0857153002705,0.7000000104308128,113.253333333333
1991-04-15,21.1000003144145,12.68571447474616,2.7000000402331352,56.37142941142832,0.0,113.15
1991-04-22,16.600000247359276,5.057142932500158,-2.200000032782554,65.04285811207124,10.300000190734863,113.1
1991-04-29,17.600000262260437,8.914285847118922,-0.2000000029802322,64.00000095367432,9.300000086426737,113.07
1991-05-06,14.900000222027302,7.942857261214938,1.3000000193715096,77.70000115782022,6.800000227987766,113.03
1991-05-13,19.60000029206276,12.385714470275811,3.200000047683716,62.72857236329998,1.9000000730156896,112.99
1991-05-20,20.000000298023224,11.228571595890182,3.200000047683716,64.24285810015031,8.099999822676182,112.95
1991-05-27,24.600000366568565,14.271428784089428,4.500000067055225,57.90000086277723,1.600000023841858,112.86
1991-06-03,26.30000039190054,16.471428816871985,7.200000107288361,50.17142931904112,0.0,112.7975
1991-06-10,19.10000028461218,13.800000205636024,4.000000059604645,71.84285821339914,11.800000011920927,112.735
1991-06-17,26.00000038743019,16.142857383404458,11.000000163912771,65.57142954851899,10.699999883770944,112.6725
1991-06-24,26.80000039935112,16.58571453286069,7.200000107288361,72.51428679483277,20.39999962598085,112.61
1991-07-01,27.80000041425228,17.542857404266083,8.00000011920929,67.64285815081426,9.59999978542328,112.670187380497
1991-07-08,32.20000047981739,25.057143230523383,14.900000222027302,54.70000081509352,0.0,112.439847036329
1991-07-15,34.70000051707029,23.51428606467588,15.600000232458116,60.07142946656261,12.09999978542328,112.526224665392
1991-07-22,26.30000039190054,19.6714288645557,11.30000016838312,60.342858042035786,2.5999999046325684,112.382261950287
1991-07-29,30.300000451505184,19.64285743555852,11.500000171363354,66.47142956193004,16.09999978542328,112.411054493308
1991-08-05,30.300000451505184,21.68571460885661,14.100000210106373,67.92857244078603,17.30000001192093,112.497432122371
1991-08-12,34.1000005081296,23.314286061695643,13.90000020712614,61.685715204903055,5.200000047683716,112.267091778203
1991-08-19,30.600000455975533,20.500000305473804,9.400000140070915,57.44285799882242,0.0,112.18071414914
1991-08-26,32.70000048726797,21.17142888690744,10.000000149011612,56.71428655939443,1.4000000059604645,112.05
1991-09-02,28.60000042617321,19.842857438538758,10.000000149011612,52.88571507377284,0.0,111.96
1991-09-09,29.700000442564487,17.557143118764674,8.00000011920929,60.48571518702166,0.0,111.93
1991-09-16,28.80000042915344,18.200000271201134,8.00000011920929,68.05714387127331,2.100000023841858,111.9
1991-09-23,25.50000037997961,16.971428824322565,8.300000123679638,70.32857247654881,15.699999809265137,111.945
1991-09-30,26.100000388920307,14.771428791540009,7.500000111758709,83.01428695129496,23.90000084042549,111.99
1991-10-07,20.60000030696392,12.857143048729217,4.700000070035458,79.48571547014373,23.299999952316284,112.01
1991-10-14,18.80000028014183,12.357143041278634,7.300000108778477,87.94285845330784,3.1999999061226845,112.045
1991-10-21,18.80000028014183,9.128571564597744,1.600000023841858,78.71428688721997,10.900000363588331,112.08
1991-10-28,11.000000163912771,5.842857229922499,-0.5000000074505806,79.77142976011548,0.7999999895691872,112.11
1991-11-04,16.300000242888927,6.214285806885788,-2.200000032782554,81.02857263599124,17.30000016838312,112.13
1991-11-11,11.400000169873238,6.84285724482366,0.1000000014901161,79.35714403965643,13.300000049173832,112.14
1991-11-18,12.800000190734863,5.585714368947914,0.1000000014901161,88.90000132471323,27.49999962002039,112.176666666667
1991-11-25,10.100000150501728,2.95714290120772,-3.1000000461936,84.95714412310294,8.0,112.213333333333
1991-12-02,4.200000062584877,0.9142857279096333,-3.1000000461936,91.77142993892942,0.3000000044703483,112.25
1991-12-09,4.200000062584877,0.8714285844138691,-2.7000000402331352,81.60000121593475,0.2000000029802322,112.28
1991-12-16,-0.1000000014901161,-5.814285800925323,-9.500000141561031,82.65714408883026,3.0999999046325684,112.29
1991-12-23,13.100000195205212,7.300000108778477,-2.0000000298023224,84.157144111182,36.499999701976776,112.37
1991-12-30,10.000000149011612,2.614285753241607,-3.700000055134296,82.2571440828698,1.100000001490116,112.44
1992-01-06,10.000000149011612,3.857142914618765,-3.000000044703484,81.24285835347006,0.4000000059604645,112.51
1992-01-13,13.100000195205212,4.285714349576405,-1.5000000223517418,84.91428697960717,21.00000027567148,112.58
1992-01-20,6.400000095367432,3.442857194159712,-1.3000000193715096,76.74285828641483,6.300000190734863,112.63
1992-01-27,2.3000000342726707,-2.1857143182839667,-6.500000096857548,78.50000116974115,0.0,112.65
1992-02-03,5.700000084936619,-0.3000000044703483,-4.500000067055225,86.88571558041232,0.6000000238418579,112.65
1992-02-10,9.600000143051147,3.442857194159712,-2.3000000342726707,86.82857272241797,16.19999986886978,112.72
1992-02-17,11.000000163912771,5.585714368947914,-0.9000000134110451,78.88571546120303,7.600000120699406,112.745
1992-02-24,9.900000147521496,2.4285714647599628,-5.200000077486038,73.77142967070851,0.0,112.77
1992-03-02,17.00000025331974,6.157142948891435,-0.800000011920929,75.72857255701508,1.600000023841858,112.76
1992-03-09,14.600000217556952,7.71428582923753,-0.800000011920929,71.58571535242456,0.0,112.75
1992-03-16,14.900000222027302,6.62857152734484,0.2000000029802322,72.38571536434549,21.299999952316284,112.786
1992-03-23,16.800000250339508,8.35714298167399,0.4000000059604645,75.61428684102637,12.200000047683716,112.822
1992-03-30,13.600000202655792,4.97142864550863,0.5000000074505806,76.38571542395013,21.70000070333481,112.858
1992-04-06,15.100000225007534,7.485714397260121,-0.800000011920929,65.35714383104018,2.800000011920929,112.894
1992-04-13,19.30000028759241,10.44285729846784,0.800000011920929,52.84285793027708,0.2000000029802322,112.93
1992-04-20,17.30000025779009,8.414285839668342,1.600000023841858,70.7000010535121,8.400000005960464,112.89
1992-04-27,24.600000366568565,13.97142877961908,1.5000000223517418,64.51428667562348,3.1000000983476643,112.85
1992-05-04,17.600000262260437,10.771428731935364,2.600000038743019,71.02857248697963,11.399999678134918,112.7775
1992-05-11,22.500000335276127,13.942857350621903,5.700000084936619,63.52857237522091,5.30000014603138,112.705
1992-05-18,29.800000444054604,18.700000278651714,4.500000067055225,53.34285793772766,0.0,112.6325
1992-05-25,27.3000004068017,19.128571713609357,9.3000001385808,52.20000077784061,4.799999952316284,112.56
1992-06-01,27.3000004068017,19.17142885710512,10.80000016093254,59.54285803011486,17.999999821186066,112.563333333333
1992-06-08,24.300000362098217,16.614285961857863,11.30000016838312,77.68571544332164,50.29999897629023,112.566666666667
1992-06-15,28.00000041723252,18.31428598718984,10.900000162422655,67.78571529580014,4.099999904632568,112.57
1992-06-22,28.300000421702865,18.071428840713843,10.000000149011612,64.87142953808818,4.499999918043613,112.44
1992-06-29,28.50000042468309,19.98571458352464,12.10000018030405,68.10000101476908,78.89999866485596,112.38
1992-07-06,28.80000042915344,19.057143141116416,14.100000210106373,76.1714297064713,30.799999572336677,112.38
1992-07-13,27.10000040382147,18.37142884518419,12.600000187754633,74.70000111311674,15.70000022649765,112.38
1992-07-20,32.30000048130751,21.52857174937214,13.600000202655792,67.68571529431003,0.3000000044703483,112.38
1992-07-27,32.100000478327274,22.071428900318487,12.500000186264517,61.08571519596236,8.400000013411045,112.285
1992-08-03,33.600000500679016,23.428571777684347,11.000000163912771,61.18571519745248,0.9999999776482582,112.19
1992-08-10,35.700000531971455,23.871428927140578,11.60000017285347,56.32857226793255,0.4000000059604645,112.13
1992-08-17,25.30000037699937,18.200000271201134,9.00000013411045,70.65714391001633,6.600000001490116,112.07
1992-08-24,31.600000470876694,21.542857463870728,11.60000017285347,71.10000105947256,6.800000071525574,112.066666666667
1992-08-31,33.20000049471855,20.800000309944156,13.000000193715096,71.22857248995986,23.69999933242798,112.063333333333
1992-09-07,23.100000344216824,13.4714287721685,5.500000081956387,72.85714394279888,11.899999812245367,112.06
1992-09-14,24.8000003695488,15.42857165847506,5.500000081956387,71.0571439159768,2.299999952316284,112.06
1992-09-21,23.80000035464764,16.2142859558974,9.400000140070915,79.02857260618892,2.1999999061226845,112.06
1992-09-28,25.80000038444996,15.78571452093976,6.900000102818012,75.12857254807439,8.100000143051147,112.06
1992-10-05,19.10000028461218,13.857143063630376,9.400000140070915,80.2428583385689,9.10000003874302,112.06
1992-10-12,15.400000229477882,10.457143012966428,4.500000067055225,78.97142974819455,1.600000001490116,112.086666666667
1992-10-19,13.90000020712614,5.142857219491686,-1.5000000223517418,75.74285827151367,1.4999999552965164,112.113333333333
1992-10-26,13.500000201165676,6.642857241843428,-0.1000000014901161,81.45714407094887,43.20000008493662,112.14
1992-11-02,11.30000016838312,5.18571436298745,-0.9000000134110451,85.68571556253093,17.99999976158142,112.186666666667
1992-11-09,14.300000213086603,8.342857267175402,3.200000047683716,84.88571555061,3.8999999314546585,112.233333333333
1992-11-16,13.600000202655792,6.328571522874491,1.100000016391277,83.5714298167399,36.499999701976776,112.28
1992-11-23,14.500000216066836,7.185714392789772,0.4000000059604645,78.2000011652708,15.400000095367432,112.35
1992-11-30,16.00000023841858,8.057142977203641,2.200000032782554,86.22857271347728,14.29999988526106,112.45
1992-12-07,13.600000202655792,6.257142950381551,-0.2000000029802322,83.01428695129496,21.699999906122684,112.55
1992-12-14,6.200000092387199,3.8714286291173527,1.80000002682209,82.68571551782745,3.100000001490116,112.63
1992-12-21,8.100000120699406,1.58571430934327,-2.800000041723252,93.98571568621055,5.400000050663948,112.695
1992-12-28,6.900000102818012,0.9285714424082212,-5.700000084936619,82.0285726508924,5.799999810755253,112.76
1993-01-04,0.5000000074505806,-5.885714373418263,-11.60000017285347,72.07142964537654,0.0,112.73
1993-01-11,12.90000019222498,6.042857232902732,-11.900000177323818,83.14285838178226,15.200000047683716,112.74
1993-01-18,15.600000232458116,7.514285826257297,-0.800000011920929,78.35714402475527,4.300000011920929,112.865
1993-01-25,13.100000195205212,9.114285850099154,1.600000023841858,73.10000108927488,3.4000000208616257,112.99
1993-02-01,8.50000012665987,2.385714321264199,-2.200000032782554,83.64285838923284,5.799999944865704,112.915
1993-02-08,4.90000007301569,0.0714285724929402,-4.700000070035458,90.3714299180678,1.30000002682209,112.84
1993-02-15,3.200000047683716,0.2714285754731723,-3.000000044703484,86.71428700642926,0.0,112.96
1993-02-22,7.400000110268593,2.971428615706308,-2.200000032782554,76.68571542842048,6.900000087916851,112.955
1993-03-01,6.400000095367432,-0.5571428654449327,-8.00000011920929,70.54285819402763,1.899999976158142,112.95
1993-03-08,10.000000149011612,2.400000035762787,-4.500000067055225,69.5000010356307,2.299999989569187,112.935
1993-03-15,18.30000027269125,7.157142963792596,-3.200000047683716,65.00000096857548,0.0,112.92
1993-03-22,18.6000002771616,11.171428737895829,0.2000000029802322,71.32857249144998,3.8000000789761543,112.905
1993-03-29,12.4000001847744,4.214285777083465,-4.500000067055225,57.51428657131536,0.3000000119209289,112.89
1993-04-05,20.10000029951334,7.585714398750237,-4.90000007301569,72.91428680079323,10.000000096857548,112.88
1993-04-12,17.100000254809856,9.51428585605962,0.5000000074505806,71.52857249443021,13.700000144541264,112.91
1993-04-19,17.100000254809856,11.10000016540289,2.600000038743019,70.87142962749515,2.300000049173832,112.885
1993-04-26,25.100000374019142,16.728571677846567,6.200000092387199,54.71428652959211,0.8999999761581421,112.86
1993-05-03,28.200000420212746,17.471428831773146,10.000000149011612,61.92857235137905,13.499999955296516,112.8
1993-05-10,25.700000382959843,14.871428793030123,7.000000104308128,65.08571525556701,10.100000202655792,112.74
1993-05-17,27.3000004068017,15.585714517959527,5.000000074505806,69.45714389213494,18.100000023841854,112.68
1993-05-24,26.00000038743019,17.271428828792914,7.000000104308128,61.12857233945813,7.0,112.62
1993-05-31,31.20000046491623,18.05714312621525,8.00000011920929,67.55714386382273,13.500000029802322,112.56
1993-06-07,29.800000444054604,19.414286003581115,11.000000163912771,69.18571531666177,8.00000011920929,112.46
1993-06-14,30.300000451505184,18.614285991660186,10.500000156462193,63.97142952467714,4.9000000059604645,112.376666666667
1993-06-21,29.300000436604023,18.17142884220396,8.50000012665987,67.78571529580014,9.69999972730875,112.293333333333
1993-06-28,24.600000366568565,16.942857395325387,8.100000120699406,61.08571519596236,6.300000190734864,112.21
1993-07-05,30.800000458955765,22.20000033080578,7.300000108778477,54.14285794964859,0.2000000029802322,112.15
1993-07-12,29.000000432133675,16.900000251829624,9.00000013411045,58.84285801968405,2.6000000834465027,112.125
1993-07-19,28.80000042915344,18.40000027418137,9.500000141561031,74.11428681867463,19.100000098347664,112.1
1993-07-26,27.3000004068017,17.857143123235023,10.600000157952309,65.71428669350487,9.299999989569187,112.075
1993-08-02,32.20000047981739,19.70000029355288,9.500000141561031,68.17142958726201,10.2999999076128,112.05
1993-08-09,28.80000042915344,20.428571732980863,10.000000149011612,60.22857232604708,8.100000098347664,112.01
1993-08-16,29.800000444054604,20.40000030398369,11.000000163912771,62.942858080778805,1.5999999567866323,111.97
1993-08-23,31.300000466406345,20.44285744747945,11.400000169873238,60.47142947252308,1.100000023841858,111.972608661168
1993-08-30,22.100000329315662,15.05714308151177,6.70000009983778,59.44285802862474,0.0,111.980104695431
1993-09-06,21.60000032186508,14.000000208616257,4.000000059604645,67.50000100582838,4.40000007301569,111.991993178934
1993-09-13,22.800000339746475,15.042857367013182,6.400000095367432,81.88571550590652,58.80000138282776,112.007779187817
1993-09-20,23.100000344216824,14.585714503058366,5.700000084936619,72.67142965431724,4.300000004470348,112.026967798223
1993-09-27,24.300000362098217,14.771428791540009,7.500000111758709,82.60000123083591,14.20000034570694,112.049064086294
1993-10-04,16.300000242888927,11.685714459844998,5.700000084936619,85.74285842052528,18.800000250339508,112.073573128173
1993-10-11,21.000000312924385,13.342857341681208,4.000000059604645,81.9000012204051,10.799999728798866,112.1
1993-10-18,20.10000029951334,9.471428712563856,1.600000023841858,82.70000123232603,19.90000057220459,112.144732737338
1993-10-25,8.50000012665987,5.828571515423911,2.0000000298023224,86.71428700642926,25.999999701976776,112.220907590219
1993-11-01,10.000000149011612,4.61428578304393,-0.9000000134110451,84.2714298271707,0.0,112.323151956488
1993-11-08,8.100000120699406,5.628571512443679,2.200000032782554,92.72857281033482,6.3999999538064,112.446093233991
1993-11-15,12.90000019222498,5.371428651469095,-1.80000002682209,86.18571556998151,11.399999916553496,112.584358820575
1993-11-22,5.000000074505806,-0.4285714349576405,-6.000000089406967,71.65714392491749,0.1000000014901161,112.732576114086
1993-11-29,2.200000032782554,-2.414285750261375,-6.200000092387199,80.77142977501664,0.9999999925494194,112.885372512369
1993-12-06,11.500000171363354,2.542857180748667,-7.900000117719173,86.02857271049704,0.6000000238418579,113.037375413272
1993-12-13,12.300000183284284,6.757142957832132,-0.5000000074505806,79.80000118911266,35.60000020265579,113.183212214641
1993-12-20,13.90000020712614,7.3571429667728285,1.80000002682209,83.37142981375966,68.60000167042017,113.317510314321
1993-12-27,12.500000186264517,3.4571429086583003,-1.3000000193715096,80.84285834750959,20.600000098347664,113.434897110158
1994-01-03,11.500000171363354,5.614285797945091,-1.3000000193715096,83.88571553570884,34.799999453127384,113.53
1994-01-10,9.80000014603138,5.071428646998746,-0.5000000074505806,86.47142985995326,26.79999933391809,113.6
1994-01-17,13.500000201165676,5.32857150797333,-1.5000000223517418,81.12857263748135,4.700000047683716,113.53
1994-01-24,7.700000114738941,1.2714285903743334,-5.4000000804662704,86.52857271794763,4.900000125169754,113.56
1994-01-31,11.900000177323818,5.628571512443679,-1.0000000149011612,74.70000111311674,14.49999988079071,113.615
1994-02-07,7.700000114738941,4.414285780063698,-2.600000038743019,89.57142990614686,23.1999995559454,113.67
1994-02-14,7.500000111758709,1.7285714543291502,-7.000000104308128,73.12857251827207,1.400000013411045,113.65
1994-02-21,3.500000052154064,-2.485714322754315,-8.300000123679638,67.85714386829308,7.299999952316284,113.63
1994-02-28,15.400000229477882,6.214285806885788,-1.3000000193715096,86.24285842797586,10.499999940395355,113.61
1994-03-07,14.40000021457672,7.885714403220585,-1.100000016391277,75.05714397558144,4.799999922513962,113.545
1994-03-14,18.30000027269125,10.15714300849608,0.9000000134110451,74.71428682761533,4.700000055134296,113.48
1994-03-21,11.800000175833702,6.742857243333544,0.800000011920929,77.51428686933858,21.700000301003456,113.48
1994-03-28,18.0000002682209,10.400000154972076,0.2000000029802322,67.85714386829308,2.40000007301569,113.48
1994-04-04,21.1000003144145,9.22857156608786,0.5000000074505806,73.65714395471981,12.999999776482582,113.48
1994-04-11,11.400000169873238,6.000000089406967,1.3000000193715096,76.7857154299106,24.29999986290932,113.48
1994-04-18,15.100000225007534,7.7428572582347055,1.600000023841858,73.200001090765,26.59999990463257,113.43
1994-04-25,22.100000329315662,12.17142875279699,-0.1000000014901161,69.11428674416882,1.8999999910593035,113.38
1994-05-02,27.000000402331352,15.05714308151177,4.000000059604645,65.67142955000911,0.1000000014901161,113.24
1994-05-09,22.600000336766243,13.671428775148732,3.500000052154064,70.52857247952905,10.00000011920929,113.13
1994-05-16,25.00000037252903,15.685714519449643,6.800000101327896,70.01428675757987,4.699999965727329,113.12
1994-05-23,22.30000033229589,15.171428797500472,8.100000120699406,78.78571545971292,23.80000042915344,113.11
1994-05-30,23.000000342726707,14.1857144970979,8.50000012665987,73.47142966623817,13.00000013411045,113.1
1994-06-06,28.300000421702865,15.614285946956702,5.900000087916851,67.91428672628743,21.79999926686287,113.02
1994-06-13,26.600000396370888,15.27142879899059,9.00000013411045,69.60000103712082,17.100000321865082,112.94
1994-06-20,28.00000041723252,19.22857171509947,10.400000154972076,63.128572369260446,4.9999998807907104,112.86
1994-06-27,31.20000046491623,22.500000335276127,11.30000016838312,62.514286645821166,38.70000147819519,112.78
1994-07-04,33.600000500679016,24.528571794075624,16.600000247359276,69.2571438891547,1.5,112.7
1994-07-11,29.60000044107437,20.81428602444274,11.400000169873238,61.30000091344118,0.4000000059604645,112.53
1994-07-18,31.80000047385693,23.02857177172388,15.600000232458116,69.68571532411235,12.299999862909315,112.495
1994-07-25,32.70000048726797,22.942857484732357,15.600000232458116,67.78571529580014,5.100000023841858,112.46
1994-08-01,34.20000050961971,24.300000362098217,16.300000242888927,66.97142956938062,41.29999838024377,112.345
1994-08-08,34.70000051707029,23.77142892565046,15.600000232458116,68.58571530772107,33.49999971687794,112.23
1994-08-15,26.80000039935112,18.01428598271949,9.100000135600569,74.78571540010827,15.799999713897703,112.21
1994-08-22,28.80000042915344,18.357143130685603,8.600000128149986,71.78571535540479,33.10000018030405,112.19
1994-08-29,28.00000041723252,17.985714553722314,10.500000156462193,75.80000112950802,3.2000001221895222,112.2
1994-09-05,24.300000362098217,16.64285739085504,7.500000111758709,73.28571537775653,2.200000002980232,112.24
1994-09-12,22.500000335276127,15.671428804951054,11.000000163912771,83.78571553421872,51.30000019073486,112.28
1994-09-19,19.60000029206276,12.385714470275811,8.100000120699406,78.61428688572985,20.300000309944156,112.32
1994-09-26,24.300000362098217,16.028571667415754,5.500000081956387,78.38571545375245,8.699999786913395,112.37
1994-10-03,22.30000033229589,14.500000216066836,8.00000011920929,82.6142869453345,4.80000002682209,112.395
1994-10-10,16.600000247359276,6.357142951871667,0.0,75.52857255403485,0.0,112.42
1994-10-17,20.60000030696392,9.44285728356668,2.7000000402331352,79.58571547163385,0.0,112.43
1994-10-24,17.100000254809856,8.157142978693757,-1.0000000149011612,77.48571544034141,5.9999998807907104,112.31971875
1994-10-31,21.50000032037497,11.02857159290995,2.500000037252903,78.8000011742115,13.30000013113022,112.3854375
1994-11-07,16.600000247359276,9.58571442855256,2.200000032782554,85.10000126808882,0.6000000089406967,112.341625
1994-11-14,14.600000217556952,9.414285854569505,5.000000074505806,89.40000133216381,7.699999824166298,112.341625
1994-11-21,15.600000232458116,10.785714446433952,6.200000092387199,86.02857271049704,8.899999871850014,112.53878125
1994-11-28,11.800000175833702,8.071428691702229,4.000000059604645,88.00000131130219,9.400000005960464,112.56
1994-12-05,13.500000201165676,5.828571515423911,-0.6000000089406967,88.3428584592683,13.90000033378601,112.59
1994-12-12,13.500000201165676,8.64285727164575,-2.0000000298023224,78.82857260320868,4.900000013411045,112.67
1994-12-19,11.800000175833702,3.971428630607469,-3.6000000536441803,84.07142982419047,3.4000001102685933,112.7
1994-12-26,6.500000096857548,1.2285714468785696,-1.80000002682209,81.28571549696582,2.6999999657273293,112.69
1995-01-02,13.500000201165676,6.871428673820836,-0.4000000059604645,80.21428690957171,20.200000375509266,112.79
1995-01-09,3.1000000461936,-3.057142902697836,-10.30000015348196,82.32857265536275,7.0,112.8
1995-01-16,6.500000096857548,1.1714285888842173,-4.000000059604645,81.38571549845594,8.80000014603138,113.025
1995-01-23,12.500000186264517,3.9000000581145287,-4.500000067055225,83.05714409479073,35.20000004768372,113.25
1995-01-30,14.100000210106373,6.900000102818012,0.5000000074505806,77.1428582923753,44.20000010728836,113.58
1995-02-06,13.600000202655792,5.542857225452151,-3.1000000461936,81.7714297899178,2.8999999165534973,113.5
1995-02-13,14.500000216066836,7.085714391299656,-1.3000000193715096,79.41428689765078,9.800000086426737,113.5
1995-02-20,14.000000208616257,8.300000123679638,2.3000000342726707,76.37142970945153,14.399999767541884,113.5
1995-02-27,16.100000239908695,4.985714360007218,-0.800000011920929,75.12857254807439,11.100000120699406,113.5
1995-03-06,14.000000208616257,5.271428649978978,-2.600000038743019,73.78571538520711,6.999999977648258,113.47
1995-03-13,14.800000220537186,5.514285796454975,-2.0000000298023224,66.90000099688768,0.2000000029802322,113.37
1995-03-20,12.000000178813934,5.300000078976154,-0.1000000014901161,77.67142972882304,39.1000000834465,113.65
1995-03-27,18.30000027269125,6.457142953361784,-1.3000000193715096,71.67142963941608,8.899999797344208,113.5725
1995-04-03,22.100000329315662,6.70000009983778,-1.3000000193715096,72.58571536732572,7.100000023841858,113.495
1995-04-10,18.6000002771616,10.057143007005964,1.0000000149011612,66.6428581359131,3.1999999284744263,113.4175
1995-04-17,14.900000222027302,9.171428708093506,2.500000037252903,66.58571527791875,8.800000220537186,113.34
1995-04-24,24.600000366568565,12.014285893312522,1.600000023841858,72.2428582193596,14.200000144541264,113.346666666667
1995-05-01,22.30000033229589,12.885714477726392,4.700000070035458,80.85714406200817,47.99999902397394,113.353333333333
1995-05-08,27.60000041127205,17.042857396815503,6.200000092387199,56.0285722634622,0.3000000119209289,113.36
1995-05-15,19.000000283122063,10.857143018926893,1.700000025331974,63.34285808673927,3.5999999046325684,113.39
1995-05-22,19.30000028759241,10.94285730591842,2.800000041723252,77.32857258085694,36.59999990463257,113.42
1995-05-29,27.60000041127205,17.971428839223726,6.200000092387199,70.61428676652056,35.80000114440918,113.45
1995-06-05,21.1000003144145,14.442857358072484,9.600000143051147,80.07142976458583,17.200000315904617,113.48
1995-06-12,19.60000029206276,13.871428778128964,9.00000013411045,70.50000105053186,6.100000061094761,113.29
1995-06-19,25.100000374019142,15.157143083001886,10.600000157952309,78.12857259277787,21.50000027567148,113.29
1995-06-26,28.80000042915344,18.40000027418137,10.600000157952309,68.04285815677473,10.599999606609344,113.15
1995-07-03,31.10000046342612,22.357143190290248,13.600000202655792,61.10000091046095,0.7000000178813934,112.91
1995-07-10,35.00000052154064,21.97142889882837,11.900000177323818,60.81428662048919,0.0,112.8
1995-07-17,31.80000047385693,22.11428604381425,15.600000232458116,71.42857249294009,10.799999833106996,112.69
1995-07-24,35.10000052303076,22.48571462077754,12.600000187754633,67.91428672628743,78.4000015258789,112.79
1995-07-31,31.20000046491623,22.20000033080578,14.500000216066836,69.05714388617447,8.299999952316284,112.79
1995-08-07,32.00000047683716,22.91428605573518,14.500000216066836,60.47142947252308,49.400001525878906,112.58
1995-08-14,29.800000444054604,20.34285744598933,13.000000193715096,70.31428676205022,30.899999238550663,112.725
1995-08-21,29.300000436604023,20.72857173745121,13.40000019967556,67.21428671585662,11.6999996304512,112.87
1995-08-28,28.80000042915344,18.45714313217572,9.600000143051147,77.71428687231881,16.99999985843897,112.85
1995-09-04,18.30000027269125,13.442857343171324,9.500000141561031,76.84285828790495,17.099999606609344,112.83
1995-09-11,22.000000327825543,15.142857368503298,7.000000104308128,79.84285833260843,13.299999833106996,112.84
1995-09-18,21.80000032484532,14.55714307406119,7.900000117719173,80.88571549100536,15.399999909102917,112.925
1995-09-25,18.30000027269125,13.142857338700976,8.00000011920929,83.3428583847625,33.300000727176666,113.01
1995-10-02,19.10000028461218,12.228571610791343,3.200000047683716,75.68571541351932,7.399999834597111,113.095
1995-10-09,23.600000351667404,15.242857369993414,9.100000135600569,86.61428700493914,14.800000190734863,113.18
1995-10-16,22.100000329315662,14.800000220537186,10.500000156462193,88.87142989571605,0.0,113.1
1995-10-23,17.80000026524067,10.557143014456544,1.100000016391277,80.65714405902794,0.699999988079071,113.05
1995-10-30,18.6000002771616,12.228571610791343,3.500000052154064,88.91428703921181,16.69999960809946,113.115
1995-11-06,14.100000210106373,4.671428641038282,-4.700000070035458,75.71428684251649,10.399999856948853,113.18
1995-11-13,12.000000178813934,5.885714373418263,-2.200000032782554,82.72857266132321,1.9999999552965164,113.2075
1995-11-20,12.10000018030405,5.957142945911203,-1.100000016391277,83.2285726687738,20.39999969303608,113.235
1995-11-27,9.600000143051147,3.17142861868654,-4.000000059604645,84.31428697066647,2.400000095367432,113.2625
1995-12-04,4.500000067055225,2.500000037252903,-1.100000016391277,88.25714417227677,6.100000120699406,113.29
1995-12-11,1.700000025331974,-0.9428571569068092,-4.500000067055225,83.90000125020742,0.6000000089406967,113.37
1995-12-18,5.700000084936619,0.857142869915281,-1.5000000223517418,82.21428693937403,4.000000096857548,113.45
1995-12-25,13.300000198185444,5.300000078976154,-0.5000000074505806,90.07142991359744,39.40000019222498,113.53
1996-01-01,2.800000041723252,-2.400000035762787,-7.900000117719173,81.71428693192345,3.4999999552965164,113.473333333333
1996-01-08,5.500000081956387,-0.9571428714053972,-6.800000101327896,88.08571559829372,1.9000000208616257,113.416666666667
1996-01-15,8.400000125169754,2.1428571747882024,-0.9000000134110451,90.80000135302544,0.8000000268220901,113.36
1996-01-22,1.100000016391277,-0.857142869915281,-4.200000062584877,83.14285838178226,0.0,113.33
1996-01-29,0.6000000089406967,-1.8428571703178545,-5.000000074505806,76.5428582834346,2.2999999672174454,113.32
1996-02-05,3.700000055134296,-1.4428571643573898,-7.000000104308128,75.27142969306026,3.5,113.29
1996-02-12,6.500000096857548,-0.6428571524364608,-7.900000117719173,81.74285836092064,11.100000195205212,113.26
1996-02-19,7.700000114738941,2.728571469230311,-0.4000000059604645,83.18571552527803,22.3000004068017,113.336592653735
1996-02-26,13.600000202655792,-0.1000000014901161,-8.400000125169754,75.72857255701508,0.7000000104308128,113.329634337598
1996-03-04,12.000000178813934,2.514285751751491,-5.200000077486038,68.85714388319424,0.699999988079071,113.311542715642
1996-03-11,8.100000120699406,2.257142890776907,-3.400000050663948,69.44285817763635,4.200000002980232,113.311542715642
1996-03-18,10.30000015348196,2.585714324244431,-5.500000081956387,71.62857249592032,0.3000000044703483,113.30736772596
1996-03-25,16.100000239908695,9.485714427062444,0.1000000014901161,75.37142969455037,10.100000202655792,113.308759389187
1996-04-01,12.10000018030405,3.928571487111705,-3.9000000581145287,68.25714387425354,4.300000101327896,113.312934378869
1996-04-08,18.30000027269125,6.185714377888611,-2.200000032782554,73.25714394875935,5.800000190734863,113.305976062732
1996-04-15,15.800000235438349,7.814285830727646,-0.5000000074505806,66.8857152823891,5.199999913573265,113.30180107305
1996-04-22,26.700000397861004,15.34285737148353,0.5000000074505806,48.07142928774868,0.0,113.299017746595
1996-04-29,23.100000344216824,13.90000020712614,4.500000067055225,63.58571523321526,4.599999971687794,113.29623442014
1996-05-06,21.50000032037497,11.60000017285347,1.80000002682209,69.628572466118,25.50000047683716,113.300409409823
1996-05-13,19.30000028759241,10.471428727465016,5.500000081956387,77.88571544630187,1.0999999940395355,113.293451093686
1996-05-20,23.000000342726707,12.957143050219331,7.900000117719173,83.3428583847625,36.50000023841858,113.315717705324
1996-05-27,23.80000035464764,14.285714498588018,6.000000089406967,76.71428685741765,20.300000049173832,113.326851011143
1996-06-03,30.300000451505184,16.37142881538187,6.200000092387199,67.27142957385097,15.400000214576725,113.17
1996-06-10,31.80000047385693,22.12857175831284,9.600000143051147,65.57142954851899,14.299999810755253,113.52
1996-06-17,29.800000444054604,19.58571457756417,9.500000141561031,56.40000084042549,0.4000000059604645,113.382
1996-06-24,28.300000421702865,14.98571450901883,7.900000117719173,70.41428676354033,17.699999764561653,113.244
1996-07-01,25.80000038444996,16.614285961857863,9.00000013411045,67.68571529431003,4.0000001192092896,113.106
1996-07-08,24.8000003695488,16.242857384894574,9.900000147521496,74.0428582461817,34.00000035762787,112.968
1996-07-15,28.80000042915344,19.428571718079706,7.500000111758709,69.28571531815189,7.499999836087227,112.83
1996-07-22,26.30000039190054,18.185714556702543,9.100000135600569,53.45714365371636,0.0,112.7
1996-07-29,28.300000421702865,19.47142886157547,10.600000157952309,71.12857248846974,25.40000013262033,112.62
1996-08-05,29.700000442564487,20.042857441518983,10.600000157952309,61.94285806587765,0.0,112.533578879171
1996-08-12,29.800000444054604,19.72857172255005,11.500000171363354,72.08571535987514,14.500000417232515,112.533578879171
1996-08-19,29.800000444054604,18.87142885263477,13.100000195205212,74.00000110268593,6.9999998807907104,112.482513767412
1996-08-26,29.60000044107437,19.871428867535933,11.900000177323818,71.02857248697963,9.700000017881392,112.414426951733
1996-09-02,24.300000362098217,15.471428801970822,9.100000135600569,70.74285819700786,5.3000000566244125,112.397405247813
1996-09-09,25.100000374019142,15.314285942486354,5.700000084936619,62.92857236628021,0.2000000029802322,112.38
1996-09-16,20.500000305473804,12.514285900763102,6.200000092387199,77.81428687380892,4.900000132620335,112.366666666667
1996-09-23,19.80000029504299,11.314285882881707,4.400000065565109,79.2714297526649,5.299999967217445,112.353333333333
1996-09-30,24.00000035762787,13.100000195205212,4.500000067055225,76.22857256446567,1.300000049173832,112.34
1996-10-07,18.0000002682209,10.700000159442425,3.1000000461936,81.25714406796864,4.80000002682209,112.376666666667
1996-10-14,20.000000298023224,12.357143041278634,4.90000007301569,81.24285835347006,0.0,112.413333333333
1996-10-21,18.6000002771616,10.328571582479135,3.700000055134296,87.35714415886572,38.400000274181366,112.45
1996-10-28,16.600000247359276,10.057143007005964,2.200000032782554,79.35714403965643,3.0,112.608
1996-11-04,17.100000254809856,10.842857304428303,5.500000081956387,76.00000113248825,5.50000012665987,112.766
1996-11-11,15.000000223517418,8.914285847118922,3.200000047683716,84.31428697066647,30.79999947547913,112.924
1996-11-18,11.800000175833702,5.200000077486038,0.4000000059604645,87.2571441573756,55.59999895095825,113.082
1996-11-25,8.300000123679638,2.6857143257345477,-2.7000000402331352,84.41428697215659,12.20000022649765,113.24
1996-12-02,8.300000123679638,3.9000000581145287,0.5000000074505806,81.1857154954757,13.600000135600569,113.34
1996-12-09,9.80000014603138,2.971428615706308,-0.800000011920929,83.87142982121024,0.3000000119209289,113.25
1996-12-16,6.400000095367432,0.885714298912457,-3.9000000581145287,87.88571559531348,4.800000071525574,113.27
1996-12-23,8.50000012665987,1.771428597824914,-3.9000000581145287,88.78571560872453,28.29999965429306,113.284
1996-12-30,-3.6000000536441803,-8.242857265685286,-13.800000205636024,76.22857256446567,7.200000286102295,113.298
1997-01-06,-3.200000047683716,-7.242857250784125,-15.500000230968,84.67142983313117,9.099999845027924,113.312
1997-01-13,-2.1000000312924385,-4.842857215021338,-11.60000017285347,82.95714409330061,0.0,113.326
1997-01-20,4.700000070035458,-4.742857213531222,-13.600000202655792,92.27142994638,8.3999999538064,113.34
1997-01-27,5.500000081956387,2.3142857487712587,0.5000000074505806,93.9571442572134,8.100000023841858,113.4125
1997-02-03,5.000000074505806,0.6571428669350486,-4.500000067055225,82.64285837433168,0.0,113.485
1997-02-10,14.100000210106373,4.428571494562285,-3.200000047683716,76.85714400240353,7.299999833106995,113.5575
1997-02-17,12.4000001847744,5.700000084936619,-1.100000016391277,77.32857258085694,33.99999991059303,113.63
1997-02-24,14.600000217556952,8.614285842648574,0.5000000074505806,70.35714390554598,15.800000101327896,113.6
1997-03-03,19.500000290572643,9.028571563107628,0.2000000029802322,74.57142968262944,46.20000147819519,113.65
1997-03-10,17.30000025779009,8.771428702133042,1.80000002682209,75.7000011280179,1.5,113.58
1997-03-17,18.100000269711018,10.242857295487608,3.200000047683716,75.27142969306026,3.699999965727329,113.5325
1997-03-24,15.100000225007534,6.257142950381551,-1.3000000193715096,77.24285829386541,10.199999779462814,113.485
1997-03-31,16.00000023841858,9.00000013411045,3.200000047683716,72.15714393236807,3.5000000596046448,113.4375
1997-04-07,19.500000290572643,8.85714298912457,-0.2000000029802322,59.414286599627566,3.800000011920929,113.39
1997-04-14,20.60000030696392,8.814285845628806,-0.9000000134110451,58.04285800776312,0.1000000014901161,113.31
1997-04-21,16.800000250339508,7.200000107288361,-0.800000011920929,56.5142865564142,5.300000190734863,113.23
1997-04-28,20.60000030696392,11.171428737895829,-0.5000000074505806,63.70000094920397,9.999999821186066,113.17
1997-05-05,26.700000397861004,14.84285736403295,5.700000084936619,67.34285814634391,7.6000001430511475,113.175
1997-05-12,23.600000351667404,11.171428737895829,3.700000055134296,74.12857253317323,21.09999991208315,113.18
1997-05-19,28.300000421702865,19.000000283122063,7.800000116229057,71.57142963792596,5.3000002056360245,113.107726788432
1997-05-26,23.000000342726707,14.228571640593666,5.500000081956387,64.05714381166867,8.499999761581421,113.209351598174
1997-06-02,21.000000312924385,14.500000216066836,5.000000074505806,54.31428652363165,0.1000000014901161,113.351626331811
1997-06-09,29.300000436604023,19.571428863065584,9.00000013411045,62.31428664284093,13.3000003695488,113.290651445967
1997-06-16,29.800000444054604,19.557143148567,10.400000154972076,68.48571530623096,19.899999715387818,113.270326484018
1997-06-23,21.60000032186508,14.92857165102448,8.400000125169754,78.45714402624539,41.40000066906214,112.71
1997-06-30,23.300000347197056,15.828571664435524,9.00000013411045,78.00000116229057,18.399999856948853,112.73
1997-07-07,24.100000359117985,16.700000248849392,10.100000150501728,75.98571541798967,14.100000143051147,112.75
1997-07-14,27.500000409781933,20.042857441518983,13.600000202655792,69.40000103414059,10.000000208616257,112.656666666667
1997-07-21,26.100000388920307,17.95714312472514,12.10000018030405,78.17142973627362,14.800000190734863,112.563333333333
1997-07-28,27.000000402331352,19.91428601103169,12.500000186264517,70.61428676652056,10.199999809265137,112.47
1997-08-04,29.300000436604023,19.52857171956982,13.000000193715096,72.25714393385819,3.600000023841858,112.49
1997-08-11,31.600000470876694,22.7714289107493,13.100000195205212,61.67142949040447,0.0,112.37
1997-08-18,31.300000466406345,22.585714622267652,14.600000217556952,64.6285723916122,2.0,112.27
1997-08-25,32.20000047981739,22.757143196250716,14.100000210106373,69.51428675012929,3.699999988079071,112.23
1997-09-01,30.300000451505184,19.38571457458394,12.000000178813934,78.71428688721997,10.30000014603138,112.223333333333
1997-09-08,26.80000039935112,18.50000027567148,10.80000016093254,76.02857256148543,3.399999976158142,112.216666666667
1997-09-15,26.80000039935112,14.542857359562602,4.000000059604645,68.14285815826484,2.9999999552965164,112.21
1997-09-22,26.50000039488077,14.800000220537186,3.700000055134296,68.75714388170412,0.0,112.15
1997-09-29,23.80000035464764,14.585714503058366,5.4000000804662704,68.54285816422531,0.0,112.14
1997-10-06,25.30000037699937,14.542857359562602,3.6000000536441803,72.40000107884407,0.1000000014901161,112.13
1997-10-13,23.600000351667404,14.500000216066836,6.70000009983778,77.44285829684564,29.800000190734863,112.21
1997-10-20,15.800000235438349,8.21428583668811,4.400000065565109,88.98571561170476,6.499999858438969,112.265
1997-10-27,10.900000162422655,5.114285790494511,-0.5000000074505806,74.37142967964921,0.2000000029802322,112.32
1997-11-03,11.000000163912771,2.9142857577119554,-3.1000000461936,69.07142960067306,0.0,112.37
1997-11-10,14.600000217556952,8.228571551186699,-0.1000000014901161,85.42857270155635,39.70000052452088,112.42
1997-11-17,9.500000141561031,6.214285806885788,0.1000000014901161,87.45714416035584,11.899999976158142,112.47
1997-11-24,11.400000169873238,2.9000000432133675,-2.7000000402331352,85.44285841605493,5.400000095367432,112.52
1997-12-01,10.80000016093254,4.685714355536869,0.0,86.45714414545468,4.50000012665987,112.57
1997-12-08,4.500000067055225,0.6714285814336368,-2.7000000402331352,89.0571441841977,8.800000086426735,112.525
1997-12-15,13.90000020712614,6.62857152734484,-1.5000000223517418,82.05714407988957,15.899999871850014,112.48
1997-12-22,4.400000065565109,0.9000000134110451,-3.6000000536441803,88.18571559978383,26.399999737739563,112.6525
1997-12-29,15.500000230968,6.84285724482366,1.5000000223517418,85.0000012665987,7.399999991059303,112.825
1998-01-05,11.500000171363354,6.971428675310952,-0.2000000029802322,78.77142974521432,26.899999797344208,112.9975
1998-01-12,13.600000202655792,6.057142947401319,-1.80000002682209,79.02857260618892,0.6000000089406967,113.17
1998-01-19,11.30000016838312,5.25714293548039,-1.700000025331974,82.68571551782745,24.70000028610229,113.245
1998-01-26,4.700000070035458,0.6857142959322247,-4.500000067055225,80.87142977650676,3.899999976158142,113.32
1998-02-02,2.3000000342726707,-4.057142917598997,-10.80000016093254,80.01428690659148,0.6000000089406967,113.26
1998-02-09,8.600000128149986,0.0285714289971761,-7.500000111758709,76.88571543140071,0.1000000014901161,113.2
1998-02-16,17.00000025331974,7.7428572582347055,-1.700000025331974,72.64285822532007,0.0,113.24
1998-02-23,17.80000026524067,8.00000011920929,0.6000000089406967,76.24285827896425,7.499999761581421,113.33
1998-03-02,13.600000202655792,7.585714398750237,0.1000000014901161,77.91428687529904,1.9000000730156896,113.26
1998-03-09,20.000000298023224,8.842857274625983,-1.5000000223517418,66.08571527046817,26.49999926239252,113.32
1998-03-16,11.000000163912771,5.457142938460622,-2.600000038743019,76.4142868529473,3.500000096857548,113.293333333333
1998-03-23,12.500000186264517,6.114285805395672,-2.200000032782554,69.48571532113212,6.500000238418579,113.266666666667
1998-03-30,22.30000033229589,8.885714418121747,-3.200000047683716,62.5857152183141,0.0,113.24
1998-04-06,24.100000359117985,11.81428589033229,4.500000067055225,76.7857154299106,28.299999594688416,113.323333333333
1998-04-13,14.500000216066836,7.800000116229057,2.3000000342726707,77.08571543438094,14.40000043064356,113.406666666667
1998-04-20,16.600000247359276,7.042857247803893,-0.6000000089406967,75.75714398601225,32.50000047683716,113.49
1998-04-27,21.60000032186508,14.071428781109196,7.200000107288361,72.50000108033419,22.399999260902405,113.4125
1998-05-04,22.30000033229589,12.200000181794168,4.500000067055225,76.08571541947978,1.7000000476837158,113.335
1998-05-11,29.800000444054604,16.971428824322565,3.6000000536441803,60.98571519447224,0.1000000014901161,113.2575
1998-05-18,30.70000045746565,18.80000028014183,8.00000011920929,53.67142937119518,0.1000000014901161,113.18
1998-05-25,24.300000362098217,14.671428790049893,5.900000087916851,64.82857239459243,5.899999812245369,113.03
1998-06-01,23.600000351667404,16.742857392345154,10.500000156462193,74.80000111460686,20.89999993145466,112.88
1998-06-08,32.20000047981739,20.800000309944156,12.500000186264517,64.87142953808818,14.800000049173832,112.73
1998-06-15,22.800000339746475,14.685714504548482,7.800000116229057,76.24285827896425,28.89999962598085,112.8
1998-06-22,32.00000047683716,19.30000028759241,12.10000018030405,68.25714387425354,3.89999994635582,112.685
1998-06-29,29.300000436604023,20.114286014011928,12.000000178813934,63.97142952467714,0.9000000357627869,112.57
1998-07-06,25.100000374019142,18.200000271201134,12.500000186264517,63.80000095069408,1.1999999806284904,112.49
1998-07-13,25.600000381469727,16.84285739383527,10.000000149011612,72.62857251082148,12.100000023841858,112.44
1998-07-20,33.80000050365925,18.757143136646068,10.500000156462193,70.2142867605601,17.700000762939453,112.39
1998-07-27,31.000000461936,21.285714602896142,14.100000210106373,64.00000095367432,5.700000122189522,112.3
1998-08-03,25.80000038444996,18.100000269711018,12.500000186264517,74.37142967964921,6.699999943375588,112.26
1998-08-10,35.00000052154064,23.01428605722529,12.500000186264517,56.77142941738878,0.0,112.185
1998-08-17,36.80000054836273,23.4857146356787,11.000000163912771,54.82857224558081,0.0,112.11
1998-08-24,30.200000450015068,18.414285988679957,9.400000140070915,67.97142958428178,10.00000011920929,112.132
1998-08-31,24.300000362098217,14.357143071080957,6.900000102818012,67.18571528685945,2.0,112.154
1998-09-07,23.300000347197056,16.971428824322565,10.000000149011612,80.31428691106183,31.299999713897705,112.176
1998-09-14,25.50000037997961,14.942857365523066,7.500000111758709,81.7857155044164,29.299999117851254,112.198
1998-09-21,20.30000030249357,13.657143060650144,5.900000087916851,75.17142969157014,2.699999988079071,112.22
1998-09-28,22.600000336766243,15.05714308151177,7.400000110268593,78.72857260171857,5.000000067055225,112.255
1998-10-05,20.60000030696392,11.30000016838312,5.900000087916851,88.11428702729089,35.79999998956919,112.29
1998-10-12,15.800000235438349,10.88571444792407,7.800000116229057,83.40000124275684,20.50000035762787,112.33
1998-10-19,21.1000003144145,11.642857316349234,3.6000000536441803,82.41428694235427,6.200000047683716,112.34
1998-10-26,17.30000025779009,10.628571586949484,3.500000052154064,77.42857258234706,32.400000512599945,112.38
1998-11-02,16.50000024586916,9.3000001385808,2.3000000342726707,80.97142977799687,76.49999904632568,112.615
1998-11-09,12.800000190734863,7.557142969753061,0.5000000074505806,81.15714406647852,8.300000131130219,112.85
1998-11-16,14.300000213086603,5.18571436298745,-0.6000000089406967,87.08571558339256,18.099999882280827,113.07
1998-11-23,4.90000007301569,-1.700000025331974,-8.100000120699406,81.11428692298276,1.0999999940395355,113.09
1998-11-30,5.500000081956387,1.1428571598870414,-1.80000002682209,86.90000129491091,2.700000107288361,113.1
1998-12-07,3.700000055134296,0.042857143495764,-2.0000000298023224,81.80000121891499,7.799999892711639,113.205
1998-12-14,13.000000193715096,3.0142857592020715,-5.4000000804662704,85.55714413204363,14.200000286102297,113.31
1998-12-21,11.30000016838312,3.800000056624413,-2.1000000312924385,83.64285838923284,6.000000104308128,113.29
1998-12-28,14.600000217556952,4.871428644018514,-3.000000044703484,76.95714400389365,4.200000017881393,113.323333333333
1999-01-04,12.90000019222498,3.285714334675244,-3.6000000536441803,88.84285846671888,10.80000014603138,113.356666666667
1999-01-11,15.600000232458116,5.857142944421087,-0.1000000014901161,81.62857264493194,10.100000143051147,113.39
1999-01-18,12.500000186264517,4.842857215021338,-3.1000000461936,75.65714398452214,3.299999989569187,113.36
1999-01-25,11.500000171363354,3.114285760692188,-3.700000055134296,85.92857270900693,3.1000000983476643,113.4
1999-02-01,11.60000017285347,1.2285714468785696,-5.700000084936619,78.50000116974115,13.499999701976776,113.44
1999-02-08,8.900000132620335,3.52857148115124,-1.100000016391277,81.61428693043334,14.89999969303608,113.48
1999-02-15,4.200000062584877,-1.9142857428107944,-7.500000111758709,78.81428688871009,0.400000013411045,113.54
1999-02-22,11.000000163912771,4.485714352556637,-0.5000000074505806,84.47142983015094,33.299999713897705,113.6
1999-03-01,14.300000213086603,4.257142920579229,-4.200000062584877,77.38571543885129,6.599999964237213,113.51
1999-03-08,12.500000186264517,6.171428663390024,-0.2000000029802322,78.98571546269315,20.699999511241916,113.53
1999-03-15,20.000000298023224,8.228571551186699,-0.2000000029802322,80.01428690659148,12.0,113.55
1999-03-22,11.30000016838312,5.971428660409791,-0.800000011920929,69.51428675012929,4.400000035762787,113.58
1999-03-29,18.50000027567148,8.485714412161283,2.200000032782554,80.52857262854066,17.399999737739563,113.61
1999-04-05,20.30000030249357,12.114285894802638,3.200000047683716,70.77142962600503,0.4000000059604645,113.46
1999-04-12,21.60000032186508,11.200000166893004,2.7000000402331352,72.25714393385819,10.100000143051147,113.42
1999-04-19,11.60000017285347,6.27142866488014,1.700000025331974,79.02857260618892,22.800000250339508,113.46
1999-04-26,22.30000033229589,12.54285732976028,-0.2000000029802322,69.30000103265047,6.500000059604645,113.4
1999-05-03,23.500000350177288,15.457143087472234,8.00000011920929,66.84285813889333,14.100000381469728,113.19
1999-05-10,22.100000329315662,15.114285939506122,8.600000128149986,75.52857255403485,10.599999904632568,113.24
1999-05-17,20.000000298023224,14.085714495607784,5.200000077486038,70.2285724750587,10.700000047683716,113.133333333333
1999-05-24,23.100000344216824,15.171428797500472,7.800000116229057,69.88571532709258,5.600000143051148,113.026666666667
1999-05-31,30.500000454485416,20.485714590975217,11.000000163912771,62.77142950679575,9.5,112.92
1999-06-07,30.70000045746565,17.51428597526891,8.00000011920929,71.24285820445844,42.70000038295984,112.97
1999-06-14,22.500000335276127,16.65714310535363,9.500000141561031,66.98571528387922,4.400000013411045,112.86
1999-06-21,26.80000039935112,17.671428834753378,9.80000014603138,61.57142948891436,1.699999988079071,112.75
1999-06-28,25.80000038444996,17.685714549251966,6.400000095367432,60.4428580435259,3.799999922513962,112.64
1999-07-05,33.20000049471855,22.500000335276127,12.000000178813934,64.18571524215596,35.9000004529953,112.53
1999-07-12,27.80000041425228,20.45714316197804,14.100000210106373,75.50000112503767,18.199999928474423,112.59
1999-07-19,31.500000469386578,21.200000315904617,11.10000016540289,65.15714382805994,7.1999998688697815,112.503333333333
1999-07-26,29.300000436604023,19.900000296533108,10.400000154972076,64.81428668009383,4.8999999538064,112.416666666667
1999-08-02,31.300000466406345,22.27142890329872,13.40000019967556,50.914286472967696,0.0,112.33
1999-08-09,31.20000046491623,22.24285747430154,14.100000210106373,70.90000105649233,17.499999709427357,112.22
1999-08-16,25.30000037699937,17.885714552232198,9.500000141561031,70.87142962749515,4.699999988079071,112.2225
1999-08-23,25.80000038444996,17.014285967818328,9.80000014603138,66.07142955596957,3.2999999076128006,112.225
1999-08-30,30.70000045746565,20.200000301003456,11.500000171363354,72.01428678738219,5.299999929964542,112.2275
1999-09-06,26.700000397861004,18.42857170317854,11.10000016540289,69.0285724571773,2.0,112.23
1999-09-13,31.20000046491623,21.12857174341168,13.100000195205212,65.82857240949359,0.0,112.25
1999-09-20,30.600000455975533,18.285714558192662,8.300000123679638,68.70000102370977,2.5000000596046448,112.27
1999-09-27,25.100000374019142,17.771428836243494,11.400000169873238,77.77142973031316,35.4000004902482,112.29
1999-10-04,19.60000029206276,14.071428781109196,7.800000116229057,79.32857261065926,18.300000309944156,112.31
1999-10-11,17.80000026524067,11.571428743856291,3.9000000581145287,79.97142976309571,6.000000096857548,112.32
1999-10-18,16.600000247359276,8.085714406200818,-0.2000000029802322,74.58571539712804,0.0,112.33
1999-10-25,16.800000250339508,8.842857274625983,0.800000011920929,78.2000011652708,9.50000037252903,112.355
1999-11-01,18.30000027269125,10.785714446433952,0.800000011920929,81.9000012204051,6.299999833106995,112.38
1999-11-08,15.800000235438349,8.785714416631631,1.700000025331974,82.90000123530626,8.699999928474426,112.415
1999-11-15,10.100000150501728,5.200000077486038,-0.800000011920929,80.55714405753783,15.100000143051147,112.45
1999-11-22,4.200000062584877,0.6714285814336368,-3.000000044703484,84.17142982568059,9.999999858438969,112.47
1999-11-29,10.500000156462193,3.628571482641356,-1.700000025331974,86.18571556998151,1.3999999538064003,112.55
1999-12-06,11.000000163912771,5.814285800925323,-2.500000037252903,76.11428684847695,7.600000098347664,112.58
1999-12-13,12.000000178813934,7.614285827747413,3.000000044703484,79.32857261065926,40.30000025033951,112.7
1999-12-20,6.800000101327896,0.6571428669350488,-4.400000065565109,86.74285843542644,42.60000088810921,112.933333333333
1999-12-27,10.100000150501728,0.8714285844138691,-10.100000150501728,86.4428584309561,36.10000029206276,113.166666666667
2000-01-03,7.800000116229057,3.000000044703484,-0.9000000134110451,86.25714414247444,1.7999999895691872,113.4
2000-01-10,9.80000014603138,5.500000081956387,-0.5000000074505806,84.70000126212835,12.199999883770944,113.39
2000-01-17,7.000000104308128,2.0285714587994983,-3.1000000461936,80.90000120550394,0.0,113.38
2000-01-24,9.00000013411045,2.1428571747882024,-8.00000011920929,76.57142971243177,5.500000007450581,113.37
2000-01-31,11.400000169873238,2.285714319774083,-9.900000147521496,74.57142968262944,5.799999833106995,113.41
2000-02-07,13.90000020712614,7.685714400240353,1.3000000193715096,72.1142867888723,2.3000000193715096,113.365
2000-02-14,12.800000190734863,5.600000083446503,-3.6000000536441803,77.20000115036964,16.09999979287386,113.32
2000-02-21,12.300000183284284,4.071428632097585,-1.100000016391277,77.88571544630187,24.699999906122684,113.405
2000-02-28,18.100000269711018,6.300000093877316,-1.3000000193715096,75.55714398303202,6.0,113.49
2000-03-06,10.100000150501728,5.128571504993098,-0.2000000029802322,71.1714296319655,23.500000298023224,113.55
2000-03-13,13.40000019967556,9.6571430010455,0.6000000089406967,70.60000105202198,1.2000000178813934,113.48
2000-03-20,12.800000190734863,7.785714401730469,0.0,70.18571533156293,2.600000061094761,113.42
2000-03-27,17.600000262260437,9.185714422592095,0.2000000029802322,69.54285817912647,2.1000000834465027,113.4325
2000-04-03,19.60000029206276,7.457142968262945,0.2000000029802322,76.35714399495295,35.299999594688416,113.445
2000-04-10,16.00000023841858,8.585714413651399,-0.2000000029802322,59.47142945762192,10.200000047683716,113.4575
2000-04-17,15.600000232458116,9.22857156608786,1.80000002682209,72.34285822084972,15.099999718368052,113.47
2000-04-24,26.600000396370888,14.1857144970979,5.000000074505806,69.21428674565894,11.900000147521496,113.43
2000-05-01,25.50000037997961,16.757143106843746,4.90000007301569,71.91428678589207,3.700000047683716,113.295
2000-05-08,26.00000038743019,18.285714558192662,12.000000178813934,72.77142965580735,22.8000003695488,113.16
2000-05-15,29.10000043362379,20.085714585014752,11.500000171363354,64.90000096708536,35.29999923706055,113.12
2000-05-22,28.300000421702865,13.842857349131789,4.500000067055225,72.57142965282712,18.30000052601099,113.08
2000-05-29,23.600000351667404,14.600000217556952,7.400000110268593,69.7428581821067,6.200000040233135,113.04
2000-06-05,30.600000455975533,18.757143136646068,6.500000096857548,72.68571536881583,47.39999866485596,113.0
2000-06-12,30.600000455975533,19.071428855615004,8.600000128149986,63.02857236777033,0.0,112.92
2000-06-19,32.30000048130751,20.10000029951334,7.900000117719173,53.78571508718388,0.0,112.81
2000-06-26,33.600000500679016,18.842857423637597,10.80000016093254,60.48571518702166,6.600000098347664,112.65
2000-07-03,29.10000043362379,18.614285991660186,7.000000104308128,60.18571518255131,19.600000001490116,112.56
2000-07-10,25.700000382959843,17.2857145432915,11.500000171363354,77.28571543736118,40.29999995976687,112.59
2000-07-17,19.500000290572643,14.157143068100725,9.400000140070915,79.45714404114655,19.20000004768372,112.62
2000-07-24,24.8000003695488,17.971428839223726,9.900000147521496,70.75714391150645,10.000000193715096,112.618
2000-07-31,25.100000374019142,18.15714312770537,12.000000178813934,80.92857263450112,19.500000096857548,112.616
2000-08-07,28.300000421702865,19.042857426617825,12.10000018030405,74.75714397111109,22.499999701976776,112.614
2000-08-14,31.600000470876694,21.47142889137779,13.100000195205212,68.90000102669,0.0,112.612
2000-08-21,29.300000436604023,21.55714317836932,15.100000225007534,76.58571542693036,8.59999979287386,112.61
2000-08-28,29.000000432133675,19.057143141116416,12.4000001847744,70.87142962749515,5.299999833106995,112.54
2000-09-04,24.300000362098217,16.328571671886102,11.30000016838312,76.75714400091341,17.499999940395355,112.515
2000-09-11,26.30000039190054,16.35714310088328,8.900000132620335,77.71428687231881,9.300000190734863,112.49
2000-09-18,27.000000402331352,16.87142882283245,11.900000177323818,81.15714406647852,26.09999895095825,112.52
2000-09-25,23.100000344216824,13.942857350621903,6.400000095367432,84.41428697215659,3.700000002980232,112.51
2000-10-02,24.600000366568565,15.70000023394823,10.000000149011612,85.28571555657047,20.600000381469727,112.51
2000-10-09,18.30000027269125,10.928571591419834,1.0000000149011612,83.64285838923284,13.699999824166298,112.6
2000-10-16,19.500000290572643,11.914285891822406,5.200000077486038,84.5285726881453,12.499999679625033,112.72
2000-10-23,16.800000250339508,10.742857302938187,5.000000074505806,90.64285849354096,6.700000002980232,112.763333333333
2000-10-30,18.50000027567148,12.31428589778287,7.400000110268593,75.12857254807439,10.800000071525574,112.806666666667
2000-11-06,15.800000235438349,8.57142869915281,2.7000000402331352,83.48571552974838,16.300000190734863,112.85
2000-11-13,13.300000198185444,7.585714398750237,0.5000000074505806,82.7428583758218,27.19999998807907,113.02
2000-11-20,11.000000163912771,5.557142939950738,0.5000000074505806,86.42857271645751,3.899999856948853,113.19
2000-11-27,10.30000015348196,6.114285805395672,-1.5000000223517418,87.3857155878629,15.700000166893004,113.27
2000-12-04,14.300000213086603,7.628571542246001,1.100000016391277,91.87142994041952,1.400000013411045,113.25
2000-12-11,15.500000230968,8.114285835197993,1.80000002682209,86.2000012844801,17.800000049173832,113.32
2000-12-18,15.600000232458116,7.085714391299656,-0.9000000134110451,80.37142976905618,10.69999986886978,113.36
2000-12-25,5.000000074505806,-0.4000000059604644,-7.000000104308128,88.05714416929654,5.100000023841858,113.4
2001-01-01,6.70000009983778,1.614285738340446,-3.200000047683716,88.51428703325135,11.20000010728836,113.485
2001-01-08,12.000000178813934,5.857142944421087,0.2000000029802322,86.90000129491091,21.60000029951334,113.57
2001-01-15,6.000000089406967,0.814285726419517,-5.200000077486038,78.71428688721997,7.300000131130218,113.44
2001-01-22,9.500000141561031,-0.1285714304872921,-7.300000108778477,84.54285840264389,12.599999904632568,113.54
2001-01-29,11.000000163912771,5.842857229922499,-1.5000000223517418,84.18571554017919,18.5,113.64
2001-02-05,12.500000186264517,4.371428636567933,-2.200000032782554,82.6142869453345,25.600000478327274,113.77
2001-02-12,16.100000239908695,8.028571548206466,-1.3000000193715096,76.67142971392188,6.500000186264515,113.75
2001-02-19,11.500000171363354,5.200000077486038,-1.3000000193715096,77.65714401432446,6.700000166893005,113.64
2001-02-26,9.100000135600569,2.6857143257345477,-5.500000081956387,76.5428582834346,6.799999989569187,113.53
2001-03-05,12.000000178813934,3.38571433616536,-5.4000000804662704,77.20000115036964,10.700000025331974,113.546
2001-03-12,13.600000202655792,8.800000131130219,-0.5000000074505806,88.50000131875277,17.399999871850014,113.562
2001-03-19,17.100000254809856,8.757142987634454,2.200000032782554,80.88571549100536,33.89999981224537,113.578
2001-03-26,15.000000223517418,7.685714400240353,-1.80000002682209,84.400001257658,42.50000023841858,113.594
2001-04-02,21.300000317394733,8.885714418121747,1.100000016391277,74.87142968709979,6.900000207126141,113.61
2001-04-09,16.600000247359276,9.414285854569505,2.1000000312924385,75.72857255701508,14.100000381469728,113.55
2001-04-16,13.90000020712614,7.000000104308128,-0.5000000074505806,71.45714392193726,20.299999929964542,113.575
2001-04-23,15.000000223517418,6.314285808375904,0.0,71.62857249592032,11.09999979287386,113.6
2001-04-30,21.60000032186508,12.571428758757454,5.200000077486038,76.1857154209699,12.699999645352364,113.464
2001-05-07,26.80000039935112,14.642857361052718,8.300000123679638,72.2428582193596,1.2000000476837158,113.328
2001-05-14,25.80000038444996,17.885714552232198,9.600000143051147,59.64285803160497,0.800000011920929,113.192
2001-05-21,23.000000342726707,15.014285938016004,6.800000101327896,72.14285821786949,15.49999976158142,113.056
2001-05-28,28.10000041872263,19.97142886902605,10.100000150501728,55.71428654449327,0.0,112.92
2001-06-04,28.300000421702865,16.20000024139881,7.200000107288361,62.54285807481834,6.100000023841858,112.85
2001-06-11,21.300000317394733,14.300000213086603,6.900000102818012,76.00000113248825,21.999999701976776,112.763333333333
2001-06-18,25.80000038444996,17.100000254809856,7.000000104308128,68.27142958875213,17.600000023841858,112.676666666667
2001-06-25,28.700000427663326,18.285714558192662,7.300000108778477,58.48571515721934,0.0,112.59
2001-07-02,30.800000458955765,21.52857174937214,13.800000205636024,61.85714377888611,8.499999955296516,112.513333333333
2001-07-09,32.00000047683716,21.60000032186508,12.000000178813934,58.80000087618828,11.199999526143074,112.436666666667
2001-07-16,28.10000041872263,18.471428846674307,12.300000183284284,69.87142961259399,12.099999882280828,112.36
2001-07-23,30.600000455975533,19.47142886157547,11.000000163912771,62.95714379527739,2.3999999538064003,112.275
2001-07-30,33.5000004991889,24.585714652069974,15.100000225007534,55.47142939801727,4.199999809265137,112.19
2001-08-06,33.600000500679016,21.857143182839668,14.100000210106373,67.82857243929591,19.299999989569187,112.18
2001-08-13,28.50000042468309,18.45714313217572,8.00000011920929,67.88571529729026,2.5,112.14
2001-08-20,34.50000051409006,23.02857177172388,14.300000213086603,66.11428669946534,10.099999606609344,112.1
2001-08-27,33.10000049322844,22.91428605573518,14.900000222027302,64.05714381166867,0.0,112.08
2001-09-03,24.8000003695488,17.12857168380703,10.500000156462193,68.77142959620271,10.300000108778477,112.06
2001-09-10,18.100000269711018,13.371428770678383,8.50000012665987,81.61428693043334,20.099999740719795,112.11
2001-09-17,18.0000002682209,12.68571447474616,7.900000117719173,80.97142977799687,30.30000039935112,112.16
2001-09-24,17.50000026077032,11.67142874534641,3.000000044703484,81.67142978842769,23.49999914318323,112.21
2001-10-01,21.60000032186508,14.100000210106373,6.500000096857548,83.61428696023566,4.800000049173832,112.21
2001-10-08,27.10000040382147,15.70000023394823,8.400000125169754,82.67142980332885,19.100000143051147,112.215
2001-10-15,21.60000032186508,13.61428591715438,5.700000084936619,85.10000126808882,0.0,112.22
2001-10-22,21.300000317394733,12.81428590523345,6.000000089406967,86.21428699897868,6.500000193715096,112.27
2001-10-29,17.30000025779009,12.228571610791343,6.000000089406967,89.04285846969911,5.899999797344208,112.29
2001-11-05,20.000000298023224,8.42857155416693,0.9000000134110451,82.05714407988957,1.7000000476837158,112.31
2001-11-12,12.600000187754633,4.342857207570757,-4.500000067055225,82.71428694682461,26.400000035762787,112.33
2001-11-19,8.400000125169754,2.0142857443009103,-3.200000047683716,84.2857155416693,1.9999999776482584,112.4025
2001-11-26,9.00000013411045,5.171428648488862,1.3000000193715096,86.10000128298998,20.80000001192093,112.475
2001-12-03,12.000000178813934,7.457142968262945,2.7000000402331352,92.22857280288424,29.300000563263893,112.5475
2001-12-10,12.10000018030405,4.285714349576405,-3.200000047683716,78.74285831621715,3.8000000417232513,112.62
2001-12-17,4.700000070035458,-0.9857143004025732,-9.00000013411045,75.5857154120292,0.3000000119209289,112.65
2001-12-24,3.9000000581145287,-1.1857143033828057,-12.90000019222498,79.22857260916915,2.9000000804662704,112.69
2001-12-31,8.00000011920929,1.2571428758757457,-5.500000081956387,85.7285727060267,40.2000005543232,112.66
2002-01-07,0.4000000059604645,-7.228571536285536,-17.600000262260437,85.97142985250268,0.0,112.79
2002-01-14,2.7000000402331352,-2.7571428982274875,-7.000000104308128,94.25714426168372,0.9000000357627869,112.92
2002-01-21,10.000000149011612,1.3142857338700975,-9.500000141561031,89.45714419015816,4.500000059604645,113.115
2002-01-28,14.500000216066836,9.07142870660339,-0.5000000074505806,77.91428687529904,13.200000241398811,113.31
2002-02-04,16.300000242888927,9.00000013411045,-0.2000000029802322,73.95714395919016,0.1000000014901161,113.25
2002-02-11,15.000000223517418,9.07142870660339,2.800000041723252,79.47142975564513,22.79999969154596,113.34
2002-02-18,13.500000201165676,5.371428651469095,-2.800000041723252,74.75714397111109,34.89999997615814,113.465
2002-02-25,11.10000016540289,5.142857219491686,-2.7000000402331352,78.00000116229057,39.99999952316284,113.59
2002-03-04,12.500000186264517,5.800000086426735,-2.7000000402331352,74.52857253913369,3.400000013411045,113.448621987952
2002-03-11,18.30000027269125,7.385714395770004,-1.3000000193715096,72.02857250188079,1.9000000283122065,113.402311746988
2002-03-18,19.80000029504299,10.214285866490432,2.0000000298023224,74.14285824767181,23.39999938011169,113.366292670683
2002-03-25,15.100000225007534,8.171428693192345,1.0000000149011612,76.3000011369586,31.200000002980232,113.46405873494
2002-04-01,18.6000002771616,6.857142959322248,-2.0000000298023224,64.1428580986602,0.0,113.397166164659
2002-04-08,21.1000003144145,10.171428722994667,-0.800000011920929,49.50000073760748,0.0,113.4
2002-04-15,16.300000242888927,8.885714418121747,2.200000032782554,65.25714382955006,8.400000035762787,113.36
2002-04-22,19.30000028759241,9.814285860529967,3.700000055134296,79.17142975117478,14.49999988079071,113.35
2002-04-29,22.600000336766243,12.700000189244747,7.000000104308128,70.9428581999881,4.5999999567866325,113.34
2002-05-06,18.30000027269125,9.642857286546912,3.9000000581145287,83.67142981823001,60.40000140666962,113.49
2002-05-13,26.00000038743019,16.5714288183621,3.9000000581145287,74.52857253913369,13.699999764561651,113.64
2002-05-20,29.000000432133675,17.37142883028303,9.600000143051147,67.01428671287638,0.1000000014901161,113.38
2002-05-27,25.80000038444996,15.085714510508948,6.200000092387199,75.78571541500943,11.000000409781936,113.27
2002-06-03,26.00000038743019,16.471428816871985,6.200000092387199,57.71428657429559,0.0,113.153333333333
2002-06-10,28.300000421702865,17.542857404266083,10.900000162422655,71.45714392193726,14.400000095367432,113.036666666667
2002-06-17,32.00000047683716,21.142857457910264,13.000000193715096,65.98571526897805,0.6000000014901161,112.92
2002-06-24,35.700000531971455,23.55714320817164,16.300000242888927,66.91428671138627,14.299999952316284,112.84
2002-07-01,27.80000041425228,18.614285991660186,8.300000123679638,54.82857224558081,1.600000023841858,112.725
2002-07-08,30.200000450015068,18.700000278651714,10.30000015348196,66.68571527940887,4.800000101327896,112.61
2002-07-15,28.60000042617321,19.52857171956982,14.000000208616257,75.27142969306026,29.699999928474423,112.59
2002-07-22,27.10000040382147,18.100000269711018,11.400000169873238,71.07142963047538,46.60000038146973,112.87
2002-07-29,31.10000046342612,20.785714595445565,12.500000186264517,67.10000099986792,2.700000047683716,112.74
2002-08-05,32.80000048875809,20.18571458650487,13.300000198185444,72.54285822382995,27.399999618530277,112.59
2002-08-12,25.700000382959843,18.328571701688425,12.90000019222498,79.00000117719173,14.299999833106996,112.61
2002-08-19,30.200000450015068,21.642857465360844,14.600000217556952,67.82857243929591,0.0,112.52
2002-08-26,28.10000041872263,20.128571728510515,13.600000202655792,73.61428681122405,1.2999999523162842,112.46
2002-09-02,26.50000039488077,19.414286003581115,11.800000175833702,79.18571546567338,23.00000035762787,112.483333333333
2002-09-09,24.8000003695488,18.17142884220396,11.000000163912771,73.3285725212523,19.700000382959843,112.506666666667
2002-09-16,23.100000344216824,15.171428797500472,7.500000111758709,71.92857250039067,2.299999952316284,112.53
2002-09-23,21.60000032186508,13.771428776638848,6.000000089406967,78.22857259426799,8.699999928474426,112.54
2002-09-30,18.6000002771616,10.485714441963603,3.200000047683716,76.12857256297555,15.099999822676182,112.55
2002-10-07,20.60000030696392,12.128571609301227,3.6000000536441803,81.04285835048982,21.899999856948853,112.56
2002-10-14,17.80000026524067,9.200000137090685,2.200000032782554,80.78571548951524,1.0,112.635
2002-10-21,17.00000025331974,10.128571579498905,0.1000000014901161,86.77142986442361,33.00000089406967,112.71
2002-10-28,18.50000027567148,11.81428589033229,6.400000095367432,75.8142868440066,32.90000003576279,112.98
2002-11-04,16.100000239908695,11.314285882881707,3.200000047683716,87.22857272837844,27.000000327825543,113.23
2002-11-11,13.800000205636024,7.028571533305304,-0.2000000029802322,86.97142986740384,23.40000009536743,113.39
2002-11-18,14.100000210106373,8.242857265685286,2.7000000402331352,88.67142989273582,17.300000071525574,113.45
2002-11-25,11.400000169873238,7.014285818806717,0.800000011920929,90.74285849503109,6.799999952316284,113.43
2002-12-02,11.900000177323818,7.814285830727646,3.500000052154064,88.48571560425418,9.599999882280828,113.45
2002-12-09,7.500000111758709,2.7857143272246634,-5.000000074505806,80.58571548653501,1.100000023841858,113.486
2002-12-16,8.50000012665987,-0.1857142884816442,-6.900000102818012,81.82857264791217,3.9999999403953552,113.522
2002-12-23,12.500000186264517,4.628571497542517,-4.200000062584877,87.10000129789114,17.600000262260437,113.558
2002-12-30,12.500000186264517,8.742857273135867,4.500000067055225,89.61428704964263,14.200000256299973,113.594
2003-01-06,13.500000201165676,3.31428576367242,-10.000000149011612,87.70000130683184,58.400001764297485,113.63
2003-01-13,0.6000000089406967,-6.27142866488014,-11.30000016838312,79.47142975564513,8.100000381469727,113.53
2003-01-20,9.80000014603138,2.285714319774083,-3.9000000581145287,89.98571562660592,3.100000120699406,113.57
2003-01-27,9.00000013411045,3.957142916108881,-3.700000055134296,87.5000013038516,10.5999998152256,113.61
2003-02-03,9.500000141561031,1.4000000208616257,-5.900000087916851,82.42857265685286,16.799999751150608,113.65
2003-02-10,6.400000095367432,1.3857143063630375,-3.000000044703484,82.04285836539098,0.800000011920929,113.58
2003-02-17,2.7000000402331352,-1.9142857428107944,-6.000000089406967,67.9571438697832,0.0,113.51
2003-02-24,9.80000014603138,0.014285714498588,-6.500000096857548,69.28571531815189,0.0,113.44
2003-03-03,14.600000217556952,5.428571509463446,-4.200000062584877,76.37142970945153,4.5999999567866325,113.44
2003-03-10,19.80000029504299,8.342857267175402,0.5000000074505806,71.58571535242456,1.3999999538064003,113.44
2003-03-17,20.60000030696392,7.142857249294009,-1.700000025331974,61.58571520341294,2.600000023841858,113.42
2003-03-24,20.80000030994416,6.84285724482366,-1.100000016391277,57.00000084936619,0.0,113.375
2003-03-31,22.000000327825543,13.057143051709447,2.800000041723252,66.37142956043992,5.9999998807907104,113.33
2003-04-07,19.80000029504299,6.77142867233072,-2.0000000298023224,59.15714373865298,11.3000003695488,113.28
2003-04-14,21.80000032484532,6.800000101327896,-5.4000000804662704,55.30000082403421,0.5,113.21
2003-04-21,24.8000003695488,13.814285920134612,2.200000032782554,49.80000074207783,0.4000000059604644,113.14
2003-04-28,26.100000388920307,15.457143087472234,6.000000089406967,63.67142952020679,6.599999815225601,113.08
2003-05-05,29.50000043958425,15.900000236928465,4.700000070035458,63.371429515736445,1.600000023841858,113.01
2003-05-12,27.10000040382147,17.614285976759025,8.50000012665987,69.90000104159117,30.100000217556957,113.0
2003-05-19,20.10000029951334,12.657143045748985,3.200000047683716,74.70000111311674,23.699999764561653,112.99
2003-05-26,28.10000041872263,15.42857165847506,9.500000141561031,76.1714297064713,21.399999976158146,112.98
2003-06-02,29.50000043958425,20.90000031143427,13.100000195205212,73.17142966176782,17.399999618530273,112.86
2003-06-09,31.70000047236681,22.97142891372953,14.100000210106373,65.17142954255853,2.1999999061226845,112.74
2003-06-16,34.50000051409006,23.34285749069282,14.500000216066836,63.82857237969126,15.700000435113909,112.605
2003-06-23,35.50000052899122,21.75714318134955,10.500000156462193,58.74285801819393,2.400000095367432,112.47
2003-06-30,33.20000049471855,22.585714622267652,14.600000217556952,59.05714373716286,10.300000190734863,112.405
2003-07-07,26.100000388920307,18.328571701688425,13.600000202655792,70.91428677099091,10.400000005960464,112.34
2003-07-14,31.20000046491623,22.30000033229589,13.500000201165676,50.38571503651993,0.0,112.24
2003-07-21,36.80000054836273,24.15714321711234,12.500000186264517,52.9285722172686,14.900000035762789,112.175
2003-07-28,30.500000454485416,21.957143184329784,13.90000020712614,65.14285811356136,4.100000113248825,112.11
2003-08-04,36.700000546872616,23.971428928630694,10.100000150501728,56.90000084787607,5.5,112.043333333333
2003-08-11,38.20000056922436,28.200000420212746,16.800000250339508,46.1428578304393,0.4000000059604645,111.976666666667
2003-08-18,38.30000057071448,24.528571794075624,13.800000205636024,49.77142931308065,7.999999798834324,111.91
2003-08-25,30.00000044703484,22.014286042324134,12.800000190734863,52.91428650277002,0.0,111.903333333333
2003-09-01,29.800000444054604,17.842857408736432,8.50000012665987,64.10000095516443,15.700000241398811,111.896666666667
2003-09-08,27.3000004068017,16.514285960367747,6.000000089406967,63.58571523321526,19.099999621510506,111.89
2003-09-15,24.100000359117985,15.357143085982118,7.800000116229057,68.21428673075778,2.900000050663948,111.9025
2003-09-22,31.000000461936,18.55714313366584,7.300000108778477,60.271429469542845,4.199999809265137,111.915
2003-09-29,25.100000374019142,13.485714486667089,5.500000081956387,65.71428669350487,2.799999952316284,111.9275
2003-10-06,24.100000359117985,12.642857331250395,4.500000067055225,75.9428582744939,10.800000175833702,111.94
2003-10-13,17.100000254809856,10.900000162422655,3.700000055134296,76.61428685592753,19.200000859797,112.0
2003-10-20,15.600000232458116,6.457142953361784,-2.200000032782554,67.98571529878038,11.100000001490116,112.03
2003-10-27,10.000000149011612,3.828571485621589,-3.000000044703484,78.51428688423974,3.499999895691872,112.06
2003-11-03,14.600000217556952,7.485714397260121,-2.7000000402331352,82.27142979736838,12.6999998614192,112.09
2003-11-10,15.500000230968,6.657142956342016,-1.3000000193715096,78.05714402028492,0.0,112.116666666667
2003-11-17,12.10000018030405,5.871428658919675,-0.4000000059604645,86.4428584309561,15.200000181794168,112.143333333333
2003-11-24,12.500000186264517,7.728571543736117,1.700000025331974,89.35714418866804,2.300000011920929,112.17
2003-12-01,13.300000198185444,6.428571524364608,0.2000000029802322,88.87142989571605,17.900000289082527,112.19
2003-12-08,8.50000012665987,2.8285714707204277,-5.500000081956387,83.91428696470601,0.0,112.205
2003-12-15,12.500000186264517,3.071428617196424,-5.700000084936619,81.20000120997429,11.8000001385808,112.22
2003-12-22,10.600000157952309,3.114285760692188,-4.200000062584877,81.85714407690934,6.000000238418579,112.24
2003-12-29,11.60000017285347,1.757142883326326,-5.4000000804662704,77.52857258383717,2.400000035762787,112.3375
2004-01-05,3.500000052154064,-1.1428571598870414,-8.800000131130219,80.52857262854066,8.100000083446503,112.435
2004-01-12,11.800000175833702,5.157142933990274,0.5000000074505806,87.57142987634454,39.39999971538782,112.5325
2004-01-19,12.300000183284284,4.271428635077817,-3.200000047683716,79.74285833111831,21.099999763071537,112.63
2004-01-26,7.200000107288361,0.2285714319774082,-5.000000074505806,80.40000119805336,12.200000025331974,112.73
2004-02-02,13.600000202655792,4.3142857785735815,-2.200000032782554,73.54285823873111,6.599999949336052,112.79
2004-02-09,16.800000250339508,8.771428702133042,1.3000000193715096,67.42857243333545,9.499999977648258,112.805
2004-02-16,9.500000141561031,4.071428632097585,-0.9000000134110451,80.61428691553218,1.6999999806284904,112.82
2004-02-23,7.500000111758709,2.1000000312924385,-2.7000000402331352,71.1714296319655,2.3999999091029167,112.82
2004-03-01,4.700000070035458,-0.3285714334675244,-6.000000089406967,70.90000105649233,2.200000062584877,112.82
2004-03-08,8.600000128149986,2.4428571792585507,-3.700000055134296,76.28571542246002,5.300000071525574,112.82
2004-03-15,16.300000242888927,4.414285780063698,-3.200000047683716,82.05714407988957,11.10000018030405,112.82
2004-03-22,23.100000344216824,11.757143032337938,2.0000000298023224,69.58571532262224,7.0,112.82
2004-03-29,14.900000222027302,4.642857212041106,-3.400000050663948,64.20000095665455,1.600000001490116,112.82
2004-04-05,20.60000030696392,11.071428736405712,3.000000044703484,59.528572315616266,7.099999815225601,112.8
2004-04-12,14.800000220537186,7.1000001057982445,-1.100000016391277,68.81428673969847,1.6999999806284904,112.743333333333
2004-04-19,21.80000032484532,11.585714458354882,1.5000000223517418,58.02857229326453,2.700000002980232,112.686666666667
2004-04-26,25.00000037252903,13.028571622712272,3.700000055134296,61.78571520639317,0.3000000119209289,112.63
2004-05-03,25.80000038444996,16.028571667415754,6.000000089406967,62.14285806885788,1.600000023841858,112.55
2004-05-10,21.60000032186508,10.771428731935364,5.700000084936619,80.75714406051806,32.60000003874302,112.59
2004-05-17,23.300000347197056,14.014285923114844,6.400000095367432,66.65714385041169,0.7000000029802322,112.5
2004-05-24,26.200000390410423,14.785714506038598,1.700000025331974,57.02857227836336,0.0,112.41
2004-05-31,26.600000396370888,15.500000230968,3.700000055134296,49.90000074356794,8.600000381469727,112.32
2004-06-07,27.3000004068017,15.714285948446818,6.400000095367432,73.14285823277065,16.80000028759241,112.29
2004-06-14,33.20000049471855,20.157143157507694,10.30000015348196,66.11428669946534,15.899999856948853,112.25
2004-06-21,27.3000004068017,16.65714310535363,7.400000110268593,62.92857236628021,7.200000047683716,112.165
2004-06-28,30.800000458955765,19.057143141116416,7.000000104308128,53.61428651320083,0.2000000029802322,112.08
2004-07-05,27.3000004068017,18.17142884220396,11.60000017285347,58.9000008776784,5.900000050663948,112.03
2004-07-12,25.30000037699937,17.328571686787264,10.500000156462193,67.28571528834956,31.19999957084656,112.033333333333
2004-07-19,31.300000466406345,20.714286022952624,11.500000171363354,65.77142955149922,7.899999938905239,112.036666666667
2004-07-26,32.50000048428774,21.82857175384249,12.10000018030405,68.34285816124508,17.000000216066837,112.04
2004-08-02,32.100000478327274,21.428571747882025,10.000000149011612,54.6000008136034,0.0,111.98
2004-08-09,33.10000049322844,24.12857178811516,14.300000213086603,57.3428579973323,9.300000190734863,111.985
2004-08-16,32.100000478327274,20.41428601848228,13.500000201165676,74.58571539712804,14.900000050663948,111.99
2004-08-23,30.70000045746565,19.17142885710512,9.100000135600569,73.62857252572265,12.299999713897703,111.98
2004-08-30,24.8000003695488,17.600000262260437,11.60000017285347,77.7285725868174,28.60000026226044,111.982
2004-09-06,28.700000427663326,18.657143135155952,7.500000111758709,68.25714387425354,1.5,111.984
2004-09-13,27.3000004068017,18.6000002771616,7.700000114738941,63.4285723737308,17.69999998807907,111.986
2004-09-20,24.100000359117985,14.500000216066836,4.500000067055225,73.21428680526358,3.0,111.988
2004-09-27,18.80000028014183,13.1142859097038,9.00000013411045,77.11428686337811,20.20000007748604,111.99
2004-10-04,24.00000035762787,14.414285929075309,7.000000104308128,81.31428692596299,0.8000000044703484,111.98
2004-10-11,27.3000004068017,12.371428755777222,5.000000074505806,78.64285831472704,20.69999986886978,112.013333333333
2004-10-18,16.100000239908695,8.900000132620335,3.000000044703484,84.00000125169754,11.99999988079071,112.046666666667
2004-10-25,23.300000347197056,12.54285732976028,1.80000002682209,82.2571440828698,5.399999894201756,112.08
2004-11-01,14.600000217556952,10.600000157952309,6.900000102818012,90.1285727715918,22.39999993145466,112.115
2004-11-08,15.500000230968,9.014285848609038,0.2000000029802322,86.37142985846315,6.100000143051148,112.15
2004-11-15,8.50000012665987,2.8285714707204277,-3.200000047683716,86.85714415141514,17.799999952316284,112.17
2004-11-22,11.60000017285347,5.600000083446503,-1.80000002682209,79.10000117868185,8.699999786913395,112.2
2004-11-29,12.500000186264517,4.8857143585171015,-3.200000047683716,88.01428702580077,1.700000062584877,112.23
2004-12-06,7.200000107288361,3.485714337655476,-1.0000000149011612,89.61428704964263,1.6999999806284904,112.24
2004-12-13,3.700000055134296,-0.3000000044703483,-5.000000074505806,88.30000131577253,0.0,112.25
2004-12-20,7.500000111758709,0.7714285829237529,-6.200000092387199,88.25714417227677,15.699999690055847,112.28
2004-12-27,10.100000150501728,2.614285753241607,-8.50000012665987,84.42857268665519,5.799999870359898,112.31
2005-01-03,10.30000015348196,3.814285771123001,-3.700000055134296,84.31428697066647,4.399999976158142,112.34
2005-01-10,14.500000216066836,7.485714397260121,2.200000032782554,77.55714401283434,4.499999925494194,112.37
2005-01-17,10.400000154972076,2.7857143272246634,-5.700000084936619,86.2000012844801,2.8000000715255737,112.4
2005-01-24,10.500000156462193,4.042857203100409,-1.5000000223517418,76.10000113397837,10.199999816715716,112.43
2005-01-31,4.000000059604645,-2.1142857457910265,-8.100000120699406,75.88571541649955,3.999999955296517,112.42
2005-02-07,7.200000107288361,1.771428597824914,-4.90000007301569,78.0857154492821,1.600000016391277,112.45
2005-02-14,12.10000018030405,4.214285777083465,-4.000000059604645,82.88571552080768,18.70000004768372,112.49
2005-02-21,4.000000059604645,-0.042857143495764,-3.9000000581145287,79.21428689467055,10.300000011920927,112.53
2005-02-28,2.800000041723252,-3.0142857592020715,-11.000000163912771,78.22857259426799,5.300000004470348,112.565
2005-03-07,4.000000059604645,-2.95714290120772,-13.600000202655792,69.84285818359682,2.499999985098839,112.6
2005-03-14,10.500000156462193,3.428571479661124,-3.000000044703484,74.07142967517886,8.299999803304672,112.675
2005-03-21,21.60000032186508,11.557143029357706,0.4000000059604645,63.67142952020679,0.1000000014901161,112.75
2005-03-28,18.6000002771616,11.585714458354882,4.000000059604645,78.22857259426799,9.300000250339508,112.76
2005-04-04,21.000000312924385,11.000000163912771,1.80000002682209,67.41428671883685,12.299999982118608,112.78
2005-04-11,17.100000254809856,8.971428705113274,1.5000000223517418,73.30000109225512,8.099999979138374,112.8
2005-04-18,21.50000032037497,12.628571616751808,4.90000007301569,70.31428676205022,26.100000619888306,112.804
2005-04-25,18.6000002771616,9.87142871852432,-0.2000000029802322,75.68571541351932,19.90000033378601,112.808
2005-05-02,29.800000444054604,16.757143106843746,5.200000077486038,64.2571438146489,1.7999999895691872,112.812
2005-05-09,23.100000344216824,11.928571606320997,3.700000055134296,72.32857250635114,19.200000196695328,112.816
2005-05-16,19.80000029504299,11.757143032337938,2.600000038743019,64.65714382060936,17.99999973922968,112.82
2005-05-23,25.600000381469727,14.428571643573898,3.200000047683716,70.75714391150645,6.800000071525574,112.69
2005-05-30,33.600000500679016,21.27142888839756,7.400000110268593,59.81428660558803,0.2000000029802322,112.56
2005-06-06,30.00000044703484,16.557143103863513,8.00000011920929,61.1571437684553,5.499999940395355,112.42
2005-06-13,24.600000366568565,13.628571631652967,4.200000062584877,56.314286553433966,0.0,112.34
2005-06-20,32.70000048726797,20.68571459395545,11.000000163912771,60.07142946656261,2.5999999046325684,112.19
2005-06-27,34.80000051856041,24.771428940551623,15.300000227987766,56.12857226495232,2.1999999806284904,112.06
2005-07-04,32.80000048875809,21.44285746238061,14.800000220537186,67.8428581537945,43.89999983459711,112.03
2005-07-11,28.00000041723252,17.21428597079856,9.100000135600569,68.70000102370977,14.800000317394735,112.01
2005-07-18,32.20000047981739,23.35714320519141,14.100000210106373,55.61428654300315,2.199999988079071,111.94
2005-07-25,24.300000362098217,18.80000028014183,12.000000178813934,66.45714384743145,9.70000010728836,111.91
2005-08-01,35.30000052601099,22.157143187310016,11.500000171363354,63.75714380719832,11.299999572336674,111.88
2005-08-08,25.100000374019142,16.742857392345154,9.500000141561031,68.85714388319424,7.4000000804662704,111.86
2005-08-15,27.200000405311584,16.557143103863513,8.00000011920929,72.14285821786949,18.899999618530277,111.84
2005-08-22,28.300000421702865,19.17142885710512,13.100000195205212,74.47142968113933,5.4999998807907104,111.81
2005-08-29,28.80000042915344,17.614285976759025,7.500000111758709,68.71428673820836,2.1999999061226845,111.79
2005-09-05,31.000000461936,21.8142860393439,11.900000177323818,64.00000095367432,0.1000000014901161,111.77
2005-09-12,30.800000458955765,20.514286019972392,13.300000198185444,72.55714393832854,19.79999947547913,111.75
2005-09-19,22.800000339746475,15.242857369993414,6.000000089406967,71.75714392640761,11.700000002980232,111.77
2005-09-26,24.8000003695488,14.371428785579544,3.6000000536441803,71.95714392938784,0.700000025331974,111.76
2005-10-03,21.000000312924385,13.157143053199563,6.400000095367432,79.54285832813808,33.50000078231096,111.84
2005-10-10,20.60000030696392,14.1857144970979,8.00000011920929,85.04285841009447,0.5,111.89
2005-10-17,20.80000030994416,10.80000016093254,3.400000050663948,79.98571547759431,0.0,111.9
2005-10-24,20.80000030994416,11.557143029357706,1.600000023841858,81.52857264344182,4.000000111758709,111.91
2005-10-31,21.300000317394733,12.985714479216508,4.700000070035458,83.88571553570884,2.1000000536441803,111.935
2005-11-07,21.000000312924385,10.828571589929718,0.800000011920929,85.6000012755394,12.200000047683716,111.96
2005-11-14,14.900000222027302,6.885714388319424,1.0000000149011612,87.31428701536996,0.1000000014901161,111.976666666667
2005-11-21,8.300000123679638,2.857142899717604,-3.700000055134296,86.14285842648574,7.299999952316284,111.993333333333
2005-11-28,5.4000000804662704,1.4285714498588018,-1.80000002682209,78.9142868902002,6.999999918043613,112.01
2005-12-05,9.500000141561031,2.95714290120772,-5.000000074505806,83.90000125020742,11.70000008493662,112.03
2005-12-12,6.500000096857548,2.271428605275495,-4.500000067055225,84.02857268069472,5.499999955296516,112.05
2005-12-19,8.400000125169754,3.128571475190776,-1.700000025331974,81.08571549398559,14.500000298023224,112.07
2005-12-26,7.200000107288361,2.7000000402331352,-2.0000000298023224,87.01428701089961,6.200000092387199,112.09
2006-01-02,7.000000104308128,-0.057142857994352,-7.900000117719173,87.30000130087137,14.89999993145466,112.12
2006-01-09,4.000000059604645,0.2000000029802321,-4.500000067055225,84.157144111182,0.1000000014901161,112.15
2006-01-16,1.3000000193715096,-3.342857192669596,-9.500000141561031,88.88571561021465,4.499999977648258,112.175
2006-01-23,7.000000104308128,1.5142857368503295,-7.500000111758709,84.94285840860435,7.799999907612801,112.2
2006-01-30,3.700000055134296,-3.271428620176656,-9.00000013411045,71.32857249144998,3.200000047683716,112.225
2006-02-06,3.200000047683716,-2.7571428982274875,-8.400000125169754,87.44285844585725,0.0,112.25
2006-02-13,4.700000070035458,1.700000025331974,-6.200000092387199,77.15714400687388,3.600000061094761,112.27
2006-02-20,11.60000017285347,5.557142939950738,-0.1000000014901161,81.50000121444464,20.39999969303608,112.355
2006-02-27,8.300000123679638,1.4714285933545657,-6.70000009983778,72.50000108033419,0.6000000238418578,112.44
2006-03-06,4.200000062584877,-0.028571428997176,-5.900000087916851,81.02857263599124,16.49999964982271,112.565
2006-03-13,10.500000156462193,2.1857143182839667,-5.700000084936619,75.41428683804614,16.600000381469727,112.69
2006-03-20,14.600000217556952,2.357142892267023,-6.200000092387199,65.01428668307406,0.1000000014901161,112.71
2006-03-27,18.80000028014183,8.228571551186699,0.5000000074505806,76.48571542544025,11.700000263750551,112.75
2006-04-03,17.80000026524067,10.900000162422655,5.500000081956387,73.60000109672546,13.59999993443489,112.78
2006-04-10,17.100000254809856,7.000000104308128,-2.3000000342726707,60.457143758024486,4.499999955296516,112.76
2006-04-17,16.600000247359276,9.542857285056796,1.100000016391277,74.67142968411956,5.90000007301569,112.76
2006-04-24,24.300000362098217,13.014285908213685,4.000000059604645,58.85714373418263,0.8999999761581421,112.71
2006-05-01,22.100000329315662,12.114285894802638,1.600000023841858,66.02857241247382,11.099999725818634,112.63
2006-05-08,26.600000396370888,17.12857168380703,6.500000096857548,50.74285789898464,0.0,112.55
2006-05-15,26.200000390410423,15.885714522429875,6.900000102818012,63.24285808524915,2.700000002980232,112.45
2006-05-22,23.600000351667404,16.085714525410108,9.3000001385808,71.24285820445844,26.50000021606684,112.445
2006-05-29,21.80000032484532,14.500000216066836,4.200000062584877,69.78571532560247,17.799999475479126,112.44
2006-06-05,19.10000028461218,11.30000016838312,4.500000067055225,69.47142960663352,7.80000014603138,112.578263403263
2006-06-12,29.800000444054604,17.45714311727456,5.4000000804662704,52.54285792580673,0.0,112.416608391608
2006-06-19,33.00000049173832,22.27142890329872,11.000000163912771,59.62857231710638,18.70000028610229,112.287284382284
2006-06-26,34.00000050663948,20.9857145984258,11.400000169873238,64.95714382507971,20.29999957233668,112.222622377622
2006-07-03,29.700000442564487,21.642857465360844,15.000000223517418,62.98571522427456,10.500000096857548,112.174125874126
2006-07-10,33.10000049322844,23.000000342726707,15.100000225007534,66.95714385488203,16.200000196695328,112.04
2006-07-17,32.80000048875809,23.8428574981434,14.600000217556952,53.90000080317259,0.3000000119209289,111.92
2006-07-24,35.60000053048134,25.671428953962668,14.40000021457672,54.97142939056669,9.399999976158142,111.82
2006-07-31,35.200000524520874,25.057143230523383,16.800000250339508,61.642858061407296,14.800000071525574,111.825
2006-08-07,27.000000402331352,18.91428599613053,11.500000171363354,69.34285817614624,25.00000010430813,111.83
2006-08-14,23.80000035464764,15.91428595142705,11.400000169873238,76.55714399793318,50.299999713897705,111.875
2006-08-21,27.500000409781933,18.14285741320678,10.400000154972076,76.68571542842048,22.500000312924385,111.92
2006-08-28,23.80000035464764,16.34285738638469,11.30000016838312,80.01428690659148,32.80000019073486,111.94
2006-09-04,26.80000039935112,17.71428597824914,9.500000141561031,73.81428681420428,6.200000002980232,111.96
2006-09-11,28.80000042915344,18.37142884518419,8.50000012665987,71.07142963047538,0.0,111.9
2006-09-18,28.60000042617321,18.828571709139005,12.500000186264517,78.4428583117468,16.500000052154064,111.956666666667
2006-09-25,26.200000390410423,17.78571455074208,10.100000150501728,78.70000117272139,11.799999810755253,112.013333333333
2006-10-02,23.300000347197056,16.41428595887763,9.900000147521496,84.72857269112554,29.399999901652336,112.07
2006-10-09,21.300000317394733,12.871428763227804,3.700000055134296,81.84285836241075,35.69999839365482,112.16
2006-10-16,22.100000329315662,13.500000201165676,4.700000070035458,83.44285838625261,0.6000000014901161,112.19
2006-10-23,21.1000003144145,13.342857341681208,2.600000038743019,83.35714409926108,29.999999515712265,112.22
2006-10-30,21.80000032484532,14.228571640593666,5.000000074505806,78.85714403220585,0.80000002682209,112.26
2006-11-06,15.400000229477882,6.857142959322248,-0.2000000029802322,77.41428686784846,2.600000001490116,112.28
2006-11-13,14.600000217556952,7.05714296230248,-1.3000000193715096,82.10000122338533,5.199999883770943,112.3
2006-11-20,18.50000027567148,10.728571588439602,2.600000038743019,82.7428583758218,7.599999882280827,112.32
2006-11-27,16.00000023841858,9.385714425572328,3.200000047683716,85.31428698556763,9.800000101327896,112.34
2006-12-04,14.500000216066836,7.071428676801069,-0.1000000014901161,88.75714417972735,16.400000125169754,112.4
2006-12-11,15.600000232458116,8.014285833707877,-1.3000000193715096,80.01428690659148,4.700000002980232,112.423333333333
2006-12-18,10.900000162422655,4.457142923559461,-1.5000000223517418,84.80000126361847,1.600000001490116,112.446666666667
2006-12-25,6.900000102818012,2.2428571762783185,-2.200000032782554,81.92857264940228,0.0,112.47
2007-01-01,13.500000201165676,3.728571484131472,-3.400000050663948,79.22857260916915,11.99999988079071,112.5
2007-01-08,11.60000017285347,7.628571542246001,3.1000000461936,79.45714404114655,6.899999961256981,112.545
2007-01-15,15.100000225007534,8.971428705113274,-2.7000000402331352,75.72857255701508,2.8999998942017555,112.59
2007-01-22,15.300000227987766,9.114285850099154,0.800000011920929,77.91428687529904,12.899999737739565,112.63
2007-01-29,6.500000096857548,-0.0714285724929402,-9.00000013411045,73.35714395024947,1.4000000208616257,112.67
2007-02-05,9.80000014603138,5.557142939950738,-2.0000000298023224,81.28571549696582,0.3000000119209289,112.69
2007-02-12,11.000000163912771,5.485714367457798,0.800000011920929,84.10000125318766,33.39999947696924,112.795
2007-02-19,12.4000001847744,5.657142941440855,-1.80000002682209,77.8428583028061,5.299999833106995,112.9
2007-02-26,15.000000223517418,7.114285820296833,-0.6000000089406967,81.85714407690934,15.799999818205832,112.970169198895
2007-03-05,15.100000225007534,8.628571557147163,2.500000037252903,73.18571537626642,29.999999284744263,113.260555939227
2007-03-12,16.50000024586916,7.514285826257297,-0.800000011920929,71.02857248697963,8.100000202655792,113.151660911602
2007-03-19,16.800000250339508,8.014285833707877,0.5000000074505806,69.77142961110387,9.0,113.115362569061
2007-03-26,17.80000026524067,5.214285791984627,0.800000011920929,75.90000113099813,26.09999966621399,113.423898480663
2007-04-02,18.80000028014183,10.0142858635102,3.200000047683716,64.92857239608254,2.0000000596046448,113.169810082873
2007-04-09,20.60000030696392,9.957143005515848,0.6000000089406967,57.4714294278196,0.3000000119209289,113.11
2007-04-16,27.80000041425228,16.671428819852217,4.200000062584877,52.44285792431661,0.0,112.99
2007-04-23,26.30000039190054,13.485714486667089,2.1000000312924385,50.14285789004394,0.0,112.87
2007-04-30,27.80000041425228,18.628571706158773,9.00000013411045,48.1571435747402,0.0,112.72
2007-05-07,24.8000003695488,15.657143090452466,6.200000092387199,47.11428641634328,5.199999928474426,112.62
2007-05-14,26.00000038743019,16.100000239908695,7.800000116229057,64.92857239608254,33.39999920129776,112.573333333333
2007-05-21,30.300000451505184,15.514285945466586,5.200000077486038,72.471429651337,11.600000120699406,112.526666666667
2007-05-28,31.600000470876694,20.30000030249357,9.80000014603138,68.18571530176061,16.399999618530273,112.48
2007-06-04,24.8000003695488,15.614285946956702,5.000000074505806,72.94285822979042,23.299999810755253,112.47
2007-06-11,30.200000450015068,21.857143182839668,14.300000213086603,66.55714384892157,8.99999962002039,112.38
2007-06-18,30.100000448524952,20.142857443009103,13.100000195205212,69.91428675608975,38.30000001192093,112.35
2007-06-25,29.800000444054604,19.54285743406841,12.500000186264517,73.02857251678195,27.000000290572643,112.375
2007-07-02,24.8000003695488,16.514285960367747,10.900000162422655,71.84285821339914,19.599999956786636,112.4
2007-07-09,24.600000366568565,16.62857167635645,10.400000154972076,71.01428677248103,26.10000044107437,112.393333333333
2007-07-16,35.60000053048134,21.15714317240885,10.000000149011612,61.30000091344118,3.2999999076128006,112.386666666667
2007-07-23,29.000000432133675,20.428571732980863,11.000000163912771,69.67142960961375,27.79999933391809,112.38
2007-07-30,28.300000421702865,18.814285994640414,10.000000149011612,64.9714295395783,7.299999833106995,112.366666666667
2007-08-06,31.70000047236681,18.971428854124888,7.500000111758709,60.84285804948637,4.5000001192092896,112.353333333333
2007-08-13,26.00000038743019,17.828571694237844,13.300000198185444,82.05714407988957,35.90000066906214,112.34
2007-08-20,30.300000451505184,18.87142885263477,9.600000143051147,69.142858173166,6.099999763071537,112.29
2007-08-27,29.60000044107437,19.828571724040167,12.800000190734863,66.45714384743145,0.0,112.24
2007-09-03,22.000000327825543,16.64285739085504,10.500000156462193,63.84285809418985,7.699999809265137,112.19
2007-09-10,19.80000029504299,13.785714491137435,7.500000111758709,73.02857251678195,2.800000064074993,112.195
2007-09-17,24.50000036507845,15.357143085982118,6.400000095367432,70.62857248101916,2.900000050663948,112.2
2007-09-24,25.600000381469727,13.800000205636024,4.90000007301569,72.54285822382995,5.799999952316284,112.205
2007-10-01,22.100000329315662,12.31428589778287,3.700000055134296,77.40000115334988,14.699999727308748,112.21
2007-10-08,22.800000339746475,14.371428785579544,3.400000050663948,80.72857263152089,5.299999952316284,112.23
2007-10-15,21.1000003144145,10.714285873941012,2.200000032782554,77.74285830131599,0.0,112.24
2007-10-22,21.000000312924385,7.857142974223409,0.2000000029802322,76.92857257489648,3.500000096857548,112.25
2007-10-29,13.500000201165676,7.657142971243177,1.80000002682209,75.14285826257297,0.4000000059604645,112.27
2007-11-05,14.000000208616257,7.657142971243177,-0.4000000059604645,80.48571548504489,1.100000001490116,112.295
2007-11-12,12.300000183284284,7.285714394279888,1.700000025331974,76.45714399644307,16.900000102818012,112.32
2007-11-19,6.000000089406967,1.9857143153037344,-2.800000041723252,79.7571440456169,4.000000037252903,112.345
2007-11-26,8.600000128149986,4.585714354046753,-0.800000011920929,83.78571553421872,17.699999511241913,112.37
2007-12-03,11.000000163912771,4.97142864550863,-3.700000055134296,81.35714406945876,25.700000442564487,112.43
2007-12-10,13.100000195205212,7.971428690212114,4.000000059604645,78.25714402326516,17.200000047683716,112.51
2007-12-17,6.900000102818012,2.1857143182839667,-3.700000055134296,71.38571534944433,2.299999952316284,112.55
2007-12-24,3.1000000461936,-3.828571485621589,-7.700000114738941,86.58571557594198,0.0,112.58
2007-12-31,5.900000087916851,0.3571428624647004,-5.200000077486038,89.7714299091271,1.9999999403953552,112.6
2008-01-07,10.100000150501728,2.2428571762783185,-3.000000044703484,77.62857258532729,15.10000026226044,112.65
2008-01-14,11.500000171363354,4.485714352556637,-3.200000047683716,82.24285836837122,1.6000000536441803,112.71
2008-01-21,13.600000202655792,9.22857156608786,2.3000000342726707,72.97142965878759,12.300000220537186,112.77
2008-01-28,9.500000141561031,4.685714355536869,-2.7000000402331352,69.75714389660529,0.800000011920929,112.8225
2008-02-04,8.900000132620335,2.985714330204896,-4.700000070035458,77.92857258979764,18.9000001847744,112.875
2008-02-11,12.000000178813934,5.04285721800157,-2.0000000298023224,71.1714296319655,9.299999594688416,112.9275
2008-02-18,12.000000178813934,1.2000000178813934,-6.800000101327896,68.64285816571542,0.0,112.98
2008-02-25,18.50000027567148,7.371428681271417,-4.500000067055225,72.77142965580735,1.5,113.045
2008-03-03,16.100000239908695,9.371428711073738,1.600000023841858,73.14285823277065,21.90000021457672,113.11
2008-03-10,13.300000198185444,4.942857216511454,-4.200000062584877,71.71428678291184,8.399999797344208,113.175
2008-03-17,16.300000242888927,9.328571567577976,4.400000065565109,72.14285821786949,24.499999910593036,113.24
2008-03-24,8.600000128149986,2.714285754731723,-5.700000084936619,73.17142966176782,21.39999971538782,113.264
2008-03-31,22.30000033229589,7.557142969753061,-0.2000000029802322,64.00000095367432,3.400000050663948,113.288
2008-04-07,18.0000002682209,7.585714398750237,-0.9000000134110451,70.61428676652056,9.700000062584875,113.312
2008-04-14,15.900000236928465,7.614285827747413,-2.500000037252903,76.62857257042613,34.39999985694885,113.336
2008-04-21,18.100000269711018,8.900000132620335,2.1000000312924385,73.45714395173958,11.299999952316284,113.36
2008-04-28,21.80000032484532,13.300000198185444,5.700000084936619,63.05714379676751,2.7999999672174454,113.19
2008-05-05,21.300000317394733,13.200000196695328,4.200000062584877,58.0571437222617,1.4000000357627869,113.02
2008-05-12,26.30000039190054,17.728571692747728,7.500000111758709,46.22857211743082,0.0,112.85
2008-05-19,27.3000004068017,17.50000026077032,10.000000149011612,59.414286599627566,7.899999976158142,112.73
2008-05-26,26.600000396370888,16.814285964838096,10.000000149011612,60.47142947252308,1.600000023841858,112.61
2008-06-02,30.300000451505184,21.671428894358023,12.600000187754633,68.84285816869566,43.5999995470047,112.63
2008-06-09,26.700000397861004,18.72857170764889,12.500000186264517,75.47142969604049,17.70000034570694,112.65
2008-06-16,28.300000421702865,15.828571664435524,8.00000011920929,66.17142955745969,7.600000001490116,112.67
2008-06-23,32.00000047683716,20.30000030249357,8.50000012665987,62.45714378782681,0.3000000119209289,112.515
2008-06-30,30.00000044703484,21.214286030403205,13.100000195205212,62.54285807481834,10.299999810755253,112.36
2008-07-07,34.20000050961971,20.628571735961096,10.600000157952309,62.27142949934517,17.999999552965164,112.295
2008-07-14,30.500000454485416,19.15714314260653,10.600000157952309,61.17142948295389,5.20000009983778,112.23
2008-07-21,27.500000409781933,18.185714556702543,10.600000157952309,65.05714382656983,5.900000102818012,112.216
2008-07-28,32.70000048726797,20.90000031143427,9.3000001385808,62.85714379378727,4.900000095367432,112.202
2008-08-04,33.20000049471855,22.74285748175212,16.00000023841858,67.74285815230438,50.49999928474426,112.188
2008-08-11,30.00000044703484,20.328571731490747,13.600000202655792,69.27142960365329,22.499999165534973,112.174
2008-08-18,27.700000412762165,18.17142884220396,9.600000143051147,70.37142962004457,14.700000144541264,112.16
2008-08-25,23.600000351667404,17.37142883028303,10.500000156462193,74.58571539712804,19.70000033825636,112.145585486408
2008-09-01,27.80000041425228,19.27142885859524,11.500000171363354,71.48571535093444,12.899999618530272,112.124614738261
2008-09-08,24.600000366568565,16.9285716808268,10.900000162422655,78.6714297437242,13.20000034570694,112.103643990115
2008-09-15,25.80000038444996,14.97142879452024,5.500000081956387,78.71428688721997,20.8000004068017,112.082673241968
2008-09-22,18.30000027269125,10.457143012966428,2.7000000402331352,69.34285817614624,4.3999998569488525,112.061702493822
2008-09-29,19.10000028461218,11.51428588586194,3.400000050663948,74.88571540159839,0.8000000268220901,112.040731745675
2008-10-06,18.6000002771616,11.185714452394418,5.000000074505806,75.75714398601225,15.100000001490116,112.083328577848
2008-10-13,20.30000030249357,13.500000201165676,7.200000107288361,84.71428697662694,0.0,112.12592541002
2008-10-20,19.80000029504299,10.385714440473487,0.5000000074505806,80.85714406200817,5.100000001490116,112.168522242193
2008-10-27,20.10000029951334,9.22857156608786,1.3000000193715096,81.5428583579404,15.500000193715096,112.25
2008-11-03,13.500000201165676,7.314285823277065,3.200000047683716,88.07142988379512,13.199999809265137,112.28
2008-11-10,17.50000026077032,10.414285869470664,2.200000032782554,80.54285834303924,0.8999999761581421,112.3
2008-11-17,15.100000225007534,7.071428676801069,-2.200000032782554,80.77142977501664,1.80000002682209,112.325
2008-11-24,10.500000156462193,4.82857150052275,-1.3000000193715096,78.52857259873834,8.200000144541264,112.35
2008-12-01,7.300000108778477,1.3142857338700975,-4.200000062584877,83.14285838178226,0.4000000059604645,112.38
2008-12-08,7.900000117719173,3.8857143436159407,-3.200000047683716,84.7571441201227,23.399999737739563,112.41
2008-12-15,5.500000081956387,1.0714285873941012,-3.1000000461936,87.44285844585725,0.6000000163912772,112.43
2008-12-22,10.900000162422655,4.485714352556637,0.2000000029802322,86.95714415290526,4.700000025331974,112.45
2008-12-29,7.500000111758709,0.4571428639548164,-6.400000095367432,75.97142970349107,0.2000000029802322,112.47
2009-01-05,0.9000000134110451,-2.871428614216192,-7.800000116229057,82.15714408137968,4.000000059604645,112.49
2009-01-12,-3.000000044703484,-8.542857270155634,-15.400000229477882,78.00000116229057,0.0,112.51
2009-01-19,10.400000154972076,-0.2000000029802322,-11.500000171363354,87.08571558339256,16.2999999076128,112.6125
2009-01-26,10.30000015348196,1.7857143123235022,-4.200000062584877,81.80000121891499,15.200000405311586,112.715
2009-02-02,5.000000074505806,0.1571428594844681,-4.500000067055225,72.92857251529183,0.0,112.8175
2009-02-09,6.900000102818012,1.80000002682209,-3.700000055134296,85.14285841158458,23.50000023841858,112.92
2009-02-16,10.000000149011612,1.3428571628672736,-7.200000107288361,76.84285828790495,15.299999751150608,113.04
2009-02-23,7.300000108778477,1.7857143123235022,-6.70000009983778,78.60000117123127,11.100000232458116,113.13
2009-03-02,14.100000210106373,6.257142950381551,-1.80000002682209,75.20000112056732,1.2000000476837158,113.12
2009-03-09,12.10000018030405,5.04285721800157,-1.5000000223517418,76.81428685890776,30.000000506639484,113.2
2009-03-16,14.000000208616257,7.3571429667728285,1.0000000149011612,74.14285824767181,4.499999940395355,113.28
2009-03-23,13.000000193715096,5.142857219491686,-3.9000000581145287,59.30000088363886,4.099999904632568,113.27
2009-03-30,13.100000195205212,6.285714379378727,-0.2000000029802322,72.45714393683842,14.600000023841858,113.2
2009-04-06,22.100000329315662,12.728571618241924,1.600000023841858,62.05714378186634,0.0,113.13
2009-04-13,25.30000037699937,15.471428801970822,6.900000102818012,56.58571512890713,0.0,113.06
2009-04-20,25.700000382959843,13.414285914174148,4.200000062584877,67.42857243333545,23.199999809265137,113.035
2009-04-27,23.000000342726707,13.428571628672737,3.200000047683716,58.38571515572922,2.799999952316284,113.01
2009-05-04,22.000000327825543,12.257143039788518,5.200000077486038,70.42857247803893,12.099999904632568,112.93
2009-05-11,24.00000035762787,15.20000022649765,4.000000059604645,69.11428674416882,15.400000274181366,112.92
2009-05-18,25.700000382959843,15.114285939506122,8.300000123679638,77.10000114887953,24.50000023841858,112.91
2009-05-25,32.20000047981739,19.80000029504299,7.500000111758709,60.885715192982126,3.299999952316284,112.79
2009-06-01,23.100000344216824,16.35714310088328,7.400000110268593,60.50000090152025,2.599999964237213,112.67
2009-06-08,26.100000388920307,15.042857367013182,7.400000110268593,60.3285723275372,22.5,112.55
2009-06-15,27.10000040382147,17.58571454776185,7.700000114738941,65.75714383700064,19.700000405311584,112.48
2009-06-22,28.200000420212746,17.114285969308444,9.00000013411045,64.6142866771136,4.100000001490116,112.423333333333
2009-06-29,28.60000042617321,20.44285744747945,12.000000178813934,65.95714383998087,29.09999926388264,112.366666666667
2009-07-06,31.20000046491623,22.54285747877189,15.400000229477882,69.64285818061659,45.700000286102295,112.31
2009-07-13,27.3000004068017,17.400000259280205,11.500000171363354,70.2285724750587,40.00000035762787,112.35
2009-07-20,30.100000448524952,19.428571718079706,13.100000195205212,71.70000106841326,17.49999976158142,112.31
2009-07-27,30.300000451505184,20.34285744598933,11.000000163912771,66.60000099241734,18.100000143051147,112.275
2009-08-03,29.50000043958425,19.44285743257829,11.000000163912771,62.91428665178163,3.699999988079071,112.24
2009-08-10,31.500000469386578,21.514286034873557,11.60000017285347,63.61428666221244,7.699999809265137,112.195
2009-08-17,32.70000048726797,21.342857460890496,11.900000177323818,68.40000101923943,3.8999999314546585,112.15
2009-08-24,35.700000531971455,21.18571460140603,10.600000157952309,63.357143801237854,4.099999904632568,112.12
2009-08-31,29.50000043958425,19.328571716589583,6.500000096857548,64.1428580986602,0.6000000014901161,112.06
2009-09-07,31.600000470876694,16.91428596632821,7.900000117719173,69.55714389362505,20.100000083446503,112.06
2009-09-14,28.00000041723252,16.228571670395986,8.50000012665987,68.22857244525638,4.5000001192092896,112.06
2009-09-21,24.8000003695488,17.057143111314094,8.600000128149986,79.97142976309571,4.0,112.06
2009-09-28,25.600000381469727,15.871428807931286,6.500000096857548,72.04285821637937,0.0,112.06
2009-10-05,20.500000305473804,14.12857163910355,5.500000081956387,69.11428674416882,4.400000095367432,112.06
2009-10-12,26.50000039488077,15.500000230968,7.000000104308128,77.54285829833576,23.299999810755253,112.115
2009-10-19,13.300000198185444,5.828571515423911,-2.7000000402331352,73.81428681420428,7.300000190734863,112.17
2009-10-26,17.100000254809856,8.871428703623158,-1.0000000149011612,82.00000122189522,2.900000095367432,112.205
2009-11-02,15.400000229477882,7.871428688721997,0.800000011920929,86.88571558041232,8.300000071525574,112.24
2009-11-09,11.900000177323818,7.428571539265769,2.200000032782554,82.81428694831473,31.99999985843897,112.28
2009-11-16,15.900000236928465,7.928571546716349,-1.600000023841858,87.81428702282054,13.199999690055847,112.33
2009-11-23,14.800000220537186,9.51428585605962,1.80000002682209,80.72857263152089,15.600000143051147,112.37
2009-11-30,14.300000213086603,9.414285854569505,4.90000007301569,72.3571439353483,9.79999989271164,112.43
2009-12-07,11.30000016838312,5.928571516914027,-2.200000032782554,84.642858404134,13.299999952316284,112.46
2009-12-14,11.800000175833702,3.971428630607469,-4.500000067055225,79.91428690510136,16.00000011920929,112.515
2009-12-21,1.700000025331974,-4.271428635077817,-15.000000223517418,74.11428681867463,21.299999952316284,112.57
2009-12-28,10.500000156462193,2.600000038743019,-4.500000067055225,86.61428700493914,35.20000034570694,112.755
2010-01-04,10.400000154972076,2.1857143182839667,-6.200000092387199,84.21428696917636,20.40000009536743,112.94
2010-01-11,-0.9000000134110451,-3.400000050663948,-8.600000128149986,83.04285838029215,12.600000210106373,113.046
2010-01-18,6.900000102818012,0.3571428624647004,-7.200000107288361,85.30000127106905,11.999999523162842,113.152
2010-01-25,3.200000047683716,0.1428571449858801,-1.80000002682209,88.5857156057443,11.49999964237213,113.258
2010-02-01,2.200000032782554,-1.58571430934327,-10.500000156462193,80.30000119656324,8.199999943375587,113.364
2010-02-08,9.80000014603138,2.542857180748667,-2.200000032782554,85.42857270155635,17.899999976158142,113.47
2010-02-15,0.9000000134110451,-2.928571472210544,-6.70000009983778,79.7571440456169,10.49999999254942,113.45
2010-02-22,12.300000183284284,1.742857168827738,-6.500000096857548,82.18571551037687,8.400000005960464,113.61
2010-03-01,16.00000023841858,8.64285727164575,1.3000000193715096,70.2142867605601,17.60000015795231,113.57
2010-03-08,8.00000011920929,0.5142857219491687,-6.000000089406967,63.14285808375904,5.499999977648258,113.53
2010-03-15,10.30000015348196,2.271428605275495,-5.200000077486038,62.65714379080704,0.7999999895691872,113.49
2010-03-22,19.30000028759241,10.257143009986196,-1.700000025331974,67.01428671287638,10.5,113.45
2010-03-29,20.500000305473804,10.714285873941012,0.6000000089406967,73.40000109374523,15.800000071525574,113.49
2010-04-05,17.100000254809856,8.271428694682461,-1.80000002682209,70.24285818955728,14.800000466406347,113.45
2010-04-12,22.000000327825543,10.000000149011612,0.2000000029802322,63.87142952318703,5.0,113.51
2010-04-19,21.300000317394733,10.757143017436777,3.400000050663948,62.257143784846576,11.499999620020388,113.39
2010-04-26,25.700000382959843,12.385714470275811,1.700000025331974,47.01428641485317,4.0,113.27
2010-05-03,27.700000412762165,14.585714503058366,5.700000084936619,66.47142956193004,5.600000150501728,113.15
2010-05-10,17.100000254809856,9.828571575028556,4.400000065565109,76.24285827896425,24.60000087320805,113.235
2010-05-17,18.80000028014183,10.857143018926893,7.200000107288361,74.24285824916193,20.00000023841858,113.32
2010-05-24,27.500000409781933,14.271428784089428,5.900000087916851,69.34285817614624,23.800000190734863,113.32
2010-05-31,26.200000390410423,15.714285948446818,8.100000120699406,77.21428686486823,37.90000046789646,113.32
2010-06-07,30.200000450015068,18.45714313217572,10.600000157952309,63.22857237075056,13.0,113.32
2010-06-14,30.00000044703484,19.60000029206276,11.60000017285347,72.02857250188079,58.89999888092279,113.195
2010-06-21,24.100000359117985,15.628571661455291,8.50000012665987,65.55714383402041,3.8000000715255737,113.07
2010-06-28,30.200000450015068,19.900000296533108,6.900000102818012,57.90000086277723,0.5,112.876666666667
2010-07-05,34.20000050961971,24.100000359117985,15.100000225007534,59.81428660558803,1.0000000074505806,112.683333333333
2010-07-12,36.20000053942204,24.11428607361657,12.10000018030405,57.285715139337945,0.8000000268220901,112.49
2010-07-19,35.60000053048134,22.142857472811425,12.90000019222498,58.71428658919675,10.400000095367432,112.36
2010-07-26,34.1000005081296,19.685714579054288,9.900000147521496,71.38571534944433,22.70000004768372,112.355
2010-08-02,29.000000432133675,18.685714564153127,10.000000149011612,74.70000111311674,27.699999928474423,112.35
2010-08-09,25.50000037997961,18.200000271201134,9.500000141561031,70.54285819402763,7.999999977648258,112.34
2010-08-16,28.10000041872263,18.571428848164423,11.60000017285347,76.51428685443742,31.00000017881393,112.33
2010-08-23,30.500000454485416,19.60000029206276,11.10000016540289,75.5857154120292,7.599999979138374,112.32
2010-08-30,28.300000421702865,17.07142882581268,10.100000150501728,74.97142968858991,37.80000013113022,112.38
2010-09-06,21.80000032484532,14.957143080021654,7.000000104308128,69.64285818061659,3.0999999046325684,112.44
2010-09-13,24.300000362098217,15.70000023394823,10.600000157952309,80.68571548802512,47.00000023841858,112.525
2010-09-20,21.300000317394733,13.242857340191092,4.000000059604645,74.28571539265769,4.899999976158142,112.61
2010-09-27,24.600000366568565,13.157143053199563,2.800000041723252,79.18571546567338,3.999999918043613,112.62
2010-10-04,23.600000351667404,12.957143050219331,8.00000011920929,85.78571556402105,11.0,112.626
2010-10-11,22.30000033229589,13.314285912684031,5.500000081956387,76.20000113546848,0.1000000014901161,112.632
2010-10-18,16.300000242888927,7.585714398750237,1.0000000149011612,81.71428693192345,10.299999713897703,112.638
2010-10-25,12.000000178813934,5.385714365967682,-3.200000047683716,82.92857266430345,8.600000023841858,112.644
2010-11-01,16.600000247359276,8.085714406200818,-2.500000037252903,77.64285829982587,0.1000000014901161,112.65
2010-11-08,18.0000002682209,11.142857308898654,3.200000047683716,78.6857154582228,36.20000057667494,112.81
2010-11-15,19.30000028759241,10.628571586949484,3.6000000536441803,77.00000114738941,34.30000042915344,113.01
2010-11-22,9.3000001385808,5.542857225452151,1.0000000149011612,84.81428697811705,2.0000000596046448,113.21
2010-11-29,6.000000089406967,1.4857143078531538,-2.600000038743019,85.98571556700128,15.300000011920927,113.41
2010-12-06,4.000000059604645,-2.714285754731723,-8.50000012665987,85.7285727060267,22.400000005960464,113.61
2010-12-13,5.4000000804662704,1.4285714498588018,-5.000000074505806,85.70000127702951,42.10000083595514,113.46
2010-12-20,7.000000104308128,-1.9285714573093824,-7.300000108778477,84.42857268665519,40.19999998807907,113.76
2010-12-27,4.200000062584877,-1.628571452839034,-15.600000232458116,90.3857156325664,37.90000058710575,113.675
2011-01-03,3.1000000461936,-0.9000000134110451,-5.500000081956387,88.05714416929654,2.1999999582767487,113.59
2011-01-10,14.800000220537186,3.671428626137121,-7.000000104308128,87.82857273731913,26.49999964237213,113.65
2011-01-17,13.000000193715096,7.428571539265769,-1.3000000193715096,82.81428694831473,3.3999999910593037,113.59
2011-01-24,11.000000163912771,1.9142857428107944,-5.200000077486038,78.5571440277355,3.8999999314546585,113.62
2011-01-31,3.400000050663948,-0.7285714394279889,-7.500000111758709,81.31428692596299,8.600000023841858,113.5
2011-02-07,11.000000163912771,3.31428576367242,-3.9000000581145287,79.07142974968467,3.900000095367432,113.53
2011-02-14,12.500000186264517,6.27142866488014,-0.5000000074505806,83.20000123977661,5.400000013411045,113.57
2011-02-21,9.500000141561031,3.0142857592020715,-2.600000038743019,82.91428694980485,3.799999922513962,113.51
2011-02-28,9.900000147521496,2.3000000342726707,-7.300000108778477,79.95714404859713,7.30000014603138,113.48
2011-03-07,11.800000175833702,3.700000055134296,-3.400000050663948,58.971429450171335,0.0,113.45
2011-03-14,16.50000024586916,8.800000131130219,-3.200000047683716,63.97142952467714,0.9999999776482582,113.42
2011-03-21,19.80000029504299,7.614285827747413,-2.200000032782554,70.32857247654881,10.099999904632568,113.375
2011-03-28,21.300000317394733,9.857143004025732,0.1000000014901161,60.67142947550331,0.0,113.33
2011-04-04,25.30000037699937,12.557143044258869,0.6000000089406967,71.55714392342738,9.600000143051147,113.23
2011-04-11,25.80000038444996,14.62857164655413,5.000000074505806,57.242857995842186,2.0,113.13
2011-04-18,21.000000312924385,9.900000147521496,1.5000000223517418,56.90000084787607,1.899999976158142,113.03
2011-04-25,26.700000397861004,16.800000250339508,4.500000067055225,49.157143589641365,0.0,112.93
2011-05-02,23.000000342726707,14.371428785579544,7.500000111758709,62.4714295023254,4.699999943375588,112.795
2011-05-09,28.10000041872263,14.62857164655413,0.6000000089406967,45.628572108490125,0.0,112.66
2011-05-16,26.00000038743019,15.971428809421402,6.000000089406967,57.01428656386478,14.99999964237213,112.545
2011-05-23,27.200000405311584,18.328571701688425,7.000000104308128,60.30000089854002,19.59999966621399,112.43
2011-05-30,31.600000470876694,17.557143118764674,6.70000009983778,51.05714361795357,1.2999999821186066,112.345
2011-06-06,29.800000444054604,19.285714573093824,11.30000016838312,62.70000093430281,14.90000019222498,112.26
2011-06-13,27.200000405311584,17.21428597079856,10.000000149011612,65.51428669052464,29.40000058710575,112.27
2011-06-20,26.80000039935112,17.557143118764674,10.30000015348196,73.81428681420428,21.49999964237213,112.28
2011-06-27,33.00000049173832,19.428571718079706,12.000000178813934,68.37142959024224,16.799999713897705,112.2
2011-07-04,34.20000050961971,18.842857423637597,9.500000141561031,60.67142947550331,8.500000193715096,112.16
2011-07-11,29.700000442564487,20.214286015502044,12.500000186264517,67.14285814336368,12.000000193715096,112.13
2011-07-18,31.500000469386578,17.971428839223726,9.500000141561031,70.02857247207847,46.20000147819519,112.185
2011-07-25,23.600000351667404,16.185714526900224,10.900000162422655,74.9857154030885,15.699999570846556,112.24
2011-08-01,24.600000366568565,17.37142883028303,9.500000141561031,76.0571439904826,9.800000190734863,112.23
2011-08-08,29.700000442564487,20.200000301003456,12.300000183284284,74.67142968411956,59.20000100135803,112.23
2011-08-15,27.3000004068017,18.51428599017007,9.80000014603138,72.10000107437372,20.399999856948853,112.195
2011-08-22,31.600000470876694,21.84285746834108,12.10000018030405,70.72857248250928,3.0,112.16
2011-08-29,34.20000050961971,19.88571458203452,11.800000175833702,75.07142969008002,29.20000006258488,112.205
2011-09-05,30.300000451505184,18.414285988679957,10.000000149011612,72.34285822084972,14.299999952316284,112.25
2011-09-12,29.300000436604023,18.657143135155952,10.100000150501728,73.72857252721276,15.69999996572733,112.26
2011-09-19,23.80000035464764,15.300000227987766,6.800000101327896,76.55714399793318,5.899999976158142,112.26
2011-09-26,26.50000039488077,15.028571652514596,6.000000089406967,77.0285725763866,0.0,112.21
2011-10-03,26.30000039190054,17.45714311727456,8.600000128149986,76.3000011369586,0.0,112.19
2011-10-10,26.200000390410423,13.75714306214026,4.700000070035458,77.1428582923753,10.700000166893004,112.215
2011-10-17,17.30000025779009,10.471428727465016,-0.4000000059604645,78.27142973776374,1.800000049173832,112.24
2011-10-24,20.80000030994416,5.928571516914027,-2.7000000402331352,87.11428701238972,16.0999998152256,112.293333333333
2011-10-31,17.30000025779009,9.842857289527144,2.0000000298023224,87.3857155878629,0.2000000029802322,112.346666666667
2011-11-07,16.100000239908695,10.114285865000316,5.500000081956387,85.90000128000975,0.0,112.4
2011-11-14,10.400000154972076,5.771428657429559,-1.100000016391277,90.08571562809604,0.400000013411045,112.46
2011-11-21,9.80000014603138,3.628571482641356,-3.200000047683716,91.02857278500284,0.6000000238418579,112.52
2011-11-28,9.00000013411045,2.971428615706308,-2.500000037252903,92.9857156713094,0.0,112.603333333333
2011-12-05,14.100000210106373,6.8142858158264845,-0.2000000029802322,86.72857272092786,27.39999961853028,112.686666666667
2011-12-12,11.500000171363354,5.300000078976154,-3.500000052154064,82.47142980034862,17.600000143051147,112.77
2011-12-19,11.60000017285347,5.142857219491686,-1.3000000193715096,80.75714406051806,49.39999933540821,112.74
2011-12-26,9.500000141561031,5.414285794964859,-0.4000000059604645,86.88571558041232,10.299999989569187,112.9
2012-01-02,13.600000202655792,7.05714296230248,2.200000032782554,85.7285727060267,15.600000120699406,113.06
2012-01-09,11.900000177323818,6.171428663390024,2.800000041723252,79.38571546865361,19.70000010728836,113.27
2012-01-16,9.400000140070915,3.185714333185128,-4.200000062584877,84.68571554762977,0.7000000178813934,113.24
2012-01-23,10.600000157952309,3.942857201610293,-6.500000096857548,83.5714298167399,17.099999845027924,113.183333333333
2012-01-30,5.900000087916851,1.4285714498588018,-2.7000000402331352,86.58571557594198,3.1999998837709427,113.126666666667
2012-02-06,-0.4000000059604645,-7.457142968262945,-14.800000220537186,64.12857238416161,0.0,113.07
2012-02-13,0.4000000059604645,-7.442857253764357,-14.900000222027302,69.5000010356307,0.5000000149011611,113.03
2012-02-20,8.50000012665987,3.400000050663948,-3.400000050663948,81.91428693490369,6.599999934434891,113.14
2012-02-27,12.300000183284284,5.04285721800157,-6.000000089406967,78.07142973478351,0.3000000119209289,113.22
2012-03-05,14.500000216066836,8.014285833707877,2.600000038743019,84.2857155416693,3.0999999940395355,113.166
2012-03-12,15.000000223517418,6.485714382358959,-2.7000000402331352,70.17142961706433,0.3000000044703483,113.112
2012-03-19,22.600000336766243,8.871428703623158,-0.9000000134110451,70.67142962451491,5.099999904632568,113.058
2012-03-26,21.1000003144145,11.24285731038877,-1.5000000223517418,56.285715124436784,0.0,113.004
2012-04-02,20.60000030696392,10.471428727465016,-1.100000016391277,55.742857973490445,0.0,112.95
2012-04-09,20.60000030696392,7.942857261214938,1.0000000149011612,70.90000105649233,5.200000107288361,112.908
2012-04-16,19.500000290572643,9.057142992104804,0.800000011920929,69.27142960365329,5.300000004470348,112.866
2012-04-23,16.600000247359276,9.028571563107628,-2.7000000402331352,69.12857245866742,7.499999821186066,112.824
2012-04-30,29.800000444054604,15.12857165400471,5.200000077486038,66.60000099241734,9.999999977648258,112.782
2012-05-07,23.80000035464764,14.457143072571071,7.200000107288361,73.8000010997057,16.700000047683716,112.74
2012-05-14,31.600000470876694,15.885714522429875,3.1000000461936,64.92857239608254,6.600000098347664,112.6475
2012-05-21,25.80000038444996,14.657143075551303,1.80000002682209,68.42857244823661,16.299999952316284,112.555
2012-05-28,29.200000435113907,19.828571724040167,9.500000141561031,58.914286592176985,6.000000096857548,112.4625
2012-06-04,27.60000041127205,17.985714553722314,10.400000154972076,70.12857247356858,23.00000001490116,112.37
2012-06-11,25.50000037997961,16.114285954407283,8.00000011920929,70.15714390256575,15.899999648332596,112.36
2012-06-18,28.300000421702865,17.328571686787264,9.80000014603138,75.72857255701508,28.30000066757202,112.31
2012-06-25,25.50000037997961,18.471428846674307,10.100000150501728,72.68571536881583,13.099999763071535,112.26
2012-07-02,31.80000047385693,20.957143169428623,11.900000177323818,73.30000109225512,13.500000335276129,112.21
2012-07-09,29.50000043958425,20.81428602444274,13.600000202655792,71.34285820594856,18.699999786913395,112.15
2012-07-16,26.200000390410423,17.37142883028303,11.900000177323818,73.64285824022123,30.100000381469727,112.13
2012-07-23,27.500000409781933,17.857143123235023,8.50000012665987,67.7142867233072,10.200000047683716,112.11
2012-07-30,34.60000051558018,22.25714318880013,11.800000175833702,65.38571526003736,19.60000032186508,112.11
2012-08-06,31.600000470876694,20.914286025932856,12.500000186264517,68.35714387574366,12.400000289082527,112.06
2012-08-13,28.200000420212746,18.91428599613053,10.900000162422655,63.51428666072233,0.1000000014901161,111.995
2012-08-20,36.10000053793192,23.82857178364481,12.800000190734863,63.57142951871668,9.899999618530272,111.93
2012-08-27,33.5000004991889,20.94285745493003,10.100000150501728,69.11428674416882,14.800000347197058,111.91
2012-09-03,28.80000042915344,17.942857410226548,10.600000157952309,72.55714393832854,4.200000025331974,111.89
2012-09-10,30.70000045746565,18.64285742065736,6.400000095367432,63.22857237075056,0.0,111.91
2012-09-17,26.80000039935112,14.98571450901883,6.800000101327896,78.84285831770727,38.29999840259552,111.97
2012-09-24,25.100000374019142,13.928571636123316,2.800000041723252,73.0857153747763,7.600000098347664,112.0
2012-10-01,19.60000029206276,12.61428590225322,4.500000067055225,82.7428583758218,20.09999990463257,112.04
2012-10-08,22.500000335276127,13.314285912684031,2.0000000298023224,79.37142975415502,11.800000049173832,112.0725
2012-10-15,16.50000024586916,9.714285859039853,3.700000055134296,86.21428699897868,17.49999988079071,112.105
2012-10-22,21.80000032484532,11.51428588586194,0.5000000074505806,87.64285844883749,0.0,112.1375
2012-10-29,13.100000195205212,5.800000086426735,-5.000000074505806,87.9857155968036,16.39999981224537,112.17
2012-11-05,15.300000227987766,7.900000117719173,-0.1000000014901161,84.65714411863259,49.000000059604645,112.255
2012-11-12,11.800000175833702,7.600000113248825,1.600000023841858,88.25714417227677,12.000000394880772,112.34
2012-11-19,10.600000157952309,4.800000071525574,-1.3000000193715096,92.84285852632352,0.0,112.38
2012-11-26,15.100000225007534,6.142857234392848,1.100000016391277,91.98571565640825,7.700000286102295,112.42
2012-12-03,9.00000013411045,3.271428620176656,-5.200000077486038,87.2571441573756,19.19999984651804,112.505
2012-12-10,5.200000077486038,0.5428571509463447,-9.500000141561031,87.60000130534172,15.900000348687172,112.59
2012-12-17,10.000000149011612,2.2142857472811426,-8.50000012665987,90.10000134259462,22.899999618530277,112.77
2012-12-24,15.800000235438349,6.642857241843428,-1.600000023841858,89.1714299001864,19.49999985843897,113.0
2012-12-31,15.300000227987766,8.342857267175402,4.200000062584877,78.51428688423974,19.199999727308747,113.095
2013-01-07,10.100000150501728,6.514285811356136,0.4000000059604645,87.44285844585725,5.299999952316284,113.19
2013-01-14,5.500000081956387,1.1285714453884534,-6.500000096857548,86.68571557743209,6.100000001490116,113.15
2013-01-21,1.80000002682209,-1.6428571673376218,-7.200000107288361,87.58571559084314,13.999999560415745,113.22
2013-01-28,7.500000111758709,-0.2142857174788202,-5.000000074505806,88.32857274476972,2.000000014901161,113.28
2013-02-04,15.300000227987766,6.914285817316601,0.2000000029802322,81.74285836092064,19.799999743700027,113.31
2013-02-11,7.500000111758709,0.4285714349576405,-7.000000104308128,83.47142981524978,14.999999798834324,113.34
2013-02-18,6.200000092387199,0.700000010430813,-6.400000095367432,82.41428694235427,4.799999952316284,113.325
2013-02-25,3.700000055134296,-1.0571428728955132,-5.200000077486038,82.47142980034862,8.799999833106995,113.31
2013-03-04,11.10000016540289,2.1857143182839667,-4.90000007301569,81.92857264940228,0.1000000014901161,113.31
2013-03-11,17.00000025331974,7.342857252274241,-3.000000044703484,78.37142973925386,4.30000014603138,113.3
2013-03-18,9.00000013411045,0.5857142944421089,-8.00000011920929,78.65714402922562,17.39999981224537,113.43
2013-03-25,9.900000147521496,3.328571478171008,-1.600000023841858,72.20000107586384,5.300000004470348,113.39
2013-04-01,7.900000117719173,1.9571428863065583,-4.200000062584877,65.44285811803171,0.0,113.31
2013-04-08,11.30000016838312,4.242857206080641,-2.500000037252903,64.32857238714185,1.199999988079071,113.3
2013-04-15,25.50000037997961,12.214285896292754,3.700000055134296,73.928572530193,23.59999959915876,113.325
2013-04-22,25.100000374019142,14.085714495607784,8.100000120699406,59.98571517957108,0.699999988079071,113.35
2013-04-29,26.600000396370888,12.24285732528993,5.900000087916851,72.81428679930312,30.49999976158142,113.375
2013-05-06,23.300000347197056,13.54285734466144,6.70000009983778,80.52857262854066,31.299999773502357,113.4
2013-05-13,23.300000347197056,14.200000211596487,7.700000114738941,76.45714399644307,12.80000013113022,113.24
2013-05-20,21.300000317394733,13.271428769188269,8.00000011920929,80.08571547908443,17.90000019222498,113.2
2013-05-27,19.30000028759241,9.742857288037028,1.3000000193715096,80.95714406349829,37.500000454485416,113.1775
2013-06-03,23.100000344216824,13.157143053199563,5.200000077486038,74.25714396366051,49.100000858306885,113.155
2013-06-10,27.000000402331352,17.985714553722314,9.400000140070915,67.85714386829308,17.500000476837158,113.1325
2013-06-17,34.00000050663948,19.128571713609357,10.400000154972076,69.60000103712082,6.500000096857548,113.11
2013-06-24,35.00000052154064,21.27142888839756,12.500000186264517,67.77142958130155,19.1999996304512,113.01
2013-07-01,25.700000382959843,15.157143083001886,8.50000012665987,74.21428682016474,23.300000190734863,112.895
2013-07-08,28.300000421702865,20.771428880946974,12.90000019222498,70.00000104308128,9.299999810755253,112.78
2013-07-15,28.200000420212746,20.52857173447098,12.4000001847744,60.00000089406967,0.0,112.59
2013-07-22,33.70000050216913,23.900000356137756,12.800000190734863,54.000000804662704,0.0,112.618813200498
2013-07-29,36.20000053942204,23.742857496653283,16.800000250339508,74.57142968262944,28.30000026524067,112.572814445828
2013-08-05,36.30000054091215,23.957143214132103,14.500000216066836,61.12857233945813,0.0,112.492316625156
2013-08-12,30.300000451505184,19.857143153037345,11.30000016838312,74.14285824767181,24.40000033378601,112.469317247821
2013-08-19,30.200000450015068,18.67142884965454,8.300000123679638,68.51428673522813,11.0,112.446317870486
2013-08-26,26.100000388920307,17.685714549251966,10.100000150501728,77.1428582923753,23.09999942779541,112.48
2013-09-02,26.30000039190054,17.614285976759025,10.000000149011612,72.27142964835677,0.3000000119209289,112.43
2013-09-09,31.000000461936,19.75714315154723,12.600000187754633,73.928572530193,26.999999620020397,112.4675
2013-09-16,19.30000028759241,14.157143068100725,8.900000132620335,87.01428701089961,31.100000850856304,112.505
2013-09-23,21.000000312924385,13.557143059160028,7.000000104308128,84.42857268665519,7.600000001490116,112.5425
2013-09-30,22.000000327825543,14.157143068100725,7.000000104308128,81.20000120997429,2.30000002682209,112.58
2013-10-07,17.80000026524067,12.000000178813934,3.200000047683716,83.90000125020742,52.69999903440476,112.83
2013-10-14,17.600000262260437,9.671428715544089,2.200000032782554,89.40000133216381,30.19999986886978,113.01
2013-10-21,20.60000030696392,13.128571624202388,5.200000077486038,88.61428703474147,11.000000059604645,113.08
2013-10-28,23.300000347197056,15.12857165400471,8.300000123679638,84.55714411714247,18.20000004768372,113.15
2013-11-04,16.50000024586916,9.242857280586447,-0.2000000029802322,84.37142982866082,14.799999833106996,113.22
2013-11-11,16.300000242888927,9.614285857549737,0.1000000014901161,84.62857268963542,20.399999618530277,113.29
2013-11-18,8.50000012665987,4.7285714990326335,-1.700000025331974,89.58571562064546,1.2000000476837158,113.345
2013-11-25,8.00000011920929,4.457142923559461,-3.000000044703484,86.97142986740384,25.300000362098217,113.4
2013-12-02,8.50000012665987,2.1000000312924385,-5.500000081956387,89.74285848012993,3.200000017881393,113.4
2013-12-09,10.000000149011612,3.7857143421258246,-3.000000044703484,83.01428695129496,2.800000049173832,113.35
2013-12-16,7.700000114738941,1.771428597824914,-3.500000052154064,94.32857283417668,4.000000074505806,113.42
2013-12-23,12.000000178813934,4.671428641038282,-3.200000047683716,89.02857275520053,6.499999940395355,113.49
2013-12-30,14.600000217556952,6.042857232902732,-2.1000000312924385,84.7571441201227,29.49999988079071,113.516666666667
2014-01-06,12.10000018030405,5.5285715109535625,-1.600000023841858,87.21428701387984,9.40000021457672,113.543333333333
2014-01-13,14.600000217556952,6.100000090897083,-2.7000000402331352,87.91428702431065,8.699999988079071,113.57
2014-01-20,10.500000156462193,4.200000062584877,-1.100000016391277,91.45714421996048,2.4000000059604645,113.53
2014-01-27,6.900000102818012,4.071428632097585,1.100000016391277,87.24285844287702,6.699999883770943,113.54
2014-02-03,8.50000012665987,2.3000000342726707,-2.7000000402331352,84.48571554464954,2.800000101327897,113.52
2014-02-10,11.800000175833702,4.914285787514278,-1.80000002682209,80.61428691553218,13.900000132620336,113.585
2014-02-17,12.300000183284284,6.142857234392848,-0.2000000029802322,79.44285832664796,21.599999524652954,113.65
2014-02-24,13.90000020712614,6.528571525854724,-1.3000000193715096,79.31428689616067,2.000000037252903,113.54
2014-03-03,13.600000202655792,6.257142950381551,-0.2000000029802322,80.4714297705463,9.700000263750551,113.49
2014-03-10,18.6000002771616,7.514285826257297,-0.5000000074505806,69.58571532262224,0.0,113.43
2014-03-17,19.10000028461218,10.3714287259749,0.5000000074505806,62.61428664731128,0.1000000014901161,113.39
2014-03-24,21.50000032037497,9.914285862020083,1.3000000193715096,70.5714296230248,10.399999856948853,113.35
2014-03-31,21.300000317394733,9.58571442855256,-0.6000000089406967,62.7142866488014,0.1000000014901161,113.31
2014-04-07,23.300000347197056,14.885714507528714,6.000000089406967,66.47142956193004,2.599999964237213,113.21
2014-04-14,20.80000030994416,12.657143045748985,4.200000062584877,59.21428659664733,0.0,113.09
2014-04-21,20.80000030994416,10.271428724484784,0.6000000089406967,61.37142948593412,0.4000000059604645,113.03
2014-04-28,25.600000381469727,15.157143083001886,7.200000107288361,68.05714387127331,10.900000095367432,112.97
2014-05-05,20.500000305473804,12.114285894802638,2.0000000298023224,76.51428685443742,22.49999988079071,112.9175
2014-05-12,21.60000032186508,13.800000205636024,5.900000087916851,72.6000010818243,16.19999996572733,112.865
2014-05-19,26.200000390410423,13.800000205636024,7.500000111758709,63.40000094473362,1.7999999821186066,112.8125
2014-05-26,29.800000444054604,18.042857411716664,8.00000011920929,66.44285813293287,22.299999952316284,112.76
2014-06-02,22.100000329315662,15.28571451348918,5.500000081956387,67.52857243482556,1.700000025331974,112.635
2014-06-09,36.6000005453825,20.34285744598933,7.200000107288361,60.00000089406967,2.299999952316284,112.51
2014-06-16,34.1000005081296,20.75714316644839,11.400000169873238,57.37142942632948,2.5999999046325684,112.37
2014-06-23,26.200000390410423,18.100000269711018,8.600000128149986,55.30000082403421,0.0,112.23
2014-06-30,27.500000409781933,18.0000002682209,7.700000114738941,61.47142948742424,18.90000009536743,112.19
2014-07-07,31.300000466406345,20.500000305473804,9.100000135600569,62.05714378186634,17.000000298023224,112.2
2014-07-14,26.100000388920307,17.557143118764674,12.10000018030405,83.38571552825826,48.19999982416629,112.21
2014-07-21,34.80000051856041,22.82857176874365,13.600000202655792,65.32857240204301,12.199999667704104,112.19
2014-07-28,29.300000436604023,21.957143184329784,14.900000222027302,69.78571532560247,36.10000000149012,112.2025
2014-08-04,28.300000421702865,20.571428877966746,15.100000225007534,76.98571543289083,9.500000163912771,112.215
2014-08-11,28.00000041723252,20.17142887200628,11.800000175833702,73.74285824171135,21.699999667704105,112.2275
2014-08-18,23.600000351667404,16.557143103863513,12.300000183284284,76.771429715412,23.20000028610229,112.24
2014-08-25,22.100000329315662,14.871428793030123,7.700000114738941,71.35714392044714,9.900000393390656,112.24
2014-09-01,25.30000037699937,17.357143115784442,10.600000157952309,81.57142978693757,14.50000011920929,112.24
2014-09-08,27.3000004068017,18.414285988679957,11.500000171363354,80.1285726225802,4.400000192224979,112.23
2014-09-15,22.600000336766243,16.00000023841858,8.800000131130219,82.10000122338533,11.5,112.246
2014-09-22,26.00000038743019,17.65714312025479,7.500000111758709,83.27142981226955,28.59999930858612,112.262
2014-09-29,26.200000390410423,14.55714307406119,5.000000074505806,80.25714405306748,0.400000013411045,112.278
2014-10-06,22.800000339746475,15.171428797500472,7.300000108778477,84.642858404134,3.700000025331974,112.294
2014-10-13,21.60000032186508,15.242857369993414,7.300000108778477,91.74285850993223,26.40000021457672,112.31
2014-10-20,24.300000362098217,15.357143085982118,7.800000116229057,87.84285845181772,13.899999812245367,112.34
2014-10-27,17.600000262260437,10.414285869470664,2.0000000298023224,85.01428698109729,5.500000178813934,112.37
2014-11-03,16.800000250339508,10.428571583969251,3.1000000461936,92.028572799904,5.3000001311302185,112.446666666667
2014-11-10,15.100000225007534,8.200000122189522,0.2000000029802322,91.0714299284986,9.600000150501728,112.523333333333
2014-11-17,12.90000019222498,9.100000135600569,4.200000062584877,93.28571567577976,35.29999909549952,112.6
2014-11-24,10.100000150501728,6.442857238863196,2.200000032782554,94.95714427211456,5.600000195205212,112.65
2014-12-01,7.900000117719173,4.914285787514278,2.1000000312924385,87.07142986889396,1.0999999940395355,112.7
2014-12-08,7.000000104308128,3.085714331695012,-0.5000000074505806,92.20000137388706,7.700000174343586,112.72
2014-12-15,11.500000171363354,6.028571518404143,-1.5000000223517418,86.30000128597021,17.79999989271164,112.78
2014-12-22,13.600000202655792,7.514285826257297,2.200000032782554,84.80000126361847,8.300000049173832,112.84
2014-12-29,9.500000141561031,2.500000037252903,-8.600000128149986,84.58571554613965,19.500000156462196,112.98
2015-01-05,6.70000009983778,1.757142883326326,-4.000000059604645,90.77142992402824,15.69999960809946,113.12
2015-01-12,14.600000217556952,5.900000087916851,-5.500000081956387,82.28571551186698,11.900000050663948,113.22
2015-01-19,15.400000229477882,4.557142925049578,-3.000000044703484,84.30000125616789,22.60000044107437,113.3
2015-01-26,4.000000059604645,1.0714285873941012,-2.7000000402331352,90.2428584875805,9.100000023841858,113.38
2015-02-02,5.700000084936619,2.4428571792585507,-0.6000000089406967,87.18571558488267,16.199999667704105,113.43
2015-02-09,4.700000070035458,0.0428571434957639,-4.90000007301569,73.90000110119581,0.400000013411045,113.425
2015-02-16,6.900000102818012,1.3571428773658616,-3.1000000461936,88.74285846522876,0.0,113.42
2015-02-23,13.90000020712614,2.800000041723252,-3.200000047683716,83.67142981823001,8.199999928474426,113.415
2015-03-02,11.500000171363354,5.442857223962035,-0.9000000134110451,78.45714402624539,19.100000478327274,113.41
2015-03-09,16.100000239908695,5.471428652959211,-2.3000000342726707,70.78571534050363,0.9999999776482582,113.36
2015-03-16,13.40000019967556,5.442857223962035,-1.600000023841858,72.85714394279888,0.5,113.32
2015-03-23,18.6000002771616,8.128571549696582,-0.2000000029802322,70.07142961557422,0.0,113.28
2015-03-30,16.300000242888927,8.85714298912457,-1.100000016391277,71.91428678589207,11.199999809265137,113.24
2015-04-06,14.100000210106373,6.41428580986602,-2.0000000298023224,68.52857244972672,26.60000026226044,113.29
2015-04-13,23.300000347197056,11.571428743856291,-1.3000000193715096,61.200000911951065,0.1000000014901161,113.155
2015-04-20,26.80000039935112,13.200000196695328,1.3000000193715096,50.94285790196487,0.4000000059604645,113.02
2015-04-27,23.100000344216824,13.300000198185444,1.80000002682209,64.05714381166867,7.000000059604645,112.97
2015-05-04,24.50000036507845,12.442857328270165,1.100000016391277,75.12857254807439,14.299999982118608,112.92
2015-05-11,27.200000405311584,16.542857389364922,8.300000123679638,60.64285804650613,0.0,112.795
2015-05-18,30.100000448524952,16.400000244379044,7.200000107288361,64.11428666966302,7.000000037252903,112.67
2015-05-25,22.30000033229589,14.500000216066836,3.700000055134296,60.68571519000189,4.1999998688697815,112.57
2015-06-01,23.600000351667404,14.314285927585193,4.700000070035458,67.8428581537945,13.89999959617853,112.486
2015-06-08,34.20000050961971,20.87142888243709,8.800000131130219,57.74285800329277,1.2000000178813934,112.402
2015-06-15,30.500000454485416,19.357143145586765,12.000000178813934,63.72857237820114,1.7999999523162842,112.318
2015-06-22,22.800000339746475,15.528571659965175,9.3000001385808,70.64285819551775,20.5999998152256,112.234
2015-06-29,29.300000436604023,18.471428846674307,9.00000013411045,67.3571438608425,9.299999952316284,112.15
2015-07-06,38.60000057518482,27.157143261815825,15.800000235438349,51.47142933841263,0.5,112.03
2015-07-13,36.20000053942204,20.81428602444274,8.600000128149986,52.42857220981802,2.900000013411045,111.97
2015-07-20,35.60000053048134,24.614286081067156,16.300000242888927,60.257143755044254,9.700000002980232,111.91
2015-07-27,34.70000051707029,22.20000033080578,9.00000013411045,59.51428660111768,15.300000190734863,111.91
2015-08-03,33.10000049322844,19.057143141116416,8.00000011920929,57.25714371034077,0.7000000029802322,111.83
2015-08-10,38.70000057667494,24.528571794075624,13.90000020712614,64.21428667115313,21.00000023841858,111.82
2015-08-17,35.30000052601099,21.785714610346727,13.90000020712614,72.80000108480453,3.800000011920929,111.84
2015-08-24,28.50000042468309,18.17142884220396,9.600000143051147,69.2571438891547,8.999999761581421,111.82
2015-08-31,35.200000524520874,22.500000335276127,10.400000154972076,65.30000097304583,8.40000019222498,111.8
2015-09-07,27.200000405311584,15.671428804951054,7.700000114738941,68.18571530176061,2.200000047683716,111.77
2015-09-14,26.700000397861004,16.142857383404458,7.400000110268593,70.38571533454316,13.099999845027924,111.86
2015-09-21,20.500000305473804,14.1857144970979,5.900000087916851,84.00000125169754,30.399999856948853,111.95
2015-09-28,19.60000029206276,13.61428591715438,6.500000096857548,75.40000112354755,5.800000190734863,111.95
2015-10-05,21.50000032037497,12.642857331250395,4.90000007301569,70.3428581910474,7.300000071525574,111.98
2015-10-12,19.60000029206276,12.114285894802638,2.200000032782554,82.54285837284156,1.8999999538064003,112.01
2015-10-19,12.4000001847744,6.171428663390024,0.5000000074505806,85.14285841158458,1.2000000476837158,112.03
2015-10-26,15.900000236928465,10.400000154972076,4.700000070035458,86.25714414247444,0.5,112.05
2015-11-02,15.800000235438349,7.900000117719173,1.700000025331974,92.2857156608786,0.6000000089406967,112.0775
2015-11-09,20.000000298023224,11.628571601850648,2.7000000402331352,88.65714417823723,0.7999999895691872,112.105
2015-11-16,16.600000247359276,11.000000163912771,2.600000038743019,75.78571541500943,2.400000095367432,112.1325
2015-11-23,16.300000242888927,8.528571555657047,-0.4000000059604645,81.48571549994605,43.70000094175339,112.16
2015-11-30,12.10000018030405,4.385714351066521,-3.000000044703484,86.75714414992503,11.900000035762789,112.1825
2015-12-07,13.600000202655792,7.7428572582347055,0.1000000014901161,86.02857271049704,0.400000013411045,112.205
2015-12-14,11.000000163912771,5.142857219491686,-2.200000032782554,89.52857276265111,5.500000007450581,112.2275
2015-12-21,14.600000217556952,9.00000013411045,0.9000000134110451,90.41428706156356,11.40000019222498,112.25
2015-12-28,15.800000235438349,8.585714413651399,-2.1000000312924385,84.77142983462129,1.400000013411045,112.303333333333
2016-01-04,8.50000012665987,4.057142917598997,-3.000000044703484,93.65714425274304,15.599999845027924,112.356666666667
2016-01-11,8.600000128149986,4.842857215021338,-0.800000011920929,92.08571565789836,29.799999624490734,112.41
2016-01-18,8.00000011920929,1.8571428848164424,-7.300000108778477,83.71428696172578,8.100000023841858,112.46
