seed,split,aquifer_type,well,model,RMSE,MAE,R2,NSE,n_points,actual_range,actual_abs_mean,NRMSE_range,NRMSE_range_percent,NRMSE_mean,NRMSE_mean_percent
40,selection,裂隙水,裂隙水1,LSTM,0.6251743786031447,0.4103100912439621,0.8390254083186688,0.8390254083186688,138,6.929039999999986,196.3614404347826,0.0902252517813645,9.022525178136451,0.0031837940138292,0.3183794013829225
40,selection,裂隙水,裂隙水1,Transformer,0.5771932374336608,0.3283783960388944,0.862786305416441,0.862786305416441,138,6.929039999999986,196.3614404347826,0.0833006069287609,8.330060692876097,0.0029394428771536,0.2939442877153692
40,selection,裂隙水,裂隙水1,TCN,0.5869822323497131,0.3722387502162265,0.8580926463885278,0.8580926463885278,138,6.929039999999986,196.3614404347826,0.0847133560132015,8.471335601320158,0.0029892947976446,0.2989294797644689
40,selection,裂隙水,裂隙水1,DynamicGatedStacking,0.5899954768106165,0.3698293916605512,0.8566319579404773,0.8566319579404773,138,6.929039999999986,196.3614404347826,0.0851482278657097,8.514822786570978,0.003004640195673,0.3004640195673098
40,test,裂隙水,裂隙水1,LSTM,0.3993604098788195,0.3206959558890295,0.831394797082742,0.831394797082742,71,4.359559999999988,195.74704767605635,0.0916056688929205,9.160566889292054,0.0020401861209152,0.2040186120915217
40,test,裂隙水,裂隙水1,Transformer,0.3859242047910999,0.3001568507081889,0.842549157326027,0.842549157326027,71,4.359559999999988,195.74704767605635,0.08852365944983,8.852365944983003,0.0019715454683626,0.1971545468362667
40,test,裂隙水,裂隙水1,TCN,0.4190453203767834,0.3392356186912771,0.8143636829461689,0.8143636829461689,71,4.359559999999988,195.74704767605635,0.0961210122986688,9.612101229866882,0.0021407491216432,0.2140749121643282
40,test,裂隙水,裂隙水1,DynamicGatedStacking,0.3883437915598616,0.3061272918095368,0.8405686636370022,0.8405686636370022,71,4.359559999999988,195.74704767605635,0.0890786665534739,8.907866655347393,0.0019839062513092,0.1983906251309268
40,future_holdout,裂隙水,裂隙水1,LSTM,0.6810133889088905,0.5599925382374041,0.731386738335055,0.731386738335055,52,4.379999999999996,195.6493294230769,0.1554825088833085,15.54825088833085,0.0034807857042854,0.3480785704285499
40,future_holdout,裂隙水,裂隙水1,Transformer,0.8764907202306405,0.6774695020830503,0.5550504268704743,0.5550504268704743,52,4.379999999999996,195.6493294230769,0.2001120365823382,20.01120365823382,0.0044799065900977,0.4479906590097711
40,future_holdout,裂隙水,裂隙水1,TCN,0.9391831720383178,0.848813001507672,0.4891225252145998,0.4891225252145998,52,4.379999999999996,195.6493294230769,0.2144253817439084,21.44253817439084,0.0048003393357275,0.4800339335727571
40,future_holdout,裂隙水,裂隙水1,DynamicGatedStacking,0.7569816842434992,0.6047055896987492,0.668115559068654,0.668115559068654,52,4.379999999999996,195.6493294230769,0.1728268685487443,17.28268685487443,0.0038690737477897,0.3869073747789768
40,selection,裂隙水,裂隙水2,LSTM,0.1797023906353516,0.1337946014619025,0.9723125809918254,0.9723125809918254,138,4.639999999999986,303.8561594202898,0.0387289634989983,3.872896349899832,0.0005914061145845,0.0591406114584597
40,selection,裂隙水,裂隙水2,Transformer,0.1662245628993844,0.1184571720026147,0.9763099944214372,0.9763099944214372,138,4.639999999999986,303.8561594202898,0.0358242592455571,3.58242592455571,0.0005470501674756,0.0547050167475673
40,selection,裂隙水,裂隙水2,TCN,0.1914994547293529,0.1446488890250552,0.9685580228910948,0.9685580228910948,138,4.639999999999986,303.8561594202898,0.0412714342089123,4.127143420891239,0.0006302306166664,0.0630230616666464
40,selection,裂隙水,裂隙水2,DynamicGatedStacking,0.1605292354160207,0.1196021125031285,0.9779055579832224,0.9779055579832224,138,4.639999999999986,303.8561594202898,0.0345968179775907,3.459681797759078,0.0005283066689261,0.0528306668926131
40,test,裂隙水,裂隙水2,LSTM,0.1860015746791416,0.1342202841060025,0.8679726753059765,0.8679726753059765,71,1.8199999999999927,303.2730985915493,0.1021986674061221,10.219866740612217,0.0006133137938807,0.0613313793880709
40,test,裂隙水,裂隙水2,Transformer,0.1883569462138766,0.1247798344478144,0.8646077321960944,0.8646077321960944,71,1.8199999999999927,303.2730985915493,0.1034928275900425,10.34928275900425,0.0006210802972259,0.0621080297225957
40,test,裂隙水,裂隙水2,TCN,0.2098240161911736,0.1520754538882795,0.8319877405720333,0.8319877405720333,71,1.8199999999999927,303.2730985915493,0.1152879209841617,11.528792098416178,0.0006918649137217,0.0691864913721762
40,test,裂隙水,裂隙水2,DynamicGatedStacking,0.1841728092920226,0.1305736630811849,0.8705560948266876,0.8705560948266876,71,1.8199999999999927,303.2730985915493,0.1011938512593535,10.11938512593535,0.0006072836995676,0.0607283699567656
40,future_holdout,裂隙水,裂隙水2,LSTM,0.7602717951906429,0.5624960501189258,0.3440889145853785,0.3440889145853785,52,2.730000000000018,302.7888461538462,0.2784878370661677,27.84878370661677,0.0025108976266726,0.2510897626672651
40,future_holdout,裂隙水,裂隙水2,Transformer,0.7426414745880223,0.5925382282267654,0.3741566930263449,0.3741566930263449,52,2.730000000000018,302.7888461538462,0.2720298441714349,27.20298441714349,0.0024526711733981,0.2452671173398138
40,future_holdout,裂隙水,裂隙水2,TCN,0.7985917823535321,0.6302402851060867,0.2763028099892693,0.2763028099892693,52,2.730000000000018,302.7888461538462,0.2925244624005593,29.252446240055928,0.0026374544257411,0.2637454425741197
40,future_holdout,裂隙水,裂隙水2,DynamicGatedStacking,0.7490152576761437,0.5667201041203465,0.3633678870082953,0.3633678870082953,52,2.730000000000018,302.7888461538462,0.2743645632513328,27.436456325133285,0.0024737214305957,0.2473721430595799
40,selection,裂隙水,裂隙水3,LSTM,0.1113141038601241,0.0917559367458512,0.9504802410412626,0.9504802410412626,138,1.7800000000000011,185.90217391304347,0.062536013404564,6.2536013404564095,0.0005987778492154,0.0598777849215425
40,selection,裂隙水,裂隙水3,Transformer,0.0669326843701371,0.0525752632805845,0.9820958124193035,0.9820958124193035,138,1.7800000000000011,185.90217391304347,0.0376026316686163,3.760263166861632,0.0003600425049437,0.0360042504943729
40,selection,裂隙水,裂隙水3,TCN,0.1039066717564666,0.0829703919000965,0.9568515696510236,0.9568515696510236,138,1.7800000000000011,185.90217391304347,0.0583745346946441,5.837453469464415,0.0005589319886332,0.0558931988633276
40,selection,裂隙水,裂隙水3,DynamicGatedStacking,0.0754978531783479,0.0602222352286744,0.9772203347290876,0.9772203347290876,138,1.7800000000000011,185.90217391304347,0.0424145242574988,4.241452425749884,0.0004061160318311,0.0406116031831141
40,test,裂隙水,裂隙水3,LSTM,0.1017817926080622,0.0836086141595889,0.8759549805315777,0.8759549805315777,71,1.3499999999999943,186.1540845070422,0.0753939204504167,7.539392045041677,0.0005467609957503,0.0546760995750334
40,test,裂隙水,裂隙水3,Transformer,0.0761735272625089,0.0581830719704776,0.9305220056111246,0.9305220056111246,71,1.3499999999999943,186.1540845070422,0.0564248350092661,5.642483500926612,0.0004091961101161,0.0409196110116118
40,test,裂隙水,裂隙水3,TCN,0.0804843006466875,0.0636428311720016,0.9224357692061244,0.9224357692061244,71,1.3499999999999943,186.1540845070422,0.059618000479028,5.961800047902807,0.0004323531275707,0.043235312757074
40,test,裂隙水,裂隙水3,DynamicGatedStacking,0.0729048425339082,0.0582477322385753,0.936356816833405,0.936356816833405,71,1.3499999999999943,186.1540845070422,0.0540035870621544,5.400358706215449,0.0003916370824039,0.0391637082403906
40,future_holdout,裂隙水,裂隙水3,LSTM,0.257000444216995,0.2269685636752646,0.8649687586654153,0.8649687586654153,52,2.0,185.6351923076923,0.1285002221084975,12.850022210849753,0.0013844381607934,0.1384438160793423
40,future_holdout,裂隙水,裂隙水3,Transformer,0.2180144936225944,0.1788156646608369,0.902828871796189,0.902828871796189,52,2.0,185.6351923076923,0.1090072468112972,10.90072468112972,0.0011744243691747,0.1174424369174747
40,future_holdout,裂隙水,裂隙水3,TCN,0.3079833703918843,0.2637045340982595,0.8060806946371833,0.8060806946371833,52,2.0,185.6351923076923,0.1539916851959421,15.399168519594214,0.0016590785753673,0.1659078575367318
40,future_holdout,裂隙水,裂隙水3,DynamicGatedStacking,0.2061125506532387,0.170179455395143,0.9131488871397572,0.9131488871397572,52,2.0,185.6351923076923,0.1030562753266193,10.30562753266194,0.0011103096783049,0.111030967830499
40,selection,裂隙水,裂隙水4,LSTM,0.1260872807612202,0.0769873668975551,0.936382940552188,0.936382940552188,138,2.049999999999997,52.14630434782609,0.0615059906152294,6.150599061522947,0.0024179523810583,0.2417952381058364
40,selection,裂隙水,裂隙水4,Transformer,0.1179402609687542,0.0756787716817238,0.9443384619822672,0.9443384619822672,138,2.049999999999997,52.14630434782609,0.0575318346189046,5.75318346189046,0.0022617184946045,0.2261718494604518
40,selection,裂隙水,裂隙水4,TCN,0.1172841258942866,0.0795978064750448,0.9449560610515614,0.9449560610515614,138,2.049999999999997,52.14630434782609,0.0572117687289203,5.721176872892039,0.0022491359140616,0.2249135914061684
40,selection,裂隙水,裂隙水4,DynamicGatedStacking,0.1144989497671238,0.0723482680329691,0.9475393049904328,0.9475393049904328,138,2.049999999999997,52.14630434782609,0.0558531462278653,5.585314622786538,0.0021957251084064,0.2195725108406405
40,test,裂隙水,裂隙水4,LSTM,0.0572948541226958,0.0432486483046209,0.9386116841280426,0.9386116841280426,71,0.9299999999999996,52.00295774647888,0.0616073700244041,6.1607370024404124,0.0011017614498393,0.1101761449839365
40,test,裂隙水,裂隙水4,Transformer,0.060018276815152,0.0457661879494115,0.9326369833422712,0.9326369833422712,71,0.9299999999999996,52.00295774647888,0.0645357815216689,6.453578152166895,0.0011541319843334,0.1154131984333447
40,test,裂隙水,裂隙水4,TCN,0.0709978218397415,0.0524246790110476,0.9057362889846508,0.9057362889846508,71,0.9299999999999996,52.00295774647888,0.0763417439137005,7.634174391370058,0.001365265071765,0.1365265071765053
40,test,裂隙水,裂隙水4,DynamicGatedStacking,0.0578200694253075,0.0421909750838363,0.937481046373001,0.937481046373001,71,0.9299999999999996,52.00295774647888,0.0621721176616209,6.217211766162099,0.0011118611696509,0.1111861169650922
40,future_holdout,裂隙水,裂隙水4,LSTM,0.1315037790119087,0.0946041085823049,0.8960574378124385,0.8960574378124385,52,1.1199999999999974,52.21,0.1174140884034901,11.74140884034902,0.0025187469644111,0.2518746964411199
40,future_holdout,裂隙水,裂隙水4,Transformer,0.1973256422654612,0.1308377257887273,0.7659632807447596,0.7659632807447596,52,1.1199999999999974,52.21,0.1761836091655907,17.618360916559077,0.0037794606831155,0.3779460683115518
40,future_holdout,裂隙水,裂隙水4,TCN,0.1854561947700241,0.1346331324167023,0.7932718393224211,0.7932718393224211,52,1.1199999999999974,52.21,0.1655858881875219,16.558588818752195,0.0035521201832986,0.3552120183298681
40,future_holdout,裂隙水,裂隙水4,DynamicGatedStacking,0.1400132210621904,0.0979582454614118,0.8821702258877282,0.8821702258877282,52,1.1199999999999974,52.21,0.1250118045198132,12.50118045198132,0.0026817318724801,0.2681731872480185
40,selection,裂隙水,裂隙水5,LSTM,0.1785033891579144,0.1068788511967035,0.9297888270409712,0.9297888270409712,138,2.9699999999999704,323.411268115942,0.0601021512316216,6.010215123162163,0.000551939300686,0.0551939300686089
40,selection,裂隙水,裂隙水5,Transformer,0.1733412087643348,0.0994190796631172,0.9337910138883329,0.9337910138883329,138,2.9699999999999704,323.411268115942,0.0583640433549954,5.836404335499547,0.0005359776416392,0.0535977641639228
40,selection,裂隙水,裂隙水5,TCN,0.1610074426821261,0.1086271476448513,0.9428777638813026,0.9428777638813026,138,2.9699999999999704,323.411268115942,0.0542112601623325,5.421126016233256,0.0004978411655848,0.0497841165584884
40,selection,裂隙水,裂隙水5,DynamicGatedStacking,0.1745095634024845,0.1012526263407347,0.932895482206738,0.932895482206738,138,2.9699999999999704,323.411268115942,0.0587574287550458,5.875742875504588,0.0005395902388284,0.0539590238828423
40,test,裂隙水,裂隙水5,LSTM,0.0852863073048173,0.0661661471993317,0.8790992369596256,0.8790992369596256,71,1.0400000000000205,322.4869718309859,0.0820060647161689,8.20060647161689,0.0002644643497397,0.0264464349739733
40,test,裂隙水,裂隙水5,Transformer,0.0670069474765316,0.0491496439320426,0.9253705762973592,0.9253705762973592,71,1.0400000000000205,322.4869718309859,0.0644297571889714,6.442975718897142,0.0002077818743997,0.0207781874399718
40,test,裂隙水,裂隙水5,TCN,0.0923042906230816,0.0740008608999005,0.8583833887073118,0.8583833887073118,71,1.0400000000000205,322.4869718309859,0.0887541255991152,8.875412559911524,0.0002862264174549,0.0286226417454959
40,test,裂隙水,裂隙水5,DynamicGatedStacking,0.0733720678660828,0.0560961228071459,0.9105187714434316,0.9105187714434316,71,1.0400000000000205,322.4869718309859,0.0705500652558474,7.055006525584746,0.0002275194791575,0.0227519479157554
40,future_holdout,裂隙水,裂隙水5,LSTM,0.1811970219999415,0.1662423486162335,0.498935739017372,0.498935739017372,52,0.8000000000000114,322.6370192307692,0.2264962774999237,22.64962774999237,0.0005616126209941,0.0561612620994178
40,future_holdout,裂隙水,裂隙水5,Transformer,0.1257216130318294,0.0977445665576117,0.7587811710366139,0.7587811710366139,52,0.8000000000000114,322.6370192307692,0.1571520162897845,15.715201628978454,0.0003896689020112,0.0389668902011228
40,future_holdout,裂隙水,裂隙水5,TCN,0.112512230653719,0.0956616221380583,0.8068072671508675,0.8068072671508675,52,0.8000000000000114,322.6370192307692,0.1406402883171467,14.064028831714678,0.000348726971635,0.0348726971635091
40,future_holdout,裂隙水,裂隙水5,DynamicGatedStacking,0.1122387371363006,0.0928612928049458,0.8077453472508443,0.8077453472508443,52,0.8000000000000114,322.6370192307692,0.1402984214203737,14.029842142037378,0.0003478792898716,0.0347879289871633
40,selection,岩溶水,岩溶水1,LSTM,1.1445877211196682,0.8005293173873305,0.8777421256404778,0.8777421256404778,138,16.039999999999964,461.56492753623183,0.071358336728159,7.135833672815902,0.002479797863389,0.2479797863389047
40,selection,岩溶水,岩溶水1,Transformer,1.0672978654171168,0.6931219141139345,0.8936959141506798,0.8936959141506798,138,16.039999999999964,461.56492753623183,0.0665397671706433,6.653976717064334,0.0023123461115518,0.2312346111551849
40,selection,岩溶水,岩溶水1,TCN,1.10358171271725,0.7175468085089332,0.8863452303872142,0.8863452303872142,138,16.039999999999964,461.56492753623183,0.0688018524137938,6.8801852413793805,0.0023909566062742,0.2390956606274252
40,selection,岩溶水,岩溶水1,DynamicGatedStacking,1.044466894249127,0.6791797922601637,0.8981952519414743,0.8981952519414743,138,16.039999999999964,461.56492753623183,0.0651163899157811,6.511638991578114,0.0022628818437838,0.2262881843783805
40,test,岩溶水,岩溶水1,LSTM,0.7775799755639444,0.5939406189170754,0.8046978037072356,0.8046978037072356,71,9.25,460.3830985915493,0.0840627000609669,8.406270006096698,0.0016889846259404,0.1688984625940431
40,test,岩溶水,岩溶水1,Transformer,0.8020863637258302,0.6194397378897634,0.792193438098573,0.792193438098573,71,9.25,460.3830985915493,0.0867120393217113,8.671203932171137,0.0017422150512902,0.1742215051290228
40,test,岩溶水,岩溶水1,TCN,0.808457611761729,0.5870984747664744,0.78887896810563,0.78887896810563,71,9.25,460.3830985915493,0.0874008228931599,8.740082289315989,0.0017560540650494,0.17560540650494
40,test,岩溶水,岩溶水1,DynamicGatedStacking,0.7403655458521042,0.5490191345478127,0.8229445126446634,0.8229445126446634,71,9.25,460.3830985915493,0.0800395184704977,8.003951847049775,0.0016081510118792,0.1608151011879249
40,future_holdout,岩溶水,岩溶水1,LSTM,1.0631288821900535,0.8576746115289746,0.8657801305264139,0.8657801305264139,52,9.120000000000005,460.9194230769231,0.1165711493629444,11.65711493629444,0.0023065395575934,0.2306539557593404
40,future_holdout,岩溶水,岩溶水1,Transformer,3.382143437645099,2.6233036678184245,-0.3584042223504387,-0.3584042223504387,52,9.120000000000005,460.9194230769231,0.3708490611452957,37.08490611452957,0.0073378192983649,0.7337819298364979
40,future_holdout,岩溶水,岩溶水1,TCN,1.0395139434103176,0.8210859861172788,0.8716766713293403,0.8716766713293403,52,9.120000000000005,460.9194230769231,0.1139817920406049,11.398179204060494,0.0022553051387396,0.2255305138739688
40,future_holdout,岩溶水,岩溶水1,DynamicGatedStacking,1.9580386702625832,1.397786003424679,0.5447106330369788,0.5447106330369788,52,9.120000000000005,460.9194230769231,0.2146972226165112,21.46972226165112,0.0042481149030159,0.4248114903015934
40,selection,岩溶水,岩溶水2,LSTM,1.308084024925785,1.0130961620559982,0.935226948834512,0.935226948834512,138,21.97999999999996,503.30923045155646,0.0595124670120922,5.951246701209223,0.0025989668891075,0.2598966889107527
40,selection,岩溶水,岩溶水2,Transformer,0.8805386996925381,0.6517404700195923,0.9706491983536184,0.9706491983536184,138,21.97999999999996,503.30923045155646,0.0400609053545286,4.006090535452865,0.0017494984125416,0.1749498412541611
40,selection,岩溶水,岩溶水2,TCN,1.1070881921127018,0.841051965387553,0.9536032554686604,0.9536032554686604,138,21.97999999999996,503.30923045155646,0.0503679796229619,5.036797962296196,0.002199618296528,0.219961829652806
40,selection,岩溶水,岩溶水2,DynamicGatedStacking,1.0116720035542186,0.7633518539775442,0.9612561713798302,0.9612561713798302,138,21.97999999999996,503.30923045155646,0.0460269337376806,4.602693373768064,0.0020100406317733,0.2010040631773376
40,test,岩溶水,岩溶水2,LSTM,0.9231076932073262,0.7093588472480157,0.939535574573128,0.939535574573128,71,12.189999999999998,499.7949295774648,0.0757266360301334,7.572663603013343,0.0018469729054429,0.1846972905442913
40,test,岩溶水,岩溶水2,Transformer,0.6489834319670753,0.4688995547942076,0.970114370440014,0.970114370440014,71,12.189999999999998,499.7949295774648,0.053239001802057,5.323900180205705,0.0012984994315883,0.1298499431588345
40,test,岩溶水,岩溶水2,TCN,0.6488525480364858,0.503768068160064,0.9701264236112996,0.9701264236112996,71,12.189999999999998,499.7949295774648,0.0532282648102121,5.322826481021214,0.0012982375563214,0.1298237556321423
40,test,岩溶水,岩溶水2,DynamicGatedStacking,0.6069500603839062,0.4449779420668638,0.9738602693984256,0.9738602693984256,71,12.189999999999998,499.7949295774648,0.04979081709466,4.979081709466008,0.0012143981950697,0.121439819506979
40,future_holdout,岩溶水,岩溶水2,LSTM,1.0067278591003104,0.8347003496974522,0.9709139092521688,0.9709139092521688,52,15.870000000000005,500.9328846153846,0.0634359079458292,6.343590794582925,0.0020097060704514,0.2009706070451482
40,future_holdout,岩溶水,岩溶水2,Transformer,1.124036112467907,0.9122564908265448,0.9637405084970886,0.9637405084970886,52,15.870000000000005,500.9328846153846,0.0708277323546255,7.08277323546255,0.0022438856521287,0.2243885652128708
40,future_holdout,岩溶水,岩溶水2,TCN,1.130803803872191,0.7950035595973737,0.9633025656448648,0.9633025656448648,52,15.870000000000005,500.9328846153846,0.0712541779377562,7.125417793775619,0.0022573958280667,0.2257395828066708
40,future_holdout,岩溶水,岩溶水2,DynamicGatedStacking,0.9359200241300224,0.7113826310692166,0.9748615405687864,0.9748615405687864,52,15.870000000000005,500.9328846153846,0.0589741666118476,5.897416661184765,0.0018683541306109,0.186835413061097
40,selection,岩溶水,岩溶水3,LSTM,1.3025645934709311,0.4689588092595189,0.681160772934361,0.681160772934361,138,15.136300000000006,387.0044152898551,0.0860556802832218,8.605568028322184,0.0033657615830955,0.33657615830955
40,selection,岩溶水,岩溶水3,Transformer,1.2853734199826783,0.4451210091360497,0.6895212797015589,0.6895212797015589,138,15.136300000000006,387.0044152898551,0.0849199223048352,8.491992230483525,0.0033213404529764,0.3321340452976411
40,selection,岩溶水,岩溶水3,TCN,1.332488297298689,0.5030834007549994,0.6663431720017586,0.6663431720017586,138,15.136300000000006,387.0044152898551,0.0880326299887481,8.803262998874812,0.0034430829330479,0.3443082933047918
40,selection,岩溶水,岩溶水3,DynamicGatedStacking,1.2814300028982817,0.4556044361001928,0.691423402422058,0.691423402422058,138,15.136300000000006,387.0044152898551,0.0846593951559021,8.46593951559021,0.0033111508610012,0.3311150861001231
40,test,岩溶水,岩溶水3,LSTM,0.5607169421536292,0.4137005549045703,0.8777357243334758,0.8777357243334758,71,5.751170000000002,383.8266273239437,0.097496151592394,9.749615159239408,0.0014608599358074,0.1460859935807405
40,test,岩溶水,岩溶水3,Transformer,0.487379668618712,0.2664387125186483,0.9076265766547416,0.9076265766547416,71,5.751170000000002,383.8266273239437,0.0847444378480747,8.474443784807471,0.0012697911867572,0.1269791186757273
40,test,岩溶水,岩溶水3,TCN,0.4969305455040662,0.2725519859474666,0.9039707342937736,0.9039707342937736,71,5.751170000000002,383.8266273239437,0.0864051220019693,8.640512200196936,0.0012946744965785,0.1294674496578541
40,test,岩溶水,岩溶水3,DynamicGatedStacking,0.4867473106737884,0.2994438583963045,0.9078661236751122,0.9078661236751122,71,5.751170000000002,383.8266273239437,0.0846344849263347,8.46344849263347,0.0012681436774395,0.1268143677439505
40,future_holdout,岩溶水,岩溶水3,LSTM,2.0930620699772606,1.9699042415652064,-4.814427628038705,-4.814427628038705,52,2.822899999999948,382.45746365384616,0.7414580998183782,74.14580998183781,0.0054726662933466,0.5472666293346664
40,future_holdout,岩溶水,岩溶水3,Transformer,1.012174289377011,0.9704484177479392,-0.3597321207766761,-0.3597321207766761,52,2.822899999999948,382.45746365384616,0.3585583227804845,35.85583227804845,0.0026465015996997,0.2646501599699745
40,future_holdout,岩溶水,岩溶水3,TCN,1.4721179911037636,1.4157796579486757,-1.8762590276082087,-1.8762590276082087,52,2.822899999999948,382.45746365384616,0.5214913709673709,52.149137096737086,0.0038491025303565,0.384910253035654
40,future_holdout,岩溶水,岩溶水3,DynamicGatedStacking,1.5126469737795256,1.4520021102050196,-2.0368120904698226,-2.0368120904698226,52,2.822899999999948,382.45746365384616,0.5358485861275829,53.58485861275829,0.0039550724395029,0.3955072439502943
40,selection,岩溶水,岩溶水4,LSTM,0.8991904838406882,0.6259909350042485,0.8840746874452416,0.8840746874452416,138,8.199999999999989,98.09728260869564,0.1096573760781328,10.965737607813288,0.0091663138868739,0.916631388687398
40,selection,岩溶水,岩溶水4,Transformer,0.6796834547951127,0.5077153512060502,0.9337648891057244,0.9337648891057244,138,8.199999999999989,98.09728260869564,0.082888226194526,8.288822619452606,0.0069286675096427,0.6928667509642754
40,selection,岩溶水,岩溶水4,TCN,0.8539080450850121,0.638080669335392,0.8954564888887053,0.8954564888887053,138,8.199999999999989,98.09728260869564,0.1041351274493918,10.413512744939188,0.0087047064136445,0.870470641364452
40,selection,岩溶水,岩溶水4,DynamicGatedStacking,0.7088781112081116,0.5356507884047097,0.927952651232616,0.927952651232616,138,8.199999999999989,98.09728260869564,0.0864485501473308,8.64485501473308,0.0072262767362862,0.7226276736286215
40,test,岩溶水,岩溶水4,LSTM,0.6503560273948134,0.513776102591365,0.8080610306461051,0.8080610306461051,71,6.590000000000003,96.7878732394366,0.0986883197867698,9.86883197867698,0.0067193957840766,0.6719395784076627
40,test,岩溶水,岩溶水4,Transformer,0.4271462759028249,0.3338792012991893,0.9172031016679136,0.9172031016679136,71,6.590000000000003,96.7878732394366,0.0648173408046775,6.481734080467751,0.0044132210121627,0.4413221012162735
40,test,岩溶水,岩溶水4,TCN,0.6234650682280647,0.5008254976683748,0.8236054874183156,0.8236054874183156,71,6.590000000000003,96.7878732394366,0.0946077493517548,9.460774935175484,0.0064415618130767,0.6441561813076716
40,test,岩溶水,岩溶水4,DynamicGatedStacking,0.464376959080251,0.3532931715486223,0.90214069075967,0.90214069075967,71,6.590000000000003,96.7878732394366,0.0704669133657436,7.046691336574368,0.0047978836969737,0.4797883696973711
40,future_holdout,岩溶水,岩溶水4,LSTM,1.1613803731104229,0.7949927975306436,0.8149077348007391,0.8149077348007391,52,8.149999999999991,98.27240384615384,0.1425006592773526,14.250065927735264,0.0118179705355388,1.1817970535538869
40,future_holdout,岩溶水,岩溶水4,Transformer,1.0731696206318886,0.8014287493280488,0.8419567157602479,0.8419567157602479,52,8.149999999999991,98.27240384615384,0.1316772540652625,13.167725406526252,0.0109203558540395,1.0920355854039587
40,future_holdout,岩溶水,岩溶水4,TCN,1.1873556228476976,0.9342942016654494,0.8065356572765411,0.8065356572765411,52,8.149999999999991,98.27240384615384,0.1456878064843802,14.568780648438024,0.0120822893953679,1.2082289395367911
40,future_holdout,岩溶水,岩溶水4,DynamicGatedStacking,1.0192678819504026,0.7192139964696024,0.8574339934699894,0.8574339934699894,52,8.149999999999991,98.27240384615384,0.1250635437975955,12.506354379759554,0.0103718627209534,1.0371862720953422
40,selection,岩溶水,岩溶水5,LSTM,0.42736611571178,0.2584925612079546,0.8528140344034997,0.8528140344034997,138,5.220000000000027,430.7046195652174,0.0818709033930608,8.187090339306089,0.0009922487391549,0.0992248739154905
40,selection,岩溶水,岩溶水5,Transformer,0.3904726934464272,0.2134332376538893,0.877129516701199,0.877129516701199,138,5.220000000000027,430.7046195652174,0.0748031979782423,7.480319797824237,0.0009065904466977,0.0906590446697778
40,selection,岩溶水,岩溶水5,TCN,0.4046190891953217,0.2431608528298302,0.8680653204788379,0.8680653204788379,138,5.220000000000027,430.7046195652174,0.0775132354780305,7.751323547803057,0.0009394352203692,0.0939435220369291
40,selection,岩溶水,岩溶水5,DynamicGatedStacking,0.3943237553051416,0.2226858450892355,0.8746939291029788,0.8746939291029788,138,5.220000000000027,430.7046195652174,0.0755409492921723,7.554094929217234,0.000915531752836,0.0915531752836082
40,test,岩溶水,岩溶水5,LSTM,0.3145916136313804,0.2416570302022182,0.7213837251106157,0.7213837251106157,71,2.8600000000000136,430.2881690140846,0.1099970677032793,10.999706770327933,0.000731118437098,0.0731118437098099
40,test,岩溶水,岩溶水5,Transformer,0.2871003806210333,0.2091340234188996,0.7679509814931719,0.7679509814931719,71,2.8600000000000136,430.2881690140846,0.1003847484688923,10.03847484688923,0.000667228153818,0.0667228153818088
40,test,岩溶水,岩溶水5,TCN,0.3155812302909046,0.2460141609938843,0.7196280713090925,0.7196280713090925,71,2.8600000000000136,430.2881690140846,0.1103430875143017,11.03430875143018,0.0007334183298927,0.0733418329892716
40,test,岩溶水,岩溶水5,DynamicGatedStacking,0.2970145598136802,0.2231111624915895,0.7516479908879998,0.7516479908879998,71,2.8600000000000136,430.2881690140846,0.1038512446900974,10.38512446900975,0.0006902689434715,0.0690268943471597
40,future_holdout,岩溶水,岩溶水5,LSTM,0.3227963382999029,0.232532021494042,0.872068135060823,0.872068135060823,52,2.8899999999999864,430.4707692307693,0.1116942347058492,11.16942347058493,0.0007498681940163,0.0749868194016343
40,future_holdout,岩溶水,岩溶水5,Transformer,0.4118597254539482,0.2850870205242782,0.7917331334017272,0.7917331334017272,52,2.8899999999999864,430.4707692307693,0.1425120157280104,14.251201572801046,0.0009567658361331,0.0956765836133129
40,future_holdout,岩溶水,岩溶水5,TCN,0.3480290012934739,0.2612244503942017,0.8512858126411847,0.8512858126411847,52,2.8899999999999864,430.4707692307693,0.1204252599631403,12.042525996314032,0.0008084846316403,0.0808484631640343
40,future_holdout,岩溶水,岩溶水5,DynamicGatedStacking,0.3542649746925071,0.2546037236004438,0.8459087545439508,0.8459087545439508,52,2.8899999999999864,430.4707692307693,0.1225830362257816,12.25830362257816,0.0008229710354678,0.0822971035467894
40,selection,孔隙水,孔隙水1,LSTM,0.0997484912045369,0.0684229613030718,0.9174349068584252,0.9174349068584252,138,1.4399999999999975,107.5847463768116,0.0692697855587062,6.926978555870629,0.0009271620240212,0.0927162024021244
40,selection,孔隙水,孔隙水1,Transformer,0.0939728357282011,0.0567255120175256,0.926719492339379,0.926719492339379,138,1.4399999999999975,107.5847463768116,0.0652589137001397,6.5258913700139765,0.000873477318049,0.0873477318049017
40,selection,孔隙水,孔隙水1,TCN,0.0811135189165599,0.0596728276225331,0.9454028101478064,0.9454028101478064,138,1.4399999999999975,107.5847463768116,0.0563288325809444,5.6328832580944495,0.0007539499942906,0.0753949994290666
40,selection,孔隙水,孔隙水1,DynamicGatedStacking,0.0960398272116922,0.0602954941379306,0.923460337181729,0.923460337181729,138,1.4399999999999975,107.5847463768116,0.0666943244525641,6.6694324452564135,0.0008926899997079,0.0892689999707916
40,test,孔隙水,孔隙水1,LSTM,0.0451189328419647,0.0321831301307026,0.8785499573812117,0.8785499573812117,71,0.4799999999999897,107.2312676056338,0.0939977767540951,9.399777675409512,0.0004207628413747,0.0420762841374769
40,test,孔隙水,孔隙水1,Transformer,0.0484653902590324,0.0352757746812564,0.8598660184201041,0.8598660184201041,71,0.4799999999999897,107.2312676056338,0.1009695630396529,10.096956303965298,0.0004519706923289,0.0451970692328979
40,test,孔隙水,孔隙水1,TCN,0.0473967937395481,0.0339869032097278,0.8659774240198681,0.8659774240198681,71,0.4799999999999897,107.2312676056338,0.0987433202907274,9.874332029072743,0.0004420053478604,0.0442005347860477
40,test,孔隙水,孔隙水1,DynamicGatedStacking,0.0437340044416101,0.0306471661311528,0.8858913617147013,0.8858913617147013,71,0.4799999999999897,107.2312676056338,0.0911125092533564,9.111250925335646,0.0004078475002501,0.0407847500250127
40,future_holdout,孔隙水,孔隙水1,LSTM,0.1850903983498812,0.150427993761333,-1.709360486091681,-1.709360486091681,52,0.4399999999999977,107.07548076923078,0.4206599962497321,42.065999624973216,0.0017285974064294,0.1728597406429472
40,future_holdout,孔隙水,孔隙水1,Transformer,0.2330334153012135,0.2195343208751768,-3.294725519088065,-3.294725519088065,52,0.4399999999999977,107.07548076923078,0.5296213984118516,52.96213984118516,0.0021763471303336,0.217634713033367
40,future_holdout,孔隙水,孔隙水1,TCN,0.1600350546554647,0.1487555876749747,-1.0254860547512863,-1.0254860547512863,52,0.4399999999999977,107.07548076923078,0.3637160333078761,36.371603330787615,0.0014946003838205,0.1494600383820572
40,future_holdout,孔隙水,孔隙水1,DynamicGatedStacking,0.1961110872919678,0.1834126958006238,-2.041608460292083,-2.041608460292083,52,0.4399999999999977,107.07548076923078,0.4457070165726564,44.57070165726565,0.0018315218935568,0.1831521893556814
40,selection,孔隙水,孔隙水2,LSTM,0.0548937274277014,0.0409988898265526,0.9697035401345212,0.9697035401345212,138,1.3100000000000025,139.38065217391303,0.0419036087234361,4.190360872343613,0.0003938403685987,0.0393840368598702
40,selection,孔隙水,孔隙水2,Transformer,0.0577926762067439,0.0422723397771581,0.9664191215424685,0.9664191215424685,138,1.3100000000000025,139.38065217391303,0.0441165467227052,4.411654672270523,0.0004146391576259,0.0414639157625929
40,selection,孔隙水,孔隙水2,TCN,0.0619200160255962,0.0454800769471649,0.9614514043210072,0.9614514043210072,138,1.3100000000000025,139.38065217391303,0.0472671878057985,4.726718780579858,0.0004442511572433,0.0444251157243368
40,selection,孔隙水,孔隙水2,DynamicGatedStacking,0.0529030587544122,0.0357173293693628,0.9718610422810116,0.9718610422810116,138,1.3100000000000025,139.38065217391303,0.0403840143163451,4.038401431634515,0.000379558123235,0.0379558123235082
40,test,孔隙水,孔隙水2,LSTM,0.0402980123278649,0.0322592589694946,0.9516430612189888,0.9516430612189888,71,0.6999999999999886,139.32577464788733,0.0575685890398079,5.756858903980795,0.0002892358749105,0.02892358749105
40,test,孔隙水,孔隙水2,Transformer,0.0400623455680753,0.0296190993750442,0.9522069997158188,0.9522069997158188,71,0.6999999999999886,139.32577464788733,0.0572319222401085,5.7231922240108535,0.0002875443949213,0.0287544394921351
40,test,孔隙水,孔隙水2,TCN,0.0539679776056009,0.0408231822829726,0.9132711002987022,0.9132711002987022,71,0.6999999999999886,139.32577464788733,0.0770971108651454,7.709711086514548,0.0003873509961957,0.038735099619573
40,test,孔隙水,孔隙水2,DynamicGatedStacking,0.0360940725226167,0.026597316270163,0.9612061106586576,0.9612061106586576,71,0.6999999999999886,139.32577464788733,0.0515629607465961,5.156296074659613,0.0002590624212485,0.0259062421248587
40,future_holdout,孔隙水,孔隙水2,LSTM,0.0486525637107055,0.0396528430018556,0.9822297026401898,0.9822297026401898,52,1.0699999999999932,139.17000000000002,0.04546968571094,4.546968571094005,0.0003495908867622,0.0349590886762272
40,future_holdout,孔隙水,孔隙水2,Transformer,0.0786300312789679,0.0657407552230073,0.9535848100677916,0.9535848100677916,52,1.0699999999999932,139.17000000000002,0.0734860105410919,7.348601054109198,0.0005649926800242,0.05649926800242
40,future_holdout,孔隙水,孔隙水2,TCN,0.0576583067799342,0.042298271599258,0.9750421595417798,0.9750421595417798,52,1.0699999999999932,139.17000000000002,0.0538862680186304,5.388626801863048,0.000414301263059,0.0414301263059094
40,future_holdout,孔隙水,孔隙水2,DynamicGatedStacking,0.051897900725574,0.0406327663886898,0.9797799224460024,0.9797799224460024,52,1.0699999999999932,139.17000000000002,0.0485027109584806,4.850271095848069,0.000372910115151,0.0372910115151067
40,selection,孔隙水,孔隙水3,LSTM,0.096064145112778,0.0734602929267504,0.9618007065233484,0.9618007065233484,138,1.7000000000000028,112.84016304347826,0.0565083206545752,5.650832065457525,0.0008513293717571,0.0851329371757144
40,selection,孔隙水,孔隙水3,Transformer,0.0775855501633617,0.0625059271601147,0.9750830790697907,0.9750830790697907,138,1.7000000000000028,112.84016304347826,0.0456385589196244,4.5638558919624455,0.0006875703479218,0.0687570347921841
40,selection,孔隙水,孔隙水3,TCN,0.0928944365184755,0.0707108380422549,0.964279946942566,0.964279946942566,138,1.7000000000000028,112.84016304347826,0.0546437861873384,5.464378618733845,0.0008232391199459,0.0823239119945993
40,selection,孔隙水,孔隙水3,DynamicGatedStacking,0.0802937195072684,0.0627433158845606,0.9733132406758084,0.9733132406758084,138,1.7000000000000028,112.84016304347826,0.0472315997101578,4.723159971015783,0.0007115703960506,0.0711570396050656
40,test,孔隙水,孔隙水3,LSTM,0.0747130169593452,0.056622080373718,0.9766955437091668,0.9766955437091668,71,1.460000000000008,112.86397887323945,0.0511732992872225,5.11732992872225,0.0006619739770406,0.0661973977040606
40,test,孔隙水,孔隙水3,Transformer,0.062392118138605,0.0493573217579864,0.98374803469108,0.98374803469108,71,1.460000000000008,112.86397887323945,0.042734327492195,4.273432749219501,0.0005528080682737,0.0552808068273752
40,test,孔隙水,孔隙水3,TCN,0.0742732829123323,0.0545852132267093,0.9769690597834426,0.9769690597834426,71,1.460000000000008,112.86397887323945,0.050872111583789,5.087211158378903,0.000658077835407,0.0658077835407085
40,test,孔隙水,孔隙水3,DynamicGatedStacking,0.065236775154385,0.049916271848452,0.9822322924945064,0.9822322924945064,71,1.460000000000008,112.86397887323945,0.0446827227084826,4.468272270848265,0.0005780123632505,0.0578012363250583
40,future_holdout,孔隙水,孔隙水3,LSTM,0.2417776908787059,0.1992553359795038,0.8161913566766602,0.8161913566766602,52,1.6600000000000108,112.4626923076923,0.1456492113727134,14.564921137271348,0.0021498479710695,0.2149847971069502
40,future_holdout,孔隙水,孔隙水3,Transformer,0.2217439721754968,0.1738056464870601,0.8453901622403691,0.8453901622403691,52,1.6600000000000108,112.4626923076923,0.1335807061298164,13.358070612981647,0.0019717113971344,0.1971711397134406
40,future_holdout,孔隙水,孔隙水3,TCN,0.2511440099399938,0.202640580904389,0.8016742400866977,0.8016742400866977,52,1.6600000000000108,112.4626923076923,0.1512915722530073,15.129157225300732,0.0022331317594004,0.2233131759400498
40,future_holdout,孔隙水,孔隙水3,DynamicGatedStacking,0.2399740676852218,0.1982825982953546,0.8189234944686827,0.8189234944686827,52,1.6600000000000108,112.4626923076923,0.1445626913766387,14.456269137663872,0.0021338104464782,0.213381044647824
40,selection,孔隙水,孔隙水4,LSTM,0.0911998613802296,0.0583325607710284,0.905155729521039,0.905155729521039,138,1.4699999999999989,35.51927536231884,0.0620407220273671,6.204072202736717,0.0025676160464968,0.2567616046496839
40,selection,孔隙水,孔隙水4,Transformer,0.0809474247701185,0.0470417195911544,0.9252813842277484,0.9252813842277484,138,1.4699999999999989,35.51927536231884,0.0550662753538221,5.506627535382217,0.0022789717398343,0.2278971739834333
40,selection,孔隙水,孔隙水4,TCN,0.0884833761181577,0.0592518141898277,0.9107216585087708,0.9107216585087708,138,1.4699999999999989,35.51927536231884,0.0601927728694951,6.019277286949513,0.0024911368606361,0.2491136860636146
40,selection,孔隙水,孔隙水4,DynamicGatedStacking,0.0819186714983089,0.0505714711334572,0.9234776065850352,0.9234776065850352,138,1.4699999999999989,35.51927536231884,0.0557269874138156,5.572698741381562,0.0023063159555674,0.2306315955567426
40,test,孔隙水,孔隙水4,LSTM,0.0476026016123926,0.0325079618406837,0.9688303189273524,0.9688303189273524,71,0.8699999999999974,35.25626760563381,0.054715634037233,5.471563403723305,0.0013501883450869,0.1350188345086929
40,test,孔隙水,孔隙水4,Transformer,0.0503743231332033,0.0303573995069666,0.9650948564447696,0.9650948564447696,71,0.8699999999999974,35.25626760563381,0.0579015208427625,5.79015208427626,0.0014288047644939,0.142880476449395
40,test,孔隙水,孔隙水4,TCN,0.0541895290003111,0.0351417678227324,0.9596074069934372,0.9596074069934372,71,0.8699999999999974,35.25626760563381,0.0622868149428865,6.228681494288655,0.0015370183142032,0.1537018314203284
40,test,孔隙水,孔隙水4,DynamicGatedStacking,0.0490870102424506,0.0311800557769091,0.9668560592817064,0.9668560592817064,71,0.8699999999999974,35.25626760563381,0.0564218508533917,5.64218508533917,0.0013922917420392,0.1392291742039271
40,future_holdout,孔隙水,孔隙水4,LSTM,0.0563095269970419,0.0460835844000927,0.9692786035067836,0.9692786035067836,52,0.9099999999999966,35.18057692307693,0.0618786010956506,6.18786010956507,0.0016005856618032,0.1600585661803212
40,future_holdout,孔隙水,孔隙水4,Transformer,0.078400149982941,0.0650254850949174,0.9404459937870688,0.9404459937870688,52,0.9099999999999966,35.18057692307693,0.0861540109702651,8.615401097026515,0.0022285066602052,0.2228506660205276
40,future_holdout,孔隙水,孔隙水4,TCN,0.0888508637907724,0.0731312589241169,0.9235107322289636,0.9235107322289636,52,0.9099999999999966,35.18057692307693,0.097638311857992,9.763831185799203,0.0025255658537108,0.252556585371089
40,future_holdout,孔隙水,孔隙水4,DynamicGatedStacking,0.0842281534029127,0.0700071983622478,0.9312628132148356,0.9312628132148356,52,0.9099999999999966,35.18057692307693,0.0925584103328715,9.255841033287153,0.0023941663488657,0.2394166348865721
40,selection,孔隙水,孔隙水5,LSTM,0.0541568055132437,0.0402328782530786,0.9698742774511648,0.9698742774511648,138,1.1700000000000017,40.52177536231885,0.0462878679600372,4.6287867960037286,0.0013364864947058,0.1336486494705857
40,selection,孔隙水,孔隙水5,Transformer,0.0473909213748918,0.0337645807242612,0.9769313755817154,0.9769313755817154,138,1.1700000000000017,40.52177536231885,0.040505061004181,4.050506100418101,0.001169517400241,0.1169517400241071
40,selection,孔隙水,孔隙水5,TCN,0.056005554365089,0.0417693081073545,0.9677823696396328,0.9677823696396328,138,1.1700000000000017,40.52177536231885,0.0478679951838367,4.786799518383674,0.0013821100843762,0.1382110084376228
40,selection,孔隙水,孔隙水5,DynamicGatedStacking,0.0459980707780644,0.0314234108916701,0.9782674529784192,0.9782674529784192,138,1.1700000000000017,40.52177536231885,0.039314590408602,3.9314590408602026,0.0011351445085211,0.1135144508521163
40,test,孔隙水,孔隙水5,LSTM,0.0208494167195761,0.0158642226781533,0.9861851634815209,0.9861851634815209,71,0.5600000000000023,40.15161971830986,0.0372311012849572,3.723110128495724,0.0005192671395537,0.0519267139553735
40,test,孔隙水,孔隙水5,Transformer,0.0191048602980733,0.0155287856081906,0.9884003292251252,0.9884003292251252,71,0.5600000000000023,40.15161971830986,0.0341158219608451,3.411582196084513,0.0004758179229656,0.0475817922965662
40,test,孔隙水,孔隙水5,TCN,0.0434139059963893,0.0323036552788904,0.940101540433948,0.940101540433948,71,0.5600000000000023,40.15161971830986,0.0775248321364091,7.752483213640916,0.0010812491824979,0.1081249182497905
40,test,孔隙水,孔隙水5,DynamicGatedStacking,0.0215846165284196,0.0154005894177586,0.9851936979321532,0.9851936979321532,71,0.5600000000000023,40.15161971830986,0.0385439580864635,3.854395808646358,0.0005375777286159,0.0537577728615932
40,future_holdout,孔隙水,孔隙水5,LSTM,0.0701654373346496,0.0607177086177609,0.918635327036976,0.918635327036976,52,0.75,40.18,0.0935539164461995,9.355391644619958,0.0017462776837891,0.174627768378919
40,future_holdout,孔隙水,孔隙水5,Transformer,0.0572102132693607,0.0479396998170769,0.9459075635262716,0.9459075635262716,52,0.75,40.18,0.0762802843591476,7.628028435914769,0.0014238480156635,0.1423848015663533
40,future_holdout,孔隙水,孔隙水5,TCN,0.0988043369990156,0.0790349427893734,0.8386602324846228,0.8386602324846228,52,0.75,40.18,0.1317391159986874,13.173911599868743,0.0024590427326783,0.2459042732678337
40,future_holdout,孔隙水,孔隙水5,DynamicGatedStacking,0.084199533194442,0.0754815928543914,0.8828320644900771,0.8828320644900771,52,0.75,40.18,0.112266044259256,11.226604425925602,0.0020955583174326,0.2095558317432604
41,selection,裂隙水,裂隙水1,LSTM,0.6189673480926032,0.3917850452896691,0.8422060059122918,0.8422060059122918,138,6.929039999999986,196.3614404347826,0.0893294522895818,8.93294522895819,0.0031521837827329,0.3152183782732947
41,selection,裂隙水,裂隙水1,Transformer,0.5843566939124213,0.3250972576143905,0.8593592944030749,0.8593592944030749,138,6.929039999999986,196.3614404347826,0.0843344379470204,8.433443794702043,0.0029759238505204,0.2975923850520455
41,selection,裂隙水,裂隙水1,TCN,0.6260195342192261,0.415336324439188,0.838589880104509,0.838589880104509,138,6.929039999999986,196.3614404347826,0.0903472247554101,9.034722475541017,0.0031880980951916,0.3188098095191686
41,selection,裂隙水,裂隙水1,DynamicGatedStacking,0.5883373473988966,0.3653779481839652,0.8574366716283064,0.8574366716283064,138,6.929039999999986,196.3614404347826,0.084908926402344,8.490892640234401,0.0029961959236813,0.2996195923681364
41,test,裂隙水,裂隙水1,LSTM,0.4335234875142071,0.343004783277252,0.8013144802023741,0.8013144802023741,71,4.359559999999988,195.74704767605635,0.099442027983147,9.9442027983147,0.0022147127768263,0.2214712776826393
41,test,裂隙水,裂隙水1,Transformer,0.3643020861818283,0.2825859126602449,0.8596978682022998,0.8596978682022998,71,4.359559999999988,195.74704767605635,0.083563957413553,8.356395741355305,0.0018610859806412,0.1861085980641277
41,test,裂隙水,裂隙水1,TCN,0.4508002885755662,0.3479377372402751,0.7851628788279424,0.7851628788279424,71,4.359559999999988,195.74704767605635,0.1034049969665671,10.340499696656714,0.0023029736280957,0.2302973628095785
41,test,裂隙水,裂隙水1,DynamicGatedStacking,0.4320231328948241,0.329522390463014,0.8026873373151432,0.8026873373151432,71,4.359559999999988,195.74704767605635,0.0990978752201656,9.909787522016565,0.0022070480143832,0.2207048014383253
41,future_holdout,裂隙水,裂隙水1,LSTM,0.6014180043259505,0.5078250145237637,0.7905072488910747,0.7905072488910747,52,4.379999999999996,195.6493294230769,0.1373100466497605,13.731004664976057,0.0030739589350977,0.307395893509775
41,future_holdout,裂隙水,裂隙水1,Transformer,0.7298385907371795,0.5772656477012865,0.691489608986153,0.691489608986153,52,4.379999999999996,195.6493294230769,0.1666298152367991,16.662981523679914,0.0037303403640037,0.3730340364003797
41,future_holdout,裂隙水,裂隙水1,TCN,0.8203216712996548,0.6629205826973035,0.6102514398094787,0.6102514398094787,52,4.379999999999996,195.6493294230769,0.1872880528081405,18.728805280814058,0.0041928161661406,0.4192816166140651
41,future_holdout,裂隙水,裂隙水1,DynamicGatedStacking,0.7103863605772984,0.5552790703193804,0.7077157736838385,0.7077157736838385,52,4.379999999999996,195.6493294230769,0.1621886667984701,16.218866679847014,0.0036309164088221,0.3630916408822141
41,selection,裂隙水,裂隙水2,LSTM,0.1781113681124449,0.1386345943621894,0.9728006802275062,0.9728006802275062,138,4.639999999999986,303.8561594202898,0.0383860707138891,3.838607071388911,0.0005861700103504,0.0586170010350468
41,selection,裂隙水,裂隙水2,Transformer,0.1760131247988353,0.1252606868064725,0.973437749380898,0.973437749380898,138,4.639999999999986,303.8561594202898,0.0379338631031973,3.7933863103197383,0.0005792646268373,0.0579264626837385
41,selection,裂隙水,裂隙水2,TCN,0.2136208526326928,0.166267001893188,0.9608743061754336,0.9608743061754336,138,4.639999999999986,303.8561594202898,0.0460389768604942,4.603897686049428,0.0007030328200035,0.0703032820003544
41,selection,裂隙水,裂隙水2,DynamicGatedStacking,0.1699118874166606,0.12761143899481,0.975247316312316,0.975247316312316,138,4.639999999999986,303.8561594202898,0.0366189412535907,3.6618941253590767,0.0005591852662813,0.0559185266281341
41,test,裂隙水,裂隙水2,LSTM,0.1780312189735208,0.1269828308463057,0.8790452544593791,0.8790452544593791,71,1.8199999999999927,303.2730985915493,0.0978193510843525,9.781935108435247,0.0005870326771491,0.0587032677149168
41,test,裂隙水,裂隙水2,Transformer,0.1780600017035503,0.1264122096709833,0.8790061412158651,0.8790061412158651,71,1.8199999999999927,303.2730985915493,0.0978351657711818,9.783516577118183,0.0005871275841163,0.0587127584116397
41,test,裂隙水,裂隙水2,TCN,0.2264373430861538,0.1884155530757673,0.8043289019716393,0.8043289019716393,71,1.8199999999999927,303.2730985915493,0.1244161225748102,12.441612257481024,0.0007466450012802,0.0746645001280253
41,test,裂隙水,裂隙水2,DynamicGatedStacking,0.1764590423768477,0.1238380516771698,0.8811721013027068,0.8811721013027068,71,1.8199999999999927,303.2730985915493,0.0969555177894771,9.695551778947715,0.0005818486479557,0.0581848647955762
41,future_holdout,裂隙水,裂隙水2,LSTM,0.7165173439079874,0.5551819292160113,0.4174132176914328,0.4174132176914328,52,2.730000000000018,302.7888461538462,0.2624605655340595,26.24605655340596,0.0023663927948783,0.2366392794878338
41,future_holdout,裂隙水,裂隙水2,Transformer,0.7371040283631356,0.5886425590186628,0.3834549974991253,0.3834549974991253,52,2.730000000000018,302.7888461538462,0.2700014755908904,27.00014755908904,0.0024343830287216,0.2434383028721656
41,future_holdout,裂隙水,裂隙水2,TCN,0.8494156774200893,0.6775496427709654,0.1812567034009491,0.1812567034009491,52,2.730000000000018,302.7888461538462,0.3111412737802504,31.11412737802504,0.0028053070257036,0.280530702570366
41,future_holdout,裂隙水,裂隙水2,DynamicGatedStacking,0.7310343197391852,0.5755791048106104,0.3935671133955968,0.3935671133955968,52,2.730000000000018,302.7888461538462,0.2677781390986009,26.77781390986009,0.0024143370174466,0.2414337017446635
41,selection,裂隙水,裂隙水3,LSTM,0.1190014813800346,0.0977082128818928,0.9434043738976676,0.9434043738976676,138,1.7800000000000011,185.90217391304347,0.0668547648202441,6.685476482024415,0.0006401295846905,0.0640129584690591
41,selection,裂隙水,裂隙水3,Transformer,0.0752340636995668,0.0559002681648977,0.9773792409228657,0.9773792409228657,138,1.7800000000000011,185.90217391304347,0.0422663279211049,4.226632792110495,0.0004046970625247,0.0404697062524712
41,selection,裂隙水,裂隙水3,TCN,0.0964777340068211,0.0772236534854172,0.9628009094369984,0.9628009094369984,138,1.7800000000000011,185.90217391304347,0.0542009741611354,5.420097416113546,0.0005189704454556,0.0518970445455624
41,selection,裂隙水,裂隙水3,DynamicGatedStacking,0.0802268019971142,0.0647730582818763,0.9742772678928132,0.9742772678928132,138,1.7800000000000011,185.90217391304347,0.0450712370770304,4.5071237077030455,0.0004315538667914,0.043155386679147
41,test,裂隙水,裂隙水3,LSTM,0.1025378168202921,0.0847102237927445,0.8741053503875852,0.8741053503875852,71,1.3499999999999943,186.1540845070422,0.0759539383854019,7.595393838540193,0.0005508222776407,0.055082227764072
41,test,裂隙水,裂隙水3,Transformer,0.068788461851211,0.0514392031730896,0.9433408131317388,0.9433408131317388,71,1.3499999999999943,186.1540845070422,0.0509544161860824,5.095441618608248,0.0003695243219259,0.0369524321925951
41,test,裂隙水,裂隙水3,TCN,0.0859646694015342,0.068887563438475,0.9115130684824888,0.9115130684824888,71,1.3499999999999943,186.1540845070422,0.0636775328900256,6.367753289002566,0.0004617930873189,0.046179308731892
41,test,裂隙水,裂隙水3,DynamicGatedStacking,0.0681911142120688,0.052335591232757,0.9443205785576524,0.9443205785576524,71,1.3499999999999943,186.1540845070422,0.0505119364533845,5.0511936453384525,0.0003663154337582,0.0366315433758259
41,future_holdout,裂隙水,裂隙水3,LSTM,0.297173224981326,0.253966525749551,0.8194548332127425,0.8194548332127425,52,2.0,185.6351923076923,0.148586612490663,14.8586612490663,0.001600845299251,0.1600845299251007
41,future_holdout,裂隙水,裂隙水3,Transformer,0.354300378848159,0.3039341850051701,0.7433686281261394,0.7433686281261394,52,2.0,185.6351923076923,0.1771501894240795,17.715018942407955,0.0019085841129784,0.190858411297844
41,future_holdout,裂隙水,裂隙水3,TCN,0.3109372251861224,0.2687657897503382,0.802343113843967,0.802343113843967,52,2.0,185.6351923076923,0.1554686125930612,15.54686125930612,0.0016749907241227,0.1674990724122722
41,future_holdout,裂隙水,裂隙水3,DynamicGatedStacking,0.2556436525358473,0.2193033325098952,0.866390745727471,0.866390745727471,52,2.0,185.6351923076923,0.1278218262679236,12.782182626792366,0.0013771292466576,0.1377129246657687
41,selection,裂隙水,裂隙水4,LSTM,0.1382870613950532,0.0798928005628562,0.923476622618935,0.923476622618935,138,2.049999999999997,52.14630434782609,0.0674571031195382,6.745710311953829,0.002651905309965,0.2651905309965044
41,selection,裂隙水,裂隙水4,Transformer,0.1221321089712154,0.0833162064713504,0.9403114887764736,0.9403114887764736,138,2.049999999999997,52.14630434782609,0.0595766385225442,5.95766385225442,0.0023421047857307,0.2342104785730745
41,selection,裂隙水,裂隙水4,TCN,0.1147561297622656,0.0739646443589814,0.9473033728083904,0.9473033728083904,138,2.049999999999997,52.14630434782609,0.055978599884032,5.597859988403207,0.00220065700144,0.2200657001440019
41,selection,裂隙水,裂隙水4,DynamicGatedStacking,0.1245862873050547,0.0737016617209498,0.9378885709531516,0.9378885709531516,138,2.049999999999997,52.14630434782609,0.0607737986853926,6.077379868539266,0.0023891681081374,0.2389168108137439
41,test,裂隙水,裂隙水4,LSTM,0.0559363002579286,0.041584832070247,0.9414884020583072,0.9414884020583072,71,0.9299999999999996,52.00295774647888,0.0601465594171275,6.014655941712756,0.001075636899936,0.1075636899936063
41,test,裂隙水,裂隙水4,Transformer,0.0605007558857447,0.0430633150737442,0.9315495851685612,0.9315495851685612,71,0.9299999999999996,52.00295774647888,0.0650545762212309,6.505457622123092,0.0011634099002732,0.1163409900273244
41,test,裂隙水,裂隙水4,TCN,0.0650518968868834,0.0501604211379975,0.9208639420080992,0.9208639420080992,71,0.9299999999999996,52.00295774647888,0.0699482762224553,6.994827622245535,0.0012509268646606,0.1250926864660657
41,test,裂隙水,裂隙水4,DynamicGatedStacking,0.0551743295517817,0.0406350873036113,0.9430716479423304,0.9430716479423304,71,0.9299999999999996,52.00295774647888,0.0593272360771846,5.932723607718464,0.001060984450553,0.1060984450553056
41,future_holdout,裂隙水,裂隙水4,LSTM,0.1636660153123992,0.1271932222399567,0.8389969996129645,0.8389969996129645,52,1.1199999999999974,52.21,0.1461303708146425,14.613037081464253,0.0031347637485615,0.3134763748561564
41,future_holdout,裂隙水,裂隙水4,Transformer,0.2206175721379195,0.1678584860341912,0.7074519866063806,0.7074519866063806,52,1.1199999999999974,52.21,0.1969799751231428,19.697997512314284,0.004225580772609,0.4225580772609069
41,future_holdout,裂隙水,裂隙水4,TCN,0.1245656227012869,0.0867970537851567,0.906736145980317,0.906736145980317,52,1.1199999999999974,52.21,0.1112193059832921,11.121930598329218,0.0023858575503023,0.2385857550302374
41,future_holdout,裂隙水,裂隙水4,DynamicGatedStacking,0.1474292261956149,0.1069039868237577,0.8693576079819263,0.8693576079819263,52,1.1199999999999974,52.21,0.1316332376746564,13.163323767465648,0.0028237737252559,0.2823773725255984
41,selection,裂隙水,裂隙水5,LSTM,0.1954099476364767,0.1133234469930287,0.9158592008229466,0.9158592008229466,138,2.9699999999999704,323.411268115942,0.0657945951637975,6.579459516379753,0.0006042150255767,0.060421502557673
41,selection,裂隙水,裂隙水5,Transformer,0.1838401747177562,0.1017619507182766,0.9255278067720552,0.9255278067720552,138,2.9699999999999704,323.411268115942,0.0618990487265178,6.189904872651786,0.0005684408455794,0.0568440845579474
41,selection,裂隙水,裂隙水5,TCN,0.1625517380248821,0.1037740476531482,0.9417767383628496,0.9417767383628496,138,2.9699999999999704,323.411268115942,0.0547312249242033,5.47312249242033,0.000502616185799,0.0502616185799091
41,selection,裂隙水,裂隙水5,DynamicGatedStacking,0.1819758516752325,0.1030880849570969,0.9270305929478504,0.9270305929478504,138,2.9699999999999704,323.411268115942,0.0612713305303819,6.127133053038193,0.0005626762874879,0.0562676287487901
41,test,裂隙水,裂隙水5,LSTM,0.1024840381440988,0.0774513797534917,0.8254246670871137,0.8254246670871137,71,1.0400000000000205,322.4869718309859,0.0985423443693239,9.85423443693239,0.0003177928012478,0.0317792801247829
41,test,裂隙水,裂隙水5,Transformer,0.0684433302572347,0.0519559560138274,0.9221367215428252,0.9221367215428252,71,1.0400000000000205,322.4869718309859,0.065810894478109,6.581089447810903,0.0002122359544282,0.0212235954428278
41,test,裂隙水,裂隙水5,TCN,0.087011029882405,0.0672521799691282,0.8741599047811053,0.8741599047811053,71,1.0400000000000205,322.4869718309859,0.0836644518100032,8.366445181000321,0.0002698125427777,0.0269812542777719
41,test,裂隙水,裂隙水5,DynamicGatedStacking,0.0741770177871766,0.054922106353427,0.9085446411870304,0.9085446411870304,71,1.0400000000000205,322.4869718309859,0.0713240555645915,7.132405556459156,0.0002300155487399,0.0230015548739911
41,future_holdout,裂隙水,裂隙水5,LSTM,0.109906163459609,0.084492896425727,0.8156532812223409,0.8156532812223409,52,0.8000000000000114,322.6370192307692,0.1373827043245094,13.73827043245094,0.000340649574936,0.0340649574936091
41,future_holdout,裂隙水,裂隙水5,Transformer,0.1045727052584705,0.0913915985724079,0.8331108885995211,0.8331108885995211,52,0.8000000000000114,322.6370192307692,0.1307158815730862,13.071588157308623,0.0003241187434343,0.0324118743434317
41,future_holdout,裂隙水,裂隙水5,TCN,0.2006475203464619,0.1731320921715936,0.385589102698477,0.385589102698477,52,0.8000000000000114,322.6370192307692,0.2508094004330738,25.080940043307383,0.0006218986303085,0.0621898630308591
41,future_holdout,裂隙水,裂隙水5,DynamicGatedStacking,0.1017943797652567,0.0831517025554317,0.8418610259361604,0.8418610259361604,52,0.8000000000000114,322.6370192307692,0.1272429747065691,12.724297470656913,0.0003155074393135,0.031550743931355
41,selection,岩溶水,岩溶水1,LSTM,1.148202215056685,0.7706280159267094,0.8769687500816089,0.8769687500816089,138,16.039999999999964,461.56492753623183,0.0715836792429356,7.1583679242935645,0.0024876288178688,0.2487628817868866
41,selection,岩溶水,岩溶水1,Transformer,1.097985033976315,0.7260924787590614,0.8874950796489114,0.8874950796489114,138,16.039999999999964,461.56492753623183,0.0684529322927878,6.845293229278789,0.0023788311643113,0.2378831164311386
41,selection,岩溶水,岩溶水1,TCN,1.050867787177881,0.7474150033071203,0.8969436315230647,0.8969436315230647,138,16.039999999999964,461.56492753623183,0.0655154480784216,6.551544807842167,0.0022767496499079,0.22767496499079
41,selection,岩溶水,岩溶水1,DynamicGatedStacking,1.0251296953848943,0.7023596960008313,0.9019299710101932,0.9019299710101932,138,16.039999999999964,461.56492753623183,0.0639108288893327,6.391082888933272,0.0022209869819548,0.2220986981954828
41,test,岩溶水,岩溶水1,LSTM,0.7381707598501585,0.554578596482248,0.8239927054297559,0.8239927054297559,71,9.25,460.3830985915493,0.0798022443081252,7.980224430812524,0.0016033837082821,0.1603383708282179
41,test,岩溶水,岩溶水1,Transformer,0.7535448407246559,0.5264348805916971,0.8165848553549977,0.8165848553549977,71,9.25,460.3830985915493,0.0814643071053682,8.14643071053682,0.0016367778118483,0.1636777811848386
41,test,岩溶水,岩溶水1,TCN,0.6679908139678445,0.546261855018733,0.8558688102297822,0.8558688102297822,71,9.25,460.3830985915493,0.0722152231316588,7.221522313165887,0.0014509455625357,0.1450945562535701
41,test,岩溶水,岩溶水1,DynamicGatedStacking,0.6678516293607496,0.500228883844145,0.8559288672025118,0.8559288672025118,71,9.25,460.3830985915493,0.072200176147108,7.220017614710807,0.0014506432390848,0.1450643239084817
41,future_holdout,岩溶水,岩溶水1,LSTM,1.1704079819219022,0.9085530832649612,0.8373254821292831,0.8373254821292831,52,9.120000000000005,460.9194230769231,0.1283342085440681,12.833420854406816,0.0025392897832525,0.2539289783252575
41,future_holdout,岩溶水,岩溶水1,Transformer,1.201483439250457,0.8749113203738994,0.828572474409834,0.828572474409834,52,9.120000000000005,460.9194230769231,0.131741605180971,13.174160518097109,0.0026067103686579,0.2606710368657952
41,future_holdout,岩溶水,岩溶水1,TCN,1.4149360006846547,1.015796600892193,0.7622510696602804,0.7622510696602804,52,9.120000000000005,460.9194230769231,0.1551464913031419,15.51464913031419,0.0030698120535669,0.3069812053566931
41,future_holdout,岩溶水,岩溶水1,DynamicGatedStacking,1.2754089253957366,0.9463733230165686,0.8068281308141396,0.8068281308141396,52,9.120000000000005,460.9194230769231,0.1398474698898833,13.984746988988334,0.0027670973743774,0.2767097374377479
41,selection,岩溶水,岩溶水2,LSTM,1.2468438038924785,0.9788176671377384,0.9411499041715848,0.9411499041715848,138,21.97999999999996,503.30923045155646,0.0567262877112138,5.672628771121387,0.0024772917491972,0.247729174919729
41,selection,岩溶水,岩溶水2,Transformer,0.8341010563867944,0.586544125127843,0.9736633571727744,0.9736633571727744,138,21.97999999999996,503.30923045155646,0.0379481827291535,3.794818272915359,0.0016572337758209,0.1657233775820999
41,selection,岩溶水,岩溶水2,TCN,1.199210990044432,0.9495038582365009,0.9455604820061668,0.9455604820061668,138,21.97999999999996,503.30923045155646,0.0545591897199469,5.455918971994695,0.0023826524877529,0.2382652487752966
41,selection,岩溶水,岩溶水2,DynamicGatedStacking,0.9444798331153,0.6969648158311726,0.966231758135532,0.966231758135532,138,21.97999999999996,503.30923045155646,0.0429699651098863,4.296996510988634,0.0018765398605305,0.1876539860530545
41,test,岩溶水,岩溶水2,LSTM,0.7236561490533183,0.5820628873868747,0.962841369201995,0.962841369201995,71,12.189999999999998,499.7949295774648,0.0593647374120851,5.936473741208519,0.0014479061435559,0.1447906143555937
41,test,岩溶水,岩溶水2,Transformer,0.6477118352978769,0.4734708449266396,0.97023136953351,0.97023136953351,71,12.189999999999998,499.7949295774648,0.0531346870629923,5.313468706299237,0.0012959551947545,0.1295955194754504
41,test,岩溶水,岩溶水2,TCN,0.7801321988613764,0.581053377483782,0.9568151320660662,0.9568151320660662,71,12.189999999999998,499.7949295774648,0.0639977193487593,6.399771934875936,0.0015609045884497,0.1560904588449733
41,test,岩溶水,岩溶水2,DynamicGatedStacking,0.622024323129743,0.457355602262774,0.9725457285050504,0.9725457285050504,71,12.189999999999998,499.7949295774648,0.0510274260155654,5.102742601556547,0.0012445590907767,0.1244559090776717
41,future_holdout,岩溶水,岩溶水2,LSTM,0.9399561333224437,0.7404626861165735,0.9746442563167396,0.9746442563167396,52,15.870000000000005,500.9328846153846,0.0592284898123782,5.922848981237828,0.0018764113161469,0.1876411316146952
41,future_holdout,岩溶水,岩溶水2,Transformer,0.8323179234961109,0.6835144353062044,0.9801189336426968,0.9801189336426968,52,15.870000000000005,500.9328846153846,0.0524459939190996,5.24459939190996,0.0016615358046121,0.1661535804612155
41,future_holdout,岩溶水,岩溶水2,TCN,1.7846219254316853,1.5428026775399606,0.9085984355117264,0.9085984355117264,52,15.870000000000005,500.9328846153846,0.1124525472861805,11.24525472861805,0.0035625968672468,0.3562596867246826
41,future_holdout,岩溶水,岩溶水2,DynamicGatedStacking,0.8427441723939327,0.7016283142224335,0.9796177231197806,0.9796177231197806,52,15.870000000000005,500.9328846153846,0.0531029724255786,5.31029724255786,0.0016823494689133,0.1682349468913366
41,selection,岩溶水,岩溶水3,LSTM,1.29483074549728,0.4705337454505244,0.6849356855037387,0.6849356855037387,138,15.136300000000006,387.0044152898551,0.0855447332239239,8.554473322392392,0.0033457777078008,0.33457777078008
41,selection,岩溶水,岩溶水3,Transformer,1.3166849199160728,0.473164033522072,0.6742106126742977,0.6742106126742977,138,15.136300000000006,387.0044152898551,0.086988558625032,8.698855862503203,0.0034022477984648,0.3402247798464816
41,selection,岩溶水,岩溶水3,TCN,1.3122797095770715,0.4971303297480353,0.6763869419425739,0.6763869419425739,138,15.136300000000006,387.0044152898551,0.0866975224841653,8.66975224841653,0.0033908649558796,0.3390864955879669
41,selection,岩溶水,岩溶水3,DynamicGatedStacking,1.293947024423315,0.4768143223083567,0.6853656010916298,0.6853656010916298,138,15.136300000000006,387.0044152898551,0.0854863490036082,8.54863490036082,0.0033434942168661,0.3343494216866199
41,test,岩溶水,岩溶水3,LSTM,0.4501107907027435,0.2186041205455577,0.9212136336166786,0.9212136336166786,71,5.751170000000002,383.8266273239437,0.0782642124476834,7.826421244768341,0.0011726929781837,0.1172692978183759
41,test,岩溶水,岩溶水3,Transformer,0.4835446172091152,0.2841885667739275,0.9090745773705392,0.9090745773705392,71,5.751170000000002,383.8266273239437,0.0840776080708995,8.40776080708995,0.0012597995625796,0.125979956257962
41,test,岩溶水,岩溶水3,TCN,0.5142697110072286,0.3449682775597044,0.8971524110692026,0.8971524110692026,71,5.751170000000002,383.8266273239437,0.0894200155806954,8.942001558069549,0.001339848969293,0.1339848969293089
41,test,岩溶水,岩溶水3,DynamicGatedStacking,0.4775817091198883,0.2861240460573486,0.9113032732527996,0.9113032732527996,71,5.751170000000002,383.8266273239437,0.083040791546744,8.304079154674408,0.0012442641419893,0.1244264141989338
41,future_holdout,岩溶水,岩溶水3,LSTM,1.5395002109707263,1.5031695141877672,-2.1455910436034764,-2.1455910436034764,52,2.822899999999948,382.45746365384616,0.5453612281592529,54.53612281592529,0.0040252847892232,0.4025284789223237
41,future_holdout,岩溶水,岩溶水3,Transformer,0.9574670629708574,0.8365887990441114,-0.2167194211519236,-0.2167194211519236,52,2.822899999999948,382.45746365384616,0.3391785266820912,33.91785266820912,0.002503460264113,0.250346026411303
41,future_holdout,岩溶水,岩溶水3,TCN,1.6605923891089007,1.5966493989757566,-2.6598968065448947,-2.6598968065448947,52,2.822899999999948,382.45746365384616,0.5882576035668751,58.8257603566875,0.0043419008567495,0.4341900856749566
41,future_holdout,岩溶水,岩溶水3,DynamicGatedStacking,1.2597338228347452,1.1789985048358285,-1.1062035189138233,-1.1062035189138233,52,2.822899999999948,382.45746365384616,0.4462552066437949,44.62552066437949,0.0032937880484793,0.3293788048479301
41,selection,岩溶水,岩溶水4,LSTM,0.8778707073652886,0.6163087339410963,0.8895066891917445,0.8895066891917445,138,8.199999999999989,98.09728260869564,0.1070574033372304,10.705740333723046,0.0089489808893796,0.8948980889379614
41,selection,岩溶水,岩溶水4,Transformer,0.7200098578481686,0.5451248387943131,0.9256721182165152,0.9256721182165152,138,8.199999999999989,98.09728260869564,0.0878060802253865,8.780608022538654,0.0073397533417948,0.7339753341794859
41,selection,岩溶水,岩溶水4,TCN,0.9062348139298052,0.7107609276719757,0.8822512364630508,0.8822512364630508,138,8.199999999999989,98.09728260869564,0.1105164407231471,11.051644072314714,0.0092381235221848,0.923812352218484
41,selection,岩溶水,岩溶水4,DynamicGatedStacking,0.7694962587562605,0.5817851428890036,0.9151038693558974,0.9151038693558974,138,8.199999999999989,98.09728260869564,0.0938410071653977,9.384100716539775,0.007844215846689,0.7844215846689009
41,test,岩溶水,岩溶水4,LSTM,0.5766948361350173,0.4715773817414678,0.8490778634845507,0.8490778634845507,71,6.590000000000003,96.7878732394366,0.0875105972890769,8.751059728907693,0.0059583377217967,0.5958337721796749
41,test,岩溶水,岩溶水4,Transformer,0.4464703438090412,0.3448749165635779,0.9095421934062382,0.9095421934062382,71,6.590000000000003,96.7878732394366,0.0677496728086557,6.774967280865569,0.004612874824768,0.4612874824768079
41,test,岩溶水,岩溶水4,TCN,0.7256453934720077,0.5907795511664778,0.7610485311092956,0.7610485311092956,71,6.590000000000003,96.7878732394366,0.1101131097833091,11.011310978330917,0.0074972759415519,0.7497275941551949
41,test,岩溶水,岩溶水4,DynamicGatedStacking,0.5507211793570777,0.4478955514736282,0.8623664294488245,0.8623664294488245,71,6.590000000000003,96.7878732394366,0.08356922296769,8.356922296769003,0.0056899812024455,0.5689981202445558
41,future_holdout,岩溶水,岩溶水4,LSTM,0.9101638547857692,0.6019906745601872,0.886321463294697,0.886321463294697,52,8.149999999999991,98.27240384615384,0.111676546599481,11.1676546599481,0.0092616423244376,0.9261642324437664
41,future_holdout,岩溶水,岩溶水4,Transformer,1.002569326059219,0.7011340588221604,0.8620670159228074,0.8620670159228074,52,8.149999999999991,98.27240384615384,0.1230146412342601,12.301464123426014,0.0102019416114899,1.020194161148992
41,future_holdout,岩溶水,岩溶水4,TCN,1.112001471092848,0.7942657809595024,0.8303124304307,0.8303124304307,52,8.149999999999991,98.27240384615384,0.1364418982936011,13.644189829360112,0.011315500868725,1.1315500868725
41,future_holdout,岩溶水,岩溶水4,DynamicGatedStacking,1.0313366529884962,0.7668513857415137,0.8540378637731646,0.8540378637731646,52,8.149999999999991,98.27240384615384,0.1265443745998156,12.654437459981564,0.0104946720811171,1.049467208111711
41,selection,岩溶水,岩溶水5,LSTM,0.4337821345237291,0.2544046416899856,0.8483614743846069,0.8483614743846069,138,5.220000000000027,430.7046195652174,0.0831000257708289,8.31000257708289,0.0010071453028797,0.1007145302879775
41,selection,岩溶水,岩溶水5,Transformer,0.3920476825246715,0.2060529862961733,0.8761363104790453,0.8761363104790453,138,5.220000000000027,430.7046195652174,0.075104920023883,7.510492002388304,0.0009102472198241,0.0910247219824182
41,selection,岩溶水,岩溶水5,TCN,0.4343976466801418,0.2786171764710198,0.8479308362036323,0.8479308362036323,138,5.220000000000027,430.7046195652174,0.0832179399770382,8.321793997703821,0.0010085743847341,0.1008574384734141
41,selection,岩溶水,岩溶水5,DynamicGatedStacking,0.3998930671276016,0.2224905533311051,0.8711293615764102,0.8711293615764102,138,5.220000000000027,430.7046195652174,0.0766078672658236,7.660786726582367,0.0009284624519033,0.0928462451903304
41,test,岩溶水,岩溶水5,LSTM,0.3176903891337728,0.2490817432535454,0.715867866395034,0.715867866395034,71,2.8600000000000136,430.2881690140846,0.1110805556411787,11.108055564117878,0.0007383200655079,0.0738320065507945
41,test,岩溶水,岩溶水5,Transformer,0.2837866490197748,0.2103754538377015,0.7732767183570126,0.7732767183570126,71,2.8600000000000136,430.2881690140846,0.0992261010558648,9.922610105586484,0.0006595269622913,0.0659526962291369
41,test,岩溶水,岩溶水5,TCN,0.3450926711040653,0.2510813383893744,0.6647385095018594,0.6647385095018594,71,2.8600000000000136,430.2881690140846,0.1206617731133089,12.066177311330897,0.0008020036244425,0.0802003624442598
41,test,岩溶水,岩溶水5,DynamicGatedStacking,0.2994236656144262,0.2259371141049679,0.7476028510263613,0.7476028510263613,71,2.8600000000000136,430.2881690140846,0.104693589375673,10.4693589375673,0.0006958677629935,0.069586776299356
41,future_holdout,岩溶水,岩溶水5,LSTM,0.3293118330753643,0.2202092067917975,0.8668515225945876,0.8668515225945876,52,2.8899999999999864,430.4707692307693,0.1139487311679466,11.394873116794669,0.0007650039366524,0.076500393665249
41,future_holdout,岩溶水,岩溶水5,Transformer,0.4304809897002253,0.3206418534814617,0.7724748094476421,0.7724748094476421,52,2.8899999999999864,430.4707692307693,0.1489553597578641,14.895535975786414,0.0010000237425399,0.1000023742539997
41,future_holdout,岩溶水,岩溶水5,TCN,0.3878759384378216,0.3111365011369735,0.8152828537477204,0.8152828537477204,52,2.8899999999999864,430.4707692307693,0.1342131274871361,13.421312748713612,0.0009010505849931,0.0901050584993116
41,future_holdout,岩溶水,岩溶水5,DynamicGatedStacking,0.3577690993381467,0.2661907385610964,0.8428453676151042,0.8428453676151042,52,2.8899999999999864,430.4707692307693,0.1237955361031655,12.379553610316554,0.0008311112505442,0.0831111250544289
41,selection,孔隙水,孔隙水1,LSTM,0.0897117065373745,0.0612553456828997,0.9332145216682898,0.9332145216682898,138,1.4399999999999975,107.5847463768116,0.0622997962065102,6.2299796206510205,0.0008338701308377,0.0833870130837717
41,selection,孔隙水,孔隙水1,Transformer,0.107055104834819,0.0666599369269671,0.9048960474293096,0.9048960474293096,138,1.4399999999999975,107.5847463768116,0.0743438228019578,7.43438228019578,0.0009950769829382,0.0995076982938292
41,selection,孔隙水,孔隙水1,TCN,0.092306624170847,0.0627462082164446,0.929295095309446,0.929295095309446,138,1.4399999999999975,107.5847463768116,0.0641018223408661,6.41018223408661,0.000857989884993,0.085798988499305
41,selection,孔隙水,孔隙水1,DynamicGatedStacking,0.0988891203276643,0.0631998546591155,0.9188514373291096,0.9188514373291096,138,1.4399999999999975,107.5847463768116,0.0686730002275448,6.86730002275448,0.0009191741734586,0.091917417345865
41,test,孔隙水,孔隙水1,LSTM,0.043014532954422,0.0301221311958156,0.8896148996427985,0.8896148996427985,71,0.4799999999999897,107.2312676056338,0.0896136103217144,8.96136103217144,0.0004011379695017,0.0401137969501743
41,test,孔隙水,孔隙水1,Transformer,0.0473204033340984,0.0309948111362262,0.8664090898639267,0.8664090898639267,71,0.4799999999999897,107.2312676056338,0.0985841736127072,9.858417361270725,0.0004412929585811,0.0441292958581162
41,test,孔隙水,孔隙水1,TCN,0.0475961639260374,0.0348386017816872,0.8648475457445881,0.8648475457445881,71,0.4799999999999897,107.2312676056338,0.0991586748459135,9.915867484591354,0.0004438646020774,0.0443864602077471
41,test,孔隙水,孔隙水1,DynamicGatedStacking,0.0430689555675631,0.0296511784823118,0.8893354012707728,0.8893354012707728,71,0.4799999999999897,107.2312676056338,0.0897269907657585,8.972699076575854,0.000401645495099,0.0401645495099046
41,future_holdout,孔隙水,孔隙水1,LSTM,0.1701361517310078,0.1418989418894438,-1.28924473062499,-1.28924473062499,52,0.4399999999999977,107.07548076923078,0.3866730721159288,38.667307211592885,0.0015889366128337,0.1588936612833758
41,future_holdout,孔隙水,孔隙水1,Transformer,0.203729459738898,0.1678019629772157,-2.2825146984644302,-2.2825146984644302,52,0.4399999999999977,107.07548076923078,0.4630214994065887,46.30214994065888,0.0019026714451833,0.1902671445183384
41,future_holdout,孔隙水,孔隙水1,TCN,0.0932431969872634,0.0787597246964193,0.3124040284951186,0.3124040284951186,52,0.4399999999999977,107.07548076923078,0.2119163567892361,21.19163567892361,0.0008708174487511,0.0870817448751141
41,future_holdout,孔隙水,孔隙水1,DynamicGatedStacking,0.1835271760698947,0.1644465837265716,-1.6637887277492394,-1.6637887277492394,52,0.4399999999999977,107.07548076923078,0.4171072183406719,41.71072183406719,0.0017139981511307,0.1713998151130721
41,selection,孔隙水,孔隙水2,LSTM,0.0536055694990732,0.0417023181359072,0.9711087541609776,0.9711087541609776,138,1.3100000000000025,139.38065217391303,0.0409202820603612,4.092028206036121,0.0003845983546711,0.038459835467111
41,selection,孔隙水,孔隙水2,Transformer,0.0564149179981128,0.0427466427861152,0.9680011505110412,0.9680011505110412,138,1.3100000000000025,139.38065217391303,0.0430648228993227,4.3064822899322746,0.0004047542978039,0.0404754297803979
41,selection,孔隙水,孔隙水2,TCN,0.061332053849951,0.0452141438475866,0.9621800058041649,0.9621800058041649,138,1.3100000000000025,139.38065217391303,0.0468183617175198,4.681836171751981,0.0004400327656196,0.0440032765619604
41,selection,孔隙水,孔隙水2,DynamicGatedStacking,0.0506191034759793,0.0373334936875293,0.9742382513118544,0.9742382513118544,138,1.3100000000000025,139.38065217391303,0.0386405370045643,3.8640537004564304,0.0003631716646928,0.036317166469288
41,test,孔隙水,孔隙水2,LSTM,0.0413828439824086,0.0350311922580793,0.9490044574370438,0.9490044574370438,71,0.6999999999999886,139.32577464788733,0.059118348546299,5.911834854629902,0.0002970221704275,0.0297022170427502
41,test,孔隙水,孔隙水2,Transformer,0.0398988631808793,0.0327212725161252,0.952596261591276,0.952596261591276,71,0.6999999999999886,139.32577464788733,0.0569983759726856,5.699837597268568,0.0002863710126982,0.0286371012698218
41,test,孔隙水,孔隙水2,TCN,0.0475149323640333,0.0385637425759711,0.932771754053498,0.932771754053498,71,0.6999999999999886,139.32577464788733,0.067878474805763,6.787847480576302,0.0003410347617597,0.0341034761759738
41,test,孔隙水,孔隙水2,DynamicGatedStacking,0.0364394721724287,0.030510011378294,0.960460087440271,0.960460087440271,71,0.6999999999999886,139.32577464788733,0.0520563888177562,5.2056388817756245,0.0002615415005911,0.026154150059112
41,future_holdout,孔隙水,孔隙水2,LSTM,0.0488068863170903,0.0431680708414281,0.9821167915135264,0.9821167915135264,52,1.0699999999999932,139.17000000000002,0.0456139124458791,4.561391244587916,0.0003506997651583,0.035069976515837
41,future_holdout,孔隙水,孔隙水2,Transformer,0.1346074102034486,0.1231390743477126,0.8639742364439507,0.8639742364439507,52,1.0699999999999932,139.17000000000002,0.125801317947149,12.580131794714909,0.00096721570887,0.0967215708870077
41,future_holdout,孔隙水,孔隙水2,TCN,0.1459770153495531,0.0985235982350884,0.840024972058599,0.840024972058599,52,1.0699999999999932,139.17000000000002,0.1364271171491159,13.64271171491159,0.0010489115136132,0.1048911513613229
41,future_holdout,孔隙水,孔隙水2,DynamicGatedStacking,0.0858853674760364,0.0630943429489155,0.9446239987847316,0.9446239987847316,52,1.0699999999999932,139.17000000000002,0.0802666985757354,8.026669857573546,0.0006171255836461,0.0617125583646162
41,selection,孔隙水,孔隙水3,LSTM,0.0938501069979934,0.0704407853280344,0.9635412117687148,0.9635412117687148,138,1.7000000000000028,112.84016304347826,0.0552059452929372,5.520594529293724,0.0008317083604516,0.0831708360451696
41,selection,孔隙水,孔隙水3,Transformer,0.0736413663940302,0.0584908040753954,0.9775520667601002,0.9775520667601002,138,1.7000000000000028,112.84016304347826,0.0433184508200177,4.331845082001773,0.0006526166252139,0.0652616625213982
41,selection,孔隙水,孔隙水3,TCN,0.0873628639866004,0.0671544478887271,0.9684073241365754,0.9684073241365754,138,1.7000000000000028,112.84016304347826,0.0513899199921178,5.138991999211783,0.0007742178106649,0.0774217810664974
41,selection,孔隙水,孔隙水3,DynamicGatedStacking,0.0767660027197168,0.0594347625302486,0.9756067009538184,0.9756067009538184,138,1.7000000000000028,112.84016304347826,0.0451564721880686,4.515647218806868,0.0006803074423965,0.0680307442396536
41,test,孔隙水,孔隙水3,LSTM,0.0827416091319507,0.0622780813884204,0.9714178856359302,0.9714178856359302,71,1.460000000000008,112.86397887323945,0.0566723350218837,5.667233502188373,0.0007331090925376,0.0733109092537664
41,test,孔隙水,孔隙水3,Transformer,0.0613705848045865,0.0495235014273845,0.9842758582319188,0.9842758582319188,71,1.460000000000008,112.86397887323945,0.0420346471264289,4.203464712642892,0.0005437570553268,0.0543757055326868
41,test,孔隙水,孔隙水3,TCN,0.0763135610637041,0.0611480975906479,0.9756863664501038,0.9756863664501038,71,1.460000000000008,112.86397887323945,0.0522695623723997,5.226956237239978,0.0006761551544218,0.0676155154421889
41,test,孔隙水,孔隙水3,DynamicGatedStacking,0.064660875310718,0.0486654537432274,0.9825446088180848,0.9825446088180848,71,1.460000000000008,112.86397887323945,0.0442882707607655,4.428827076076556,0.0005729097623196,0.0572909762319654
41,future_holdout,孔隙水,孔隙水3,LSTM,0.2377150506023085,0.2014992210478265,0.822316607615694,0.822316607615694,52,1.6600000000000108,112.4626923076923,0.1432018377122331,14.320183771223313,0.0021137236333621,0.2113723633362182
41,future_holdout,孔隙水,孔隙水3,Transformer,0.2657099806641197,0.226944572188861,0.7780019221487101,0.7780019221487101,52,1.6600000000000108,112.4626923076923,0.1600662534121193,16.00662534121193,0.0023626500060762,0.2362650006076242
41,future_holdout,孔隙水,孔隙水3,TCN,0.2834012060485721,0.2375795271316163,0.7474561093804081,0.7474561093804081,52,1.6600000000000108,112.4626923076923,0.1707236181015483,17.072361810154835,0.0025199575097597,0.2519957509759775
41,future_holdout,孔隙水,孔隙水3,DynamicGatedStacking,0.2367943866623376,0.2012017558680456,0.8236902682928507,0.8236902682928507,52,1.6600000000000108,112.4626923076923,0.1426472208809253,14.264722088092531,0.0021055372390915,0.210553723909152
41,selection,孔隙水,孔隙水4,LSTM,0.0889115200364505,0.058532720089554,0.909855587215361,0.909855587215361,138,1.4699999999999989,35.51927536231884,0.0604840272356807,6.048402723568072,0.0025031907078479,0.2503190707847991
41,selection,孔隙水,孔隙水4,Transformer,0.0854913435554069,0.052350306070456,0.9166574030945166,0.9166574030945166,138,1.4699999999999989,35.51927536231884,0.058157376568304,5.815737656830409,0.0024068999911552,0.2406899991155274
41,selection,孔隙水,孔隙水4,TCN,0.0860347429489157,0.0547632266765253,0.9155945528610262,0.9155945528610262,138,1.4699999999999989,35.51927536231884,0.0585270360196706,5.852703601967065,0.0024221987096106,0.2422198709610698
41,selection,孔隙水,孔隙水4,DynamicGatedStacking,0.0805842911562665,0.0492470366519574,0.9259502623668874,0.9259502623668874,138,1.4699999999999989,35.51927536231884,0.0548192456845351,5.481924568453509,0.0022687481750192,0.2268748175019234
41,test,孔隙水,孔隙水4,LSTM,0.0482403588576752,0.033468203184895,0.9679895307383092,0.9679895307383092,71,0.8699999999999974,35.25626760563381,0.0554486883421556,5.544868834215568,0.0013682775328709,0.1368277532870969
41,test,孔隙水,孔隙水4,Transformer,0.0485767919479066,0.0279917433715404,0.9675414853787756,0.9675414853787756,71,0.8699999999999974,35.25626760563381,0.055835393043571,5.583539304357106,0.0013778200373128,0.1377820037312863
41,test,孔隙水,孔隙水4,TCN,0.0549828891390406,0.0400933808356494,0.9584160160698008,0.9584160160698008,71,0.8699999999999974,35.25626760563381,0.0631987231483228,6.319872314832281,0.0015595209837315,0.1559520983731546
41,test,孔隙水,孔隙水4,DynamicGatedStacking,0.0473175440349036,0.0291931803235969,0.9692025065849756,0.9692025065849756,71,0.8699999999999974,35.25626760563381,0.0543879816493146,5.438798164931464,0.0013421030429024,0.1342103042902432
41,future_holdout,孔隙水,孔隙水4,LSTM,0.0726259629926143,0.0622328378853582,0.9488952812051192,0.9488952812051192,52,0.9099999999999966,35.18057692307693,0.0798087505413347,7.980875054133472,0.0020643766914741,0.2064376691474177
41,future_holdout,孔隙水,孔隙水4,Transformer,0.0588969779049338,0.0531510925077372,0.9663904098167811,0.9663904098167811,52,0.9099999999999966,35.18057692307693,0.0647219537416857,6.472195374168574,0.0016741333729038,0.167413337290384
41,future_holdout,孔隙水,孔隙水4,TCN,0.0454390232511641,0.0389155029898094,0.9799951559811968,0.9799951559811968,52,0.9099999999999966,35.18057692307693,0.049932992583697,4.993299258369706,0.0012915940335633,0.1291594033563393
41,future_holdout,孔隙水,孔隙水4,DynamicGatedStacking,0.0698243086132195,0.0626997406423942,0.9527621108094568,0.9527621108094568,52,0.9099999999999966,35.18057692307693,0.0767300094650767,7.673000946507676,0.0019847402947908,0.1984740294790841
41,selection,孔隙水,孔隙水5,LSTM,0.0607454675133761,0.0470484925386582,0.96209825971574,0.96209825971574,138,1.1700000000000017,40.52177536231885,0.0519192030028854,5.191920300288548,0.0014990820853783,0.1499082085378303
41,selection,孔隙水,孔隙水5,Transformer,0.0441704206798035,0.0334355387140409,0.9799601500842056,0.9799601500842056,138,1.1700000000000017,40.52177536231885,0.0377524963075243,3.7752496307524384,0.0010900415957805,0.1090041595780564
41,selection,孔隙水,孔隙水5,TCN,0.0645142657289892,0.0505742234536272,0.9572493314227174,0.9572493314227174,138,1.1700000000000017,40.52177536231885,0.0551403980589651,5.51403980589651,0.0015920888251352,0.1592088825135263
41,selection,孔隙水,孔隙水5,DynamicGatedStacking,0.0474638284802046,0.0351425566643295,0.9768603425530658,0.9768603425530658,138,1.1700000000000017,40.52177536231885,0.0405673747694056,4.056737476940566,0.0011713166083128,0.1171316608312804
41,test,孔隙水,孔隙水5,LSTM,0.028029010383157,0.0204850900951629,0.9750325919340648,0.9750325919340648,71,0.5600000000000023,40.15161971830986,0.0500518042556373,5.005180425563735,0.0006980791953051,0.0698079195305172
41,test,孔隙水,孔隙水5,Transformer,0.0228046406334852,0.0179131706948923,0.9834726054034488,0.9834726054034488,71,0.5600000000000023,40.15161971830986,0.0407225725597948,4.072257255979483,0.0005679631554959,0.0567963155495963
41,test,孔隙水,孔隙水5,TCN,0.044981317987748,0.0352800877504443,0.9356983253892532,0.9356983253892532,71,0.5600000000000023,40.15161971830986,0.0803237821209782,8.032378212097827,0.0011202865115609,0.1120286511560969
41,test,孔隙水,孔隙水5,DynamicGatedStacking,0.0250492605741228,0.0180066140646733,0.9800589624391124,0.9800589624391124,71,0.5600000000000023,40.15161971830986,0.0447308224537906,4.473082245379068,0.0006238667518237,0.0623866751823712
41,future_holdout,孔隙水,孔隙水5,LSTM,0.1134746785971656,0.1088013764714975,0.7871923024720431,0.7871923024720431,52,0.75,40.18,0.1512995714628875,15.129957146288758,0.0028241582527915,0.282415825279158
41,future_holdout,孔隙水,孔隙水5,Transformer,0.0809933723129601,0.0624401453332362,0.8915852496031842,0.8915852496031842,52,0.75,40.18,0.1079911630839468,10.799116308394687,0.002015763372647,0.2015763372647092
41,future_holdout,孔隙水,孔隙水5,TCN,0.0761332937222896,0.0657388863796987,0.9042059250329804,0.9042059250329804,52,0.75,40.18,0.1015110582963862,10.15110582963862,0.0018948057173292,0.1894805717329259
41,future_holdout,孔隙水,孔隙水5,DynamicGatedStacking,0.0621564784846272,0.0531826406244291,0.9361498072350252,0.9361498072350252,52,0.75,40.18,0.0828753046461697,8.287530464616971,0.0015469506840375,0.1546950684037513
42,selection,裂隙水,裂隙水1,LSTM,0.6023562945387494,0.3892709938947584,0.8505617077177906,0.8505617077177906,138,6.929039999999986,196.3614404347826,0.0869321427699581,8.693214276995812,0.0030675895084341,0.3067589508434115
42,selection,裂隙水,裂隙水1,Transformer,0.5704043836822114,0.3502929475575822,0.8659950938407927,0.8659950938407927,138,6.929039999999986,196.3614404347826,0.0823208386273152,8.232083862731525,0.0029048696241951,0.2904869624195181
42,selection,裂隙水,裂隙水1,TCN,0.5966865082000038,0.3819261425961707,0.8533616970047003,0.8533616970047003,138,6.929039999999986,196.3614404347826,0.0861138784304903,8.611387843049037,0.0030387152736241,0.3038715273624105
42,selection,裂隙水,裂隙水1,DynamicGatedStacking,0.5725527149849344,0.356454229772237,0.8649837794767689,0.8649837794767689,138,6.929039999999986,196.3614404347826,0.0826308860946012,8.26308860946012,0.0029158103226233,0.2915810322623376
42,test,裂隙水,裂隙水1,LSTM,0.4648549125106909,0.363165480490253,0.7715580792097203,0.7715580792097203,71,4.359559999999988,195.74704767605635,0.1066288599103332,10.662885991033322,0.0023747735561252,0.2374773556125269
42,test,裂隙水,裂隙水1,Transformer,0.4115473128638658,0.3350319405031744,0.8209474567195251,0.8209474567195251,71,4.359559999999988,195.74704767605635,0.0944011122369842,9.440111223698423,0.0021024445464175,0.2102444546417575
42,test,裂隙水,裂隙水1,TCN,0.423458233676948,0.3307477941315115,0.8104332708291017,0.8104332708291017,71,4.359559999999988,195.74704767605635,0.0971332505291702,9.71332505291702,0.0021632930800454,0.2163293080045494
42,test,裂隙水,裂隙水1,DynamicGatedStacking,0.4177817039896156,0.3310001159566283,0.8154815544863068,0.8154815544863068,71,4.359559999999988,195.74704767605635,0.0958311627755133,9.583116277551332,0.0021342937681543,0.213429376815433
42,future_holdout,裂隙水,裂隙水1,LSTM,0.677397172954494,0.5588829157811847,0.7342318646807453,0.7342318646807453,52,4.379999999999996,195.6493294230769,0.154656888802396,15.465688880239606,0.0034623025540234,0.3462302554023447
42,future_holdout,裂隙水,裂隙水1,Transformer,0.9918191264976608,0.8325083284700997,0.4302542321998783,0.4302542321998783,52,4.379999999999996,195.6493294230769,0.2264427229446717,22.644272294467168,0.0050693714587333,0.5069371458733328
42,future_holdout,裂隙水,裂隙水1,TCN,0.6542503222382791,0.539624058943357,0.7520842945993731,0.7520842945993731,52,4.379999999999996,195.6493294230769,0.1493722196891049,14.937221968910496,0.0033439947081214,0.3343994708121448
42,future_holdout,裂隙水,裂隙水1,DynamicGatedStacking,0.8038271668345376,0.6697352333817063,0.6257674925899912,0.6257674925899912,52,4.379999999999996,195.6493294230769,0.1835221842087987,18.352218420879872,0.0041085096954067,0.4108509695406734
42,selection,裂隙水,裂隙水2,LSTM,0.1799320766178183,0.1407872645199809,0.9722417586043826,0.9722417586043826,138,4.639999999999986,303.8561594202898,0.038778464788323,3.877846478832302,0.0005921620182427,0.0592162018242778
42,selection,裂隙水,裂隙水2,Transformer,0.1596393359076348,0.1097944928150852,0.9781498416491048,0.9781498416491048,138,4.639999999999986,303.8561594202898,0.0344050292904386,3.440502929043865,0.0005253779821748,0.0525377982174861
42,selection,裂隙水,裂隙水2,TCN,0.1721409823693404,0.1311973869902683,0.9745935890890672,0.9745935890890672,138,4.639999999999986,303.8561594202898,0.0370993496485648,3.709934964856485,0.0005665212865776,0.0566521286577697
42,selection,裂隙水,裂隙水2,DynamicGatedStacking,0.1536189646016106,0.1117480058310184,0.9797668066822638,0.9797668066822638,138,4.639999999999986,303.8561594202898,0.0331075354744851,3.3107535474485155,0.0005055647543715,0.050556475437158
42,test,裂隙水,裂隙水2,LSTM,0.1893408031271062,0.1330465695713441,0.8631896319911693,0.8631896319911693,71,1.8199999999999927,303.2730985915493,0.1040334083115972,10.40334083115972,0.0006243244257615,0.0624324425761587
42,test,裂隙水,裂隙水2,Transformer,0.1758529432844856,0.1157551450209897,0.8819869962650964,0.8819869962650964,71,1.8199999999999927,303.2730985915493,0.0966224963101573,9.662249631015731,0.0005798501222204,0.0579850122220453
42,test,裂隙水,裂隙水2,TCN,0.198576410652201,0.1525500006904602,0.8495175359028742,0.8495175359028742,71,1.8199999999999927,303.2730985915493,0.1091079179407702,10.910791794077024,0.0006547775307945,0.0654777530794597
42,test,裂隙水,裂隙水2,DynamicGatedStacking,0.1707773529596859,0.1149997339772065,0.8887010321856228,0.8887010321856228,71,1.8199999999999927,303.2730985915493,0.0938337104174102,9.383371041741022,0.0005631140834871,0.0563114083487142
42,future_holdout,裂隙水,裂隙水2,LSTM,0.836029791255956,0.7019703532480293,0.2068584176353539,0.2068584176353539,52,2.730000000000018,302.7888461538462,0.3062380187750734,30.62380187750734,0.0027610983755695,0.2761098375569526
42,future_holdout,裂隙水,裂隙水2,Transformer,0.7693967116160596,0.6197331160869481,0.3282497076282324,0.3282497076282324,52,2.730000000000018,302.7888461538462,0.281830297295258,28.183029729525806,0.0025410338636619,0.2541033863661976
42,future_holdout,裂隙水,裂隙水2,TCN,0.655747339408589,0.4984131597274013,0.512044422078741,0.512044422078741,52,2.730000000000018,302.7888461538462,0.2402004906258551,24.02004906258552,0.0021656918599815,0.2165691859981544
42,future_holdout,裂隙水,裂隙水2,DynamicGatedStacking,0.6863994577849218,0.5287383779191762,0.4653604580273123,0.4653604580273123,52,2.730000000000018,302.7888461538462,0.251428372814988,25.142837281498803,0.0022669245135805,0.2266924513580543
42,selection,裂隙水,裂隙水3,LSTM,0.1256160345918565,0.1041734733620867,0.9369379197917236,0.9369379197917236,138,1.7800000000000011,185.90217391304347,0.0705708059504811,7.057080595048114,0.0006757104123516,0.067571041235168
42,selection,裂隙水,裂隙水3,Transformer,0.0806281826066839,0.0646378701072571,0.9740192385804676,0.9740192385804676,138,1.7800000000000011,185.90217391304347,0.0452967318015077,4.529673180150779,0.0004337129626273,0.0433712962627312
42,selection,裂隙水,裂隙水3,TCN,0.1050325769537964,0.0783620364602949,0.9559114135124792,0.9559114135124792,138,1.7800000000000011,185.90217391304347,0.0590070657043799,5.900706570437999,0.0005649884277465,0.0564988427746551
42,selection,裂隙水,裂隙水3,DynamicGatedStacking,0.0857641236292025,0.0685885987285081,0.9706039185712084,0.9706039185712084,138,1.7800000000000011,185.90217391304347,0.0481820919265182,4.818209192651823,0.0004613400791607,0.0461340079160768
42,test,裂隙水,裂隙水3,LSTM,0.1085405321797286,0.0852212941866377,0.8589337784968442,0.8589337784968442,71,1.3499999999999943,186.1540845070422,0.0804003942072067,8.040039420720671,0.0005830682279529,0.058306822795297
42,test,裂隙水,裂隙水3,Transformer,0.069538913402793,0.0527055592411165,0.9420978165430404,0.9420978165430404,71,1.3499999999999943,186.1540845070422,0.0515103062242913,5.151030622429135,0.0003735556680743,0.0373555668074327
42,test,裂隙水,裂隙水3,TCN,0.0899070302218631,0.0702716914987788,0.9032109013633608,0.9032109013633608,71,1.3499999999999943,186.1540845070422,0.0665978001643433,6.659780016434334,0.0004829710315513,0.0482971031551348
42,test,裂隙水,裂隙水3,DynamicGatedStacking,0.0691079332544227,0.0519438638730839,0.9428133112139998,0.9428133112139998,71,1.3499999999999943,186.1540845070422,0.0511910616699429,5.119106166994296,0.0003712404884234,0.0371240488423493
42,future_holdout,裂隙水,裂隙水3,LSTM,0.3076260797256557,0.2674681516364528,0.8065303641678884,0.8065303641678884,52,2.0,185.6351923076923,0.1538130398628278,15.381303986282784,0.0016571538828465,0.1657153882846536
42,future_holdout,裂隙水,裂隙水3,Transformer,0.3255609214853927,0.2651168154720824,0.783313901396022,0.783313901396022,52,2.0,185.6351923076923,0.1627804607426963,16.278046074269632,0.0017537672541409,0.1753767254140971
42,future_holdout,裂隙水,裂隙水3,TCN,0.2799788329991126,0.2521247262148968,0.8397430363149324,0.8397430363149324,52,2.0,185.6351923076923,0.1399894164995563,13.99894164995563,0.0015082206639732,0.1508220663973266
42,future_holdout,裂隙水,裂隙水3,DynamicGatedStacking,0.285508452832826,0.2325610947056545,0.8333503317944819,0.8333503317944819,52,2.0,185.6351923076923,0.142754226416413,14.2754226416413,0.0015380082261535,0.1538008226153544
42,selection,裂隙水,裂隙水4,LSTM,0.1240559807427141,0.0748222377842111,0.9384162052210624,0.9384162052210624,138,2.049999999999997,52.14630434782609,0.0605151125574216,6.051511255742163,0.0023789985176175,0.2378998517617594
42,selection,裂隙水,裂隙水4,Transformer,0.1178313279812727,0.0734499818455061,0.9444412356648092,0.9444412356648092,138,2.049999999999997,52.14630434782609,0.0574786965762307,5.7478696576230695,0.0022596295069218,0.2259629506921807
42,selection,裂隙水,裂隙水4,TCN,0.1206398375606279,0.0780213454720672,0.941761186152352,0.941761186152352,138,2.049999999999997,52.14630434782609,0.0588487012490869,5.88487012490869,0.002313487773859,0.2313487773859036
42,selection,裂隙水,裂隙水4,DynamicGatedStacking,0.113953038312073,0.0698875492443167,0.9480383597280182,0.9480383597280182,138,2.049999999999997,52.14630434782609,0.0555868479571088,5.55868479571089,0.0021852562657553,0.2185256265755362
42,test,裂隙水,裂隙水4,LSTM,0.0607149093343356,0.0445091667261852,0.9310641420996648,0.9310641420996648,71,0.9299999999999996,52.00295774647888,0.0652848487465975,6.528484874659752,0.0011675280015865,0.1167528001586538
42,test,裂隙水,裂隙水4,Transformer,0.0561228218883627,0.0390055566971847,0.9410975333513516,0.9410975333513516,71,0.9299999999999996,52.00295774647888,0.0603471203100674,6.0347120310067455,0.001079223650354,0.1079223650354056
42,test,裂隙水,裂隙水4,TCN,0.0659305269142646,0.0489947784803345,0.9187117870046924,0.9187117870046924,71,0.9299999999999996,52.00295774647888,0.0708930396927577,7.08930396927577,0.0012678226349294,0.1267822634929429
42,test,裂隙水,裂隙水4,DynamicGatedStacking,0.0570703928111215,0.0403333220959107,0.9390917380822872,0.9390917380822872,71,0.9299999999999996,52.00295774647888,0.0613660137753995,6.13660137753995,0.0010974451316662,0.1097445131666299
42,future_holdout,裂隙水,裂隙水4,LSTM,0.1642657718851928,0.1283928459241137,0.8378148417275836,0.8378148417275836,52,1.1199999999999974,52.21,0.1466658677546368,14.666586775463683,0.0031462511374294,0.3146251137429474
42,future_holdout,裂隙水,裂隙水4,Transformer,0.155354866048947,0.1120943063462386,0.854933653620861,0.854933653620861,52,1.1199999999999974,52.21,0.1387097018294173,13.870970182941733,0.0029755768253006,0.2975576825300652
42,future_holdout,裂隙水,裂隙水4,TCN,0.1971481229965012,0.1316938465526271,0.7663841823457174,0.7663841823457174,52,1.1199999999999974,52.21,0.1760251098183051,17.60251098183051,0.0037760605821969,0.3776060582196921
42,future_holdout,裂隙水,裂隙水4,DynamicGatedStacking,0.1308186321742112,0.093555383768776,0.8971377169886446,0.8971377169886446,52,1.1199999999999974,52.21,0.116802350155546,11.680235015554604,0.0025056240600308,0.2505624060030861
42,selection,裂隙水,裂隙水5,LSTM,0.1794384790158959,0.1071885649565642,0.9290512979706896,0.9290512979706896,138,2.9699999999999704,323.411268115942,0.060416996301649,6.041699630164906,0.0005548306342609,0.0554830634260918
42,selection,裂隙水,裂隙水5,Transformer,0.1812229255413956,0.102308084734241,0.9276331664713788,0.9276331664713788,138,2.9699999999999704,323.411268115942,0.0610178200476085,6.101782004760858,0.0005603482111094,0.0560348211109415
42,selection,裂隙水,裂隙水5,TCN,0.1721096679538905,0.1120990795321043,0.9347284645136652,0.9347284645136652,138,2.9699999999999704,323.411268115942,0.0579493831494586,5.794938314945866,0.0005321696703906,0.0532169670390673
42,selection,裂隙水,裂隙水5,DynamicGatedStacking,0.1861711997183888,0.1098368327014591,0.9236272742652318,0.9236272742652318,138,2.9699999999999704,323.411268115942,0.0626839056290877,6.268390562908778,0.0005756484639602,0.0575648463960281
42,test,裂隙水,裂隙水5,LSTM,0.0881785497614899,0.0679335978283046,0.8707601861557532,0.8707601861557532,71,1.0400000000000205,322.4869718309859,0.084787067078354,8.4787067078354,0.0002734329057103,0.0273432905710386
42,test,裂隙水,裂隙水5,Transformer,0.0709278029610735,0.0562584249830538,0.9163812954555536,0.9163812954555536,71,1.0400000000000205,322.4869718309859,0.0681998105394924,6.819981053949248,0.0002199400569839,0.0219940056983903
42,test,裂隙水,裂隙水5,TCN,0.0921723083811641,0.0773239169236155,0.8587880831164852,0.8587880831164852,71,1.0400000000000205,322.4869718309859,0.0886272195972714,8.862721959727143,0.0002858171536599,0.0285817153659997
42,test,裂隙水,裂隙水5,DynamicGatedStacking,0.0749450126529343,0.0594043232602666,0.9066410637648789,0.9066410637648789,71,1.0400000000000205,322.4869718309859,0.0720625121662816,7.206251216628161,0.000232397024374,0.0232397024374096
42,future_holdout,裂隙水,裂隙水5,LSTM,0.1218824743435266,0.1112635020056153,0.7732883485993045,0.7732883485993045,52,0.8000000000000114,322.6370192307692,0.1523530929294061,15.235309292940617,0.0003777696515859,0.0377769651585917
42,future_holdout,裂隙水,裂隙水5,Transformer,0.1472121366614291,0.1331166594797307,0.6692662248104975,0.6692662248104975,52,0.8000000000000114,322.6370192307692,0.1840151708267837,18.40151708267837,0.0004562778847027,0.0456277884702791
42,future_holdout,裂隙水,裂隙水5,TCN,0.2176137285730049,0.2028909901858727,0.277290279232517,0.277290279232517,52,0.8000000000000114,322.6370192307692,0.2720171607162523,27.20171607162523,0.000674484685892,0.0674484685892026
42,future_holdout,裂隙水,裂隙水5,DynamicGatedStacking,0.0960208645842699,0.0817827273653342,0.8592907850401472,0.8592907850401472,52,0.8000000000000114,322.6370192307692,0.1200260807303357,12.002608073033578,0.0002976126695355,0.0297612669535575
42,selection,岩溶水,岩溶水1,LSTM,1.208772283133408,0.8468993928960608,0.8636460693378083,0.8636460693378083,138,16.039999999999964,461.56492753623183,0.0753598680257737,7.535986802577374,0.0026188564403835,0.2618856440383508
42,selection,岩溶水,岩溶水1,Transformer,1.0723535562149864,0.7340698698351928,0.8926864237185893,0.8926864237185893,138,16.039999999999964,461.56492753623183,0.0668549598637773,6.685495986377736,0.0023232994801816,0.2323299480181602
42,selection,岩溶水,岩溶水1,TCN,1.1732939992276747,0.8277102902209311,0.8715327657217928,0.8715327657217928,138,16.039999999999964,461.56492753623183,0.0731480049393813,7.314800493938138,0.0025419912329356,0.2541991232935638
42,selection,岩溶水,岩溶水1,DynamicGatedStacking,1.084709901445722,0.7608483574388314,0.890199103896574,0.890199103896574,138,16.039999999999964,461.56492753623183,0.0676253055764167,6.762530557641673,0.0023500700264115,0.2350070026411559
42,test,岩溶水,岩溶水1,LSTM,0.7553230625908954,0.574635235683694,0.8157181845682466,0.8157181845682466,71,9.25,460.3830985915493,0.0816565473071238,8.165654730712383,0.0016406402947928,0.1640640294792872
42,test,岩溶水,岩溶水1,Transformer,0.64548346119899,0.4725689926205839,0.8654179220843272,0.8654179220843272,71,9.25,460.3830985915493,0.0697819958052962,6.978199580529622,0.0014020572500895,0.1402057250089585
42,test,岩溶水,岩溶水1,TCN,0.798753523295727,0.6075396376679811,0.7939168115921893,0.7939168115921893,71,9.25,460.3830985915493,0.0863517322481867,8.63517322481867,0.0017349757750433,0.1734975775043339
42,test,岩溶水,岩溶水1,DynamicGatedStacking,0.6862717934215739,0.5200924389482328,0.8478719530632233,0.8478719530632233,71,9.25,460.3830985915493,0.0741915452347647,7.419154523476474,0.0014906537523229,0.1490653752322981
42,future_holdout,岩溶水,岩溶水1,LSTM,1.0753015232684888,0.8656489858712286,0.8626889461059576,0.8626889461059576,52,9.120000000000005,460.9194230769231,0.1179058687794395,11.790586877943952,0.0023329490349748,0.2332949034974885
42,future_holdout,岩溶水,岩溶水1,Transformer,1.4680180534553011,1.0770960099191051,0.7440779113898688,0.7440779113898688,52,9.120000000000005,460.9194230769231,0.1609668918262391,16.096689182623912,0.0031849776337377,0.3184977633737736
42,future_holdout,岩溶水,岩溶水1,TCN,1.1144353032114591,0.7930407063150944,0.8525126742788453,0.8525126742788453,52,9.120000000000005,460.9194230769231,0.122196853422309,12.219685342230909,0.0024178527686507,0.2417852768650781
42,future_holdout,岩溶水,岩溶水1,DynamicGatedStacking,1.1463262644871874,0.8721197491983966,0.843950829495405,0.843950829495405,52,9.120000000000005,460.9194230769231,0.1256936693516652,12.569366935166522,0.0024870426523463,0.2487042652346365
42,selection,岩溶水,岩溶水2,LSTM,1.340937379524239,0.9972908107788486,0.9319324583297316,0.9319324583297316,138,21.97999999999996,503.30923045155646,0.0610071601239418,6.100716012394183,0.0026642415803127,0.266424158031273
42,selection,岩溶水,岩溶水2,Transformer,1.0727629492071389,0.8046480055691294,0.956435713789844,0.956435713789844,138,21.97999999999996,503.30923045155646,0.048806321619979,4.88063216199791,0.0021314191838776,0.2131419183877638
42,selection,岩溶水,岩溶水2,TCN,1.262217032536146,0.9961060917926468,0.9396897478615824,0.9396897478615824,138,21.97999999999996,503.30923045155646,0.0574257066667947,5.742570666679473,0.0025078360502224,0.2507836050222477
42,selection,岩溶水,岩溶水2,DynamicGatedStacking,1.1002859530847229,0.8528284302001293,0.9541716513360912,0.9541716513360912,138,21.97999999999996,503.30923045155646,0.0500585055998509,5.005850559985099,0.0021861032671655,0.2186103267165542
42,test,岩溶水,岩溶水2,LSTM,1.0740569722576012,0.8111230726355217,0.9181441303594016,0.9181441303594016,71,12.189999999999998,499.7949295774648,0.088109677789795,8.810967778979503,0.002148995335278,0.2148995335278065
42,test,岩溶水,岩溶水2,Transformer,0.6628573520848535,0.513030121200691,0.9688229266516925,0.9688229266516925,71,12.189999999999998,499.7949295774648,0.0543771412702915,5.437714127029152,0.001326258657016,0.1326258657016077
42,test,岩溶水,岩溶水2,TCN,0.8638070052325457,0.6643676832472752,0.9470545513330656,0.9470545513330656,71,12.189999999999998,499.7949295774648,0.0708619364423745,7.086193644237455,0.001728322866266,0.1728322866266016
42,test,岩溶水,岩溶水2,DynamicGatedStacking,0.6500580855410555,0.4579964344409354,0.9700153130893888,0.9700153130893888,71,12.189999999999998,499.7949295774648,0.0533271604217436,5.332716042174369,0.0013006496206166,0.1300649620616651
42,future_holdout,岩溶水,岩溶水2,LSTM,1.196597413180365,0.9827547194580696,0.9589079980443268,0.9589079980443268,52,15.870000000000005,500.9328846153846,0.0753999630233374,7.539996302333741,0.0023887379925139,0.2388737992513928
42,future_holdout,岩溶水,岩溶水2,Transformer,1.2288011946860269,1.0053857242891924,0.9566664338737396,0.9566664338737396,52,15.870000000000005,500.9328846153846,0.0774291868107136,7.742918681071369,0.0024530256096672,0.2453025609667247
42,future_holdout,岩溶水,岩溶水2,TCN,1.6305044001359066,1.1447315672368592,0.9237034094579238,0.9237034094579238,52,15.870000000000005,500.9328846153846,0.1027412980551925,10.274129805519255,0.0032549358411313,0.3254935841131303
42,future_holdout,岩溶水,岩溶水2,DynamicGatedStacking,1.0094559983915083,0.7056222413033267,0.9707560544295692,0.9707560544295692,52,15.870000000000005,500.9328846153846,0.0636078133832078,6.360781338320781,0.0020151521878356,0.2015152187835636
42,selection,岩溶水,岩溶水3,LSTM,1.3052562787102564,0.4661000067265865,0.6798416804689965,0.6798416804689965,138,15.136300000000006,387.0044152898551,0.0862335100857049,8.623351008570495,0.00337271676276,0.3372716762760077
42,selection,岩溶水,岩溶水3,Transformer,1.3329261867017974,0.4799565982213514,0.6661238397998643,0.6661238397998643,138,15.136300000000006,387.0044152898551,0.0880615597406101,8.806155974061012,0.0034442144173044,0.344421441730445
42,selection,岩溶水,岩溶水3,TCN,1.3057915512505176,0.4743612689833031,0.6795790391797121,0.6795790391797121,138,15.136300000000006,387.0044152898551,0.0862688735853885,8.626887358538857,0.003374099880159,0.3374099880159035
42,selection,岩溶水,岩溶水3,DynamicGatedStacking,1.2778848816888535,0.4425578555713197,0.6931284167023299,0.6931284167023299,138,15.136300000000006,387.0044152898551,0.0844251819591877,8.442518195918773,0.0033019904455915,0.330199044559157
42,test,岩溶水,岩溶水3,LSTM,0.4575458329175457,0.2200558537788471,0.9185893108859536,0.9185893108859536,71,5.751170000000002,383.8266273239437,0.0795570002134427,7.955700021344277,0.001192063813049,0.1192063813049073
42,test,岩溶水,岩溶水3,Transformer,0.5385680779948407,0.3545442200560241,0.8872040675375901,0.8872040675375901,71,5.751170000000002,383.8266273239437,0.0936449588509539,9.36449588509539,0.0014031545485777,0.140315454857773
42,test,岩溶水,岩溶水3,TCN,0.5614097792863377,0.4041512736382204,0.8774333915222843,0.8774333915222843,71,5.751170000000002,383.8266273239437,0.0976166204939755,9.76166204939756,0.001462665014151,0.146266501415108
42,test,岩溶水,岩溶水3,DynamicGatedStacking,0.5419873770984011,0.3760413083789372,0.8857672673542374,0.8857672673542374,71,5.751170000000002,383.8266273239437,0.0942394985887047,9.423949858870472,0.0014120629954132,0.1412062995413218
42,future_holdout,岩溶水,岩溶水3,LSTM,1.13304312028456,1.1026888677295426,-0.703866759379941,-0.703866759379941,52,2.822899999999948,382.45746365384616,0.401375578406809,40.1375578406809,0.0029625336879555,0.2962533687955564
42,future_holdout,岩溶水,岩溶水3,Transformer,1.4453549487622706,1.2446278630439014,-1.772629129334922,-1.772629129334922,52,2.822899999999948,382.45746365384616,0.512010680067412,51.2010680067412,0.0037791260103906,0.3779126010390607
42,future_holdout,岩溶水,岩溶水3,TCN,2.026087189664614,1.8549819423636975,-4.448274937783723,-4.448274937783723,52,2.822899999999948,382.45746365384616,0.7177325408851366,71.77325408851367,0.0052975490929322,0.5297549092932283
42,future_holdout,岩溶水,岩溶水3,DynamicGatedStacking,1.825682929007313,1.6829696939764145,-3.423779416233322,-3.423779416233322,52,2.822899999999948,382.45746365384616,0.6467402065278073,64.67402065278073,0.0047735581143206,0.4773558114320652
42,selection,岩溶水,岩溶水4,LSTM,0.9065305135399964,0.6514248219261292,0.8821743823333035,0.8821743823333035,138,8.199999999999989,98.09728260869564,0.1105525016512192,11.055250165121922,0.0092411378728613,0.9241137872861308
42,selection,岩溶水,岩溶水4,Transformer,0.733952556670531,0.5577322826202451,0.922765587630219,0.922765587630219,138,8.199999999999989,98.09728260869564,0.0895064093500648,8.950640935006488,0.0074818846878585,0.7481884687858532
42,selection,岩溶水,岩溶水4,TCN,0.8214275025862374,0.5989014924520252,0.9032583811586912,0.9032583811586912,138,8.199999999999989,98.09728260869564,0.1001740856812486,10.01740856812486,0.0083736009881421,0.8373600988142188
42,selection,岩溶水,岩溶水4,DynamicGatedStacking,0.7518740126230046,0.5628238154001755,0.918947760317822,0.918947760317822,138,8.199999999999989,98.09728260869564,0.0916919527589031,9.169195275890312,0.0076645753340812,0.7664575334081233
42,test,岩溶水,岩溶水4,LSTM,0.6661274464310318,0.5179318832435298,0.7986389459944105,0.7986389459944105,71,6.590000000000003,96.7878732394366,0.1010815548453765,10.108155484537654,0.0068823440802666,0.6882344080266614
42,test,岩溶水,岩溶水4,Transformer,0.5627319071009252,0.4390916368287373,0.8562976400686133,0.8562976400686133,71,6.590000000000003,96.7878732394366,0.0853917916693361,8.53917916693361,0.0058140745143642,0.5814074514364242
42,test,岩溶水,岩溶水4,TCN,0.610351897747328,0.4945647119229627,0.8309475699922348,0.8309475699922348,71,6.590000000000003,96.7878732394366,0.0926178904017189,9.261789040171893,0.006306078202973,0.6306078202973032
42,test,岩溶水,岩溶水4,DynamicGatedStacking,0.555429212957305,0.435469904530456,0.8600031528713906,0.8600031528713906,71,6.590000000000003,96.7878732394366,0.0842836438478459,8.428364384784592,0.0057386240069896,0.5738624006989681
42,future_holdout,岩溶水,岩溶水4,LSTM,1.336102193297813,0.9026759550820423,0.7550267524364609,0.7550267524364609,52,8.149999999999991,98.27240384615384,0.1639389194230447,16.39389194230447,0.0135959042519148,1.3595904251914817
42,future_holdout,岩溶水,岩溶水4,Transformer,1.2851113242243006,0.8677272174433501,0.7733682215455377,0.7733682215455377,52,8.149999999999991,98.27240384615384,0.1576823710704665,15.768237107046652,0.0130770315360978,1.307703153609788
42,future_holdout,岩溶水,岩溶水4,TCN,1.221619876741272,0.8615210638347433,0.7952087076721784,0.7952087076721784,52,8.149999999999991,98.27240384615384,0.1498920094161071,14.989200941610717,0.0124309554761042,1.2430955476104224
42,future_holdout,岩溶水,岩溶水4,DynamicGatedStacking,1.1778269280107931,0.7959463738455056,0.8096283544019007,0.8096283544019007,52,8.149999999999991,98.27240384615384,0.1445186414737171,14.45186414737171,0.0119853273341587,1.1985327334158729
42,selection,岩溶水,岩溶水5,LSTM,0.4102626520754061,0.2513289023766218,0.8643592456375321,0.8643592456375321,138,5.220000000000027,430.7046195652174,0.0785943777922229,7.859437779222299,0.0009525383138206,0.0952538313820625
42,selection,岩溶水,岩溶水5,Transformer,0.4004928087343596,0.2189420877979141,0.8707425229565231,0.8707425229565231,138,5.220000000000027,430.7046195652174,0.0767227602939382,7.672276029393823,0.0009298549180611,0.0929854918061116
42,selection,岩溶水,岩溶水5,TCN,0.433952400468175,0.2792684846221307,0.8482424102652265,0.8482424102652265,138,5.220000000000027,430.7046195652174,0.0831326437678492,8.31326437678492,0.001007540622402,0.1007540622402044
42,selection,岩溶水,岩溶水5,DynamicGatedStacking,0.4017700806551388,0.2250495548903922,0.869916739271338,0.869916739271338,138,5.220000000000027,430.7046195652174,0.0769674484013672,7.69674484013672,0.0009328204583937,0.0932820458393766
42,test,岩溶水,岩溶水5,LSTM,0.3158034000908306,0.245556528061663,0.7192331675852749,0.7192331675852749,71,2.8600000000000136,430.2881690140846,0.1104207692625276,11.042076926252763,0.0007339346578234,0.0733934657823449
42,test,岩溶水,岩溶水5,Transformer,0.276367035479401,0.1889098777290762,0.7849771176084425,0.7849771176084425,71,2.8600000000000136,430.2881690140846,0.0966318305872027,9.663183058720271,0.0006422836028995,0.0642283602899513
42,test,岩溶水,岩溶水5,TCN,0.336214190574711,0.2456313265000873,0.6817676845134342,0.6817676845134342,71,2.8600000000000136,430.2881690140846,0.1175574092918564,11.755740929185643,0.000781369823263,0.0781369823263036
42,test,岩溶水,岩溶水5,DynamicGatedStacking,0.2963537055829657,0.2132433914143314,0.7527519225499757,0.7527519225499757,71,2.8600000000000136,430.2881690140846,0.1036201767772602,10.362017677726026,0.0006887331024276,0.0688733102427608
42,future_holdout,岩溶水,岩溶水5,LSTM,0.3942001989264061,0.2692646675741693,0.8092101748690932,0.8092101748690932,52,2.8899999999999864,430.4707692307693,0.1364014529157121,13.64014529157121,0.0009157420830938,0.0915742083093872
42,future_holdout,岩溶水,岩溶水5,Transformer,0.4671545855515456,0.3396372937411703,0.732056784956318,0.732056784956318,52,2.8899999999999864,430.4707692307693,0.1616451853119542,16.164518531195426,0.0010852179031489,0.1085217903148984
42,future_holdout,岩溶水,岩溶水5,TCN,0.3371012195905717,0.2383566788090995,0.8604781650811527,0.8604781650811527,52,2.8899999999999864,430.4707692307693,0.1166440206195755,11.664402061957553,0.0007830989783416,0.0783098978341678
42,future_holdout,岩溶水,岩溶水5,DynamicGatedStacking,0.3623549270240645,0.2615103323807484,0.8387907811646074,0.8387907811646074,52,2.8899999999999864,430.4707692307693,0.1253823276899883,12.53823276899883,0.0008417643030015,0.0841764303001515
42,selection,孔隙水,孔隙水1,LSTM,0.1118753067564492,0.0750320809193191,0.8961390518658572,0.8961390518658572,138,1.4399999999999975,107.5847463768116,0.0776911852475343,7.76911852475343,0.0010398807500517,0.1039880750051778
42,selection,孔隙水,孔隙水1,Transformer,0.0954419344548204,0.0598765186145854,0.9244103610383578,0.9244103610383578,138,1.4399999999999975,107.5847463768116,0.0662791211491809,6.627912114918098,0.0008871325877419,0.0887132587741933
42,selection,孔隙水,孔隙水1,TCN,0.0873072541090775,0.0654551646063648,0.9367465142289356,0.9367465142289356,138,1.4399999999999975,107.5847463768116,0.0606300375757483,6.063003757574836,0.0008115207503793,0.0811520750379306
42,selection,孔隙水,孔隙水1,DynamicGatedStacking,0.1003567256003833,0.0652669889465017,0.916424925886846,0.916424925886846,138,1.4399999999999975,107.5847463768116,0.0696921705558219,6.969217055582192,0.0009328155615005,0.0932815561500583
42,test,孔隙水,孔隙水1,LSTM,0.0408165944910116,0.0275513607984361,0.9006075108905846,0.9006075108905846,71,0.4799999999999897,107.2312676056338,0.0850345718562761,8.50345718562761,0.0003806407907171,0.0380640790717158
42,test,孔隙水,孔隙水1,Transformer,0.0490525367238091,0.0348834537710547,0.8564500728326631,0.8564500728326631,71,0.4799999999999897,107.2312676056338,0.1021927848412713,10.219278484127134,0.0004574462078002,0.0457446207800233
42,test,孔隙水,孔隙水1,TCN,0.0516293494294431,0.040569367727972,0.8409720946746582,0.8409720946746582,71,0.4799999999999897,107.2312676056338,0.1075611446446754,10.756114464467542,0.0004814766306719,0.0481476630671953
42,test,孔隙水,孔隙水1,DynamicGatedStacking,0.0450794928184319,0.0323963400091797,0.8787621919660339,0.8787621919660339,71,0.4799999999999897,107.2312676056338,0.0939156100384017,9.39156100384018,0.0004203950379866,0.0420395037986695
42,future_holdout,孔隙水,孔隙水1,LSTM,0.1589795210225859,0.13889888823158,-0.9988554140788182,-0.9988554140788182,52,0.4399999999999977,107.07548076923078,0.3613170932331518,36.13170932331518,0.0014847425375116,0.1484742537511635
42,future_holdout,孔隙水,孔隙水1,Transformer,0.2235578749559535,0.2062732937249924,-2.9525644293901028,-2.9525644293901028,52,0.4399999999999977,107.07548076923078,0.5080860794453517,50.80860794453517,0.0020878531046502,0.2087853104650221
42,future_holdout,孔隙水,孔隙水1,TCN,0.1524708570605017,0.1276581118179537,-0.8385383596981777,-0.8385383596981777,52,0.4399999999999977,107.07548076923078,0.3465246751375058,34.65246751375059,0.0014239567823104,0.1423956782310482
42,future_holdout,孔隙水,孔隙水1,DynamicGatedStacking,0.1741496726226414,0.1522425262360096,-1.39852548436805,-1.39852548436805,52,0.4399999999999977,107.07548076923078,0.3957947105060054,39.57947105060054,0.0016264197122585,0.162641971225858
42,selection,孔隙水,孔隙水2,LSTM,0.0526897428386144,0.0366653314403394,0.9720875088048712,0.9720875088048712,138,1.3100000000000025,139.38065217391303,0.0402211777394002,4.022117773940029,0.0003780276675192,0.0378027667519237
42,selection,孔隙水,孔隙水2,Transformer,0.0556858840024951,0.0382995121767054,0.9688228309368924,0.9688228309368924,138,1.3100000000000025,139.38065217391303,0.0425083083988511,4.250830839885117,0.0003995237727329,0.0399523772732909
42,selection,孔隙水,孔隙水2,TCN,0.0629912016143011,0.0483416093784817,0.9601061245729324,0.9601061245729324,138,1.3100000000000025,139.38065217391303,0.048084886728474,4.8084886728474086,0.0004519364820857,0.0451936482085788
42,selection,孔隙水,孔隙水2,DynamicGatedStacking,0.0511380905726857,0.0350455542975233,0.9737072835853818,0.9737072835853818,138,1.3100000000000025,139.38065217391303,0.0390367103608287,3.903671036082875,0.0003668951879266,0.0366895187926642
42,test,孔隙水,孔隙水2,LSTM,0.0354190588509916,0.0264145412138512,0.9626435512797428,0.9626435512797428,71,0.6999999999999886,139.32577464788733,0.0505986555014174,5.059865550141741,0.0002542175626907,0.0254217562690785
42,test,孔隙水,孔隙水2,Transformer,0.0358629810111779,0.025701401670806,0.9617012744895208,0.9617012744895208,71,0.6999999999999886,139.32577464788733,0.0512328300159693,5.1232830015969375,0.0002574037797515,0.0257403779751543
42,test,孔隙水,孔隙水2,TCN,0.0535862290807235,0.0427955911709572,0.9144937338748408,0.9144937338748408,71,0.6999999999999886,139.32577464788733,0.0765517558296063,7.655175582960634,0.0003846110256063,0.0384611025606353
42,test,孔隙水,孔隙水2,DynamicGatedStacking,0.0325652911126731,0.0243441127172613,0.9684207741626614,0.9684207741626614,71,0.6999999999999886,139.32577464788733,0.0465218444466766,4.652184444667666,0.0002337348648875,0.023373486488752
42,future_holdout,孔隙水,孔隙水2,LSTM,0.0480780219274869,0.0393903299848988,0.9826469260520436,0.9826469260520436,52,1.0699999999999932,139.17000000000002,0.0449327307733525,4.493273077335256,0.0003454625416935,0.0345462541693518
42,future_holdout,孔隙水,孔隙水2,Transformer,0.0442470350987325,0.035355119888981,0.9853022253368924,0.9853022253368924,52,1.0699999999999932,139.17000000000002,0.0413523692511521,4.135236925115218,0.0003179351519633,0.03179351519633
42,future_holdout,孔隙水,孔隙水2,TCN,0.102002150562084,0.0660019665924134,0.9218908536073857,0.9218908536073857,52,1.0699999999999932,139.17000000000002,0.0953291126748455,9.532911267484554,0.000732932029619,0.0732932029619056
42,future_holdout,孔隙水,孔隙水2,DynamicGatedStacking,0.0445420051395796,0.034328066537414,0.9851056085905892,0.9851056085905892,52,1.0699999999999932,139.17000000000002,0.0416280421865232,4.162804218652327,0.0003200546464006,0.0320054646400658
42,selection,孔隙水,孔隙水3,LSTM,0.0898579335210975,0.0691031436389782,0.9665769914908784,0.9665769914908784,138,1.7000000000000028,112.84016304347826,0.0528576079535867,5.285760795358672,0.0007963293485004,0.0796329348500449
42,selection,孔隙水,孔隙水3,Transformer,0.0818292338817764,0.0623227405375107,0.97228278081637,0.97228278081637,138,1.7000000000000028,112.84016304347826,0.0481348434598684,4.813484345986844,0.0007251782669814,0.0725178266981473
42,selection,孔隙水,孔隙水3,TCN,0.0872774659641919,0.0694842406969662,0.9684690582254436,0.9684690582254436,138,1.7000000000000028,112.84016304347826,0.0513396858612892,5.133968586128927,0.0007734610054627,0.0773461005462772
42,selection,孔隙水,孔隙水3,DynamicGatedStacking,0.0804583334400602,0.0625599515729718,0.9732037049464004,0.9732037049464004,138,1.7000000000000028,112.84016304347826,0.0473284314353294,4.732843143532947,0.0007130292200043,0.0713029220004396
42,test,孔隙水,孔隙水3,LSTM,0.0754557087382184,0.05632181875714,0.9762299205862468,0.9762299205862468,71,1.460000000000008,112.86397887323945,0.0516819922864506,5.1681992286450695,0.0006685543916803,0.0668554391680314
42,test,孔隙水,孔隙水3,Transformer,0.062897485449396,0.0482002988968808,0.9834836912074596,0.9834836912074596,71,1.460000000000008,112.86397887323945,0.0430804694858874,4.308046948588745,0.000557285735248,0.0557285735248071
42,test,孔隙水,孔隙水3,TCN,0.0675288607687583,0.0524267115298613,0.980961826799603,0.980961826799603,71,1.460000000000008,112.86397887323945,0.0462526443621629,4.6252644362163,0.0005983207524927,0.0598320752492713
42,test,孔隙水,孔隙水3,DynamicGatedStacking,0.0666456423333801,0.0498346491864647,0.9814565753704853,0.9814565753704853,71,1.460000000000008,112.86397887323945,0.0456477002283423,4.564770022834231,0.0005904952403656,0.0590495240365676
42,future_holdout,孔隙水,孔隙水3,LSTM,0.242519360166188,0.2001794334105756,0.8150619363532374,0.8150619363532374,52,1.6600000000000108,112.4626923076923,0.1460960001001123,14.609600010011231,0.0021564427739526,0.2156442773952692
42,future_holdout,孔隙水,孔隙水3,Transformer,0.1839382335494877,0.1439253757594027,0.8936157095229907,0.8936157095229907,52,1.6600000000000108,112.4626923076923,0.1108061647888472,11.080616478884728,0.0016355489075989,0.1635548907598992
42,future_holdout,孔隙水,孔隙水3,TCN,0.2313657290531608,0.1971028547166425,0.8316816217793516,0.8316816217793516,52,1.6600000000000108,112.4626923076923,0.1393769452127466,13.93769452127466,0.0020572664970544,0.205726649705447
42,future_holdout,孔隙水,孔隙水3,DynamicGatedStacking,0.2134983635068078,0.1765059854437139,0.856674792406993,0.856674792406993,52,1.6600000000000108,112.4626923076923,0.1286134719920521,12.861347199205207,0.0018983927836503,0.1898392783650306
42,selection,孔隙水,孔隙水4,LSTM,0.0884100187315951,0.0561885878173548,0.9108696300548124,0.9108696300548124,138,1.4699999999999989,35.51927536231884,0.0601428698854389,6.0142869885438905,0.0024890715767638,0.2489071576763816
42,selection,孔隙水,孔隙水4,Transformer,0.0826286819840187,0.0476906813194522,0.9221453790420115,0.9221453790420115,138,1.4699999999999989,35.51927536231884,0.0562099877442305,5.620998774423051,0.0023263053973132,0.2326305397313276
42,selection,孔隙水,孔隙水4,TCN,0.0871884403186769,0.0585483635680364,0.9133156770339934,0.9133156770339934,138,1.4699999999999989,35.51927536231884,0.0593118641623653,5.931186416236533,0.002454679590991,0.2454679590991097
42,selection,孔隙水,孔隙水4,DynamicGatedStacking,0.0820492169176501,0.0504300175374322,0.9232335204079706,0.9232335204079706,138,1.4699999999999989,35.51927536231884,0.0558157938215307,5.581579382153073,0.0023099912957315,0.2309991295731592
42,test,孔隙水,孔隙水4,LSTM,0.0496785019160259,0.0345573907837575,0.966052487020614,0.966052487020614,71,0.8699999999999974,35.25626760563381,0.0571017263402599,5.71017263402599,0.0014090686646616,0.1409068664661699
42,test,孔隙水,孔隙水4,Transformer,0.0467616058307503,0.0284038680918402,0.9699219404637192,0.9699219404637192,71,0.8699999999999974,35.25626760563381,0.0537489722192533,5.374897221925339,0.0013263345500383,0.1326334550038359
42,test,孔隙水,孔隙水4,TCN,0.0557627297465054,0.036447538215945,0.9572280517924864,0.9572280517924864,71,0.8699999999999974,35.25626760563381,0.0640950916626501,6.409509166265012,0.0015816401886396,0.1581640188639672
42,test,孔隙水,孔隙水4,DynamicGatedStacking,0.0479498971379864,0.0290988814277309,0.968373848950949,0.968373848950949,71,0.8699999999999974,35.25626760563381,0.0551148242965363,5.511482429653636,0.001360038948942,0.1360038948942068
42,future_holdout,孔隙水,孔隙水4,LSTM,0.0597996798879313,0.0491485670879323,0.965352259880048,0.965352259880048,52,0.9099999999999966,35.18057692307693,0.0657139339427819,6.571393394278189,0.0016997924740883,0.1699792474088317
42,future_holdout,孔隙水,孔隙水4,Transformer,0.062716800785642,0.0492386054737628,0.9618894700255838,0.9618894700255838,52,0.9099999999999966,35.18057692307693,0.0689195613029036,6.891956130290359,0.0017827109806292,0.1782710980629273
42,future_holdout,孔隙水,孔隙水4,TCN,0.0733580637609493,0.0596346950324528,0.9478597733531549,0.9478597733531549,52,0.9099999999999966,35.18057692307693,0.0806132568801644,8.061325688016446,0.0020851864914366,0.2085186491436691
42,future_holdout,孔隙水,孔隙水4,DynamicGatedStacking,0.0724434547002417,0.067165331202362,0.9491518097303046,0.9491518097303046,52,0.9099999999999966,35.18057692307693,0.0796081919782879,7.960819197828798,0.0020591889342417,0.2059188934241781
42,selection,孔隙水,孔隙水5,LSTM,0.0519896132260688,0.0363802577593442,0.9722371167540772,0.9722371167540772,138,1.1700000000000017,40.52177536231885,0.0444355668598878,4.443556685988785,0.0012830043294305,0.1283004329430589
42,selection,孔隙水,孔隙水5,Transformer,0.0398983807471509,0.0291460386242374,0.983649089756073,0.983649089756073,138,1.1700000000000017,40.52177536231885,0.03410118012577,3.4101180125770005,0.000984615811879,0.0984615811879072
42,selection,孔隙水,孔隙水5,TCN,0.0553944168990538,0.0416401527836824,0.968481656522036,0.968481656522036,138,1.1700000000000017,40.52177536231885,0.0473456554692767,4.734565546927675,0.0013670283792788,0.1367028379278886
42,selection,孔隙水,孔隙水5,DynamicGatedStacking,0.0446395786744216,0.0312956093692915,0.9795321810153887,0.9795321810153887,138,1.1700000000000017,40.52177536231885,0.0381534860465141,3.815348604651416,0.0011016195187719,0.1101619518771922
42,test,孔隙水,孔隙水5,LSTM,0.0211886456035875,0.0159921816433435,0.9857319597846226,0.9857319597846226,71,0.5600000000000023,40.15161971830986,0.0378368671492632,3.7836867149263274,0.0005277158369261,0.0527715836926128
42,test,孔隙水,孔隙水5,Transformer,0.0212011526547411,0.0166390317113614,0.9857151107816736,0.9857151107816736,71,0.5600000000000023,40.15161971830986,0.0378592011691805,3.785920116918054,0.0005280273324832,0.0528027332483254
42,test,孔隙水,孔隙水5,TCN,0.0375330173714584,0.0296471157527939,0.9552302272272576,0.9552302272272576,71,0.5600000000000023,40.15161971830986,0.0670232453061755,6.702324530617551,0.0009347821491331,0.0934782149133144
42,test,孔隙水,孔隙水5,DynamicGatedStacking,0.0235563056701565,0.0178610412966239,0.982365128768896,0.982365128768896,71,0.5600000000000023,40.15161971830986,0.0420648315538507,4.206483155385079,0.0005866838208625,0.058668382086251
42,future_holdout,孔隙水,孔隙水5,LSTM,0.0816822303756934,0.0653643155781501,0.8897332470519678,0.8897332470519678,52,0.75,40.18,0.1089096405009245,10.890964050092457,0.0020329076748554,0.2032907674855485
42,future_holdout,孔隙水,孔隙水5,Transformer,0.0660433946638588,0.05363566895399,0.9279144549663858,0.9279144549663858,52,0.75,40.18,0.0880578595518117,8.805785955181179,0.0016436882693842,0.1643688269384242
42,future_holdout,孔隙水,孔隙水5,TCN,0.0850270371447402,0.0748713062387876,0.880517719815701,0.880517719815701,52,0.75,40.18,0.1133693828596536,11.336938285965363,0.0021161532390428,0.2116153239042812
42,future_holdout,孔隙水,孔隙水5,DynamicGatedStacking,0.0692016845236756,0.058288600920071,0.9208551349709048,0.9208551349709048,52,0.75,40.18,0.0922689126982341,9.226891269823415,0.0017222917999919,0.1722291799991926
43,selection,裂隙水,裂隙水1,LSTM,0.630662773687886,0.4069765321951471,0.8361866155935398,0.8361866155935398,138,6.929039999999986,196.3614404347826,0.0910173377102581,9.101733771025817,0.0032117444865523,0.3211744486552326
43,selection,裂隙水,裂隙水1,Transformer,0.5587650386460087,0.3186360505206211,0.8714081513553396,0.8714081513553396,138,6.929039999999986,196.3614404347826,0.0806410467605916,8.064104676059163,0.0028455945190094,0.2845594519009403
43,selection,裂隙水,裂隙水1,TCN,0.6052942332857816,0.3982877387960649,0.8491004090027037,0.8491004090027037,138,6.929039999999986,196.3614404347826,0.0873561464915461,8.735614649154613,0.0030825514008531,0.308255140085315
43,selection,裂隙水,裂隙水1,DynamicGatedStacking,0.5791497117236398,0.3557837114095959,0.861854520251392,0.861854520251392,138,6.929039999999986,196.3614404347826,0.0835829655657408,8.358296556574086,0.0029494065150535,0.2949406515053511
43,test,裂隙水,裂隙水1,LSTM,0.4307547829822715,0.3506411106118245,0.8038441926584393,0.8038441926584393,71,4.359559999999988,195.74704767605635,0.0988069399164761,9.880693991647616,0.0022005684790461,0.220056847904614
43,test,裂隙水,裂隙水1,Transformer,0.3970847305697423,0.312675277941864,0.8333108516844464,0.8333108516844464,71,4.359559999999988,195.74704767605635,0.0910836714186164,9.108367141861644,0.0020285605084929,0.2028560508492989
43,test,裂隙水,裂隙水1,TCN,0.4147863595744332,0.3219431196079622,0.8181179312030274,0.8181179312030274,71,4.359559999999988,195.74704767605635,0.0951440878378631,9.51440878378631,0.0021189916501875,0.2118991650187578
43,test,裂隙水,裂隙水1,DynamicGatedStacking,0.395857364542524,0.3167579431972776,0.8343397122587144,0.8343397122587144,71,4.359559999999988,195.74704767605635,0.0908021370373444,9.08021370373444,0.002022290344821,0.2022290344821098
43,future_holdout,裂隙水,裂隙水1,LSTM,0.6115753017782392,0.4871701521077517,0.7833712836712077,0.7833712836712077,52,4.379999999999996,195.6493294230769,0.1396290643329314,13.962906433293146,0.0031258747657435,0.3125874765743529
43,future_holdout,裂隙水,裂隙水1,Transformer,0.8497739812161252,0.6813921228993498,0.5817624626573605,0.5817624626573605,52,4.379999999999996,195.6493294230769,0.1940123244785676,19.40123244785676,0.004343352383174,0.4343352383174046
43,future_holdout,裂隙水,裂隙水1,TCN,0.7011584792261661,0.5903334760738107,0.7152599673786204,0.7152599673786204,52,4.379999999999996,195.6493294230769,0.1600818445721842,16.008184457218423,0.0035837509962018,0.35837509962018
43,future_holdout,裂隙水,裂隙水1,DynamicGatedStacking,0.6962733801614341,0.5729352799852138,0.7192138171600952,0.7192138171600952,52,4.379999999999996,195.6493294230769,0.1589665251510125,15.896652515101254,0.0035587823490863,0.3558782349086387
43,selection,裂隙水,裂隙水2,LSTM,0.1957048888084614,0.1452544294995831,0.9671618930369336,0.9671618930369336,138,4.639999999999986,303.8561594202898,0.0421777777604443,4.217777776044439,0.0006440708300329,0.0644070830032986
43,selection,裂隙水,裂隙水2,Transformer,0.1502312223010856,0.1097238857726706,0.980649367491764,0.980649367491764,138,4.639999999999986,303.8561594202898,0.0323774185993719,3.2377418599371994,0.0004944155898886,0.049441558988866
43,selection,裂隙水,裂隙水2,TCN,0.1869064766354419,0.1433813203421523,0.9700481628922,0.9700481628922,138,4.639999999999986,303.8561594202898,0.040281568240397,4.028156824039709,0.0006151149839846,0.0615114983984627
43,selection,裂隙水,裂隙水2,DynamicGatedStacking,0.1583366451848082,0.1171213459689933,0.9785049904887378,0.9785049904887378,138,4.639999999999986,303.8561594202898,0.0341242769794846,3.4124276979484627,0.0005210907867949,0.0521090786794942
43,test,裂隙水,裂隙水2,LSTM,0.1766035492722948,0.1245316016321374,0.8809773991035396,0.8809773991035396,71,1.8199999999999927,303.2730985915493,0.0970349171825799,9.703491718257991,0.000582325138934,0.0582325138934086
43,test,裂隙水,裂隙水2,Transformer,0.1884764282827578,0.1223957281262514,0.8644359086512364,0.8644359086512364,71,1.8199999999999927,303.2730985915493,0.1035584770784387,10.355847707843878,0.0006214742723903,0.0621474272390376
43,test,裂隙水,裂隙水2,TCN,0.1912744730045073,0.1409128076905988,0.8603809722578958,0.8603809722578958,71,1.8199999999999927,303.2730985915493,0.1050958642881912,10.509586428819128,0.0006307004277425,0.0630700427742578
43,test,裂隙水,裂隙水2,DynamicGatedStacking,0.1706486412595374,0.1138961022466568,0.8888687368689536,0.8888687368689536,71,1.8199999999999927,303.2730985915493,0.0937629897030428,9.376298970304289,0.0005626896749235,0.0562689674923552
43,future_holdout,裂隙水,裂隙水2,LSTM,0.6987564249675755,0.5693767009897258,0.4459373933380337,0.4459373933380337,52,2.730000000000018,302.7888461538462,0.2559547344203556,25.59547344203556,0.0023077350234114,0.2307735023411461
43,future_holdout,裂隙水,裂隙水2,Transformer,0.5403197544902517,0.3984297979430259,0.6687095594421953,0.6687095594421953,52,2.730000000000018,302.7888461538462,0.1979193239891018,19.791932398910188,0.0017844770748778,0.178447707487784
43,future_holdout,裂隙水,裂隙水2,TCN,0.8550684341637542,0.688556824287686,0.1703231717483684,0.1703231717483684,52,2.730000000000018,302.7888461538462,0.3132118806460617,31.321188064606176,0.0028239759985389,0.2823975998538917
43,future_holdout,裂隙水,裂隙水2,DynamicGatedStacking,0.671484836206421,0.5140126814666476,0.488342161474364,0.488342161474364,52,2.730000000000018,302.7888461538462,0.2459651414675518,24.596514146755183,0.0022176670136166,0.2217667013616615
43,selection,裂隙水,裂隙水3,LSTM,0.1003233227026607,0.0787620425966251,0.959776306344392,0.959776306344392,138,1.7800000000000011,185.90217391304347,0.0563614172486858,5.63614172486858,0.0005396565332774,0.0539656533277483
43,selection,裂隙水,裂隙水3,Transformer,0.0727590387824679,0.0575340598038604,0.9788430997084888,0.9788430997084888,138,1.7800000000000011,185.90217391304347,0.0408758644845325,4.087586448453255,0.0003913834747112,0.0391383474711281
43,selection,裂隙水,裂隙水3,TCN,0.0998851599285154,0.0809193404722892,0.9601268935679744,0.9601268935679744,138,1.7800000000000011,185.90217391304347,0.0561152583868064,5.611525838680642,0.000537299579806,0.0537299579806082
43,selection,裂隙水,裂隙水3,DynamicGatedStacking,0.0797243701535763,0.0630162995219223,0.9745984436207038,0.9745984436207038,138,1.7800000000000011,185.90217391304347,0.0447889719963911,4.478897199639116,0.0004288511988615,0.0428851198861545
43,test,裂隙水,裂隙水3,LSTM,0.1009449504892564,0.083687377215329,0.8779863724214865,0.8779863724214865,71,1.3499999999999943,186.1540845070422,0.0747740373994495,7.477403739944956,0.0005422655686367,0.0542265568636705
43,test,裂隙水,裂隙水3,Transformer,0.0768374372908,0.0617986344353278,0.9293056209859808,0.9293056209859808,71,1.3499999999999943,186.1540845070422,0.0569166202154077,5.691662021540771,0.0004127625643792,0.0412762564379259
43,test,裂隙水,裂隙水3,TCN,0.1021524893093975,0.0812361853320229,0.8750497731223568,0.8750497731223568,71,1.3499999999999943,186.1540845070422,0.075668510599554,7.566851059955408,0.0005487523391168,0.0548752339116862
43,test,裂隙水,裂隙水3,DynamicGatedStacking,0.0817462069999906,0.0679612346797701,0.9199844560581132,0.9199844560581132,71,1.3499999999999943,186.1540845070422,0.0605527459259192,6.055274592591924,0.0004391319546732,0.043913195467327
43,future_holdout,裂隙水,裂隙水3,LSTM,0.2397565049671298,0.2142292119020144,0.8824812102452716,0.8824812102452716,52,2.0,185.6351923076923,0.1198782524835649,11.987825248356494,0.0012915466188637,0.1291546618863792
43,future_holdout,裂隙水,裂隙水3,Transformer,0.1515181599169586,0.1237627721325995,0.9530651010579896,0.9530651010579896,52,2.0,185.6351923076923,0.0757590799584793,7.575907995847933,0.0008162146306063,0.0816214630606333
43,future_holdout,裂隙水,裂隙水3,TCN,0.279849967866686,0.2512857214397122,0.8398905244804638,0.8398905244804638,52,2.0,185.6351923076923,0.139924983933343,13.9924983933343,0.0015075264791539,0.1507526479153972
43,future_holdout,裂隙水,裂隙水3,DynamicGatedStacking,0.1973511891538872,0.1697240787451346,0.9203756303299996,0.9203756303299996,52,2.0,185.6351923076923,0.0986755945769436,9.867559457694364,0.0010631130159133,0.1063113015913359
43,selection,裂隙水,裂隙水4,LSTM,0.1222607767630468,0.0752884145652087,0.9401856572570394,0.9401856572570394,138,2.049999999999997,52.14630434782609,0.0596394032990473,5.963940329904731,0.0023445722240936,0.2344572224093647
43,selection,裂隙水,裂隙水4,Transformer,0.1250312889560956,0.0762290332296104,0.9374440749933556,0.9374440749933556,138,2.049999999999997,52.14630434782609,0.0609908726615101,6.099087266151014,0.002397701822206,0.2397701822206083
43,selection,裂隙水,裂隙水4,TCN,0.115551560171081,0.0774412886497053,0.946570309196104,0.946570309196104,138,2.049999999999997,52.14630434782609,0.0563666147176006,5.63666147176006,0.002215910822756,0.2215910822756095
43,selection,裂隙水,裂隙水4,DynamicGatedStacking,0.1181803649088845,0.0703772038061462,0.9441115986816851,0.9441115986816851,138,2.049999999999997,52.14630434782609,0.0576489584921388,5.764895849213889,0.0022663229233005,0.2266322923300533
43,test,裂隙水,裂隙水4,LSTM,0.0621322567651514,0.0476710751758154,0.9278080555050952,0.9278080555050952,71,0.9299999999999996,52.00295774647888,0.0668088782420983,6.680887824209833,0.0011947831326836,0.1194783132683609
43,test,裂隙水,裂隙水4,Transformer,0.056133597833494,0.0417539243085908,0.941074911869984,0.941074911869984,71,0.9299999999999996,52.00295774647888,0.0603587073478431,6.035870734784311,0.0010794308682816,0.1079430868281619
43,test,裂隙水,裂隙水4,TCN,0.0579924224844621,0.0445077478821229,0.9371077713888863,0.9371077713888863,71,0.9299999999999996,52.00295774647888,0.0623574435316797,6.235744353167973,0.0011151754630415,0.1115175463041595
43,test,裂隙水,裂隙水4,DynamicGatedStacking,0.0564127998900753,0.0412767216476823,0.940487280874696,0.940487280874696,71,0.9299999999999996,52.00295774647888,0.0606589246129842,6.065892461298423,0.0010847998332151,0.108479983321516
43,future_holdout,裂隙水,裂隙水4,LSTM,0.1866221501451189,0.146898994151126,0.7906642855388798,0.7906642855388798,52,1.1199999999999974,52.21,0.166626919772428,16.6626919772428,0.0035744522149994,0.3574452214999404
43,future_holdout,裂隙水,裂隙水4,Transformer,0.1729338892016583,0.11325255615298,0.8202465772257218,0.8202465772257218,52,1.1199999999999974,52.21,0.1544052582157667,15.440525821576673,0.0033122752193384,0.3312275219338409
43,future_holdout,裂隙水,裂隙水4,TCN,0.1793780474872421,0.1309553771621978,0.8066004156717489,0.8066004156717489,52,1.1199999999999974,52.21,0.1601589709707523,16.01589709707523,0.0034357028823451,0.3435702882345186
43,future_holdout,裂隙水,裂隙水4,DynamicGatedStacking,0.1600673236486511,0.1148185536928875,0.8459994334787222,0.8459994334787222,52,1.1199999999999974,52.21,0.1429172532577245,14.29172532577246,0.0030658364996868,0.3065836499686864
43,selection,裂隙水,裂隙水5,LSTM,0.1827168939490549,0.1108718946882435,0.926435090701428,0.926435090701428,138,2.9699999999999704,323.411268115942,0.0615208397134871,6.152083971348713,0.000564967618517,0.0564967618517087
43,selection,裂隙水,裂隙水5,Transformer,0.1966458435746551,0.1149334344677966,0.9147915159878636,0.9147915159878636,138,2.9699999999999704,323.411268115942,0.0662107217423087,6.621072174230879,0.0006080364630466,0.0608036463046668
43,selection,裂隙水,裂隙水5,TCN,0.1614977457862415,0.1028272122396326,0.942529334600333,0.942529334600333,138,2.9699999999999704,323.411268115942,0.0543763453825734,5.437634538257345,0.0004993572015194,0.0499357201519475
43,selection,裂隙水,裂隙水5,DynamicGatedStacking,0.1794161892114693,0.1093391802421053,0.9290689233370956,0.9290689233370956,138,2.9699999999999704,323.411268115942,0.0604094913169936,6.040949131699365,0.0005547617133338,0.0554761713333838
43,test,裂隙水,裂隙水5,LSTM,0.091215968462375,0.0701050232756397,0.8617031885972412,0.8617031885972412,71,1.0400000000000205,322.4869718309859,0.0877076619830511,8.770766198305115,0.0002828516387638,0.0282851638763816
43,test,裂隙水,裂隙水5,Transformer,0.0722346393147545,0.0546429591471731,0.9132715794720332,0.9132715794720332,71,1.0400000000000205,322.4869718309859,0.0694563839564933,6.945638395649338,0.000223992426437,0.0223992426437035
43,test,裂隙水,裂隙水5,TCN,0.076848640735114,0.0615994326842674,0.901838135096921,0.901838135096921,71,1.0400000000000205,322.4869718309859,0.073892923783762,7.389292378376204,0.0002382999855739,0.023829998557396
43,test,裂隙水,裂隙水5,DynamicGatedStacking,0.0728389107615757,0.0565603912512176,0.9118144748623276,0.9118144748623276,71,1.0400000000000205,322.4869718309859,0.0700374141938214,7.003741419382148,0.0002258662120457,0.022586621204577
43,future_holdout,裂隙水,裂隙水5,LSTM,0.0841519339172161,0.0656881824937956,0.8919264249739525,0.8919264249739525,52,0.8000000000000114,322.6370192307692,0.1051899173965187,10.518991739651874,0.0002608254133944,0.0260825413394442
43,future_holdout,裂隙水,裂隙水5,Transformer,0.127652038721425,0.1115046877758651,0.7513165828180004,0.7513165828180004,52,0.8000000000000114,322.6370192307692,0.159565048401779,15.9565048401779,0.0003956521760143,0.0395652176014311
43,future_holdout,裂隙水,裂隙水5,TCN,0.1228865264836466,0.1069519975488705,0.7695377205512983,0.7695377205512983,52,0.8000000000000114,322.6370192307692,0.1536081581045561,15.360815810455614,0.0003808816693652,0.0380881669365259
43,future_holdout,裂隙水,裂隙水5,DynamicGatedStacking,0.0724459857299158,0.0572537416085481,0.9199023143291928,0.9199023143291928,52,0.8000000000000114,322.6370192307692,0.0905574821623935,9.05574821623935,0.0002245433146594,0.0224543314659432
43,selection,岩溶水,岩溶水1,LSTM,1.0956051037649353,0.750372776221753,0.8879822696679762,0.8879822696679762,138,16.039999999999964,461.56492753623183,0.0683045575913302,6.830455759133028,0.0023736749445264,0.2373674944526483
43,selection,岩溶水,岩溶水1,Transformer,1.0357856600311537,0.6642403943130777,0.8998805480306261,0.8998805480306261,138,16.039999999999964,461.56492753623183,0.0645751658373538,6.457516583735387,0.0022440735815002,0.224407358150029
43,selection,岩溶水,岩溶水1,TCN,1.0756758273841385,0.7306305847206971,0.8920204547845406,0.8920204547845406,138,16.039999999999964,461.56492753623183,0.067062084001505,6.706208400150502,0.0023304973216356,0.2330497321635644
43,selection,岩溶水,岩溶水1,DynamicGatedStacking,1.0149199530071795,0.6830831520095522,0.9038736932152694,0.9038736932152694,138,16.039999999999964,461.56492753623183,0.063274311284737,6.327431128473704,0.0021988671418876,0.2198867141887661
43,test,岩溶水,岩溶水1,LSTM,0.7843559193737799,0.5800842876663139,0.8012791902907744,0.8012791902907744,71,9.25,460.3830985915493,0.0847952345268951,8.479523452689513,0.0017037026810353,0.170370268103534
43,test,岩溶水,岩溶水1,Transformer,0.6621029563546899,0.4948726147792367,0.8583984375874353,0.8583984375874353,71,9.25,460.3830985915493,0.0715786979842908,7.15786979842908,0.0014381565230788,0.1438156523078849
43,test,岩溶水,岩溶水1,TCN,0.7400005943747412,0.5489908154757233,0.8231190230231302,0.8231190230231302,71,9.25,460.3830985915493,0.0800000642567287,8.000006425672877,0.0016073582992916,0.1607358299291668
43,test,岩溶水,岩溶水1,DynamicGatedStacking,0.6986488588047077,0.5172257141703317,0.842335143734222,0.842335143734222,71,9.25,460.3830985915493,0.0755296063572657,7.552960635726571,0.0015175380263569,0.151753802635693
43,future_holdout,岩溶水,岩溶水1,LSTM,1.0540642855438132,0.8176807588016692,0.8680591810131638,0.8680591810131638,52,9.120000000000005,460.9194230769231,0.1155772242920847,11.557722429208471,0.0022868732207188,0.2286873220718884
43,future_holdout,岩溶水,岩溶水1,Transformer,1.294227037433547,0.927131986698296,0.8010857415370818,0.8010857415370818,52,9.120000000000005,460.9194230769231,0.1419108593677134,14.19108593677134,0.0028079247101234,0.2807924710123471
43,future_holdout,岩溶水,岩溶水1,TCN,1.1976981324767495,0.935911688260178,0.8296509471625426,0.8296509471625426,52,9.120000000000005,460.9194230769231,0.1313265496136786,13.13265496136786,0.0025984978556151,0.2598497855615134
43,future_holdout,岩溶水,岩溶水1,DynamicGatedStacking,1.3718474476477682,1.0456225093661051,0.7765107605423566,0.7765107605423566,52,9.120000000000005,460.9194230769231,0.1504218692596236,15.042186925962364,0.0029763281366834,0.2976328136683491
43,selection,岩溶水,岩溶水2,LSTM,1.260603425381266,0.9965479678647412,0.9398438494894688,0.9398438494894688,138,21.97999999999996,503.30923045155646,0.0573522941483743,5.735229414837435,0.0025046300546689,0.2504630054668944
43,selection,岩溶水,岩溶水2,Transformer,0.971668084499033,0.7413337126314511,0.9642596379432132,0.9642596379432132,138,21.97999999999996,503.30923045155646,0.0442069192219761,4.42069192219761,0.0019305588407891,0.1930558840789144
43,selection,岩溶水,岩溶水2,TCN,1.37033152212074,1.0556655365061351,0.9289155892707878,0.9289155892707878,138,21.97999999999996,503.30923045155646,0.0623444732539009,6.234447325390093,0.0027226433357705,0.2722643335770561
43,selection,岩溶水,岩溶水2,DynamicGatedStacking,1.0316279755448177,0.7989044503476338,0.9597125951297256,0.9597125951297256,138,21.97999999999996,503.30923045155646,0.0469348487509017,4.693484875090171,0.0020496901569225,0.2049690156922548
43,test,岩溶水,岩溶水2,LSTM,0.724095373319512,0.592893904778772,0.9627962485313932,0.9627962485313932,71,12.189999999999998,499.7949295774648,0.0594007689351527,5.940076893515276,0.0014487849525237,0.1448784952523777
43,test,岩溶水,岩溶水2,Transformer,0.7190932027259238,0.510637441840802,0.9633084924022944,0.9633084924022944,71,12.189999999999998,499.7949295774648,0.0589904185993374,5.899041859933749,0.001438776506464,0.1438776506464076
43,test,岩溶水,岩溶水2,TCN,0.9993289086463164,0.7991308794112308,0.92913821446489,0.92913821446489,71,12.189999999999998,499.7949295774648,0.0819794018577782,8.197940185777822,0.001999477884842,0.1999477884842021
43,test,岩溶水,岩溶水2,DynamicGatedStacking,0.644573336462955,0.4700919885367295,0.9705191594162926,0.9705191594162926,71,12.189999999999998,499.7949295774648,0.052877222023212,5.287722202321207,0.0012896756215752,0.1289675621575209
43,future_holdout,岩溶水,岩溶水2,LSTM,0.8019590415258796,0.6262876864367782,0.981542811098614,0.981542811098614,52,15.870000000000005,500.9328846153846,0.0505330208900995,5.053302089009952,0.0016009311150367,0.1600931115036742
43,future_holdout,岩溶水,岩溶水2,Transformer,1.4598618321775791,1.2852638920491488,0.9388375759944112,0.9388375759944112,52,15.870000000000005,500.9328846153846,0.0919887732941133,9.198877329411332,0.0029142862786867,0.2914286278686732
43,future_holdout,岩溶水,岩溶水2,TCN,2.463784527025307,2.2387961040590065,0.8257925885030988,0.8257925885030988,52,15.870000000000005,500.9328846153846,0.1552479223078327,15.524792230783277,0.0049183924687176,0.4918392468717634
43,future_holdout,岩溶水,岩溶水2,DynamicGatedStacking,0.8475746436863006,0.6085364900690892,0.9793833977493916,0.9793833977493916,52,15.870000000000005,500.9328846153846,0.0534073499487271,5.340734994872719,0.0016919924199767,0.1691992419976714
43,selection,岩溶水,岩溶水3,LSTM,1.319150935147553,0.5124876495289477,0.6729891299589572,0.6729891299589572,138,15.136300000000006,387.0044152898551,0.0871514792351864,8.715147923518645,0.0034086198581469,0.340861985814696
43,selection,岩溶水,岩溶水3,Transformer,1.282358250995236,0.4913984436497592,0.6909761842617302,0.6909761842617302,138,15.136300000000006,387.0044152898551,0.084720721113828,8.472072111382806,0.0033135494075301,0.3313549407530111
43,selection,岩溶水,岩溶水3,TCN,1.3265747180947545,0.5205732272160555,0.6692981364299787,0.6692981364299787,138,15.136300000000006,387.0044152898551,0.0876419414318396,8.764194143183962,0.0034278025409637,0.3427802540963747
43,selection,岩溶水,岩溶水3,DynamicGatedStacking,1.278982646995489,0.4583734800044355,0.6926009549916434,0.6926009549916434,138,15.136300000000006,387.0044152898551,0.0844977072993722,8.449770729937226,0.0033048270160886,0.330482701608861
43,test,岩溶水,岩溶水3,LSTM,0.6049946911930077,0.4415279731174338,0.8576638057297918,0.8576638057297918,71,5.751170000000002,383.8266273239437,0.1051950631250697,10.519506312506978,0.001576218657395,0.1576218657395026
43,test,岩溶水,岩溶水3,Transformer,0.5285323652433377,0.376959332946028,0.891368595137021,0.891368595137021,71,5.751170000000002,383.8266273239437,0.0918999725696401,9.189997256964018,0.0013770080750475,0.1377008075047551
43,test,岩溶水,岩溶水3,TCN,0.5143792508768609,0.3169823708328221,0.8971085931617253,0.8971085931617253,71,5.751170000000002,383.8266273239437,0.0894390621172493,8.943906211724931,0.0013401343582208,0.1340134358220887
43,test,岩溶水,岩溶水3,DynamicGatedStacking,0.5279884011929736,0.3706752741313745,0.8915920863531697,0.8915920863531697,71,5.751170000000002,383.8266273239437,0.0918053893717232,9.180538937172322,0.0013755908621403,0.1375590862140368
43,future_holdout,岩溶水,岩溶水3,LSTM,1.832100706699463,1.7124618901738546,-3.4549356846018684,-3.4549356846018684,52,2.822899999999948,382.45746365384616,0.649013676254737,64.90136762547371,0.004790338484171,0.4790338484171032
43,future_holdout,岩溶水,岩溶水3,Transformer,1.3134621798523918,1.2443577313158103,-1.289696384250914,-1.289696384250914,52,2.822899999999948,382.45746365384616,0.4652882425351292,46.52882425351292,0.0034342699637865,0.3434269963786555
43,future_holdout,岩溶水,岩溶水3,TCN,2.1285695055651845,2.038958337343548,-5.013376917053543,-5.013376917053543,52,2.822899999999948,382.45746365384616,0.754036453847187,75.4036453847187,0.0055655065147106,0.556550651471063
43,future_holdout,岩溶水,岩溶水3,DynamicGatedStacking,1.818090351873628,1.7348756470975475,-3.3870610530078764,-3.3870610530078764,52,2.822899999999948,382.45746365384616,0.6440505692279789,64.40505692279788,0.0047537060317879,0.4753706031787998
43,selection,岩溶水,岩溶水4,LSTM,0.9112719923181528,0.6487671175248556,0.880938618786099,0.880938618786099,138,8.199999999999989,98.09728260869564,0.1111307307705066,11.11307307705066,0.0092894723287408,0.9289472328740886
43,selection,岩溶水,岩溶水4,Transformer,0.6894820268054286,0.5146509223627769,0.9318413828573334,0.9318413828573334,138,8.199999999999989,98.09728260869564,0.0840831740006621,8.408317400066213,0.0070285537832452,0.7028553783245273
43,selection,岩溶水,岩溶水4,TCN,0.8352734186823012,0.6609649934930873,0.8999695567984813,0.8999695567984813,138,8.199999999999989,98.09728260869564,0.1018626120344271,10.186261203442712,0.0085147457347433,0.8514745734743319
43,selection,岩溶水,岩溶水4,DynamicGatedStacking,0.7335641117435655,0.5520619198662832,0.9228473187347448,0.9228473187347448,138,8.199999999999989,98.09728260869564,0.0894590380175081,8.945903801750811,0.0074779248949199,0.7477924894919975
43,test,岩溶水,岩溶水4,LSTM,0.7217633941181575,0.5708244948360646,0.7635983391311064,0.7635983391311064,71,6.590000000000003,96.7878732394366,0.1095240355262757,10.952403552627574,0.0074571676178134,0.7457167617813428
43,test,岩溶水,岩溶水4,Transformer,0.5197532170746122,0.4268483190398214,0.8774099586366374,0.8774099586366374,71,6.590000000000003,96.7878732394366,0.0788699874164813,7.886998741648132,0.0053700241536337,0.5370024153633708
43,test,岩溶水,岩溶水4,TCN,0.5515295786343495,0.4423280859869838,0.8619620704225627,0.8619620704225627,71,6.590000000000003,96.7878732394366,0.0836918935712214,8.369189357122142,0.0056983334809926,0.5698333480992601
43,test,岩溶水,岩溶水4,DynamicGatedStacking,0.5540817659487014,0.4435530057826244,0.8606815814246763,0.8606815814246763,71,6.590000000000003,96.7878732394366,0.0840791754095145,8.407917540951457,0.0057247023558209,0.5724702355820941
43,future_holdout,岩溶水,岩溶水4,LSTM,1.0148993718204466,0.6811409367991106,0.8586534303110455,0.8586534303110455,52,8.149999999999991,98.27240384615384,0.1245275302847175,12.45275302847175,0.0103274096501117,1.0327409650111732
43,future_holdout,岩溶水,岩溶水4,Transformer,1.3557069968209454,0.927182631360129,0.7477849600244688,0.7477849600244688,52,8.149999999999991,98.27240384615384,0.1663444167878462,16.634441678784622,0.0137953987463592,1.3795398746359298
43,future_holdout,岩溶水,岩溶水4,TCN,1.1808047126550796,0.909750110778729,0.8086645415523371,0.8086645415523371,52,8.149999999999991,98.27240384615384,0.1448840138227093,14.48840138227093,0.0120156286652317,1.2015628665231777
43,future_holdout,岩溶水,岩溶水4,DynamicGatedStacking,1.1362272489104213,0.7791366015190193,0.8228383541319395,0.8228383541319395,52,8.149999999999991,98.27240384615384,0.1394143863693769,13.941438636937695,0.0115620174580159,1.1562017458015916
43,selection,岩溶水,岩溶水5,LSTM,0.4252575218121005,0.2418146700120016,0.854262861449116,0.854262861449116,138,5.220000000000027,430.7046195652174,0.0814669582015513,8.14669582015514,0.0009873530547254,0.0987353054725497
43,selection,岩溶水,岩溶水5,Transformer,0.3981402243514133,0.2356267051069582,0.8722566374249121,0.8722566374249121,138,5.220000000000027,430.7046195652174,0.0762720736305385,7.627207363053855,0.0009243927421844,0.0924392742184477
43,selection,岩溶水,岩溶水5,TCN,0.4093935428794416,0.230825919913119,0.8649333254841356,0.8649333254841356,138,5.220000000000027,430.7046195652174,0.0784278817776703,7.842788177767039,0.0009505204362393,0.0950520436239368
43,selection,岩溶水,岩溶水5,DynamicGatedStacking,0.3975835338181549,0.2262531531561591,0.8726136161969753,0.8726136161969753,138,5.220000000000027,430.7046195652174,0.076165427934512,7.616542793451204,0.0009231002310109,0.0923100231010995
43,test,岩溶水,岩溶水5,LSTM,0.2979190090525423,0.2191328160274399,0.7501331574905392,0.7501331574905392,71,2.8600000000000136,430.2881690140846,0.1041674856827066,10.416748568270664,0.0006923709051428,0.0692370905142852
43,test,岩溶水,岩溶水5,Transformer,0.298663489111622,0.2289811521537505,0.748882795459223,0.748882795459223,71,2.8600000000000136,430.2881690140846,0.1044277933956715,10.442779339567153,0.0006941010946128,0.0694101094612819
43,test,岩溶水,岩溶水5,TCN,0.3097197059827122,0.2211579188751592,0.72994645916959,0.72994645916959,71,2.8600000000000136,430.2881690140846,0.1082936034904583,10.82936034904583,0.0007197960071557,0.0719796007155786
43,test,岩溶水,岩溶水5,DynamicGatedStacking,0.295776687492975,0.215845894242719,0.753713798312462,0.753713798312462,71,2.8600000000000136,430.2881690140846,0.1034184222003404,10.34184222003404,0.0006873920985805,0.0687392098580552
43,future_holdout,岩溶水,岩溶水5,LSTM,0.351104138045024,0.2740570224497433,0.8486461656333779,0.8486461656333779,52,2.8899999999999864,430.4707692307693,0.1214893211228462,12.148932112284625,0.0008156282914921,0.0815628291492196
43,future_holdout,岩溶水,岩溶水5,Transformer,0.4774173356213856,0.3746691870843867,0.7201547748220413,0.7201547748220413,52,2.8899999999999864,430.4707692307693,0.1651963099035944,16.519630990359442,0.001109058662623,0.1109058662623034
43,future_holdout,岩溶水,岩溶水5,TCN,0.4019125883409466,0.3071299746906325,0.8016716724020645,0.8016716724020645,52,2.8899999999999864,430.4707692307693,0.1390700997719545,13.90700997719545,0.0009336582575842,0.0933658257584238
43,future_holdout,岩溶水,岩溶水5,DynamicGatedStacking,0.3853221658218221,0.2964973592755899,0.8177071993908915,0.8177071993908915,52,2.8899999999999864,430.4707692307693,0.1333294691424996,13.332946914249966,0.0008951180738947,0.0895118073894714
43,selection,孔隙水,孔隙水1,LSTM,0.0976787369876758,0.0659054207807774,0.9208257650602862,0.9208257650602862,138,1.4399999999999975,107.5847463768116,0.0678324562414417,6.78324562414417,0.0009079236627612,0.0907923662761259
43,selection,孔隙水,孔隙水1,Transformer,0.0930744193151014,0.058372003284084,0.9281139740455898,0.9281139740455898,138,1.4399999999999975,107.5847463768116,0.0646350134132649,6.463501341326499,0.0008651265393061,0.0865126539306155
43,selection,孔隙水,孔隙水1,TCN,0.0840227888551708,0.0558196829510739,0.9414161391736996,0.9414161391736996,138,1.4399999999999975,107.5847463768116,0.058349158927202,5.834915892720207,0.0007809916524865,0.0780991652486535
43,selection,孔隙水,孔隙水1,DynamicGatedStacking,0.0992849699001739,0.0617100643970337,0.9182004675037704,0.9182004675037704,138,1.4399999999999975,107.5847463768116,0.0689478957640098,6.894789576400981,0.0009228535944345,0.0922853594434586
43,test,孔隙水,孔隙水1,LSTM,0.044354521920306,0.0290164263820965,0.8826303422039531,0.8826303422039531,71,0.4799999999999897,107.2312676056338,0.0924052540006395,9.240525400063952,0.0004136342217218,0.0413634221721871
43,test,孔隙水,孔隙水1,Transformer,0.0474520648692383,0.0317845992188069,0.8656646645389945,0.8656646645389945,71,0.4799999999999897,107.2312676056338,0.098858468477582,9.885846847758208,0.000442520786416,0.0442520786416081
43,test,孔隙水,孔隙水1,TCN,0.0444715107755796,0.030194298266356,0.8820103806044332,0.8820103806044332,71,0.4799999999999897,107.2312676056338,0.0926489807824596,9.264898078245968,0.0004147252174536,0.0414725217453675
43,test,孔隙水,孔隙水1,DynamicGatedStacking,0.0432457244984888,0.0293578137311059,0.8884251304240143,0.8884251304240143,71,0.4799999999999897,107.2312676056338,0.0900952593718537,9.009525937185373,0.0004032939781849,0.040329397818493
43,future_holdout,孔隙水,孔隙水1,LSTM,0.1289730696673118,0.112175088046729,-0.3155188804901481,-0.3155188804901481,52,0.4399999999999977,107.07548076923078,0.2931206128802557,29.31206128802557,0.001204506099256,0.1204506099256045
43,future_holdout,孔隙水,孔隙水1,Transformer,0.0697546229945883,0.0562463882686188,0.6151911920916238,0.6151911920916238,52,0.4399999999999977,107.07548076923078,0.1585332340786106,15.853323407861067,0.0006514528115444,0.0651452811544443
43,future_holdout,孔隙水,孔隙水1,TCN,0.1207591078617139,0.1062219774347592,-0.1532907380076622,-0.1532907380076622,52,0.4399999999999977,107.07548076923078,0.2744525178675331,27.44525178675331,0.0011277942157642,0.1127794215764243
43,future_holdout,孔隙水,孔隙水1,DynamicGatedStacking,0.1659210301677783,0.1409428678114982,-1.1772178359519616,-1.1772178359519616,52,0.4399999999999977,107.07548076923078,0.3770932503813164,37.70932503813164,0.0015495707231553,0.15495707231553
43,selection,孔隙水,孔隙水2,LSTM,0.0542846220988557,0.0429433252171191,0.9703721539789524,0.9703721539789524,138,1.3100000000000025,139.38065217391303,0.0414386428235539,4.143864282355391,0.0003894702833727,0.0389470283372772
43,selection,孔隙水,孔隙水2,Transformer,0.0515261709629548,0.0378852947964575,0.9733067052779352,0.9733067052779352,138,1.3100000000000025,139.38065217391303,0.0393329549335532,3.9332954933553226,0.0003696795083055,0.0369679508305519
43,selection,孔隙水,孔隙水2,TCN,0.0662471064572479,0.0479435438531907,0.9558754520610744,0.9558754520610744,138,1.3100000000000025,139.38065217391303,0.0505703102727082,5.057031027270829,0.0004752962869953,0.0475296286995326
43,selection,孔隙水,孔隙水2,DynamicGatedStacking,0.0482910979487897,0.035092059594888,0.9765533607985368,0.9765533607985368,138,1.3100000000000025,139.38065217391303,0.0368634335486944,3.686343354869442,0.0003464691633709,0.0346469163370926
43,test,孔隙水,孔隙水2,LSTM,0.0391530527270572,0.0314404479496156,0.9543518892565652,0.9543518892565652,71,0.6999999999999886,139.32577464788733,0.0559329324672255,5.593293246722556,0.0002810180156974,0.0281018015697434
43,test,孔隙水,孔隙水2,Transformer,0.0341184591356126,0.0268372717282849,0.965336663120349,0.965336663120349,71,0.6999999999999886,139.32577464788733,0.0487406559080188,4.874065590801887,0.0002448826085614,0.0244882608561401
43,test,孔隙水,孔隙水2,TCN,0.0516050323365935,0.0421274284052263,0.9206995487787348,0.9206995487787348,71,0.6999999999999886,139.32577464788733,0.0737214747665634,7.372147476656343,0.000370391138804,0.0370391138804094
43,test,孔隙水,孔隙水2,DynamicGatedStacking,0.0316928470305081,0.0256432897248372,0.9700901621668409,0.9700901621668409,71,0.6999999999999886,139.32577464788733,0.0452754957578694,4.527549575786945,0.0002274729647877,0.0227472964787773
43,future_holdout,孔隙水,孔隙水2,LSTM,0.0504009325970758,0.0424712461849037,0.9809295746331448,0.9809295746331448,52,1.0699999999999932,139.17000000000002,0.0471036753243702,4.710367532437029,0.0003621537155786,0.0362153715578615
43,future_holdout,孔隙水,孔隙水2,Transformer,0.0912846417367244,0.0692785795849509,0.9374426035162836,0.9374426035162836,52,1.0699999999999932,139.17000000000002,0.0853127492866589,8.53127492866589,0.0006559218347109,0.065592183471096
43,future_holdout,孔隙水,孔隙水2,TCN,0.0809095852913056,0.0640913702565779,0.9508545647814838,0.9508545647814838,52,1.0699999999999932,139.17000000000002,0.075616434851688,7.561643485168801,0.0005813723165287,0.0581372316528746
43,future_holdout,孔隙水,孔隙水2,DynamicGatedStacking,0.0578095697869431,0.0458494861845891,0.9749110370650138,0.9749110370650138,52,1.0699999999999932,139.17000000000002,0.0540276353149005,5.402763531490052,0.0004153881568365,0.0415388156836553
43,selection,孔隙水,孔隙水3,LSTM,0.0979771409851248,0.0759599914322074,0.9602641771629836,0.9602641771629836,138,1.7000000000000028,112.84016304347826,0.057633612344191,5.763361234419101,0.0008682825187639,0.0868282518763939
43,selection,孔隙水,孔隙水3,Transformer,0.0819525760782009,0.0627495238498712,0.9721991608420256,0.9721991608420256,138,1.7000000000000028,112.84016304347826,0.0482073976930593,4.820739769305932,0.0007262713369762,0.0726271336976214
43,selection,孔隙水,孔隙水3,TCN,0.0797185617409218,0.0642194748166817,0.9736941950733172,0.9736941950733172,138,1.7000000000000028,112.84016304347826,0.0468932716123069,4.68932716123069,0.0007064732945326,0.07064732945326
43,selection,孔隙水,孔隙水3,DynamicGatedStacking,0.0793092284019573,0.062171616344139,0.9739636479521402,0.9739636479521402,138,1.7000000000000028,112.84016304347826,0.0466524872952689,4.665248729526896,0.0007028457444837,0.0702845744483715
43,test,孔隙水,孔隙水3,LSTM,0.0798164991716435,0.0598397980301541,0.9734030536118198,0.9734030536118198,71,1.460000000000008,112.86397887323945,0.0546688350490706,5.466883504907062,0.0007071919665466,0.070719196654663
43,test,孔隙水,孔隙水3,Transformer,0.065116697655691,0.0512847652692066,0.9822976402485598,0.9822976402485598,71,1.460000000000008,112.86397887323945,0.0446004778463635,4.460047784636352,0.0005769484498577,0.057694844985773
43,test,孔隙水,孔隙水3,TCN,0.073239767753244,0.0579025523152446,0.9776055529170508,0.9776055529170508,71,1.460000000000008,112.86397887323945,0.050164224488523,5.016422448852306,0.0006489206608204,0.0648920660820416
43,test,孔隙水,孔隙水3,DynamicGatedStacking,0.0692576252892639,0.0534949267553906,0.979974580621336,0.979974580621336,71,1.460000000000008,112.86397887323945,0.0474367296501805,4.743672965018054,0.0006136379913298,0.0613637991329802
43,future_holdout,孔隙水,孔隙水3,LSTM,0.2646002784244438,0.2140396094688532,0.779852340683713,0.779852340683713,52,1.6600000000000108,112.4626923076923,0.1593977580870132,15.939775808701327,0.0023527827139377,0.2352782713937798
43,future_holdout,孔隙水,孔隙水3,Transformer,0.1807457232344219,0.1487947719785105,0.8972765638347668,0.8972765638347668,52,1.6600000000000108,112.4626923076923,0.1088829658038679,10.888296580386797,0.0016071616242292,0.1607161624229221
43,future_holdout,孔隙水,孔隙水3,TCN,0.3251857691644227,0.2816076695422603,0.6674962544024172,0.6674962544024172,52,1.6600000000000108,112.4626923076923,0.1958950416653136,19.58950416653136,0.0028914990606371,0.28914990606372
43,future_holdout,孔隙水,孔隙水3,DynamicGatedStacking,0.2529036099552133,0.2108566708371485,0.79888542959255,0.79888542959255,52,1.6600000000000108,112.4626923076923,0.1523515722621757,15.235157226217572,0.0022487778370384,0.2248777837038452
43,selection,孔隙水,孔隙水4,LSTM,0.0904277327576177,0.0581426936623409,0.9067548980194496,0.9067548980194496,138,1.4699999999999989,35.51927536231884,0.0615154644609645,6.15154644609645,0.002545877747651,0.2545877747651051
43,selection,孔隙水,孔隙水4,Transformer,0.0806041000400042,0.0474787965896294,0.9259138527165942,0.9259138527165942,138,1.4699999999999989,35.51927536231884,0.0548327211156492,5.48327211156492,0.0022693058689343,0.2269305868934318
43,selection,孔隙水,孔隙水4,TCN,0.0817521521214536,0.0536397052252508,0.9237883906829084,0.9237883906829084,138,1.4699999999999989,35.51927536231884,0.0556137089261589,5.5613708926159,0.0023016278144058,0.2301627814405855
43,selection,孔隙水,孔隙水4,DynamicGatedStacking,0.0808757755310546,0.0487398212017727,0.925413597517676,0.925413597517676,138,1.4699999999999989,35.51927536231884,0.0550175343748671,5.501753437486716,0.0022769545466812,0.2276954546681235
43,test,孔隙水,孔隙水4,LSTM,0.0456836083781568,0.0326262812600351,0.9712927374747404,0.9712927374747404,71,0.8699999999999974,35.25626760563381,0.0525098946875368,5.25098946875368,0.0012957584985784,0.1295758498578471
43,test,孔隙水,孔隙水4,Transformer,0.0500520203703408,0.0307044609172092,0.965540084640612,0.965540084640612,71,0.8699999999999974,35.25626760563381,0.0575310578969436,5.753105789694367,0.0014196630491408,0.1419663049140877
43,test,孔隙水,孔隙水4,TCN,0.059906604995973,0.0423740309138302,0.9506348572344324,0.9506348572344324,71,0.8699999999999974,35.25626760563381,0.0688581666620382,6.885816666203821,0.001699176034913,0.1699176034913016
43,test,孔隙水,孔隙水4,DynamicGatedStacking,0.0488618327049245,0.0295921199232377,0.9671594451564536,0.9671594451564536,71,0.8699999999999974,35.25626760563381,0.0561630260976145,5.616302609761454,0.0013859048624057,0.1385904862405701
43,future_holdout,孔隙水,孔隙水4,LSTM,0.0757394288051201,0.0591377185108598,0.9444196540110732,0.9444196540110732,52,0.9099999999999966,35.18057692307693,0.0832301415440883,8.323014154408835,0.0021528762581331,0.2152876258133173
43,future_holdout,孔隙水,孔隙水4,Transformer,0.0717729780503937,0.0546300420609906,0.9500886716817798,0.9500886716817798,52,0.9099999999999966,35.18057692307693,0.0788714044509824,7.887140445098241,0.0020401307860108,0.2040130786010895
43,future_holdout,孔隙水,孔隙水4,TCN,0.0542535163450038,0.0423151398688487,0.9714810863790316,0.9714810863790316,52,0.9099999999999966,35.18057692307693,0.0596192487307736,5.961924873077364,0.0015421440206518,0.15421440206518
43,future_holdout,孔隙水,孔隙水4,DynamicGatedStacking,0.0518579398528272,0.0425118412541126,0.9739440018800756,0.9739440018800756,52,0.9099999999999966,35.18057692307693,0.0569867470910191,5.698674709101916,0.0014740502967366,0.1474050296736626
43,selection,孔隙水,孔隙水5,LSTM,0.0481942620748497,0.0368502684765952,0.9761426576005148,0.9761426576005148,138,1.1700000000000017,40.52177536231885,0.0411916769870509,4.119167698705099,0.0011893423139516,0.1189342313951661
43,selection,孔隙水,孔隙水5,Transformer,0.0411249297101371,0.0305300999723438,0.9826283235893936,0.9826283235893936,138,1.1700000000000017,40.52177536231885,0.0351495125727667,3.51495125727667,0.0010148846969913,0.1014884696991315
43,selection,孔隙水,孔隙水5,TCN,0.0601348011545922,0.0439944936952978,0.9628564719816108,0.9628564719816108,138,1.1700000000000017,40.52177536231885,0.0513972659440959,5.139726594409591,0.0014840120063078,0.1484012006307886
43,selection,孔隙水,孔隙水5,DynamicGatedStacking,0.0447792708109953,0.0327884250699231,0.9794038793093676,0.9794038793093676,138,1.1700000000000017,40.52177536231885,0.0382728810350386,3.827288103503869,0.0011050668538238,0.110506685382387
43,test,孔隙水,孔隙水5,LSTM,0.0236174147707011,0.018080179647031,0.9822735143247416,0.9822735143247416,71,0.5600000000000023,40.15161971830986,0.0421739549476804,4.217395494768045,0.0005882057794029,0.0588205779402995
43,test,孔隙水,孔隙水5,Transformer,0.0237663156579714,0.0192321001226981,0.9820492891015222,0.9820492891015222,71,0.5600000000000023,40.15161971830986,0.0424398493892344,4.243984938923448,0.0005919142446732,0.0591914244673261
43,test,孔隙水,孔隙水5,TCN,0.0363878319317555,0.0294867273792773,0.9579205271312128,0.9579205271312128,71,0.5600000000000023,40.15161971830986,0.064978271306706,6.497827130670608,0.0009062606237815,0.0906260623781562
43,test,孔隙水,孔隙水5,DynamicGatedStacking,0.0205163570954399,0.0149656854432687,0.9866230091634852,0.9866230091634852,71,0.5600000000000023,40.15161971830986,0.0366363519561425,3.6636351956142574,0.0005109720912724,0.0510972091272425
43,future_holdout,孔隙水,孔隙水5,LSTM,0.0988591377850224,0.0845371156876736,0.8384812120432561,0.8384812120432561,52,0.75,40.18,0.1318121837133632,13.181218371336325,0.0024604066148586,0.2460406614858696
43,future_holdout,孔隙水,孔隙水5,Transformer,0.1079048410943488,0.071367891423633,0.8075706693227092,0.8075706693227092,52,0.75,40.18,0.1438731214591318,14.387312145913182,0.0026855361148419,0.2685536114841932
43,future_holdout,孔隙水,孔隙水5,TCN,0.0926467974980055,0.0783933028641077,0.858143175532324,0.858143175532324,52,0.75,40.18,0.123529063330674,12.352906333067407,0.0023057938650573,0.2305793865057381
43,future_holdout,孔隙水,孔隙水5,DynamicGatedStacking,0.0825556134942019,0.0742689955020544,0.8873625970604464,0.8873625970604464,52,0.75,40.18,0.1100741513256026,11.00741513256026,0.0020546444373868,0.2054644437386807
44,selection,裂隙水,裂隙水1,LSTM,0.6380564585064222,0.4161211742617803,0.8323231108789674,0.8323231108789674,138,6.929039999999986,196.3614404347826,0.0920843953139862,9.208439531398628,0.0032493979321685,0.3249397932168559
44,selection,裂隙水,裂隙水1,Transformer,0.5918065624532148,0.3404919181876835,0.8557504246602855,0.8557504246602855,138,6.929039999999986,196.3614404347826,0.085409603993225,8.540960399322502,0.0030138634201441,0.3013863420144196
44,selection,裂隙水,裂隙水1,TCN,0.5900404512184796,0.3720077637884474,0.8566100996761081,0.8566100996761081,138,6.929039999999986,196.3614404347826,0.0851547185784005,8.515471857840058,0.0030048692345707,0.3004869234570773
44,selection,裂隙水,裂隙水1,DynamicGatedStacking,0.5859579300121172,0.3555459156960082,0.8585874797944187,0.8585874797944187,138,6.929039999999986,196.3614404347826,0.0845655285598175,8.456552855981757,0.0029840783848126,0.2984078384812679
44,test,裂隙水,裂隙水1,LSTM,0.4088271944160765,0.3306966732375767,0.8233065272513086,0.8233065272513086,71,4.359559999999988,195.74704767605635,0.0937771688922913,9.377716889229136,0.0020885484571529,0.2088548457152971
44,test,裂隙水,裂隙水1,Transformer,0.403963108592873,0.3404888310729533,0.8274859922848774,0.8274859922848774,71,4.359559999999988,195.74704767605635,0.0926614402813298,9.26614402813298,0.002063699623513,0.2063699623513072
44,test,裂隙水,裂隙水1,TCN,0.4141156771576427,0.3199215715515314,0.8187056384971041,0.8187056384971041,71,4.359559999999988,195.74704767605635,0.0949902460701639,9.499024607016391,0.0021155653792693,0.2115565379269304
44,test,裂隙水,裂隙水1,DynamicGatedStacking,0.3913972153967626,0.3126155631888471,0.8380516914321321,0.8380516914321321,71,4.359559999999988,195.74704767605635,0.0897790638038618,8.97790638038618,0.0019995050757776,0.1999505075777641
44,future_holdout,裂隙水,裂隙水1,LSTM,0.5977129215095566,0.4982868124405744,0.7930804911392452,0.7930804911392452,52,4.379999999999996,195.6493294230769,0.1364641373309491,13.646413733094914,0.0030550215698263,0.3055021569826326
44,future_holdout,裂隙水,裂隙水1,Transformer,0.8985777241954083,0.7453677917983621,0.5323429927767002,0.5323429927767002,52,4.379999999999996,195.6493294230769,0.2051547315514633,20.51547315514633,0.0045927973627361,0.4592797362736172
44,future_holdout,裂隙水,裂隙水1,TCN,0.8474819351298672,0.6953822211374315,0.584015595648187,0.584015595648187,52,4.379999999999996,195.6493294230769,0.193489026285358,19.348902628535804,0.0043316373106357,0.4331637310635762
44,future_holdout,裂隙水,裂隙水1,DynamicGatedStacking,0.7597574019890809,0.6494522237038566,0.665677173775748,0.665677173775748,52,4.379999999999996,195.6493294230769,0.1734605940614342,17.346059406143418,0.0038832609558613,0.3883260955861304
44,selection,裂隙水,裂隙水2,LSTM,0.1693218472327769,0.1271525620435868,0.9754189313685716,0.9754189313685716,138,4.639999999999986,303.8561594202898,0.0364917774208572,3.6491777420857208,0.0005572434258229,0.0557243425822983
44,selection,裂隙水,裂隙水2,Transformer,0.1586037869388548,0.1111130895166189,0.978432397582654,0.978432397582654,138,4.639999999999986,303.8561594202898,0.0341818506333739,3.4181850633373987,0.0005219699585535,0.0521969958553567
44,selection,裂隙水,裂隙水2,TCN,0.1807345292842324,0.1389179577039768,0.9719936166941748,0.9719936166941748,138,4.639999999999986,303.8561594202898,0.038951407173326,3.895140717332608,0.0005948029147378,0.0594802914737834
44,selection,裂隙水,裂隙水2,DynamicGatedStacking,0.1527153450181376,0.1061839511171023,0.9800041385401608,0.9800041385401608,138,4.639999999999986,303.8561594202898,0.0329127898745987,3.291278987459873,0.0005025909144296,0.0502590914429691
44,test,裂隙水,裂隙水2,LSTM,0.1794216560280974,0.1260720488462322,0.8771485454428891,0.8771485454428891,71,1.8199999999999927,303.2730985915493,0.0985833274879659,9.8583327487966,0.0005916174459962,0.0591617445996237
44,test,裂隙水,裂隙水2,Transformer,0.1906342574458943,0.1291965052674043,0.8613140469108664,0.8613140469108664,71,1.8199999999999927,303.2730985915493,0.1047440974977445,10.474409749774452,0.0006285894078018,0.062858940780185
44,test,裂隙水,裂隙水2,TCN,0.2062943624635267,0.1594727779333287,0.8375927917254354,0.8375927917254354,71,1.8199999999999927,303.2730985915493,0.1133485508041359,11.3348550804136,0.0006802263815075,0.0680226381507598
44,test,裂隙水,裂隙水2,DynamicGatedStacking,0.1812042965003462,0.1284732579071449,0.8746952417013422,0.8746952417013422,71,1.8199999999999927,303.2730985915493,0.0995628002749158,9.956280027491584,0.0005974954499488,0.0597495449948871
44,future_holdout,裂隙水,裂隙水2,LSTM,0.7554684573865229,0.5904997849264263,0.3523507231350973,0.3523507231350973,52,2.730000000000018,302.7888461538462,0.2767283726690541,27.67283726690541,0.0024950339716366,0.2495033971636694
44,future_holdout,裂隙水,裂隙水2,Transformer,0.658978133041134,0.5287593058938919,0.5072243724695291,0.5072243724695291,52,2.730000000000018,302.7888461538462,0.2413839315168972,24.138393151689726,0.0021763619810034,0.2176361981003451
44,future_holdout,裂隙水,裂隙水2,TCN,0.7626653421079732,0.6304987819786863,0.3399524326267317,0.3399524326267317,52,2.730000000000018,302.7888461538462,0.2793645941787429,27.936459417874293,0.0025188026302675,0.2518802630267513
44,future_holdout,裂隙水,裂隙水2,DynamicGatedStacking,0.6758363322008515,0.5102987794175129,0.4816891705065929,0.4816891705065929,52,2.730000000000018,302.7888461538462,0.2475590960442663,24.75590960442663,0.0022320384016307,0.2232038401630755
44,selection,裂隙水,裂隙水3,LSTM,0.1201066524231183,0.0989349621500403,0.9423482813438748,0.9423482813438748,138,1.7800000000000011,185.90217391304347,0.0674756474287181,6.747564742871812,0.000646074491196,0.0646074491196099
44,selection,裂隙水,裂隙水3,Transformer,0.0890607612304519,0.0705468522393076,0.9683006075159248,0.9683006075159248,138,1.7800000000000011,185.90217391304347,0.0500341355227257,5.003413552272575,0.000479073263942,0.047907326394209
44,selection,裂隙水,裂隙水3,TCN,0.0944814435309505,0.0743153636839807,0.964324409244356,0.964324409244356,138,1.7800000000000011,185.90217391304347,0.0530794626578373,5.3079462657837375,0.0005082320531396,0.0508232053139651
44,selection,裂隙水,裂隙水3,DynamicGatedStacking,0.0836702359427186,0.0682035572451102,0.972021777432426,0.972021777432426,138,1.7800000000000011,185.90217391304347,0.0470057505296171,4.700575052961716,0.0004500766945407,0.045007669454073
44,test,裂隙水,裂隙水3,LSTM,0.1121426342625062,0.0886642284129115,0.8494153694626161,0.8494153694626161,71,1.3499999999999943,186.1540845070422,0.0830686179722272,8.306861797222721,0.0006024183383323,0.0602418338332318
44,test,裂隙水,裂隙水3,Transformer,0.0669155076035957,0.0531106418892685,0.9463842118998246,0.9463842118998246,71,1.3499999999999943,186.1540845070422,0.0495670426693303,4.956704266933037,0.0003594630103378,0.0359463010337891
44,test,裂隙水,裂隙水3,TCN,0.0938526124014973,0.073539792222612,0.8945292893798256,0.8945292893798256,71,1.3499999999999943,186.1540845070422,0.069520453630739,6.952045363073908,0.0005041662805843,0.0504166280584334
44,test,裂隙水,裂隙水3,DynamicGatedStacking,0.0686944578616884,0.0533283651663942,0.9434955643842028,0.9434955643842028,71,1.3499999999999943,186.1540845070422,0.0508847836012508,5.088478360125088,0.0003690193424635,0.0369019342463526
44,future_holdout,裂隙水,裂隙水3,LSTM,0.2313878227058247,0.1999637467622861,0.8905419993349265,0.8905419993349265,52,2.0,185.6351923076923,0.1156939113529123,11.56939113529124,0.0012464652840302,0.1246465284030287
44,future_holdout,裂隙水,裂隙水3,Transformer,0.3232920033115872,0.2787678480763625,0.7863236596388707,0.7863236596388707,52,2.0,185.6351923076923,0.1616460016557936,16.16460016557936,0.0017415447970432,0.1741544797043263
44,future_holdout,裂隙水,裂隙水3,TCN,0.2959177022697373,0.257955152100716,0.8209771756913463,0.8209771756913463,52,2.0,185.6351923076923,0.1479588511348686,14.795885113486865,0.0015940819118998,0.1594081911899822
44,future_holdout,裂隙水,裂隙水3,DynamicGatedStacking,0.2456568877811072,0.2090298423217607,0.8766257847950811,0.8766257847950811,52,2.0,185.6351923076923,0.1228284438905536,12.28284438905536,0.0013233314477026,0.1323331447702697
44,selection,裂隙水,裂隙水4,LSTM,0.1262913371286096,0.0769919032896736,0.9361768615502528,0.9361768615502528,138,2.049999999999997,52.14630434782609,0.0616055303066389,6.160553030663894,0.0024218655321424,0.2421865532142444
44,selection,裂隙水,裂隙水4,Transformer,0.1172849642059768,0.0735703236010907,0.9449552741736772,0.9449552741736772,138,2.049999999999997,52.14630434782609,0.0572121776614522,5.721217766145221,0.0022491519902093,0.2249151990209375
44,selection,裂隙水,裂隙水4,TCN,0.1295871121159455,0.0866346360364929,0.9328022615903744,0.9328022615903744,138,2.049999999999997,52.14630434782609,0.0632132254224125,6.321322542241255,0.0024850679973708,0.2485067997370898
44,selection,裂隙水,裂隙水4,DynamicGatedStacking,0.1170689926620906,0.0717842119309528,0.9451578090677072,0.9451578090677072,138,2.049999999999997,52.14630434782609,0.0571068256888247,5.710682568882479,0.0022450103439971,0.2245010343997102
44,test,裂隙水,裂隙水4,LSTM,0.0586801323973683,0.0434266629856564,0.9356072973847104,0.9356072973847104,71,0.9299999999999996,52.00295774647888,0.06309691655631,6.309691655631008,0.0011283999014717,0.1128399901471788
44,test,裂隙水,裂隙水4,Transformer,0.0532054078788145,0.039678620479597,0.9470621819578244,0.9470621819578244,71,0.9299999999999996,52.00295774647888,0.0572101159987253,5.72101159987253,0.0010231227257918,0.1023122725791823
44,test,裂隙水,裂隙水4,TCN,0.0694794657109644,0.0525395489560269,0.90972501534039,0.90972501534039,71,0.9299999999999996,52.00295774647888,0.0747091029150155,7.470910291501555,0.0013360675761883,0.1336067576188373
44,test,裂隙水,裂隙水4,DynamicGatedStacking,0.0561544056591247,0.0393211592863942,0.941031218600542,0.941031218600542,71,0.9299999999999996,52.00295774647888,0.0603810813538976,6.038108135389762,0.0010798309960153,0.1079830996015356
44,future_holdout,裂隙水,裂隙水4,LSTM,0.2026056753332058,0.1693288814684871,0.7532710193476589,0.7532710193476589,52,1.1199999999999974,52.21,0.1808979244046484,18.089792440464848,0.0038805913681901,0.3880591368190113
44,future_holdout,裂隙水,裂隙水4,Transformer,0.164366012633553,0.1126259650685966,0.8376168391623589,0.8376168391623589,52,1.1199999999999974,52.21,0.1467553684228155,14.675536842281552,0.0031481710904721,0.3148171090472189
44,future_holdout,裂隙水,裂隙水4,TCN,0.2371254808258192,0.1922510273819153,0.662033697418043,0.662033697418043,52,1.1199999999999974,52.21,0.2117191793087676,21.17191793087677,0.0045417636626282,0.4541763662628217
44,future_holdout,裂隙水,裂隙水4,DynamicGatedStacking,0.1884131012533669,0.146177139132039,0.7866271551837398,0.7866271551837398,52,1.1199999999999974,52.21,0.1682259832619351,16.822598326193518,0.0036087550517787,0.3608755051778719
44,selection,裂隙水,裂隙水5,LSTM,0.1828513802879201,0.1077550584481471,0.9263267579021224,0.9263267579021224,138,2.9699999999999704,323.411268115942,0.0615661213090646,6.156612130906463,0.0005653834554161,0.056538345541618
44,selection,裂隙水,裂隙水5,Transformer,0.1649059256663629,0.096261287087114,0.9400780663541114,0.9400780663541114,138,2.9699999999999704,323.411268115942,0.0555238806957456,5.552388069574564,0.0005098954239505,0.0509895423950549
44,selection,裂隙水,裂隙水5,TCN,0.1579564629899767,0.1024496247605203,0.9450221063823944,0.9450221063823944,138,2.9699999999999704,323.411268115942,0.0531839942727199,5.318399427271996,0.0004884074197852,0.048840741978523
44,selection,裂隙水,裂隙水5,DynamicGatedStacking,0.1687388025428616,0.0979462701243865,0.9372601867624464,0.9372601867624464,138,2.9699999999999704,323.411268115942,0.0568144116305937,5.681441163059371,0.0005217468257239,0.0521746825723985
44,test,裂隙水,裂隙水5,LSTM,0.0901061423867942,0.0720129192976564,0.8650480344700096,0.8650480344700096,71,1.0400000000000205,322.4869718309859,0.0866405215257619,8.664052152576197,0.0002794101785731,0.02794101785731
44,test,裂隙水,裂隙水5,Transformer,0.0664758021088019,0.0564270910953787,0.9265490203319212,0.9265490203319212,71,1.0400000000000205,322.4869718309859,0.0639190404892314,6.391904048923141,0.0002061348454834,0.0206134845483437
44,test,裂隙水,裂隙水5,TCN,0.0751944490922247,0.0595143081715702,0.9060185840936308,0.9060185840936308,71,1.0400000000000205,322.4869718309859,0.0723023548963685,7.230235489636853,0.0002331705019439,0.0233170501943978
44,test,裂隙水,裂隙水5,DynamicGatedStacking,0.0688067143180922,0.0563320218831999,0.9213077325041712,0.9213077325041712,71,1.0400000000000205,322.4869718309859,0.0661603022289335,6.61603022289335,0.0002133627722305,0.0213362772230543
44,future_holdout,裂隙水,裂隙水5,LSTM,0.0724455041547562,0.054472840149763,0.91990337920331,0.91990337920331,52,0.8000000000000114,322.6370192307692,0.090556880193444,9.055688019344403,0.0002245418220372,0.0224541822037287
44,future_holdout,裂隙水,裂隙水5,Transformer,0.1471752023369436,0.121569995871856,0.669432160805619,0.669432160805619,52,0.8000000000000114,322.6370192307692,0.183969002921177,18.3969002921177,0.0004561634083027,0.0456163408302737
44,future_holdout,裂隙水,裂隙水5,TCN,0.2215168293980867,0.207676305900999,0.2511328688783532,0.2511328688783532,52,0.8000000000000114,322.6370192307692,0.2768960367476044,27.689603674760445,0.0006865821842956,0.0686582184295611
44,future_holdout,裂隙水,裂隙水5,DynamicGatedStacking,0.1042194551701449,0.092478481174383,0.8342364981855871,0.8342364981855871,52,0.8000000000000114,322.6370192307692,0.1302743189626793,13.02743189626793,0.000323023859502,0.0323023859502002
44,selection,岩溶水,岩溶水1,LSTM,1.162533501870482,0.7908557200561851,0.8738783540289168,0.8738783540289168,138,16.039999999999964,461.56492753623183,0.0724771509894317,7.24771509894317,0.0025186781588365,0.251867815883655
44,selection,岩溶水,岩溶水1,Transformer,1.0141058809735042,0.6524563561891732,0.9040278380894102,0.9040278380894102,138,16.039999999999964,461.56492753623183,0.0632235586641837,6.322355866418369,0.0021971034202851,0.219710342028511
44,selection,岩溶水,岩溶水1,TCN,1.226289621299076,0.9057670474985988,0.8596653936549625,0.8596653936549625,138,16.039999999999964,461.56492753623183,0.0764519714026857,7.645197140268572,0.0026568084967912,0.2656808496791202
44,selection,岩溶水,岩溶水1,DynamicGatedStacking,1.071617366532745,0.7338165845003637,0.8928337184771808,0.8928337184771808,138,16.039999999999964,461.56492753623183,0.0668090627514181,6.680906275141818,0.002321704493998,0.2321704493998031
44,test,岩溶水,岩溶水1,LSTM,0.7178927382218405,0.5387640697737253,0.8335299493011179,0.8335299493011179,71,9.25,460.3830985915493,0.0776100257537125,7.76100257537125,0.001559337735069,0.1559337735069099
44,test,岩溶水,岩溶水1,Transformer,0.7626960099530061,0.5586478672663332,0.8121029593925104,0.8121029593925104,71,9.25,460.3830985915493,0.0824536226976222,8.245362269762229,0.0016566551037306,0.1656655103730617
44,test,岩溶水,岩溶水1,TCN,0.909652620848879,0.7021601111489841,0.7327189667842748,0.7327189667842748,71,9.25,460.3830985915493,0.0983408238755544,9.834082387555448,0.0019758601556655,0.1975860155665533
44,test,岩溶水,岩溶水1,DynamicGatedStacking,0.716153036396475,0.5417644475782051,0.8343358004410049,0.8343358004410049,71,9.25,460.3830985915493,0.0774219498807,7.74219498807,0.0015555589216619,0.1555558921661987
44,future_holdout,岩溶水,岩溶水1,LSTM,0.9394894248774142,0.7116627168567177,0.8951837132270957,0.8951837132270957,52,9.120000000000005,460.9194230769231,0.1030141913242778,10.301419132427782,0.0020382942827745,0.2038294282774501
44,future_holdout,岩溶水,岩溶水1,Transformer,1.7182264173034962,1.2203894000098228,0.6494049643678794,0.6494049643678794,52,9.120000000000005,460.9194230769231,0.1884020194411727,18.840201944117275,0.0037278238478935,0.3727823847893562
44,future_holdout,岩溶水,岩溶水1,TCN,1.208242379946522,0.9958736463201991,0.8266383195412339,0.8266383195412339,52,9.120000000000005,460.9194230769231,0.1324827170993993,13.24827170993993,0.0026213744083092,0.2621374408309276
44,future_holdout,岩溶水,岩溶水1,DynamicGatedStacking,1.0269532957796896,0.7665555669983348,0.8747590467672649,0.8747590467672649,52,9.120000000000005,460.9194230769231,0.1126045280460185,11.260452804601854,0.0022280538514175,0.222805385141754
44,selection,岩溶水,岩溶水2,LSTM,1.2136073418176252,0.9514626918123368,0.944245559540616,0.944245559540616,138,21.97999999999996,503.30923045155646,0.055214164777872,5.521416477787203,0.0024112558808603,0.2411255880860374
44,selection,岩溶水,岩溶水2,Transformer,1.0018464844159616,0.7603369992355706,0.9620050892594588,0.9620050892594588,138,21.97999999999996,503.30923045155646,0.0455799128487699,4.557991284876994,0.0019905187979905,0.1990518797990511
44,selection,岩溶水,岩溶水2,TCN,1.090952404352502,0.8356581097831065,0.9549458626123504,0.9549458626123504,138,21.97999999999996,503.30923045155646,0.0496338673499774,4.963386734997743,0.0021675589048381,0.2167558904838138
44,selection,岩溶水,岩溶水2,DynamicGatedStacking,0.9893717891122225,0.7687627206229585,0.9629454010622134,0.9629454010622134,138,21.97999999999996,503.30923045155646,0.0450123652917299,4.501236529172995,0.0019657334482512,0.1965733448251252
44,test,岩溶水,岩溶水2,LSTM,0.7367975220939019,0.6015171259799128,0.9614795366282765,0.9614795366282765,71,12.189999999999998,499.7949295774648,0.0604427827804677,6.044278278046777,0.0014741996736877,0.1474199673687772
44,test,岩溶水,岩溶水2,Transformer,0.7416283681769119,0.5994131964848164,0.960972758399474,0.960972758399474,71,12.189999999999998,499.7949295774648,0.0608390786035202,6.083907860352027,0.0014838653301342,0.1483865330134295
44,test,岩溶水,岩溶水2,TCN,0.8043182739912552,0.6241341419193314,0.9540959439376246,0.9540959439376246,71,12.189999999999998,499.7949295774648,0.0659818108278306,6.598181082783063,0.0016092965862443,0.1609296586244361
44,test,岩溶水,岩溶水2,DynamicGatedStacking,0.6501027347159626,0.5024757827460582,0.9700111939574604,0.9700111939574604,71,12.189999999999998,499.7949295774648,0.0533308231924497,5.333082319244977,0.0013007389556063,0.1300738955606393
44,future_holdout,岩溶水,岩溶水2,LSTM,0.6042638011959192,0.4710246131854424,0.989521132776208,0.989521132776208,52,15.870000000000005,500.9328846153846,0.0380758538875815,3.8075853887581537,0.0012062769679412,0.1206276967941268
44,future_holdout,岩溶水,岩溶水2,Transformer,2.2300115134015788,1.814070113013159,0.8572831040368505,0.8572831040368505,52,15.870000000000005,500.9328846153846,0.1405174236547938,14.051742365479384,0.0044517171499207,0.4451717149920747
44,future_holdout,岩溶水,岩溶水2,TCN,1.479997590794768,1.2613425023700164,0.9371387232302072,0.9371387232302072,52,15.870000000000005,500.9328846153846,0.0932575671578303,9.325756715783037,0.0029544827984912,0.2954482798491274
44,future_holdout,岩溶水,岩溶水2,DynamicGatedStacking,1.0866272541101265,0.9551957595486038,0.9661138391582976,0.9661138391582976,52,15.870000000000005,500.9328846153846,0.0684705264089556,6.847052640895564,0.0021692072680443,0.2169207268044374
44,selection,岩溶水,岩溶水3,LSTM,1.371783059897688,0.5190211720919116,0.646374087840765,0.646374087840765,138,15.136300000000006,387.0044152898551,0.0906286912850358,9.06286912850358,0.0035446186288863,0.3544618628886345
44,selection,岩溶水,岩溶水3,Transformer,1.2818958311557216,0.4272128847755437,0.6911990127551633,0.6911990127551633,138,15.136300000000006,387.0044152898551,0.0846901707257203,8.469017072572036,0.0033123545378561,0.3312354537856161
44,selection,岩溶水,岩溶水3,TCN,1.3288723151284856,0.5287388541637615,0.6681516082992875,0.6681516082992875,138,15.136300000000006,387.0044152898551,0.0877937352674355,8.779373526743557,0.0034337394164694,0.3433739416469444
44,selection,岩溶水,岩溶水3,DynamicGatedStacking,1.281347783224828,0.4448242064762182,0.691462999205489,0.691462999205489,138,15.136300000000006,387.0044152898551,0.0846539632026867,8.465396320268677,0.0033109384094885,0.3310938409488522
44,test,岩溶水,岩溶水3,LSTM,0.4938221188076932,0.283460182864552,0.9051683517049872,0.9051683517049872,71,5.751170000000002,383.8266273239437,0.0858646360319192,8.586463603191925,0.0012865759789794,0.1286575978979475
44,test,岩溶水,岩溶水3,Transformer,0.4778213205465191,0.2402588433388736,0.9112142494050568,0.9112142494050568,71,5.751170000000002,383.8266273239437,0.0830824546216715,8.308245462167159,0.0012448884119319,0.1244888411931998
44,test,岩溶水,岩溶水3,TCN,0.4861270376685346,0.3308251820002805,0.9081007905854914,0.9081007905854914,71,5.751170000000002,383.8266273239437,0.0845266333056638,8.45266333056638,0.0012665276535341,0.1266527653534185
44,test,岩溶水,岩溶水3,DynamicGatedStacking,0.4638063129091684,0.2631365321335971,0.916346227050464,0.916346227050464,71,5.751170000000002,383.8266273239437,0.0806455578446069,8.064555784460698,0.0012083745104993,0.1208374510499301
44,future_holdout,岩溶水,岩溶水3,LSTM,1.444084464975115,1.3910190566242504,-1.7677569252232508,-1.7677569252232508,52,2.822899999999948,382.45746365384616,0.5115606167328428,51.156061673284285,0.0037758041147345,0.3775804114734505
44,future_holdout,岩溶水,岩溶水3,Transformer,0.2818103846666266,0.2449607169687558,0.8945960856118201,0.8945960856118201,52,2.822899999999948,382.45746365384616,0.099830098362192,9.983009836219203,0.0007368411168508,0.0736841116850806
44,future_holdout,岩溶水,岩溶水3,TCN,1.8873928189301208,1.822301645541576,-3.7278898599478554,-3.7278898599478554,52,2.822899999999948,382.45746365384616,0.6686006656028044,66.86006656028044,0.0049349091030901,0.4934909103090112
44,future_holdout,岩溶水,岩溶水3,DynamicGatedStacking,1.0239000537502576,0.988729478120431,-0.3914188598985653,-0.3914188598985653,52,2.822899999999948,382.45746365384616,0.362712123614112,36.2712123614112,0.0026771606023015,0.2677160602301559
44,selection,岩溶水,岩溶水4,LSTM,0.9057816283584506,0.6412216826471814,0.8823689734939897,0.8823689734939897,138,8.199999999999989,98.09728260869564,0.110461174190055,11.04611741900551,0.0092335037655585,0.9233503765558532
44,selection,岩溶水,岩溶水4,Transformer,0.8041761538178104,0.6326056922151961,0.9072791822959992,0.9072791822959992,138,8.199999999999989,98.09728260869564,0.0980702626607087,9.80702626607087,0.0081977413892862,0.8197741389286207
44,selection,岩溶水,岩溶水4,TCN,0.8575510331789772,0.6479469301439292,0.8945625678830108,0.8945625678830108,138,8.199999999999989,98.09728260869564,0.1045793942901193,10.457939429011931,0.0087418428969097,0.8741842896909778
44,selection,岩溶水,岩溶水4,DynamicGatedStacking,0.8025938734095406,0.6176536288447025,0.9076436944752864,0.9076436944752864,138,8.199999999999989,98.09728260869564,0.0978773016353099,9.787730163530997,0.0081816116824666,0.8181611682466687
44,test,岩溶水,岩溶水4,LSTM,0.5777318346064834,0.473117958491623,0.8485346065392685,0.8485346065392685,71,6.590000000000003,96.7878732394366,0.0876679566929412,8.766795669294128,0.0059690518581524,0.5969051858152454
44,test,岩溶水,岩溶水4,Transformer,0.5386620309043884,0.4300098523683497,0.8683279650032885,0.8683279650032885,71,6.590000000000003,96.7878732394366,0.0817393066622743,8.173930666227438,0.0055653876139196,0.5565387613919678
44,test,岩溶水,岩溶水4,TCN,0.6129897523874149,0.4903941673852382,0.8294831709326811,0.8294831709326811,71,6.590000000000003,96.7878732394366,0.0930181718342055,9.301817183420557,0.0063333321817185,0.6333332181718503
44,test,岩溶水,岩溶水4,DynamicGatedStacking,0.5021809194062319,0.3943740433089215,0.8855591079871502,0.8855591079871502,71,6.590000000000003,96.7878732394366,0.0762034779068636,7.620347790686368,0.0051884694083929,0.5188469408392954
44,future_holdout,岩溶水,岩溶水4,LSTM,1.142011517714654,0.7421573760647137,0.8210299853113745,0.8210299853113745,52,8.149999999999991,98.27240384615384,0.1401241126030252,14.01241126030252,0.0116208770012635,1.1620877001263563
44,future_holdout,岩溶水,岩溶水4,Transformer,1.234751178764231,0.978385292308874,0.7907824054126529,0.7907824054126529,52,8.149999999999991,98.27240384615384,0.1515032121183106,15.150321211831066,0.0125645769355275,1.256457693552752
44,future_holdout,岩溶水,岩溶水4,TCN,1.2360475407882263,1.009525000523396,0.7903428607877263,0.7903428607877263,52,8.149999999999991,98.27240384615384,0.1516622749433408,15.166227494334084,0.0125777684518969,1.257776845189691
44,future_holdout,岩溶水,岩溶水4,DynamicGatedStacking,0.9572030036756176,0.6935964489829579,0.8742675404382435,0.8742675404382435,52,8.149999999999991,98.27240384615384,0.1174482213098918,11.744822130989183,0.0097403031391612,0.9740303139161282
44,selection,岩溶水,岩溶水5,LSTM,0.4261309472804148,0.2522684169696062,0.8536635951630539,0.8536635951630539,138,5.220000000000027,430.7046195652174,0.0816342810882016,8.163428108820165,0.0009893809537278,0.0989380953727825
44,selection,岩溶水,岩溶水5,Transformer,0.3943745880302348,0.2345914733827762,0.8746616203235656,0.8746616203235656,138,5.220000000000027,430.7046195652174,0.0755506873621135,7.555068736211355,0.0009156497750786,0.0915649775078668
44,selection,岩溶水,岩溶水5,TCN,0.4218512845387493,0.2503585141340216,0.856588168581695,0.856588168581695,138,5.220000000000027,430.7046195652174,0.0808144223254304,8.081442232543049,0.0009794445319964,0.0979444531996417
44,selection,岩溶水,岩溶水5,DynamicGatedStacking,0.3964876554055865,0.2277917555837201,0.8733148906873006,0.8733148906873006,138,5.220000000000027,430.7046195652174,0.0759554895412997,7.59554895412997,0.0009205558459201,0.0920555845920176
44,test,岩溶水,岩溶水5,LSTM,0.3227577900262824,0.2464037767792191,0.7067313327433806,0.7067313327433806,71,2.8600000000000136,430.2881690140846,0.1128523741350632,11.285237413506326,0.0007500968264263,0.0750096826426379
44,test,岩溶水,岩溶水5,Transformer,0.3015397782031565,0.2251215333485257,0.7440227191445397,0.7440227191445397,71,2.8600000000000136,430.2881690140846,0.105433488882222,10.543348888222209,0.0007007856592805,0.0700785659280551
44,test,岩溶水,岩溶水5,TCN,0.3172719017645822,0.2352424508087439,0.7166159368250533,0.7166159368250533,71,2.8600000000000136,430.2881690140846,0.110934231386217,11.093423138621702,0.000737347490849,0.0737347490849084
44,test,岩溶水,岩溶水5,DynamicGatedStacking,0.3033839846415662,0.2265835135767678,0.7408820486236019,0.7408820486236019,71,2.8600000000000136,430.2881690140846,0.1060783163082394,10.607831630823942,0.0007050716391684,0.0705071639168483
44,future_holdout,岩溶水,岩溶水5,LSTM,0.4085931879469496,0.2575188748757995,0.7950236405793539,0.7950236405793539,52,2.8899999999999864,430.4707692307693,0.1413817259332012,14.138172593320125,0.000949177545033,0.0949177545033048
44,future_holdout,岩溶水,岩溶水5,Transformer,0.4536888045566264,0.3370916811576275,0.7472811382547078,0.7472811382547078,52,2.8899999999999864,430.4707692307693,0.1569857455213247,15.698574552132476,0.0010539363807845,0.1053936380784569
44,future_holdout,岩溶水,岩溶水5,TCN,0.3692196099802207,0.2833125357241532,0.8326248226683801,0.8326248226683801,52,2.8899999999999864,430.4707692307693,0.1277576505121876,12.775765051218768,0.0008577112230872,0.0857711223087222
44,future_holdout,岩溶水,岩溶水5,DynamicGatedStacking,0.374784793853155,0.2638890766641161,0.8275411619772375,0.8275411619772375,52,2.8899999999999864,430.4707692307693,0.1296833196723726,12.96833196723726,0.0008706393572852,0.0870639357285228
44,selection,孔隙水,孔隙水1,LSTM,0.090843103334844,0.0604846396674261,0.9315193729251384,0.9315193729251384,138,1.4399999999999975,107.5847463768116,0.063085488426975,6.308548842697509,0.0008443864617821,0.0844386461782132
44,selection,孔隙水,孔隙水1,Transformer,0.0972307642830506,0.0615344534399915,0.921550315071823,0.921550315071823,138,1.4399999999999975,107.5847463768116,0.0675213640854519,6.752136408545195,0.0009037597573777,0.0903759757377718
44,selection,孔隙水,孔隙水1,TCN,0.0854268071179213,0.0608352967365107,0.9394419121188348,0.9394419121188348,138,1.4399999999999975,107.5847463768116,0.0593241716096676,5.932417160966766,0.0007940419993994,0.0794041999399404
44,selection,孔隙水,孔隙水1,DynamicGatedStacking,0.0999282630151692,0.0640583221891606,0.9171370326469268,0.9171370326469268,138,1.4399999999999975,107.5847463768116,0.0693946270938676,6.939462709386763,0.0009288330026375,0.0928833002637513
44,test,孔隙水,孔隙水1,LSTM,0.0426054027219718,0.0296271916604874,0.8917047563202058,0.8917047563202058,71,0.4799999999999897,107.2312676056338,0.0887612556707765,8.876125567077652,0.0003973225689979,0.0397322568997901
44,test,孔隙水,孔隙水1,Transformer,0.0460933717406244,0.0299171679420583,0.8732473670648435,0.8732473670648435,71,0.4799999999999897,107.2312676056338,0.0960278577929696,9.602785779296966,0.0004298501059424,0.0429850105942445
44,test,孔隙水,孔隙水1,TCN,0.0483795621064889,0.0362956289331844,0.8603619100610271,0.8603619100610271,71,0.4799999999999897,107.2312676056338,0.1007907543885207,10.079075438852078,0.0004511702900353,0.0451170290035321
44,test,孔隙水,孔隙水1,DynamicGatedStacking,0.0424109936718993,0.0291042516046328,0.892690806925488,0.892690806925488,71,0.4799999999999897,107.2312676056338,0.0883562368164588,8.835623681645888,0.0003955095805439,0.0395509580543941
44,future_holdout,孔隙水,孔隙水1,LSTM,0.1941014399303057,0.1763414306519237,-1.979590128889836,-1.979590128889836,52,0.4399999999999977,107.07548076923078,0.4411396362052426,44.11396362052426,0.0018127533823418,0.1812753382341877
44,future_holdout,孔隙水,孔隙水1,Transformer,0.0888903265398402,0.0714908318975428,0.3751036102100992,0.3751036102100992,52,0.4399999999999977,107.07548076923078,0.2020234694087289,20.202346940872896,0.0008301650938314,0.0830165093831489
44,future_holdout,孔隙水,孔隙水1,TCN,0.1427599131187755,0.1215857386826102,-0.6118015252436928,-0.6118015252436928,52,0.4399999999999977,107.07548076923078,0.3244543479972188,32.44543479972188,0.0013332642738859,0.1333264273885931
44,future_holdout,孔隙水,孔隙水1,DynamicGatedStacking,0.135929130630882,0.115986993294272,-0.4612485424811894,-0.4612485424811894,52,0.4399999999999977,107.07548076923078,0.3089298423429154,30.892984234291543,0.0012694701873329,0.1269470187332959
44,selection,孔隙水,孔隙水2,LSTM,0.0596687198685887,0.048342909214548,0.9642035563111572,0.9642035563111572,138,1.3100000000000025,139.38065217391303,0.0455486411210599,4.554864112105999,0.0004280990147336,0.0428099014733671
44,selection,孔隙水,孔隙水2,Transformer,0.0552099236009659,0.0369137928397312,0.9693535105349044,0.9693535105349044,138,1.3100000000000025,139.38065217391303,0.0421449798480655,4.214497984806554,0.0003961089486945,0.0396108948694525
44,selection,孔隙水,孔隙水2,TCN,0.059263567510886,0.0431888620305589,0.96468802373885,0.96468802373885,138,1.3100000000000025,139.38065217391303,0.0452393645121266,4.523936451212666,0.0004251922098695,0.0425192209869556
44,selection,孔隙水,孔隙水2,DynamicGatedStacking,0.0504175361507288,0.0333927356242082,0.9744430114753716,0.9744430114753716,138,1.3100000000000025,139.38065217391303,0.0384866688173501,3.848666881735018,0.0003617255003787,0.0361725500378776
44,test,孔隙水,孔隙水2,LSTM,0.0475184204548551,0.0394190498723339,0.932761883184561,0.932761883184561,71,0.6999999999999886,139.32577464788733,0.0678834577926512,6.7883457792651285,0.0003410597972625,0.0341059797262542
44,test,孔隙水,孔隙水2,Transformer,0.0354481517233268,0.0251141871562933,0.9625821576247492,0.9625821576247492,71,0.6999999999999886,139.32577464788733,0.0506402167476106,5.064021674761064,0.0002544263745377,0.0254426374537759
44,test,孔隙水,孔隙水2,TCN,0.0451662595545163,0.036809277114995,0.9392537040999014,0.9392537040999014,71,0.6999999999999886,139.32577464788733,0.0645232279350244,6.452322793502442,0.0003241773438451,0.0324177343845123
44,test,孔隙水,孔隙水2,DynamicGatedStacking,0.0353115001456236,0.0275380335236872,0.9628700909197382,0.9628700909197382,71,0.6999999999999886,139.32577464788733,0.0504450002080346,5.044500020803467,0.00025344556838,0.0253445568380043
44,future_holdout,孔隙水,孔隙水2,LSTM,0.0622823726328472,0.0522932362705372,0.9708785140010402,0.9708785140010402,52,1.0699999999999932,139.17000000000002,0.0582078248905118,5.820782489051184,0.0004475272877261,0.0447527287726142
44,future_holdout,孔隙水,孔隙水2,Transformer,0.0533096171426138,0.0452211249371922,0.9786649157516838,0.9786649157516838,52,1.0699999999999932,139.17000000000002,0.0498220720959011,4.982207209590112,0.0003830539422477,0.038305394224771
44,future_holdout,孔隙水,孔隙水2,TCN,0.1100095174998905,0.1016172328359985,0.9091460622947692,0.9091460622947692,52,1.0699999999999932,139.17000000000002,0.1028126331774684,10.28126331774684,0.0007904686175173,0.0790468617517356
44,future_holdout,孔隙水,孔隙水2,DynamicGatedStacking,0.0410152711581541,0.029453927039037,0.9873708416329512,0.9873708416329512,52,1.0699999999999932,139.17000000000002,0.0383320291197704,3.833202911977048,0.0002947134523112,0.0294713452311231
44,selection,孔隙水,孔隙水3,LSTM,0.0915829355372576,0.0722384511747693,0.965281431850593,0.965281431850593,138,1.7000000000000028,112.84016304347826,0.0538723150219161,5.387231502191617,0.0008116164765019,0.0811616476501987
44,selection,孔隙水,孔隙水3,Transformer,0.0766041534186331,0.0610721760016379,0.9757094515555528,0.9757094515555528,138,1.7000000000000028,112.84016304347826,0.0450612667168429,4.506126671684293,0.0006788731188656,0.0678873118865637
44,selection,孔隙水,孔隙水3,TCN,0.0851792250756483,0.0655926664995833,0.9699669073872238,0.9699669073872238,138,1.7000000000000028,112.84016304347826,0.0501054265150871,5.010542651508716,0.0007548661999258,0.075486619992589
44,selection,孔隙水,孔隙水3,DynamicGatedStacking,0.0771268423121203,0.0605865210666006,0.9753768399505024,0.9753768399505024,138,1.7000000000000028,112.84016304347826,0.0453687307718354,4.53687307718354,0.0006835052363616,0.0683505236361655
44,test,孔隙水,孔隙水3,LSTM,0.0747598459211767,0.0556870672191896,0.9766663208093052,0.9766663208093052,71,1.460000000000008,112.86397887323945,0.0512053739186139,5.12053739186139,0.0006623888920763,0.0662388892076377
44,test,孔隙水,孔隙水3,Transformer,0.0640265778813401,0.0495067675501583,0.9828853899841428,0.9828853899841428,71,1.460000000000008,112.86397887323945,0.043853820466671,4.3853820466671065,0.0005672897457677,0.056728974576778
44,test,孔隙水,孔隙水3,TCN,0.0804173662221277,0.0620780532889444,0.973001097046824,0.973001097046824,71,1.460000000000008,112.86397887323945,0.0550803878233749,5.50803878233749,0.0007125157824928,0.0712515782492895
44,test,孔隙水,孔隙水3,DynamicGatedStacking,0.0649692293318719,0.0472444448996601,0.9823777297310252,0.9823777297310252,71,1.460000000000008,112.86397887323945,0.0444994721451174,4.44994721451175,0.0005756418476513,0.0575641847651327
44,future_holdout,孔隙水,孔隙水3,LSTM,0.2107264542686713,0.1589961540085256,0.8603722955875654,0.8603722955875654,52,1.6600000000000108,112.4626923076923,0.1269436471498012,12.69436471498012,0.0018737454167657,0.1873745416765715
44,future_holdout,孔隙水,孔隙水3,Transformer,0.2234767355703946,0.1875575681344998,0.8429644007397772,0.8429644007397772,52,1.6600000000000108,112.4626923076923,0.1346245395002368,13.462453950023685,0.0019871188479017,0.1987118847901786
44,future_holdout,孔隙水,孔隙水3,TCN,0.2276534077145027,0.1673982599233266,0.8370397096574138,0.8370397096574138,52,1.6600000000000108,112.4626923076923,0.1371406070569284,13.714060705692846,0.002024257138462,0.2024257138462009
44,future_holdout,孔隙水,孔隙水3,DynamicGatedStacking,0.207939455391423,0.1638191333268061,0.8640412124583761,0.8640412124583761,52,1.6600000000000108,112.4626923076923,0.125264732163507,12.526473216350706,0.0018489638752601,0.1848963875260172
44,selection,孔隙水,孔隙水4,LSTM,0.0878224051947706,0.0564522620818575,0.9120504953267132,0.9120504953267132,138,1.4699999999999989,35.51927536231884,0.0597431327855583,5.97431327855583,0.0024725280653652,0.2472528065365273
44,selection,孔隙水,孔隙水4,Transformer,0.0842963453459587,0.0540043247240866,0.9189710452855562,0.9189710452855562,138,1.4699999999999989,35.51927536231884,0.0573444526162985,5.734445261629854,0.0023732563371882,0.2373256337188282
44,selection,孔隙水,孔隙水4,TCN,0.0852811095460591,0.0560538894640442,0.917066799036659,0.917066799036659,138,1.4699999999999989,35.51927536231884,0.0580143602354144,5.801436023541443,0.0024009811201421,0.2400981120142189
44,selection,孔隙水,孔隙水4,DynamicGatedStacking,0.0805738557163367,0.0499142165499219,0.9259694395922216,0.9259694395922216,138,1.4699999999999989,35.51927536231884,0.0548121467458073,5.481214674580736,0.0022684543784869,0.2268454378486976
44,test,孔隙水,孔隙水4,LSTM,0.0483635434776798,0.0322425925905271,0.9678258407417958,0.9678258407417958,71,0.8699999999999974,35.25626760563381,0.0555902798594023,5.559027985940233,0.0013717715107753,0.1371771510775337
44,test,孔隙水,孔隙水4,Transformer,0.0527563701497635,0.033529535994529,0.9617156926169936,0.9617156926169936,71,0.8699999999999974,35.25626760563381,0.0606395059192685,6.063950591926858,0.0014963685532422,0.149636855324224
44,test,孔隙水,孔隙水4,TCN,0.0585347405525664,0.0417375870762069,0.952869898333916,0.952869898333916,71,0.8699999999999974,35.25626760563381,0.0672813109799616,6.728131097996163,0.0016602648132615,0.1660264813261538
44,test,孔隙水,孔隙水4,DynamicGatedStacking,0.0511670814132148,0.032825731705322,0.963987582873355,0.963987582873355,71,0.8699999999999974,35.25626760563381,0.0588127372565689,5.881273725656891,0.0014512903630513,0.145129036305132
44,future_holdout,孔隙水,孔隙水4,LSTM,0.0368773661379448,0.031018224291259,0.9868235934779837,0.9868235934779837,52,0.9099999999999966,35.18057692307693,0.0405245781735659,4.052457817356595,0.0010482308524552,0.1048230852455262
44,future_holdout,孔隙水,孔隙水4,Transformer,0.0521035385766722,0.0470247946534788,0.9736966155216938,0.9736966155216938,52,0.9099999999999966,35.18057692307693,0.0572566357985411,5.725663579854117,0.001481031385318,0.1481031385318033
44,future_holdout,孔隙水,孔隙水4,TCN,0.0592939290618809,0.0489354752203349,0.9659358423687724,0.9659358423687724,52,0.9099999999999966,35.18057692307693,0.0651581638042649,6.515816380426498,0.0016854166204132,0.1685416620413256
44,future_holdout,孔隙水,孔隙水4,DynamicGatedStacking,0.0563073751689948,0.0487980626230912,0.9692809514540324,0.9692809514540324,52,0.9099999999999966,35.18057692307693,0.0618762364494451,6.187623644944513,0.0016005244965741,0.1600524496574121
44,selection,孔隙水,孔隙水5,LSTM,0.0545998149951489,0.039662410256802,0.9693793972043684,0.9693793972043684,138,1.1700000000000017,40.52177536231885,0.0466665085428622,4.666650854286225,0.0013474191223596,0.1347419122359609
44,selection,孔隙水,孔隙水5,Transformer,0.0457606268855652,0.0334038591964531,0.9784912424432956,0.9784912424432956,138,1.1700000000000017,40.52177536231885,0.0391116469107394,3.911164691073944,0.0011292848468855,0.1129284846885508
44,selection,孔隙水,孔隙水5,TCN,0.0521251042588307,0.0388048065584442,0.9720922215296844,0.9720922215296844,138,1.1700000000000017,40.52177536231885,0.0445513711613936,4.45513711613937,0.0012863479892665,0.1286347989266575
44,selection,孔隙水,孔隙水5,DynamicGatedStacking,0.0444925799957163,0.0304436095990504,0.9796667606204496,0.9796667606204496,138,1.1700000000000017,40.52177536231885,0.0380278461501848,3.802784615018482,0.0010979918722191,0.109799187221915
44,test,孔隙水,孔隙水5,LSTM,0.0203344152036279,0.0155429188748077,0.9868592151541996,0.9868592151541996,71,0.5600000000000023,40.15161971830986,0.0363114557207641,3.631145572076412,0.0005064407201076,0.0506440720107615
44,test,孔隙水,孔隙水5,Transformer,0.018308789906995,0.0141605652832884,0.989346870340085,0.989346870340085,71,0.5600000000000023,40.15161971830986,0.0326942676910624,3.269426769106249,0.0004559913158035,0.0455991315803529
44,test,孔隙水,孔隙水5,TCN,0.028917759588575,0.0221463763359005,0.9734241467976188,0.9734241467976188,71,0.5600000000000023,40.15161971830986,0.0516388564081695,5.1638856408169564,0.0007202140235301,0.0720214023530115
44,test,孔隙水,孔隙水5,DynamicGatedStacking,0.0187613348630417,0.0144943682818715,0.9888137273455194,0.9888137273455194,71,0.5600000000000023,40.15161971830986,0.033502383684003,3.350238368400303,0.0004672622174314,0.0467262217431449
44,future_holdout,孔隙水,孔隙水5,LSTM,0.0830218023798785,0.0783226359990674,0.8860868856912701,0.8860868856912701,52,0.75,40.18,0.1106957365065047,11.06957365065047,0.0020662469482299,0.2066246948229928
44,future_holdout,孔隙水,孔隙水5,Transformer,0.059071719172213,0.0503491599329085,0.9423301753400832,0.9423301753400832,52,0.75,40.18,0.0787622922296174,7.876229222961746,0.0014701771819863,0.1470177181986388
44,future_holdout,孔隙水,孔隙水5,TCN,0.063086170485612,0.0531627547477719,0.9342254719234474,0.9342254719234474,52,0.75,40.18,0.084114893980816,8.411489398081608,0.0015700888622601,0.1570088862260131
44,future_holdout,孔隙水,孔隙水5,DynamicGatedStacking,0.0508629205368636,0.0411413409384195,0.957244499221954,0.957244499221954,52,0.75,40.18,0.0678172273824848,6.781722738248481,0.0012658765688617,0.1265876568861712
45,selection,裂隙水,裂隙水1,LSTM,0.6215814887573791,0.3988563122937375,0.8408703401036572,0.8408703401036572,138,6.929039999999986,196.3614404347826,0.0897067254276754,8.970672542767545,0.0031654966849961,0.3165496684996179
45,selection,裂隙水,裂隙水1,Transformer,0.5860479748036463,0.3450526891187482,0.8585440144238463,0.8585440144238463,138,6.929039999999986,196.3614404347826,0.0845785238364401,8.457852383644019,0.0029845369513791,0.2984536951379158
45,selection,裂隙水,裂隙水1,TCN,0.6137257199551115,0.3859723225346647,0.844867197554309,0.844867197554309,138,6.929039999999986,196.3614404347826,0.0885729798002483,8.857297980024834,0.0031254900075911,0.3125490007591118
45,selection,裂隙水,裂隙水1,DynamicGatedStacking,0.5841371393351721,0.3568812525098528,0.8594649576398664,0.8594649576398664,138,6.929039999999986,196.3614404347826,0.0843027518004187,8.430275180041871,0.0029748057360028,0.2974805736002844
45,test,裂隙水,裂隙水1,LSTM,0.3904468323224604,0.3149342957192282,0.8388372160150392,0.8388372160150392,71,4.359559999999988,195.74704767605635,0.0895610640345497,8.95610640345497,0.0019946499166036,0.199464991660367
45,test,裂隙水,裂隙水1,Transformer,0.3608733222104151,0.2796722117245015,0.8623264507002071,0.8623264507002071,71,4.359559999999988,195.74704767605635,0.0827774642877758,8.277746428777586,0.0018435696808445,0.1843569680844575
45,test,裂隙水,裂隙水1,TCN,0.4563496957638704,0.3696361820771593,0.7798409796437746,0.7798409796437746,71,4.359559999999988,195.74704767605635,0.1046779252410499,10.467792524104995,0.0023313235176812,0.2331323517681287
45,test,裂隙水,裂隙水1,DynamicGatedStacking,0.3779985654980752,0.298908939577471,0.8489498166402865,0.8489498166402865,71,4.359559999999988,195.74704767605635,0.086705668805585,8.670566880558503,0.0019310562789362,0.1931056278936215
45,future_holdout,裂隙水,裂隙水1,LSTM,0.5495438214492416,0.4487404399981368,0.8250875155508619,0.8250875155508619,52,4.379999999999996,195.6493294230769,0.1254666259016534,12.546662590165347,0.0028088203678986,0.2808820367898602
45,future_holdout,裂隙水,裂隙水1,Transformer,0.6381835819855504,0.5059637395311278,0.7641111548484327,0.7641111548484327,52,4.379999999999996,195.6493294230769,0.1457040141519522,14.570401415195228,0.0032618746195931,0.3261874619593131
45,future_holdout,裂隙水,裂隙水1,TCN,0.5780351477353398,0.4625590170431463,0.8064805401651456,0.8064805401651456,52,4.379999999999996,195.6493294230769,0.1319714949167444,13.19714949167444,0.0029544448194114,0.2954444819411481
45,future_holdout,裂隙水,裂隙水1,DynamicGatedStacking,0.5576863373157953,0.4570013958605345,0.819865806498564,0.819865806498564,52,4.379999999999996,195.6493294230769,0.1273256477889945,12.73256477889945,0.0028504382762786,0.2850438276278682
45,selection,裂隙水,裂隙水2,LSTM,0.1939557112204639,0.1565465635074742,0.9677462727930756,0.9677462727930756,138,4.639999999999986,303.8561594202898,0.0418007998319966,4.180079983199665,0.0006383142325977,0.0638314232597756
45,selection,裂隙水,裂隙水2,Transformer,0.1776066473489206,0.1264190907073894,0.972954613249646,0.972954613249646,138,4.639999999999986,303.8561594202898,0.0382772946872674,3.827729468726748,0.0005845089587381,0.0584508958738129
45,selection,裂隙水,裂隙水2,TCN,0.1872073791937887,0.1400620996601272,0.9699516457537996,0.9699516457537996,138,4.639999999999986,303.8561594202898,0.0403464179296959,4.034641792969597,0.0006161052635923,0.0616105263592323
45,selection,裂隙水,裂隙水2,DynamicGatedStacking,0.1649479845248699,0.123879546677557,0.9766724681837546,0.9766724681837546,138,4.639999999999986,303.8561594202898,0.0355491345958772,3.554913459587725,0.00054284890864,0.0542848908640078
45,test,裂隙水,裂隙水2,LSTM,0.1771274614780104,0.1263030275020653,0.8802701665664231,0.8802701665664231,71,1.8199999999999927,303.2730985915493,0.0973227810318742,9.732278103187424,0.0005840526650752,0.0584052665075207
45,test,裂隙水,裂隙水2,Transformer,0.1984619394275851,0.1317537358897455,0.8496909799375713,0.8496909799375713,71,1.8199999999999927,303.2730985915493,0.1090450216635087,10.904502166350872,0.0006544000781779,0.065440007817797
45,test,裂隙水,裂隙水2,TCN,0.2230347845089234,0.1727034933420234,0.8101652201130448,0.8101652201130448,71,1.8199999999999927,303.2730985915493,0.1225465848950133,12.254658489501333,0.0007354255472863,0.073542554728637
45,test,裂隙水,裂隙水2,DynamicGatedStacking,0.1847567093517167,0.1308841824445583,0.8697340178107953,0.8697340178107953,71,1.8199999999999927,303.2730985915493,0.1015146754679766,10.151467546797663,0.0006092090271433,0.0609209027143382
45,future_holdout,裂隙水,裂隙水2,LSTM,0.6958892947118439,0.5521473071546257,0.4504749131519274,0.4504749131519274,52,2.730000000000018,302.7888461538462,0.2549045035574502,25.490450355745025,0.0022982659485358,0.2298265948535847
45,future_holdout,裂隙水,裂隙水2,Transformer,0.7924018287237654,0.6454675105689927,0.287478209141867,0.287478209141867,52,2.730000000000018,302.7888461538462,0.2902570801185934,29.025708011859347,0.0026170112895147,0.2617011289514767
45,future_holdout,裂隙水,裂隙水2,TCN,0.6888827680500167,0.5416000753592632,0.4614849376345998,0.4614849376345998,52,2.730000000000018,302.7888461538462,0.2523380102747297,25.233801027472968,0.0022751259724408,0.2275125972440864
45,future_holdout,裂隙水,裂隙水2,DynamicGatedStacking,0.7241802299967232,0.5677621730641642,0.4048854870510705,0.4048854870510705,52,2.730000000000018,302.7888461538462,0.2652674835152814,26.526748351528145,0.0023917004843327,0.2391700484332798
45,selection,裂隙水,裂隙水3,LSTM,0.0958446842629534,0.076369212741063,0.9632874800570504,0.9632874800570504,138,1.7800000000000011,185.90217391304347,0.0538453282376142,5.384532823761428,0.0005155651612109,0.0515565161210999
45,selection,裂隙水,裂隙水3,Transformer,0.0720603942719518,0.0552217366800708,0.9792474532277532,0.9792474532277532,138,1.7800000000000011,185.90217391304347,0.0404833675685122,4.048336756851223,0.0003876253448529,0.0387625344852924
45,selection,裂隙水,裂隙水3,TCN,0.0933230961600788,0.0707677455180243,0.9651938160523054,0.9651938160523054,138,1.7800000000000011,185.90217391304347,0.0524287057079094,5.242870570790943,0.0005020011019544,0.0502001101954467
45,selection,裂隙水,裂隙水3,DynamicGatedStacking,0.0771688376607045,0.0594408819448913,0.9762008168595996,0.9762008168595996,138,1.7800000000000011,185.90217391304347,0.0433532795846654,4.335327958466546,0.0004151045468505,0.0415104546850542
45,test,裂隙水,裂隙水3,LSTM,0.1026769926950811,0.0833730597286264,0.8737633616538649,0.8737633616538649,71,1.3499999999999943,186.1540845070422,0.0760570316259863,7.605703162598637,0.0005515699156802,0.0551569915680238
45,test,裂隙水,裂隙水3,Transformer,0.0592418810173374,0.0434122626315479,0.9579760549718636,0.9579760549718636,71,1.3499999999999943,186.1540845070422,0.0438828748276575,4.388287482765756,0.0003182411021182,0.0318241102118263
45,test,裂隙水,裂隙水3,TCN,0.083063230602031,0.0693548759221709,0.9173854052117624,0.9173854052117624,71,1.3499999999999943,186.1540845070422,0.0615283189644677,6.152831896446771,0.0004462068657907,0.0446206865790735
45,test,裂隙水,裂隙水3,DynamicGatedStacking,0.0663271017803184,0.0544675919675372,0.9473229819633808,0.9473229819633808,71,1.3499999999999943,186.1540845070422,0.0491311865039397,4.9131186503939785,0.0003563021566567,0.035630215665673
45,future_holdout,裂隙水,裂隙水3,LSTM,0.2090789408309209,0.1828610161703456,0.9106309595793846,0.9106309595793846,52,2.0,185.6351923076923,0.1045394704154604,10.453947041546046,0.0011262893540378,0.1126289354037839
45,future_holdout,裂隙水,裂隙水3,Transformer,0.3114284801753806,0.2695504726678789,0.8017180575398173,0.8017180575398173,52,2.0,185.6351923076923,0.1557142400876903,15.57142400876903,0.0016776370703416,0.1677637070341622
45,future_holdout,裂隙水,裂隙水3,TCN,0.326661363534901,0.2730925115360809,0.7818465662405074,0.7818465662405074,52,2.0,185.6351923076923,0.1633306817674505,16.33306817674505,0.0017596952359844,0.1759695235984437
45,future_holdout,裂隙水,裂隙水3,DynamicGatedStacking,0.283288262545474,0.2405543346789154,0.8359320794443564,0.8359320794443564,52,2.0,185.6351923076923,0.141644131272737,14.1644131272737,0.0015260482617752,0.1526048261775281
45,selection,裂隙水,裂隙水4,LSTM,0.1220661510897185,0.0761225365188503,0.9403759413550334,0.9403759413550334,138,2.049999999999997,52.14630434782609,0.0595444639462042,5.954446394620425,0.0023408399236792,0.2340839923679219
45,selection,裂隙水,裂隙水4,Transformer,0.1291066977931042,0.0804997286207795,0.9332995782607318,0.9332995782607318,138,2.049999999999997,52.14630434782609,0.062978876972246,6.297887697224605,0.0024758551810678,0.2475855181067812
45,selection,裂隙水,裂隙水4,TCN,0.1085526775672955,0.0734223466291795,0.9528466976019596,0.9528466976019596,138,2.049999999999997,52.14630434782609,0.0529525256425832,5.295252564258329,0.0020816945500725,0.2081694550072579
45,selection,裂隙水,裂隙水4,DynamicGatedStacking,0.1186721797162158,0.0726388570100488,0.943645464781552,0.943645464781552,138,2.049999999999997,52.14630434782609,0.0578888681542517,5.788886815425171,0.0022757543645787,0.2275754364578726
45,test,裂隙水,裂隙水4,LSTM,0.0606001978591267,0.04675810782975,0.9313243834083692,0.9313243834083692,71,0.9299999999999996,52.00295774647888,0.0651615030743298,6.516150307432985,0.0011653221371476,0.1165322137147669
45,test,裂隙水,裂隙水4,Transformer,0.0574546165641158,0.0411520984224473,0.9382688533039863,0.9382688533039863,71,0.9299999999999996,52.00295774647888,0.0617791575958235,6.177915759582355,0.0011048336297372,0.1104833629737264
45,test,裂隙水,裂隙水4,TCN,0.0671540827284354,0.0529928550719934,0.9156666551441226,0.9156666551441226,71,0.9299999999999996,52.00295774647888,0.0722086911058446,7.220869110584463,0.0012913512161331,0.1291351216133134
45,test,裂隙水,裂隙水4,DynamicGatedStacking,0.0560428308117171,0.0405478436917276,0.9412653194257444,0.9412653194257444,71,0.9299999999999996,52.00295774647888,0.0602611083996958,6.026110839969586,0.0010776854479111,0.107768544791112
45,future_holdout,裂隙水,裂隙水4,LSTM,0.1436928727616264,0.1081292729651955,0.8758955351169263,0.8758955351169263,52,1.1199999999999974,52.21,0.128297207822881,12.829720782288106,0.0027522097828313,0.2752209782831382
45,future_holdout,裂隙水,裂隙水4,Transformer,0.2344843912841558,0.1774646842016607,0.6695202687071631,0.6695202687071631,52,1.1199999999999974,52.21,0.2093610636465682,20.93610636465682,0.0044911777683232,0.449117776832323
45,future_holdout,裂隙水,裂隙水4,TCN,0.1452948707056142,0.1301353364113421,0.8731128867495692,0.8731128867495692,52,1.1199999999999974,52.21,0.129727563130013,12.972756313001298,0.0027828935205059,0.2782893520505923
45,future_holdout,裂隙水,裂隙水4,DynamicGatedStacking,0.1615408062134806,0.1172690656874499,0.8431511122189168,0.8431511122189168,52,1.1199999999999974,52.21,0.144232862690608,14.4232862690608,0.0030940587284711,0.3094058728471185
45,selection,裂隙水,裂隙水5,LSTM,0.1829548644729098,0.1096312727087556,0.9262433440083224,0.9262433440083224,138,2.9699999999999704,323.411268115942,0.0616009644689938,6.160096446899383,0.0005657034324707,0.056570343247076
45,selection,裂隙水,裂隙水5,Transformer,0.2059630544496383,0.1173508985163609,0.906525759820248,0.906525759820248,138,2.9699999999999704,323.411268115942,0.0693478297810237,6.93478297810237,0.0006368456351242,0.0636845635124256
45,selection,裂隙水,裂隙水5,TCN,0.1629737520574309,0.1116063824652216,0.9414740294631696,0.9414740294631696,138,2.9699999999999704,323.411268115942,0.0548733171910547,5.487331719105472,0.0005039210693147,0.0503921069314768
45,selection,裂隙水,裂隙水5,DynamicGatedStacking,0.1882448436316368,0.111273965640893,0.9219164636875202,0.9219164636875202,138,2.9699999999999704,323.411268115942,0.0633821022328749,6.338210223287498,0.0005820602501832,0.0582060250183217
45,test,裂隙水,裂隙水5,LSTM,0.090700986693651,0.0740550513626419,0.8632603565348571,0.8632603565348571,71,1.0400000000000205,322.4869718309859,0.0872124872054319,8.721248720543194,0.0002812547315591,0.0281254731559162
45,test,裂隙水,裂隙水5,Transformer,0.0928830201748295,0.0812847190100729,0.8566020057029555,0.8566020057029555,71,1.0400000000000205,322.4869718309859,0.0893105963219497,8.93105963219497,0.0002880210001894,0.0288021000189456
45,test,裂隙水,裂隙水5,TCN,0.1105052190548408,0.0910110827678692,0.7970280614222105,0.7970280614222105,71,1.0400000000000205,322.4869718309859,0.1062550183219602,10.625501832196026,0.0003426656848412,0.0342665684841234
45,test,裂隙水,裂隙水5,DynamicGatedStacking,0.0854561891910854,0.0698154230876016,0.8786171125482278,0.8786171125482278,71,1.0400000000000205,322.4869718309859,0.0821694126837343,8.216941268373436,0.0002649911365593,0.0264991136559379
45,future_holdout,裂隙水,裂隙水5,LSTM,0.1586113458049752,0.1483836170624849,0.6160631335240416,0.6160631335240416,52,0.8000000000000114,322.6370192307692,0.1982641822562162,19.826418225621623,0.0004916092585504,0.0491609258550479
45,future_holdout,裂隙水,裂隙水5,Transformer,0.2129415073792053,0.1939692022120421,0.3079906475618401,0.3079906475618401,52,0.8000000000000114,322.6370192307692,0.2661768842240029,26.61768842240029,0.0006600033309472,0.0660003330947267
45,future_holdout,裂隙水,裂隙水5,TCN,0.1108705074284807,0.0806212060826527,0.8124040810706417,0.8124040810706417,52,0.8000000000000114,322.6370192307692,0.138588134285599,13.858813428559902,0.0003436385188928,0.0343638518892897
45,future_holdout,裂隙水,裂隙水5,DynamicGatedStacking,0.0831150749377532,0.0678095772826343,0.8945732260327508,0.8945732260327508,52,0.8000000000000114,322.6370192307692,0.10389384367219,10.389384367219009,0.0002576117121832,0.0257611712183295
45,selection,岩溶水,岩溶水1,LSTM,1.1857192063231434,0.8081212173146136,0.8687974171110949,0.8687974171110949,138,16.039999999999964,461.56492753623183,0.0739226437857323,7.39226437857323,0.0025689109713173,0.2568910971317393
45,selection,岩溶水,岩溶水1,Transformer,1.068628330008353,0.7354866351426774,0.8934307173757279,0.8934307173757279,138,16.039999999999964,461.56492753623183,0.0666227138409199,6.662271384091992,0.0023152286195412,0.2315228619541219
45,selection,岩溶水,岩溶水1,TCN,1.1405010589272706,0.7864291124086384,0.8786135917316888,0.8786135917316888,138,16.039999999999964,461.56492753623183,0.0711035572897302,7.110355728973025,0.0024709439363495,0.2470943936349548
45,selection,岩溶水,岩溶水1,DynamicGatedStacking,1.0750936075352142,0.7320804637828907,0.8921373130777054,0.8921373130777054,138,16.039999999999964,461.56492753623183,0.0670257860059362,6.70257860059362,0.0023292359176289,0.2329235917628992
45,test,岩溶水,岩溶水1,LSTM,0.7857582026456945,0.586993108190579,0.8005680030371991,0.8005680030371991,71,9.25,460.3830985915493,0.0849468327184534,8.494683271845346,0.0017067485862308,0.1706748586230828
45,test,岩溶水,岩溶水1,Transformer,0.7180537710298849,0.5677152861519317,0.8334552580697141,0.8334552580697141,71,9.25,460.3830985915493,0.0776274347059335,7.7627434705933505,0.001559687515086,0.1559687515086083
45,test,岩溶水,岩溶水1,TCN,0.7625558465699127,0.5517959234164858,0.8121720140737578,0.8121720140737578,71,9.25,460.3830985915493,0.08243846989945,8.243846989945002,0.0016563506542764,0.1656350654276408
45,test,岩溶水,岩溶水1,DynamicGatedStacking,0.6713890918384436,0.5098144257779624,0.8543985992638357,0.8543985992638357,71,9.25,460.3830985915493,0.072582604523075,7.2582604523075,0.0014583269757131,0.1458326975713108
45,future_holdout,岩溶水,岩溶水1,LSTM,0.9789918878401372,0.7470122219607873,0.886184040301046,0.886184040301046,52,9.120000000000005,460.9194230769231,0.107345601736857,10.73456017368571,0.002123997902507,0.2123997902507034
45,future_holdout,岩溶水,岩溶水1,Transformer,1.623468242828454,1.271592737942672,0.6870084781453614,0.6870084781453614,52,9.120000000000005,460.9194230769231,0.17801186873119,17.801186873119004,0.0035222387288233,0.3522238728823351
45,future_holdout,岩溶水,岩溶水1,TCN,1.2176907591118276,0.884156596282818,0.8239163634270341,0.8239163634270341,52,9.120000000000005,460.9194230769231,0.1335187235868231,13.351872358682312,0.0026418733907609,0.2641873390760984
45,future_holdout,岩溶水,岩溶水1,DynamicGatedStacking,1.2787037377991508,0.9605917748420482,0.8058287851766565,0.8058287851766565,52,9.120000000000005,460.9194230769231,0.1402087431797313,14.020874317973137,0.0027742457223065,0.2774245722306537
45,selection,岩溶水,岩溶水2,LSTM,1.429907571328252,1.1441143616776304,0.9226003488983884,0.9226003488983884,138,21.97999999999996,503.30923045155646,0.065054939550876,6.5054939550876005,0.0028410120157052,0.2841012015705285
45,selection,岩溶水,岩溶水2,Transformer,0.8453663148732442,0.6044719359304445,0.9729471547207708,0.9729471547207708,138,21.97999999999996,503.30923045155646,0.0384607058632049,3.846070586320499,0.0016796161558865,0.1679616155886516
45,selection,岩溶水,岩溶水2,TCN,1.1053624323265596,0.8702214525283166,0.9537477917921536,0.9537477917921536,138,21.97999999999996,503.30923045155646,0.0502894646190428,5.028946461904284,0.0021961894705067,0.2196189470506742
45,selection,岩溶水,岩溶水2,DynamicGatedStacking,0.949910828327075,0.7163418130502177,0.9658422899066904,0.9658422899066904,138,21.97999999999996,503.30923045155646,0.0432170531540981,4.321705315409812,0.0018873304339656,0.1887330433965692
45,test,岩溶水,岩溶水2,LSTM,0.8110974893816821,0.6573748840859268,0.9533188760921611,0.9533188760921611,71,12.189999999999998,499.7949295774648,0.0665379400641248,6.653794006412488,0.0016228605801731,0.1622860580173148
45,test,岩溶水,岩溶水2,Transformer,0.6434516916813134,0.452049893971307,0.9706216714458076,0.9706216714458076,71,12.189999999999998,499.7949295774648,0.0527852085054399,5.278520850544,0.0012874314115697,0.1287431411569738
45,test,岩溶水,岩溶水2,TCN,0.7595284650215391,0.5942638562522409,0.9590660835514684,0.9590660835514684,71,12.189999999999998,499.7949295774648,0.0623075032831451,6.230750328314514,0.0015196802129698,0.1519680212969862
45,test,岩溶水,岩溶水2,DynamicGatedStacking,0.5629412023977349,0.4223938145167357,0.977513531115612,0.977513531115612,71,12.189999999999998,499.7949295774648,0.0461805744378781,4.618057443787818,0.001126344364625,0.1126344364625017
45,future_holdout,岩溶水,岩溶水2,LSTM,1.1210283537030947,0.9058012272422228,0.9639342992267694,0.9639342992267694,52,15.870000000000005,500.9328846153846,0.070638207542728,7.063820754272807,0.002237881337265,0.2237881337265007
45,future_holdout,岩溶水,岩溶水2,Transformer,2.2254764759781303,2.03296859470878,0.857862982972825,0.857862982972825,52,15.870000000000005,500.9328846153846,0.1402316620024026,14.023166200240262,0.0044426639662254,0.4442663966225429
45,future_holdout,岩溶水,岩溶水2,TCN,1.44475622658823,1.0693000136391713,0.9400967575541188,0.9400967575541188,52,15.870000000000005,500.9328846153846,0.0910369392935242,9.103693929352424,0.002884131329684,0.2884131329684039
45,future_holdout,岩溶水,岩溶水2,DynamicGatedStacking,0.8558874315152847,0.6613413642696228,0.9789770102448684,0.9789770102448684,52,15.870000000000005,500.9328846153846,0.0539311551049328,5.393115510493286,0.0017085870339146,0.17085870339146
45,selection,岩溶水,岩溶水3,LSTM,1.3486666310736968,0.5288832387685877,0.6581918338301067,0.6581918338301067,138,15.136300000000006,387.0044152898551,0.0891014733504024,8.910147335040243,0.003484886936144,0.3484886936144086
45,selection,岩溶水,岩溶水3,Transformer,1.3007996827719162,0.4677541158744961,0.6820242103948219,0.6820242103948219,138,15.136300000000006,387.0044152898551,0.0859390790861647,8.593907908616476,0.0033612011423633,0.3361201142363337
45,selection,岩溶水,岩溶水3,TCN,1.31637447807843,0.5437459509353488,0.6743642207722651,0.6743642207722651,138,15.136300000000006,387.0044152898551,0.0869680488678494,8.696804886784944,0.0034014456323256,0.3401445632325677
45,selection,岩溶水,岩溶水3,DynamicGatedStacking,1.2902865243373964,0.4658436075272972,0.6871432475477859,0.6871432475477859,138,15.136300000000006,387.0044152898551,0.0852445131463697,8.524451314636972,0.0033340356682261,0.3334035668226187
45,test,岩溶水,岩溶水3,LSTM,0.4641853599627648,0.254359908621264,0.9162094386010792,0.9162094386010792,71,5.751170000000002,383.8266273239437,0.0807114656605116,8.071146566051162,0.0012093620580705,0.1209362058070555
45,test,岩溶水,岩溶水3,Transformer,0.5356669186592523,0.3781076157709211,0.8884160130654397,0.8884160130654397,71,5.751170000000002,383.8266273239437,0.093140512045245,9.314051204524509,0.0013955960335371,0.1395596033537188
45,test,岩溶水,岩溶水3,TCN,0.5791144877748208,0.4300743092950002,0.8695809351385511,0.8695809351385511,71,5.751170000000002,383.8266273239437,0.1006950738327715,10.069507383277152,0.0015087918517077,0.1508791851707717
45,test,岩溶水,岩溶水3,DynamicGatedStacking,0.508204281483317,0.3500470457749918,0.8995641264504806,0.8995641264504806,71,5.751170000000002,383.8266273239437,0.0883653728690539,8.836537286905392,0.001324046445205,0.1324046445205065
45,future_holdout,岩溶水,岩溶水3,LSTM,1.3757792358023084,1.3444956099065473,-1.5121192708979363,-1.5121192708979363,52,2.822899999999948,382.45746365384616,0.4873637875242956,48.73637875242956,0.0035972084912624,0.3597208491262432
45,future_holdout,岩溶水,岩溶水3,Transformer,1.0223642968148283,0.8777304141914744,-0.3872479867890672,-0.3872479867890672,52,2.822899999999948,382.45746365384616,0.3621680884249698,36.21680884249698,0.002673145104942,0.2673145104942043
45,future_holdout,岩溶水,岩溶水3,TCN,2.6202872745541623,2.516353791727419,-8.112563537945675,-8.112563537945675,52,2.822899999999948,382.45746365384616,0.9282253266336784,92.82253266336784,0.0068511861411226,0.685118614112268
45,future_holdout,岩溶水,岩溶水3,DynamicGatedStacking,1.4024444741528546,1.3451516604567098,-1.6104423425155765,-1.6104423425155765,52,2.822899999999948,382.45746365384616,0.4968098317874812,49.68098317874812,0.0036669292860818,0.3666929286081801
45,selection,岩溶水,岩溶水4,LSTM,0.9322185923335992,0.6682477916033825,0.8754021948843747,0.8754021948843747,138,8.199999999999989,98.09728260869564,0.1136851941870244,11.368519418702446,0.0095030011794736,0.9503001179473696
45,selection,岩溶水,岩溶水4,Transformer,0.7240727842260823,0.5616714887857432,0.9248309054174284,0.9248309054174284,138,8.199999999999989,98.09728260869564,0.0883015590519613,8.830155905196138,0.0073811706600922,0.7381170660092253
45,selection,岩溶水,岩溶水4,TCN,0.8712192362946497,0.6542939495797866,0.8911747225078404,0.8911747225078404,138,8.199999999999989,98.09728260869564,0.1062462483286159,10.624624832861596,0.0088811760440897,0.8881176044089748
45,selection,岩溶水,岩溶水4,DynamicGatedStacking,0.7615853257629851,0.5736022824760535,0.9168404738086072,0.9168404738086072,138,8.199999999999989,98.09728260869564,0.0928762592393885,9.287625923938856,0.0077635720940497,0.7763572094049788
45,test,岩溶水,岩溶水4,LSTM,0.6570356966727963,0.5239672948186821,0.8040980540170927,0.8040980540170927,71,6.590000000000003,96.7878732394366,0.0997019266574804,9.97019266574804,0.0067884092777553,0.6788409277755308
45,test,岩溶水,岩溶水4,Transformer,0.4091311364207303,0.3171745803664023,0.924039837747855,0.924039837747855,71,6.590000000000003,96.7878732394366,0.0620836322337981,6.208363223379819,0.0042270908816087,0.4227090881608794
45,test,岩溶水,岩溶水4,TCN,0.5856832955964616,0.4700664295191311,0.844336606295677,0.844336606295677,71,6.590000000000003,96.7878732394366,0.0888745516838332,8.887455168383328,0.0060512053420946,0.6051205342094681
45,test,岩溶水,岩溶水4,DynamicGatedStacking,0.5077780909080789,0.3942178069770364,0.8829938374000262,0.8829938374000262,71,6.590000000000003,96.7878732394366,0.0770528210786158,7.705282107861588,0.0052462986726851,0.5246298672685192
45,future_holdout,岩溶水,岩溶水4,LSTM,1.052390077093037,0.7166617299290956,0.8480177762164652,0.8480177762164652,52,8.149999999999991,98.27240384615384,0.1291276168212316,12.912761682123168,0.0107089074440527,1.070890744405277
45,future_holdout,岩溶水,岩溶水4,Transformer,1.0707850200147095,0.8470429402989784,0.8426582850184428,0.8426582850184428,52,8.149999999999991,98.27240384615384,0.1313846650324798,13.138466503247985,0.0108960906430154,1.089609064301542
45,future_holdout,岩溶水,岩溶水4,TCN,1.0207585407391742,0.7615235054948253,0.8570166887054651,0.8570166887054651,52,8.149999999999991,98.27240384615384,0.1252464467164632,12.52464467164632,0.0103870313616951,1.038703136169518
45,future_holdout,岩溶水,岩溶水4,DynamicGatedStacking,0.9836830976080756,0.69738085656905,0.8672147841448452,0.8672147841448452,52,8.149999999999991,98.27240384615384,0.120697312589948,12.069731258994809,0.0100097591908715,1.0009759190871514
45,selection,岩溶水,岩溶水5,LSTM,0.4383322331319385,0.2627607075934841,0.8451636067750586,0.8451636067750586,138,5.220000000000027,430.7046195652174,0.083971692170869,8.3971692170869,0.0010177096163361,0.1017709616336181
45,selection,岩溶水,岩溶水5,Transformer,0.3965751686924201,0.2434051036236267,0.873258960301143,0.873258960301143,138,5.220000000000027,430.7046195652174,0.0759722545387774,7.59722545387774,0.0009207590322405,0.0920759032240587
45,selection,岩溶水,岩溶水5,TCN,0.4364993594650053,0.2785033481608783,0.8464557873857685,0.8464557873857685,138,5.220000000000027,430.7046195652174,0.0836205669473185,8.362056694731859,0.0010134540927507,0.1013454092750706
45,selection,岩溶水,岩溶水5,DynamicGatedStacking,0.4044307152027566,0.2469992676835978,0.8681881385945487,0.8681881385945487,138,5.220000000000027,430.7046195652174,0.0774771485062748,7.747714850627481,0.0009389978580007,0.0938997858000725
45,test,岩溶水,岩溶水5,LSTM,0.3296396178136004,0.2681814007660666,0.6940918812764906,0.6940918812764906,71,2.8600000000000136,430.2881690140846,0.1152586076271324,11.525860762713243,0.0007660903588609,0.0766090358860901
45,test,岩溶水,岩溶水5,Transformer,0.3124579456603059,0.2496755928147864,0.7251502505431315,0.7251502505431315,71,2.8600000000000136,430.2881690140846,0.1092510299511554,10.92510299511554,0.0007261597416825,0.0726159741682505
45,test,岩溶水,岩溶水5,TCN,0.3261249844156769,0.2580714908258438,0.700580319901539,0.700580319901539,71,2.8600000000000136,430.2881690140846,0.1140297148306557,11.402971483065572,0.0007579222667518,0.0757922266751893
45,test,岩溶水,岩溶水5,DynamicGatedStacking,0.3109332583475856,0.2514094145158837,0.7278260505831096,0.7278260505831096,71,2.8600000000000136,430.2881690140846,0.1087179224991553,10.87179224991553,0.0007226163318875,0.0722616331887591
45,future_holdout,岩溶水,岩溶水5,LSTM,0.3324521044801875,0.2668666042745302,0.8643000446819312,0.8643000446819312,52,2.8899999999999864,430.4707692307693,0.1150353302699616,11.503533026996164,0.0007722989067858,0.0772298906785851
45,future_holdout,岩溶水,岩溶水5,Transformer,0.508612696275456,0.3735401688737935,0.6823887142547946,0.6823887142547946,52,2.8899999999999864,430.4707692307693,0.1759905523444492,17.599055234444926,0.0011815266741208,0.1181526674120806
45,future_holdout,岩溶水,岩溶水5,TCN,0.283480440303582,0.2332861122951317,0.9013339529456514,0.9013339529456514,52,2.8899999999999864,430.4707692307693,0.0980901177521049,9.809011775210497,0.0006585358648396,0.0658535864839668
45,future_holdout,岩溶水,岩溶水5,DynamicGatedStacking,0.3528696155402621,0.2965139189060721,0.8471202160491629,0.8471202160491629,52,2.8899999999999864,430.4707692307693,0.1221002129897106,12.210021298971066,0.0008197295629871,0.0819729562987106
45,selection,孔隙水,孔隙水1,LSTM,0.0855690170235733,0.0578260713446521,0.9392401223431268,0.9392401223431268,138,1.4399999999999975,107.5847463768116,0.0594229284885926,5.942292848859269,0.0007953638401848,0.0795363840184844
45,selection,孔隙水,孔隙水1,Transformer,0.1021759875410493,0.063503943705076,0.9133673712999778,0.9133673712999778,138,1.4399999999999975,107.5847463768116,0.0709555469035066,7.095554690350661,0.0009497255975599,0.0949725597559915
45,selection,孔隙水,孔隙水1,TCN,0.0820198384252073,0.0587715544352522,0.9441759137053451,0.9441759137053451,138,1.4399999999999975,107.5847463768116,0.0569582211286162,5.695822112861629,0.0007623742322906,0.0762374232290662
45,selection,孔隙水,孔隙水1,DynamicGatedStacking,0.1057496904168854,0.0672255249504346,0.9072012740152184,0.9072012740152184,138,1.4399999999999975,107.5847463768116,0.0734372850117261,7.343728501172614,0.0009829431585635,0.0982943158563585
45,test,孔隙水,孔隙水1,LSTM,0.0443332176977872,0.0296614515101163,0.8827430643657392,0.8827430643657392,71,0.4799999999999897,107.2312676056338,0.0923608702037253,9.23608702037253,0.0004134355462516,0.0413435546251604
45,test,孔隙水,孔隙水1,Transformer,0.0439575686597604,0.0305168814508813,0.8847217540936274,0.8847217540936274,71,0.4799999999999897,107.2312676056338,0.0915782680411696,9.15782680411696,0.0004099323792517,0.0409932379251767
45,test,孔隙水,孔隙水1,TCN,0.0465700181537315,0.0359351369496771,0.8706123432392864,0.8706123432392864,71,0.4799999999999897,107.2312676056338,0.0970208711536095,9.702087115360952,0.0004342951379163,0.0434295137916329
45,test,孔隙水,孔隙水1,DynamicGatedStacking,0.0421962949840289,0.029102988960089,0.8937745272075093,0.8937745272075093,71,0.4799999999999897,107.2312676056338,0.0879089478833956,8.790894788339559,0.0003935073782696,0.0393507378269694
45,future_holdout,孔隙水,孔隙水1,LSTM,0.1557476484706126,0.1319315293837387,-0.9184125593061604,-0.9184125593061604,52,0.4399999999999977,107.07548076923078,0.3539719283423033,35.39719283423033,0.0014545594131515,0.1454559413151552
45,future_holdout,孔隙水,孔隙水1,Transformer,0.1706772407206948,0.1584134997160538,-1.3038289893978623,-1.3038289893978623,52,0.4399999999999977,107.07548076923078,0.3879028198197629,38.790281981976285,0.0015939899545119,0.1593989954511982
45,future_holdout,孔隙水,孔隙水1,TCN,0.1908406379110578,0.1594582609755698,-1.880319944187161,-1.880319944187161,52,0.4399999999999977,107.07548076923078,0.4337287225251336,43.37287225251337,0.00178230007972,0.1782300079720004
45,future_holdout,孔隙水,孔隙水1,DynamicGatedStacking,0.1675151736584012,0.1489123906669231,-1.2192555581103486,-1.2192555581103486,52,0.4399999999999977,107.07548076923078,0.3807163037690956,38.07163037690957,0.0015644587580179,0.1564458758017908
45,selection,孔隙水,孔隙水2,LSTM,0.0623333140632677,0.0485506864975971,0.9609350856603454,0.9609350856603454,138,1.3100000000000025,139.38065217391303,0.047582682491044,4.7582682491044,0.000447216404078,0.0447216404078027
45,selection,孔隙水,孔隙水2,Transformer,0.0585663273636494,0.043382589492327,0.965514031860239,0.965514031860239,138,1.3100000000000025,139.38065217391303,0.0447071201249231,4.470712012492319,0.0004201897928456,0.0420189792845659
45,selection,孔隙水,孔隙水2,TCN,0.0730797285233867,0.05311325542192,0.9463042031215184,0.9463042031215184,138,1.3100000000000025,139.38065217391303,0.0557860523079286,5.578605230792869,0.0005243175963346,0.0524317596334683
45,selection,孔隙水,孔隙水2,DynamicGatedStacking,0.0510886891632107,0.0369128007317035,0.9737580586472708,0.9737580586472708,138,1.3100000000000025,139.38065217391303,0.0389989993612294,3.899899936122949,0.0003665407527255,0.0366540752725597
45,test,孔隙水,孔隙水2,LSTM,0.0539264672593076,0.0460663052265373,0.9134044668714096,0.9134044668714096,71,0.6999999999999886,139.32577464788733,0.0770378103704407,7.703781037044075,0.0003870530588873,0.0387053058887301
45,test,孔隙水,孔隙水2,Transformer,0.0402063960170957,0.0314060607253928,0.9518626873502514,0.9518626873502514,71,0.6999999999999886,139.32577464788733,0.057437708595852,5.743770859585206,0.0002885783059072,0.0288578305907201
45,test,孔隙水,孔隙水2,TCN,0.0515523867124446,0.0411272175560944,0.9208612652648348,0.9208612652648348,71,0.6999999999999886,139.32577464788733,0.073646266732065,7.364626673206503,0.0003700132788978,0.0370013278897828
45,test,孔隙水,孔隙水2,DynamicGatedStacking,0.0315074497020763,0.0250994703310689,0.9704390727466148,0.9704390727466148,71,0.6999999999999886,139.32577464788733,0.0450106424315383,4.501064243153831,0.0002261422897644,0.022614228976443
45,future_holdout,孔隙水,孔隙水2,LSTM,0.0711679246111984,0.0587500588334819,0.9619765221522548,0.9619765221522548,52,1.0699999999999932,139.17000000000002,0.0665120790758868,6.651207907588681,0.0005113740361514,0.0511374036151458
45,future_holdout,孔隙水,孔隙水2,Transformer,0.2389497040148772,0.1801116886594087,0.5713565133633441,0.5713565133633441,52,1.0699999999999932,139.17000000000002,0.2233174803877372,22.33174803877372,0.0017169627363287,0.1716962736328786
45,future_holdout,孔隙水,孔隙水2,TCN,0.166400758562561,0.1362609159158153,0.792129031933391,0.792129031933391,52,1.0699999999999932,139.17000000000002,0.1555147276285627,15.55147276285627,0.0011956654348103,0.1195665434810382
45,future_holdout,孔隙水,孔隙水2,DynamicGatedStacking,0.0711306558930732,0.0508950641388904,0.9620163354597498,0.9620163354597498,52,1.0699999999999932,139.17000000000002,0.0664772484981997,6.647724849819974,0.0005111062433934,0.0511106243393498
45,selection,孔隙水,孔隙水3,LSTM,0.0898858303557097,0.0684448848153672,0.9665562355968234,0.9665562355968234,138,1.7000000000000028,112.84016304347826,0.0528740178562997,5.2874017856299735,0.0007965765728384,0.0796576572838484
45,selection,孔隙水,孔隙水3,Transformer,0.0735317586649247,0.0592983570929822,0.9776188399889998,0.9776188399889998,138,1.7000000000000028,112.84016304347826,0.0432539756852497,4.325397568524979,0.0006516452713436,0.0651645271343611
45,selection,孔隙水,孔隙水3,TCN,0.0964127438661349,0.0742089139452064,0.961522967370784,0.961522967370784,138,1.7000000000000028,112.84016304347826,0.0567133787447851,5.671337874478518,0.0008544186862702,0.0854418686270298
45,selection,孔隙水,孔隙水3,DynamicGatedStacking,0.0806985565152009,0.0631963282156278,0.9730434555930496,0.9730434555930496,138,1.7000000000000028,112.84016304347826,0.0474697391265887,4.746973912658871,0.0007151580991965,0.0715158099196534
45,test,孔隙水,孔隙水3,LSTM,0.0714192832568735,0.0536600785833097,0.9787050118792252,0.9787050118792252,71,1.460000000000008,112.86397887323945,0.0489173172992281,4.891731729922817,0.000632790762561,0.0632790762561068
45,test,孔隙水,孔隙水3,Transformer,0.0660082498057227,0.0518969773225862,0.981809574302983,0.981809574302983,71,1.460000000000008,112.86397887323945,0.0452111300039194,4.521113000391943,0.0005848478005534,0.0584847800553428
45,test,孔隙水,孔隙水3,TCN,0.0818102500026969,0.064416813458492,0.972057718283984,0.972057718283984,71,1.460000000000008,112.86397887323945,0.056034417810066,5.60344178100661,0.0007248570431366,0.0724857043136678
45,test,孔隙水,孔隙水3,DynamicGatedStacking,0.0668140768173302,0.0508424075762822,0.9813627268038,0.9813627268038,71,1.460000000000008,112.86397887323945,0.0457630663132396,4.576306631323963,0.0005919876074223,0.0591987607422301
45,future_holdout,孔隙水,孔隙水3,LSTM,0.2635773006473862,0.2264826828530588,0.7815512869349455,0.7815512869349455,52,1.6600000000000108,112.4626923076923,0.158781506414087,15.878150641408704,0.0023436865616399,0.2343686561639943
45,future_holdout,孔隙水,孔隙水3,Transformer,0.2967475260596681,0.250432687529418,0.7231097314139803,0.7231097314139803,52,1.6600000000000108,112.4626923076923,0.1787635699154615,17.876356991546157,0.0026386308203237,0.263863082032379
45,future_holdout,孔隙水,孔隙水3,TCN,0.2261446293952792,0.182092357938604,0.8391925981000586,0.8391925981000586,52,1.6600000000000108,112.4626923076923,0.1362317044549866,13.623170445498662,0.0020108413266201,0.2010841326620199
45,future_holdout,孔隙水,孔隙水3,DynamicGatedStacking,0.2447624915088516,0.2041373061355093,0.811625024300603,0.811625024300603,52,1.6600000000000108,112.4626923076923,0.1474472840414759,14.744728404147594,0.0021763883336457,0.2176388333645736
45,selection,孔隙水,孔隙水4,LSTM,0.091084940404362,0.0582932940405335,0.90539460551628,0.90539460551628,138,1.4699999999999989,35.51927536231884,0.0619625444927633,6.196254449276337,0.0025643805926567,0.2564380592656767
45,selection,孔隙水,孔隙水4,Transformer,0.0822762584289965,0.0514044411146973,0.9228080857073528,0.9228080857073528,138,1.4699999999999989,35.51927536231884,0.0559702438292494,5.59702438292494,0.0023163833605761,0.2316383360576116
45,selection,孔隙水,孔隙水4,TCN,0.0857459612676762,0.0573846994210399,0.9161602275714535,0.9161602275714535,138,1.4699999999999989,35.51927536231884,0.0583305858963784,5.833058589637847,0.0024140684288464,0.2414068428846416
45,selection,孔隙水,孔隙水4,DynamicGatedStacking,0.079488412128102,0.04867843627357,0.9279505969305596,0.9279505969305596,138,1.4699999999999989,35.51927536231884,0.0540737497470082,5.407374974700825,0.0022378950954733,0.2237895095473388
45,test,孔隙水,孔隙水4,LSTM,0.0491262291882439,0.0335438158864494,0.9668030762344456,0.9668030762344456,71,0.8699999999999974,35.25626760563381,0.0564669301014299,5.646693010142999,0.0013934041384571,0.1393404138457179
45,test,孔隙水,孔隙水4,Transformer,0.051067091388477,0.0293317665494298,0.9641281953133012,0.9641281953133012,71,0.8699999999999974,35.25626760563381,0.0586978061936519,5.869780619365191,0.0014484542708745,0.1448454270874569
45,test,孔隙水,孔隙水4,TCN,0.055720908991707,0.0403580197180161,0.9572921836742616,0.9572921836742616,71,0.8699999999999974,35.25626760563381,0.0640470218295484,6.404702182954848,0.0015804539951586,0.1580453995158666
45,test,孔隙水,孔隙水4,DynamicGatedStacking,0.0496856674615515,0.0305361372382411,0.966042693247311,0.966042693247311,71,0.8699999999999974,35.25626760563381,0.0571099625994846,5.710996259948469,0.0014092719064116,0.1409271906411669
45,future_holdout,孔隙水,孔隙水4,LSTM,0.043276281181307,0.0346747849821053,0.9818541606065736,0.9818541606065736,52,0.9099999999999966,35.18057692307693,0.0475563529464914,4.755635294649148,0.0012301185758247,0.123011857582471
45,future_holdout,孔隙水,孔隙水4,Transformer,0.108866263973084,0.0972501268214305,0.8851677608479982,0.8851677608479982,52,0.9099999999999966,35.18057692307693,0.1196332571132796,11.963325711327965,0.0030944991098674,0.3094499109867425
45,future_holdout,孔隙水,孔隙水4,TCN,0.0756633552841009,0.0560834456327519,0.9445312489693074,0.9445312489693074,52,0.9099999999999966,35.18057692307693,0.0831465442682431,8.314654426824315,0.0021507138853788,0.215071388537887
45,future_holdout,孔隙水,孔隙水4,DynamicGatedStacking,0.072165401052174,0.0632819596987049,0.9495413933442391,0.9495413933442391,52,0.9099999999999966,35.18057692307693,0.0793026385188728,7.930263851887287,0.0020512853217263,0.2051285321726395
45,selection,孔隙水,孔隙水5,LSTM,0.0553568956131724,0.0410814036480963,0.9685243398220365,0.9685243398220365,138,1.1700000000000017,40.52177536231885,0.0473135859941644,4.731358599416442,0.0013661024256269,0.1366102425626907
45,selection,孔隙水,孔隙水5,Transformer,0.0467582622001668,0.0349284597706231,0.9775431872598752,0.9775431872598752,138,1.1700000000000017,40.52177536231885,0.0399643266668092,3.99643266668092,0.00115390458049,0.1153904580490006
45,selection,孔隙水,孔隙水5,TCN,0.0513509773018381,0.0404876316180906,0.9729150012125886,0.9729150012125886,138,1.1700000000000017,40.52177536231885,0.0438897241896051,4.388972418960517,0.0012672440149201,0.1267244014920168
45,selection,孔隙水,孔隙水5,DynamicGatedStacking,0.0446174588042454,0.032458703936492,0.9795524604776782,0.9795524604776782,138,1.1700000000000017,40.52177536231885,0.0381345801745686,3.813458017456867,0.0011010736426354,0.1101073642635488
45,test,孔隙水,孔隙水5,LSTM,0.0213740950919249,0.0153358476769407,0.9854811103334556,0.9854811103334556,71,0.5600000000000023,40.15161971830986,0.0381680269498657,3.816802694986574,0.0005323345668712,0.0532334566871232
45,test,孔隙水,孔隙水5,Transformer,0.0266666083754639,0.0223901210892001,0.977400777584306,0.977400777584306,71,0.5600000000000023,40.15161971830986,0.047618943527614,4.761894352761404,0.0006641477619719,0.0664147761971941
45,test,孔隙水,孔隙水5,TCN,0.0393021754824566,0.0288672092737207,0.9509102171085736,0.9509102171085736,71,0.5600000000000023,40.15161971830986,0.0701824562186723,7.018245621867239,0.0009788440854487,0.0978844085448791
45,test,孔隙水,孔隙水5,DynamicGatedStacking,0.021532806966668,0.0163213580109252,0.9852646917694056,0.9852646917694056,71,0.5600000000000023,40.15161971830986,0.0384514410119071,3.845144101190716,0.0005362873806271,0.0536287380627107
45,future_holdout,孔隙水,孔隙水5,LSTM,0.0865037370413328,0.0813634743826635,0.8763314838704439,0.8763314838704439,52,0.75,40.18,0.1153383160551104,11.533831605511043,0.0021529053519495,0.2152905351949547
45,future_holdout,孔隙水,孔隙水5,Transformer,0.1097597789670148,0.0838289742070521,0.8008978921617804,0.8008978921617804,52,0.75,40.18,0.1463463719560197,14.634637195601972,0.0027317018160033,0.2731701816003355
45,future_holdout,孔隙水,孔隙水5,TCN,0.0922029346050987,0.0801714313878235,0.8594991673693141,0.8594991673693141,52,0.75,40.18,0.1229372461401316,12.29372461401316,0.0022947470036112,0.2294747003611217
45,future_holdout,孔隙水,孔隙水5,DynamicGatedStacking,0.0652064170104153,0.0558813092236201,0.9297299788312098,0.9297299788312098,52,0.75,40.18,0.0869418893472204,8.69418893472204,0.0016228575662124,0.1622857566212427
46,selection,裂隙水,裂隙水1,LSTM,0.6013236261479584,0.396803733792779,0.8510736569424449,0.8510736569424449,138,6.929039999999986,196.3614404347826,0.0867831079266333,8.678310792663337,0.0030623304902251,0.3062330490225119
46,selection,裂隙水,裂隙水1,Transformer,0.5685767195466297,0.3340091204934534,0.8668524630813077,0.8668524630813077,138,6.929039999999986,196.3614404347826,0.0820570698894263,8.205706988942636,0.0028955619712693,0.2895561971269358
46,selection,裂隙水,裂隙水1,TCN,0.6029644106421111,0.4052313480130285,0.8502598209268024,0.8502598209268024,138,6.929039999999986,196.3614404347826,0.0870199061691247,8.701990616912477,0.0030706864306303,0.3070686430630322
46,selection,裂隙水,裂隙水1,DynamicGatedStacking,0.5807582454263701,0.3775244210312229,0.8610860825175378,0.8610860825175378,138,6.929039999999986,196.3614404347826,0.0838151093696055,8.38151093696055,0.0029575982134804,0.2957598213480497
46,test,裂隙水,裂隙水1,LSTM,0.4862012012460669,0.3868920107487708,0.750096114587512,0.750096114587512,71,4.359559999999988,195.74704767605635,0.1115252918290076,11.15252918290076,0.0024838239300072,0.2483823930007291
46,test,裂隙水,裂隙水1,Transformer,0.3888712854112776,0.3133563718023416,0.840135252993883,0.840135252993883,71,4.359559999999988,195.74704767605635,0.0891996635924907,8.91996635924907,0.0019866010242709,0.1986601024270999
46,test,裂隙水,裂隙水1,TCN,0.4568247853987607,0.3660081332422232,0.7793823413898218,0.7793823413898218,71,4.359559999999988,195.74704767605635,0.1047869017512689,10.478690175126896,0.0023337505766869,0.2333750576686931
46,test,裂隙水,裂隙水1,DynamicGatedStacking,0.4358264812103612,0.3529728082046536,0.799197931113636,0.799197931113636,71,4.359559999999988,195.74704767605635,0.0999702908574173,9.997029085741737,0.0022264779284519,0.22264779284519
46,future_holdout,裂隙水,裂隙水1,LSTM,0.755402461282647,0.6542327848060683,0.6694988760724734,0.6694988760724734,52,4.379999999999996,195.6493294230769,0.1724663153613351,17.24663153613351,0.0038610020464171,0.3861002046417169
46,future_holdout,裂隙水,裂隙水1,Transformer,0.9289812096348262,0.7883165773970847,0.5001611496062797,0.5001611496062797,52,4.379999999999996,195.6493294230769,0.2120961665832939,21.209616658329388,0.0047481952142344,0.4748195214234414
46,future_holdout,裂隙水,裂隙水1,TCN,0.8698922143808995,0.7387173025883692,0.5617246578818567,0.5617246578818567,52,4.379999999999996,195.6493294230769,0.1986055283974658,19.860552839746585,0.004446180403204,0.4446180403204057
46,future_holdout,裂隙水,裂隙水1,DynamicGatedStacking,0.8338680722096558,0.7271650746312659,0.5972729130186598,0.5972729130186598,52,4.379999999999996,195.6493294230769,0.1903808384040312,19.03808384040312,0.0042620543329667,0.4262054332966707
46,selection,裂隙水,裂隙水2,LSTM,0.1862020572576258,0.1371942711941686,0.9702735044232358,0.9702735044232358,138,4.639999999999986,303.8561594202898,0.040129753719316,4.012975371931605,0.0006127967180684,0.0612796718068412
46,selection,裂隙水,裂隙水2,Transformer,0.1799563265261185,0.1287885072908793,0.9722342760011566,0.9722342760011566,138,4.639999999999986,303.8561594202898,0.0387836910616635,3.878369106166359,0.0005922418254395,0.0592241825439533
46,selection,裂隙水,裂隙水2,TCN,0.2011821562690194,0.1502947372017356,0.9652980658795688,0.9652980658795688,138,4.639999999999986,303.8561594202898,0.0433582233338405,4.335822333384053,0.0006620966863164,0.0662096686316458
46,selection,裂隙水,裂隙水2,DynamicGatedStacking,0.1670242939688456,0.123658679941951,0.9760814937919938,0.9760814937919938,138,4.639999999999986,303.8561594202898,0.0359966150794927,3.59966150794927,0.0005496821071111,0.0549682107111147
46,test,裂隙水,裂隙水2,LSTM,0.1765907434198041,0.1200903156822771,0.880994659578945,0.880994659578945,71,1.8199999999999927,303.2730985915493,0.0970278809998927,9.702788099989275,0.0005822829134529,0.0582282913452993
46,test,裂隙水,裂隙水2,Transformer,0.1764035101188078,0.1183723804596095,0.8812468806182294,0.8812468806182294,71,1.8199999999999927,303.2730985915493,0.0969250055597849,9.692500555978487,0.0005816655382163,0.0581665538216396
46,test,裂隙水,裂隙水2,TCN,0.2362362226602472,0.1664213891537542,0.7870274843630025,0.7870274843630025,71,1.8199999999999927,303.2730985915493,0.1298001223407957,12.980012234079569,0.0007789554159513,0.077895541595139
46,test,裂隙水,裂隙水2,DynamicGatedStacking,0.1850133639911711,0.1261989777719942,0.869371848655711,0.869371848655711,71,1.8199999999999927,303.2730985915493,0.1016556945006438,10.165569450064387,0.0006100553093907,0.0610055309390789
46,future_holdout,裂隙水,裂隙水2,LSTM,0.7502084347779664,0.5963459804159831,0.3613379687047103,0.3613379687047103,52,2.730000000000018,302.7888461538462,0.2748016244607917,27.48016244607917,0.0024776620549516,0.2477662054951613
46,future_holdout,裂隙水,裂隙水2,Transformer,0.5786949720819979,0.4255881542300546,0.6199798451008034,0.6199798451008034,52,2.730000000000018,302.7888461538462,0.2119761802498146,21.19761802498147,0.0019112162797039,0.1911216279703924
46,future_holdout,裂隙水,裂隙水2,TCN,0.9578609500630836,0.8019244377557595,-0.041147232948445,-0.041147232948445,52,2.730000000000018,302.7888461538462,0.350864816872922,35.086481687292206,0.0031634618059094,0.3163461805909445
46,future_holdout,裂隙水,裂隙水2,DynamicGatedStacking,0.7326147264282545,0.5549700081496197,0.3909422118069099,0.3909422118069099,52,2.730000000000018,302.7888461538462,0.2683570426477105,26.83570426477105,0.0024195565184591,0.2419556518459121
46,selection,裂隙水,裂隙水3,LSTM,0.0962093103646559,0.0746039023513397,0.9630076146423504,0.9630076146423504,138,1.7800000000000011,185.90217391304347,0.0540501743621662,5.405017436216621,0.0005175265481815,0.0517526548181508
46,selection,裂隙水,裂隙水3,Transformer,0.0746439839378167,0.0593118679597361,0.9777326900229438,0.9777326900229438,138,1.7800000000000011,185.90217391304347,0.0419348224369756,4.193482243697566,0.0004015229212582,0.0401522921258208
46,selection,裂隙水,裂隙水3,TCN,0.096068901667898,0.0759575595079215,0.9631155098652924,0.9631155098652924,138,1.7800000000000011,185.90217391304347,0.0539712930718528,5.39712930718528,0.0005167712654766,0.0516771265476619
46,selection,裂隙水,裂隙水3,DynamicGatedStacking,0.0784164851809945,0.0612775821067825,0.9754250367034416,0.9754250367034416,138,1.7800000000000011,185.90217391304347,0.044054205157862,4.405420515786207,0.0004218158590102,0.0421815859010202
46,test,裂隙水,裂隙水3,LSTM,0.0976665436024356,0.0814552459335226,0.8857829925074238,0.8857829925074238,71,1.3499999999999943,186.1540845070422,0.0723455878536563,7.234558785365633,0.0005246543145215,0.0524654314521586
46,test,裂隙水,裂隙水3,Transformer,0.0748233517897399,0.0565167758593653,0.932963171685996,0.932963171685996,71,1.3499999999999943,186.1540845070422,0.0554247050294372,5.542470502943721,0.0004019431106649,0.0401943110664914
46,test,裂隙水,裂隙水3,TCN,0.0935449524695384,0.0728960907034417,0.8952196468417367,0.8952196468417367,71,1.3499999999999943,186.1540845070422,0.0692925573848436,6.92925573848436,0.0005025135640577,0.0502513564057734
46,test,裂隙水,裂隙水3,DynamicGatedStacking,0.0768494025315911,0.0604295800222915,0.9292836020025844,0.9292836020025844,71,1.3499999999999943,186.1540845070422,0.0569254833567343,5.692548335673439,0.0004128268403838,0.0412826840383853
46,future_holdout,裂隙水,裂隙水3,LSTM,0.2338765780401319,0.209521812393527,0.8881747252696756,0.8881747252696756,52,2.0,185.6351923076923,0.1169382890200659,11.693828902006596,0.0012598719840388,0.1259871984038883
46,future_holdout,裂隙水,裂隙水3,Transformer,0.2256777963927978,0.2021635258164899,0.8958775982575297,0.8958775982575297,52,2.0,185.6351923076923,0.1128388981963989,11.28388981963989,0.0012157058884542,0.1215705888454245
46,future_holdout,裂隙水,裂隙水3,TCN,0.2679089304768286,0.2428483937128498,0.8532625750941513,0.8532625750941513,52,2.0,185.6351923076923,0.1339544652384143,13.39544652384143,0.001443201190175,0.1443201190175011
46,future_holdout,裂隙水,裂隙水3,DynamicGatedStacking,0.2218679895989449,0.1983469304872493,0.8993634341414065,0.8993634341414065,52,2.0,185.6351923076923,0.1109339947994724,11.093399479947246,0.0011951828036528,0.1195182803652856
46,selection,裂隙水,裂隙水4,LSTM,0.1297029604148898,0.0852635009902702,0.9326820610046304,0.9326820610046304,138,2.049999999999997,52.14630434782609,0.0632697367877512,6.326973678775122,0.002487289598698,0.2487289598698032
46,selection,裂隙水,裂隙水4,Transformer,0.1241107108285264,0.079884027255611,0.9383618550827514,0.9383618550827514,138,2.049999999999997,52.14630434782609,0.0605418101602568,6.054181016025688,0.0023800480663151,0.2380048066315181
46,selection,裂隙水,裂隙水4,TCN,0.1130878591578022,0.0732308332944636,0.9488243934447124,0.9488243934447124,138,2.049999999999997,52.14630434782609,0.0551648093452694,5.516480934526947,0.0021686648856932,0.2168664885693222
46,selection,裂隙水,裂隙水4,DynamicGatedStacking,0.1156652124352346,0.0729387010614624,0.9464651545513524,0.9464651545513524,138,2.049999999999997,52.14630434782609,0.0564220548464559,5.642205484645599,0.0022180903111316,0.2218090311131637
46,test,裂隙水,裂隙水4,LSTM,0.0570217765611757,0.0439525431369546,0.9391954650726873,0.9391954650726873,71,0.9299999999999996,52.00295774647888,0.0613137382378234,6.131373823782342,0.0010965102569581,0.1096510256958157
46,test,裂隙水,裂隙水4,Transformer,0.060385384692839,0.0433017571427844,0.931810397654528,0.931810397654528,71,0.9299999999999996,52.00295774647888,0.0649305211750957,6.493052117509573,0.0011611913496771,0.1161191349677176
46,test,裂隙水,裂隙水4,TCN,0.074562074072472,0.057852338565061,0.8960342134881654,0.8960342134881654,71,0.9299999999999996,52.00295774647888,0.0801742731962065,8.017427319620655,0.0014338044854289,0.143380448542892
46,test,裂隙水,裂隙水4,DynamicGatedStacking,0.0569338018120318,0.0422581446453969,0.9393829421221432,0.9393829421221432,71,0.9299999999999996,52.00295774647888,0.0612191417333675,6.121914173336758,0.0010948185310841,0.1094818531084163
46,future_holdout,裂隙水,裂隙水4,LSTM,0.1688224421852517,0.1424849453122196,0.8286921326906149,0.8286921326906149,52,1.1199999999999974,52.21,0.1507343233796893,15.073432337968937,0.0032335269524085,0.3233526952408574
46,future_holdout,裂隙水,裂隙水4,Transformer,0.1904558005860523,0.1361210640253678,0.7819754695427966,0.7819754695427966,52,1.1199999999999974,52.21,0.1700498219518328,17.00498219518328,0.0036478797277543,0.3647879727754306
46,future_holdout,裂隙水,裂隙水4,TCN,0.2176460297655167,0.1873686627719455,0.7152796885845081,0.7152796885845081,52,1.1199999999999974,52.21,0.1943268122906403,19.43268122906404,0.0041686655768151,0.4168665576815106
46,future_holdout,裂隙水,裂隙水4,DynamicGatedStacking,0.1408609901814672,0.117269227924083,0.8807390058424099,0.8807390058424099,52,1.1199999999999974,52.21,0.1257687412334531,12.576874123345316,0.0026979695495396,0.269796954953969
46,selection,裂隙水,裂隙水5,LSTM,0.1774741864212556,0.1064571476516424,0.9305961306039422,0.9305961306039422,138,2.9699999999999704,323.411268115942,0.0597556183236556,5.975561832365569,0.0005487569664939,0.0548756966493918
46,selection,裂隙水,裂隙水5,Transformer,0.1800561252621149,0.1014820296466548,0.9285620314730272,0.9285620314730272,138,2.9699999999999704,323.411268115942,0.0606249580007126,6.062495800071269,0.0005567404200572,0.0556740420057242
46,selection,裂隙水,裂隙水5,TCN,0.1526063089468444,0.0930025066735297,0.948683352944197,0.948683352944197,138,2.9699999999999704,323.411268115942,0.0513825956049986,5.138259560499865,0.0004718645390306,0.0471864539030642
46,selection,裂隙水,裂隙水5,DynamicGatedStacking,0.1803301008760907,0.1017556030882681,0.928344464289944,0.928344464289944,138,2.9699999999999704,323.411268115942,0.060717205682186,6.0717205682186055,0.0005575875631254,0.0557587563125484
46,test,裂隙水,裂隙水5,LSTM,0.0864841194344991,0.0636481771183157,0.8756793833084503,0.8756793833084503,71,1.0400000000000205,322.4869718309859,0.0831578071485552,8.315780714855526,0.0002681786459262,0.0268178645926276
46,test,裂隙水,裂隙水5,Transformer,0.0632948834263527,0.0452422457425795,0.9334102125407676,0.9334102125407676,71,1.0400000000000205,322.4869718309859,0.0608604648330302,6.086046483303025,0.0001962711332708,0.0196271133270851
46,test,裂隙水,裂隙水5,TCN,0.0842206617104773,0.0665615352745589,0.8821016523118509,0.8821016523118509,71,1.0400000000000205,322.4869718309859,0.080981405490842,8.098140549084201,0.0002611598888237,0.0261159888823716
46,test,裂隙水,裂隙水5,DynamicGatedStacking,0.0683826681993619,0.0510286879187655,0.922274682495624,0.922274682495624,71,1.0400000000000205,322.4869718309859,0.0657525655763083,6.575256557630832,0.0002120478474249,0.0212047847424983
46,future_holdout,裂隙水,裂隙水5,LSTM,0.0954313468813503,0.0758542601308643,0.8610132426966857,0.8610132426966857,52,0.8000000000000114,322.6370192307692,0.1192891836016862,11.928918360168629,0.0002957854839747,0.029578548397477
46,future_holdout,裂隙水,裂隙水5,Transformer,0.1782782049419784,0.1580931076436819,0.5149485345463494,0.5149485345463494,52,0.8000000000000114,322.6370192307692,0.2228477561774698,22.284775617746984,0.0005525658691213,0.055256586912137
46,future_holdout,裂隙水,裂隙水5,TCN,0.1473755453966502,0.1360350178351366,0.6685315736522259,0.6685315736522259,52,0.8000000000000114,322.6370192307692,0.1842194317458102,18.42194317458102,0.0004567843632699,0.0456784363269977
46,future_holdout,裂隙水,裂隙水5,DynamicGatedStacking,0.089176732691144,0.0788967534199936,0.8786347293852169,0.8786347293852169,52,0.8000000000000114,322.6370192307692,0.1114709158639284,11.147091586392843,0.0002763995678603,0.0276399567860374
46,selection,岩溶水,岩溶水1,LSTM,1.177585860241893,0.7912189659530617,0.8705911910657321,0.8705911910657321,138,16.039999999999964,461.56492753623183,0.0734155773218139,7.341557732181394,0.0025512897319293,0.2551289731929329
46,selection,岩溶水,岩溶水1,Transformer,1.047012115413741,0.6977507951891587,0.8976984792524411,0.8976984792524411,138,16.039999999999964,461.56492753623183,0.0652750695395101,6.527506953951019,0.0022683961734322,0.2268396173432291
46,selection,岩溶水,岩溶水1,TCN,1.1046171748473106,0.7726951076421823,0.8861318516786515,0.8861318516786515,138,16.039999999999964,461.56492753623183,0.0688664074094334,6.886640740943349,0.0023931999789143,0.2393199978914343
46,selection,岩溶水,岩溶水1,DynamicGatedStacking,1.0356402228204369,0.7013813580595012,0.8999086620934391,0.8999086620934391,138,16.039999999999964,461.56492753623183,0.0645660986795784,6.456609867957849,0.0022437584856122,0.2243758485612278
46,test,岩溶水,岩溶水1,LSTM,0.7440510876452698,0.513831662156365,0.8211773596796262,0.8211773596796262,71,9.25,460.3830985915493,0.0804379554211102,8.043795542111026,0.0016161563921906,0.1616156392190648
46,test,岩溶水,岩溶水1,Transformer,0.7285178848082774,0.5476096671586418,0.8285658149787991,0.8285658149787991,71,9.25,460.3830985915493,0.0787586902495435,7.87586902495435,0.0015824166591628,0.1582416659162843
46,test,岩溶水,岩溶水1,TCN,0.7278592859955719,0.5353725993508094,0.8288756366535999,0.8288756366535999,71,9.25,460.3830985915493,0.0786874903778996,7.868749037789967,0.0015809861140044,0.158098611400443
46,test,岩溶水,岩溶水1,DynamicGatedStacking,0.6803979244554641,0.4995124064735473,0.8504649667964512,0.8504649667964512,71,9.25,460.3830985915493,0.0735565323735636,7.355653237356369,0.0014778950976632,0.1477895097663243
46,future_holdout,岩溶水,岩溶水1,LSTM,1.08331971814339,0.8669135487900388,0.8606335381562575,0.8606335381562575,52,9.120000000000005,460.9194230769231,0.1187850568139681,11.878505681396817,0.0023503451230402,0.2350345123040289
46,future_holdout,岩溶水,岩溶水1,Transformer,1.6180839840939614,1.1581105905819349,0.6890811183721316,0.6890811183721316,52,9.120000000000005,460.9194230769231,0.1774214894839869,17.74214894839869,0.0035105571670038,0.3510557167003826
46,future_holdout,岩溶水,岩溶水1,TCN,1.5830980848054703,1.1526821603356472,0.7023810189859614,0.7023810189859614,52,9.120000000000005,460.9194230769231,0.1735853163163892,17.35853163163892,0.0034346525781823,0.3434652578182339
46,future_holdout,岩溶水,岩溶水1,DynamicGatedStacking,1.2763927331603755,0.9596145681755706,0.8065300032445196,0.8065300032445196,52,9.120000000000005,460.9194230769231,0.1399553435482867,13.99553435482867,0.0027692318206936,0.2769231820693651
46,selection,岩溶水,岩溶水2,LSTM,1.4336475901398316,1.1813661193411045,0.9221949314727436,0.9221949314727436,138,21.97999999999996,503.30923045155646,0.0652250950928041,6.522509509280409,0.0028484428724933,0.2848442872493315
46,selection,岩溶水,岩溶水2,Transformer,0.9175999946400402,0.6904142334961783,0.968126491145732,0.968126491145732,138,21.97999999999996,503.30923045155646,0.0417470425222948,4.174704252229489,0.0018231336504931,0.1823133650493142
46,selection,岩溶水,岩溶水2,TCN,1.064933730369067,0.7898570218227784,0.9570692735512262,0.9570692735512262,138,21.97999999999996,503.30923045155646,0.0484501242206127,4.845012422061276,0.0021158636995662,0.2115863699566238
46,selection,岩溶水,岩溶水2,DynamicGatedStacking,0.959262379386748,0.7275352573335432,0.965166437208351,0.965166437208351,138,21.97999999999996,503.30923045155646,0.0436425104361578,4.364251043615785,0.0019059105642193,0.1905910564219379
46,test,岩溶水,岩溶水2,LSTM,0.8397321682991016,0.6004522524046614,0.9499646697970572,0.9499646697970572,71,12.189999999999998,499.7949295774648,0.0688869703280641,6.888697032806412,0.0016801534361483,0.1680153436148352
46,test,岩溶水,岩溶水2,Transformer,0.656427547086523,0.482421057290253,0.9694248366852042,0.9694248366852042,71,12.189999999999998,499.7949295774648,0.0538496757248993,5.384967572489935,0.001313393770604,0.1313393770604031
46,test,岩溶水,岩溶水2,TCN,0.7686193071769725,0.6054386940078679,0.9580803383780973,0.9580803383780973,71,12.189999999999998,499.7949295774648,0.0630532655600469,6.305326556004697,0.0015378693573917,0.1537869357391793
46,test,岩溶水,岩溶水2,DynamicGatedStacking,0.6512201237082522,0.4819408539900213,0.9699080165439502,0.9699080165439502,71,12.189999999999998,499.7949295774648,0.053422487588864,5.342248758886401,0.0013029746505407,0.1302974650540782
46,future_holdout,岩溶水,岩溶水2,LSTM,1.5076110355675718,1.2434112043915666,0.9347711388083668,0.9347711388083668,52,15.870000000000005,500.9328846153846,0.0949975447742641,9.49975447742641,0.0030096068392976,0.300960683929767
46,future_holdout,岩溶水,岩溶水2,Transformer,0.839178416661719,0.6792853734873242,0.979789838140418,0.979789838140418,52,15.870000000000005,500.9328846153846,0.0528782871242418,5.287828712424189,0.0016752312384243,0.1675231238424362
46,future_holdout,岩溶水,岩溶水2,TCN,1.5755690830893243,1.3916508227372333,0.9287580035833078,0.9287580035833078,52,15.870000000000005,500.9328846153846,0.0992797153805497,9.927971538054972,0.0031452698185287,0.3145269818528771
46,future_holdout,岩溶水,岩溶水2,DynamicGatedStacking,0.963174011511189,0.7251243941680999,0.973376160127197,0.973376160127197,52,15.870000000000005,500.9328846153846,0.0606914941090856,6.069149410908562,0.0019227605954652,0.1922760595465223
46,selection,岩溶水,岩溶水3,LSTM,1.3790090731026354,0.5263768468121419,0.642638751317689,0.642638751317689,138,15.136300000000006,387.0044152898551,0.0911060875578995,9.110608755789954,0.0035632902846077,0.3563290284607729
46,selection,岩溶水,岩溶水3,Transformer,1.2778028892374662,0.4664761883752125,0.6931677948130398,0.6931677948130398,138,15.136300000000006,387.0044152898551,0.0844197650177035,8.441976501770352,0.0033017785812092,0.3301778581209284
46,selection,岩溶水,岩溶水3,TCN,1.2723381959236129,0.5291651859784688,0.6957866001163573,0.6957866001163573,138,15.136300000000006,387.0044152898551,0.0840587327103461,8.405873271034615,0.0032876580877524,0.3287658087752483
46,selection,岩溶水,岩溶水3,DynamicGatedStacking,1.2654676068432698,0.4609437338529504,0.699063216290168,0.699063216290168,138,15.136300000000006,387.0044152898551,0.0836048180099013,8.360481800990131,0.0032699048301437,0.3269904830143789
46,test,岩溶水,岩溶水3,LSTM,0.5631249618267307,0.4001963943191318,0.8766833324882086,0.8766833324882086,71,5.751170000000002,383.8266273239437,0.0979148524259812,9.791485242598124,0.0014671336529017,0.1467133652901735
46,test,岩溶水,岩溶水3,Transformer,0.4991916825056385,0.3317539940435501,0.9030948399328216,0.9030948399328216,71,5.751170000000002,383.8266273239437,0.0867982832198732,8.679828321987323,0.0013005655339391,0.1300565533939177
46,test,岩溶水,岩溶水3,TCN,0.5871887794207481,0.400686748884614,0.8659188524475446,0.8659188524475446,71,5.751170000000002,383.8266273239437,0.1020990127957872,10.209901279578729,0.0015298281505758,0.1529828150575832
46,test,岩溶水,岩溶水3,DynamicGatedStacking,0.5188997822739426,0.3529539760031863,0.895292160388693,0.895292160388693,71,5.751170000000002,383.8266273239437,0.090225081552787,9.022508155278707,0.0013519118928557,0.1351911892855727
46,future_holdout,岩溶水,岩溶水3,LSTM,1.3866547447928872,1.3037527957899984,-1.5519927612384534,-1.5519927612384534,52,2.822899999999948,382.45746365384616,0.4912163891008937,49.121638910089374,0.0036256443567484,0.3625644356748435
46,future_holdout,岩溶水,岩溶水3,Transformer,1.3641961724736156,1.2811091096187737,-1.4699968959294345,-1.4699968959294345,52,2.822899999999948,382.45746365384616,0.4832605379126575,48.32605379126576,0.0035669226047797,0.3566922604779703
46,future_holdout,岩溶水,岩溶水3,TCN,1.310578351991739,1.216621725902172,-1.279652941084524,-1.279652941084524,52,2.822899999999948,382.45746365384616,0.4642666591065087,46.42666591065088,0.0034267297060201,0.3426729706020104
46,future_holdout,岩溶水,岩溶水3,DynamicGatedStacking,1.3962322058887906,1.3145169661309086,-1.5873671313133046,-1.5873671313133046,52,2.822899999999948,382.45746365384616,0.4946091628781808,49.46091628781808,0.0036506862555373,0.3650686255537399
46,selection,岩溶水,岩溶水4,LSTM,0.9309724979760678,0.6772315468835829,0.8757350714327311,0.8757350714327311,138,8.199999999999989,98.09728260869564,0.1135332314604962,11.353323146049624,0.0094902985405789,0.9490298540578976
46,selection,岩溶水,岩溶水4,Transformer,0.7330069312748118,0.5510383118804294,0.9229644772505874,0.9229644772505874,138,8.199999999999989,98.09728260869564,0.0893910891798552,8.939108917985521,0.0074722450182308,0.7472245018230869
46,selection,岩溶水,岩溶水4,TCN,0.8747057275154423,0.6819366534245686,0.8903019741868701,0.8903019741868701,138,8.199999999999989,98.09728260869564,0.1066714301848101,10.667143018481015,0.0089167172041308,0.8916717204130847
46,selection,岩溶水,岩溶水4,DynamicGatedStacking,0.7494580163008839,0.5655198216030193,0.919467813657798,0.919467813657798,138,8.199999999999989,98.09728260869564,0.0913973190610835,9.139731906108354,0.0076399467586724,0.7639946758672493
46,test,岩溶水,岩溶水4,LSTM,0.6968535556355898,0.5666004790752169,0.7796343696976993,0.7796343696976993,71,6.590000000000003,96.7878732394366,0.1057440903847631,10.57440903847632,0.0071998023338284,0.719980233382847
46,test,岩溶水,岩溶水4,Transformer,0.6007308336520452,0.4616984924243674,0.8362351595822044,0.8362351595822044,71,6.590000000000003,96.7878732394366,0.0911579413736031,9.115794137360316,0.0062066745920322,0.6206674592032206
46,test,岩溶水,岩溶水4,TCN,0.668855287389144,0.527116236062701,0.7969863925487646,0.7969863925487646,71,6.590000000000003,96.7878732394366,0.1014954912578366,10.149549125783668,0.0069105277862084,0.6910527786208409
46,test,岩溶水,岩溶水4,DynamicGatedStacking,0.5805881736892913,0.4554684034980372,0.847033197107223,0.847033197107223,71,6.590000000000003,96.7878732394366,0.0881013920621078,8.810139206210788,0.0059985631903804,0.5998563190380428
46,future_holdout,岩溶水,岩溶水4,LSTM,1.152015817336178,0.8381800801703564,0.8178806087982958,0.8178806087982958,52,8.149999999999991,98.27240384615384,0.141351634028979,14.135163402897902,0.0117226787200572,1.172267872005723
46,future_holdout,岩溶水,岩溶水4,Transformer,1.677014846631299,1.182972555388156,0.6140659289876862,0.6140659289876862,52,8.149999999999991,98.27240384615384,0.2057686928381964,20.576869283819644,0.0170649620951236,1.7064962095123652
46,future_holdout,岩溶水,岩溶水4,TCN,1.0099122075400284,0.7107366368760503,0.8600391570459687,0.8600391570459687,52,8.149999999999991,98.27240384615384,0.1239156082871201,12.391560828712018,0.0102766612804246,1.02766612804247
46,future_holdout,岩溶水,岩溶水4,DynamicGatedStacking,1.1897660562859174,0.8007625169646955,0.8057493616467017,0.8057493616467017,52,8.149999999999991,98.27240384615384,0.1459835651884562,14.598356518845629,0.0121068174759264,1.2106817475926452
46,selection,岩溶水,岩溶水5,LSTM,0.4264577959522064,0.2381615841644065,0.853439024744209,0.853439024744209,138,5.220000000000027,430.7046195652174,0.0816968957762843,8.169689577628432,0.0009901398233961,0.099013982339614
46,selection,岩溶水,岩溶水5,Transformer,0.4004527535877721,0.2339339268268851,0.8707683769452506,0.8707683769452506,138,5.220000000000027,430.7046195652174,0.0767150868942088,7.671508689420882,0.0009297619189504,0.0929761918950431
46,selection,岩溶水,岩溶水5,TCN,0.4198058987118001,0.2688485009594229,0.8579754887719235,0.8579754887719235,138,5.220000000000027,430.7046195652174,0.0804225859601145,8.042258596011456,0.0009746956026048,0.0974695602604821
46,selection,岩溶水,岩溶水5,DynamicGatedStacking,0.3940849230831965,0.2295142545465077,0.8748456727596555,0.8748456727596555,138,5.220000000000027,430.7046195652174,0.0754951959929491,7.549519599294912,0.0009149772377203,0.0914977237720395
46,test,岩溶水,岩溶水5,LSTM,0.304381856581792,0.2235740289215483,0.7391746957205758,0.7391746957205758,71,2.8600000000000136,430.2881690140846,0.1064272225810456,10.642722258104564,0.0007073907174329,0.0707390717432969
46,test,岩溶水,岩溶水5,Transformer,0.3189945424445821,0.2408370590270522,0.7135302921206517,0.7135302921206517,71,2.8600000000000136,430.2881690140846,0.1115365533023009,11.153655330230093,0.0007413509490058,0.0741350949005852
46,test,岩溶水,岩溶水5,TCN,0.2846597745572852,0.1992282937135058,0.7718794544895525,0.7718794544895525,71,2.8600000000000136,430.2881690140846,0.099531389705344,9.9531389705344,0.0006615561269312,0.0661556126931222
46,test,岩溶水,岩溶水5,DynamicGatedStacking,0.2938973525921092,0.21526638557091,0.7568336100460017,0.7568336100460017,71,2.8600000000000136,430.2881690140846,0.1027613120951426,10.27613120951426,0.0006830244793053,0.0683024479305377
46,future_holdout,岩溶水,岩溶水5,LSTM,0.339906377599026,0.2280488906516517,0.858146466528455,0.858146466528455,52,2.8899999999999864,430.4707692307693,0.1176146635290752,11.76146635290753,0.0007896154672857,0.0789615467285786
46,future_holdout,岩溶水,岩溶水5,Transformer,0.4879005346051004,0.3389162825574618,0.707730080664004,0.707730080664004,52,2.8899999999999864,430.4707692307693,0.1688237143962293,16.882371439622933,0.0011334115333242,0.1133411533324215
46,future_holdout,岩溶水,岩溶水5,TCN,0.3436730169841142,0.2495885156440067,0.8549851750687398,0.8549851750687398,52,2.8899999999999864,430.4707692307693,0.1189179989564414,11.891799895644144,0.000798365514105,0.0798365514105037
46,future_holdout,岩溶水,岩溶水5,DynamicGatedStacking,0.3768389078735961,0.2682101420147004,0.8256455626524137,0.8256455626524137,52,2.8899999999999864,430.4707692307693,0.130394085769411,13.039408576941105,0.0008754111424266,0.0875411142426672
46,selection,孔隙水,孔隙水1,LSTM,0.0896982100546525,0.0609411963079507,0.9332346149490202,0.9332346149490202,138,1.4399999999999975,107.5847463768116,0.0622904236490644,6.22904236490644,0.0008337446810581,0.0833744681058111
46,selection,孔隙水,孔隙水1,Transformer,0.0948308172166859,0.0613493927460187,0.9253752668846712,0.9253752668846712,138,1.4399999999999975,107.5847463768116,0.0658547341782542,6.585473417825423,0.0008814522542493,0.0881452254249357
46,selection,孔隙水,孔隙水1,TCN,0.0895704477836179,0.0627316213762302,0.9334246749795088,0.9334246749795088,138,1.4399999999999975,107.5847463768116,0.0622016998497347,6.220169984973476,0.0008325571310072,0.0832557131007222
46,selection,孔隙水,孔隙水1,DynamicGatedStacking,0.1007371821401681,0.066087447110358,0.9157900515503908,0.9157900515503908,138,1.4399999999999975,107.5847463768116,0.0699563764862279,6.995637648622798,0.0009363519042684,0.0936351904268471
46,test,孔隙水,孔隙水1,LSTM,0.0419615716193973,0.0289897564222329,0.8949530312398714,0.8949530312398714,71,0.4799999999999897,107.2312676056338,0.0874199408737463,8.741994087374634,0.0003913184331059,0.0391318433105912
46,test,孔隙水,孔隙水1,Transformer,0.0476523967882967,0.0322467313631145,0.8645280032326593,0.8645280032326593,71,0.4799999999999897,107.2312676056338,0.0992758266422869,9.927582664228693,0.000444389009403,0.044438900940301
46,test,孔隙水,孔隙水1,TCN,0.0477347478054855,0.0365615184437849,0.8640593637773009,0.8640593637773009,71,0.4799999999999897,107.2312676056338,0.0994473912614303,9.94473912614303,0.0004451569851905,0.0445156985190554
46,test,孔隙水,孔隙水1,DynamicGatedStacking,0.0428678109240086,0.0292219757638755,0.890366659705798,0.890366659705798,71,0.4799999999999897,107.2312676056338,0.0893079394250198,8.930793942501984,0.0003997696929375,0.0399769692937551
46,future_holdout,孔隙水,孔隙水1,LSTM,0.1743864672469324,0.1552873050365331,-1.4050525603478672,-1.4050525603478672,52,0.4399999999999977,107.07548076923078,0.3963328801066667,39.63328801066668,0.0016286311860954,0.1628631186095446
46,future_holdout,孔隙水,孔隙水1,Transformer,0.1039103147607354,0.0877975031681664,0.1460816757499708,0.1460816757499708,52,0.4399999999999977,107.07548076923078,0.2361598062743999,23.615980627439992,0.0009704398618081,0.0970439861808167
46,future_holdout,孔隙水,孔隙水1,TCN,0.1242840322997179,0.1063577104611446,-0.2216018528843715,-0.2216018528843715,52,0.4399999999999977,107.07548076923078,0.2824637097720878,28.24637097720878,0.001160714212132,0.1160714212132048
46,future_holdout,孔隙水,孔隙水1,DynamicGatedStacking,0.1358247452221552,0.1212022366038797,-0.4590051019832044,-0.4590051019832044,52,0.4399999999999977,107.07548076923078,0.3086926027776271,30.86926027776272,0.0012684953104706,0.126849531047061
46,selection,孔隙水,孔隙水2,LSTM,0.0555023992669642,0.0422897057791483,0.9690279497081796,0.9690279497081796,138,1.3100000000000025,139.38065217391303,0.0423682437152397,4.236824371523977,0.0003982073437115,0.0398207343711598
46,selection,孔隙水,孔隙水2,Transformer,0.0562949913225331,0.043896417076084,0.9681370520380692,0.9681370520380692,138,1.3100000000000025,139.38065217391303,0.0429732758187275,4.297327581872753,0.0004038938722448,0.0403893872244841
46,selection,孔隙水,孔隙水2,TCN,0.0663177449192402,0.0512130873848933,0.955781302984388,0.955781302984388,138,1.3100000000000025,139.38065217391303,0.0506242327627787,5.0624232762778725,0.0004758030894882,0.0475803089488287
46,selection,孔隙水,孔隙水2,DynamicGatedStacking,0.0510362289235187,0.036597107852528,0.9738119238666536,0.9738119238666536,138,1.3100000000000025,139.38065217391303,0.0389589533767317,3.89589533767318,0.0003661643716506,0.036616437165065
46,test,孔隙水,孔隙水2,LSTM,0.0434120263806569,0.0348922359926875,0.943880774860134,0.943880774860134,71,0.6999999999999886,139.32577464788733,0.0620171805437966,6.201718054379663,0.0003115864705606,0.0311586470560601
46,test,孔隙水,孔隙水2,Transformer,0.0421317039578121,0.0342311025901519,0.9471421374539102,0.9471421374539102,71,0.6999999999999886,139.32577464788733,0.0601881485111611,6.018814851116118,0.0003023970551341,0.0302397055134198
46,test,孔隙水,孔隙水2,TCN,0.0487374027175532,0.0403079284635231,0.9292679391187868,0.9292679391187868,71,0.6999999999999886,139.32577464788733,0.0696248610250772,6.962486102507722,0.0003498089484212,0.0349808948421248
46,test,孔隙水,孔隙水2,DynamicGatedStacking,0.0337900464490749,0.0269661220648489,0.9660007664356196,0.9660007664356196,71,0.6999999999999886,139.32577464788733,0.0482714949272507,4.827149492725074,0.0002425254518374,0.0242525451837402
46,future_holdout,孔隙水,孔隙水2,LSTM,0.0389175770160244,0.0321266305566353,0.9886296241097356,0.9886296241097356,52,1.0699999999999932,139.17000000000002,0.036371567304696,3.637156730469602,0.0002796405620178,0.0279640562017852
46,future_holdout,孔隙水,孔隙水2,Transformer,0.1387440930506421,0.1080788712322012,0.8554852287507363,0.8554852287507363,52,1.0699999999999932,139.17000000000002,0.1296673766828439,12.96673766828439,0.0009969396640845,0.0996939664084515
46,future_holdout,孔隙水,孔隙水2,TCN,0.0817423287611012,0.0672351485580423,0.9498377223764946,0.9498377223764946,52,1.0699999999999932,139.17000000000002,0.0763946997767306,7.639469977673062,0.0005873559586196,0.0587355958619682
46,future_holdout,孔隙水,孔隙水2,DynamicGatedStacking,0.0673376540018608,0.0530626181488336,0.965959243840172,0.965959243840172,52,1.0699999999999932,139.17000000000002,0.0629323869176273,6.2932386917627365,0.0004838517927848,0.0483851792784801
46,selection,孔隙水,孔隙水3,LSTM,0.0961193023730377,0.0735475768401987,0.961756828065891,0.961756828065891,138,1.7000000000000028,112.84016304347826,0.0565407661017868,5.654076610178683,0.0008518181805178,0.085181818051789
46,selection,孔隙水,孔隙水3,Transformer,0.0692113435619704,0.0537411742900784,0.9801716194234668,0.9801716194234668,138,1.7000000000000028,112.84016304347826,0.0407125550364531,4.071255503645312,0.0006133573516311,0.0613357351631109
46,selection,孔隙水,孔隙水3,TCN,0.0995227472769714,0.0800143816939008,0.9590006097498084,0.9590006097498084,138,1.7000000000000028,112.84016304347826,0.0585427925158654,5.854279251586547,0.000881979825203,0.0881979825203057
46,selection,孔隙水,孔隙水3,DynamicGatedStacking,0.0865409914246245,0.0669341939726458,0.9689989489466564,0.9689989489466564,138,1.7000000000000028,112.84016304347826,0.0509064655438967,5.090646554389672,0.0007669342997251,0.0766934299725175
46,test,孔隙水,孔隙水3,LSTM,0.0775554677944723,0.0570384636390807,0.974888580064184,0.974888580064184,71,1.460000000000008,112.86397887323945,0.0531201834208711,5.312018342087117,0.0006871587247652,0.0687158724765294
46,test,孔隙水,孔隙水3,Transformer,0.0542066722800243,0.0397170161049106,0.987732617094337,0.987732617094337,71,1.460000000000008,112.86397887323945,0.0371278577260438,3.712785772604387,0.0004802831941704,0.0480283194170438
46,test,孔隙水,孔隙水3,TCN,0.0759245527340136,0.0590611516717298,0.9759336121360588,0.9759336121360588,71,1.460000000000008,112.86397887323945,0.0520031183109679,5.2003118310968,0.000672708453946,0.0672708453946024
46,test,孔隙水,孔隙水3,DynamicGatedStacking,0.0634520635492433,0.0478934994840834,0.9831911528364248,0.9831911528364248,71,1.460000000000008,112.86397887323945,0.0434603174994815,4.346031749948152,0.000562199420778,0.0562199420778068
46,future_holdout,孔隙水,孔隙水3,LSTM,0.2946459649436319,0.2531917816366988,0.7270177088113714,0.7270177088113714,52,1.6600000000000108,112.4626923076923,0.1774975692431506,17.74975692431506,0.0026199440800998,0.2619944080099873
46,future_holdout,孔隙水,孔隙水3,Transformer,0.2705704089161658,0.2259676047572301,0.769805960238627,0.769805960238627,52,1.6600000000000108,112.4626923076923,0.162994222238653,16.299422223865307,0.0024058681449302,0.240586814493022
46,future_holdout,孔隙水,孔隙水3,TCN,0.1808273209542074,0.1359985996509096,0.8971837938368098,0.8971837938368098,52,1.6600000000000108,112.4626923076923,0.1089321210567507,10.893212105675074,0.0016078871779049,0.1607887177904943
46,future_holdout,孔隙水,孔隙水3,DynamicGatedStacking,0.2442592481788043,0.2109778015104229,0.8123988438055647,0.8123988438055647,52,1.6600000000000108,112.4626923076923,0.1471441254089173,14.714412540891733,0.002171913575664,0.2171913575664037
46,selection,孔隙水,孔隙水4,LSTM,0.0908330798243204,0.0583737393938597,0.9059170722749696,0.9059170722749696,138,1.4699999999999989,35.51927536231884,0.0617912107648438,6.179121076484387,0.002557289778515,0.2557289778515078
46,selection,孔隙水,孔隙水4,Transformer,0.0829719153007289,0.049176905119671,0.9214972311994184,0.9214972311994184,138,1.4699999999999989,35.51927536231884,0.0564434797964143,5.644347979641432,0.0023359686945852,0.2335968694585222
46,selection,孔隙水,孔隙水4,TCN,0.0913180286529662,0.0610924178253811,0.904909791657642,0.904909791657642,138,1.4699999999999989,35.51927536231884,0.0621211079271879,6.212110792718794,0.0025709428956943,0.2570942895694384
46,selection,孔隙水,孔隙水4,DynamicGatedStacking,0.0821313188911164,0.0497720061987573,0.9230798118639172,0.9230798118639172,138,1.4699999999999989,35.51927536231884,0.0558716455041608,5.587164550416087,0.0023123027723208,0.2312302772320819
46,test,孔隙水,孔隙水4,LSTM,0.0469695007883772,0.0324398173408855,0.9696539010363334,0.9696539010363334,71,0.8699999999999974,35.25626760563381,0.0539879319406636,5.398793194066365,0.0013322312308768,0.1332231230876853
46,test,孔隙水,孔隙水4,Transformer,0.0484099903778394,0.0297274699448451,0.9677640128673688,0.9677640128673688,71,0.8699999999999974,35.25626760563381,0.055643667100965,5.564366710096501,0.001373088919092,0.1373088919092039
46,test,孔隙水,孔隙水4,TCN,0.0548361785107412,0.0427653983000326,0.9586376367637308,0.9586376367637308,71,0.8699999999999974,35.25626760563381,0.0630300902422314,6.303009024223146,0.0015553597199829,0.1555359719982911
46,test,孔隙水,孔隙水4,DynamicGatedStacking,0.0459664484578108,0.0275650750116412,0.9709361675818202,0.9709361675818202,71,0.8699999999999974,35.25626760563381,0.0528349982273689,5.283499822736896,0.0013037809042062,0.1303780904206252
46,future_holdout,孔隙水,孔隙水4,LSTM,0.0677946238085605,0.0574127392213685,0.9554684609247196,0.9554684609247196,52,0.9099999999999966,35.18057692307693,0.074499586602814,7.449958660281402,0.0019270469599402,0.1927046959940278
46,future_holdout,孔隙水,孔隙水4,Transformer,0.0639958026421436,0.0511725172091549,0.9603192222612608,0.9603192222612608,52,0.9099999999999966,35.18057692307693,0.0703250578485098,7.032505784850981,0.001819066321228,0.1819066321228098
46,future_holdout,孔隙水,孔隙水4,TCN,0.070234772860341,0.0551170063414697,0.9522050997691244,0.9522050997691244,52,0.9099999999999966,35.18057692307693,0.0771810690772981,7.718106907729815,0.0019964076488543,0.199640764885439
46,future_holdout,孔隙水,孔隙水4,DynamicGatedStacking,0.0638214553235193,0.0529521294058221,0.9605351368383288,0.9605351368383288,52,0.9099999999999966,35.18057692307693,0.0701334673884831,7.01334673884831,0.0018141105378421,0.1814110537842126
46,selection,孔隙水,孔隙水5,LSTM,0.0490452646805174,0.0368531337894454,0.9752926846205168,0.9752926846205168,138,1.1700000000000017,40.52177536231885,0.0419190296414678,4.191902964146786,0.0012103434324381,0.121034343243817
46,selection,孔隙水,孔隙水5,Transformer,0.0514829162111152,0.0403352332522045,0.9727756404344592,0.9727756404344592,138,1.1700000000000017,40.52177536231885,0.0440024924881325,4.400249248813259,0.0012705000151348,0.1270500015134803
46,selection,孔隙水,孔隙水5,TCN,0.0584016971962736,0.04280138175919,0.9649665965864132,0.9649665965864132,138,1.1700000000000017,40.52177536231885,0.0499159805096355,4.991598050963556,0.0014412423116727,0.1441242311672784
46,selection,孔隙水,孔隙水5,DynamicGatedStacking,0.0455918817906036,0.0328572888838909,0.9786495796684118,0.9786495796684118,138,1.1700000000000017,40.52177536231885,0.0389674203338491,3.896742033384918,0.0011251205403255,0.1125120540325571
46,test,孔隙水,孔隙水5,LSTM,0.0235069881065509,0.0185001930509467,0.9824388923278348,0.9824388923278348,71,0.5600000000000023,40.15161971830986,0.0419767644759836,4.1976764475983686,0.0005854555375715,0.0585455537571535
46,test,孔隙水,孔隙水5,Transformer,0.0374698477705888,0.0310337761968807,0.9553807991226502,0.9553807991226502,71,0.5600000000000023,40.15161971830986,0.0669104424474797,6.691044244747974,0.000933208872605,0.0933208872605004
46,test,孔隙水,孔隙水5,TCN,0.0354581019846041,0.027949489216128,0.960043365580551,0.960043365580551,71,0.5600000000000023,40.15161971830986,0.0633180392582214,6.331803925822142,0.000883105145779,0.0883105145779078
46,test,孔隙水,孔隙水5,DynamicGatedStacking,0.0243300493080557,0.0191015864208218,0.9811876128091124,0.9811876128091124,71,0.5600000000000023,40.15161971830986,0.0434465166215278,4.344651662152789,0.0006059543669407,0.0605954366940788
46,future_holdout,孔隙水,孔隙水5,LSTM,0.087720793946845,0.0746342451206187,0.8728271167319562,0.8728271167319562,52,0.75,40.18,0.1169610585957934,11.696105859579344,0.0021831954690603,0.2183195469060355
46,future_holdout,孔隙水,孔隙水5,Transformer,0.1835756352329364,0.1442431983535521,0.4430457919332693,0.4430457919332693,52,0.75,40.18,0.2447675136439152,24.47675136439153,0.0045688311406903,0.4568831140690305
46,future_holdout,孔隙水,孔隙水5,TCN,0.0636674944132677,0.0510557870800295,0.9330076938936877,0.9330076938936877,52,0.75,40.18,0.0848899925510237,8.48899925510237,0.0015845568544865,0.1584556854486505
46,future_holdout,孔隙水,孔隙水5,DynamicGatedStacking,0.078440041023428,0.0662679134086925,0.898313093739077,0.898313093739077,52,0.75,40.18,0.1045867213645707,10.45867213645707,0.0019522160533456,0.1952216053345645
47,selection,裂隙水,裂隙水1,LSTM,0.610652756777229,0.4027282524188881,0.8464168276160746,0.8464168276160746,138,6.929039999999986,196.3614404347826,0.0881294893343421,8.812948933434216,0.0031098404830659,0.3109840483065944
47,selection,裂隙水,裂隙水1,Transformer,0.5864993082757659,0.353048546540373,0.8583260513631144,0.8583260513631144,138,6.929039999999986,196.3614404347826,0.0846436603448337,8.464366034483378,0.0029868354345799,0.2986835434579935
47,selection,裂隙水,裂隙水1,TCN,0.5879788270953895,0.3723954273395267,0.8576103688268426,0.8576103688268426,138,6.929039999999986,196.3614404347826,0.0848571847031321,8.485718470313214,0.0029943701054213,0.2994370105421357
47,selection,裂隙水,裂隙水1,DynamicGatedStacking,0.5847085395076562,0.3723995555872847,0.8591898817461135,0.8591898817461135,138,6.929039999999986,196.3614404347826,0.084385216351422,8.438521635142205,0.0029777156768304,0.2977715676830427
47,test,裂隙水,裂隙水1,LSTM,0.4541900384345389,0.359135184996702,0.781919837060582,0.781919837060582,71,4.359559999999988,195.74704767605635,0.104182540998298,10.418254099829804,0.0023202906190758,0.232029061907581
47,test,裂隙水,裂隙水1,Transformer,0.3763869747817214,0.2985284931823037,0.8502350709410886,0.8502350709410886,71,4.359559999999988,195.74704767605635,0.0863360006013732,8.63360006013732,0.0019228232519992,0.1922823251999222
47,test,裂隙水,裂隙水1,TCN,0.4110524054939121,0.324472537918068,0.8213778380572193,0.8213778380572193,71,4.359559999999988,195.74704767605635,0.0942875899159349,9.428758991593494,0.0020999162458591,0.2099916245859129
47,test,裂隙水,裂隙水1,DynamicGatedStacking,0.4055636019305201,0.3275264583486637,0.8261162905462446,0.8261162905462446,71,4.359559999999988,195.74704767605635,0.093028562958308,9.302856295830802,0.0020718759580052,0.2071875958005206
47,future_holdout,裂隙水,裂隙水1,LSTM,0.8222416881604545,0.7017596205104248,0.6084248403575545,0.6084248403575545,52,4.379999999999996,195.6493294230769,0.1877264128220217,18.772641282202176,0.0042026297283259,0.4202629728325922
47,future_holdout,裂隙水,裂隙水1,Transformer,0.7463475561337952,0.627386112653904,0.67737473086995,0.67737473086995,52,4.379999999999996,195.6493294230769,0.1703989854186748,17.039898541867487,0.0038147207472399,0.3814720747239951
47,future_holdout,裂隙水,裂隙水1,TCN,0.6993542491813939,0.5260355068853543,0.7167234754450087,0.7167234754450087,52,4.379999999999996,195.6493294230769,0.159669919904428,15.9669919904428,0.0035745292419024,0.357452924190245
47,future_holdout,裂隙水,裂隙水1,DynamicGatedStacking,0.7322701933681995,0.5954814920485189,0.6894304568223677,0.6894304568223677,52,4.379999999999996,195.6493294230769,0.1671849756548402,16.718497565484025,0.0037427687359189,0.3742768735918949
47,selection,裂隙水,裂隙水2,LSTM,0.2084677526321972,0.1570150889831821,0.9627391693036952,0.9627391693036952,138,4.639999999999986,303.8561594202898,0.0449283949638357,4.492839496383573,0.0006860738088374,0.0686073808837448
47,selection,裂隙水,裂隙水2,Transformer,0.1686320100933147,0.119041311159158,0.9756188156962392,0.9756188156962392,138,4.639999999999986,303.8561594202898,0.0363431056235593,3.634310562355931,0.0005549731505033,0.0554973150503311
47,selection,裂隙水,裂隙水2,TCN,0.1784410771410726,0.1328476158373245,0.9726998875405622,0.9726998875405622,138,4.639999999999986,303.8561594202898,0.0384571286941968,3.84571286941968,0.000587255092941,0.0587255092941049
47,selection,裂隙水,裂隙水2,DynamicGatedStacking,0.1617445376989674,0.1212855969062233,0.9775697553934106,0.9775697553934106,138,4.639999999999986,303.8561594202898,0.0348587365730534,3.4858736573053424,0.0005323062662529,0.0532306266252923
47,test,裂隙水,裂隙水2,LSTM,0.1993776483297094,0.1572387610927141,0.8483007199821003,0.8483007199821003,71,1.8199999999999927,303.2730985915493,0.1095481584229177,10.95481584229177,0.000657419498319,0.0657419498319014
47,test,裂隙水,裂隙水2,Transformer,0.1873356908200677,0.1289048814787323,0.8660719228427427,0.8660719228427427,71,1.8199999999999927,303.2730985915493,0.1029316982527848,10.293169825278484,0.0006177128525084,0.0617712852508468
47,test,裂隙水,裂隙水2,TCN,0.2297271013634707,0.1653277240574286,0.7986020494282077,0.7986020494282077,71,1.8199999999999927,303.2730985915493,0.1262236820678415,12.622368206784152,0.0007574925122945,0.0757492512294567
47,test,裂隙水,裂隙水2,DynamicGatedStacking,0.1872267283777631,0.1301438691148426,0.8662276741181378,0.8662276741181378,71,1.8199999999999927,303.2730985915493,0.1028718287789911,10.287182877899111,0.0006173535643196,0.0617353564319668
47,future_holdout,裂隙水,裂隙水2,LSTM,0.6390526522032661,0.4749133622866927,0.5365738933336122,0.5365738933336122,52,2.730000000000018,302.7888461538462,0.2340852205872754,23.40852205872754,0.0021105554590956,0.2110555459095627
47,future_holdout,裂隙水,裂隙水2,Transformer,0.710010397016762,0.562099871448549,0.4279465235760669,0.4279465235760669,52,2.730000000000018,302.7888461538462,0.2600770685043067,26.007706850430672,0.0023449027467015,0.2344902746701599
47,future_holdout,裂隙水,裂隙水2,TCN,0.8256862673318939,0.6395451520291737,0.2263628157348067,0.2263628157348067,52,2.730000000000018,302.7888461538462,0.3024491821728529,30.24491821728529,0.0027269375269932,0.27269375269932
47,future_holdout,裂隙水,裂隙水2,DynamicGatedStacking,0.7305788118264264,0.5643905947116405,0.3943226153189967,0.3943226153189967,52,2.730000000000018,302.7888461538462,0.2676112863833045,26.76112863833045,0.0024128326426371,0.2412832642637111
47,selection,裂隙水,裂隙水3,LSTM,0.0980147349210224,0.0784629981366987,0.9616062199320068,0.9616062199320068,138,1.7800000000000011,185.90217391304347,0.0550644578207991,5.506445782079911,0.00052723823965,0.0527238239650006
47,selection,裂隙水,裂隙水3,Transformer,0.0939614391647012,0.077939756777164,0.9647160292441072,0.9647160292441072,138,1.7800000000000011,185.90217391304347,0.0527873253734276,5.278732537342766,0.0005054348595657,0.050543485956572
47,selection,裂隙水,裂隙水3,TCN,0.0888775103948043,0.0708015894583217,0.9684309222328336,0.9684309222328336,138,1.7800000000000011,185.90217391304347,0.0499311856150586,4.99311856150586,0.0004780875259499,0.047808752594995
47,selection,裂隙水,裂隙水3,DynamicGatedStacking,0.0838247557580557,0.0674109885363131,0.9719183432372692,0.9719183432372692,138,1.7800000000000011,185.90217391304347,0.047092559414638,4.709255941463804,0.0004509078833971,0.045090788339713
47,test,裂隙水,裂隙水3,LSTM,0.1024922194477288,0.0848835139471251,0.8742172932601968,0.8742172932601968,71,1.3499999999999943,186.1540845070422,0.0759201625538735,7.592016255387356,0.0005505773333909,0.0550577333390993
47,test,裂隙水,裂隙水3,Transformer,0.0707473374423767,0.0546520051964567,0.9400679213942134,0.9400679213942134,71,1.3499999999999943,186.1540845070422,0.0524054351425015,5.240543514250151,0.0003800471938594,0.0380047193859452
47,test,裂隙水,裂隙水3,TCN,0.0841555373589736,0.0635724301807044,0.9151983045093974,0.9151983045093974,71,1.3499999999999943,186.1540845070422,0.0623374350807214,6.233743508072149,0.0004520746218479,0.0452074621847956
47,test,裂隙水,裂隙水3,DynamicGatedStacking,0.0674663477678181,0.0535097917566123,0.9454978616475628,0.9454978616475628,71,1.3499999999999943,186.1540845070422,0.0499750724206062,4.997507242060626,0.0003624220652825,0.0362422065282515
47,future_holdout,裂隙水,裂隙水3,LSTM,0.2204200668274126,0.1897429249145075,0.900672667680564,0.900672667680564,52,2.0,185.6351923076923,0.1102100334137063,11.02100334137063,0.0011873829745712,0.1187382974571244
47,future_holdout,裂隙水,裂隙水3,Transformer,0.3180261286603738,0.2786357981872308,0.7932278148795001,0.7932278148795001,52,2.0,185.6351923076923,0.1590130643301869,15.901306433018693,0.0017131780063192,0.1713178006319201
47,future_holdout,裂隙水,裂隙水3,TCN,0.3404712792138687,0.2902908483651764,0.7630113881824556,0.7630113881824556,52,2.0,185.6351923076923,0.1702356396069343,17.023563960693437,0.0018340880033648,0.1834088003364868
47,future_holdout,裂隙水,裂隙水3,DynamicGatedStacking,0.2545100761712294,0.223133660061095,0.8675730203281706,0.8675730203281706,52,2.0,185.6351923076923,0.1272550380856147,12.725503808561472,0.0013710227732539,0.1371022773253986
47,selection,裂隙水,裂隙水4,LSTM,0.1240464919474391,0.0792498916732371,0.9384256257047712,0.9384256257047712,138,2.049999999999997,52.14630434782609,0.0605104838767996,6.05104838767997,0.0023788165527517,0.2378816552751749
47,selection,裂隙水,裂隙水4,Transformer,0.1314786092119595,0.0817785053267597,0.9308262633026608,0.9308262633026608,138,2.049999999999997,52.14630434782609,0.0641359069326632,6.413590693266326,0.0025213408861147,0.2521340886114792
47,selection,裂隙水,裂隙水4,TCN,0.1186043648866845,0.0759845880538555,0.9437098536091096,0.9437098536091096,138,2.049999999999997,52.14630434782609,0.0578557877496022,5.7855787749602285,0.0022744538921793,0.2274453892179398
47,selection,裂隙水,裂隙水4,DynamicGatedStacking,0.1178493821726864,0.0708679818739349,0.94442420886169,0.94442420886169,138,2.049999999999997,52.14630434782609,0.0574875034988715,5.748750349887153,0.0022599757287996,0.2259975728799647
47,test,裂隙水,裂隙水4,LSTM,0.0598368922428222,0.0460549708393676,0.933043531125424,0.933043531125424,71,0.9299999999999996,52.00295774647888,0.0643407443471207,6.43407443471207,0.0011506440178755,0.1150644017875575
47,test,裂隙水,裂隙水4,Transformer,0.0592794184190651,0.0415745108065671,0.9342853269540792,0.9342853269540792,71,0.9299999999999996,52.00295774647888,0.0637413101280271,6.374131012802711,0.0011399239771718,0.1139923977171836
47,test,裂隙水,裂隙水4,TCN,0.0716123929721861,0.0524504333885691,0.9040972953236026,0.9040972953236026,71,0.9299999999999996,52.00295774647888,0.0770025730883722,7.700257308837221,0.001377083075184,0.1377083075184026
47,test,裂隙水,裂隙水4,DynamicGatedStacking,0.0605831803069584,0.0438836767038579,0.9313629485231814,0.9313629485231814,71,0.9299999999999996,52.00295774647888,0.0651432046311381,6.51432046311381,0.0011649948951424,0.1164994895142488
47,future_holdout,裂隙水,裂隙水4,LSTM,0.2072339576265178,0.1782565645878658,0.7418698145890189,0.7418698145890189,52,1.1199999999999974,52.21,0.1850303193093913,18.50303193093913,0.0039692387976732,0.3969238797673201
47,future_holdout,裂隙水,裂隙水4,Transformer,0.2777164319614672,0.209729626086828,0.5364248951345194,0.5364248951345194,52,1.1199999999999974,52.21,0.2479610999655963,24.796109996559636,0.0053192191526808,0.5319219152680851
47,future_holdout,裂隙水,裂隙水4,TCN,0.4370462555337802,0.3062008228162334,-0.1480789621052183,-0.1480789621052183,52,1.1199999999999974,52.21,0.3902198710123046,39.02198710123047,0.0083709300044776,0.8370930004477691
47,future_holdout,裂隙水,裂隙水4,DynamicGatedStacking,0.2674367864316552,0.2015905928750078,0.570108120498612,0.570108120498612,52,1.1199999999999974,52.21,0.2387828450282641,23.87828450282641,0.0051223287958562,0.5122328795856257
47,selection,裂隙水,裂隙水5,LSTM,0.1867450415620037,0.1112664700698739,0.923155736145642,0.923155736145642,138,2.9699999999999704,323.411268115942,0.0628771183710456,6.287711837104566,0.0005774228048697,0.0577422804869792
47,selection,裂隙水,裂隙水5,Transformer,0.1660854516439583,0.0994192738086369,0.9392177909898874,0.9392177909898874,138,2.9699999999999704,323.411268115942,0.0559210274895488,5.59210274895488,0.0005135425633482,0.0513542563348216
47,selection,裂隙水,裂隙水5,TCN,0.1567606137396088,0.0967826245021465,0.9458514032790556,0.9458514032790556,138,2.9699999999999704,323.411268115942,0.0527813514274782,5.278135142747824,0.0004847098082043,0.0484709808204365
47,selection,裂隙水,裂隙水5,DynamicGatedStacking,0.1736318921280925,0.1040600891859759,0.9335687702795488,0.9335687702795488,138,2.9699999999999704,323.411268115942,0.0584619165414458,5.846191654144587,0.0005368764457082,0.0536876445708273
47,test,裂隙水,裂隙水5,LSTM,0.0898825854247678,0.0649049821664579,0.8657168462696101,0.8657168462696101,71,1.0400000000000205,322.4869718309859,0.0864255629084288,8.642556290842888,0.0002787169506862,0.0278716950686227
47,test,裂隙水,裂隙水5,Transformer,0.069105330434054,0.0529028994228018,0.9206232129481268,0.9206232129481268,71,1.0400000000000205,322.4869718309859,0.066447433109666,6.644743310966608,0.0002142887510825,0.0214288751082545
47,test,裂隙水,裂隙水5,TCN,0.0818788499931621,0.0654513510491739,0.8885669831101342,0.8885669831101342,71,1.0400000000000205,322.4869718309859,0.078729663454962,7.872966345496203,0.0002538981637871,0.0253898163787138
47,test,裂隙水,裂隙水5,DynamicGatedStacking,0.0713946768810546,0.053478543474687,0.9152768518708562,0.9152768518708562,71,1.0400000000000205,322.4869718309859,0.0686487277702434,6.864872777024349,0.0002213877865381,0.0221387786538156
47,future_holdout,裂隙水,裂隙水5,LSTM,0.1303415473469513,0.1011355145183647,0.74072713861172,0.74072713861172,52,0.8000000000000114,322.6370192307692,0.1629269341836868,16.292693418368685,0.0004039881959538,0.0403988195953804
47,future_holdout,裂隙水,裂隙水5,Transformer,0.247852270518719,0.2117448592391458,0.0624873869539266,0.0624873869539266,52,0.8000000000000114,322.6370192307692,0.3098153381483944,30.981533814839445,0.0007682077869106,0.0768207786910653
47,future_holdout,裂隙水,裂隙水5,TCN,0.2172075790462049,0.1898886977800115,0.2799854611559561,0.2799854611559561,52,0.8000000000000114,322.6370192307692,0.2715094738077523,27.150947380775232,0.0006732258423539,0.0673225842353958
47,future_holdout,裂隙水,裂隙水5,DynamicGatedStacking,0.0954867915571866,0.0830641750256819,0.8608516958982113,0.8608516958982113,52,0.8000000000000114,322.6370192307692,0.1193584894464816,11.93584894464816,0.0002959573324376,0.0295957332437691
47,selection,岩溶水,岩溶水1,LSTM,1.2021484689129531,0.8290071174233302,0.8651363557914977,0.8651363557914977,138,16.039999999999964,461.56492753623183,0.0749469120269922,7.494691202699226,0.0026045056658222,0.2604505665822252
47,selection,岩溶水,岩溶水1,Transformer,1.0048582026079491,0.6317964860978402,0.9057702064859868,0.9057702064859868,138,16.039999999999964,461.56492753623183,0.0626470201127151,6.264702011271517,0.0021770679327212,0.2177067932721274
47,selection,岩溶水,岩溶水1,TCN,1.1002825707584536,0.7362016360399881,0.8870237533118075,0.8870237533118075,138,16.039999999999964,461.56492753623183,0.0685961702467865,6.859617024678653,0.0023838088752358,0.2383808875235832
47,selection,岩溶水,岩溶水1,DynamicGatedStacking,1.0309238561231406,0.6871312839039595,0.9008182299740436,0.9008182299740436,138,16.039999999999964,461.56492753623183,0.0642720608555575,6.4272060855557545,0.0022335402770441,0.2233540277044155
47,test,岩溶水,岩溶水1,LSTM,0.737948773669745,0.5400788057664504,0.8240985489942421,0.8240985489942421,71,9.25,460.3830985915493,0.0797782458021345,7.9778245802134595,0.0016029015311972,0.1602901531197285
47,test,岩溶水,岩溶水1,Transformer,0.5859762149484558,0.4162410737922513,0.8890884007386398,0.8890884007386398,71,9.25,460.3830985915493,0.0633487799944276,6.334877999442765,0.0012728013185999,0.1272801318599952
47,test,岩溶水,岩溶水1,TCN,0.7434990192864137,0.5267089642558537,0.8214426255958771,0.8214426255958771,71,9.25,460.3830985915493,0.0803782723552879,8.037827235528797,0.0016149572422641,0.1614957242264109
47,test,岩溶水,岩溶水1,DynamicGatedStacking,0.6439148273852063,0.4694115010735039,0.8660712416326957,0.8660712416326957,71,9.25,460.3830985915493,0.0696124137713736,6.961241377137366,0.0013986500142058,0.1398650014205855
47,future_holdout,岩溶水,岩溶水1,LSTM,1.0073504546339729,0.7584554714137758,0.8794946989640053,0.8794946989640053,52,9.120000000000005,460.9194230769231,0.1104550937098653,11.04550937098654,0.0021855239857528,0.2185523985752832
47,future_holdout,岩溶水,岩溶水1,Transformer,1.0857280631842394,0.7973680650392324,0.8600131938429483,0.8600131938429483,52,9.120000000000005,460.9194230769231,0.1190491297351139,11.904912973511392,0.0023555702121128,0.2355570212112848
47,future_holdout,岩溶水,岩溶水1,TCN,0.9112114961511494,0.7836313841228931,0.9013985369528807,0.9013985369528807,52,9.120000000000005,460.9194230769231,0.0999135412446435,9.991354124464351,0.001976943149994,0.1976943149994086
47,future_holdout,岩溶水,岩溶水1,DynamicGatedStacking,0.9045529171491165,0.7154690572784753,0.9028343107907778,0.9028343107907778,52,9.120000000000005,460.9194230769231,0.0991834338979293,9.918343389792938,0.0019624968527268,0.1962496852726805
47,selection,岩溶水,岩溶水2,LSTM,1.2558847077105997,1.0156014956971997,0.9402933621744352,0.9402933621744352,138,21.97999999999996,503.30923045155646,0.0571376118157689,5.7137611815768965,0.0024952546699448,0.2495254669944859
47,selection,岩溶水,岩溶水2,Transformer,1.033189461283743,0.7588501390904865,0.9595905437332856,0.9595905437332856,138,21.97999999999996,503.30923045155646,0.0470058899583141,4.7005889958314135,0.002052792595035,0.2052792595035046
47,selection,岩溶水,岩溶水2,TCN,1.3082318626317309,0.9742655529622524,0.9352123068998413,0.9352123068998413,138,21.97999999999996,503.30923045155646,0.0595191930223718,5.951919302237185,0.0025992606204698,0.2599260620469881
47,selection,岩溶水,岩溶水2,DynamicGatedStacking,1.0589810169378029,0.7793858867951534,0.95754787623289,0.95754787623289,138,21.97999999999996,503.30923045155646,0.048179300133658,4.8179300133658085,0.0021040365502291,0.2104036550229193
47,test,岩溶水,岩溶水2,LSTM,0.6874320655979144,0.5338904261161268,0.966468362556558,0.966468362556558,71,12.189999999999998,499.7949295774648,0.0563931144871135,5.639311448711357,0.0013754282505008,0.1375428250500822
47,test,岩溶水,岩溶水2,Transformer,0.7319486893531199,0.5379377887933335,0.9619848713646054,0.9619848713646054,71,12.189999999999998,499.7949295774648,0.0600450114317571,6.004501143175718,0.0014644980291655,0.1464498029165525
47,test,岩溶水,岩溶水2,TCN,0.8482537518364667,0.6660039172371162,0.948944002229486,0.948944002229486,71,12.189999999999998,499.7949295774648,0.0695860337847798,6.958603378477989,0.0016972035961901,0.1697203596190131
47,test,岩溶水,岩溶水2,DynamicGatedStacking,0.6210630356229591,0.4741469997866958,0.972630519579314,0.972630519579314,71,12.189999999999998,499.7949295774648,0.0509485673193567,5.094856731935678,0.001242635726913,0.1242635726913069
47,future_holdout,岩溶水,岩溶水2,LSTM,1.0824873128995625,0.8653425269267573,0.9663715530597836,0.9663715530597836,52,15.870000000000005,500.9328846153846,0.0682096605481765,6.8209660548176565,0.0021609428052037,0.2160942805203723
47,future_holdout,岩溶水,岩溶水2,Transformer,1.3264370146362912,1.052333031683235,0.9495066196850576,0.9495066196850576,52,15.870000000000005,500.9328846153846,0.0835814123904405,8.35814123904405,0.0026479335962435,0.2647933596243591
47,future_holdout,岩溶水,岩溶水2,TCN,1.594165082471893,1.368072967264452,0.92706638072528,0.92706638072528,52,15.870000000000005,500.9328846153846,0.100451485978065,10.045148597806506,0.0031823925548347,0.3182392554834746
47,future_holdout,岩溶水,岩溶水2,DynamicGatedStacking,0.8980652317519521,0.7686137395352797,0.9768539467906168,0.9768539467906168,52,15.870000000000005,500.9328846153846,0.0565888614840549,5.658886148405493,0.0017927855394071,0.179278553940711
47,selection,岩溶水,岩溶水3,LSTM,1.3089212493380245,0.4762835842625014,0.6780412399207533,0.6780412399207533,138,15.136300000000006,387.0044152898551,0.0864756412952983,8.647564129529831,0.003382186863056,0.3382186863056021
47,selection,岩溶水,岩溶水3,Transformer,1.2963027736059418,0.4643523565661675,0.6842189166832584,0.6842189166832584,138,15.136300000000006,387.0044152898551,0.0856419847390671,8.56419847390671,0.0033495813546081,0.3349581354608186
47,selection,岩溶水,岩溶水3,TCN,1.3269245418927849,0.525742200151253,0.6691236982562423,0.6691236982562423,138,15.136300000000006,387.0044152898551,0.0876650530111575,8.766505301115757,0.0034287064681134,0.3428706468113437
47,selection,岩溶水,岩溶水3,DynamicGatedStacking,1.279602723656094,0.4641088394582008,0.6923028161861204,0.6923028161861204,138,15.136300000000006,387.0044152898551,0.084538673497228,8.453867349722808,0.0033064292630814,0.3306429263081427
47,test,岩溶水,岩溶水3,LSTM,0.4833070012251342,0.2866758851483589,0.9091639177313642,0.9091639177313642,71,5.751170000000002,383.8266273239437,0.0840362919588769,8.403629195887689,0.0012591804914494,0.1259180491449413
47,test,岩溶水,岩溶水3,Transformer,0.5053379286053686,0.3131554799323275,0.9006938800085046,0.9006938800085046,71,5.751170000000002,383.8266273239437,0.0878669781288622,8.78669781288622,0.0013165786129237,0.1316578612923775
47,test,岩溶水,岩溶水3,TCN,0.5433543866575864,0.3224917513689858,0.8851903012650124,0.8851903012650124,71,5.751170000000002,383.8266273239437,0.0944771910163647,9.447719101636473,0.0014156245241396,0.1415624524139654
47,test,岩溶水,岩溶水3,DynamicGatedStacking,0.4946905576174614,0.3024662954818671,0.904834515304872,0.904834515304872,71,5.751170000000002,383.8266273239437,0.0860156381427537,8.601563814275378,0.0012888385599156,0.1288838559915621
47,future_holdout,岩溶水,岩溶水3,LSTM,1.316832102136532,1.2618004446843794,-1.3014607083464051,-1.3014607083464051,52,2.822899999999948,382.45746365384616,0.4664820227909443,46.648202279094434,0.0034430811979874,0.3443081197987465
47,future_holdout,岩溶水,岩溶水3,Transformer,1.04339256253513,0.9282179251822078,-0.4449014518089684,-0.4449014518089684,52,2.822899999999948,382.45746365384616,0.3696172597453503,36.96172597453503,0.0027281270773669,0.2728127077366913
47,future_holdout,岩溶水,岩溶水3,TCN,1.5552651777757125,1.4895918405819668,-2.2103445880894736,-2.2103445880894736,52,2.822899999999948,382.45746365384616,0.5509458988188534,55.09458988188533,0.0040665049726506,0.4066504972650628
47,future_holdout,岩溶水,岩溶水3,DynamicGatedStacking,1.234412923661198,1.169952336328568,-1.0223842477490304,-1.0223842477490304,52,2.822899999999948,382.45746365384616,0.4372853886645723,43.72853886645723,0.0032275822567772,0.3227582256777287
47,selection,岩溶水,岩溶水4,LSTM,0.8623091355283478,0.6203981188368191,0.8933892875537238,0.8933892875537238,138,8.199999999999989,98.09728260869564,0.1051596506741888,10.51596506741889,0.0087903468128474,0.8790346812847495
47,selection,岩溶水,岩溶水4,Transformer,0.7158564531324965,0.5500671477699496,0.9265271714013428,0.9265271714013428,138,8.199999999999989,98.09728260869564,0.0872995674551826,8.729956745518262,0.0072974136907339,0.7297413690733985
47,selection,岩溶水,岩溶水4,TCN,0.7988725460534303,0.6028836681694816,0.908498152205926,0.908498152205926,138,8.199999999999989,98.09728260869564,0.0974234812260282,9.742348122602822,0.008143676611717,0.8143676611717027
47,selection,岩溶水,岩溶水4,DynamicGatedStacking,0.7344850024971865,0.5463853086656468,0.9226534875862688,0.9226534875862688,138,8.199999999999989,98.09728260869564,0.0895713417679497,8.95713417679497,0.0074873124205387,0.7487312420538746
47,test,岩溶水,岩溶水4,LSTM,0.6594975898049731,0.520132555693168,0.8026272261144094,0.8026272261144094,71,6.590000000000003,96.7878732394366,0.1000755067989336,10.007550679893365,0.006813845244574,0.681384524457407
47,test,岩溶水,岩溶水4,Transformer,0.578323371406549,0.4607950094128423,0.8482242783975766,0.8482242783975766,71,6.590000000000003,96.7878732394366,0.0877577194850605,8.775771948506051,0.0059751635411584,0.5975163541158468
47,test,岩溶水,岩溶水4,TCN,0.6553356709644684,0.5145108111119686,0.8051105027821569,0.8051105027821569,71,6.590000000000003,96.7878732394366,0.0994439561402834,9.944395614028348,0.0067708448282904,0.6770844828290424
47,test,岩溶水,岩溶水4,DynamicGatedStacking,0.5828720831455482,0.4553541665379315,0.8458273527523151,0.8458273527523151,71,6.590000000000003,96.7878732394366,0.0884479640585049,8.844796405850499,0.0060221602524897,0.6022160252489717
47,future_holdout,岩溶水,岩溶水4,LSTM,1.286803068484963,0.8799593043568895,0.7727711442921497,0.7727711442921497,52,8.149999999999991,98.27240384615384,0.1578899470533698,15.788994705336984,0.0130942463817152,1.3094246381715282
47,future_holdout,岩溶水,岩溶水4,Transformer,1.213486051030908,0.8834515633479406,0.7979267237780292,0.7979267237780292,52,8.149999999999991,98.27240384615384,0.1488939939915226,14.889399399152262,0.0123481873195106,1.2348187319510664
47,future_holdout,岩溶水,岩溶水4,TCN,1.5050103277339928,0.9985566920540012,0.6891733368684037,0.6891733368684037,52,8.149999999999991,98.27240384615384,0.1846638438937416,18.466384389374163,0.0153146790841719,1.5314679084171965
47,future_holdout,岩溶水,岩溶水4,DynamicGatedStacking,1.3308562914951474,0.9317536890380106,0.7569466396573626,0.7569466396573626,52,8.149999999999991,98.27240384615384,0.1632952504902023,16.32952504902023,0.0135425230218099,1.3542523021809991
47,selection,岩溶水,岩溶水5,LSTM,0.4262936460457607,0.2625110762650603,0.8535518299993643,0.8535518299993643,138,5.220000000000027,430.7046195652174,0.0816654494340533,8.166544943405334,0.0009897587039491,0.0989758703949102
47,selection,岩溶水,岩溶水5,Transformer,0.4163181498612505,0.2431653768714018,0.8603255660809228,0.8603255660809228,138,5.220000000000027,430.7046195652174,0.0797544348393196,7.9754434839319615,0.0009665978281856,0.0966597828185614
47,selection,岩溶水,岩溶水5,TCN,0.4257209833538554,0.2706310690961521,0.853945028789116,0.853945028789116,138,5.220000000000027,430.7046195652174,0.0815557439375197,8.155574393751976,0.0009884291089879,0.0988429108987981
47,selection,岩溶水,岩溶水5,DynamicGatedStacking,0.4085243738669044,0.2419438264426363,0.865506227283614,0.865506227283614,138,5.220000000000027,430.7046195652174,0.0782613743040042,7.826137430400427,0.0009485024197773,0.0948502419777379
47,test,岩溶水,岩溶水5,LSTM,0.3153236777086819,0.2539379526776668,0.7200855196046017,0.7200855196046017,71,2.8600000000000136,430.2881690140846,0.1102530341638742,11.025303416387429,0.0007328197715293,0.0732819771529345
47,test,岩溶水,岩溶水5,Transformer,0.30314387441245,0.2313987242176948,0.7412920389550668,0.7412920389550668,71,2.8600000000000136,430.2881690140846,0.1059943616826743,10.599436168267436,0.000704513617251,0.0704513617251064
47,test,岩溶水,岩溶水5,TCN,0.3474091380585191,0.2624499628697118,0.6602224545190539,0.6602224545190539,71,2.8600000000000136,430.2881690140846,0.1214717265938872,12.147172659388724,0.0008073871490692,0.0807387149069272
47,test,岩溶水,岩溶水5,DynamicGatedStacking,0.3160392185344358,0.243495504634348,0.7188136995379847,0.7188136995379847,71,2.8600000000000136,430.2881690140846,0.1105032232637882,11.05032232637882,0.0007344827055286,0.0734482705528654
47,future_holdout,岩溶水,岩溶水5,LSTM,0.3293377391538698,0.2535363472221235,0.8668305729035177,0.8668305729035177,52,2.8899999999999864,430.4707692307693,0.113957695208952,11.395769520895204,0.00076506411746,0.0765064117460009
47,future_holdout,岩溶水,岩溶水5,Transformer,0.442012925525554,0.3379674267796713,0.7601214193600982,0.7601214193600982,52,2.8899999999999864,430.4707692307693,0.1529456489707806,15.294564897078066,0.0010268128688863,0.1026812868886336
47,future_holdout,岩溶水,岩溶水5,TCN,0.4258764874515738,0.3316180347466782,0.7773160795709941,0.7773160795709941,52,2.8899999999999864,430.4707692307693,0.1473621063846283,14.736210638462833,0.0009893273083619,0.0989327308361947
47,future_holdout,岩溶水,岩溶水5,DynamicGatedStacking,0.3654334043457526,0.2861155496002123,0.8360399585969738,0.8360399585969738,52,2.8899999999999864,430.4707692307693,0.1264475447563163,12.644754475631636,0.000848915723125,0.0848915723125091
47,selection,孔隙水,孔隙水1,LSTM,0.0889106578520344,0.0596082836181961,0.9344018711044998,0.9344018711044998,138,1.4399999999999975,107.5847463768116,0.0617435123972462,6.174351239724621,0.0008264243849274,0.082642438492747
47,selection,孔隙水,孔隙水1,Transformer,0.0964101139379341,0.0624570148413325,0.9228689938126192,0.9228689938126192,138,1.4399999999999975,107.5847463768116,0.0669514680124543,6.695146801245436,0.0008961318140794,0.0896131814079491
47,selection,孔隙水,孔隙水1,TCN,0.0923923965120538,0.0686358582026561,0.92916363469377,0.92916363469377,138,1.4399999999999975,107.5847463768116,0.0641613864667041,6.416138646670419,0.0008587871387311,0.0858787138731107
47,selection,孔隙水,孔隙水1,DynamicGatedStacking,0.0983170221016595,0.0651229635815357,0.9197876507090966,0.9197876507090966,138,1.4399999999999975,107.5847463768116,0.0682757097928192,6.8275709792819255,0.0009138565216049,0.091385652160491
47,test,孔隙水,孔隙水1,LSTM,0.0446180124955879,0.0307058732851871,0.881231717867646,0.881231717867646,71,0.4799999999999897,107.2312676056338,0.0929541926991434,9.295419269914346,0.0004160914394827,0.0416091439482747
47,test,孔隙水,孔隙水1,Transformer,0.049507388843505,0.032950529292107,0.8537755234375988,0.8537755234375988,71,0.4799999999999897,107.2312676056338,0.1031403934239709,10.314039342397097,0.00046168799408,0.0461687994080039
47,test,孔隙水,孔隙水1,TCN,0.0531360235900349,0.0412706860466681,0.8315549956515712,0.8315549956515712,71,0.4799999999999897,107.2312676056338,0.1107000491459085,11.070004914590852,0.0004955273287028,0.0495527328702801
47,test,孔隙水,孔隙水1,DynamicGatedStacking,0.0453292635314163,0.0317808227649064,0.8774149920655823,0.8774149920655823,71,0.4799999999999897,107.2312676056338,0.0944359656904526,9.443596569045264,0.0004227243092763,0.0422724309276325
47,future_holdout,孔隙水,孔隙水1,LSTM,0.1349616113387398,0.1137835054225998,-0.4405207616124253,-0.4405207616124253,52,0.4399999999999977,107.07548076923078,0.306730934860774,30.6730934860774,0.0012604343251057,0.1260434325105757
47,future_holdout,孔隙水,孔隙水1,Transformer,0.1470710377076561,0.1326574739251525,-0.710619135715449,-0.710619135715449,52,0.4399999999999977,107.07548076923078,0.334252358426493,33.4252358426493,0.0013735267556222,0.1373526755622268
47,future_holdout,孔隙水,孔隙水1,TCN,0.1488379343950859,0.1368303640523977,-0.7519684490975587,-0.7519684490975587,52,0.4399999999999977,107.07548076923078,0.3382680327161061,33.826803271610615,0.0013900281682214,0.1390028168221459
47,future_holdout,孔隙水,孔隙水1,DynamicGatedStacking,0.1486730206331636,0.136778236491346,-0.7480882065524319,-0.7480882065524319,52,0.4399999999999977,107.07548076923078,0.3378932287117372,33.789322871173724,0.0013884880045842,0.1388488004584204
47,selection,孔隙水,孔隙水2,LSTM,0.0509856591082907,0.0374589134262523,0.9738637956482292,0.9738637956482292,138,1.3100000000000025,139.38065217391303,0.038920350464344,3.8920350464344,0.0003658015536092,0.036580155360927
47,selection,孔隙水,孔隙水2,Transformer,0.0597708036223413,0.0451456431922458,0.9640809674149816,0.9640809674149816,138,1.3100000000000025,139.38065217391303,0.0456265676506421,4.56265676506422,0.0004288314245205,0.0428831424520542
47,selection,孔隙水,孔隙水2,TCN,0.0640671464197686,0.0475120839730704,0.9587316407305562,0.9587316407305562,138,1.3100000000000025,139.38065217391303,0.0489062186410447,4.89062186410447,0.0004596559523902,0.045965595239021
47,selection,孔隙水,孔隙水2,DynamicGatedStacking,0.0502780777962388,0.0366850400545386,0.9745842006930796,0.9745842006930796,138,1.3100000000000025,139.38065217391303,0.0383802120581975,3.8380212058197554,0.0003607249428959,0.0360724942895977
47,test,孔隙水,孔隙水2,LSTM,0.0379705977783203,0.0310311371138597,0.9570674763164212,0.9570674763164212,71,0.6999999999999886,139.32577464788733,0.054243711111887,5.424371111188709,0.0002725310365169,0.0272531036516983
47,test,孔隙水,孔隙水2,Transformer,0.0493677825571272,0.0400875810525975,0.9274263793143872,0.9274263793143872,71,0.6999999999999886,139.32577464788733,0.0705254036530401,7.05254036530401,0.0003543334510925,0.0354333451092538
47,test,孔隙水,孔隙水2,TCN,0.0503339772747004,0.0369963025802717,0.9245578517183184,0.9245578517183184,71,0.6999999999999886,139.32577464788733,0.0719056818210017,7.190568182100177,0.000361268239146,0.0361268239146041
47,test,孔隙水,孔隙水2,DynamicGatedStacking,0.0374187132452885,0.0289555523354077,0.9583064142394137,0.9583064142394137,71,0.6999999999999886,139.32577464788733,0.0534553046361273,5.3455304636127385,0.0002685699278533,0.0268569927853302
47,future_holdout,孔隙水,孔隙水2,LSTM,0.0489572603150154,0.0430544402937858,0.982006425439218,0.982006425439218,52,1.0699999999999932,139.17000000000002,0.045754448892538,4.575444889253808,0.0003517802709996,0.0351780270999607
47,future_holdout,孔隙水,孔隙水2,Transformer,0.0883191241564507,0.0720183695995801,0.9414411226327992,0.9414411226327992,52,1.0699999999999932,139.17000000000002,0.0825412375293937,8.254123752939377,0.0006346132367352,0.0634613236735293
47,future_holdout,孔隙水,孔隙水2,TCN,0.1163168612116164,0.0871642582192639,0.8984292676767295,0.8984292676767295,52,1.0699999999999932,139.17000000000002,0.108707346926745,10.870734692674503,0.0008357897622448,0.0835789762244854
47,future_holdout,孔隙水,孔隙水2,DynamicGatedStacking,0.0667620536659741,0.0540389226989514,0.9665387153719984,0.9665387153719984,52,1.0699999999999932,139.17000000000002,0.0623944426784809,6.23944426784809,0.0004797158415317,0.0479715841531753
47,selection,孔隙水,孔隙水3,LSTM,0.0885287566426575,0.0669847138013837,0.9675584634842272,0.9675584634842272,138,1.7000000000000028,112.84016304347826,0.0520757392015631,5.2075739201563165,0.0007845500596143,0.0784550059614382
47,selection,孔隙水,孔隙水3,Transformer,0.0758430648151604,0.0614058612131018,0.9761897237113542,0.9761897237113542,138,1.7000000000000028,112.84016304347826,0.0446135675383296,4.461356753832961,0.0006721282810087,0.0672128281008753
47,selection,孔隙水,孔隙水3,TCN,0.0923012325320712,0.0718352466089467,0.964734691565894,0.964734691565894,138,1.7000000000000028,112.84016304347826,0.0542948426659241,5.429484266592417,0.0008179820911505,0.0817982091150531
47,selection,孔隙水,孔隙水3,DynamicGatedStacking,0.0780426537894717,0.0614919410960466,0.9747886127302164,0.9747886127302164,138,1.7000000000000028,112.84016304347826,0.0459074434055715,4.590744340557156,0.0006916212426899,0.0691621242689992
47,test,孔隙水,孔隙水3,LSTM,0.071935411216193,0.0533897261932632,0.9783961134266148,0.9783961134266148,71,1.460000000000008,112.86397887323945,0.0492708296001319,4.927082960013196,0.0006373637712789,0.0637363771278927
47,test,孔隙水,孔隙水3,Transformer,0.0644200143551193,0.0511834173386441,0.9826744088449584,0.9826744088449584,71,1.460000000000008,112.86397887323945,0.0441232975035061,4.41232975035062,0.0005707756805869,0.0570775680586905
47,test,孔隙水,孔隙水3,TCN,0.0757288151737733,0.0606937562259216,0.9760575410539548,0.9760575410539548,71,1.460000000000008,112.86397887323945,0.0518690514888855,5.186905148888556,0.00067097417555,0.0670974175550078
47,test,孔隙水,孔隙水3,DynamicGatedStacking,0.065257193326151,0.0510716706954635,0.9822211686804926,0.9822211686804926,71,1.460000000000008,112.86397887323945,0.0446967077576374,4.469670775763743,0.0005781932728017,0.0578193272801795
47,future_holdout,孔隙水,孔隙水3,LSTM,0.308996414638158,0.2635300272048128,0.6997794895437203,0.6997794895437203,52,1.6600000000000108,112.4626923076923,0.1861424184567205,18.61424184567205,0.0027475459487734,0.2747545948773477
47,future_holdout,孔隙水,孔隙水3,Transformer,0.2977806939587195,0.2497336764989268,0.7211783108264435,0.7211783108264435,52,1.6600000000000108,112.4626923076923,0.1793859602160949,17.93859602160949,0.0026478175815318,0.2647817581531896
47,future_holdout,孔隙水,孔隙水3,TCN,0.3551407627045783,0.3058859383162631,0.6034166064548945,0.6034166064548945,52,1.6600000000000108,112.4626923076923,0.2139402184967325,21.39402184967325,0.003157853999555,0.3157853999555079
47,future_holdout,孔隙水,孔隙水3,DynamicGatedStacking,0.3034239460626028,0.2598994237847417,0.7105102556191105,0.7105102556191105,52,1.6600000000000108,112.4626923076923,0.1827855096762656,18.27855096762656,0.0026979964629732,0.2697996462973251
47,selection,孔隙水,孔隙水4,LSTM,0.0886948693531389,0.0568832771907757,0.910294361728031,0.910294361728031,138,1.4699999999999989,35.51927536231884,0.0603366458184619,6.0336645818461925,0.0024970911835445,0.249709118354459
47,selection,孔隙水,孔隙水4,Transformer,0.0796644697032682,0.0474499524327422,0.9276310814041636,0.9276310814041636,138,1.4699999999999989,35.51927536231884,0.0541935168049444,5.419351680494445,0.0022428517724711,0.2242851772471167
47,selection,孔隙水,孔隙水4,TCN,0.0866850947310639,0.0577935530442556,0.9143136585410896,0.9143136585410896,138,1.4699999999999989,35.51927536231884,0.0589694521980027,5.896945219800276,0.0024405085364727,0.2440508536472712
47,selection,孔隙水,孔隙水4,DynamicGatedStacking,0.0796420315230099,0.0478504226713009,0.9276718423146232,0.9276718423146232,138,1.4699999999999989,35.51927536231884,0.0541782527367414,5.417825273674147,0.0022422200540582,0.2242220054058292
47,test,孔隙水,孔隙水4,LSTM,0.0486191692623812,0.0342979254446573,0.9674848285018528,0.9674848285018528,71,0.8699999999999974,35.25626760563381,0.0558841026004383,5.588410260043839,0.001379022016914,0.1379022016914011
47,test,孔隙水,孔隙水4,Transformer,0.0484866719794182,0.0302544921019433,0.9676618081423752,0.9676618081423752,71,0.8699999999999974,35.25626760563381,0.0557318068728946,5.57318068728947,0.0013752638969551,0.1375263896955169
47,test,孔隙水,孔隙水4,TCN,0.0611791920928072,0.0407027672789445,0.9485152680167774,0.9485152680167774,71,0.8699999999999974,35.25626760563381,0.0703209104515028,7.032091045150282,0.0017352713786138,0.1735271378613857
47,test,孔隙水,孔隙水4,DynamicGatedStacking,0.0489030686965928,0.0296398699281381,0.9671039914740316,0.9671039914740316,71,0.8699999999999974,35.25626760563381,0.0562104237891873,5.621042378918735,0.0013870744698108,0.1387074469810818
47,future_holdout,孔隙水,孔隙水4,LSTM,0.094412361604713,0.0767490063314602,0.9136355688043464,0.9136355688043464,52,0.9099999999999966,35.18057692307693,0.1037498479172675,10.374984791726751,0.0026836501803579,0.2683650180357977
47,future_holdout,孔隙水,孔隙水4,Transformer,0.1381167592421541,0.1225303611492807,0.8151710680168158,0.8151710680168158,52,0.9099999999999966,35.18057692307693,0.1517766585078622,15.177665850786225,0.0039259378703239,0.3925937870323995
47,future_holdout,孔隙水,孔隙水4,TCN,0.0631633187954994,0.0518795438222251,0.9613448754363988,0.9613448754363988,52,0.9099999999999966,35.18057692307693,0.069410240434615,6.941024043461501,0.0017954031548034,0.1795403154803497
47,future_holdout,孔隙水,孔隙水4,DynamicGatedStacking,0.0938344319622371,0.081252581004465,0.9146896638030566,0.9146896638030566,52,0.9099999999999966,35.18057692307693,0.1031147603980631,10.311476039806315,0.0026672226600322,0.2667222660032213
47,selection,孔隙水,孔隙水5,LSTM,0.0660715511350525,0.0527460517048569,0.9551605373935206,0.9551605373935206,138,1.1700000000000017,40.52177536231885,0.0564714112265405,5.647141122654055,0.0016305196537981,0.1630519653798101
47,selection,孔隙水,孔隙水5,Transformer,0.0457829417885836,0.033575631388698,0.9784702600880322,0.9784702600880322,138,1.1700000000000017,40.52177536231885,0.0391307194774218,3.9130719477421887,0.0011298355360598,0.1129835536059883
47,selection,孔隙水,孔隙水5,TCN,0.0672439145465851,0.0513236967093139,0.9535551709393456,0.9535551709393456,138,1.1700000000000017,40.52177536231885,0.0574734312363974,5.747343123639746,0.0016594513430207,0.1659451343020749
47,selection,孔隙水,孔隙水5,DynamicGatedStacking,0.0507665655783157,0.0385901669994238,0.973527987373118,0.973527987373118,138,1.1700000000000017,40.52177536231885,0.0433902269900134,4.339022699001341,0.0012528218500891,0.1252821850089113
47,test,孔隙水,孔隙水5,LSTM,0.0355946346497687,0.0259011427330865,0.9597350643145772,0.9597350643145772,71,0.5600000000000023,40.15161971830986,0.0635618475888725,6.356184758887252,0.0008865055731123,0.0886505573112333
47,test,孔隙水,孔隙水5,Transformer,0.0238631103842066,0.0185676815438038,0.9819027731282206,0.9819027731282206,71,0.5600000000000023,40.15161971830986,0.0426126971146544,4.261269711465447,0.0005943249749729,0.0594324974972917
47,test,孔隙水,孔隙水5,TCN,0.0323227862902157,0.0252893675144661,0.9667971386331328,0.9667971386331328,71,0.5600000000000023,40.15161971830986,0.0577192612325278,5.771926123252789,0.0008050182412809,0.080501824128096
47,test,孔隙水,孔隙水5,DynamicGatedStacking,0.0255774516338935,0.0179546733960212,0.9792091390084606,0.9792091390084606,71,0.5600000000000023,40.15161971830986,0.0456740207748097,4.567402077480971,0.0006370216647133,0.063702166471331
47,future_holdout,孔隙水,孔隙水5,LSTM,0.0849817175324649,0.0748348894838613,0.8806450545487166,0.8806450545487166,52,0.75,40.18,0.1133089567099532,11.33089567099532,0.002115025324352,0.2115025324352038
47,future_holdout,孔隙水,孔隙水5,Transformer,0.0796414593583484,0.0684480245605809,0.895174285998656,0.895174285998656,52,0.75,40.18,0.1061886124777979,10.618861247779792,0.0019821169576492,0.1982116957649289
47,future_holdout,孔隙水,孔隙水5,TCN,0.0659778610073473,0.0527994399694203,0.9280574423336344,0.9280574423336344,52,0.75,40.18,0.0879704813431298,8.797048134312984,0.00164205726748,0.1642057267480024
47,future_holdout,孔隙水,孔隙水5,DynamicGatedStacking,0.0728488382985608,0.058243546211114,0.912292916172326,0.912292916172326,52,0.75,40.18,0.0971317843980811,9.713178439808114,0.0018130621776645,0.1813062177664531
48,selection,裂隙水,裂隙水1,LSTM,0.6173563535632806,0.3882127302245884,0.8430263220414528,0.8430263220414528,138,6.929039999999986,196.3614404347826,0.089096953338887,8.909695333888703,0.0031439795521785,0.3143979552178538
48,selection,裂隙水,裂隙水1,Transformer,0.5822666922076558,0.3357033987814672,0.8603635223616557,0.8603635223616557,138,6.929039999999986,196.3614404347826,0.0840328086152853,8.403280861528538,0.0029652802042926,0.2965280204292674
48,selection,裂隙水,裂隙水1,TCN,0.6219843403118245,0.3869611596246469,0.8406640070462096,0.8406640070462096,138,6.929039999999986,196.3614404347826,0.0897648650190828,8.976486501908283,0.003167548266781,0.3167548266781042
48,selection,裂隙水,裂隙水1,DynamicGatedStacking,0.5902254604606288,0.3589471797759492,0.8565201647715399,0.8565201647715399,138,6.929039999999986,196.3614404347826,0.0851814191375183,8.518141913751833,0.0030058114218033,0.3005811421803356
48,test,裂隙水,裂隙水1,LSTM,0.4245921641978058,0.332966360309823,0.8094166732747737,0.8094166732747737,71,4.359559999999988,195.74704767605635,0.0973933525855377,9.739335258553776,0.0021690859159238,0.2169085915923837
48,test,裂隙水,裂隙水1,Transformer,0.354982109886622,0.2712398132756525,0.8667847677891836,0.8667847677891836,71,4.359559999999988,195.74704767605635,0.0814261324277273,8.142613242772736,0.0018134736339629,0.1813473633962977
48,test,裂隙水,裂隙水1,TCN,0.4755202019573786,0.3747029108543485,0.7609554218342922,0.7609554218342922,71,4.359559999999988,195.74704767605635,0.109075274100455,10.907527410045509,0.0024292586151507,0.242925861515072
48,test,裂隙水,裂隙水1,DynamicGatedStacking,0.4260606468012752,0.3311229757398863,0.8080961012256849,0.8080961012256849,71,4.359559999999988,195.74704767605635,0.0977301945153355,9.77301945153356,0.0021765878559066,0.2176587855906603
48,future_holdout,裂隙水,裂隙水1,LSTM,0.5893903524883858,0.476054797943967,0.7988026782922681,0.7988026782922681,52,4.379999999999996,195.6493294230769,0.1345640074174398,13.456400741743982,0.0030124833763875,0.3012483376387524
48,future_holdout,裂隙水,裂隙水1,Transformer,0.6409830774317091,0.5382633498774527,0.7620370865840412,0.7620370865840412,52,4.379999999999996,195.6493294230769,0.146343168363404,14.634316836340403,0.0032761833599011,0.3276183359901181
48,future_holdout,裂隙水,裂隙水1,TCN,0.9265056503338616,0.759682862384328,0.5028215522267397,0.5028215522267397,52,4.379999999999996,195.6493294230769,0.211530970395859,21.153097039585905,0.0047355421716287,0.4735542171628725
48,future_holdout,裂隙水,裂隙水1,DynamicGatedStacking,0.6924651548445765,0.5237850837572865,0.7222769037366956,0.7222769037366956,52,4.379999999999996,195.6493294230769,0.1580970673161135,15.809706731611351,0.0035393178033704,0.3539317803370401
48,selection,裂隙水,裂隙水2,LSTM,0.1833304894297652,0.1401902391278067,0.9711833056912538,0.9711833056912538,138,4.639999999999986,303.8561594202898,0.0395108813426219,3.951088134262194,0.0006033462997081,0.0603346299708162
48,selection,裂隙水,裂隙水2,Transformer,0.1523381596200162,0.1131897481346275,0.9801027904856364,0.9801027904856364,138,4.639999999999986,303.8561594202898,0.032831499918107,3.283149991810705,0.0005013495856416,0.0501349585641619
48,selection,裂隙水,裂隙水2,TCN,0.1863698055923634,0.1471006986272488,0.970219919447969,0.970219919447969,138,4.639999999999986,303.8561594202898,0.0401659063776646,4.016590637766464,0.000613348783016,0.0613348783016042
48,selection,裂隙水,裂隙水2,DynamicGatedStacking,0.1591191221620665,0.1243312962686111,0.97829201503437,0.97829201503437,138,4.639999999999986,303.8561594202898,0.0342929142590661,3.429291425906616,0.0005236659426803,0.0523665942680382
48,test,裂隙水,裂隙水2,LSTM,0.1923044694076466,0.1363319745510349,0.8588732510395525,0.8588732510395525,71,1.8199999999999927,303.2730985915493,0.1056617963778282,10.56617963778282,0.0006340966946977,0.0634096694697751
48,test,裂隙水,裂隙水2,Transformer,0.1792941769670562,0.1183988808732362,0.8773230553081546,0.8773230553081546,71,1.8199999999999927,303.2730985915493,0.0985132840478334,9.851328404783349,0.0005911971018851,0.0591197101885159
48,test,裂隙水,裂隙水2,TCN,0.2236324519783064,0.1773313898199102,0.8091464544542364,0.8091464544542364,71,1.8199999999999927,303.2730985915493,0.1228749736144545,12.287497361445451,0.0007373962709415,0.0737396270941579
48,test,裂隙水,裂隙水2,DynamicGatedStacking,0.1794112461657752,0.123604586801227,0.8771628004626795,0.8771628004626795,71,1.8199999999999927,303.2730985915493,0.0985776077833933,9.857760778339332,0.0005915831209526,0.0591583120952668
48,future_holdout,裂隙水,裂隙水2,LSTM,0.945604346022016,0.7862615748888041,-0.0146730642586523,-0.0146730642586523,52,2.730000000000018,302.7888461538462,0.3463752183230805,34.637521832308046,0.0031229827585576,0.3122982758557616
48,future_holdout,裂隙水,裂隙水2,Transformer,0.6844246967630001,0.5270878471923263,0.4684323327992761,0.4684323327992761,52,2.730000000000018,302.7888461538462,0.2507050171293024,25.07050171293024,0.0022604026055016,0.2260402605501676
48,future_holdout,裂隙水,裂隙水2,TCN,0.7677877493680666,0.5922146370839851,0.3310562981374484,0.3310562981374484,52,2.730000000000018,302.7888461538462,0.2812409338344547,28.12409338344548,0.0025357200541593,0.2535720054159312
48,future_holdout,裂隙水,裂隙水2,DynamicGatedStacking,0.7685396487530244,0.5976803164310207,0.329745455021353,0.329745455021353,52,2.730000000000018,302.7888461538462,0.2815163548545858,28.15163548545858,0.0025382033007996,0.2538203300799698
48,selection,裂隙水,裂隙水3,LSTM,0.1010474264548991,0.0807658129497668,0.9591935656903136,0.9591935656903136,138,1.7800000000000011,185.90217391304347,0.0567682171094938,5.676821710949389,0.0005435516128077,0.0543551612807736
48,selection,裂隙水,裂隙水3,Transformer,0.0984208658526431,0.0827917139730664,0.9612873860990911,0.9612873860990911,138,1.7800000000000011,185.90217391304347,0.0552926212655298,5.529262126552982,0.0005294228882911,0.0529422888291128
48,selection,裂隙水,裂隙水3,TCN,0.0977152432559965,0.0800590366444939,0.9618404918436304,0.9618404918436304,138,1.7800000000000011,185.90217391304347,0.0548962040764025,5.489620407640254,0.0005256272220985,0.052562722209856
48,selection,裂隙水,裂隙水3,DynamicGatedStacking,0.0917598446169968,0.0765374064432754,0.966350123680687,0.966350123680687,138,1.7800000000000011,185.90217391304347,0.0515504745039307,5.155047450393076,0.0004935921010795,0.0493592101079559
48,test,裂隙水,裂隙水3,LSTM,0.0969618868529373,0.0799104921812708,0.8874251811230458,0.8874251811230458,71,1.3499999999999943,186.1540845070422,0.0718236198910649,7.182361989106497,0.0005208689731933,0.0520868973193382
48,test,裂隙水,裂隙水3,Transformer,0.0750844918629438,0.0583849700131577,0.9324944262856107,0.9324944262856107,71,1.3499999999999943,186.1540845070422,0.0556181421206993,5.561814212069939,0.0004033459274437,0.0403345927443796
48,test,裂隙水,裂隙水3,TCN,0.0899996797091746,0.0689768806350091,0.9030113156170084,0.9030113156170084,71,1.3499999999999943,186.1540845070422,0.0666664294142036,6.666642941420369,0.0004834687347715,0.0483468734771543
48,test,裂隙水,裂隙水3,DynamicGatedStacking,0.0718143793087946,0.0544136314302163,0.938246445127614,0.938246445127614,71,1.3499999999999943,186.1540845070422,0.0531958365250332,5.319583652503327,0.0003857792296041,0.038577922960416
48,future_holdout,裂隙水,裂隙水3,LSTM,0.2993726289656964,0.2613187606652233,0.8167724837922143,0.8167724837922143,52,2.0,185.6351923076923,0.1496863144828482,14.968631448284825,0.0016126932896941,0.1612693289694139
48,future_holdout,裂隙水,裂隙水3,Transformer,0.2666182750828579,0.2262079283455258,0.8546729891489679,0.8546729891489679,52,2.0,185.6351923076923,0.1333091375414289,13.330913754142896,0.0014362485462397,0.1436248546239741
48,future_holdout,裂隙水,裂隙水3,TCN,0.2497999309505517,0.1990072385849571,0.8724292408000222,0.8724292408000222,52,2.0,185.6351923076923,0.1248999654752758,12.489996547527586,0.0013456496467356,0.1345649646735656
48,future_holdout,裂隙水,裂隙水3,DynamicGatedStacking,0.1950830124830984,0.1582156949550854,0.9221953741014544,0.9221953741014544,52,2.0,185.6351923076923,0.0975415062415492,9.754150624154924,0.0010508945532253,0.1050894553225372
48,selection,裂隙水,裂隙水4,LSTM,0.1264266982778068,0.0769077528579498,0.9360399748347094,0.9360399748347094,138,2.049999999999997,52.14630434782609,0.0616715601355156,6.167156013551563,0.0024244613277772,0.2424461327777247
48,selection,裂隙水,裂隙水4,Transformer,0.1291054859131619,0.0903641400118453,0.9333008304424584,0.9333008304424584,138,2.049999999999997,52.14630434782609,0.0629782858112985,6.297828581129858,0.002475831941071,0.2475831941071086
48,selection,裂隙水,裂隙水4,TCN,0.1206747398144971,0.0796755516587573,0.9417274831908452,0.9417274831908452,138,2.049999999999997,52.14630434782609,0.0588657267387791,5.886572673877917,0.0023141570879035,0.2314157087903543
48,selection,裂隙水,裂隙水4,DynamicGatedStacking,0.1189047791879402,0.0727002906295337,0.9434243366091816,0.9434243366091816,138,2.049999999999997,52.14630434782609,0.0580023313111904,5.800233131119046,0.0022802148814769,0.228021488147697
48,test,裂隙水,裂隙水4,LSTM,0.0641596462691544,0.0503694912699763,0.9230199117112,0.9230199117112,71,0.9299999999999996,52.00295774647888,0.06898886695608,6.898886695608007,0.00123376917486,0.1233769174860033
48,test,裂隙水,裂隙水4,Transformer,0.0631972752984928,0.0489377371452759,0.9253119377662956,0.9253119377662956,71,0.9299999999999996,52.00295774647888,0.067954059460745,6.795405946074504,0.0012152630934299,0.1215263093429949
48,test,裂隙水,裂隙水4,TCN,0.073515595230517,0.0573672222525349,0.8989320541714665,0.8989320541714665,71,0.9299999999999996,52.00295774647888,0.0790490271295882,7.90490271295882,0.0014136810369309,0.1413681036930918
48,test,裂隙水,裂隙水4,DynamicGatedStacking,0.0595498911062839,0.0450328204663534,0.9336842895881096,0.9336842895881096,71,0.9299999999999996,52.00295774647888,0.0640321409744988,6.403214097449888,0.0011451250791656,0.1145125079165637
48,future_holdout,裂隙水,裂隙水4,LSTM,0.2076267267686245,0.154141930764585,0.7408904225015658,0.7408904225015658,52,1.1199999999999974,52.21,0.1853810060434151,18.53810060434152,0.0039767616695771,0.3976761669577179
48,future_holdout,裂隙水,裂隙水4,Transformer,0.1720930748399479,0.1395732230404561,0.8219902705678702,0.8219902705678702,52,1.1199999999999974,52.21,0.1536545311070967,15.36545311070967,0.0032961707496638,0.3296170749663817
48,future_holdout,裂隙水,裂隙水4,TCN,0.2042395012881704,0.1597113209557318,0.7492756961769306,0.7492756961769306,52,1.1199999999999974,52.21,0.1823566975787239,18.2356697578724,0.0039118847210911,0.3911884721091178
48,future_holdout,裂隙水,裂隙水4,DynamicGatedStacking,0.1576695819160153,0.1190184382056115,0.8505786060982393,0.8505786060982393,52,1.1199999999999974,52.21,0.140776412425014,14.077641242501402,0.0030199115479029,0.3019911547902995
48,selection,裂隙水,裂隙水5,LSTM,0.1925591360058468,0.114579443937782,0.9182963321768308,0.9182963321768308,138,2.9699999999999704,323.411268115942,0.0648347259278951,6.483472592789519,0.0005954002070726,0.0595400207072608
48,selection,裂隙水,裂隙水5,Transformer,0.196249657136668,0.1140067172352268,0.9151345126994688,0.9151345126994688,138,2.9699999999999704,323.411268115942,0.0660773256352424,6.607732563524241,0.0006068114394403,0.0606811439440363
48,selection,裂隙水,裂隙水5,TCN,0.1513351681784936,0.0954645582731482,0.949534680936328,0.949534680936328,138,2.9699999999999704,323.411268115942,0.0509546020803014,5.09546020803014,0.0004679341231989,0.0467934123198949
48,selection,裂隙水,裂隙水5,DynamicGatedStacking,0.169786781266697,0.1004715626803755,0.9364784559013442,0.9364784559013442,138,2.9699999999999704,323.411268115942,0.0571672664197638,5.716726641976386,0.000524987215986,0.0524987215986021
48,test,裂隙水,裂隙水5,LSTM,0.1039287137523262,0.0818351881514133,0.8204681422792649,0.8204681422792649,71,1.0400000000000205,322.4869718309859,0.0999314555310809,9.993145553108096,0.000322272596509,0.0322272596509091
48,test,裂隙水,裂隙水5,Transformer,0.0926174772501583,0.0790080498811508,0.8574207536665244,0.8574207536665244,71,1.0400000000000205,322.4869718309859,0.089055266586689,8.905526658668899,0.0002871975780116,0.0287197578011612
48,test,裂隙水,裂隙水5,TCN,0.0839430198342496,0.064312804748043,0.8828776985486243,0.8828776985486243,71,1.0400000000000205,322.4869718309859,0.0807144421483153,8.071444214831537,0.0002602989490013,0.0260298949001399
48,test,裂隙水,裂隙水5,DynamicGatedStacking,0.0748988492800865,0.0558905567201953,0.9067560396892712,0.9067560396892712,71,1.0400000000000205,322.4869718309859,0.0720181243077741,7.2018124307774105,0.0002322538763498,0.0232253876349897
48,future_holdout,裂隙水,裂隙水5,LSTM,0.1260740336048064,0.1125149276446218,0.7574269149817092,0.7574269149817092,52,0.8000000000000114,322.6370192307692,0.1575925420060058,15.75925420060058,0.0003907612148952,0.0390761214895277
48,future_holdout,裂隙水,裂隙水5,Transformer,0.1503934456437548,0.1341894588428413,0.6548172098502899,0.6548172098502899,52,0.8000000000000114,322.6370192307692,0.1879918070546909,18.79918070546909,0.0004661382193597,0.0466138219359708
48,future_holdout,裂隙水,裂隙水5,TCN,0.1351992037920597,0.1215024007487703,0.7210415098122948,0.7210415098122948,52,0.8000000000000114,322.6370192307692,0.1689990047400723,16.899900474007232,0.0004190442997347,0.0419044299734734
48,future_holdout,裂隙水,裂隙水5,DynamicGatedStacking,0.1182536415681335,0.10476905801048,0.7865872496014992,0.7865872496014992,52,0.8000000000000114,322.6370192307692,0.1478170519601648,14.781705196016487,0.0003665222355762,0.0366522235576294
48,selection,岩溶水,岩溶水1,LSTM,1.179118249166772,0.8217352286802004,0.8702541733434623,0.8702541733434623,138,16.039999999999964,461.56492753623183,0.073511112790946,7.351111279094605,0.0025546097175553,0.2554609717555313
48,selection,岩溶水,岩溶水1,Transformer,1.05204945420594,0.7446113323121641,0.8967117340721288,0.8967117340721288,138,16.039999999999964,461.56492753623183,0.0655891180926398,6.55891180926398,0.002279309781663,0.2279309781663071
48,selection,岩溶水,岩溶水1,TCN,1.2599956449206586,0.9081714349623704,0.8518448462546917,0.8518448462546917,138,16.039999999999964,461.56492753623183,0.0785533444464252,7.855334444642528,0.0027298340271353,0.272983402713533
48,selection,岩溶水,岩溶水1,DynamicGatedStacking,1.0798027305248812,0.7424669218653002,0.8911903237344109,0.8911903237344109,138,16.039999999999964,461.56492753623183,0.0673193722272371,6.7319372227237135,0.0023394384323971,0.2339438432397182
48,test,岩溶水,岩溶水1,LSTM,0.792081591311032,0.5895054692157069,0.7973452296207231,0.7973452296207231,71,9.25,460.3830985915493,0.0856304423038953,8.563044230389535,0.0017204836444566,0.1720483644456646
48,test,岩溶水,岩溶水1,Transformer,0.734156546088064,0.5982879999363788,0.8259017754314042,0.8259017754314042,71,9.25,460.3830985915493,0.0793682752527636,7.936827525276367,0.0015946644182509,0.1594664418250952
48,test,岩溶水,岩溶水1,TCN,0.8801863733529922,0.7141929229843222,0.7497545022544015,0.7497545022544015,71,9.25,460.3830985915493,0.0951552836057288,9.515528360572889,0.0019118563996935,0.1911856399693533
48,test,岩溶水,岩溶水1,DynamicGatedStacking,0.740552081623014,0.5751771307580089,0.8228552828239973,0.8228552828239973,71,9.25,460.3830985915493,0.0800596844997853,8.00596844997853,0.0016085561869855,0.1608556186985547
48,future_holdout,岩溶水,岩溶水1,LSTM,1.2489718577425286,1.0285903006354726,0.814753383651082,0.814753383651082,52,9.120000000000005,460.9194230769231,0.1369486686121193,13.69486686121193,0.0027097401307258,0.2709740130725814
48,future_holdout,岩溶水,岩溶水1,Transformer,1.9434777285199305,1.5981518508385235,0.5514569676706098,0.5514569676706098,52,9.120000000000005,460.9194230769231,0.2131006281271852,21.310062812718524,0.0042165238243726,0.4216523824372622
48,future_holdout,岩溶水,岩溶水1,TCN,1.686924365665907,1.1666759967976863,0.6620626448788147,0.6620626448788147,52,9.120000000000005,460.9194230769231,0.1849697769370511,18.496977693705112,0.003659911648775,0.3659911648775051
48,future_holdout,岩溶水,岩溶水1,DynamicGatedStacking,1.401708304779056,1.0374619422254647,0.7666755389712058,0.7666755389712058,52,9.120000000000005,460.9194230769231,0.153696086050335,15.3696086050335,0.0030411135539088,0.3041113553908801
48,selection,岩溶水,岩溶水2,LSTM,1.2100876475220486,0.942983515950549,0.9445684877472904,0.9445684877472904,138,21.97999999999996,503.30923045155646,0.0550540330992743,5.505403309927437,0.0024042627758612,0.2404262775861249
48,selection,岩溶水,岩溶水2,Transformer,1.0178632229417786,0.7918566183881705,0.960780512226086,0.960780512226086,138,21.97999999999996,503.30923045155646,0.0463086088690527,4.630860886905279,0.0020223416566959,0.2022341656695978
48,selection,岩溶水,岩溶水2,TCN,1.1120451991154567,0.8726351488783125,0.9531868408070768,0.9531868408070768,138,21.97999999999996,503.30923045155646,0.0505935031444703,5.0593503144470375,0.0022094671264378,0.2209467126437871
48,selection,岩溶水,岩溶水2,DynamicGatedStacking,1.0061859028856277,0.7768475377465954,0.9616752325533774,0.9616752325533774,138,21.97999999999996,503.30923045155646,0.0457773386208202,4.5777338620820265,0.0019991405720552,0.199914057205528
48,test,岩溶水,岩溶水2,LSTM,0.7259293357364864,0.5920833421731078,0.9626075532570716,0.9626075532570716,71,12.189999999999998,499.7949295774648,0.0595512170415493,5.955121704154935,0.0014524543823407,0.1452454382340772
48,test,岩溶水,岩溶水2,Transformer,0.6185378047431539,0.4325634352491191,0.9728526347093964,0.9728526347093964,71,12.189999999999998,499.7949295774648,0.0507414113817189,5.074141138171894,0.0012375831929028,0.1237583192902889
48,test,岩溶水,岩溶水2,TCN,0.7889599882245921,0.6276269889163697,0.955832263124964,0.955832263124964,71,12.189999999999998,499.7949295774648,0.0647219022333545,6.472190223335457,0.0015785674114213,0.1578567411421305
48,test,岩溶水,岩溶水2,DynamicGatedStacking,0.5737431149772145,0.4184242428882587,0.9766422953094492,0.9766422953094492,71,12.189999999999998,499.7949295774648,0.0470667034435779,4.70667034435779,0.0011479570540306,0.1147957054030673
48,future_holdout,岩溶水,岩溶水2,LSTM,0.8546819023165125,0.6164764750902345,0.979036190876568,0.979036190876568,52,15.870000000000005,500.9328846153846,0.0538551923324834,5.385519233248345,0.0017061804656181,0.1706180465618135
48,future_holdout,岩溶水,岩溶水2,Transformer,2.48948330716151,2.1272534962926453,0.8221394553547776,0.8221394553547776,52,15.870000000000005,500.9328846153846,0.1568672531292696,15.686725312926963,0.0049696943115901,0.4969694311590126
48,future_holdout,岩溶水,岩溶水2,TCN,2.2205022073171805,1.9270263694907963,0.8584976673303526,0.8584976673303526,52,15.870000000000005,500.9328846153846,0.1399182235234518,13.99182235234518,0.004432733956011,0.443273395601105
48,future_holdout,岩溶水,岩溶水2,DynamicGatedStacking,1.6021309226748903,1.3244951179050686,0.92633567962229,0.92633567962229,52,15.870000000000005,500.9328846153846,0.1009534292800812,10.09534292800813,0.003198294565758,0.3198294565758053
48,selection,岩溶水,岩溶水3,LSTM,1.3297030533788834,0.498612888025699,0.6677365717018067,0.6677365717018067,138,15.136300000000006,387.0044152898551,0.0878486191063128,8.784861910631284,0.0034358860024451,0.3435886002445151
48,selection,岩溶水,岩溶水3,Transformer,1.2704379053952508,0.4520790726511853,0.6966946324941242,0.6966946324941242,138,15.136300000000006,387.0044152898551,0.0839331874629368,8.39331874629368,0.0032827478323308,0.3282747832330878
48,selection,岩溶水,岩溶水3,TCN,1.313635305147229,0.4707752511381607,0.6757180067924008,0.6757180067924008,138,15.136300000000006,387.0044152898551,0.0867870817271875,8.678708172718752,0.0033943677468469,0.3394367746846904
48,selection,岩溶水,岩溶水3,DynamicGatedStacking,1.279474812386581,0.4472242753007372,0.6923643289815162,0.6923643289815162,138,15.136300000000006,387.0044152898551,0.0845302228673176,8.453022286731764,0.003306098746776,0.3306098746776031
48,test,岩溶水,岩溶水3,LSTM,0.4695673203537786,0.253943043568321,0.9142551685308924,0.9142551685308924,71,5.751170000000002,383.8266273239437,0.0816472683564872,8.16472683564872,0.0012233839106672,0.1223383910667227
48,test,岩溶水,岩溶水3,Transformer,0.4820426537441517,0.2915524068967348,0.9096385566167646,0.9096385566167646,71,5.751170000000002,383.8266273239437,0.0838164501734693,8.381645017346932,0.0012558864326453,0.1255886432645318
48,test,岩溶水,岩溶水3,TCN,0.5141968015727635,0.2982417341599788,0.8971815709743607,0.8971815709743607,71,5.751170000000002,383.8266273239437,0.0894073382586088,8.940733825860883,0.0013396590152115,0.1339659015211546
48,test,岩溶水,岩溶水3,DynamicGatedStacking,0.4682165309942561,0.2598835470777683,0.914747777826748,0.914747777826748,71,5.751170000000002,383.8266273239437,0.0814123962592404,8.141239625924046,0.0012198646411237,0.1219864641123735
48,future_holdout,岩溶水,岩溶水3,LSTM,1.1498183949835636,1.1139490768485416,-0.7546934650020893,-0.7546934650020893,52,2.822899999999948,382.45746365384616,0.4073181462267827,40.73181462267827,0.0030063954929749,0.3006395492974976
48,future_holdout,岩溶水,岩溶水3,Transformer,1.206387816950221,1.1262731803345862,-0.9315975215800144,-0.9315975215800144,52,2.822899999999948,382.45746365384616,0.4273576169719945,42.73576169719945,0.0031543058551528,0.3154305855152812
48,future_holdout,岩溶水,岩溶水3,TCN,1.1961323012382552,1.123494137745942,-0.8988960503831309,-0.8988960503831309,52,2.822899999999948,382.45746365384616,0.4237246453074064,42.37246453074064,0.003127491067401,0.3127491067401022
48,future_holdout,岩溶水,岩溶水3,DynamicGatedStacking,1.1843049124982312,1.1548151935107098,-0.8615290396766135,-0.8615290396766135,52,2.822899999999948,382.45746365384616,0.4195348444855479,41.9534844485548,0.0030965663506311,0.3096566350631137
48,selection,岩溶水,岩溶水4,LSTM,0.9004397643313913,0.6391562546911305,0.8837523445418277,0.8837523445418277,138,8.199999999999989,98.09728260869564,0.1098097273574869,10.98097273574869,0.0091790490050901,0.9179049005090112
48,selection,岩溶水,岩溶水4,Transformer,0.6890918928886623,0.5129044154601989,0.931918494266076,0.931918494266076,138,8.199999999999989,98.09728260869564,0.0840355966937394,8.403559669373942,0.0070245767728083,0.7024576772808374
48,selection,岩溶水,岩溶水4,TCN,0.7588177591277812,0.5743576727538381,0.9174437715503644,0.9174437715503644,138,8.199999999999989,98.09728260869564,0.0925387511131441,9.253875111314418,0.0077353596241259,0.7735359624125991
48,selection,岩溶水,岩溶水4,DynamicGatedStacking,0.699916786282618,0.5161220155432455,0.9297627191294164,0.9297627191294164,138,8.199999999999989,98.09728260869564,0.0853557056442218,8.535570564422182,0.0071349253278966,0.7134925327896648
48,test,岩溶水,岩溶水4,LSTM,0.5920176838519159,0.4790601878278319,0.8409512799991619,0.8409512799991619,71,6.590000000000003,96.7878732394366,0.0898357638622026,8.983576386220268,0.0061166514361501,0.6116651436150122
48,test,岩溶水,岩溶水4,Transformer,0.3989032837233974,0.3162420670051825,0.9277902166332715,0.9277902166332715,71,6.590000000000003,96.7878732394366,0.0605316060278296,6.053160602782963,0.004121418007983,0.4121418007983077
48,test,岩溶水,岩溶水4,TCN,0.5906837373132591,0.4708678459469595,0.8416672162653914,0.8416672162653914,71,6.590000000000003,96.7878732394366,0.0896333440536052,8.963334405360527,0.0061028692701203,0.6102869270120326
48,test,岩溶水,岩溶水4,DynamicGatedStacking,0.5218895533395596,0.4203005527017227,0.8764001263868698,0.8764001263868698,71,6.590000000000003,96.7878732394366,0.079194165908886,7.919416590888609,0.0053920965082939,0.5392096508293909
48,future_holdout,岩溶水,岩溶水4,LSTM,0.8930801723575374,0.6082032839560091,0.8905488823216104,0.8905488823216104,52,8.149999999999991,98.27240384615384,0.1095803892463237,10.958038924632373,0.0090878022456401,0.90878022456402
48,future_holdout,岩溶水,岩溶水4,Transformer,0.9487698129541234,0.6921122552376531,0.8764732479913404,0.8764732479913404,52,8.149999999999991,98.27240384615384,0.1164134739821011,11.641347398210115,0.0096544887050837,0.9654488705083772
48,future_holdout,岩溶水,岩溶水4,TCN,1.155327360373827,0.9018292031666584,0.816832076283134,0.816832076283134,52,8.149999999999991,98.27240384615384,0.141757958328077,14.175795832807708,0.0117563763086786,1.1756376308678682
48,future_holdout,岩溶水,岩溶水4,DynamicGatedStacking,0.9276735996215544,0.6745928011626519,0.8819054922094328,0.8819054922094328,52,8.149999999999991,98.27240384615384,0.1138249815486571,11.382498154865711,0.0094398179276639,0.9439817927663948
48,selection,岩溶水,岩溶水5,LSTM,0.4120288465081047,0.2294782089153254,0.863188855800709,0.863188855800709,138,5.220000000000027,430.7046195652174,0.0789327292161116,7.89327292161116,0.0009566390231059,0.0956639023105985
48,selection,岩溶水,岩溶水5,Transformer,0.4025813605985863,0.2298450874957922,0.869390863921489,0.869390863921489,138,5.220000000000027,430.7046195652174,0.0771228660150544,7.712286601505445,0.0009347040693572,0.0934704069357276
48,selection,岩溶水,岩溶水5,TCN,0.4220168665156008,0.2563827645752274,0.8564755645631463,0.8564755645631463,138,5.220000000000027,430.7046195652174,0.080846143010651,8.084614301065107,0.0009798289763913,0.0979828976391322
48,selection,岩溶水,岩溶水5,DynamicGatedStacking,0.3977603059051564,0.2256389084456839,0.8725003149104885,0.8725003149104885,138,5.220000000000027,430.7046195652174,0.076199292318995,7.619929231899508,0.0009235106563442,0.0923510656344208
48,test,岩溶水,岩溶水5,LSTM,0.3059319530153884,0.2376865226727622,0.736511371042435,0.736511371042435,71,2.8600000000000136,430.2881690140846,0.1069692143410444,10.69692143410444,0.0007109931786327,0.0710993178632746
48,test,岩溶水,岩溶水5,Transformer,0.310273246736403,0.2287022898908633,0.7289803002824022,0.7289803002824022,71,2.8600000000000136,430.2881690140846,0.108487149208532,10.8487149208532,0.0007210824491115,0.0721082449111555
48,test,岩溶水,岩溶水5,TCN,0.2956152232676129,0.1908400992796123,0.7539826197458618,0.7539826197458618,71,2.8600000000000136,430.2881690140846,0.1033619661774865,10.336196617748657,0.0006870168518575,0.0687016851857566
48,test,岩溶水,岩溶水5,DynamicGatedStacking,0.286628913161066,0.2113051304569329,0.7687124833171435,0.7687124833171435,71,2.8600000000000136,430.2881690140846,0.1002198997066659,10.021989970666596,0.0006661324521606,0.0666132452160644
48,future_holdout,岩溶水,岩溶水5,LSTM,0.3151703405168034,0.2250876412436414,0.8780414608543647,0.8780414608543647,52,2.8899999999999864,430.4707692307693,0.1090554811476833,10.905548114768337,0.0007321527105777,0.0732152710577765
48,future_holdout,岩溶水,岩溶水5,Transformer,0.464560713699387,0.3268408632301043,0.73502402905648,0.73502402905648,52,2.8899999999999864,430.4707692307693,0.1607476517990966,16.074765179909665,0.001079192239997,0.1079192239997003
48,future_holdout,岩溶水,岩溶水5,TCN,0.55013019755496,0.4281699466902237,0.628419853826621,0.628419853826621,52,2.8899999999999864,430.4707692307693,0.1903564697422015,19.03564697422016,0.0012779734116163,0.1277973411616348
48,future_holdout,岩溶水,岩溶水5,DynamicGatedStacking,0.4213820604743294,0.3188125737877199,0.7819914047190388,0.7819914047190388,52,2.8899999999999864,430.4707692307693,0.1458069413405991,14.58069413405991,0.0009788865832337,0.097888658323379
48,selection,孔隙水,孔隙水1,LSTM,0.0907452426088633,0.0611716921288754,0.9316668349559518,0.9316668349559518,138,1.4399999999999975,107.5847463768116,0.0630175295894885,6.301752958948852,0.000843476846532,0.0843476846532049
48,selection,孔隙水,孔隙水1,Transformer,0.0955364114038035,0.0597762638057588,0.9242606362210398,0.9242606362210398,138,1.4399999999999975,107.5847463768116,0.0663447301415303,6.634473014153038,0.0008880107507916,0.0888010750791667
48,selection,孔隙水,孔隙水1,TCN,0.0889196939806501,0.0654974797326189,0.9343885367469508,0.9343885367469508,138,1.4399999999999975,107.5847463768116,0.0617497874865627,6.17497874865627,0.0008265083757246,0.0826508375724679
48,selection,孔隙水,孔隙水1,DynamicGatedStacking,0.0929005774424721,0.0603267504378296,0.928382256799682,0.928382256799682,138,1.4399999999999975,107.5847463768116,0.0645142898906057,6.451428989060577,0.0008635106794516,0.0863510679451632
48,test,孔隙水,孔隙水1,LSTM,0.0427638388092568,0.0281271791475515,0.8908978268722646,0.8908978268722646,71,0.4799999999999897,107.2312676056338,0.0890913308526202,8.909133085262024,0.0003988000866177,0.0398800086617739
48,test,孔隙水,孔隙水1,Transformer,0.0468321213880253,0.030096903347235,0.869151817422868,0.869151817422868,71,0.4799999999999897,107.2312676056338,0.0975669195583881,9.756691955838818,0.0004367394178371,0.0436739417837161
48,test,孔隙水,孔隙水1,TCN,0.043854769667375,0.0313533855116229,0.8852603021131343,0.8852603021131343,71,0.4799999999999897,107.2312676056338,0.0913641034736999,9.136410347369992,0.0004089737130466,0.040897371304665
48,test,孔隙水,孔隙水1,DynamicGatedStacking,0.042876930995043,0.0289686243716825,0.8903200060423833,0.8903200060423833,71,0.4799999999999897,107.2312676056338,0.0893269395730081,8.932693957300815,0.0003998547434199,0.0399854743419915
48,future_holdout,孔隙水,孔隙水1,LSTM,0.1666330524848007,0.1540388778872796,-1.195944262106777,-1.195944262106777,52,0.4399999999999977,107.07548076923078,0.3787114829200035,37.87114829200036,0.0015562204464337,0.1556220446433749
48,future_holdout,孔隙水,孔隙水1,Transformer,0.1355981464134519,0.1106557124760347,-0.4541409951194439,-0.4541409951194439,52,0.4399999999999977,107.07548076923078,0.3081776054851196,30.81776054851196,0.0012663790574584,0.1266379057458478
48,future_holdout,孔隙水,孔隙水1,TCN,0.1669601646687905,0.1547903932646111,-1.204574304811609,-1.204574304811609,52,0.4399999999999977,107.07548076923078,0.3794549197017987,37.94549197017987,0.0015592754145892,0.1559275414589296
48,future_holdout,孔隙水,孔隙水1,DynamicGatedStacking,0.203328698633826,0.1895235822640381,-2.269613173670604,-2.269613173670604,52,0.4399999999999977,107.07548076923078,0.4621106787132433,46.21106787132433,0.0018989286545632,0.1898928654563226
48,selection,孔隙水,孔隙水2,LSTM,0.0520882135329186,0.0381292400330095,0.972721193408251,0.972721193408251,138,1.3100000000000025,139.38065217391303,0.0397619950632965,3.9761995063296594,0.0003737119372057,0.0373711937205784
48,selection,孔隙水,孔隙水2,Transformer,0.059369604989938,0.0425697469219215,0.9645615466152992,0.9645615466152992,138,1.3100000000000025,139.38065217391303,0.0453203091526243,4.53203091526244,0.0004259529860418,0.0425952986041845
48,selection,孔隙水,孔隙水2,TCN,0.0553439832203611,0.0382122431857019,0.9692044994701924,0.9692044994701924,138,1.3100000000000025,139.38065217391303,0.0422473154353901,4.224731543539012,0.000397070772429,0.0397070772429055
48,selection,孔隙水,孔隙水2,DynamicGatedStacking,0.0499864328364057,0.0351848300876218,0.9748782012513656,0.9748782012513656,138,1.3100000000000025,139.38065217391303,0.0381575823178669,3.8157582317866914,0.0003586325078608,0.035863250786081
48,test,孔隙水,孔隙水2,LSTM,0.036802191750318,0.0297013532649743,0.9596690068135024,0.9596690068135024,71,0.6999999999999886,139.32577464788733,0.0525745596433124,5.25745596433124,0.0002641448923813,0.0264144892381376
48,test,孔隙水,孔隙水2,Transformer,0.0368542301609859,0.0270903980041039,0.9595548698823444,0.9595548698823444,71,0.6999999999999886,139.32577464788733,0.0526489002299807,5.264890022998078,0.0002645183940597,0.0264518394059722
48,test,孔隙水,孔隙水2,TCN,0.0472626019432298,0.0363893138148292,0.9334838960002916,0.9334838960002916,71,0.6999999999999886,139.32577464788733,0.0675180027760437,6.751800277604376,0.000339223679629,0.0339223679629091
48,test,孔隙水,孔隙水2,DynamicGatedStacking,0.032662754192323,0.0258488409457597,0.968231467437018,0.968231467437018,71,0.6999999999999886,139.32577464788733,0.046661077417605,4.666107741760509,0.0002344343986234,0.0234434398623444
48,future_holdout,孔隙水,孔隙水2,LSTM,0.0415582503642242,0.033493626038063,0.9870342469590496,0.9870342469590496,52,1.0699999999999932,139.17000000000002,0.0388394863217051,3.8839486321705134,0.0002986150058505,0.0298615005850572
48,future_holdout,孔隙水,孔隙水2,Transformer,0.0569583303977773,0.0488945990509097,0.9756444615123548,0.9756444615123548,52,1.0699999999999932,139.17000000000002,0.0532320844839044,5.323208448390444,0.000409271613119,0.0409271613119044
48,future_holdout,孔隙水,孔隙水2,TCN,0.0419068549903833,0.0327532741204876,0.9868158124116276,0.9868158124116276,52,1.0699999999999932,139.17000000000002,0.0391652850377416,3.9165285037741664,0.0003011198892748,0.0301119889274867
48,future_holdout,孔隙水,孔隙水2,DynamicGatedStacking,0.0444890006379715,0.0347469587840462,0.9851410358265524,0.9851410358265524,52,1.0699999999999932,139.17000000000002,0.0415785052691325,4.157850526913255,0.0003196737848528,0.0319673784852852
48,selection,孔隙水,孔隙水3,LSTM,0.0941808739769622,0.0722673681459749,0.9632837668974572,0.9632837668974572,138,1.7000000000000028,112.84016304347826,0.0554005141040953,5.540051410409537,0.0008346396481248,0.0834639648124875
48,selection,孔隙水,孔隙水3,Transformer,0.0770544984332081,0.0615653925389063,0.975423010633038,0.975423010633038,138,1.7000000000000028,112.84016304347826,0.0453261755489458,4.532617554894588,0.0006828641181909,0.0682864118190952
48,selection,孔隙水,孔隙水3,TCN,0.0921652201939297,0.0708652799635945,0.9648385467999318,0.9648385467999318,138,1.7000000000000028,112.84016304347826,0.0542148354081938,5.421483540819389,0.0008167767371837,0.0816776737183707
48,selection,孔隙水,孔隙水3,DynamicGatedStacking,0.0788702921998714,0.0619469525374142,0.9742510463497678,0.9742510463497678,138,1.7000000000000028,112.84016304347826,0.046394289529336,4.639428952933607,0.0006989558511137,0.0698955851113774
48,test,孔隙水,孔隙水3,LSTM,0.0753831333822922,0.0584758713165216,0.9762756240159284,0.9762756240159284,71,1.460000000000008,112.86397887323945,0.051632283138556,5.163228313855606,0.0006679113578563,0.0667911357856319
48,test,孔隙水,孔隙水3,Transformer,0.0611375686328565,0.0480963975426128,0.984395036613628,0.984395036613628,71,1.460000000000008,112.86397887323945,0.0418750470088056,4.187504700880564,0.000541692480127,0.054169248012709
48,test,孔隙水,孔隙水3,TCN,0.0666245411100348,0.0504267923311788,0.9814683158830346,0.9814683158830346,71,1.460000000000008,112.86397887323945,0.04563324733564,4.563324733564006,0.0005903082788252,0.0590308278825281
48,test,孔隙水,孔隙水3,DynamicGatedStacking,0.0627591989959268,0.0485683798081149,0.983556236905244,0.983556236905244,71,1.460000000000008,112.86397887323945,0.0429857527369359,4.298575273693599,0.0005560604864587,0.0556060486458779
48,future_holdout,孔隙水,孔隙水3,LSTM,0.304833603107184,0.2644778439537159,0.7078141652047774,0.7078141652047774,52,1.6600000000000108,112.4626923076923,0.1836347006669771,18.363470066697715,0.0027105309045347,0.2710530904534764
48,future_holdout,孔隙水,孔隙水3,Transformer,0.3566386984233614,0.3130546675832762,0.6000640808197905,0.6000640808197905,52,1.6600000000000108,112.4626923076923,0.2148425894116621,21.48425894116621,0.0031711734007542,0.3171173400754232
48,future_holdout,孔隙水,孔隙水3,TCN,0.2160304148233177,0.1715471940075006,0.8532550117734768,0.8532550117734768,52,1.6600000000000108,112.4626923076923,0.1301388041104315,13.013880411043155,0.0019209073728403,0.1920907372840314
48,future_holdout,孔隙水,孔隙水3,DynamicGatedStacking,0.2970659511967671,0.2559298604704605,0.722515178005467,0.722515178005467,52,1.6600000000000108,112.4626923076923,0.1789553922872079,17.895539228720796,0.0026414622049417,0.2641462204941792
48,selection,孔隙水,孔隙水4,LSTM,0.0875634357208552,0.0573881291354426,0.912568419102138,0.912568419102138,138,1.4699999999999989,35.51927536231884,0.0595669630754117,5.956696307541176,0.0024652371093625,0.2465237109362546
48,selection,孔隙水,孔隙水4,Transformer,0.0829950477199909,0.0512334341627145,0.9214534522388492,0.9214534522388492,138,1.4699999999999989,35.51927536231884,0.0564592161360483,5.645921613604833,0.0023366199584138,0.2336619958413834
48,selection,孔隙水,孔隙水4,TCN,0.0888810801982337,0.0584162269778707,0.9099173005146964,0.9099173005146964,138,1.4699999999999989,35.51927536231884,0.060463319862744,6.046331986274409,0.0025023337129373,0.2502333712937303
48,selection,孔隙水,孔隙水4,DynamicGatedStacking,0.0810225600030137,0.0480783451521961,0.9251426125233858,0.9251426125233858,138,1.4699999999999989,35.51927536231884,0.0551173877571522,5.511738775715227,0.0022810870767078,0.2281087076707871
48,test,孔隙水,孔隙水4,LSTM,0.0507929340830291,0.0357009719416764,0.9645123220922344,0.9645123220922344,71,0.8699999999999974,35.25626760563381,0.0583826828540566,5.838268285405665,0.0014406781412934,0.1440678141293454
48,test,孔隙水,孔隙水4,Transformer,0.0475784622180706,0.0318806447835355,0.9688619233531832,0.9688619233531832,71,0.8699999999999974,35.25626760563381,0.0546878876069779,5.468788760697793,0.001349503661314,0.1349503661314046
48,test,孔隙水,孔隙水4,TCN,0.0551663763758472,0.0398907542248842,0.9581380073312048,0.9581380073312048,71,0.8699999999999974,35.25626760563381,0.0634096280182153,6.3409628018215365,0.0015647253700511,0.1564725370051135
48,test,孔隙水,孔隙水4,DynamicGatedStacking,0.0467371034245311,0.0315667365693942,0.9699534531432026,0.9699534531432026,71,0.8699999999999974,35.25626760563381,0.053720808533944,5.372080853394403,0.0013256395698863,0.132563956988637
48,future_holdout,孔隙水,孔隙水4,LSTM,0.0770538441454295,0.0665903863695653,0.9424737830013982,0.9424737830013982,52,0.9099999999999966,35.18057692307693,0.0846745540059668,8.46745540059668,0.0021902382190579,0.2190238219057901
48,future_holdout,孔隙水,孔隙水4,Transformer,0.1293703042536969,0.1058586315961603,0.8378390074413484,0.8378390074413484,52,0.9099999999999966,35.18057692307693,0.1421651695095576,14.216516950955764,0.0036773218511045,0.3677321851104598
48,future_holdout,孔隙水,孔隙水4,TCN,0.0771193099385822,0.064021482463581,0.9423759916638748,0.9423759916638748,52,0.9099999999999966,35.18057692307693,0.0847464944380027,8.474649443800278,0.0021920990695293,0.2192099069529338
48,future_holdout,孔隙水,孔隙水4,DynamicGatedStacking,0.0675064834935794,0.0590017950593394,0.9558461918759616,0.9558461918759616,52,0.9099999999999966,35.18057692307693,0.0741829488940436,7.41829488940436,0.0019188566361826,0.1918856636182623
48,selection,孔隙水,孔隙水5,LSTM,0.0570926083244326,0.040537274896089,0.9665195595429836,0.9665195595429836,138,1.1700000000000017,40.52177536231885,0.0487971011319936,4.879710113199367,0.0014089364993006,0.1408936499300646
48,selection,孔隙水,孔隙水5,Transformer,0.0428399719474163,0.0316835032488465,0.9811492015868746,0.9811492015868746,138,1.1700000000000017,40.52177536231885,0.0366153606388173,3.661536063881734,0.0010572086628576,0.1057208662857678
48,selection,孔隙水,孔隙水5,TCN,0.0535646260126464,0.0405071197903175,0.9705294970495706,0.9705294970495706,138,1.1700000000000017,40.52177536231885,0.0457817316347404,4.578173163474048,0.0013218726359767,0.1321872635976757
48,selection,孔隙水,孔隙水5,DynamicGatedStacking,0.0441858782782617,0.0308372709637965,0.9799461215940712,0.9799461215940712,138,1.1700000000000017,40.52177536231885,0.0377657079301382,3.776570793013821,0.0010904230597791,0.1090423059779117
48,test,孔隙水,孔隙水5,LSTM,0.0240628425708645,0.0183869251646887,0.9815985608459494,0.9815985608459494,71,0.5600000000000023,40.15161971830986,0.0429693617336864,4.296936173368644,0.0005992994240252,0.0599299424025263
48,test,孔隙水,孔隙水5,Transformer,0.0235942961720108,0.0199684332581575,0.9823082015192962,0.9823082015192962,71,0.5600000000000023,40.15161971830986,0.0421326717357334,4.213267173573346,0.0005876299969351,0.0587629996935127
48,test,孔隙水,孔隙水5,TCN,0.0311171526549848,0.024567135343248,0.9692278648348815,0.9692278648348815,71,0.5600000000000023,40.15161971830986,0.0555663440267583,5.5566344026758365,0.0007749912176219,0.0774991217621909
48,test,孔隙水,孔隙水5,DynamicGatedStacking,0.0194613420070101,0.0159335911044562,0.9879634090925918,0.9879634090925918,71,0.5600000000000023,40.15161971830986,0.0347523964410893,3.475239644108933,0.0004846963122171,0.0484696312217147
48,future_holdout,孔隙水,孔隙水5,LSTM,0.0670471812963068,0.0589613276673199,0.9257065614579992,0.9257065614579992,52,0.75,40.18,0.089396241728409,8.939624172840908,0.0016686705150897,0.1668670515089766
48,future_holdout,孔隙水,孔隙水5,Transformer,0.115845686922908,0.0832095999451955,0.7782063293639389,0.7782063293639389,52,0.75,40.18,0.1544609158972107,15.44609158972107,0.0028831679174442,0.2883167917444202
48,future_holdout,孔隙水,孔隙水5,TCN,0.0558931650794261,0.0472045447008455,0.9483694422403408,0.9483694422403408,52,0.75,40.18,0.0745242201059015,7.452422010590152,0.0013910693150678,0.1391069315067848
48,future_holdout,孔隙水,孔隙水5,DynamicGatedStacking,0.0632794997475396,0.0544669271522776,0.933821718601722,0.933821718601722,52,0.75,40.18,0.0843726663300528,8.437266633005287,0.0015749004417008,0.1574900441700837
49,selection,裂隙水,裂隙水1,LSTM,0.5993170848502913,0.3732028657699231,0.8520658956334468,0.8520658956334468,138,6.929039999999986,196.3614404347826,0.0864935236122597,8.64935236122598,0.0030521118786014,0.3052111878601451
49,selection,裂隙水,裂隙水1,Transformer,0.577402891857945,0.3558807891972223,0.8626866068029064,0.8626866068029064,138,6.929039999999986,196.3614404347826,0.0833308642839334,8.333086428393344,0.0029405105736618,0.2940510573661826
49,selection,裂隙水,裂隙水1,TCN,0.5972972753809965,0.396206010582471,0.853061345984889,0.853061345984889,138,6.929039999999986,196.3614404347826,0.0862020244335431,8.620202443354314,0.0030418256968296,0.30418256968296
49,selection,裂隙水,裂隙水1,DynamicGatedStacking,0.5786552110906366,0.3572455669758924,0.8620903275448613,0.8620903275448613,138,6.929039999999986,196.3614404347826,0.0835115991667875,8.351159916678757,0.0029468881966305,0.2946888196630565
49,test,裂隙水,裂隙水1,LSTM,0.400455734978532,0.312766121232708,0.8304686623760155,0.8304686623760155,71,4.359559999999988,195.74704767605635,0.091856915601238,9.185691560123802,0.002045781735831,0.2045781735831081
49,test,裂隙水,裂隙水1,Transformer,0.4053888363357311,0.3303769084957763,0.8262661183028144,0.8262661183028144,71,4.359559999999988,195.74704767605635,0.0929884750607245,9.298847506072454,0.0020709831445663,0.2070983144566312
49,test,裂隙水,裂隙水1,TCN,0.427192625180268,0.3334212446467787,0.8070750276257186,0.8070750276257186,71,4.359559999999988,195.74704767605635,0.097989848787554,9.798984878755409,0.0021823707190068,0.2182370719006874
49,test,裂隙水,裂隙水1,DynamicGatedStacking,0.3956011008883688,0.3116421939373807,0.8345541277190099,0.8345541277190099,71,4.359559999999988,195.74704767605635,0.0907433550377492,9.074335503774922,0.0020209811876348,0.2020981187634834
49,future_holdout,裂隙水,裂隙水1,LSTM,0.5793556833319577,0.4644621176259961,0.8055953301887551,0.8055953301887551,52,4.379999999999996,195.6493294230769,0.1322729870620909,13.227298706209096,0.0029611943216996,0.296119432169964
49,future_holdout,裂隙水,裂隙水1,Transformer,0.9417227074604254,0.7667543855202766,0.4863559818085428,0.4863559818085428,52,4.379999999999996,195.6493294230769,0.2150051843516955,21.500518435169557,0.0048133193721508,0.481331937215088
49,future_holdout,裂隙水,裂隙水1,TCN,0.6679639896010093,0.5561796742511793,0.7415823042604129,0.7415823042604129,52,4.379999999999996,195.6493294230769,0.1525031939728333,15.250319397283334,0.0034140878048019,0.3414087804801965
49,future_holdout,裂隙水,裂隙水1,DynamicGatedStacking,0.6772614474820973,0.5631073377843668,0.7343383543250865,0.7343383543250865,52,4.379999999999996,195.6493294230769,0.1546259012516205,15.462590125162054,0.0034616088359677,0.3461608835967796
49,selection,裂隙水,裂隙水2,LSTM,0.1919185784729641,0.14975002278813,0.9684202418178316,0.9684202418178316,138,4.639999999999986,303.8561594202898,0.041361762601932,4.136176260193204,0.000631609965844,0.0631609965844084
49,selection,裂隙水,裂隙水2,Transformer,0.1385986152593245,0.101361780848536,0.9835300399294782,0.9835300399294782,138,4.639999999999986,303.8561594202898,0.0298703912196821,2.987039121968211,0.0004561323210421,0.0456132321042131
49,selection,裂隙水,裂隙水2,TCN,0.1994203965458759,0.1510143134536234,0.9659031770265244,0.9659031770265244,138,4.639999999999986,303.8561594202898,0.0429785337383354,4.297853373833546,0.000656298680686,0.0656298680686081
49,selection,裂隙水,裂隙水2,DynamicGatedStacking,0.1582112835061862,0.1163121720095234,0.9785390139927472,0.9785390139927472,138,4.639999999999986,303.8561594202898,0.0340972593763333,3.409725937633333,0.0005206782176409,0.0520678217640967
49,test,裂隙水,裂隙水2,LSTM,0.1802087372875321,0.1290570130112937,0.8760683395526336,0.8760683395526336,71,1.8199999999999927,303.2730985915493,0.0990157897184245,9.90157897184246,0.0005942127347412,0.0594212734741233
49,test,裂隙水,裂隙水2,Transformer,0.1846344215406726,0.1293721053428945,0.869906403105722,0.869906403105722,71,1.8199999999999927,303.2730985915493,0.1014474843630073,10.144748436300732,0.0006088058004423,0.0608805800442392
49,test,裂隙水,裂隙水2,TCN,0.2439099584408077,0.198920109982415,0.772966656163708,0.772966656163708,71,1.8199999999999927,303.2730985915493,0.1340164606817629,13.401646068176298,0.0008042584705783,0.0804258470578386
49,test,裂隙水,裂隙水2,DynamicGatedStacking,0.1833045749627183,0.1284215321966097,0.871773676636007,0.871773676636007,71,1.8199999999999927,303.2730985915493,0.1007167994300653,10.071679943006538,0.0006044208200925,0.0604420820092567
49,future_holdout,裂隙水,裂隙水2,LSTM,0.750526149301515,0.5790608088722237,0.3607969052871285,0.3607969052871285,52,2.730000000000018,302.7888461538462,0.2749180034071465,27.49180034071465,0.0024787113489648,0.2478711348964864
49,future_holdout,裂隙水,裂隙水2,Transformer,0.7364223604691489,0.5736644068448348,0.3845948219525127,0.3845948219525127,52,2.730000000000018,302.7888461538462,0.2697517803916278,26.975178039162785,0.00243213173082,0.2432131730820014
49,future_holdout,裂隙水,裂隙水2,TCN,0.8956653677915543,0.7584712069604124,0.0896701652827782,0.0896701652827782,52,2.730000000000018,302.7888461538462,0.3280825523045964,32.80825523045964,0.0029580527128679,0.2958052712867993
49,future_holdout,裂隙水,裂隙水2,DynamicGatedStacking,0.7621204198444026,0.6016680685104348,0.3408952999667587,0.3408952999667587,52,2.730000000000018,302.7888461538462,0.2791649889539918,27.91649889539918,0.0025170029528008,0.2517002952800881
49,selection,裂隙水,裂隙水3,LSTM,0.110845478538965,0.0909255891437296,0.9508963134669476,0.9508963134669476,138,1.7800000000000011,185.90217391304347,0.0622727407522275,6.22727407522275,0.0005962570324261,0.0596257032426169
49,selection,裂隙水,裂隙水3,Transformer,0.0870610124553882,0.0730419685529296,0.9697081665654036,0.9697081665654036,138,1.7800000000000011,185.90217391304347,0.0489106811547124,4.891068115471247,0.0004683162688356,0.0468316268835626
49,selection,裂隙水,裂隙水3,TCN,0.1171431665765649,0.0915638172064304,0.9451581555688804,0.9451581555688804,138,1.7800000000000011,185.90217391304347,0.0658107677396432,6.58107677396432,0.0006301333874199,0.0630133387419983
49,selection,裂隙水,裂隙水3,DynamicGatedStacking,0.0828871813504805,0.0662300724835291,0.9725430131308692,0.9725430131308692,138,1.7800000000000011,185.90217391304347,0.046565832219371,4.656583221937105,0.0004458645082292,0.0445864508229211
49,test,裂隙水,裂隙水3,LSTM,0.1014211814393266,0.0791217560163364,0.8768324022375273,0.8768324022375273,71,1.3499999999999943,186.1540845070422,0.0751268010661682,7.512680106616822,0.0005448238307953,0.0544823830795342
49,test,裂隙水,裂隙水3,Transformer,0.065369935536759,0.0479362045125886,0.9488323756168578,0.9488323756168578,71,1.3499999999999943,186.1540845070422,0.0484221744716735,4.842217447167356,0.0003511603611055,0.0351160361105512
49,test,裂隙水,裂隙水3,TCN,0.0876857599552869,0.071378623500343,0.9079344226230924,0.9079344226230924,71,1.3499999999999943,186.1540845070422,0.0649524147816942,6.495241478169429,0.0004710386032489,0.0471038603248964
49,test,裂隙水,裂隙水3,DynamicGatedStacking,0.0678358701637916,0.0517015574553166,0.9448991953338464,0.9448991953338464,71,1.3499999999999943,186.1540845070422,0.0502487927139199,5.024879271391994,0.0003644071004051,0.0364407100405177
49,future_holdout,裂隙水,裂隙水3,LSTM,0.2325995243245613,0.1951384483495612,0.8893926068912434,0.8893926068912434,52,2.0,185.6351923076923,0.1162997621622806,11.62997621622807,0.0012529926111155,0.1252992611115597
49,future_holdout,裂隙水,裂隙水3,Transformer,0.2596787485224757,0.1960986292512781,0.8621396644940543,0.8621396644940543,52,2.0,185.6351923076923,0.1298393742612378,12.983937426123784,0.0013988659439749,0.1398865943974973
49,future_holdout,裂隙水,裂隙水3,TCN,0.4145856553299432,0.3568489146837663,0.6486054228871911,0.6486054228871911,52,2.0,185.6351923076923,0.2072928276649716,20.72928276649716,0.0022333354477461,0.2233335447746153
49,future_holdout,裂隙水,裂隙水3,DynamicGatedStacking,0.2393462836839198,0.200478319012476,0.8828830134530851,0.8828830134530851,52,2.0,185.6351923076923,0.1196731418419599,11.96731418419599,0.0012893367938941,0.1289336793894127
49,selection,裂隙水,裂隙水4,LSTM,0.1253968946400365,0.0770795207875848,0.9370776988590572,0.9370776988590572,138,2.049999999999997,52.14630434782609,0.0611692168975788,6.116921689757888,0.0024047129745497,0.2404712974549732
49,selection,裂隙水,裂隙水4,Transformer,0.1184653408811168,0.076598962987786,0.9438417390609428,0.9438417390609428,138,2.049999999999997,52.14630434782609,0.0577879711615205,5.778797116152052,0.0022717878546278,0.2271787854627814
49,selection,裂隙水,裂隙水4,TCN,0.1251705267038634,0.088306066342239,0.9373046699517738,0.9373046699517738,138,2.049999999999997,52.14630434782609,0.0610587935140798,6.105879351407983,0.0024003719586521,0.240037195865217
49,selection,裂隙水,裂隙水4,DynamicGatedStacking,0.1129174268222274,0.0682249689524999,0.9489785285722072,0.9489785285722072,138,2.049999999999997,52.14630434782609,0.0550816716205988,5.508167162059884,0.0021653965364265,0.2165396536426552
49,test,裂隙水,裂隙水4,LSTM,0.0543940412060148,0.0402505320209517,0.9446704504007736,0.9446704504007736,71,0.9299999999999996,52.00295774647888,0.0584882163505536,5.848821635055362,0.0010459797589051,0.1045979758905114
49,test,裂隙水,裂隙水4,Transformer,0.0595256613855117,0.04158041781721,0.9337382438179416,0.9337382438179416,71,0.9299999999999996,52.00295774647888,0.0640060875113029,6.400608751130296,0.0011446591494988,0.1144659149498899
49,test,裂隙水,裂隙水4,TCN,0.0671013119461087,0.0483046303060364,0.9157991441255724,0.9157991441255724,71,0.9299999999999996,52.00295774647888,0.0721519483291491,7.215194832914919,0.0012903364511156,0.1290336451115651
49,test,裂隙水,裂隙水4,DynamicGatedStacking,0.0554294513756911,0.0408266391489738,0.9425439662005464,0.9425439662005464,71,0.9299999999999996,52.00295774647888,0.0596015606190227,5.960156061902271,0.0010658903604275,0.1065890360427513
49,future_holdout,裂隙水,裂隙水4,LSTM,0.1869162026533617,0.1316100093834963,0.790004083229728,0.790004083229728,52,1.1199999999999974,52.21,0.1668894666547876,16.688946665478767,0.003580084325864,0.3580084325864044
49,future_holdout,裂隙水,裂隙水4,Transformer,0.3523883611650704,0.2652199763412557,0.25361988020443,0.25361988020443,52,1.1199999999999974,52.21,0.3146324653259564,31.46324653259564,0.0067494418916887,0.6749441891688764
49,future_holdout,裂隙水,裂隙水4,TCN,0.1606955802621295,0.1363691551949214,0.8447881712993635,0.8447881712993635,52,1.1199999999999974,52.21,0.143478196662616,14.3478196662616,0.0030778697617722,0.3077869761772257
49,future_holdout,裂隙水,裂隙水4,DynamicGatedStacking,0.1712371933678921,0.126456002862088,0.8237564819092096,0.8237564819092096,52,1.1199999999999974,52.21,0.1528903512213325,15.289035122133257,0.0032797776933133,0.327977769331339
49,selection,裂隙水,裂隙水5,LSTM,0.1961396543208905,0.1224142832924313,0.9152296244701352,0.9152296244701352,138,2.9699999999999704,323.411268115942,0.0660402876501321,6.604028765013215,0.0006064713065302,0.0606471306530281
49,selection,裂隙水,裂隙水5,Transformer,0.1797893579385872,0.1018261810175934,0.9287735566091788,0.9287735566091788,138,2.9699999999999704,323.411268115942,0.0605351373530602,6.053513735306027,0.0005559155652985,0.0555915565298526
49,selection,裂隙水,裂隙水5,TCN,0.1649530724957051,0.1013444908140496,0.9400437979308004,0.9400437979308004,138,2.9699999999999704,323.411268115942,0.0555397550490595,5.553975504905954,0.0005100412037485,0.0510041203748565
49,selection,裂隙水,裂隙水5,DynamicGatedStacking,0.1792129160943501,0.1065303423091522,0.9292295578185472,0.9292295578185472,138,2.9699999999999704,323.411268115942,0.0603410491900174,6.034104919001749,0.0005541331850877,0.0554133185087734
49,test,裂隙水,裂隙水5,LSTM,0.1084486570788006,0.0830592493578168,0.8045125970452013,0.8045125970452013,71,1.0400000000000205,322.4869718309859,0.1042775548834601,10.42775548834601,0.0003362884908592,0.0336288490859215
49,test,裂隙水,裂隙水5,Transformer,0.0765908844375764,0.0566820405742137,0.9024955157988006,0.9024955157988006,71,1.0400000000000205,322.4869718309859,0.0736450811899759,7.364508118997591,0.0002375007089517,0.0237500708951794
49,test,裂隙水,裂隙水5,TCN,0.0833363040260984,0.0656336425511023,0.884564632174638,0.884564632174638,71,1.0400000000000205,322.4869718309859,0.0801310615635546,8.01310615635546,0.0002584175836714,0.0258417583671487
49,test,裂隙水,裂隙水5,DynamicGatedStacking,0.0812642448919064,0.0631942765877207,0.8902335980761431,0.8902335980761431,71,1.0400000000000205,322.4869718309859,0.078138697011447,7.813869701144702,0.0002519923345445,0.0251992334544592
49,future_holdout,裂隙水,裂隙水5,LSTM,0.0999166646443657,0.0741185159722218,0.847641330174242,0.847641330174242,52,0.8000000000000114,322.6370192307692,0.1248958308054553,12.489583080545536,0.0003096875395222,0.0309687539522237
49,future_holdout,裂隙水,裂隙水5,Transformer,0.1348430557129602,0.1212755192286574,0.7225092651057305,0.7225092651057305,52,0.8000000000000114,322.6370192307692,0.1685538196411979,16.855381964119793,0.0004179404336007,0.0417940433600747
49,future_holdout,裂隙水,裂隙水5,TCN,0.1162824539313827,0.1010060842203422,0.7936427687247342,0.7936427687247342,52,0.8000000000000114,322.6370192307692,0.1453530674142263,14.535306741422632,0.0003604126216161,0.0360412621616153
49,future_holdout,裂隙水,裂隙水5,DynamicGatedStacking,0.0876530834844065,0.0669742098011509,0.882746527671588,0.882746527671588,52,0.8000000000000114,322.6370192307692,0.1095663543555066,10.956635435550668,0.0002716770806195,0.0271677080619542
49,selection,岩溶水,岩溶水1,LSTM,1.0639467837581578,0.7389962559874284,0.8943624092988706,0.8943624092988706,138,16.039999999999964,461.56492753623183,0.0663308468677157,6.633084686771571,0.0023050858509491,0.2305085850949193
49,selection,岩溶水,岩溶水1,Transformer,1.073136612946612,0.6934744693383723,0.8925296409130108,0.8925296409130108,138,16.039999999999964,461.56492753623183,0.0669037788620083,6.690377886200838,0.0023249960058162,0.2324996005816263
49,selection,岩溶水,岩溶水1,TCN,1.1546220990444098,0.7760816686309832,0.875589107272017,0.875589107272017,138,16.039999999999964,461.56492753623183,0.0719839213868087,7.198392138680876,0.002501537768928,0.2501537768928022
49,selection,岩溶水,岩溶水1,DynamicGatedStacking,1.060748113366231,0.7002215948937233,0.8949966363193771,0.8949966363193771,138,16.039999999999964,461.56492753623183,0.0661314285141043,6.6131428514104345,0.0022981557958234,0.229815579582347
49,test,岩溶水,岩溶水1,LSTM,0.7323877080844826,0.5733697555624875,0.8267396909318667,0.8267396909318667,71,9.25,460.3830985915493,0.0791770495226467,7.917704952264677,0.0015908223180326,0.1590822318032693
49,test,岩溶水,岩溶水1,Transformer,0.6711886232095308,0.4780021412766017,0.8544855359026948,0.8544855359026948,71,9.25,460.3830985915493,0.0725609322388682,7.25609322388682,0.0014578915369893,0.1457891536989301
49,test,岩溶水,岩溶水1,TCN,0.8702591978566682,0.6537060397063142,0.7553674539149778,0.7553674539149778,71,9.25,460.3830985915493,0.0940820754439641,9.408207544396411,0.001890293541442,0.1890293541442015
49,test,岩溶水,岩溶水1,DynamicGatedStacking,0.6724028402834576,0.4896704654596765,0.8539585723691496,0.8539585723691496,71,9.25,460.3830985915493,0.0726921989495629,7.269219894956298,0.0014605289428316,0.1460528942831613
49,future_holdout,岩溶水,岩溶水1,LSTM,0.6710450922433272,0.5094854434867813,0.9465252962413406,0.9465252962413406,52,9.120000000000005,460.9194230769231,0.0735795057284349,7.357950572843497,0.0014558837372564,0.145588373725647
49,future_holdout,岩溶水,岩溶水1,Transformer,0.9080389776491548,0.7378700094242385,0.902083933068314,0.902083933068314,52,9.120000000000005,460.9194230769231,0.0995656773738107,9.95656773738108,0.0019700601280532,0.1970060128053253
49,future_holdout,岩溶水,岩溶水1,TCN,1.0225812529722151,0.7514878454675904,0.8758231521193287,0.8758231521193287,52,9.120000000000005,460.9194230769231,0.1121251373873042,11.212513738730422,0.0022185683695988,0.2218568369598857
49,future_holdout,岩溶水,岩溶水1,DynamicGatedStacking,0.7976513712715153,0.6140206612248311,0.924443608074444,0.924443608074444,52,9.120000000000005,460.9194230769231,0.0874617731657362,8.746177316573627,0.0017305657590793,0.1730565759079314
49,selection,岩溶水,岩溶水2,LSTM,1.2116409418186964,0.9639810272684408,0.9444260902724586,0.9444260902724586,138,21.97999999999996,503.30923045155646,0.0551247016296041,5.512470162960412,0.0024073489388057,0.2407348938805756
49,selection,岩溶水,岩溶水2,Transformer,0.8173846088626551,0.5731536744992508,0.9747084187223318,0.9747084187223318,138,21.97999999999996,503.30923045155646,0.0371876528144975,3.7187652814497567,0.001624020700215,0.162402070021509
49,selection,岩溶水,岩溶水2,TCN,1.168085273078029,0.92727087480318,0.9483497808579138,0.9483497808579138,138,21.97999999999996,503.30923045155646,0.0531430970463162,5.314309704631623,0.0023208103535674,0.2320810353567431
49,selection,岩溶水,岩溶水2,DynamicGatedStacking,0.9209435262069886,0.6949246822516094,0.9678937879143868,0.9678937879143868,138,21.97999999999996,503.30923045155646,0.0418991595180614,4.189915951806143,0.0018297767465554,0.1829776746555474
49,test,岩溶水,岩溶水2,LSTM,0.6735118522641701,0.5418436006530541,0.9678126164703648,0.9678126164703648,71,12.189999999999998,499.7949295774648,0.0552511773801616,5.525117738016163,0.0013475764006521,0.13475764006521
49,test,岩溶水,岩溶水2,Transformer,0.6274930243417691,0.4496261497815266,0.9720608625676276,0.9720608625676276,71,12.189999999999998,499.7949295774648,0.0514760479361582,5.147604793615827,0.0012555009809168,0.1255500980916838
49,test,岩溶水,岩溶水2,TCN,1.0036660065145864,0.7781268511221394,0.9285217979602056,0.9285217979602056,71,12.189999999999998,499.7949295774648,0.0823351933153885,8.233519331538856,0.0020081556396802,0.2008155639680264
49,test,岩溶水,岩溶水2,DynamicGatedStacking,0.6207788254727377,0.4706117765237793,0.9726555634278754,0.9726555634278754,71,12.189999999999998,499.7949295774648,0.0509252522947282,5.0925252294728285,0.0012420670733845,0.1242067073384587
49,future_holdout,岩溶水,岩溶水2,LSTM,0.905214351385234,0.6989017926478246,0.9764839680148296,0.9764839680148296,52,15.870000000000005,500.9328846153846,0.057039341612176,5.703934161217604,0.0018070571511396,0.180705715113963
49,future_holdout,岩溶水,岩溶水2,Transformer,1.146801316445449,0.9578873343731862,0.9622569018494078,0.9622569018494078,52,15.870000000000005,500.9328846153846,0.0722622127564869,7.226221275648699,0.00228933126905,0.2289331269050066
49,future_holdout,岩溶水,岩溶水2,TCN,1.462280004183407,1.100875107829401,0.938634784534313,0.938634784534313,52,15.870000000000005,500.9328846153846,0.0921411470815001,9.21411470815001,0.0029191136160009,0.291911361600096
49,future_holdout,岩溶水,岩溶水2,DynamicGatedStacking,1.012154106208656,0.8247185727824149,0.9705995171144411,0.9705995171144411,52,15.870000000000005,500.9328846153846,0.0637778264781761,6.377782647817616,0.0020205383541265,0.2020538354126593
49,selection,岩溶水,岩溶水3,LSTM,1.3923621400606527,0.5599622906769219,0.6356845231130102,0.6356845231130102,138,15.136300000000006,387.0044152898551,0.0919882758706323,9.198827587063231,0.003597793939942,0.3597793939942039
49,selection,岩溶水,岩溶水3,Transformer,1.2965475651698264,0.4906866112365062,0.6840996423201163,0.6840996423201163,138,15.136300000000006,387.0044152898551,0.0856581572226915,8.565815722269154,0.0033502138837324,0.3350213883732437
49,selection,岩溶水,岩溶水3,TCN,1.2828927054627692,0.4816825894705203,0.690718543971513,0.690718543971513,138,15.136300000000006,387.0044152898551,0.0847560305664375,8.475603056643756,0.0033149304110701,0.3314930411070168
49,selection,岩溶水,岩溶水3,DynamicGatedStacking,1.2806089546452817,0.4710975020868608,0.6918187031556731,0.6918187031556731,138,15.136300000000006,387.0044152898551,0.0846051514997245,8.460515149972458,0.0033090293134928,0.3309029313492826
49,test,岩溶水,岩溶水3,LSTM,0.4939647076466817,0.2535870942208443,0.9051135794041424,0.9051135794041424,71,5.751170000000002,383.8266273239437,0.0858894290460343,8.588942904603439,0.0012869474718068,0.1286947471806804
49,test,岩溶水,岩溶水3,Transformer,0.4936143497331248,0.2972795374951395,0.9052481332220594,0.9052481332220594,71,5.751170000000002,383.8266273239437,0.0858285096307576,8.582850963075767,0.0012860346692844,0.1286034669284478
49,test,岩溶水,岩溶水3,TCN,0.4961654376008535,0.2951319709087204,0.9042662129637254,0.9042662129637254,71,5.751170000000002,383.8266273239437,0.0862720868276982,8.627208682769826,0.0012926811280919,0.1292681128091974
49,test,岩溶水,岩溶水3,DynamicGatedStacking,0.4641161327680343,0.2632746616538744,0.9162344292770892,0.9162344292770892,71,5.751170000000002,383.8266273239437,0.0806994285976652,8.06994285976652,0.0012091816974863,0.1209181697486369
49,future_holdout,岩溶水,岩溶水3,LSTM,0.7781864867154195,0.7351561587421582,0.1962701019220739,0.1962701019220739,52,2.822899999999948,382.45746365384616,0.2756691652964802,27.566916529648022,0.0020347007462762,0.2034700746276294
49,future_holdout,岩溶水,岩溶水3,Transformer,0.6314207823947331,0.5447178468711732,0.4708479315178198,0.4708479315178198,52,2.822899999999948,382.45746365384616,0.2236780553313064,22.36780553313064,0.0016509568838385,0.1650956883838507
49,future_holdout,岩溶水,岩溶水3,TCN,1.7481393401293943,1.6936440853965882,-3.055971051363561,-3.055971051363561,52,2.822899999999948,382.45746365384616,0.6192707287291179,61.92707287291179,0.0045708072302429,0.4570807230242987
49,future_holdout,岩溶水,岩溶水3,DynamicGatedStacking,1.0562660252320792,1.0170656845789183,-0.4807760310073057,-0.4807760310073057,52,2.822899999999948,382.45746365384616,0.3741776276992096,37.41776276992096,0.0027617869321752,0.276178693217524
49,selection,岩溶水,岩溶水4,LSTM,0.955623974443988,0.6721522437828065,0.8690670524848247,0.8690670524848247,138,8.199999999999989,98.09728260869564,0.1165395090785352,11.653950907853527,0.00974159476217,0.9741594762170084
49,selection,岩溶水,岩溶水4,Transformer,0.7393014398688159,0.5653267212524987,0.9216357510966444,0.9216357510966444,138,8.199999999999989,98.09728260869564,0.090158712179124,9.015871217912402,0.0075364110014937,0.7536411001493756
49,selection,岩溶水,岩溶水4,TCN,0.8410313602812536,0.6382550120769089,0.8985856873865514,0.8985856873865514,138,8.199999999999989,98.09728260869564,0.1025648000342993,10.256480003429935,0.0085734419742907,0.8573441974290753
49,selection,岩溶水,岩溶水4,DynamicGatedStacking,0.7582169235162243,0.5684074536264551,0.9175744566419376,0.9175744566419376,138,8.199999999999989,98.09728260869564,0.0924654784775884,9.246547847758846,0.0077292347285572,0.7729234728557237
49,test,岩溶水,岩溶水4,LSTM,0.7121879445367837,0.5602471919173383,0.7698292911490251,0.7698292911490251,71,6.590000000000003,96.7878732394366,0.1080710082756879,10.80710082756879,0.0073582352902305,0.7358235290230551
49,test,岩溶水,岩溶水4,Transformer,0.4582763410472919,0.3599212592392569,0.9046949983441238,0.9046949983441238,71,6.590000000000003,96.7878732394366,0.0695411746657498,6.9541174665749885,0.0047348528871338,0.4734852887133854
49,test,岩溶水,岩溶水4,TCN,0.6276166035874119,0.4909380601313245,0.8212485110817661,0.8212485110817661,71,6.590000000000003,96.7878732394366,0.0952377243683477,9.523772436834774,0.0064844549485532,0.6484454948553275
49,test,岩溶水,岩溶水4,DynamicGatedStacking,0.5644159831085467,0.4321896248110612,0.8554362429584308,0.8554362429584308,71,6.590000000000003,96.7878732394366,0.0856473418981102,8.564734189811023,0.0058314741735493,0.583147417354939
49,future_holdout,岩溶水,岩溶水4,LSTM,1.2059766060456452,0.8009299538978559,0.8004199751640937,0.8004199751640937,52,8.149999999999991,98.27240384615384,0.1479725896988523,14.797258969885233,0.0122717727342216,1.2271772734221604
49,future_holdout,岩溶水,岩溶水4,Transformer,1.0912449390180037,0.7720929212011642,0.8365880581388524,0.8365880581388524,52,8.149999999999991,98.27240384615384,0.1338950845420864,13.389508454208643,0.011104286618717,1.1104286618717043
49,future_holdout,岩溶水,岩溶水4,TCN,1.2437698236942625,0.8963058308738124,0.7877149857444381,0.7877149857444381,52,8.149999999999991,98.27240384615384,0.1526097943183145,15.260979431831451,0.0126563488325918,1.2656348832591833
49,future_holdout,岩溶水,岩溶水4,DynamicGatedStacking,1.039295398539137,0.734106325800579,0.851776414460593,0.851776414460593,52,8.149999999999991,98.27240384615384,0.1275209077962132,12.752090779621328,0.010575658657604,1.0575658657604037
49,selection,岩溶水,岩溶水5,LSTM,0.4212044685812383,0.2432777801068084,0.8570276122915252,0.8570276122915252,138,5.220000000000027,430.7046195652174,0.080690511222459,8.069051122245902,0.0009779427697024,0.0977942769702425
49,selection,岩溶水,岩溶水5,Transformer,0.3786254554459421,0.2148732333312169,0.8844723743581803,0.8844723743581803,138,5.220000000000027,430.7046195652174,0.0725336121543946,7.253361215439466,0.0008790838041815,0.0879083804181511
49,selection,岩溶水,岩溶水5,TCN,0.4026497875708537,0.2411771725726673,0.8693464607367597,0.8693464607367597,138,5.220000000000027,430.7046195652174,0.0771359746304313,7.7135974630431345,0.000934862941515,0.0934862941515036
49,selection,岩溶水,岩溶水5,DynamicGatedStacking,0.3858306022371805,0.2197118680480077,0.8800336151138937,0.8800336151138937,138,5.220000000000027,430.7046195652174,0.0739139084745552,7.391390847455527,0.000895812546953,0.0895812546953093
49,test,岩溶水,岩溶水5,LSTM,0.3136783535049612,0.2492124435224881,0.7229990243762547,0.7229990243762547,71,2.8600000000000136,430.2881690140846,0.1096777459807551,10.967774598075517,0.0007289959987133,0.0728995998713349
49,test,岩溶水,岩溶水5,Transformer,0.3002686726025455,0.2178366641009526,0.7461762550325548,0.7461762550325548,71,2.8600000000000136,430.2881690140846,0.1049890463645259,10.498904636452592,0.0006978315794518,0.0697831579451855
49,test,岩溶水,岩溶水5,TCN,0.3187050041999987,0.2329157673566658,0.7140500896902786,0.7140500896902786,71,2.8600000000000136,430.2881690140846,0.1114353161538452,11.14353161538452,0.0007406780551978,0.0740678055197856
49,test,岩溶水,岩溶水5,DynamicGatedStacking,0.3004226351357505,0.2211527827447998,0.7459158924354405,0.7459158924354405,71,2.8600000000000136,430.2881690140846,0.1050428794180941,10.50428794180941,0.0006981893920627,0.069818939206278
49,future_holdout,岩溶水,岩溶水5,LSTM,0.3209118214114074,0.2579926376705631,0.8735575324214699,0.8735575324214699,52,2.8899999999999864,430.4707692307693,0.1110421527375117,11.104215273751176,0.0007454903894749,0.0745490389474903
49,future_holdout,岩溶水,岩溶水5,Transformer,0.4688342757444447,0.3268686807717146,0.7301265001212083,0.7301265001212083,52,2.8899999999999864,430.4707692307693,0.1622263929911581,16.222639299115812,0.0010891198874716,0.1089119887471637
49,future_holdout,岩溶水,岩溶水5,TCN,0.3168461283909428,0.2355378379843037,0.8767410847794919,0.8767410847794919,52,2.8899999999999864,430.4707692307693,0.1096353385435793,10.963533854357934,0.0007360456296652,0.0736045629665242
49,future_holdout,岩溶水,岩溶水5,DynamicGatedStacking,0.369503703946538,0.280923024213117,0.8323671517844221,0.8323671517844221,52,2.8899999999999864,430.4707692307693,0.1278559529226781,12.785595292267812,0.0008583711841963,0.085837118419637
49,selection,孔隙水,孔隙水1,LSTM,0.0864543246109583,0.0585997607466004,0.9379763601154252,0.9379763601154252,138,1.4399999999999975,107.5847463768116,0.0600377254242767,6.003772542427672,0.0008035927724191,0.0803592772419198
49,selection,孔隙水,孔隙水1,Transformer,0.1077416183108418,0.0700335334598285,0.903672388107542,0.903672388107542,138,1.4399999999999975,107.5847463768116,0.0748205682714181,7.48205682714181,0.0010014581243095,0.1001458124309564
49,selection,孔隙水,孔隙水1,TCN,0.0862740793803935,0.0619844232230638,0.9382347118290586,0.9382347118290586,138,1.4399999999999975,107.5847463768116,0.0599125551252733,5.991255512527337,0.0008019173933656,0.0801917393365614
49,selection,孔隙水,孔隙水1,DynamicGatedStacking,0.0954152432760539,0.0640541548338138,0.9244526337450334,0.9244526337450334,138,1.4399999999999975,107.5847463768116,0.0662605856083709,6.626058560837092,0.0008868844932892,0.0886884493289277
49,test,孔隙水,孔隙水1,LSTM,0.041854540149276,0.0287142221824855,0.8954882348497472,0.8954882348497472,71,0.4799999999999897,107.2312676056338,0.0871969586443269,8.719695864432696,0.0003903202963449,0.0390320296344954
49,test,孔隙水,孔隙水1,Transformer,0.0458314331325856,0.0310123212093952,0.8746838890112574,0.8746838890112574,71,0.4799999999999897,107.2312676056338,0.0954821523595554,9.54821523595555,0.0004274073612664,0.0427407361266498
49,test,孔隙水,孔隙水1,TCN,0.045583811237336,0.0352669614010174,0.8760343675941342,0.8760343675941342,71,0.4799999999999897,107.2312676056338,0.0949662734111187,9.496627341111877,0.0004250981290735,0.0425098129073512
49,test,孔隙水,孔隙水1,DynamicGatedStacking,0.0426651105414526,0.0307770332630639,0.8914010106320877,0.8914010106320877,71,0.4799999999999897,107.2312676056338,0.0888856469613616,8.888564696136166,0.000397879382517,0.0397879382517074
49,future_holdout,孔隙水,孔隙水1,LSTM,0.1898575619655613,0.1783563378132733,-1.8507216348086264,-1.8507216348086264,52,0.4399999999999977,107.07548076923078,0.4314944590126416,43.149445901264166,0.0017731189306984,0.1773118930698454
49,future_holdout,孔隙水,孔隙水1,Transformer,0.1243584838445586,0.1042646362196131,-0.2230658766208377,-0.2230658766208377,52,0.4399999999999977,107.07548076923078,0.2826329178285439,28.263291782854388,0.0011614095304654,0.1161409530465487
49,future_holdout,孔隙水,孔隙水1,TCN,0.171405143852494,0.1578505282630328,-1.3235216008139723,-1.3235216008139723,52,0.4399999999999977,107.07548076923078,0.3895571451193065,38.95571451193066,0.0016007879919951,0.1600787991995166
49,future_holdout,孔隙水,孔隙水1,DynamicGatedStacking,0.2017795470562633,0.1780398179410507,-2.219980918483288,-2.219980918483288,52,0.4399999999999977,107.07548076923078,0.4585898796733281,45.858987967332816,0.0018844608084565,0.1884460808456596
49,selection,孔隙水,孔隙水2,LSTM,0.0508877169958618,0.0361263766585402,0.9739641131265884,0.9739641131265884,138,1.3100000000000025,139.38065217391303,0.0388455854930242,3.8845585493024206,0.0003650988584295,0.0365098858429549
49,selection,孔隙水,孔隙水2,Transformer,0.0576738013359575,0.0433393214548586,0.966557125778229,0.966557125778229,138,1.3100000000000025,139.38065217391303,0.0440258025465324,4.402580254653241,0.0004137862783422,0.0413786278342238
49,selection,孔隙水,孔隙水2,TCN,0.054842900305232,0.0383564352636559,0.9697596182711488,0.9697596182711488,138,1.3100000000000025,139.38065217391303,0.0418648093933068,4.186480939330682,0.0003934757044815,0.0393475704481576
49,selection,孔隙水,孔隙水2,DynamicGatedStacking,0.0515900713963643,0.0358301173416015,0.973240456583565,0.973240456583565,138,1.3100000000000025,139.38065217391303,0.0393817338903543,3.93817338903544,0.0003701379681592,0.0370137968159257
49,test,孔隙水,孔隙水2,LSTM,0.0322957578537477,0.0247692436746871,0.9689413546430528,0.9689413546430528,71,0.6999999999999886,139.32577464788733,0.046136796933926,4.613679693392606,0.0002318003107132,0.0231800310713272
49,test,孔隙水,孔隙水2,Transformer,0.0424368632583303,0.0361983197004803,0.9463736670735338,0.9463736670735338,71,0.6999999999999886,139.32577464788733,0.0606240903690442,6.062409036904428,0.0003045873124738,0.03045873124738
49,test,孔隙水,孔隙水2,TCN,0.0450471751840304,0.036701648548583,0.939573606525357,0.939573606525357,71,0.6999999999999886,139.32577464788733,0.0643531074057587,6.435310740575878,0.000323322624962,0.0323322624962081
49,test,孔隙水,孔隙水2,DynamicGatedStacking,0.0344545820508479,0.0278364238840226,0.9646503171603282,0.9646503171603282,71,0.6999999999999886,139.32577464788733,0.049220831501212,4.9220831501212094,0.0002472951048571,0.0247295104857113
49,future_holdout,孔隙水,孔隙水2,LSTM,0.0506640723281985,0.0395189228549695,0.980729924105102,0.980729924105102,52,1.0699999999999932,139.17000000000002,0.0473496003067279,4.734960030672793,0.0003640444947057,0.0364044494705745
49,future_holdout,孔隙水,孔隙水2,Transformer,0.1283050529118465,0.1138990753995563,0.8764135790516259,0.8764135790516259,52,1.0699999999999932,139.17000000000002,0.1199112644035956,11.991126440359563,0.0009219303938481,0.0921930393848146
49,future_holdout,孔隙水,孔隙水2,TCN,0.0949179629653929,0.0779213507413788,0.9323636670138332,0.9323636670138332,52,1.0699999999999932,139.17000000000002,0.0887083766031715,8.870837660317152,0.0006820289068433,0.0682028906843378
49,future_holdout,孔隙水,孔隙水2,DynamicGatedStacking,0.0922057162435381,0.0820647491028109,0.9361738091393814,0.9361738091393814,52,1.0699999999999932,139.17000000000002,0.0861735665827464,8.617356658274646,0.0006625401756379,0.0662540175637983
49,selection,孔隙水,孔隙水3,LSTM,0.0932889284894739,0.0704468659804406,0.9639759202396518,0.9639759202396518,138,1.7000000000000028,112.84016304347826,0.0548758402879257,5.487584028792574,0.0008267351444142,0.0826735144414218
49,selection,孔隙水,孔隙水3,Transformer,0.0729275137419569,0.0555878042977765,0.977985161623388,0.977985161623388,138,1.7000000000000028,112.84016304347826,0.0428985374952686,4.28985374952687,0.0006462903967433,0.0646290396743376
49,selection,孔隙水,孔隙水3,TCN,0.0844165435688254,0.0648077280212214,0.9705023228560616,0.9705023228560616,138,1.7000000000000028,112.84016304347826,0.0496567903346031,4.96567903346031,0.0007481072456116,0.0748107245611644
49,selection,孔隙水,孔隙水3,DynamicGatedStacking,0.0764876872713362,0.0579818247910034,0.9757832563270366,0.9757832563270366,138,1.7000000000000028,112.84016304347826,0.0449927572184329,4.499275721843299,0.0006778409850565,0.0677840985056578
49,test,孔隙水,孔隙水3,LSTM,0.073915669456311,0.0557555055179426,0.977190306129436,0.977190306129436,71,1.460000000000008,112.86397887323945,0.0506271708604867,5.062717086048677,0.000654909300507,0.0654909300507008
49,test,孔隙水,孔隙水3,Transformer,0.0617648832644331,0.0476825791841192,0.9840731578002444,0.9840731578002444,71,1.460000000000008,112.86397887323945,0.04230471456468,4.230471456468003,0.0005472506275346,0.0547250627534609
49,test,孔隙水,孔隙水3,TCN,0.0654782423820238,0.0506200778718264,0.9821005183793532,0.9821005183793532,71,1.460000000000008,112.86397887323945,0.044848111220564,4.4848111220564,0.0005801518166886,0.058015181668869
49,test,孔隙水,孔隙水3,DynamicGatedStacking,0.0608574366441473,0.0463414145763497,0.9845377126979604,0.9845377126979604,71,1.460000000000008,112.86397887323945,0.0416831757836623,4.168317578366234,0.000539210448291,0.0539210448291017
49,future_holdout,孔隙水,孔隙水3,LSTM,0.3853692449277786,0.333611838469305,0.5330315031297798,0.5330315031297798,52,1.6600000000000108,112.4626923076923,0.232150147546853,23.215014754685303,0.0034266407554376,0.3426640755437613
49,future_holdout,孔隙水,孔隙水3,Transformer,0.2130438291214732,0.1793314237574305,0.8572844166350567,0.8572844166350567,52,1.6600000000000108,112.4626923076923,0.1283396560972722,12.83396560972722,0.0018943511376963,0.1894351137696365
49,future_holdout,孔隙水,孔隙水3,TCN,0.3290820082478942,0.2847038415029057,0.659480680752017,0.659480680752017,52,1.6600000000000108,112.4626923076923,0.1982421736433084,19.824217364330845,0.0029261437859547,0.2926143785954744
49,future_holdout,孔隙水,孔隙水3,DynamicGatedStacking,0.2868532757370502,0.2472266314787729,0.7412662363563441,0.7412662363563441,52,1.6600000000000108,112.4626923076923,0.1728031781548484,17.280317815484842,0.0025506527529345,0.2550652752934582
49,selection,孔隙水,孔隙水4,LSTM,0.0859071041185834,0.0536592300353284,0.9158448103873458,0.9158448103873458,138,1.4699999999999989,35.51927536231884,0.0584402068833901,5.844020688339017,0.0024186052007614,0.2418605200761481
49,selection,孔隙水,孔隙水4,Transformer,0.0861268104278927,0.0543290983510129,0.9154138083289428,0.9154138083289428,138,1.4699999999999989,35.51927536231884,0.0585896669577502,5.858966695775022,0.0024247907523266,0.24247907523266
49,selection,孔隙水,孔隙水4,TCN,0.0820891495776828,0.0543793081146733,0.9231587790314988,0.9231587790314988,138,1.4699999999999989,35.51927536231884,0.0558429588963829,5.584295889638293,0.002311115548961,0.2311115548961012
49,selection,孔隙水,孔隙水4,DynamicGatedStacking,0.0798054315028039,0.0493007228281122,0.9273747493578818,0.9273747493578818,138,1.4699999999999989,35.51927536231884,0.0542894091855809,5.428940918558098,0.0022468203725649,0.2246820372564998
49,test,孔隙水,孔隙水4,LSTM,0.0473731157076685,0.0312598403655208,0.9691301244159364,0.9691301244159364,71,0.8699999999999974,35.25626760563381,0.0544518571352513,5.445185713525132,0.0013436792639983,0.1343679263998395
49,test,孔隙水,孔隙水4,Transformer,0.054088627471776,0.0368648528351751,0.9597576898977032,0.9597576898977032,71,0.8699999999999974,35.25626760563381,0.0621708361744554,6.217083617445546,0.0015341563683596,0.1534156368359677
49,test,孔隙水,孔隙水4,TCN,0.0584952189010803,0.0403811245973391,0.952933519718999,0.952933519718999,71,0.8699999999999974,35.25626760563381,0.0672358837943453,6.7235883794345375,0.0016591438309746,0.1659143830974694
49,test,孔隙水,孔隙水4,DynamicGatedStacking,0.0516963268937662,0.0342776206309967,0.9632387428477344,0.9632387428477344,71,0.8699999999999974,35.25626760563381,0.0594210653951337,5.942106539513375,0.0014663017501462,0.1466301750146273
49,future_holdout,孔隙水,孔隙水4,LSTM,0.0794034850949342,0.0641723080400758,0.9389119413363572,0.9389119413363572,52,0.9099999999999966,35.18057692307693,0.0872565770274006,8.725657702740065,0.0022570262354864,0.2257026235486464
49,future_holdout,孔隙水,孔隙水4,Transformer,0.0793988128947397,0.0702104326607098,0.9389191301201272,0.9389191301201272,52,0.9099999999999966,35.18057692307693,0.0872514427414725,8.725144274147253,0.0022568934292449,0.2256893429244974
49,future_holdout,孔隙水,孔隙水4,TCN,0.1037307733927457,0.0923656507171453,0.8957460720660566,0.8957460720660566,52,0.9099999999999966,35.18057692307693,0.1139898608711495,11.398986087114956,0.0029485239431847,0.2948523943184764
49,future_holdout,孔隙水,孔隙水4,DynamicGatedStacking,0.0754960092329387,0.0674945268047859,0.9447763401709892,0.9447763401709892,52,0.9099999999999966,35.18057692307693,0.0829626475087241,8.29626475087242,0.0021459571114485,0.2145957111448522
49,selection,孔隙水,孔隙水5,LSTM,0.0656568239160817,0.046737311484019,0.955721680029203,0.955721680029203,138,1.1700000000000017,40.52177536231885,0.0561169435180184,5.611694351801849,0.0016202849783609,0.1620284978360941
49,selection,孔隙水,孔隙水5,Transformer,0.0456250557161459,0.0359250784720546,0.978618498041258,0.978618498041258,138,1.1700000000000017,40.52177536231885,0.0389957741163639,3.899577411636399,0.0011259392094299,0.1125939209429915
49,selection,孔隙水,孔隙水5,TCN,0.0494521357290813,0.0354057830673597,0.97488104899872,0.97488104899872,138,1.1700000000000017,40.52177536231885,0.0422667826744284,4.226678267442843,0.0012203842325987,0.1220384232598723
49,selection,孔隙水,孔隙水5,DynamicGatedStacking,0.0458941072774892,0.0337557573912301,0.978365580500768,0.978365580500768,138,1.1700000000000017,40.52177536231885,0.0392257327158027,3.9225732715802737,0.0011325788879469,0.1132578887946902
49,test,孔隙水,孔隙水5,LSTM,0.0261041863083179,0.0196395705320421,0.9783439995741248,0.9783439995741248,71,0.5600000000000023,40.15161971830986,0.0466146184077104,4.661461840771042,0.0006501403054585,0.065014030545856
49,test,孔隙水,孔隙水5,Transformer,0.0246226133953592,0.0185953769532944,0.9807324620569136,0.9807324620569136,71,0.5600000000000023,40.15161971830986,0.0439689524917128,4.3968952491712825,0.0006132408497615,0.0613240849761558
49,test,孔隙水,孔隙水5,TCN,0.0310573664946897,0.0249678711899204,0.9693459977790712,0.9693459977790712,71,0.5600000000000023,40.15161971830986,0.0554595830262314,5.545958302623142,0.0007735022076961,0.0773502207696169
49,test,孔隙水,孔隙水5,DynamicGatedStacking,0.0207686389664479,0.0154246605882866,0.9862920028928291,0.9862920028928291,71,0.5600000000000023,40.15161971830986,0.0370868552972283,3.7086855297228327,0.0005172553215076,0.0517255321507667
49,future_holdout,孔隙水,孔隙水5,LSTM,0.0843626287254229,0.0680763281482142,0.8823777134108489,0.8823777134108489,52,0.75,40.18,0.1124835049672305,11.248350496723052,0.0020996174396571,0.2099617439657115
49,future_holdout,孔隙水,孔隙水5,Transformer,0.0445804374017458,0.0343820582497493,0.967154334876554,0.967154334876554,52,0.75,40.18,0.0594405832023277,5.944058320232776,0.0011095181035775,0.1109518103577546
49,future_holdout,孔隙水,孔隙水5,TCN,0.063873531414623,0.0543807846530906,0.9325733991865331,0.9325733991865331,52,0.75,40.18,0.0851647085528307,8.516470855283071,0.0015896847041966,0.1589684704196691
49,future_holdout,孔隙水,孔隙水5,DynamicGatedStacking,0.0433167871502049,0.0342207897624143,0.9689899915621536,0.9689899915621536,52,0.75,40.18,0.0577557162002732,5.775571620027323,0.0010780683710852,0.1078068371085239
50,selection,裂隙水,裂隙水1,LSTM,0.607223421135815,0.3830920113531187,0.8481369847412737,0.8481369847412737,138,6.929039999999986,196.3614404347826,0.087634567145783,8.7634567145783,0.003092376078477,0.3092376078477035
50,selection,裂隙水,裂隙水1,Transformer,0.5727419124661189,0.3512453380744363,0.8648945337226435,0.8648945337226435,138,6.929039999999986,196.3614404347826,0.082658191100949,8.265819110094906,0.0029167738390895,0.2916773839089571
50,selection,裂隙水,裂隙水1,TCN,0.6227323082785834,0.4199634190469355,0.8402805572713432,0.8402805572713432,138,6.929039999999986,196.3614404347826,0.0898728118582927,8.987281185829273,0.0031713574055055,0.3171357405505543
50,selection,裂隙水,裂隙水1,DynamicGatedStacking,0.5818089009354104,0.3660656528947365,0.8605830067739167,0.8605830067739167,138,6.929039999999986,196.3614404347826,0.0839667401162948,8.396674011629484,0.002962948833779,0.2962948833779034
50,test,裂隙水,裂隙水1,LSTM,0.4298760119077606,0.3377763425382125,0.8046437204944864,0.8046437204944864,71,4.359559999999988,195.74704767605635,0.0986053665754713,9.860536657547136,0.0021960791593606,0.2196079159360638
50,test,裂隙水,裂隙水1,Transformer,0.4008702962712231,0.3243670371350869,0.8301174749528712,0.8301174749528712,71,4.359559999999988,195.74704767605635,0.091952008063021,9.19520080630211,0.0020478995776969,0.2047899577696963
50,test,裂隙水,裂隙水1,TCN,0.5021834202247832,0.4180613493236789,0.7333965937626773,0.7333965937626773,71,4.359559999999988,195.74704767605635,0.1151913083487289,11.519130834872891,0.0025654712353866,0.2565471235386657
50,test,裂隙水,裂隙水1,DynamicGatedStacking,0.4230683829940204,0.3382713904633588,0.810782153879281,0.810782153879281,71,4.359559999999988,195.74704767605635,0.0970438262104482,9.70438262104482,0.0021613014756378,0.2161301475637886
50,future_holdout,裂隙水,裂隙水1,LSTM,0.5996167459939229,0.5025122307274773,0.7917602392394719,0.7917602392394719,52,4.379999999999996,195.6493294230769,0.1368988004552336,13.689880045523369,0.0030647523697732,0.3064752369773253
50,future_holdout,裂隙水,裂隙水1,Transformer,0.984988389499108,0.7863684969450347,0.4380749766913745,0.4380749766913745,52,4.379999999999996,195.6493294230769,0.2248831939495683,22.48831939495683,0.0050344582953777,0.5034458295377772
50,future_holdout,裂隙水,裂隙水1,TCN,0.9261923544761284,0.7674831706491738,0.5031577349851859,0.5031577349851859,52,4.379999999999996,195.6493294230769,0.2114594416612167,21.145944166121676,0.0047339408584085,0.4733940858408501
50,future_holdout,裂隙水,裂隙水1,DynamicGatedStacking,0.8335472910270096,0.7030861886090765,0.5975827040443333,0.5975827040443333,52,4.379999999999996,195.6493294230769,0.1903076006910982,19.030760069109828,0.0042604147608629,0.4260414760862923
50,selection,裂隙水,裂隙水2,LSTM,0.1865795187838654,0.1432088889985403,0.97015286148787,0.97015286148787,138,4.639999999999986,303.8561594202898,0.040211103186178,4.021110318617802,0.0006140389556026,0.0614038955602644
50,selection,裂隙水,裂隙水2,Transformer,0.1564923928349209,0.1015939064236372,0.9790028076816886,0.9790028076816886,138,4.639999999999986,303.8561594202898,0.0337268088006296,3.37268088006296,0.0005150212953835,0.0515021295383592
50,selection,裂隙水,裂隙水2,TCN,0.205423198789951,0.1581699293990319,0.9638195687538298,0.9638195687538298,138,4.639999999999986,303.8561594202898,0.044272241118524,4.427224111852407,0.0006760540881641,0.0676054088164171
50,selection,裂隙水,裂隙水2,DynamicGatedStacking,0.1597778513787559,0.1194113348152854,0.9781119074142774,0.9781119074142774,138,4.639999999999986,303.8561594202898,0.034434881762663,3.4434881762663023,0.0005258338408659,0.0525833840865978
50,test,裂隙水,裂隙水2,LSTM,0.1890321362803988,0.1426319580460308,0.8636353299399604,0.8636353299399604,71,1.8199999999999927,303.2730985915493,0.1038638111430766,10.386381114307666,0.0006233066406426,0.0623306640642693
50,test,裂隙水,裂隙水2,Transformer,0.1764392546801581,0.1180781345389538,0.881198749963492,0.881198749963492,71,1.8199999999999927,303.2730985915493,0.0969446454286587,9.69446454286587,0.0005817834008343,0.0581783400834335
50,test,裂隙水,裂隙水2,TCN,0.1891232579207011,0.1422848244272807,0.8635038309521295,0.8635038309521295,71,1.8199999999999927,303.2730985915493,0.1039138779784075,10.39138779784076,0.0006236071013189,0.0623607101318979
50,test,裂隙水,裂隙水2,DynamicGatedStacking,0.1682447240362641,0.1108890526276751,0.8919776827117941,0.8919776827117941,71,1.8199999999999927,303.2730985915493,0.0924421560638817,9.244215606388172,0.0005547630990602,0.0554763099060287
50,future_holdout,裂隙水,裂隙水2,LSTM,0.817071306318472,0.6458948318143828,0.2424223892217416,0.2424223892217416,52,2.730000000000018,302.7888461538462,0.2992935187979731,29.929351879797316,0.0026984854848428,0.2698485484842861
50,future_holdout,裂隙水,裂隙水2,Transformer,0.590931874391005,0.4415600481349916,0.6037383489493657,0.6037383489493657,52,2.730000000000018,302.7888461538462,0.2164585620479857,21.645856204798577,0.0019516302594936,0.1951630259493621
50,future_holdout,裂隙水,裂隙水2,TCN,0.6513905390259218,0.4507173688637275,0.5185068583673879,0.5185068583673879,52,2.730000000000018,302.7888461538462,0.2386045930497866,23.86045930497866,0.0021513029535273,0.2151302953527396
50,future_holdout,裂隙水,裂隙水2,DynamicGatedStacking,0.7226440551263569,0.5487091900044272,0.4074075949293371,0.4074075949293371,52,2.730000000000018,302.7888461538462,0.2647047820975649,26.47047820975649,0.0023866270647208,0.2386627064720816
50,selection,裂隙水,裂隙水3,LSTM,0.1015234094170135,0.0825068049036272,0.9588082235894028,0.9588082235894028,138,1.7800000000000011,185.90217391304347,0.0570356232679851,5.7035623267985125,0.0005461120076223,0.0546112007622361
50,selection,裂隙水,裂隙水3,Transformer,0.074251279278823,0.0585265823932161,0.9779663719196025,0.9779663719196025,138,1.7800000000000011,185.90217391304347,0.0417142018420354,4.171420184203542,0.0003994104948635,0.0399410494863575
50,selection,裂隙水,裂隙水3,TCN,0.1098410103099727,0.0869928199376902,0.9517822244443628,0.9517822244443628,138,1.7800000000000011,185.90217391304347,0.0617084327584116,6.170843275841164,0.0005908538238038,0.0590853823803864
50,selection,裂隙水,裂隙水3,DynamicGatedStacking,0.0786472667240652,0.0628593021122572,0.9752801744709888,0.9752801744709888,138,1.7800000000000011,185.90217391304347,0.0441838577101489,4.418385771014899,0.000423057272912,0.0423057272912003
50,test,裂隙水,裂隙水3,LSTM,0.0992537142960967,0.0807305844044176,0.8820405669329545,0.8820405669329545,71,1.3499999999999943,186.1540845070422,0.0735212698489608,7.352126984896087,0.0005331804271656,0.0533180427165658
50,test,裂隙水,裂隙水3,Transformer,0.071095717187448,0.0566581387860901,0.9394762233783764,0.9394762233783764,71,1.3499999999999943,186.1540845070422,0.0526634942129246,5.266349421292467,0.0003819186529036,0.0381918652903683
50,test,裂隙水,裂隙水3,TCN,0.1071829657684999,0.0897733781422158,0.8624404709482816,0.8624404709482816,71,1.3499999999999943,186.1540845070422,0.0793947894581484,7.939478945814847,0.0005757755251641,0.0575775525164183
50,test,裂隙水,裂隙水3,DynamicGatedStacking,0.0741138124997368,0.059013773787514,0.9342285449977056,0.9342285449977056,71,1.3499999999999943,186.1540845070422,0.0548991203701756,5.489912037017568,0.0003981315408469,0.0398131540846922
50,future_holdout,裂隙水,裂隙水3,LSTM,0.3348435067049862,0.2958270325295428,0.7707811786023753,0.7707811786023753,52,2.0,185.6351923076923,0.1674217533524931,16.74217533524931,0.0018037717015962,0.1803771701596211
50,future_holdout,裂隙水,裂隙水3,Transformer,0.3317516210293601,0.2903303963698085,0.774994766659171,0.774994766659171,52,2.0,185.6351923076923,0.16587581051468,16.587581051468007,0.0017871159929604,0.178711599296042
50,future_holdout,裂隙水,裂隙水3,TCN,0.2766240764365881,0.2487091178830393,0.8435604831319554,0.8435604831319554,52,2.0,185.6351923076923,0.138312038218294,13.831203821829405,0.0014901488936326,0.1490148893632629
50,future_holdout,裂隙水,裂隙水3,DynamicGatedStacking,0.2196388626380943,0.1939820564190242,0.9013754841235518,0.9013754841235518,52,2.0,185.6351923076923,0.1098194313190471,10.98194313190472,0.0011831746982223,0.118317469822231
50,selection,裂隙水,裂隙水4,LSTM,0.1236780619406946,0.0770793470048731,0.9387908461508762,0.9387908461508762,138,2.049999999999997,52.14630434782609,0.0603307619222901,6.033076192229013,0.0023717512388938,0.2371751238893894
50,selection,裂隙水,裂隙水4,Transformer,0.1284575039414123,0.0834731230846043,0.9339686781114312,0.9339686781114312,138,2.049999999999997,52.14630434782609,0.0626621970445914,6.266219704459147,0.0024634057110658,0.2463405711065842
50,selection,裂隙水,裂隙水4,TCN,0.1251563836993312,0.0772501786328528,0.9373188370287412,0.9373188370287412,138,2.049999999999997,52.14630434782609,0.0610518944874787,6.105189448747873,0.0024001007408792,0.240010074087923
50,selection,裂隙水,裂隙水4,DynamicGatedStacking,0.116843431381747,0.0746706661643247,0.9453689385458562,0.9453689385458562,138,2.049999999999997,52.14630434782609,0.0569967957959742,5.699679579597423,0.0022406847971886,0.2240684797188663
50,test,裂隙水,裂隙水4,LSTM,0.063963229074372,0.0506943189333725,0.9234905211830008,0.9234905211830008,71,0.9299999999999996,52.00295774647888,0.0687776656713678,6.877766567136785,0.0012299921359512,0.122999213595121
50,test,裂隙水,裂隙水4,Transformer,0.0587401079120143,0.041946296731541,0.9354756017343788,0.9354756017343788,71,0.9299999999999996,52.00295774647888,0.0631614063570046,6.316140635700469,0.0011295532111534,0.1129553211153487
50,test,裂隙水,裂隙水4,TCN,0.0628665756302253,0.0454911684878102,0.9260915502987992,0.9260915502987992,71,0.9299999999999996,52.00295774647888,0.0675984684195971,6.759846841959718,0.0012089038461371,0.1208903846137137
50,test,裂隙水,裂隙水4,DynamicGatedStacking,0.0567696735591065,0.0427710594526835,0.9397319309859624,0.9397319309859624,71,0.9299999999999996,52.00295774647888,0.0610426597409748,6.104265974097481,0.0010916623980479,0.1091662398047934
50,future_holdout,裂隙水,裂隙水4,LSTM,0.1724777764957189,0.1297911663138493,0.8211935252080392,0.8211935252080392,52,1.1199999999999974,52.21,0.1539980147283208,15.399801472832086,0.0033035391016226,0.3303539101622658
50,future_holdout,裂隙水,裂隙水4,Transformer,0.2540800649513695,0.195721156156118,0.6119764050794113,0.6119764050794113,52,1.1199999999999974,52.21,0.2268572008494375,22.68572008494376,0.0048665019144104,0.4866501914410448
50,future_holdout,裂隙水,裂隙水4,TCN,0.2026435569207109,0.1665823797807648,0.7531787479024414,0.7531787479024414,52,1.1199999999999974,52.21,0.1809317472506351,18.09317472506352,0.0038813169301036,0.3881316930103637
50,future_holdout,裂隙水,裂隙水4,DynamicGatedStacking,0.1990647048304656,0.1545446519672354,0.7618198963311723,0.7618198963311723,52,1.1199999999999974,52.21,0.1777363435986304,17.773634359863046,0.0038127696768907,0.3812769676890742
50,selection,裂隙水,裂隙水5,LSTM,0.1861688137440744,0.1093016495959962,0.923629231841855,0.923629231841855,138,2.9699999999999704,323.411268115942,0.0626831022707327,6.268310227073276,0.0005756410864365,0.0575641086436523
50,selection,裂隙水,裂隙水5,Transformer,0.1914456770614321,0.1099404800106969,0.919238491113848,0.919238491113848,138,2.9699999999999704,323.411268115942,0.0644598239264087,6.445982392640877,0.0005919573494662,0.0591957349466251
50,selection,裂隙水,裂隙水5,TCN,0.171715268930268,0.1212323695905227,0.9350272685770102,0.9350272685770102,138,2.9699999999999704,323.411268115942,0.0578165888654106,5.781658886541069,0.0005309501735378,0.0530950173537888
50,selection,裂隙水,裂隙水5,DynamicGatedStacking,0.1677822817145184,0.1049119660593542,0.937969470507005,0.937969470507005,138,2.9699999999999704,323.411268115942,0.0564923507456296,5.649235074562966,0.0005187892267698,0.0518789226769825
50,test,裂隙水,裂隙水5,LSTM,0.0977081380357084,0.0789968566333479,0.8413164548087713,0.8413164548087713,71,1.0400000000000205,322.4869718309859,0.0939501327266409,9.395013272664093,0.0003029832103943,0.0302983210394362
50,test,裂隙水,裂隙水5,Transformer,0.0767098393250899,0.0611409776418538,0.9021924081359128,0.9021924081359128,71,1.0400000000000205,322.4869718309859,0.0737594608895081,7.375946088950815,0.0002378695762174,0.0237869576217464
50,test,裂隙水,裂隙水5,TCN,0.0927639734069342,0.076016942962234,0.8569693522394146,0.8569693522394146,71,1.0400000000000205,322.4869718309859,0.0891961282758965,8.919612827589653,0.0002876518480118,0.0287651848011867
50,test,裂隙水,裂隙水5,DynamicGatedStacking,0.0768294505121541,0.0593511315261611,0.901887153865659,0.901887153865659,71,1.0400000000000205,322.4869718309859,0.0738744716463005,7.387447164630057,0.0002382404786027,0.0238240478602714
50,future_holdout,裂隙水,裂隙水5,LSTM,0.1024715384420801,0.0789518527548956,0.8397500772610456,0.8397500772610456,52,0.8000000000000114,322.6370192307692,0.1280894230525983,12.808942305259832,0.0003176062644218,0.0317606264421834
50,future_holdout,裂隙水,裂隙水5,Transformer,0.1548248387009635,0.1198124408381394,0.634175667943742,0.634175667943742,52,0.8000000000000114,322.6370192307692,0.1935310483762017,19.35310483762017,0.000479873137528,0.0479873137528039
50,future_holdout,裂隙水,裂隙水5,TCN,0.2271850902359136,0.210157769022861,0.212317915356256,0.212317915356256,52,0.8000000000000114,322.6370192307692,0.283981362794888,28.3981362794888,0.0007041507226218,0.0704150722621874
50,future_holdout,裂隙水,裂隙水5,DynamicGatedStacking,0.075964318162583,0.0615872519488297,0.911933526900316,0.911933526900316,52,0.8000000000000114,322.6370192307692,0.0949553977032274,9.49553977032274,0.0002354482394602,0.0235448239460236
50,selection,岩溶水,岩溶水1,LSTM,1.2831825976484652,0.8709727240409669,0.8463418508326221,0.8463418508326221,138,16.039999999999964,461.56492753623183,0.0799989150653658,7.999891506536584,0.0027800695440572,0.278006954405724
50,selection,岩溶水,岩溶水1,Transformer,1.0594470945377743,0.6845197617260844,0.895254053841674,0.895254053841674,138,16.039999999999964,461.56492753623183,0.0660503176145746,6.605031761457461,0.0022953370833285,0.2295337083328563
50,selection,岩溶水,岩溶水1,TCN,1.1331064274885214,0.7637482151909152,0.8801825474954903,0.8801825474954903,138,16.039999999999964,461.56492753623183,0.0706425453546461,7.064254535464613,0.0024549231535785,0.2454923153578593
50,selection,岩溶水,岩溶水1,DynamicGatedStacking,1.0595254946268868,0.7193410865713178,0.895238550669488,0.895238550669488,138,16.039999999999964,461.56492753623183,0.0660552054006788,6.6055205400678885,0.0022955069404481,0.2295506940448191
50,test,岩溶水,岩溶水1,LSTM,0.8210082364347318,0.5773416256514733,0.7822731350184994,0.7822731350184994,71,9.25,460.3830985915493,0.0887576471821331,8.875764718213317,0.0017833153279224,0.1783315327922427
50,test,岩溶水,岩溶水1,Transformer,0.6683109019367028,0.4842649450329127,0.8557306475118963,0.8557306475118963,71,9.25,460.3830985915493,0.0722498272364003,7.22498272364003,0.001451640826914,0.1451640826914079
50,test,岩溶水,岩溶水1,TCN,0.9037997796545792,0.6516544030261034,0.7361473542010942,0.7361473542010942,71,9.25,460.3830985915493,0.0977080842869815,9.770808428698151,0.0019631471755144,0.1963147175514425
50,test,岩溶水,岩溶水1,DynamicGatedStacking,0.7574524709314437,0.5430020726423207,0.8146776645641935,0.8146776645641935,71,9.25,460.3830985915493,0.0818867536142101,8.188675361421014,0.0016452655913058,0.1645265591305847
50,future_holdout,岩溶水,岩溶水1,LSTM,0.9077307921977515,0.737799042958198,0.9021503865734164,0.9021503865734164,52,9.120000000000005,460.9194230769231,0.0995318851094025,9.953188510940253,0.0019693914961059,0.1969391496105946
50,future_holdout,岩溶水,岩溶水1,Transformer,1.161556996398844,0.8788776983114548,0.839776568599398,0.839776568599398,52,9.120000000000005,460.9194230769231,0.1273637057454872,12.736370574548722,0.0025200868920748,0.2520086892074824
50,future_holdout,岩溶水,岩溶水1,TCN,1.6367716194933046,1.161382254371747,0.681857894799825,0.681857894799825,52,9.120000000000005,460.9194230769231,0.1794705723128622,17.947057231286227,0.0035511014236866,0.3551101423686679
50,future_holdout,岩溶水,岩溶水1,DynamicGatedStacking,1.184996076608806,0.8844215310774228,0.8332450235754287,0.8332450235754287,52,9.120000000000005,460.9194230769231,0.1299337803299128,12.993378032991288,0.0025709397722886,0.2570939772288661
50,selection,岩溶水,岩溶水2,LSTM,1.400622632190288,1.150983595377564,0.9257382206588318,0.9257382206588318,138,21.97999999999996,503.30923045155646,0.0637225947311324,6.372259473113242,0.002782827231151,0.2782827231151084
50,selection,岩溶水,岩溶水2,Transformer,0.9242143916830508,0.6827405969962712,0.967665323115145,0.967665323115145,138,21.97999999999996,503.30923045155646,0.0420479705042335,4.204797050423351,0.0018362754659871,0.183627546598712
50,selection,岩溶水,岩溶水2,TCN,1.329285265731046,1.055544923668534,0.9331102684006104,0.9331102684006104,138,21.97999999999996,503.30923045155646,0.0604770366574635,6.047703665746352,0.0026410905767383,0.2641090576738369
50,selection,岩溶水,岩溶水2,DynamicGatedStacking,1.0814658373345858,0.8529737978356988,0.955726008083194,0.955726008083194,138,21.97999999999996,503.30923045155646,0.0492022673946582,4.920226739465822,0.0021487105181129,0.2148710518112933
50,test,岩溶水,岩溶水2,LSTM,0.834310538072507,0.5942067165251461,0.9506086783221996,0.9506086783221996,71,12.189999999999998,499.7949295774648,0.0684422098500826,6.844220985008262,0.0016693057266064,0.1669305726606405
50,test,岩溶水,岩溶水2,Transformer,0.7011447227296592,0.4688457078821086,0.9651172650022336,0.9651172650022336,71,12.189999999999998,499.7949295774648,0.0575180248342624,5.751802483426246,0.0014028648176211,0.1402864817621137
50,test,岩溶水,岩溶水2,TCN,1.0453326679585988,0.8982890197666995,0.922463849546846,0.922463849546846,71,12.189999999999998,499.7949295774648,0.0857532951565708,8.575329515657087,0.0020915231549914,0.209152315499147
50,test,岩溶水,岩溶水2,DynamicGatedStacking,0.668684605158704,0.4959187898692381,0.968272354900465,0.968272354900465,71,12.189999999999998,499.7949295774648,0.0548551767972685,5.485517679726859,0.001337917945114,0.1337917945114052
50,future_holdout,岩溶水,岩溶水2,LSTM,1.0611130887500655,0.7682120826157166,0.9676864610670252,0.9676864610670252,52,15.870000000000005,500.9328846153846,0.0668628285286745,6.686282852867458,0.0021182739671099,0.2118273967109958
50,future_holdout,岩溶水,岩溶水2,Transformer,1.0723538180560652,0.9226286536461932,0.9669982184187788,0.9669982184187788,52,15.870000000000005,500.9328846153846,0.0675711290520519,6.757112905205198,0.0021407135586225,0.2140713558622562
50,future_holdout,岩溶水,岩溶水2,TCN,1.9508673846170383,1.3775228137124371,0.8907763521553628,0.8907763521553628,52,15.870000000000005,500.9328846153846,0.1229280015511681,12.292800155116812,0.0038944685895694,0.3894468589569461
50,future_holdout,岩溶水,岩溶水2,DynamicGatedStacking,1.3066792115617345,0.9579186226697604,0.9509996542520516,0.9509996542520516,52,15.870000000000005,500.9328846153846,0.0823364342508969,8.233643425089692,0.0026084915797951,0.2608491579795167
50,selection,岩溶水,岩溶水3,LSTM,1.3382836909178268,0.5144558094439413,0.663434511987604,0.663434511987604,138,15.136300000000006,387.0044152898551,0.0884155104561766,8.841551045617663,0.0034580579395082,0.3458057939508238
50,selection,岩溶水,岩溶水3,Transformer,1.2921938423738957,0.4630114656425086,0.6862176262177637,0.6862176262177637,138,15.136300000000006,387.0044152898551,0.0853705226755478,8.537052267554786,0.0033389640823763,0.3338964082376372
50,selection,岩溶水,岩溶水3,TCN,1.303610521705385,0.498163340696391,0.6806485267994198,0.6806485267994198,138,15.136300000000006,387.0044152898551,0.0861247809375728,8.61247809375729,0.0033684642091977,0.3368464209197765
50,selection,岩溶水,岩溶水3,DynamicGatedStacking,1.2774886520747255,0.4718834146883439,0.6933186885492252,0.6933186885492252,138,15.136300000000006,387.0044152898551,0.0843990045172681,8.43990045172681,0.0033009666081404,0.3300966608140436
50,test,岩溶水,岩溶水3,LSTM,0.4753502804463427,0.2195822445552106,0.91213018114669,0.91213018114669,71,5.751170000000002,383.8266273239437,0.0826527959434936,8.265279594349368,0.0012384505050118,0.1238450505011874
50,test,岩溶水,岩溶水3,Transformer,0.497584484547751,0.3272224755812426,0.9037178272990132,0.9037178272990132,71,5.751170000000002,383.8266273239437,0.0865188273947302,8.651882739473027,0.0012963782320599,0.1296378232059959
50,test,岩溶水,岩溶水3,TCN,0.5263352558619907,0.3335205874584445,0.8922698795546593,0.8922698795546593,71,5.751170000000002,383.8266273239437,0.0915179443247183,9.151794432471837,0.0013712838515962,0.1371283851596288
50,test,岩溶水,岩溶水3,DynamicGatedStacking,0.4809025448106203,0.275163737851425,0.9100654900274244,0.9100654900274244,71,5.751170000000002,383.8266273239437,0.0836182106963661,8.361821069636616,0.0012529160578657,0.1252916057865745
50,future_holdout,岩溶水,岩溶水3,LSTM,0.4275147136789898,0.3405165478893934,0.7574256441696896,0.7574256441696896,52,2.822899999999948,382.45746365384616,0.1514452207584391,15.144522075843913,0.0011178098332679,0.1117809833267952
50,future_holdout,岩溶水,岩溶水3,Transformer,1.2270833564437829,1.1767297881488246,-0.9984389484454927,-0.9984389484454927,52,2.822899999999948,382.45746365384616,0.4346889214792609,43.4688921479261,0.0032084178583435,0.3208417858343559
50,future_holdout,岩溶水,岩溶水3,TCN,1.863145245523681,1.8006858760298323,-3.607190598032084,-3.607190598032084,52,2.822899999999948,382.45746365384616,0.660011068590356,66.0011068590356,0.004871509703913,0.4871509703913041
50,future_holdout,岩溶水,岩溶水3,DynamicGatedStacking,0.9760627030949272,0.9407104601865512,-0.2644398951946909,-0.2644398951946909,52,2.822899999999948,382.45746365384616,0.3457659510060383,34.57659510060383,0.0025520817237295,0.2552081723729518
50,selection,岩溶水,岩溶水4,LSTM,0.9168357599798512,0.6687005738288294,0.8794803229103306,0.8794803229103306,138,8.199999999999989,98.09728260869564,0.1118092390219332,11.180923902193324,0.0093461891664935,0.9346189166493588
50,selection,岩溶水,岩溶水4,Transformer,0.7000391352582676,0.5242897991503774,0.9297381613230448,0.9297381613230448,138,8.199999999999989,98.09728260869564,0.0853706262510083,8.537062625100836,0.007136172548741,0.7136172548741059
50,selection,岩溶水,岩溶水4,TCN,0.8024601450829592,0.6254296653541039,0.9076744687576778,0.9076744687576778,138,8.199999999999989,98.09728260869564,0.0978609933028,9.786099330280004,0.0081802484609479,0.8180248460947954
50,selection,岩溶水,岩溶水4,DynamicGatedStacking,0.7532918357318101,0.5607798264567603,0.9186417886050298,0.9186417886050298,138,8.199999999999989,98.09728260869564,0.0918648580160745,9.186485801607454,0.0076790285693911,0.7679028569391135
50,test,岩溶水,岩溶水4,LSTM,0.5568900784435825,0.4627182798577368,0.8592657573127352,0.8592657573127352,71,6.590000000000003,96.7878732394366,0.0845053229808167,8.450532298081672,0.0057537174834489,0.5753717483448901
50,test,岩溶水,岩溶水4,Transformer,0.5123109975813523,0.4065039753350224,0.8808954981755864,0.8808954981755864,71,6.590000000000003,96.7878732394366,0.0777406673112825,7.774066731128255,0.0052931320880869,0.5293132088086931
50,test,岩溶水,岩溶水4,TCN,0.6909701339330269,0.5596822426555393,0.7833396843510473,0.7833396843510473,71,6.590000000000003,96.7878732394366,0.1048513101567566,10.485131015675668,0.0071390155688583,0.7139015568858355
50,test,岩溶水,岩溶水4,DynamicGatedStacking,0.5097944658213134,0.3939977523412312,0.8820627349044532,0.8820627349044532,71,6.590000000000003,96.7878732394366,0.0773587960275133,7.7358796027513375,0.0052671316019122,0.5267131601912248
50,future_holdout,岩溶水,岩溶水4,LSTM,1.030596050968743,0.6985156738619138,0.8542474190902869,0.8542474190902869,52,8.149999999999991,98.27240384615384,0.126453503186349,12.6453503186349,0.0104871358655492,1.048713586554928
50,future_holdout,岩溶水,岩溶水4,Transformer,1.5126569464171498,1.1670020036041986,0.6860068324932143,0.6860068324932143,52,8.149999999999991,98.27240384615384,0.1856020793149879,18.56020793149879,0.0153924895211195,1.539248952111953
50,future_holdout,岩溶水,岩溶水4,TCN,1.3705746658035745,1.0173872837233502,0.7422226791991993,0.7422226791991993,52,8.149999999999991,98.27240384615384,0.1681686706507455,16.81686706507455,0.013946689122912,1.3946689122912053
50,future_holdout,岩溶水,岩溶水4,DynamicGatedStacking,1.0851413942817378,0.7639265894263171,0.8384109354017611,0.8384109354017611,52,8.149999999999991,98.27240384615384,0.1331461833474526,13.314618334745262,0.0110421781885027,1.1042178188502791
50,selection,岩溶水,岩溶水5,LSTM,0.419316010712346,0.24759746664252,0.8583067633364194,0.8583067633364194,138,5.220000000000027,430.7046195652174,0.080328737684357,8.032873768435705,0.0009735581920055,0.0973558192005537
50,selection,岩溶水,岩溶水5,Transformer,0.4064212018154972,0.2409108184222341,0.8668874688470891,0.8668874688470891,138,5.220000000000027,430.7046195652174,0.0778584677807461,7.7858467780746174,0.0009436193236695,0.0943619323669587
50,selection,岩溶水,岩溶水5,TCN,0.4221953543210738,0.2517335660260125,0.8563541344457786,0.8563541344457786,138,5.220000000000027,430.7046195652174,0.0808803360768336,8.088033607683364,0.0009802433852399,0.0980243385239904
50,selection,岩溶水,岩溶水5,DynamicGatedStacking,0.4003960620487654,0.2340327063848882,0.8708049646372757,0.8708049646372757,138,5.220000000000027,430.7046195652174,0.0767042264461232,7.670422644612325,0.0009296302938495,0.0929630293849535
50,test,岩溶水,岩溶水5,LSTM,0.3136020440410584,0.247771815252744,0.7231337816815459,0.7231337816815459,71,2.8600000000000136,430.2881690140846,0.1096510643500199,10.965106435001989,0.0007288186536934,0.0728818653693435
50,test,岩溶水,岩溶水5,Transformer,0.3092136951283145,0.2393003092933954,0.7308281492455997,0.7308281492455997,71,2.8600000000000136,430.2881690140846,0.1081166766182912,10.811667661829128,0.0007186200258231,0.0718620025823189
50,test,岩溶水,岩溶水5,TCN,0.3221067114809371,0.2598099448485237,0.707913323429443,0.707913323429443,71,2.8600000000000136,430.2881690140846,0.1126247242940334,11.262472429403344,0.000748583704309,0.0748583704309085
50,test,岩溶水,岩溶水5,DynamicGatedStacking,0.3055927695391324,0.241097865887714,0.7370953012002013,0.7370953012002013,71,2.8600000000000136,430.2881690140846,0.1068506187199758,10.685061871997586,0.0007102049081185,0.0710204908118516
50,future_holdout,岩溶水,岩溶水5,LSTM,0.3360204063480851,0.2644926470053438,0.8613714000827186,0.8613714000827186,52,2.8899999999999864,430.4707692307693,0.1162700367986459,11.627003679864591,0.000780588207995,0.0780588207995022
50,future_holdout,岩溶水,岩溶水5,Transformer,0.4250364126645974,0.329413086254744,0.7781937361041263,0.7781937361041263,52,2.8899999999999864,430.4707692307693,0.1470714230673354,14.707142306733545,0.0009873757826207,0.0987375782620774
50,future_holdout,岩溶水,岩溶水5,TCN,0.3973987015205277,0.2876760552647485,0.8061015134640986,0.8061015134640986,52,2.8899999999999864,430.4707692307693,0.1375082012181763,13.750820121817634,0.0009231723264988,0.092317232649887
50,future_holdout,岩溶水,岩溶水5,DynamicGatedStacking,0.3629211080174644,0.2728684860759227,0.8382866075131488,0.8382866075131488,52,2.8899999999999864,430.4707692307693,0.1255782380683273,12.557823806832738,0.0008430795630234,0.0843079563023494
50,selection,孔隙水,孔隙水1,LSTM,0.084618587318097,0.0568143216390796,0.9405823671464184,0.9405823671464184,138,1.4399999999999975,107.5847463768116,0.0587629078597896,5.876290785978969,0.0007865295979945,0.0786529597994529
50,selection,孔隙水,孔隙水1,Transformer,0.1186959219818137,0.0778332613558199,0.8830889930579267,0.8830889930579267,138,1.4399999999999975,107.5847463768116,0.0824277235984819,8.242772359848189,0.0011032783547779,0.1103278354777968
50,selection,孔隙水,孔隙水1,TCN,0.0825234119296246,0.0555699272661025,0.9434883281441744,0.9434883281441744,138,1.4399999999999975,107.5847463768116,0.0573079249511283,5.730792495112831,0.0007670549469958,0.0767054946995826
50,selection,孔隙水,孔隙水1,DynamicGatedStacking,0.1108180195294828,0.0708060439409122,0.8980928693532563,0.8980928693532563,138,1.4399999999999975,107.5847463768116,0.0769569580065854,7.69569580065854,0.0010300532674153,0.1030053267415315
50,test,孔隙水,孔隙水1,LSTM,0.0421434255447993,0.0274292177547781,0.8940405488036375,0.8940405488036375,71,0.4799999999999897,107.2312676056338,0.0877988032183338,8.779880321833389,0.0003930143370102,0.0393014337010273
50,test,孔隙水,孔隙水1,Transformer,0.0496408146969401,0.0364404653765459,0.852986291098469,0.852986291098469,71,0.4799999999999897,107.2312676056338,0.1034183639519607,10.341836395196076,0.0004629322753089,0.046293227530896
50,test,孔隙水,孔隙水1,TCN,0.0450251893943956,0.0309901230949248,0.8790541057529743,0.8790541057529743,71,0.4799999999999897,107.2312676056338,0.0938024779049928,9.380247790499284,0.0004198886239038,0.0419888623903855
50,test,孔隙水,孔隙水1,DynamicGatedStacking,0.0415369793636313,0.0292678982746314,0.8970681319005893,0.8970681319005893,71,0.4799999999999897,107.2312676056338,0.0865353736742338,8.653537367423386,0.0003873588393675,0.0387358839367567
50,future_holdout,孔隙水,孔隙水1,LSTM,0.1697588383254598,0.1586357476435616,-1.2791022073914622,-1.2791022073914622,52,0.4399999999999977,107.07548076923078,0.3858155416487743,38.58155416487744,0.0015854128051157,0.1585412805115714
50,future_holdout,孔隙水,孔隙水1,Transformer,0.0907895027147,0.0712481936457411,0.3481160519993987,0.3481160519993987,52,0.4399999999999977,107.07548076923078,0.2063397788970466,20.633977889704664,0.0008479018918473,0.0847901891847394
50,future_holdout,孔隙水,孔隙水1,TCN,0.1747555219492272,0.16125021322413,-1.4152429745690331,-1.4152429745690331,52,0.4399999999999977,107.07548076923078,0.3971716407937002,39.71716407937002,0.0016320778640803,0.1632077864080391
50,future_holdout,孔隙水,孔隙水1,DynamicGatedStacking,0.1692669991020205,0.1523069805793936,-1.2659149352111043,-1.2659149352111043,52,0.4399999999999977,107.07548076923078,0.3846977252318669,38.46977252318669,0.0015808194171625,0.1580819417162599
50,selection,孔隙水,孔隙水2,LSTM,0.0521155814264625,0.0401140555293145,0.9726925205261636,0.9726925205261636,138,1.3100000000000025,139.38065217391303,0.0397828865850858,3.978288658508588,0.0003739082908109,0.0373908290810944
50,selection,孔隙水,孔隙水2,Transformer,0.0517300166112376,0.033799592189775,0.9730950817394832,0.9730950817394832,138,1.3100000000000025,139.38065217391303,0.0394885622986546,3.9488562298654655,0.000371142018669,0.037114201866907
50,selection,孔隙水,孔隙水2,TCN,0.0622761343600604,0.0461962298340319,0.961006722977285,0.961006722977285,138,1.3100000000000025,139.38065217391303,0.0475390338626414,4.753903386264147,0.0004468061627546,0.0446806162754605
50,selection,孔隙水,孔隙水2,DynamicGatedStacking,0.0459823794440739,0.0335767057910759,0.9787416612602048,0.9787416612602048,138,1.3100000000000025,139.38065217391303,0.0351010530107434,3.510105301074342,0.0003299050386613,0.0329905038661314
50,test,孔隙水,孔隙水2,LSTM,0.0408845834495584,0.0329930884639291,0.9502250647127314,0.9502250647127314,71,0.6999999999999886,139.32577464788733,0.0584065477850843,5.840654778508438,0.0002934459438885,0.029344594388859
50,test,孔隙水,孔隙水2,Transformer,0.0358227192732182,0.0282527637029503,0.961787218694694,0.961787218694694,71,0.6999999999999886,139.32577464788733,0.0511753132474554,5.117531324745541,0.0002571148042331,0.0257114804233111
50,test,孔隙水,孔隙水2,TCN,0.0506863561707478,0.0418376056072125,0.9234978410461492,0.9234978410461492,71,0.6999999999999886,139.32577464788733,0.0724090802439266,7.240908024392666,0.00036379741149,0.0363797411490052
50,test,孔隙水,孔隙水2,DynamicGatedStacking,0.0353255282313401,0.0292009975196851,0.9628405841015308,0.9628405841015308,71,0.6999999999999886,139.32577464788733,0.0504650403304867,5.046504033048671,0.0002535462538831,0.0253546253883152
50,future_holdout,孔隙水,孔隙水2,LSTM,0.0491040133614101,0.0400716695865794,0.9818983895899472,0.9818983895899472,52,1.0699999999999932,139.17000000000002,0.0458916012723462,4.589160127234622,0.0003528347586506,0.0352834758650644
50,future_holdout,孔隙水,孔隙水2,Transformer,0.0882855374391013,0.0669971009836449,0.9414856526596932,0.9414856526596932,52,1.0699999999999932,139.17000000000002,0.082509848073927,8.250984807392706,0.0006343719008342,0.0634371900834241
50,future_holdout,孔隙水,孔隙水2,TCN,0.0810265061105117,0.0654590435777956,0.950712423987412,0.950712423987412,52,1.0699999999999932,139.17000000000002,0.0757257066453385,7.572570664533853,0.0005822124460049,0.058221244600497
50,future_holdout,孔隙水,孔隙水2,DynamicGatedStacking,0.0551524760174575,0.043550976287504,0.9771643559950736,0.9771643559950736,52,1.0699999999999932,139.17000000000002,0.0515443701097737,5.154437010977373,0.0003962957247787,0.0396295724778742
50,selection,孔隙水,孔隙水3,LSTM,0.0975228343415351,0.0753459883600167,0.9606318220077972,0.9606318220077972,138,1.7000000000000028,112.84016304347826,0.0573663731420793,5.736637314207938,0.0008642564111145,0.0864256411114531
50,selection,孔隙水,孔隙水3,Transformer,0.0717694788580482,0.0577516457975511,0.978678769206624,0.978678769206624,138,1.7000000000000028,112.84016304347826,0.0422173405047341,4.221734050473416,0.0006360277841001,0.0636027784100195
50,selection,孔隙水,孔隙水3,TCN,0.0922357812781569,0.0739825673272573,0.964784687437674,0.964784687437674,138,1.7000000000000028,112.84016304347826,0.0542563419283275,5.42563419283275,0.0008174020560624,0.0817402056062411
50,selection,孔隙水,孔隙水3,DynamicGatedStacking,0.0785366592149242,0.0621894017431756,0.9744684293481316,0.9744684293481316,138,1.7000000000000028,112.84016304347826,0.0461980348323082,4.619803483230829,0.0006959991646295,0.069599916462956
50,test,孔隙水,孔隙水3,LSTM,0.0791943933721791,0.0589636915073491,0.973816041725798,0.973816041725798,71,1.460000000000008,112.86397887323945,0.0542427351864238,5.42427351864238,0.0007016799705522,0.0701679970552203
50,test,孔隙水,孔隙水3,Transformer,0.0634291715064372,0.049080256502353,0.9832032791382594,0.9832032791382594,71,1.460000000000008,112.86397887323945,0.0434446380181074,4.3444638018107495,0.0005619965921782,0.0561996592178238
50,test,孔隙水,孔隙水3,TCN,0.0820321431929239,0.0637669055679328,0.9719059375375,0.9719059375375,71,1.460000000000008,112.86397887323945,0.0561863994472078,5.6186399447207895,0.000726823066242,0.0726823066242033
50,test,孔隙水,孔隙水3,DynamicGatedStacking,0.0630051669519286,0.048641969976035,0.983427090427781,0.983427090427781,71,1.460000000000008,112.86397887323945,0.0431542239396769,4.315422393967696,0.0005582398173529,0.0558239817352988
50,future_holdout,孔隙水,孔隙水3,LSTM,0.2454528913043044,0.2125567230392359,0.8105608296591641,0.8105608296591641,52,1.6600000000000108,112.4626923076923,0.1478631875327125,14.786318753271258,0.0021825272565301,0.2182527256530171
50,future_holdout,孔隙水,孔隙水3,Transformer,0.2215245716047199,0.1800875275693466,0.8456959627076215,0.8456959627076215,52,1.6600000000000108,112.4626923076923,0.1334485371112762,13.34485371112762,0.001969760522882,0.1969760522882022
50,future_holdout,孔隙水,孔隙水3,TCN,0.1944075946304707,0.1618296079171428,0.8811607417898673,0.8811607417898673,52,1.6600000000000108,112.4626923076923,0.1171130088135358,11.711300881353582,0.0017286407664737,0.172864076647375
50,future_holdout,孔隙水,孔隙水3,DynamicGatedStacking,0.2234807385834425,0.1882217269779797,0.8429587749086925,0.8429587749086925,52,1.6600000000000108,112.4626923076923,0.1346269509538801,13.462695095388014,0.0019871544420438,0.1987154442043859
50,selection,孔隙水,孔隙水4,LSTM,0.0883424237111919,0.0564028127181063,0.9110058695015152,0.9110058695015152,138,1.4699999999999989,35.51927536231884,0.0600968868783619,6.009688687836193,0.0024871685249781,0.2487168524978169
50,selection,孔隙水,孔隙水4,Transformer,0.0826629933691497,0.0493813535196812,0.9220807076846678,0.9220807076846678,138,1.4699999999999989,35.51927536231884,0.0562333288225508,5.623332882255089,0.0023272713907008,0.2327271390700837
50,selection,孔隙水,孔隙水4,TCN,0.089175453104375,0.0578758074025579,0.9093196070697026,0.9093196070697026,138,1.4699999999999989,35.51927536231884,0.0606635735403912,6.066357354039121,0.0025106214075239,0.2510621407523931
50,selection,孔隙水,孔隙水4,DynamicGatedStacking,0.0811233946294819,0.0493131865593248,0.9249561727545692,0.9249561727545692,138,1.4699999999999989,35.51927536231884,0.0551859827411442,5.518598274114424,0.0022839259473053,0.2283925947305302
50,test,孔隙水,孔隙水4,LSTM,0.0481095647921692,0.0328514719479704,0.9681628753694782,0.9681628753694782,71,0.8699999999999974,35.25626760563381,0.0552983503358269,5.529835033582693,0.0013645677225481,0.1364567722548191
50,test,孔隙水,孔隙水4,Transformer,0.0504738280699917,0.0318372568662296,0.9649568232467052,0.9649568232467052,71,0.8699999999999974,35.25626760563381,0.058015894333324,5.801589433332401,0.0014316270977568,0.1431627097756831
50,test,孔隙水,孔隙水4,TCN,0.0579302160295184,0.0403405323699957,0.9538383549564368,0.9538383549564368,71,0.8699999999999974,35.25626760563381,0.0665864552063432,6.65864552063432,0.0016431182301402,0.1643118230140203
50,test,孔隙水,孔隙水4,DynamicGatedStacking,0.0499816290953127,0.0329095176482583,0.9656369427362876,0.9656369427362876,71,0.8699999999999974,35.25626760563381,0.057450148385417,5.745014838541708,0.0014176664885345,0.1417666488534533
50,future_holdout,孔隙水,孔隙水4,LSTM,0.0935008352030346,0.0750638690951311,0.9152951699576638,0.9152951699576638,52,0.9099999999999966,35.18057692307693,0.1027481705527856,10.274817055278568,0.0026577402470538,0.2657740247053826
50,future_holdout,孔隙水,孔隙水4,Transformer,0.0782143279818399,0.0651294984250614,0.9407279659493808,0.9407279659493808,52,0.9099999999999966,35.18057692307693,0.0859498109690551,8.594981096905517,0.0022232247115462,0.2223224711546294
50,future_holdout,孔隙水,孔隙水4,TCN,0.0647436109165553,0.057245119552976,0.9593864427725812,0.9593864427725812,52,0.9099999999999966,35.18057692307693,0.071146825183028,7.114682518302806,0.001840322603524,0.1840322603524057
50,future_holdout,孔隙水,孔隙水4,DynamicGatedStacking,0.0885639380806238,0.0770603265780801,0.9240039474952406,0.9240039474952406,52,0.9099999999999966,35.18057692307693,0.0973230088798068,9.732300887980683,0.0025174100548228,0.2517410054822887
50,selection,孔隙水,孔隙水5,LSTM,0.0450075421713257,0.0332016053604945,0.9791933583323316,0.9791933583323316,138,1.1700000000000017,40.52177536231885,0.0384679847618168,3.846798476181684,0.0011107001548895,0.1110700154889517
50,selection,孔隙水,孔隙水5,Transformer,0.0446814901923126,0.0323943883868891,0.9794937290365306,0.9794937290365306,138,1.1700000000000017,40.52177536231885,0.0381893078566774,3.81893078566774,0.0011026538149624,0.1102653814962458
50,selection,孔隙水,孔隙水5,TCN,0.0539413386656051,0.0422814345591628,0.9701135154106356,0.9701135154106356,138,1.1700000000000017,40.52177536231885,0.0461037082612009,4.610370826120091,0.0013311691845507,0.1331169184550713
50,selection,孔隙水,孔隙水5,DynamicGatedStacking,0.0413886341485433,0.029741581280561,0.9824048253129548,0.9824048253129548,138,1.1700000000000017,40.52177536231885,0.0353749009816609,3.537490098166095,0.0010213924187297,0.1021392418729772
50,test,孔隙水,孔隙水5,LSTM,0.0226350486737963,0.0182715736664532,0.9837175109056489,0.9837175109056489,71,0.5600000000000023,40.15161971830986,0.0404197297746362,4.04197297746362,0.0005637393667452,0.0563739366745256
50,test,孔隙水,孔隙水5,Transformer,0.019375298436911,0.0154849591979259,0.9880696075006344,0.9880696075006344,71,0.5600000000000023,40.15161971830986,0.0345987472087695,3.4598747208769565,0.0004825533458635,0.0482553345863543
50,test,孔隙水,孔隙水5,TCN,0.0312028213016216,0.0231643578306668,0.9690581940379064,0.9690581940379064,71,0.5600000000000023,40.15161971830986,0.0557193237528955,5.57193237528955,0.0007771248462834,0.0777124846283413
50,test,孔隙水,孔隙水5,DynamicGatedStacking,0.0200929848235245,0.0147538056231113,0.9871694036312136,0.9871694036312136,71,0.5600000000000023,40.15161971830986,0.035880330042008,3.588033004200804,0.0005004277527155,0.0500427752715585
50,future_holdout,孔隙水,孔隙水5,LSTM,0.1101344820388633,0.0877908616411754,0.7995361635626832,0.7995361635626832,52,0.75,40.18,0.1468459760518178,14.68459760518178,0.0027410274275476,0.2741027427547619
50,future_holdout,孔隙水,孔隙水5,Transformer,0.059026480176749,0.0474746349744887,0.9424184722772312,0.9424184722772312,52,0.75,40.18,0.0787019735689987,7.870197356899879,0.0014690512736871,0.1469051273687135
50,future_holdout,孔隙水,孔隙水5,TCN,0.0452511996500065,0.0349214234087742,0.9661584999911748,0.9661584999911748,52,0.75,40.18,0.0603349328666754,6.03349328666754,0.0011262120370832,0.1126212037083289
50,future_holdout,孔隙水,孔隙水5,DynamicGatedStacking,0.0580095208255776,0.0459149837730884,0.9443855090473294,0.9443855090473294,52,0.75,40.18,0.0773460277674368,7.734602776743681,0.0014437411853055,0.1443741185305565
