Date,TASMAX,TAS,TASMIN,Humidity,Precipitation,GWL
1969-01-13,3.200000047683716,-3.371428621666772,-10.500000156462193,86.92857272390809,2.600000001490116,262.65
1969-01-20,6.200000092387199,1.7285714543291502,-3.1000000461936,84.55714411714247,1.100000023841858,262.67
1969-01-27,6.500000096857548,2.385714321264199,-1.700000025331974,90.22857277308192,19.900000482797623,263.17
1969-02-03,7.000000104308128,3.0857143316950117,-1.700000025331974,81.4142869274531,6.699999883770943,263.67
1969-02-10,0.9000000134110451,-3.442857194159712,-8.600000128149986,80.98571549249547,9.500000059604645,263.19
1969-02-17,-2.500000037252903,-7.600000113248825,-12.800000190734863,82.10000122338533,28.800000458955765,263.07
1969-02-24,10.30000015348196,0.5000000074505806,-11.500000171363354,85.20000126957893,0.1000000014901161,262.64
1969-03-03,3.200000047683716,-0.8714285844138691,-6.500000096857548,89.85714419611863,1.2999999523162842,263.01
1969-03-10,5.4000000804662704,-0.5714285799435207,-8.00000011920929,73.58571538222688,0.0,263.17
1969-03-17,8.600000128149986,0.12857143048729217,-4.700000070035458,89.35714418866804,28.799999810755253,263.73
1969-03-24,3.9000000581145287,-0.7428571539265769,-5.500000081956387,78.57142974223409,0.1000000014901161,263.35
1969-03-31,8.00000011920929,1.0285714438983373,-2.200000032782554,88.14285845628807,15.899999752640724,263.73
1969-04-07,17.80000026524067,5.628571512443679,-2.600000038743019,69.84285818359682,5.199999928474426,263.35
1969-04-14,22.100000329315662,8.442857268665518,-0.5000000074505806,65.97142955447946,16.50000039488077,263.3
1969-04-21,11.400000169873238,2.457142893757139,-1.80000002682209,79.80000118911266,29.200000762939453,263.69
1969-04-28,22.800000339746475,10.242857295487608,3.9000000581145287,80.92857263450112,27.900000393390656,263.76
1969-05-05,22.600000336766243,11.900000177323818,5.700000084936619,86.45714414545468,24.00000038743019,263.42
1969-05-12,25.700000382959843,13.585714488157205,7.900000117719173,78.45714402624539,5.399999886751175,263.09
1969-05-19,28.80000042915344,15.957143094922815,5.700000084936619,62.84285807928869,2.6999999284744263,262.85
1969-05-26,21.60000032186508,11.400000169873238,2.200000032782554,69.22857246015754,9.500000156462193,262.46
1969-06-02,23.000000342726707,13.657143060650144,6.800000101327896,71.95714392938784,23.000000476837158,262.07
1969-06-09,21.1000003144145,11.314285882881709,5.900000087916851,80.60000120103359,17.999999821186066,262.07
1969-06-16,27.3000004068017,18.628571706158773,6.200000092387199,62.84285807928869,4.400000095367432,262.0
1969-06-23,26.200000390410423,17.50000026077032,10.400000154972076,74.67142968411956,54.59999847412109,263.16
1969-06-30,25.700000382959843,14.928571651024479,9.3000001385808,81.00000120699406,30.99999985843897,263.16
1969-07-07,25.50000037997961,18.857143138136184,8.900000132620335,72.0000010728836,2.800000108778477,262.51
1969-07-14,20.60000030696392,12.742857332740511,7.800000116229057,79.14285832217762,7.000000037252903,262.13
1969-07-21,29.300000436604023,19.371428860085352,10.000000149011612,66.41428670393569,2.900000095367432,261.78
1969-07-28,32.70000048726797,23.642857495163167,15.600000232458116,69.27142960365329,0.0,261.665
1969-08-04,29.800000444054604,22.642857480262006,15.000000223517418,58.57142944421087,2.499999910593033,261.55
1969-08-11,29.300000436604023,18.985714568623475,9.00000013411045,60.52857233051743,0.1000000014901161,261.22
1969-08-18,25.600000381469727,16.671428819852217,7.700000114738941,78.65714402922562,22.60000053048134,261.15
1969-08-25,23.500000350177288,14.55714307406119,7.500000111758709,74.52857253913369,6.899999976158142,261.26
1969-09-01,20.60000030696392,12.471428757267338,8.400000125169754,85.28571555657047,32.30000126361847,261.07
1969-09-08,23.300000347197056,13.342857341681208,6.500000096857548,80.25714405306748,0.0,261.08
1969-09-15,26.30000039190054,17.628571691257612,10.600000157952309,72.77142965580735,0.1000000014901161,260.88
1969-09-22,19.80000029504299,12.300000183284283,2.1000000312924385,81.28571549696582,2.1000000536441803,260.91
1969-09-29,22.600000336766243,12.200000181794167,4.000000059604645,74.80000111460686,3.0999999046325684,260.7
1969-10-06,19.80000029504299,10.0142858635102,3.200000047683716,81.60000121593475,8.800000190734863,260.65
1969-10-13,23.000000342726707,11.38571445537465,2.200000032782554,76.7857154299106,0.0,260.61
1969-10-20,22.30000033229589,11.300000168383121,2.200000032782554,77.20000115036964,0.0,260.54
1969-10-27,20.30000030249357,10.142857293997492,4.500000067055225,85.38571555806058,8.299999952316284,260.515
1969-11-03,13.100000195205212,8.885714418121747,4.700000070035458,81.4285726419517,7.1999999061226845,260.49
1969-11-10,12.90000019222498,6.200000092387199,-1.5000000223517418,75.77142970051084,12.899999618530273,260.41
1969-11-17,16.600000247359276,9.21428585158927,2.7000000402331352,72.8428582283003,0.0,260.6
1969-11-24,11.900000177323818,5.4000000804662704,-0.2000000029802322,81.68571550292629,9.400000169873238,260.61
1969-12-01,3.400000050663948,-1.58571430934327,-5.700000084936619,86.38571557296174,16.699999809265137,260.44
1969-12-08,2.1000000312924385,-4.242857206080641,-10.500000156462193,88.61428703474147,8.29999989271164,260.52
1969-12-15,0.2000000029802322,-2.614285753241607,-11.000000163912771,90.2428584875805,6.300000190734863,260.6
1969-12-22,-0.5000000074505806,-10.342857296977725,-24.00000035762787,85.6000012755394,6.299999862909317,260.34
1969-12-29,2.200000032782554,-5.000000074505806,-14.900000222027302,85.77142984952245,7.999999761581421,260.5
1970-01-05,1.700000025331974,-5.6571429414408545,-13.40000019967556,84.98571555210012,15.699999809265137,260.57
1970-01-12,6.200000092387199,-2.385714321264199,-9.900000147521496,80.61428691553218,0.800000011920929,260.68
1970-01-19,6.900000102818012,-3.428571479661124,-9.900000147521496,87.20000129938126,2.5,260.67
1970-01-26,4.700000070035458,-3.057142902697836,-12.000000178813934,85.08571555359023,0.6000000089406967,260.595
1970-02-02,5.000000074505806,-4.457142923559461,-16.100000239908695,86.98571558190244,27.79999977350235,260.52
1970-02-09,4.400000065565109,1.0571428728955132,-7.200000107288361,86.90000129491091,10.199999958276749,261.0
1970-02-16,2.7000000402331352,-3.071428617196424,-11.60000017285347,87.05714415439537,11.499999836087227,261.7
1970-02-23,5.500000081956387,-0.41428572045905254,-6.500000096857548,89.95714419760874,45.90000048279762,262.11
1970-03-02,3.6000000536441803,-2.3428571777684346,-7.500000111758709,91.60000136494637,33.50000011920929,263.32
1970-03-09,5.000000074505806,-2.2285714617797305,-8.00000011920929,83.85714410671166,35.89999943971634,263.25
1970-03-16,6.800000101327896,-0.4428571494562285,-7.900000117719173,83.37142981375966,2.099999964237213,263.34
1970-03-23,10.100000150501728,3.8285714856215884,-0.5000000074505806,84.38571554315942,12.599999859929085,263.8
1970-03-30,9.600000143051147,1.9000000283122063,-4.000000059604645,82.87142980630908,18.50000039488077,263.85
1970-04-06,11.500000171363354,2.0142857443009103,-2.7000000402331352,79.84285833260843,11.099999815225601,263.31
1970-04-13,8.600000128149986,3.442857194159712,-0.5000000074505806,83.01428695129496,33.89999971538782,263.59
1970-04-20,18.0000002682209,8.657142986144338,0.6000000089406967,80.21428690957171,20.000000298023224,263.59
1970-04-27,14.40000021457672,9.628571572048324,3.200000047683716,76.81428685890776,15.70000010728836,263.56
1970-05-04,12.90000019222498,4.771428642528398,-0.4000000059604645,83.5714298167399,25.599999763071537,263.53
1970-05-11,23.100000344216824,14.500000216066837,1.80000002682209,67.6000010073185,8.699999809265137,263.13
1970-05-18,18.50000027567148,11.471428742366177,5.700000084936619,76.92857257489648,9.699999809265137,263.33
1970-05-25,21.1000003144145,10.714285873941012,3.9000000581145287,72.08571535987514,12.69999971985817,262.56
1970-06-01,16.800000250339508,10.700000159442425,6.70000009983778,86.11428699748856,54.69999945163727,263.57
1970-06-08,24.300000362098217,14.414285929075309,5.500000081956387,73.84285824320146,9.500000149011612,263.27
1970-06-15,24.100000359117985,16.671428819852217,7.000000104308128,70.31428676205022,1.300000011920929,262.75
1970-06-22,30.300000451505184,20.328571731490747,10.500000156462193,57.12857227985348,4.799999952316284,262.37
1970-06-29,27.10000040382147,19.057143141116416,12.000000178813934,73.95714395919016,21.000000476837158,261.77
1970-07-06,22.100000329315662,14.11428592460496,8.600000128149986,74.80000111460686,6.4999998807907104,261.87
1970-07-13,28.10000041872263,19.842857438538754,10.30000015348196,65.20000097155571,6.399999976158142,261.73
1970-07-20,25.80000038444996,14.328571642083782,9.100000135600569,76.64285828492471,16.49999964237213,261.52
1970-07-27,26.80000039935112,15.942857380424227,8.600000128149986,73.200001090765,13.20000022649765,261.28
1970-08-03,27.60000041127205,19.628571721059934,12.10000018030405,77.20000115036964,70.39999953657389,261.04
1970-08-10,28.300000421702865,19.557143148566997,11.10000016540289,79.02857260618892,15.400000035762787,261.7
1970-08-17,27.10000040382147,16.28571452839034,7.300000108778477,75.78571541500943,15.099999904632568,261.64
1970-08-24,26.00000038743019,14.714285933545657,8.900000132620335,83.4571441007512,39.80000042915344,261.22
1970-08-31,24.600000366568565,16.15714309790305,8.50000012665987,70.98571534348386,0.0,261.84
1970-09-07,21.300000317394733,13.842857349131789,7.000000104308128,75.24285826406309,7.099999904632568,261.7
1970-09-14,28.80000042915344,16.34285738638469,9.00000013411045,71.95714392938784,6.300000227987766,261.53
1970-09-21,26.50000039488077,15.114285939506122,7.900000117719173,74.74285825661251,1.900000050663948,261.29
1970-09-28,16.800000250339508,8.957142990614686,1.100000016391277,76.1714297064713,2.0,260.98
1970-10-05,18.100000269711018,9.485714427062444,0.6000000089406967,85.87142985101256,38.000000059604645,261.19
1970-10-12,21.1000003144145,12.857143048729215,6.000000089406967,88.2285727432796,0.0,261.4
1970-10-19,13.100000195205212,7.2285715362855365,-0.5000000074505806,82.00000122189522,1.5,261.03
1970-10-26,10.80000016093254,5.557142939950738,0.4000000059604645,87.31428701536996,33.39999957382679,261.505
1970-11-02,13.100000195205212,9.400000140070915,2.1000000312924385,81.92857264940228,33.49999973922968,261.98
1970-11-09,14.900000222027302,5.4000000804662704,-2.7000000402331352,82.68571551782745,17.200000144541264,263.27
1970-11-16,13.000000193715096,5.428571509463446,1.600000023841858,84.74285840562412,19.700000047683716,263.39
1970-11-23,13.40000019967556,6.3000000938773155,0.5000000074505806,83.54285838774273,21.999999821186066,263.2
1970-11-30,12.500000186264517,6.0428572329027315,-0.2000000029802322,78.37142973925386,3.599999912083149,263.49
1970-12-07,9.00000013411045,4.97142864550863,0.2000000029802322,85.28571555657047,21.799999684095383,263.47
1970-12-14,5.700000084936619,2.728571469230311,-2.3000000342726707,92.0428585144026,3.200000047683716,263.36
1970-12-21,5.200000077486038,1.2714285903743332,-1.3000000193715096,91.48571564895767,4.100000001490116,263.4
1970-12-28,-0.1000000014901161,-5.04285721800157,-11.30000016838312,92.1571442303913,10.100000061094761,263.16
1971-01-04,-2.200000032782554,-9.385714425572328,-18.80000028014183,84.91428697960717,14.399999625980852,262.92
1971-01-11,7.200000107288361,-4.300000064074993,-17.80000026524067,78.3142868812595,0.0,262.92
1971-01-18,6.400000095367432,0.4857142929519926,-4.200000062584877,78.2000011652708,2.600000001490116,262.91
1971-01-25,9.00000013411045,4.171428633587701,-2.0000000298023224,81.4285726419517,7.100000008940697,263.23
1971-02-01,10.500000156462193,3.6142857681427683,-3.400000050663948,81.14285835197994,7.699999965727329,263.44
1971-02-08,4.700000070035458,0.7142857249294007,-5.200000077486038,92.18571565938848,14.399999931454659,263.6
1971-02-15,7.300000108778477,3.2142857621823038,-1.80000002682209,83.2285726687738,4.600000202655792,263.57
1971-02-22,7.500000111758709,2.2142857472811426,-1.700000025331974,86.25714414247444,13.500000074505806,263.45
1971-03-01,3.200000047683716,-3.271428620176656,-11.10000016540289,88.42857274625983,26.59999990463257,263.37
1971-03-08,1.3000000193715096,-7.985714404710701,-14.600000217556952,83.35714409926108,5.599999874830246,263.46
1971-03-15,12.000000178813934,1.2714285903743334,-7.200000107288361,75.11428683357579,5.1000000312924385,263.63
1971-03-22,17.30000025779009,7.171428678291185,1.100000016391277,78.0857154492821,2.7000000029802322,263.47
1971-03-29,9.400000140070915,3.071428617196424,-2.800000041723252,83.35714409926108,3.899999976158142,263.3
1971-04-05,17.50000026077032,7.500000111758709,0.5000000074505806,82.87142980630908,3.000000052154064,263.07
1971-04-12,15.600000232458116,7.828571545226233,2.500000037252903,83.97142982270036,0.0,262.9
1971-04-19,20.800000309944156,9.057142992104803,-0.4000000059604645,61.30000091344118,8.000000193715096,262.7
1971-04-26,21.60000032186508,9.014285848609038,0.5000000074505806,75.55714398303202,30.800000250339508,262.995
1971-05-03,12.500000186264517,4.757142928029809,-1.3000000193715096,74.68571539861816,6.0,263.29
1971-05-10,22.800000339746475,12.557143044258867,1.100000016391277,65.45714383253029,2.900000095367432,262.79
1971-05-17,30.200000450015068,18.44285741767713,9.00000013411045,63.82857237969126,0.1000000014901161,262.49
1971-05-24,30.600000455975533,15.70000023394823,9.100000135600569,79.5285726136395,28.09999918937683,262.24
1971-05-31,19.10000028461218,13.157143053199563,7.500000111758709,89.32857275967088,17.50000001490116,262.13
1971-06-07,25.100000374019142,17.185714541801385,12.4000001847744,81.64285835943052,22.9000004529953,261.84
1971-06-14,20.60000030696392,13.671428775148732,7.800000116229057,84.05714410969189,50.10000067949295,262.46
1971-06-21,18.100000269711018,11.128571594400066,6.500000096857548,82.8571440918105,29.100000262260437,263.35
1971-06-28,24.100000359117985,14.742857362542834,6.000000089406967,75.27142969306026,16.09999978542328,263.55
1971-07-05,22.600000336766243,13.885714492627553,7.900000117719173,76.82857257340636,30.5,263.05
1971-07-12,29.800000444054604,21.000000312924385,11.500000171363354,62.8285723647901,0.0,262.91
1971-07-19,20.800000309944156,14.300000213086605,6.500000096857548,67.31428671734673,1.2999999523162842,262.39
1971-07-26,29.200000435113907,19.342857431088174,9.100000135600569,58.31428658323629,0.0,261.935
1971-08-02,32.50000048428774,22.628571765763418,11.60000017285347,60.54285804501602,1.0,261.48
1971-08-09,33.5000004991889,20.97142888392721,11.500000171363354,58.98571516466992,1.9999999776482582,260.93
1971-08-16,30.600000455975533,19.94285744002887,11.800000175833702,60.15714375355414,5.5,261.03
1971-08-23,32.50000048428774,18.771428851144655,6.400000095367432,66.25714384445122,63.79999876022339,261.07
1971-08-30,22.600000336766243,15.242857369993414,4.700000070035458,72.18571536136525,5.799999959766865,261.23
1971-09-06,24.8000003695488,15.071428796010357,9.500000141561031,71.10000105947256,4.300000190734863,260.69
1971-09-13,19.10000028461218,10.757143017436777,2.7000000402331352,79.98571547759431,23.200000002980232,261.21
1971-09-20,18.80000028014183,8.914285847118922,2.1000000312924385,79.34285832515785,12.899999976158142,261.13
1971-09-27,24.600000366568565,13.97142877961908,5.200000077486038,74.62857254062381,11.099999904632568,261.07
1971-10-04,22.500000335276127,12.257143039788518,6.500000096857548,83.31428695576531,15.699999809265137,261.01
1971-10-11,20.60000030696392,10.000000149011612,-1.100000016391277,66.92857242588487,0.0,260.93
1971-10-18,21.60000032186508,7.214285821786949,-3.000000044703484,79.24285832366773,18.300000309944153,261.09
1971-10-25,17.600000262260437,11.74285731783935,6.500000096857548,72.81428679930312,1.4000000059604645,261.42
1971-11-01,12.000000178813934,4.842857215021338,-0.9000000134110451,79.12857260767903,0.5,260.94
1971-11-08,15.800000235438349,8.300000123679638,2.200000032782554,73.200001090765,1.300000049173832,261.18
1971-11-15,8.00000011920929,2.9571429012077197,-1.5000000223517418,90.41428706156356,17.699999548494816,261.13
1971-11-22,9.500000141561031,0.6142857234392848,-8.300000123679638,83.01428695129496,42.99999940395355,261.14
1971-11-29,7.900000117719173,1.1571428743856293,-5.200000077486038,86.6714298629335,6.199999764561653,262.64
1971-12-06,6.70000009983778,3.071428617196424,1.0000000149011612,92.17142994488988,4.299999892711639,262.85
1971-12-13,7.200000107288361,2.8142857562218393,-5.200000077486038,89.64285847863981,28.100000075995922,263.41
1971-12-20,7.900000117719173,4.714285784534046,-0.2000000029802322,80.0000011920929,12.299999713897705,263.49
1971-12-27,11.500000171363354,5.314285793474743,-0.5000000074505806,89.84285848162004,11.200000144541264,263.395
1972-01-03,5.000000074505806,0.10000000149011619,-4.200000062584877,87.84285845181772,3.799999952316284,263.3
1972-01-10,4.90000007301569,-0.4714285784534046,-4.700000070035458,91.11428707199437,3.6000000536441803,262.7
1972-01-17,1.100000016391277,-5.885714373418263,-13.600000202655792,76.68571542842048,0.0,262.88
1972-01-24,2.200000032782554,-2.614285753241607,-13.300000198185444,83.02857266579356,1.4999999552965164,262.49
1972-01-31,2.0000000298023224,-4.985714360007218,-12.800000190734863,83.32857267026391,4.500000059604645,262.28
1972-02-07,8.600000128149986,-1.1571428743856293,-9.80000014603138,75.40000112354755,0.0,262.03
1972-02-14,8.600000128149986,3.1142857606921877,-0.6000000089406967,82.92857266430345,3.4999999403953552,262.02
1972-02-21,8.00000011920929,2.7714286127260754,-1.100000016391277,80.02857262109008,0.0,261.71
1972-02-28,7.700000114738941,3.6571429116385326,-0.6000000089406967,87.91428702431065,0.8000000268220901,262.29
1972-03-06,9.900000147521496,3.7857143421258246,0.800000011920929,84.34285839966365,0.1000000014901161,262.43
1972-03-13,11.60000017285347,2.1714286037853787,-7.800000116229057,76.67142971392188,14.500000193715096,262.63
1972-03-20,19.60000029206276,9.300000138580799,-1.0000000149011612,56.58571512890713,0.0,262.67
1972-03-27,16.800000250339508,6.785714386829308,-0.6000000089406967,72.32857250635114,8.699999809265137,262.46
1972-04-03,13.600000202655792,6.157142948891435,0.2000000029802322,79.0428583206875,31.300000309944153,262.25
1972-04-10,15.100000225007534,9.028571563107628,3.1000000461936,70.54285819402763,6.599999941885471,263.1
1972-04-17,13.90000020712614,7.285714394279888,3.200000047683716,78.38571545375245,5.300000004470348,262.64
1972-04-24,13.300000198185444,6.328571522874491,0.1000000014901161,78.50000116974115,6.500000059604645,262.73
1972-05-01,20.30000030249357,6.77142867233072,-3.700000055134296,65.12857239906278,5.200000084936619,262.39
1972-05-08,20.30000030249357,12.81428590523345,6.900000102818012,71.4142867784415,4.799999952316284,262.19
1972-05-15,20.500000305473804,8.785714416631631,2.3000000342726707,83.54285838774273,18.39999969303608,261.8
1972-05-22,21.000000312924385,10.700000159442425,5.200000077486038,79.74285833111831,30.49999976158142,262.08
1972-05-29,23.80000035464764,13.600000202655792,7.200000107288361,71.68571535391467,23.40000057220459,261.77
1972-06-05,27.10000040382147,14.48571450156825,6.000000089406967,65.18571525705713,11.599999904632568,262.37
1972-06-12,28.50000042468309,15.628571661455291,7.700000114738941,74.68571539861816,66.19999980926514,263.49
1972-06-19,22.600000336766243,14.157143068100725,5.500000081956387,77.15714400687388,5.800000190734863,263.03
1972-06-26,23.300000347197056,15.014285938016005,8.00000011920929,63.82857237969126,8.799999788403511,262.765
1972-07-03,26.30000039190054,15.91428595142705,7.300000108778477,75.25714397856167,8.5,262.5
1972-07-10,31.300000466406345,19.44285743257829,11.000000163912771,66.98571528387922,12.199999868869781,261.75
1972-07-17,30.600000455975533,17.757143121744907,6.500000096857548,70.78571534050363,0.0,261.97
1972-07-24,31.80000047385693,23.214286060205527,15.600000232458116,66.38571527493852,8.5,261.36
1972-07-31,22.800000339746475,16.057143096412933,12.10000018030405,81.61428693043334,37.3999994546175,261.57
1972-08-07,27.500000409781933,16.78571453584092,10.900000162422655,69.7428581821067,12.599999904632568,261.31
1972-08-14,30.70000045746565,20.72857173745121,11.000000163912771,71.04285820147821,8.000000096857548,261.12
1972-08-21,26.600000396370888,13.885714492627553,7.500000111758709,83.97142982270036,40.70000043511391,261.72
1972-08-28,18.30000027269125,13.071428766208035,8.50000012665987,78.05714402028492,8.700000181794167,261.6
1972-09-04,21.1000003144145,12.528571615261692,6.800000101327896,81.61428693043334,8.899999633431435,261.48
1972-09-11,24.50000036507845,15.800000235438347,7.400000110268593,78.87142974670444,17.20000047981739,261.44
1972-09-18,15.500000230968,9.428571569068092,5.500000081956387,78.84285831770727,4.799999862909317,261.07
1972-09-25,18.100000269711018,9.342857282076563,3.1000000461936,79.18571546567338,12.799999952316284,261.41
1972-10-02,12.000000178813934,7.171428678291185,-0.4000000059604645,83.87142982121024,8.799999952316284,261.16
1972-10-09,18.80000028014183,7.514285826257297,-2.0000000298023224,68.42857244823661,0.0,260.97
1972-10-16,18.6000002771616,7.428571539265769,3.000000044703484,82.3714297988585,0.0,260.99
1972-10-23,12.300000183284284,3.6000000536441803,-2.200000032782554,83.31428695576531,32.80000019073486,261.25
1972-10-30,13.600000202655792,8.114285835197993,0.6000000089406967,80.31428691106183,17.599999979138374,261.480140745579
1972-11-06,13.600000202655792,8.185714407690934,2.7000000402331352,84.34285839966365,1.3999999538064003,261.529588676472
1972-11-13,13.000000193715096,7.542857255254473,1.0000000149011612,81.47142978544746,22.199999764561653,261.591398590087
1972-11-20,6.900000102818012,1.7857143123235022,-1.100000016391277,83.48571552974838,14.600000023841858,261.665570486426
1972-11-27,7.500000111758709,1.757142883326326,-3.500000052154064,82.68571551782745,6.699999809265137,261.696475443234
1972-12-04,10.500000156462193,4.242857206080641,-0.2000000029802322,75.31428683655602,0.3000000119209289,261.727380400042
1972-12-11,11.000000163912771,5.471428652959211,0.1000000014901161,73.98571538818734,4.299999952316284,261.715018417319
1972-12-18,9.100000135600569,2.2428571762783185,-4.000000059604645,80.20000119507313,0.1000000014901161,261.60376057281
1972-12-25,5.000000074505806,-2.1571428892867908,-7.500000111758709,77.04285829088518,0.4000000059604645,261.492502728302
1973-01-01,4.500000067055225,-1.4571428788559777,-8.600000128149986,65.42857240353312,0.0,261.467778762856
1973-01-08,3.6000000536441803,-1.3857143063630377,-7.700000114738941,90.7285727805325,2.6000000536441803,261.44305479741
1973-01-15,5.200000077486038,0.8285714409181049,-3.6000000536441803,86.95714415290526,7.3999998942017555,261.418330831963
1973-01-22,3.700000055134296,-0.5142857219491687,-3.500000052154064,86.50000128895044,1.5,261.480140745579
1973-01-29,4.000000059604645,-0.10000000149011615,-7.400000110268593,86.3285727149674,15.899999856948853,262.184773760798
1973-02-05,7.000000104308128,1.9714286008051463,-1.700000025331974,89.27142990167651,6.299999907612801,262.246583674414
1973-02-12,7.500000111758709,2.8285714707204273,-1.5000000223517418,83.85714410671166,7.699999876320362,262.308393588029
1973-02-19,5.4000000804662704,0.5000000074505806,-2.600000038743019,83.40000124275684,7.800000071525574,262.333117553476
1973-02-26,5.4000000804662704,0.057142857994352,-4.400000065565109,89.01428704070193,28.00000011920929,262.679253069724
1973-03-05,9.80000014603138,1.1428571598870414,-7.000000104308128,85.68571556253093,13.499999858438969,263.420972033112
1973-03-12,8.300000123679638,1.3000000193715096,-3.200000047683716,82.10000122338533,4.600000023841858,263.198456344096
1973-03-19,6.70000009983778,1.671428596334798,-3.200000047683716,82.82857266281333,15.300000190734863,263.173732378649
1973-03-26,19.60000029206276,7.942857261214938,0.4000000059604645,65.94285812548229,0.699999988079071,263.124284447757
1973-04-02,13.90000020712614,6.800000101327896,0.4000000059604645,74.42857253764357,6.40000019222498,263.074836516864
1973-04-09,12.4000001847744,4.500000067055225,-1.3000000193715096,69.67142960961375,8.499999821186066,262.815234879678
1973-04-16,8.600000128149986,1.9714286008051463,-3.1000000461936,81.68571550292629,34.59999976307154,262.839958845125
1973-04-23,13.100000195205212,3.8857143436159407,0.2000000029802322,80.37142976905618,15.200000166893005,263.828917462976
1973-04-30,17.600000262260437,9.328571567577976,0.2000000029802322,68.42857244823661,2.5999999046325684,262.92
1973-05-07,26.30000039190054,14.057143066610609,6.900000102818012,75.27142969306026,34.600000500679016,263.6
1973-05-14,18.50000027567148,9.757143002535615,2.3000000342726707,68.55714387872389,11.199999809265137,263.31
1973-05-21,23.500000350177288,11.52857160036053,-0.1000000014901161,63.32857237224068,19.599999248981476,263.34
1973-05-28,21.000000312924385,13.200000196695328,4.700000070035458,72.2428582193596,7.600000001490116,263.285
1973-06-04,26.600000396370888,16.771428821342333,7.900000117719173,66.8714295678905,21.200000002980232,263.23
1973-06-11,19.10000028461218,13.228571625692505,5.500000081956387,79.11428689318043,31.20000010728836,263.08
1973-06-18,27.80000041425228,14.857143078531537,6.000000089406967,65.52857240502324,8.100000061094761,263.54
1973-06-25,25.80000038444996,16.057143096412933,8.400000125169754,70.68571533901351,4.099999964237213,263.19
1973-07-02,30.200000450015068,20.68571459395545,11.30000016838312,62.60000093281269,2.200000047683716,262.05
1973-07-09,29.50000043958425,20.3857145894851,12.300000183284284,63.91428666668279,19.799999237060547,262.01
1973-07-16,24.600000366568565,17.45714311727456,8.400000125169754,74.58571539712804,19.300000071525574,261.76
1973-07-23,21.60000032186508,15.814285949936934,10.30000015348196,75.11428683357579,20.300000369548798,261.61
1973-07-30,22.500000335276127,14.014285923114844,9.400000140070915,82.87142980630908,49.80000019073486,262.93
1973-08-06,30.70000045746565,19.985714583524636,11.10000016540289,66.0428581269724,7.200000166893005,262.61
1973-08-13,27.60000041127205,17.80000026524067,10.100000150501728,65.45714383253029,11.700000241398811,262.17
1973-08-20,28.50000042468309,19.657143150057113,9.3000001385808,62.60000093281269,15.799999624490736,261.97
1973-08-27,25.80000038444996,15.528571659965175,5.700000084936619,62.142858068857876,0.800000011920929,261.895
1973-09-03,26.00000038743019,16.400000244379044,9.80000014603138,71.07142963047538,11.800000071525574,261.82
1973-09-10,32.100000478327274,19.17142885710512,10.000000149011612,67.82857243929591,6.5,261.69
1973-09-17,25.100000374019142,12.857143048729215,5.900000087916851,69.07142960067306,3.000000037252903,261.22
1973-09-24,22.30000033229589,13.54285734466144,4.90000007301569,73.42857252274241,14.800000369548798,261.17
1973-10-01,18.100000269711018,10.828571589929718,4.000000059604645,71.55714392342738,1.100000023841858,261.19
1973-10-08,22.600000336766243,12.057143036808286,2.200000032782554,76.20000113546848,0.1000000014901161,260.92
1973-10-15,15.100000225007534,7.171428678291185,-2.500000037252903,83.14285838178226,26.099999487400055,261.17
1973-10-22,11.900000177323818,5.600000083446503,1.0000000149011612,82.6142869453345,44.599999725818634,261.12
1973-10-29,12.800000190734863,4.757142928029809,-1.5000000223517418,72.32857250635114,11.399999618530272,262.12
1973-11-05,15.300000227987766,5.100000075995922,-3.000000044703484,67.1142867143665,9.600000143051147,262.0
1973-11-12,12.600000187754633,5.828571515423911,2.200000032782554,80.42857262705054,5.6999999061226845,262.51
1973-11-19,7.500000111758709,3.0857143316950117,-1.3000000193715096,82.20000122487545,17.0999998152256,262.72
1973-11-26,9.80000014603138,3.285714334675244,-2.0000000298023224,79.10000117868185,8.700000166893005,262.525
1973-12-03,-0.2000000029802322,-5.642857226942267,-10.600000157952309,84.5142869736467,13.499999761581421,262.33
1973-12-10,8.100000120699406,0.4000000059604645,-10.600000157952309,85.27142984207187,22.50000035762787,263.4
1973-12-17,2.800000041723252,0.04285714349576405,-9.00000013411045,84.70000126212835,21.40000009536743,263.52
1973-12-24,8.800000131130219,2.1571428892867908,-4.000000059604645,76.12857256297555,0.0,263.54
1973-12-31,5.700000084936619,1.3285714483686857,-2.200000032782554,90.4714299195579,2.300000011920929,263.45
1974-01-07,5.000000074505806,0.9714285859039852,-2.800000041723252,87.00000129640102,12.400000393390656,263.49
1974-01-14,10.000000149011612,3.5714286246470044,-1.700000025331974,80.08571547908443,0.7000000104308128,263.61
1974-01-21,10.80000016093254,5.885714373418263,0.800000011920929,83.50000124424696,23.000000476837158,263.67
1974-01-28,8.100000120699406,3.0857143316950117,-3.000000044703484,84.81428697811705,8.199999779462814,263.6
1974-02-04,10.500000156462193,4.0857143465961725,0.0,79.4000011831522,0.4000000059604644,263.53
1974-02-11,15.100000225007534,4.428571494562285,-1.600000023841858,77.55714401283434,23.599999248981476,263.29
1974-02-18,12.90000019222498,5.200000077486038,-1.100000016391277,82.92857266430345,0.3000000044703483,263.47
1974-02-25,4.000000059604645,0.7428571539265769,-5.700000084936619,92.2857156608786,36.09999983012676,263.63
1974-03-04,7.500000111758709,1.4571428788559777,-4.200000062584877,73.30000109225512,0.0,263.71
1974-03-11,7.700000114738941,1.4714285933545657,-2.0000000298023224,80.14285833707878,4.000000096857548,263.49
1974-03-18,14.40000021457672,5.171428648488862,-1.700000025331974,79.17142975117478,13.200000017881393,263.32
1974-03-25,17.80000026524067,9.285714424082212,2.500000037252903,73.0857153747763,0.1000000014901161,263.29
1974-04-01,19.10000028461218,11.200000166893005,3.400000050663948,69.142858173166,7.099999904632568,263.17
1974-04-08,17.00000025331974,9.628571572048324,1.700000025331974,57.914286577275824,0.0,262.72
1974-04-15,23.100000344216824,8.128571549696582,-2.1000000312924385,58.528572300715105,8.699999809265137,262.42
1974-04-22,13.100000195205212,5.671428655939443,-1.100000016391277,72.6000010818243,5.099999882280827,262.07
1974-04-29,16.00000023841858,6.9428572463137765,-1.100000016391277,74.55714396813086,6.5000001564621925,262.37
1974-05-06,17.600000262260437,9.714285859039851,2.7000000402331352,80.65714405902794,19.0,262.32
1974-05-13,20.30000030249357,9.771428717034203,1.3000000193715096,76.22857256446567,26.4000004529953,262.67
1974-05-20,21.50000032037497,12.500000186264515,4.700000070035458,73.12857251827207,9.40000007301569,262.52
1974-05-27,19.30000028759241,10.914285876921245,3.700000055134296,76.9000011458993,24.800000049173832,262.52
1974-06-03,23.000000342726707,12.885714477726392,5.000000074505806,77.7285725868174,8.400000110268593,262.52
1974-06-10,18.80000028014183,11.52857160036053,4.400000065565109,72.6000010818243,11.199999883770943,262.27
1974-06-17,24.300000362098217,13.61428591715438,6.200000092387199,79.72857261661973,38.90000057220459,262.82
1974-06-24,21.800000324845318,14.642857361052718,7.800000116229057,76.74285828641483,11.400000125169754,263.12
1974-07-01,24.300000362098217,16.257143099393165,11.10000016540289,79.2857154671635,31.800000071525574,262.72
1974-07-08,20.800000309944156,13.928571636123317,7.400000110268593,75.78571541500943,21.899999752640724,263.42
1974-07-15,21.300000317394733,15.957143094922815,11.000000163912771,77.24285829386541,26.70000046491623,263.32
1974-07-22,23.80000035464764,15.071428796010357,9.100000135600569,77.97142973329339,17.40000007301569,263.37
1974-07-29,24.50000036507845,15.885714522429875,8.00000011920929,72.957143944289,9.400000154972076,262.72
1974-08-05,31.000000461936,19.614286006561347,11.500000171363354,68.77142959620271,11.900000214576721,262.32
1974-08-12,22.600000336766243,14.814285935035773,7.000000104308128,74.20000110566616,11.29999989271164,262.37
1974-08-19,34.30000051110983,21.214286030403205,12.800000190734863,68.58571530772107,15.099999904632568,262.19
1974-08-26,26.30000039190054,15.971428809421402,10.600000157952309,79.31428689616067,4.0,262.03
1974-09-02,27.000000402331352,17.528571689767496,10.000000149011612,70.52857247952905,1.6000000312924385,261.87
1974-09-09,26.200000390410423,16.057143096412933,10.100000150501728,70.32857247654881,10.300000190734863,261.57
1974-09-16,26.600000396370888,16.257143099393165,7.300000108778477,71.74285821190902,0.3000000119209289,261.42
1974-09-23,24.600000366568565,13.142857338700976,6.000000089406967,72.97142965878759,25.899999260902405,261.42
1974-09-30,20.60000030696392,9.900000147521496,5.200000077486038,73.30000109225512,21.199999421834946,261.72
1974-10-07,12.600000187754633,7.528571540755885,1.600000023841858,77.51428686933858,11.90000006556511,261.77
1974-10-14,10.600000157952309,6.257142950381551,1.3000000193715096,83.35714409926108,5.199999965727329,261.57
1974-10-21,9.400000140070915,5.1142857904945105,2.200000032782554,91.14285850099155,53.00000014901161,263.37
1974-10-28,8.50000012665987,4.500000067055225,1.80000002682209,89.68571562213558,69.69999980926514,263.545
1974-11-04,5.700000084936619,2.9142857577119554,0.6000000089406967,92.07142994339976,39.10000029951334,263.72
1974-11-11,10.30000015348196,3.8857143436159407,-1.80000002682209,78.60000117123127,0.2000000029802322,263.62
1974-11-18,15.600000232458116,8.771428702133042,4.400000065565109,64.82857239459243,1.7999999523162842,263.37
1974-11-25,9.80000014603138,5.857142944421087,1.600000023841858,82.57142980183873,11.399999968707561,263.07
1974-12-02,10.000000149011612,3.971428630607469,1.100000016391277,87.58571559084314,21.29999965429306,263.37
1974-12-09,10.500000156462193,6.614285812846252,0.2000000029802322,93.60000139474869,58.29999989271164,264.03
1974-12-16,8.50000012665987,1.2857143048729216,-4.700000070035458,85.51428698854787,18.0,263.69
1974-12-23,9.600000143051147,4.128571490091937,0.0,80.51428691404206,8.0,263.67
1974-12-30,12.000000178813934,6.600000098347664,-1.100000016391277,82.54285837284156,28.0,264.02
1975-01-06,7.800000116229057,4.528571496052401,1.100000016391277,91.37142993296895,26.800000250339508,263.72
1975-01-13,9.100000135600569,3.9428572016102925,-2.0000000298023224,83.61428696023566,4.599999904632568,263.57
1975-01-20,12.500000186264517,5.985714374908379,0.9000000134110451,71.38571534944433,0.0,263.22
1975-01-27,7.300000108778477,4.228571491582053,-0.800000011920929,76.88571543140071,12.700000047683716,263.295
1975-02-03,10.30000015348196,4.285714349576405,0.1000000014901161,87.9857155968036,14.000000156462193,263.37
1975-02-10,9.500000141561031,-0.7571428684251649,-5.000000074505806,81.94285836390087,0.0,263.22
1975-02-17,11.60000017285347,1.8857143138136183,-8.00000011920929,78.40000116825104,8.899999976158142,263.19
1975-02-24,7.700000114738941,1.4571428788559777,-4.000000059604645,77.97142973329339,8.799999952316284,263.22
1975-03-03,13.800000205636024,3.328571478171008,-4.500000067055225,70.91428677099091,0.0,263.12
1975-03-10,13.800000205636024,7.728571543736117,1.5000000223517418,70.78571534050363,0.0,262.79
1975-03-17,10.100000150501728,3.8857143436159407,-2.3000000342726707,89.22857275818076,15.099999845027924,262.82
1975-03-24,8.50000012665987,2.2142857472811426,-3.500000052154064,76.37142970945153,19.99999925494194,263.47
1975-03-31,7.000000104308128,1.600000023841858,-3.6000000536441803,79.80000118911266,19.600000202655792,263.62
1975-04-07,8.50000012665987,3.2428571911794797,-1.700000025331974,79.2714297526649,12.699999868869781,263.57
1975-04-14,10.500000156462193,4.400000065565109,-0.9000000134110451,76.91428686039788,19.699999749660492,263.55
1975-04-21,14.100000210106373,7.857142974223409,1.700000025331974,79.20000118017197,24.000000789761543,263.59
1975-04-28,17.00000025331974,9.400000140070915,2.600000038743019,71.64285821041891,0.2000000029802322,262.87
1975-05-05,22.600000336766243,10.500000156462193,3.700000055134296,67.14285814336368,9.000000394880772,262.67
1975-05-12,22.500000335276127,13.800000205636024,6.900000102818012,73.64285824022123,23.0999998152256,262.57
1975-05-19,24.300000362098217,15.114285939506122,3.6000000536441803,71.84285821339914,10.699999809265137,262.62
1975-05-26,15.900000236928465,10.328571582479137,3.200000047683716,68.67142959471259,1.399999976158142,262.37
1975-06-02,21.60000032186508,11.171428737895829,2.3000000342726707,67.3571438608425,2.0,262.12
1975-06-09,22.000000327825543,12.400000184774399,5.000000074505806,62.17142949785505,13.499999761581421,261.97
1975-06-16,24.50000036507845,16.828571679336683,11.10000016540289,79.68571547312396,20.599999740719795,261.57
1975-06-23,25.700000382959843,17.171428827302798,10.80000016093254,81.61428693043334,38.09999976307154,262.07
1975-06-30,25.80000038444996,14.98571450901883,9.500000141561031,76.9000011458993,17.40000043064356,262.29
1975-07-07,25.80000038444996,18.45714313217572,9.00000013411045,68.28571530325073,6.5,262.01
1975-07-14,29.300000436604023,21.428571747882025,15.300000227987766,62.27142949934517,8.399999976158142,261.62
1975-07-21,27.60000041127205,18.15714312770537,13.300000198185444,72.52857250933137,20.899999797344208,261.81
1975-07-28,25.80000038444996,16.328571671886102,10.000000149011612,74.14285824767181,9.300000011920929,261.68
1975-08-04,27.700000412762165,20.200000301003456,11.500000171363354,64.7428581076009,4.299999810755253,261.55
1975-08-11,31.600000470876694,23.20000034570694,12.4000001847744,54.942857961569516,0.0,261.49
1975-08-18,31.100000463426117,19.01428599762065,7.700000114738941,66.57142956342015,22.099999643862247,261.31
1975-08-25,27.3000004068017,16.485714531370572,11.000000163912771,80.74285834601947,94.40000027418137,261.49
1975-09-01,25.80000038444996,17.671428834753378,9.00000013411045,73.11428680377347,0.9000000283122063,262.07
1975-09-08,27.000000402331352,16.385714529880456,7.500000111758709,74.70000111311674,6.599999904632568,261.94
1975-09-15,24.300000362098217,15.41428594397647,9.3000001385808,70.48571533603328,29.199999511241916,261.89
1975-09-22,30.300000451505184,17.42857168827738,8.50000012665987,78.3285725957581,0.2000000029802322,261.9
1975-09-29,23.600000351667404,16.84285739383527,9.00000013411045,70.80000105500221,2.800000049173832,261.97
1975-10-06,23.500000350177288,14.028571637613434,8.00000011920929,78.02857259128776,10.799999840557575,261.62
1975-10-13,12.10000018030405,5.500000081956387,-1.3000000193715096,85.17142984058175,13.700000360608101,261.82
1975-10-20,16.00000023841858,7.557142969753061,3.200000047683716,87.95714416780642,9.899999797344208,261.79
1975-10-27,15.100000225007534,6.98571438980954,0.9000000134110451,89.67142990763698,7.299999952316284,261.505
1975-11-03,18.0000002682209,7.885714403220585,-1.100000016391277,73.64285824022123,0.0,261.22
1975-11-10,9.900000147521496,5.471428652959211,2.3000000342726707,84.57142983164105,0.9999999776482582,261.72
1975-11-17,6.200000092387199,2.2142857472811426,-1.100000016391277,83.42857267175403,3.100000023841858,261.57
1975-11-24,7.300000108778477,-0.14285714498588017,-9.3000001385808,86.80000129342079,22.199999451637268,261.67
1975-12-01,9.80000014603138,2.400000035762787,-9.600000143051147,84.17142982568059,5.099999822676182,261.77
1975-12-08,8.50000012665987,3.9285714871117046,0.2000000029802322,83.65714410373143,9.299999967217445,261.82
1975-12-15,4.500000067055225,0.7000000104308128,-5.500000081956387,89.31428704517228,3.399999976158142,262.02
1975-12-22,3.700000055134296,-1.600000023841858,-11.900000177323818,86.62857271943774,1.3000000193715096,261.99
1975-12-29,6.900000102818012,2.485714322754315,-1.700000025331974,85.80000127851963,16.200000047683716,262.92
1976-01-05,8.300000123679638,2.0571428877966746,-3.700000055134296,85.58571556104081,23.899999737739563,263.34
1976-01-12,8.00000011920929,4.0857143465961725,-4.000000059604645,88.98571561170476,39.700000524520874,263.87
1976-01-19,7.700000114738941,1.7428571688277381,-3.500000052154064,90.7142870660339,31.90000033378601,263.87
1976-01-26,6.900000102818012,0.028571428997176036,-9.00000013411045,87.71428702133042,25.800000071525574,263.695
1976-02-02,0.5000000074505806,-6.400000095367432,-14.600000217556952,84.10000125318766,0.2000000029802322,263.52
1976-02-09,2.200000032782554,-1.1857143033828055,-6.500000096857548,83.07142980928931,0.0,263.22
1976-02-16,4.000000059604645,-1.2714285903743334,-7.300000108778477,88.5714298912457,8.900000102818012,263.57
1976-02-23,8.50000012665987,0.6142857234392848,-3.400000050663948,83.94285839370319,0.0,263.47
1976-03-01,14.100000210106373,5.385714365967682,-3.000000044703484,77.88571544630187,0.3000000119209289,263.42
1976-03-08,5.700000084936619,-2.1142857457910265,-7.000000104308128,78.45714402624539,0.0,263.12
1976-03-15,6.200000092387199,-0.828571440918105,-8.300000123679638,69.71428675310952,1.2000000029802322,262.82
1976-03-22,5.000000074505806,-1.642857167337622,-8.800000131130219,86.5571441469448,10.699999913573265,262.52
1976-03-29,16.00000023841858,3.8285714856215884,-8.00000011920929,77.51428686933858,9.099999964237213,263.27
1976-04-05,21.60000032186508,9.857143004025732,1.80000002682209,68.38571530474084,4.100000023841858,263.02
1976-04-12,15.000000223517418,4.485714352556637,-3.500000052154064,70.98571534348386,0.3000000044703483,262.74
1976-04-19,20.10000029951334,10.171428722994667,3.200000047683716,68.94285817018577,1.0999999791383743,262.47
1976-04-26,14.600000217556952,4.214285777083465,-2.7000000402331352,75.54285826853344,8.400000005960464,262.42
1976-05-03,18.6000002771616,5.757142942930971,-4.000000059604645,64.55714381911925,5.199999898672104,262.37
1976-05-10,26.700000397861004,15.585714517959527,6.000000089406967,49.74285788408348,0.0,261.87
1976-05-17,25.300000376999375,12.700000189244747,3.9000000581145287,57.68571514529841,0.3000000044703483,261.92
1976-05-24,24.50000036507845,12.728571618241924,4.500000067055225,72.40000107884407,19.89999943226576,261.82
1976-05-31,18.0000002682209,11.542857314859118,5.500000081956387,77.28571543736118,20.099999725818634,261.99
1976-06-07,22.500000335276127,12.285714468785695,6.200000092387199,73.52857252423253,13.899999715387821,261.74
1976-06-14,23.300000347197056,16.50000024586916,8.600000128149986,57.27142942483936,0.1000000014901161,261.82
1976-06-21,24.600000366568565,15.600000232458115,7.300000108778477,66.95714385488203,16.500000573694706,261.71
1976-06-28,32.20000047981739,21.371428889887675,9.100000135600569,50.7857150424804,0.0,261.63
1976-07-05,32.80000048875809,22.100000329315662,12.300000183284284,41.45714347490242,0.0,261.39
1976-07-12,28.300000421702865,19.242857429598057,10.30000015348196,53.47142936821495,1.800000011920929,261.21
1976-07-19,35.60000053048134,23.214286060205527,15.600000232458116,61.92857235137905,12.300000049173832,261.05
1976-07-26,25.100000374019142,17.07142882581268,11.800000175833702,72.75714394130877,0.8000000193715093,261.0
1976-08-02,23.600000351667404,15.12857165400471,8.00000011920929,65.9285724109837,12.800000071525574,260.95
1976-08-09,22.500000335276127,15.014285938016005,8.50000012665987,69.385715319642,10.100000202655792,261.06
1976-08-16,25.00000037252903,17.58571454776185,8.100000120699406,61.257143769945415,0.3000000119209289,260.75
1976-08-23,22.800000339746475,14.757143077041421,5.000000074505806,69.27142960365329,20.09999991953373,260.62
1976-08-30,27.80000041425228,18.471428846674307,7.700000114738941,59.00000087916851,3.4000000953674316,260.42
1976-09-06,20.30000030249357,12.928571621222156,7.300000108778477,75.71428684251649,4.299999892711639,260.45
1976-09-13,26.600000396370888,15.014285938016005,7.400000110268593,63.20000094175339,4.5,260.43
1976-09-20,20.60000030696392,11.628571601850647,8.100000120699406,82.47142980034862,9.199999906122684,260.16
1976-09-27,23.300000347197056,13.1142859097038,5.700000084936619,75.75714398601225,6.5000001192092896,260.24
1976-10-04,21.1000003144145,13.771428776638848,8.00000011920929,89.1714299001864,9.399999916553497,260.32
1976-10-11,23.80000035464764,14.47142878706966,5.700000084936619,76.12857256297555,4.1999999061226845,260.22
1976-10-18,21.60000032186508,9.271428709583622,1.0000000149011612,86.48571557445186,15.300000101327896,260.27
1976-10-25,16.100000239908695,7.05714296230248,1.80000002682209,78.94285831919738,0.0,260.34
1976-11-01,12.300000183284284,4.928571502012866,-0.4000000059604645,85.87142985101256,3.0999999046325684,260.0
1976-11-08,14.500000216066836,7.300000108778477,1.100000016391277,82.1428583668811,14.399999618530272,260.0
1976-11-15,13.100000195205212,6.514285811356136,2.7000000402331352,85.7285727060267,11.100000061094761,260.27
1976-11-22,5.000000074505806,1.9285714573093826,-1.600000023841858,90.58571563554662,19.70000083744526,260.52
1976-11-29,8.50000012665987,3.1285714751907756,-1.600000023841858,87.1428584413869,19.500000327825546,260.67
1976-12-06,10.900000162422655,2.9285714722105434,-1.100000016391277,80.51428691404206,2.8000001013278966,260.82
1976-12-13,6.70000009983778,1.8000000268220901,-2.0000000298023224,87.24285844287702,26.099999994039536,260.9
1976-12-20,4.000000059604645,-1.8285714558192663,-5.500000081956387,87.64285844883749,7.799999788403511,260.89
1976-12-27,4.500000067055225,-1.3142857338700975,-8.00000011920929,82.54285837284156,4.799999937415123,260.83
1977-01-03,4.200000062584877,-3.071428617196424,-14.800000220537186,76.61428685592753,5.100000098347664,260.77
1977-01-10,2.7000000402331352,3.172065784643304e-17,-4.500000067055225,86.80000129342079,6.400000110268593,260.62
1977-01-17,3.700000055134296,-0.4142857204590525,-7.700000114738941,81.58571550143617,3.7000000998377804,260.74
1977-01-24,7.800000116229057,0.5142857219491687,-5.500000081956387,81.68571550292629,3.4999999925494194,260.74
1977-01-31,9.400000140070915,2.714285754731723,-6.000000089406967,82.75714409032038,17.299999237060547,262.47
1977-02-07,7.500000111758709,0.3428571479661124,-10.900000162422655,79.14285832217762,10.599999815225601,262.32
1977-02-14,11.000000163912771,4.142857204590525,-0.2000000029802322,81.80000121891499,5.599999964237213,262.65
1977-02-21,11.900000177323818,4.342857207570757,-1.700000025331974,78.50000116974115,11.800000287592411,262.68
1977-02-28,13.800000205636024,2.7857143272246634,-5.500000081956387,78.61428688572985,6.799999907612801,262.61
1977-03-07,11.900000177323818,4.871428644018514,-3.400000050663948,77.88571544630187,5.599999964237213,262.56
1977-03-14,17.00000025331974,8.585714413651399,1.80000002682209,76.55714399793318,27.499999225139618,263.33
1977-03-21,17.80000026524067,8.00000011920929,1.3000000193715096,76.95714400389365,14.900000125169754,263.48
1977-03-28,16.00000023841858,7.500000111758709,-0.5000000074505806,88.47142988975558,13.800000190734863,263.505
1977-04-04,14.100000210106373,2.2142857472811426,-7.200000107288361,71.82857249890056,3.8999999091029167,263.53
1977-04-11,6.900000102818012,1.9714286008051463,-3.000000044703484,81.08571549398559,8.900000050663948,263.3
1977-04-18,12.600000187754633,3.6142857681427683,-1.5000000223517418,80.10000119358301,24.799999833106995,263.16
1977-04-25,16.800000250339508,7.442857253764357,-1.3000000193715096,71.38571534944433,7.700000196695328,263.4
1977-05-02,17.80000026524067,10.414285869470664,0.5000000074505806,78.97142974819455,15.400000289082527,263.19
1977-05-09,27.000000402331352,12.68571447474616,4.500000067055225,72.41428679334265,10.400000214576721,262.86
1977-05-16,20.60000030696392,12.214285896292754,6.000000089406967,72.08571535987514,12.200000286102297,262.6
1977-05-23,16.800000250339508,9.900000147521496,5.000000074505806,74.68571539861816,4.999999798834324,262.19
1977-05-30,22.100000329315662,12.000000178813934,2.200000032782554,57.600000858306885,1.5,261.39
1977-06-06,15.900000236928465,10.51428587096078,3.000000044703484,75.12857254807439,17.30000050365925,261.61
1977-06-13,28.300000421702865,18.114285984209605,7.400000110268593,70.77142962600503,1.6999999657273293,261.47
1977-06-20,29.10000043362379,16.91428596632821,12.600000187754633,87.65714416333607,77.2999999076128,263.49
1977-06-27,25.600000381469727,16.35714310088328,9.3000001385808,76.47142971094165,8.90000019222498,263.1
1977-07-04,23.300000347197056,16.84285739383527,10.100000150501728,69.41428674863917,2.5,262.71
1977-07-11,25.00000037252903,16.271428813891752,11.30000016838312,82.40000122785568,34.799999713897705,262.66
1977-07-18,27.000000402331352,15.714285948446818,7.800000116229057,71.22857248995986,10.499999761581421,262.15
1977-07-25,23.300000347197056,15.514285945466586,10.30000015348196,76.32857256595578,36.09999942779541,262.27
1977-08-01,25.100000374019142,16.142857383404458,10.100000150501728,72.02857250188079,22.399999141693115,262.32
1977-08-08,24.8000003695488,17.700000263750553,11.800000175833702,75.01428683208567,5.699999809265137,262.59
1977-08-15,23.000000342726707,15.214285940996238,12.000000178813934,85.02857269559588,61.199999272823334,263.34
1977-08-22,21.60000032186508,15.171428797500473,9.100000135600569,80.95714406349829,30.599999725818634,263.29
1977-08-29,23.80000035464764,15.985714523919992,8.900000132620335,74.11428681867463,5.299999952316284,263.54
1977-09-05,26.700000397861004,18.21428598569972,12.4000001847744,84.400001257658,38.19999957084656,263.56
1977-09-12,22.800000339746475,14.171428782599312,6.900000102818012,81.97142979289804,24.299999818205833,263.53
1977-09-19,15.100000225007534,8.928571561617511,2.500000037252903,76.82857257340636,6.000000186264515,263.02
1977-09-26,13.600000202655792,8.628571557147163,2.7000000402331352,84.18571554017919,6.500000074505806,262.72
1977-10-03,16.100000239908695,9.6571430010455,2.200000032782554,75.30000112205744,9.899999797344208,262.42
1977-10-10,22.100000329315662,13.885714492627553,4.700000070035458,78.41428688274962,12.800000429153444,262.29
1977-10-17,16.800000250339508,9.385714425572328,3.500000052154064,80.98571549249547,0.0,262.35
1977-10-24,21.60000032186508,11.95714303531817,2.7000000402331352,71.01428677248103,8.100000381469727,262.61
1977-10-31,15.300000227987766,9.714285859039851,4.000000059604645,88.24285845777818,8.299999929964542,262.67
1977-11-07,15.600000232458116,9.371428711073738,2.600000038743019,79.12857260767903,34.60000014305115,263.45
1977-11-14,15.500000230968,9.114285850099154,1.100000016391277,77.74285830131599,45.400000154972076,263.75
1977-11-21,8.600000128149986,3.17142861868654,0.800000011920929,77.78571544481176,5.700000084936619,263.61
1977-11-28,5.900000087916851,1.4714285933545657,-4.500000067055225,86.45714414545468,18.40000007301569,263.49
1977-12-05,2.200000032782554,-1.9714286008051463,-9.3000001385808,90.00000134110451,5.5,263.38
1977-12-12,4.500000067055225,0.10000000149011605,-9.900000147521496,84.82857269261565,5.799999907612801,263.3
1977-12-19,6.70000009983778,3.2142857621823038,-2.200000032782554,88.25714417227677,8.399999856948853,263.36
1977-12-26,14.000000208616257,3.8428572001201764,-4.400000065565109,81.97142979289804,9.399999976158142,263.37
1978-01-02,6.900000102818012,2.7000000402331352,-0.6000000089406967,81.75714407541922,14.100000143051147,263.38
1978-01-09,4.200000062584877,-0.4000000059604645,-8.00000011920929,84.21428696917636,8.899999894201756,263.05
1978-01-16,4.000000059604645,0.9142857279096331,-2.200000032782554,82.05714407988957,0.3000000119209289,263.03
1978-01-23,2.1000000312924385,0.11428571598870414,-3.500000052154064,82.9857155222978,0.7000000029802322,262.94
1978-01-30,5.000000074505806,1.700000025331974,-1.3000000193715096,80.81428691851241,11.100000202655792,263.37
1978-02-06,2.3000000342726707,-1.0142857293997491,-5.000000074505806,87.78571559382337,4.90000007301569,263.24
1978-02-13,1.100000016391277,-4.000000059604645,-9.500000141561031,85.0000012665987,3.5,262.92
1978-02-20,-0.4000000059604645,-5.771428657429559,-13.300000198185444,81.61428693043334,4.100000023841858,262.51
1978-02-27,14.800000220537186,4.442857209060874,-12.90000019222498,73.82857252870288,2.600000038743019,262.88
1978-03-06,13.100000195205212,5.428571509463446,-1.3000000193715096,79.55714404263666,1.3999999538064003,262.93
1978-03-13,10.30000015348196,4.300000064074993,-1.3000000193715096,76.20000113546848,16.400000013411045,262.94
1978-03-20,11.500000171363354,3.371428621666772,-2.800000041723252,77.24285829386541,27.0999998152256,263.34
1978-03-27,8.00000011920929,3.0285714737006595,-2.500000037252903,77.68571544332164,9.700000137090683,263.2
1978-04-03,19.60000029206276,10.257143009986196,4.90000007301569,78.47142974074397,0.9000000134110451,263.06
1978-04-10,15.500000230968,4.82857150052275,-3.9000000581145287,68.48571530623096,4.100000001490116,262.56
1978-04-17,11.000000163912771,3.7857143421258246,-1.100000016391277,70.5714296230248,4.900000013411045,261.82
1978-04-24,16.800000250339508,7.685714400240353,-1.100000016391277,71.47142963643584,4.399999976158142,261.3
1978-05-01,17.30000025779009,8.957142990614686,0.5000000074505806,74.94285825959274,6.900000095367432,261.81
1978-05-08,21.60000032186508,11.300000168383121,3.200000047683716,77.91428687529904,76.7999997138977,262.23
1978-05-15,14.100000210106373,5.800000086426735,-2.800000041723252,76.08571541947978,19.600000321865082,263.44
1978-05-22,21.1000003144145,12.628571616751808,3.6000000536441803,74.44285825214216,21.200000122189522,263.23
1978-05-29,22.800000339746475,14.785714506038598,7.500000111758709,71.70000106841326,10.500000216066837,262.55
1978-06-05,28.80000042915344,19.6714288645557,9.400000140070915,57.542858000312535,1.899999976158142,262.38
1978-06-12,25.300000376999375,15.071428796010357,7.400000110268593,71.22857248995986,5.3999998569488525,262.47
1978-06-19,21.60000032186508,12.771428761737686,4.700000070035458,69.68571532411235,23.100000478327274,262.0
1978-06-26,21.800000324845318,14.000000208616257,7.400000110268593,70.2285724750587,7.899999834597111,261.705
1978-07-03,24.50000036507845,14.314285927585193,7.900000117719173,74.92857254509416,11.799999952316284,261.41
1978-07-10,17.80000026524067,12.614285902253219,8.100000120699406,78.38571545375245,31.800000071525574,261.49
1978-07-17,22.800000339746475,14.214285926095076,7.300000108778477,71.00000105798244,0.1000000014901161,261.92
1978-07-24,23.600000351667404,14.057143066610609,6.500000096857548,71.90000107139349,14.599999815225601,261.65
1978-07-31,30.300000451505184,21.800000324845314,13.90000020712614,56.97142942036901,0.0,261.63
1978-08-07,28.80000042915344,19.028571712119238,13.500000201165676,63.928572381181375,41.900001503527164,261.49
1978-08-14,20.60000030696392,13.500000201165676,9.00000013411045,80.71428691702229,63.79999864101409,262.83
1978-08-21,25.80000038444996,16.457143102373397,8.600000128149986,69.70000103861094,7.200000047683716,262.02
1978-08-28,27.3000004068017,13.68571448964732,6.200000092387199,73.75714395620993,3.5,262.01
1978-09-04,17.100000254809856,10.485714441963605,7.000000104308128,82.35714408435992,39.299999713897705,262.0
1978-09-11,21.50000032037497,13.700000204145908,5.500000081956387,80.58571548653501,25.99999976158142,262.39
1978-09-18,20.000000298023224,12.757143047239099,7.400000110268593,76.24285827896425,9.900000385940077,262.49
1978-09-25,21.000000312924385,11.500000171363354,5.000000074505806,83.4571441007512,44.40000104904175,263.11
1978-10-02,16.50000024586916,8.685714415141515,4.500000067055225,85.30000127106905,26.199999630451202,263.45
1978-10-09,23.300000347197056,10.52857158545937,5.700000084936619,84.72857269112554,37.79999981075525,263.39
1978-10-16,24.100000359117985,12.800000190734863,6.200000092387199,73.65714395471981,2.0999999046325684,262.82
1978-10-23,12.000000178813934,6.442857238863196,3.000000044703484,85.78571556402105,15.000000357627869,262.28
1978-10-30,12.800000190734863,7.485714397260121,1.80000002682209,85.25714412757328,13.700000047683716,262.27
1978-11-06,11.30000016838312,6.328571522874491,0.6000000089406967,87.82857273731913,0.0,261.86
1978-11-13,10.30000015348196,1.8571428848164422,-4.000000059604645,82.07142979438815,0.0,261.37
1978-11-20,12.000000178813934,7.042857247803893,2.3000000342726707,71.21428677546126,0.0,261.12
1978-11-27,9.500000141561031,4.814285786024162,-1.100000016391277,82.24285836837122,5.199999988079071,261.145
1978-12-04,2.0000000298023224,-0.6571428669350488,-6.000000089406967,90.02857277010169,30.49999914318323,261.17
1978-12-11,8.100000120699406,-2.385714321264199,-12.300000183284284,81.97142979289804,15.000000096857548,261.68
1978-12-18,9.500000141561031,2.628571467740195,-7.400000110268593,82.72857266132321,12.800000101327896,263.37
1978-12-25,7.900000117719173,-0.9000000134110451,-10.000000149011612,87.42857273135867,2.4999999552965164,263.06
1979-01-01,11.000000163912771,-1.9714286008051467,-20.800000309944156,84.37142982866082,50.40000021457672,262.74
1979-01-08,1.80000002682209,-9.528571570558208,-18.80000028014183,81.70000121742487,12.90000019222498,262.49
1979-01-15,3.400000050663948,-1.1285714453884534,-5.200000077486038,85.38571555806058,18.600000143051147,262.52
1979-01-22,-1.80000002682209,-5.500000081956387,-11.900000177323818,90.54285849205085,9.800000190734863,262.32
1979-01-29,3.9000000581145287,-1.3142857338700975,-9.100000135600569,83.95714410820177,8.199999906122684,262.92
1979-02-05,4.200000062584877,-0.14285714498588015,-4.200000062584877,84.12857268218484,12.099999882280827,263.36
1979-02-12,3.400000050663948,-2.8000000417232513,-9.100000135600569,79.44285832664796,9.600000001490116,263.24
1979-02-19,2.500000037252903,-3.071428617196424,-8.100000120699406,90.18571562958616,10.099999785423279,263.1
1979-02-26,4.90000007301569,-2.1285714602896144,-6.900000102818012,80.32857262556043,0.5000000074505805,262.52
1979-03-05,8.300000123679638,1.8714285993150301,-5.200000077486038,75.90000113099813,10.500000238418579,263.64
1979-03-12,9.00000013411045,2.9428571867091313,-3.200000047683716,79.17142975117478,15.100000500679016,263.34
1979-03-19,7.400000110268593,2.571428609745843,-2.200000032782554,84.60000126063824,21.999999463558197,263.16
1979-03-26,14.100000210106373,5.04285721800157,-1.600000023841858,71.35714392044714,8.69999971985817,263.26
1979-04-02,13.100000195205212,4.342857207570757,-0.2000000029802322,83.00000123679638,32.19999984651804,263.36
1979-04-09,8.50000012665987,3.1000000461935997,-1.100000016391277,84.02857268069472,36.499999441206455,263.54
1979-04-16,17.30000025779009,9.80000014603138,-0.800000011920929,68.47142959173236,1.3000000044703484,262.61
1979-04-23,12.500000186264517,5.171428648488862,-1.3000000193715096,76.44285828194448,8.59999993443489,261.59
1979-04-30,13.600000202655792,7.1000001057982445,2.200000032782554,76.44285828194448,10.200000166893005,260.87
1979-05-07,10.500000156462193,4.300000064074993,0.0,72.32857250635114,9.200000002980232,260.92
1979-05-14,20.10000029951334,10.114285865000316,1.100000016391277,66.42857241843429,3.4000000059604645,260.17
1979-05-21,26.00000038743019,17.471428831773146,8.100000120699406,61.8714294933847,6.700000047683716,261.31
1979-05-28,26.50000039488077,16.37142881538187,6.400000095367432,62.21428664135082,19.49999924004078,261.465
1979-06-04,31.300000466406345,22.68571462375777,8.600000128149986,49.88571502906935,0.0,261.62
1979-06-11,29.50000043958425,16.828571679336683,8.900000132620335,75.07142969008002,38.30000028759241,261.27
1979-06-18,26.200000390410423,14.642857361052718,8.50000012665987,75.78571541500943,15.90000033378601,260.62
1979-06-25,27.80000041425228,18.45714313217572,10.80000016093254,67.6000010073185,1.2999999523162842,260.97
1979-07-02,24.300000362098217,14.871428793030125,6.900000102818012,71.25714391895703,17.09999953210354,260.27
1979-07-09,19.30000028759241,13.571428773658615,7.000000104308128,76.24285827896425,24.899999856948853,260.39
1979-07-16,25.100000374019142,15.20000022649765,8.100000120699406,74.62857254062381,7.400000095367432,260.09
1979-07-23,21.800000324845318,14.442857358072485,10.500000156462193,75.74285827151367,10.00000000745058,260.14
1979-07-30,25.50000037997961,15.614285946956702,10.500000156462193,80.02857262109008,38.89999997615814,260.65
1979-08-06,24.100000359117985,17.685714549251966,10.30000015348196,71.1714296319655,8.200000002980232,260.01
1979-08-13,25.50000037997961,15.957143094922815,8.50000012665987,71.62857249592032,11.099999576807022,259.95
1979-08-20,28.60000042617321,18.485714561172895,11.500000171363354,69.2571438891547,0.0,260.37
1979-08-27,21.60000032186508,13.942857350621905,7.900000117719173,76.07142970498118,17.599999979138374,260.12
1979-09-03,28.50000042468309,16.41428595887763,9.500000141561031,68.22857244525638,11.300000429153442,259.87
1979-09-10,25.300000376999375,14.91428593652589,6.900000102818012,78.34285831025669,3.799999952316284,259.4
1979-09-17,21.300000317394733,12.657143045748983,3.200000047683716,73.0857153747763,2.200000047683716,259.62
1979-09-24,22.800000339746475,11.942857320819583,6.200000092387199,82.45714408585003,62.19999971985817,259.66
1979-10-01,18.30000027269125,9.6571430010455,2.200000032782554,77.80000115931034,0.6000000089406967,259.35
1979-10-08,18.6000002771616,9.44285728356668,0.6000000089406967,67.88571529729026,0.0,259.37
1979-10-15,21.800000324845318,13.171428767698151,6.800000101327896,72.98571537328618,0.0,258.85
1979-10-22,17.30000025779009,8.514285841158458,1.600000023841858,82.21428693937403,4.300000004470348,258.72
1979-10-29,9.80000014603138,3.0000000447034836,-1.5000000223517418,64.65714382060936,0.0,260.09
1979-11-05,8.50000012665987,5.028571503502982,0.5000000074505806,85.58571556104081,26.100000381469727,260.37
1979-11-12,10.400000154972076,4.014285774103233,-2.1000000312924385,77.78571544481176,23.299999713897705,260.63
1979-11-19,4.700000070035458,1.7285714543291502,-2.600000038743019,89.80000133812428,20.199999667704105,261.47
1979-11-26,6.70000009983778,1.6142857383404459,-0.5000000074505806,85.9571441380041,3.9000000879168515,261.345
1979-12-03,13.300000198185444,7.914285832217762,2.7000000402331352,74.64285825512239,3.2000000029802322,261.22
1979-12-10,13.000000193715096,8.685714415141515,4.500000067055225,79.02857260618892,24.100000336766243,261.03
1979-12-17,10.000000149011612,2.9857143302048956,-4.90000007301569,82.94285837880203,28.90000040829182,262.57
1979-12-24,6.500000096857548,1.1428571598870414,-3.000000044703484,84.82857269261565,11.600000381469728,262.5
1979-12-31,3.9000000581145287,0.7571428684251647,-3.500000052154064,82.55714408734015,17.000000298023224,262.7
1980-01-07,3.1000000461936,-1.5000000223517418,-9.80000014603138,89.15714418568781,17.200000166893005,262.14
1980-01-14,-0.2000000029802322,-7.928571546716349,-16.600000247359276,87.6142870198403,0.1000000014901161,262.27
1980-01-21,0.6000000089406967,-6.671428670840604,-15.300000227987766,84.91428697960717,0.1000000014901161,261.75
1980-01-28,4.000000059604645,-1.3285714483686857,-12.500000186264517,83.51428695874554,10.199999816715717,262.41
1980-02-04,7.400000110268593,1.528571451348918,-5.900000087916851,82.92857266430345,25.299999713897705,263.07
1980-02-11,10.500000156462193,5.414285794964859,-1.3000000193715096,80.828572633011,25.09999930858612,263.73
1980-02-18,6.000000089406967,1.8714285993150301,-1.5000000223517418,83.58571553123849,5.3999999538064,263.24
1980-02-25,9.900000147521496,2.0428571732980862,-2.800000041723252,67.91428672628743,0.0,262.72
1980-03-03,6.200000092387199,-0.45714286395481657,-5.000000074505806,83.32857267026391,8.799999982118607,261.89
1980-03-10,9.00000013411045,1.4428571643573898,-5.900000087916851,80.25714405306748,12.599999763071537,262.16
1980-03-17,10.400000154972076,3.0142857592020715,-1.3000000193715096,76.62857257042613,0.0,262.89
1980-03-24,6.000000089406967,-1.0000000149011612,-7.800000116229057,77.3714297243527,4.700000107288361,262.37
1980-03-31,14.300000213086603,6.41428580986602,-2.200000032782554,75.95714398899248,7.3999999538064,262.47
1980-04-07,12.000000178813934,3.6571429116385326,-1.600000023841858,79.55714404263666,38.20000038295984,263.58
1980-04-14,17.600000262260437,5.357142936970506,0.0,73.72857252721276,11.100000001490116,263.12
1980-04-21,21.1000003144145,7.728571543736117,-1.100000016391277,64.00000095367432,5.199999816715717,262.38
1980-04-28,8.400000125169754,2.8285714707204273,-0.800000011920929,87.05714415439537,80.70000100880861,263.58
1980-05-05,16.00000023841858,7.271428679781301,-1.80000002682209,67.62857243631568,0.0,262.87
1980-05-12,18.0000002682209,9.914285862020083,0.4000000059604645,60.0857151810612,5.200000047683716,262.64
1980-05-19,19.10000028461218,9.828571575028556,-0.2000000029802322,49.77142931308065,0.0,262.34
1980-05-26,21.000000312924385,10.828571589929718,1.3000000193715096,58.37142944123064,0.0,261.79
1980-06-02,22.600000336766243,12.985714479216508,6.500000096857548,67.70000100880861,9.09999980032444,261.24
1980-06-09,23.100000344216824,16.2142859558974,7.700000114738941,66.35714384594134,5.799999892711639,260.55
1980-06-16,29.300000436604023,18.557143133665836,11.900000177323818,67.18571528685945,17.400000244379044,260.8
1980-06-23,21.300000317394733,13.942857350621905,8.50000012665987,70.67142962451491,16.40000019967556,260.95
1980-06-30,18.30000027269125,11.985714464315347,8.00000011920929,77.34285829535553,31.000000156462193,261.03
1980-07-07,20.10000029951334,13.571428773658615,8.900000132620335,78.62857260022845,26.299999594688416,260.82
1980-07-14,20.500000305473804,13.642857346151557,8.600000128149986,80.4714297705463,20.299999833106995,260.79
1980-07-21,21.300000317394733,14.314285927585193,9.80000014603138,75.92857255999532,60.6999998241663,261.7
1980-07-28,25.80000038444996,17.50000026077032,8.00000011920929,73.87142967219863,9.599999904632568,261.945
1980-08-04,31.80000047385693,19.828571724040167,10.80000016093254,72.97142965878759,3.1999999061226845,262.19
1980-08-11,25.100000374019142,17.571428833263262,10.500000156462193,70.77142962600503,1.600000023841858,261.87
1980-08-18,25.600000381469727,17.14285739830562,10.000000149011612,72.05714393087796,9.199999809265137,261.53
1980-08-25,22.800000339746475,13.32857162718262,7.700000114738941,74.47142968113933,21.19999996572733,261.3
1980-09-01,26.100000388920307,15.828571664435524,5.000000074505806,70.72857248250928,30.399999380111694,260.62
1980-09-08,27.200000405311584,15.400000229477882,5.500000081956387,69.27142960365329,8.700000166893005,260.88
1980-09-15,18.0000002682209,12.90000019222498,9.500000141561031,79.21428689467055,19.49999976158142,260.81
1980-09-22,24.600000366568565,14.800000220537186,10.100000150501728,77.18571543587106,3.700000047683716,260.92
1980-09-29,20.60000030696392,12.928571621222156,4.90000007301569,82.95714409330061,12.499999620020388,260.97
1980-10-06,15.300000227987766,10.171428722994667,2.600000038743019,75.02857254658427,9.300000049173832,260.87
1980-10-13,17.00000025331974,7.700000114738941,-0.5000000074505806,79.10000117868185,53.10000038146973,262.37
1980-10-20,17.50000026077032,7.885714403220585,1.80000002682209,82.3714297988585,11.50000035762787,262.28
1980-10-27,15.100000225007534,8.028571548206466,1.0000000149011612,75.2142868350659,8.40000019222498,262.305
1980-11-03,19.10000028461218,3.6142857681427683,-6.000000089406967,75.38571540904897,4.80000002682209,262.33
1980-11-10,2.0000000298023224,-2.1142857457910265,-5.4000000804662704,90.08571562809604,19.000000476837158,262.28
1980-11-17,12.600000187754633,4.385714351066521,-4.200000062584877,79.5142868991409,11.600000098347664,262.49
1980-11-24,13.800000205636024,9.314285853079387,3.1000000461936,75.30000112205744,2.0,262.42
1980-12-01,11.400000169873238,0.30000000447034836,-8.100000120699406,81.9000012204051,18.9999997317791,262.45
1980-12-08,1.80000002682209,-5.671428655939443,-11.000000163912771,86.35714414396456,19.099999763071537,262.19
1980-12-15,10.600000157952309,3.38571433616536,-9.600000143051147,76.10000113397837,13.8999999538064,263.62
1980-12-22,6.000000089406967,1.2428571613771575,-2.500000037252903,81.14285835197994,1.6000000163912773,262.93
1980-12-29,9.600000143051147,3.4714286231568883,-1.600000023841858,82.81428694831473,7.600000217556953,262.56
1981-01-05,7.000000104308128,2.0000000298023224,-2.200000032782554,83.95714410820177,37.50000023841858,263.58
1981-01-12,0.800000011920929,-4.171428633587701,-13.600000202655792,84.32857268516507,10.699999690055847,263.39
1981-01-19,3.400000050663948,-1.0571428728955132,-5.700000084936619,84.18571554017919,26.600000500679016,262.93
1981-01-26,3.1000000461936,-2.385714321264199,-10.400000154972076,82.21428693937403,9.999999821186066,262.87
1981-02-02,6.400000095367432,0.10000000149011612,-9.600000143051147,69.24285817465612,0.0,262.81
1981-02-09,8.00000011920929,3.371428621666772,-1.80000002682209,83.74285839072296,15.800000220537186,263.87
1981-02-16,6.70000009983778,-1.5142857368503297,-5.4000000804662704,81.50000121444464,6.799999833106995,263.23
1981-02-23,1.80000002682209,-3.6571429116385326,-7.500000111758709,88.62857274924006,5.499999903142452,262.82
1981-03-02,7.200000107288361,-0.5000000074505806,-7.000000104308128,79.17142975117478,0.3000000119209289,262.16
1981-03-09,14.100000210106373,4.528571496052401,-4.500000067055225,82.95714409330061,25.4999995008111,262.47
1981-03-16,15.600000232458116,7.600000113248825,1.3000000193715096,81.80000121891499,46.700000524520874,263.58
1981-03-23,18.100000269711018,6.528571525854724,-0.4000000059604645,70.60000105202198,7.700000002980232,262.9
1981-03-30,17.80000026524067,10.44285729846784,2.500000037252903,73.72857252721276,14.500000238418579,262.99
1981-04-06,18.30000027269125,9.72857157353844,3.500000052154064,73.81428681420428,3.1999999061226845,262.4
1981-04-13,21.800000324845318,11.685714459844998,2.200000032782554,64.52857239012208,3.799999952316284,261.51
1981-04-20,18.100000269711018,4.200000062584877,-3.200000047683716,63.84285809418985,0.80000002682209,261.28
1981-04-27,16.00000023841858,4.442857209060874,-3.000000044703484,68.77142959620271,44.20000147819519,262.34
1981-05-04,10.000000149011612,5.057142932500158,0.2000000029802322,80.18571548057454,29.099999479949478,263.4
1981-05-11,23.80000035464764,13.90000020712614,4.200000062584877,61.91428663688047,0.8999999761581421,262.94
1981-05-18,24.300000362098217,15.485714516469411,7.800000116229057,70.52857247952905,33.799999713897705,262.55
1981-05-25,25.100000374019142,15.671428804951054,7.400000110268593,68.11428672926766,36.09999918937683,262.03
1981-06-01,27.60000041127205,15.27142879899059,8.50000012665987,76.02857256148543,18.300000548362732,262.55
1981-06-08,30.300000451505184,18.88571456713336,11.60000017285347,70.37142962004457,5.500000096857548,262.32
1981-06-15,23.80000035464764,16.457143102373397,5.500000081956387,70.84285819849798,12.499999761581421,262.14
1981-06-22,20.10000029951334,10.542857299957957,4.400000065565109,81.00000120699406,24.999999940395355,262.01
1981-06-29,27.500000409781933,16.100000239908695,7.700000114738941,73.04285823128053,4.20000009983778,260.95
1981-07-06,25.00000037252903,16.314285957387515,8.50000012665987,71.02857248697963,16.299999713897705,261.15
1981-07-13,29.300000436604023,20.771428880946978,13.90000020712614,66.65714385041169,4.600000023841858,261.27
1981-07-20,20.60000030696392,14.142857353602137,8.900000132620335,82.60000123083591,60.09999918937683,263.04
1981-07-27,25.600000381469727,14.585714503058366,11.000000163912771,82.3857155133571,47.00000023841858,263.19
1981-08-03,25.80000038444996,16.37142881538187,8.900000132620335,79.94285833409855,2.9999999552965164,263.34
1981-08-10,30.800000458955765,20.628571735961096,12.600000187754633,72.04285821637937,28.300000958144665,262.19
1981-08-17,27.700000412762165,17.914285981229373,9.100000135600569,73.685715383717,5.300000071525574,262.01
1981-08-24,20.10000029951334,13.485714486667089,9.3000001385808,76.72857257191625,22.90000039339066,261.82
1981-08-31,19.60000029206276,12.957143050219331,7.500000111758709,77.87142973180327,2.8000000044703484,261.22
1981-09-07,24.50000036507845,13.4714287721685,5.500000081956387,70.67142962451491,0.0,261.11
1981-09-14,26.100000388920307,15.871428807931286,8.50000012665987,78.42857259724822,12.399999715387821,260.99
1981-09-21,25.300000376999375,13.90000020712614,5.4000000804662704,78.94285831919738,11.299999728798866,261.23
1981-09-28,27.000000402331352,14.84285736403295,8.00000011920929,80.57142977203641,38.69999939203262,261.88
1981-10-05,18.6000002771616,12.10000018030405,7.400000110268593,80.3571440545576,9.600000262260437,261.69
1981-10-12,22.30000033229589,11.45714302786759,4.500000067055225,73.28571537775653,14.399999499320984,261.83
1981-10-19,14.500000216066836,6.671428670840604,2.7000000402331352,86.72857272092786,25.59999990463257,262.7
1981-10-26,12.800000190734863,5.4000000804662704,0.2000000029802322,86.04285842499563,13.300000071525574,262.925
1981-11-02,14.100000210106373,7.928571546716349,1.5000000223517418,83.1000012382865,28.699999153614044,263.15
1981-11-09,11.500000171363354,3.7714286276272366,-1.5000000223517418,86.85714415141514,19.00000023841858,263.23
1981-11-16,5.700000084936619,0.9000000134110451,-2.200000032782554,89.12857275669064,19.600000478327274,263.78
1981-11-23,14.40000021457672,7.914285832217762,-3.1000000461936,80.17142976607595,27.300000250339508,263.92
1981-11-30,11.500000171363354,2.400000035762787,-0.9000000134110451,84.642858404134,30.39999996870756,263.73
1981-12-07,2.600000038743019,0.14285714498588017,-1.5000000223517418,91.24285850248167,34.40000057220459,263.87
1981-12-14,3.200000047683716,-2.1857143182839667,-8.800000131130219,82.31428694086415,34.69999976456165,263.71
1981-12-21,2.0000000298023224,-8.542857270155634,-16.100000239908695,89.70000133663416,9.20000009983778,263.43
1981-12-28,-0.1000000014901161,-2.642857182238783,-8.00000011920929,86.51428700344903,2.2999999821186066,263.685
1982-01-04,9.900000147521496,5.085714361497334,-4.000000059604645,78.6857154582228,8.700000025331974,263.94
1982-01-11,9.100000135600569,-6.957142960812364,-16.600000247359276,81.7714297899178,12.899999991059303,263.74
1982-01-18,3.400000050663948,-5.385714365967682,-12.600000187754633,77.52857258383717,0.0,263.19
1982-01-25,2.7000000402331352,-1.7285714543291502,-7.000000104308128,87.07142986889396,3.1000000983476643,262.51
1982-02-01,6.70000009983778,1.2285714468785696,-3.200000047683716,83.38571552825826,27.40000009536743,263.76
1982-02-08,6.70000009983778,-0.2714285754731724,-8.00000011920929,79.12857260767903,8.900000095367432,262.44
1982-02-15,11.10000016540289,3.642857197139944,-1.3000000193715096,74.57142968262944,0.0,262.46
1982-02-22,3.9000000581145287,-1.9142857428107942,-7.300000108778477,77.55714401283434,0.0,262.41
1982-03-01,8.800000131130219,-0.7142857249294009,-8.00000011920929,78.6714297437242,4.200000077486038,261.66
1982-03-08,9.500000141561031,3.071428617196424,-3.700000055134296,74.84285825810262,2.5999999046325684,261.34
1982-03-15,11.000000163912771,4.014285774103233,-0.9000000134110451,72.3571439353483,3.8999999538064003,261.52
1982-03-22,11.500000171363354,4.757142928029809,0.6000000089406967,76.62857257042613,6.500000096857548,261.08
1982-03-29,18.80000028014183,6.914285817316601,-2.200000032782554,64.45714381762913,2.0999999791383743,261.85
1982-04-05,18.80000028014183,7.214285821786949,-0.2000000029802322,70.5857153375234,0.5000000149011611,261.79
1982-04-12,22.100000329315662,5.25714293548039,-1.0000000149011612,75.31428683655602,23.000000059604645,261.94
1982-04-19,14.300000213086603,4.785714357026985,-1.5000000223517418,68.37142959024224,1.300000011920929,261.51
1982-04-26,12.4000001847744,6.4571429533617835,-0.800000011920929,59.67142946060215,1.300000049173832,261.585
1982-05-03,13.800000205636024,5.714285799435207,-1.100000016391277,71.64285821041891,12.700000002980232,261.66
1982-05-10,18.0000002682209,9.714285859039851,3.200000047683716,73.6714296692184,35.900000274181366,261.88
1982-05-17,24.300000362098217,13.1142859097038,4.400000065565109,66.42857241843429,14.100000381469728,261.9
1982-05-24,21.300000317394733,14.871428793030125,6.900000102818012,75.68571541351932,5.499999962747097,262.01
1982-05-31,27.000000402331352,15.714285948446818,7.800000116229057,64.22857238565173,1.2000000476837158,260.91
1982-06-07,31.80000047385693,22.4142860482846,13.300000198185444,54.97142939056669,0.0,260.78
1982-06-14,24.100000359117985,14.871428793030125,8.100000120699406,74.00000110268593,9.799999922513962,260.67
1982-06-21,19.80000029504299,12.800000190734863,6.000000089406967,75.48571541053909,11.400000095367432,260.76
1982-06-28,22.800000339746475,16.814285964838096,11.500000171363354,74.38571539414781,9.500000193715096,261.06
1982-07-05,28.50000042468309,15.800000235438347,9.3000001385808,72.42857250784125,21.299999713897705,261.15
1982-07-12,28.200000420212746,18.314285987189837,9.00000013411045,67.04285814187357,7.400000214576721,261.17
1982-07-19,30.70000045746565,20.485714590975217,13.90000020712614,68.02857244227614,1.2000000029802322,260.95
1982-07-26,28.000000417232517,20.057143156017577,12.600000187754633,68.84285816869566,13.50000047683716,260.615
1982-08-02,29.000000432133675,19.771428866045817,11.30000016838312,57.48571514231818,0.0,260.28
1982-08-09,27.60000041127205,20.214286015502044,14.500000216066836,74.21428682016474,16.199999809265137,260.45
1982-08-16,29.300000436604023,19.38571457458394,10.100000150501728,62.61428664731128,3.8999999314546585,260.03
1982-08-23,24.100000359117985,16.271428813891752,8.900000132620335,68.67142959471259,1.4000000059604645,260.28
1982-08-30,24.300000362098217,16.600000247359276,10.500000156462193,66.44285813293287,1.8000000715255737,260.04
1982-09-06,26.600000396370888,16.64285739085504,8.100000120699406,64.7428581076009,4.499999977648258,259.93
1982-09-13,26.00000038743019,17.014285967818328,10.80000016093254,72.15714393236807,2.0,259.99
1982-09-20,28.80000042915344,19.742857437048638,11.500000171363354,62.014286638370585,1.7000000476837158,260.31
1982-09-27,26.100000388920307,14.871428793030125,7.200000107288361,70.14285818806717,5.200000047683716,260.205
1982-10-04,23.600000351667404,14.085714495607785,4.700000070035458,67.78571529580014,0.0,260.1
1982-10-11,18.6000002771616,10.814285875431128,7.200000107288361,76.58571542693036,10.299999848008156,260.06
1982-10-18,15.900000236928465,9.814285860529967,1.3000000193715096,77.27142972286258,19.999999716877937,259.95
1982-10-25,17.600000262260437,10.242857295487608,4.700000070035458,80.28571548206466,4.600000001490116,259.77
1982-11-01,15.500000230968,8.928571561617511,2.1000000312924385,79.25714403816632,0.1000000014901161,259.46
1982-11-08,16.50000024586916,6.34285723737308,-2.3000000342726707,70.72857248250928,0.6000000238418579,259.54
1982-11-15,15.500000230968,8.071428691702229,-1.0000000149011612,73.40000109374523,0.0,259.62
1982-11-22,12.300000183284284,5.914285802415439,0.2000000029802322,75.9428582744939,13.699999958276749,259.48
1982-11-29,13.500000201165676,6.3000000938773155,0.6000000089406967,77.75714401581457,7.200000144541264,259.84
1982-12-06,6.500000096857548,0.8000000119209291,-3.6000000536441803,86.50000128895044,8.500000387430191,259.91
1982-12-13,12.000000178813934,4.514285781553814,-0.6000000089406967,84.0428583951933,19.099999822676182,259.94
1982-12-20,11.400000169873238,2.271428605275495,-2.200000032782554,80.70000120252371,13.299999833106995,259.86
1982-12-27,6.70000009983778,1.9857143153037344,-2.200000032782554,82.91428694980485,3.899999976158142,259.825
1983-01-03,5.500000081956387,1.1714285888842173,-1.80000002682209,81.0571440649884,17.0,259.79
1983-01-10,11.900000177323818,5.728571513933795,0.5000000074505806,78.38571545375245,16.899999529123306,260.19
1983-01-17,8.00000011920929,3.4571429086583003,-0.2000000029802322,82.35714408435992,20.000000178813934,260.25
1983-01-24,6.000000089406967,1.4571428788559777,-3.200000047683716,76.85714400240353,10.600000143051147,260.09
1983-01-31,11.900000177323818,5.671428655939443,-1.100000016391277,72.7285725123116,25.099999763071537,260.33
1983-02-07,10.000000149011612,-0.02857142899717597,-5.200000077486038,80.88571549100536,17.70000010728836,260.63
1983-02-14,-0.1000000014901161,-4.257142920579229,-11.10000016540289,89.1714299001864,24.89999994635582,260.78
1983-02-21,0.2000000029802322,-4.90000007301569,-16.800000250339508,82.80000123381615,4.300000011920929,260.69
1983-02-28,7.500000111758709,-0.35714286246470045,-12.600000187754633,71.64285821041891,6.899999916553497,261.24
1983-03-07,8.100000120699406,2.714285754731723,-4.000000059604645,77.82857258830752,5.200000114738941,261.83
1983-03-14,11.400000169873238,4.200000062584877,-3.9000000581145287,71.20000106096268,0.3000000119209289,261.55
1983-03-21,11.000000163912771,7.542857255254473,2.200000032782554,81.91428693490369,13.899999774992466,261.15
1983-03-28,11.500000171363354,3.400000050663948,-1.100000016391277,73.14285823277065,12.199999928474426,261.365
1983-04-04,10.900000162422655,4.442857209060874,-1.3000000193715096,76.31428685145718,31.200000025331974,261.58
1983-04-11,19.80000029504299,7.257142965282712,1.100000016391277,75.31428683655602,34.8000009059906,262.78
1983-04-18,17.30000025779009,7.071428676801069,0.4000000059604645,75.95714398899248,27.700000286102295,263.82
1983-04-25,21.60000032186508,12.014285893312522,3.9000000581145287,71.11428677397114,8.700000002980232,263.26
1983-05-02,20.800000309944156,12.82857161973204,4.200000062584877,61.91428663688047,4.400000095367432,261.76
1983-05-09,17.30000025779009,9.857143004025732,0.5000000074505806,71.32857249144998,5.000000111758709,261.26
1983-05-16,26.100000388920307,13.871428778128964,5.700000084936619,72.14285821786949,11.600000485777855,260.94
1983-05-23,25.600000381469727,13.771428776638848,6.000000089406967,69.81428675459964,8.30000014603138,261.05
1983-05-30,15.900000236928465,10.485714441963605,5.200000077486038,78.2000011652708,10.700000144541264,261.11
1983-06-06,27.700000412762165,16.685714534350804,6.200000092387199,63.871429523187025,3.5,260.83
1983-06-13,27.10000040382147,16.85714310833386,6.200000092387199,62.257143784846576,20.700000382959843,261.06
1983-06-20,23.300000347197056,12.414285899272986,6.800000101327896,72.38571536434549,10.000000357627869,261.05
1983-06-27,29.10000043362379,19.485714576074056,11.900000177323818,62.200000926852226,4.0,260.765
1983-07-04,25.700000382959843,16.300000242888927,8.100000120699406,65.65714383551052,0.1000000014901161,260.48
1983-07-11,31.500000469386578,22.91428605573518,11.30000016838312,50.600000753998756,0.0,261.24
1983-07-18,30.800000458955765,21.05714317091874,11.000000163912771,61.0428580524666,10.499999977648258,260.25
1983-07-25,28.300000421702865,17.671428834753378,7.800000116229057,64.87142953808818,8.699999906122684,260.34
1983-08-01,35.50000052899122,22.528571764273302,10.30000015348196,55.11428653555257,12.300000190734863,259.94
1983-08-08,26.200000390410423,13.871428778128964,9.00000013411045,80.81428691851241,150.29999697208405,261.52
1983-08-15,26.100000388920307,17.08571454031127,7.500000111758709,66.82857242439475,2.199999988079071,261.71
1983-08-22,28.200000420212746,20.800000309944153,14.600000217556952,63.22857237075056,0.3000000119209289,261.58
1983-08-29,27.000000402331352,18.757143136646068,10.30000015348196,71.21428677546126,0.0,260.5
1983-09-05,26.700000397861004,17.42857168827738,9.100000135600569,64.52857239012208,0.8000000193715096,260.51
1983-09-12,23.100000344216824,13.342857341681208,6.70000009983778,67.9571438697832,11.199999809265137,260.73
1983-09-19,23.500000350177288,13.98571449411767,8.50000012665987,71.68571535391467,17.899999737739563,260.29
1983-09-26,22.800000339746475,12.500000186264515,6.200000092387199,70.90000105649233,10.500000178813934,260.305
1983-10-03,24.600000366568565,11.95714303531817,1.5000000223517418,75.65714398452214,2.699999988079071,260.32
1983-10-10,22.600000336766243,13.32857162718262,4.500000067055225,71.07142963047538,6.999999761581421,260.01
1983-10-17,19.30000028759241,10.985714449414186,6.400000095367432,68.28571530325073,0.400000013411045,259.9
1983-10-24,15.000000223517418,7.242857250784125,-0.2000000029802322,73.74285824171135,0.3000000119209289,259.59
1983-10-31,16.100000239908695,6.385714380868843,-1.100000016391277,76.55714399793318,1.5,259.82
1983-11-07,16.50000024586916,9.271428709583622,3.700000055134296,75.00000111758709,0.0,259.78
1983-11-14,15.900000236928465,2.1142857457910265,-10.000000149011612,76.00000113248825,0.2000000029802322,259.95
1983-11-21,2.800000041723252,-0.014285714498588018,-8.100000120699406,87.18571558488267,12.300000190734863,260.1
1983-11-28,13.600000202655792,4.628571497542517,-2.500000037252903,81.70000121742487,25.70000024139881,260.12
1983-12-05,5.4000000804662704,-1.528571451348918,-9.900000147521496,78.85714403220585,2.7000000029802322,260.13
1983-12-12,4.200000062584877,-1.8857143138136183,-12.500000186264517,81.04285835048982,14.100000143051147,260.18
1983-12-19,6.200000092387199,-2.0285714587994983,-9.600000143051147,72.97142965878759,0.2000000029802322,260.48
1983-12-26,13.90000020712614,6.185714377888611,2.0000000298023224,76.45714399644307,24.500000074505806,260.335
1984-01-02,11.10000016540289,4.928571502012866,-0.1000000014901161,77.48571544034141,5.799999937415123,260.19
1984-01-09,7.500000111758709,1.5428571658475059,-1.3000000193715096,80.40000119805336,12.39999983459711,260.5
1984-01-16,9.900000147521496,1.4857143078531538,-5.000000074505806,76.14285827747413,17.200000047683716,260.76
1984-01-23,7.000000104308128,-0.7428571539265769,-6.500000096857548,76.62857257042613,7.8999999687075615,260.51
1984-01-30,5.4000000804662704,0.7857142974223409,-6.70000009983778,73.71428681271416,7.100000023841858,261.16
1984-02-06,8.400000125169754,3.0142857592020715,0.0,78.51428688423974,24.499999575316906,262.29
1984-02-13,6.000000089406967,-0.6571428669350488,-6.800000101327896,82.7428583758218,13.00000011920929,262.36
1984-02-20,1.3000000193715096,-6.000000089406967,-12.600000187754633,74.71428682761533,0.0,262.03
1984-02-27,4.90000007301569,-0.14285714498588017,-4.700000070035458,82.1428583668811,8.099999964237213,261.73
1984-03-05,6.500000096857548,0.814285726419517,-3.200000047683716,75.38571540904897,0.1000000014901161,261.55
1984-03-12,5.900000087916851,-0.1714285739830562,-6.000000089406967,80.51428691404206,4.700000047683716,261.71
1984-03-19,9.500000141561031,0.828571440918105,-6.200000092387199,66.72857242290463,0.0,261.66
1984-03-26,13.100000195205212,2.6857143257345473,-5.900000087916851,54.91428653257234,0.1000000014901161,261.33
1984-04-02,13.100000195205212,5.228571506483214,0.0,80.28571548206466,34.80000024288893,261.0
1984-04-09,11.60000017285347,3.8285714856215884,-0.5000000074505806,79.98571547759431,11.800000071525574,262.77
1984-04-16,21.300000317394733,7.842857259724822,0.800000011920929,74.50000111013651,6.199999928474426,262.42
1984-04-23,21.60000032186508,9.171428708093506,-0.800000011920929,55.857143689479145,0.0,261.67
1984-04-30,17.50000026077032,6.542857240353312,-2.7000000402331352,63.77142952169691,9.5,261.74
1984-05-07,21.000000312924385,12.32857161228146,2.200000032782554,72.957143944289,6.800000108778477,261.49
1984-05-14,11.500000171363354,6.657142956342016,2.200000032782554,79.22857260916915,12.09999991953373,261.56
1984-05-21,24.600000366568565,14.828571649534362,8.50000012665987,67.27142957385097,9.699999623000622,261.16
1984-05-28,21.50000032037497,12.185714467295579,8.100000120699406,77.54285829833576,17.000000178813934,261.325
1984-06-04,26.30000039190054,14.928571651024479,7.000000104308128,67.41428671883685,10.399999856948853,261.49
1984-06-11,17.50000026077032,11.514285885861941,7.800000116229057,78.45714402624539,25.90000009536743,261.3
1984-06-18,21.300000317394733,13.100000195205212,3.6000000536441803,73.37142966474805,3.100000120699406,261.62
1984-06-25,26.30000039190054,14.98571450901883,7.000000104308128,67.98571529878038,22.800000190734863,261.1
1984-07-02,20.10000029951334,12.071428751306874,6.70000009983778,73.88571538669723,11.09999991953373,260.82
1984-07-09,28.10000041872263,13.628571631652969,8.50000012665987,72.87142965729747,13.800000168383121,260.72
1984-07-16,35.10000052303076,19.714286008051463,10.500000156462193,67.8428581537945,22.40000033378601,260.77
1984-07-23,17.80000026524067,13.25714305468968,9.500000141561031,80.9428583489997,15.100000381469727,260.77
1984-07-30,28.300000421702865,15.500000230967999,9.00000013411045,75.68571541351932,16.799999713897705,260.87
1984-08-06,30.300000451505184,19.657143150057113,13.600000202655792,70.72857248250928,13.299999810755253,261.57
1984-08-13,22.100000329315662,16.242857384894574,12.000000178813934,83.58571553123849,61.39999885857105,262.79
1984-08-20,24.300000362098217,15.714285948446818,9.600000143051147,71.78571535540479,22.399999618530277,261.73
1984-08-27,26.700000397861004,18.285714558192662,11.400000169873238,67.28571528834956,2.0999999046325684,261.44
1984-09-03,25.80000038444996,18.257143129195487,10.500000156462193,65.40000097453594,0.5,261.15
1984-09-10,23.300000347197056,12.257143039788518,7.500000111758709,77.51428686933858,32.99999973922968,260.99
1984-09-17,21.800000324845318,12.357143041278634,7.500000111758709,81.82857264791217,23.50000001490116,260.76
1984-09-24,19.30000028759241,11.585714458354882,5.000000074505806,78.95714403369597,19.799999453127384,261.09
1984-10-01,19.30000028759241,11.585714458354882,6.800000101327896,81.81428693341357,8.499999918043613,261.23
1984-10-08,17.30000025779009,10.842857304428305,6.200000092387199,79.97142976309571,16.899999991059303,261.52
1984-10-15,17.30000025779009,11.657143030847822,6.200000092387199,86.3285727149674,7.899999991059303,262.03
1984-10-22,17.80000026524067,10.828571589929718,3.000000044703484,70.52857247952905,2.5000000596046448,261.47
1984-10-29,17.100000254809856,9.542857285056796,-0.800000011920929,79.98571547759431,6.700000107288361,261.36
1984-11-05,18.100000269711018,7.628571542246001,2.7000000402331352,73.78571538520711,0.7000000029802322,261.31
1984-11-12,13.300000198185444,5.942857231412615,1.3000000193715096,77.82857258830752,0.0,261.34
1984-11-19,8.00000011920929,1.5000000223517418,-2.200000032782554,70.04285818657705,3.299999952316284,261.37
1984-11-26,14.600000217556952,7.371428681271417,0.5000000074505806,75.07142969008002,39.60000053048134,261.67
1984-12-03,11.400000169873238,3.200000047683716,-2.600000038743019,74.08571538967746,0.1000000014901161,261.97
1984-12-10,7.000000104308128,2.471428608255727,-2.0000000298023224,83.5714298167399,7.700000047683716,261.89
1984-12-17,6.500000096857548,0.5857142944421087,-4.000000059604645,88.31428703027112,9.099999904632568,261.77
1984-12-24,6.200000092387199,2.500000037252903,-2.200000032782554,78.18571545077222,12.800000429153442,262.13
1984-12-31,1.5000000223517418,-2.9857143302048956,-5.700000084936619,85.88571556551116,4.699999988079071,262.11
1985-01-07,-1.3000000193715096,-9.042857277606215,-16.800000250339508,86.81428700791938,11.199999928474426,262.1
1985-01-14,-5.700000084936619,-10.900000162422657,-18.30000027269125,85.94285842350551,10.89999970048666,261.85
1985-01-21,2.800000041723252,-5.142857219491686,-12.300000183284284,72.61428679632289,0.0,261.58
1985-01-28,6.400000095367432,0.6428571524364608,-6.800000101327896,77.15714400687388,10.30000002682209,262.6
1985-02-04,8.100000120699406,2.2428571762783185,-6.200000092387199,72.40000107884407,21.899999856948853,263.62
1985-02-11,5.200000077486038,-6.114285805395672,-17.80000026524067,74.71428682761533,6.500000059604645,263.64
1985-02-18,-2.1000000312924385,-9.21428585158927,-19.80000029504299,74.68571539861816,1.9000000283122063,262.8
1985-02-25,5.700000084936619,-3.185714333185128,-14.300000213086603,74.94285825959274,14.499999761581421,262.1
1985-03-04,8.100000120699406,3.0142857592020715,-0.9000000134110451,81.07142977948699,0.2000000029802322,262.84
1985-03-11,7.200000107288361,1.1428571598870414,-2.7000000402331352,83.01428695129496,1.700000025331974,263.38
1985-03-18,6.800000101327896,0.800000011920929,-3.200000047683716,79.91428690510136,43.70000046491623,263.23
1985-03-25,12.10000018030405,4.342857207570757,-1.3000000193715096,76.15714399197272,0.1000000014901161,263.53
1985-04-01,13.800000205636024,6.385714380868843,-1.700000025331974,71.62857249592032,14.799999840557575,263.5
1985-04-08,24.00000035762787,12.228571610791343,7.000000104308128,61.77142949189459,4.799999907612801,263.32
1985-04-15,12.90000019222498,7.185714392789772,3.1000000461936,73.00000108778477,16.40000021457672,262.83
1985-04-22,20.500000305473804,9.485714427062444,1.0000000149011612,66.85714385339192,0.5000000074505806,262.65
1985-04-29,14.100000210106373,2.6571428967373714,-1.80000002682209,76.67142971392188,33.70000058412552,263.38
1985-05-06,19.10000028461218,6.857142959322248,0.5000000074505806,74.02857253168311,16.49999976158142,263.19
1985-05-13,25.300000376999375,14.514285930565425,7.500000111758709,71.97142964388642,15.899999678134916,262.71
1985-05-20,27.3000004068017,15.671428804951052,8.400000125169754,68.38571530474084,1.899999976158142,262.24
1985-05-27,27.000000402331352,16.057143096412933,8.50000012665987,66.0428581269724,11.300000190734863,262.055
1985-06-03,24.50000036507845,15.500000230967999,7.400000110268593,70.95714391448668,4.700000025331974,261.87
1985-06-10,27.000000402331352,15.900000236928463,5.500000081956387,67.6000010073185,13.19999971985817,261.44
1985-06-17,16.600000247359276,10.08571443600314,5.900000087916851,76.32857256595578,30.90000009536743,261.34
1985-06-24,20.000000298023224,13.228571625692505,6.000000089406967,75.15714397707156,15.700000435113909,261.37
1985-07-01,21.60000032186508,14.000000208616257,9.500000141561031,74.9857154030885,11.299999885261059,261.03
1985-07-08,25.50000037997961,16.20000024139881,8.800000131130219,65.08571525556701,24.90000057220459,260.72
1985-07-15,29.300000436604023,18.30000027269125,9.80000014603138,66.11428669946534,6.199999786913395,260.69
1985-07-22,26.80000039935112,17.757143121744907,8.00000011920929,67.68571529431003,17.100000023841858,260.67
1985-07-29,26.80000039935112,18.714285993150302,11.000000163912771,69.72857246760812,10.600000381469727,260.89
1985-08-05,26.600000396370888,17.114285969308444,11.10000016540289,65.55714383402041,2.700000047683716,261.07
1985-08-12,26.50000039488077,16.20000024139881,10.30000015348196,70.4571439070361,13.399999916553497,260.99
1985-08-19,32.30000048130751,18.92857171062912,10.30000015348196,77.00000114738941,31.100001074373722,260.35
1985-08-26,29.60000044107437,17.257143114294326,11.900000177323818,75.24285826406309,13.000000290572643,260.12
1985-09-02,26.200000390410423,16.185714526900224,7.000000104308128,67.45714386233261,0.0,259.89
1985-09-09,20.60000030696392,11.171428737895829,5.700000084936619,79.97142976309571,20.400000289082527,260.03
1985-09-16,22.30000033229589,13.000000193715096,6.800000101327896,76.35714399495295,6.600000001490116,259.79
1985-09-23,26.80000039935112,16.78571453584092,9.80000014603138,76.11428684847695,5.6999999061226845,259.56
1985-09-30,22.800000339746475,12.914285906723567,5.700000084936619,75.75714398601225,0.0,259.58
1985-10-07,29.10000043362379,17.78571455074208,10.30000015348196,71.14285820296833,0.8999999910593033,260.05
1985-10-14,18.30000027269125,10.757143017436777,5.200000077486038,76.11428684847695,12.700000144541264,260.59
1985-10-21,13.90000020712614,7.757142972733293,1.700000025331974,84.81428697811705,4.10000005364418,260.36
1985-10-28,10.500000156462193,2.6571428967373714,-1.3000000193715096,88.84285846671888,0.2000000029802322,260.455
1985-11-04,9.900000147521496,3.0142857592020715,-3.1000000461936,79.32857261065926,3.0000000596046448,260.55
1985-11-11,16.50000024586916,6.98571438980954,0.9000000134110451,73.74285824171135,29.69999921321869,260.65
1985-11-18,2.7000000402331352,-1.4714285933545657,-6.200000092387199,83.84285839221307,5.200000092387199,260.59
1985-11-25,-0.800000011920929,-3.200000047683716,-5.700000084936619,90.37142991806779,16.8000004068017,260.36
1985-12-02,9.100000135600569,-0.5571428654449326,-8.900000132620335,82.92857266430345,2.200000047683716,259.8
1985-12-09,16.100000239908695,9.414285854569503,4.500000067055225,68.61428673671824,3.2000000402331352,260.05
1985-12-16,9.400000140070915,3.9428572016102925,-1.100000016391277,86.05714413949421,19.699999570846558,260.07
1985-12-23,12.800000190734863,5.04285721800157,1.80000002682209,72.10000107437372,29.69999933242798,260.94
1985-12-30,7.900000117719173,0.7142857249294009,-7.500000111758709,82.30000122636557,12.499999850988388,261.42
1986-01-06,4.700000070035458,-2.628571467740195,-15.600000232458116,77.28571543736118,10.399999991059303,261.78
1986-01-13,4.200000062584877,-1.7285714543291502,-13.100000195205212,83.71428696172578,22.799999810755253,262.58
1986-01-20,8.900000132620335,1.2857143048729216,-7.000000104308128,84.25714411267212,38.90000033378601,263.47
1986-01-27,7.300000108778477,1.3714285918644495,-4.000000059604645,76.00000113248825,6.599999964237213,263.23
1986-02-03,4.200000062584877,-0.5714285799435207,-7.500000111758709,76.27142970796142,0.3000000119209289,262.99
1986-02-10,-1.700000025331974,-9.07142870660339,-20.60000030696392,77.61428687082869,11.600000143051147,262.53
1986-02-17,-1.0000000149011612,-7.300000108778477,-16.800000250339508,80.58571548653501,0.0,262.02
1986-02-24,-4.700000070035458,-9.400000140070915,-19.30000028759241,80.70000120252371,6.700000055134296,261.7
1986-03-03,-0.5000000074505806,-7.71428582923753,-17.600000262260437,67.65714386531285,0.0,260.89
1986-03-10,7.000000104308128,2.1428571747882024,-7.800000116229057,86.42857271645751,25.800000250339508,262.1
1986-03-17,9.100000135600569,3.5857143391455923,-0.2000000029802322,80.65714405902794,0.3000000044703483,263.27
1986-03-24,12.600000187754633,4.200000062584877,-0.1000000014901161,64.72857239310231,22.90000057220459,262.74
1986-03-31,16.800000250339508,6.757142957832132,1.3000000193715096,65.6857152645077,15.400000095367432,263.34
1986-04-07,13.500000201165676,5.014285789004394,0.2000000029802322,75.24285826406309,14.099999718368053,263.48
1986-04-14,8.600000128149986,0.800000011920929,-6.200000092387199,82.5000012293458,25.199999809265137,263.5
1986-04-21,16.100000239908695,8.21428583668811,2.500000037252903,64.9857152540769,3.5999999791383743,262.96
1986-04-28,17.100000254809856,10.542857299957957,6.200000092387199,84.48571554464954,9.800000250339508,262.6
1986-05-05,24.8000003695488,15.171428797500473,6.000000089406967,62.071429496364935,0.0,261.65
1986-05-12,24.600000366568565,14.057143066610609,6.000000089406967,68.57142959322248,17.40000021457672,261.77
1986-05-19,25.50000037997961,15.671428804951054,7.000000104308128,69.78571532560247,10.899999856948853,260.69
1986-05-26,26.600000396370888,17.114285969308444,7.800000116229057,67.90000101178885,5.400000095367432,260.58
1986-06-02,27.80000041425228,11.342857311878886,5.500000081956387,80.55714405753783,65.30000060796738,260.47
1986-06-09,21.1000003144145,10.52857158545937,5.200000077486038,79.41428689765078,47.40000028908253,263.38
1986-06-16,28.200000420212746,15.842857378934111,7.800000116229057,71.80000106990337,12.5,261.91
1986-06-23,29.300000436604023,19.22857171509947,8.50000012665987,71.02857248697963,0.0,260.81
1986-06-30,26.80000039935112,18.971428854124888,10.400000154972076,61.185715197452474,0.0,259.74
1986-07-07,31.80000047385693,21.11428602891309,12.10000018030405,62.60000093281269,12.79999977350235,260.1
1986-07-14,17.30000025779009,12.357143041278634,8.800000131130219,72.01428678738219,11.300000131130219,260.41
1986-07-21,29.60000044107437,17.65714312025479,8.00000011920929,62.17142949785505,0.0,260.76
1986-07-28,26.50000039488077,17.542857404266083,9.900000147521496,69.91428675608975,31.100000143051147,260.96
1986-08-04,33.5000004991889,22.885714626738004,14.600000217556952,58.8857151631798,19.899999856948853,261.16
1986-08-11,28.000000417232517,19.44285743257829,10.000000149011612,60.22857232604708,19.5,260.69
1986-08-18,26.80000039935112,18.071428840713843,12.300000183284284,72.05714393087796,13.100000143051147,260.55
1986-08-25,18.80000028014183,13.342857341681208,8.50000012665987,80.07142976458583,32.99999908357859,261.0
1986-09-01,19.000000283122063,12.642857331250395,8.300000123679638,73.47142966623817,7.400000035762787,260.3
1986-09-08,19.500000290572643,12.142857323799815,7.800000116229057,73.74285824171135,17.100000143051147,260.67
1986-09-15,20.800000309944156,12.17142875279699,2.200000032782554,74.45714396664074,15.699999809265137,260.62
1986-09-22,18.6000002771616,10.042857292507376,3.200000047683716,79.4000011831522,19.40000033378601,260.75
1986-09-29,18.100000269711018,11.000000163912773,2.0000000298023224,79.10000117868185,0.3000000044703483,260.66
1986-10-06,21.60000032186508,12.014285893312522,1.100000016391277,71.62857249592032,0.0,260.13
1986-10-13,19.30000028759241,11.900000177323818,6.400000095367432,76.68571542842048,5.299999810755253,260.35
1986-10-20,20.10000029951334,10.228571580989021,4.500000067055225,74.22857253466334,6.099999785423279,260.63
1986-10-27,14.100000210106373,7.6142858277474135,2.7000000402331352,76.95714400389365,53.6000000089407,261.24
1986-11-03,12.000000178813934,6.542857240353312,0.1000000014901161,79.57142975713525,11.399999633431435,261.85
1986-11-10,13.100000195205212,5.571428654449327,1.700000025331974,75.98571541798967,5.799999833106995,261.98
1986-11-17,18.100000269711018,9.600000143051147,2.600000038743019,69.8571438980954,3.5,262.02
1986-11-24,12.000000178813934,6.84285724482366,1.3000000193715096,75.54285826853344,5.400000095367432,261.83
1986-12-01,12.10000018030405,4.028571488601821,-2.3000000342726707,76.04285827598402,0.1000000014901161,261.53
1986-12-08,11.500000171363354,6.0428572329027315,1.0000000149011612,73.5571439532297,3.399999976158142,261.35
1986-12-15,7.000000104308128,1.4428571643573898,-4.000000059604645,82.8571440918105,4.499999918043613,261.22
1986-12-22,8.100000120699406,0.8714285844138691,-7.400000110268593,82.72857266132321,27.50000023841858,261.33
1986-12-29,7.200000107288361,-1.4714285933545657,-6.70000009983778,89.91428705411298,64.49999994039536,263.81
1987-01-05,7.000000104308128,-0.3285714334675244,-13.600000202655792,87.12857272688832,57.3000003695488,263.84
1987-01-12,1.5000000223517418,-9.6571430010455,-21.1000003144145,83.1000012382865,30.20000034570694,263.47
1987-01-19,-7.900000117719173,-14.100000210106373,-22.100000329315662,83.64285838923284,1.0999999940395355,263.33
1987-01-26,1.5000000223517418,-3.2428571911794797,-11.800000175833702,91.54285850695202,21.899999916553497,263.38
1987-02-02,1.3000000193715096,-7.514285826257297,-18.100000269711018,73.47142966623817,9.000000074505806,263.43
1987-02-09,6.000000089406967,0.27142857547317234,-9.600000143051147,78.6714297437242,14.599999859929085,263.9
1987-02-16,8.50000012665987,1.4571428788559777,-1.600000023841858,85.41428698705775,14.699999868869781,263.72
1987-02-23,0.2000000029802322,-2.1857143182839667,-6.000000089406967,89.01428704070193,15.499999932944775,263.56
1987-03-02,5.000000074505806,-2.842857185219015,-12.90000019222498,75.97142970349107,20.000000096857548,263.89
1987-03-09,-1.5000000223517418,-7.814285830727646,-13.800000205636024,74.41428682314498,0.2000000029802322,263.43
1987-03-16,3.200000047683716,-3.6000000536441803,-11.000000163912771,68.10000101476908,13.0,262.56
1987-03-23,6.200000092387199,1.2285714468785696,-3.000000044703484,78.10000116378069,16.39999969303608,263.66
1987-03-30,11.500000171363354,6.0428572329027315,-0.6000000089406967,78.6857154582228,7.100000038743019,263.51
1987-04-06,11.900000177323818,5.342857222471919,-1.3000000193715096,80.0000011920929,11.499999716877937,263.36
1987-04-13,17.80000026524067,8.742857273135867,1.80000002682209,73.25714394875935,44.10000020265579,263.59
1987-04-20,17.80000026524067,9.08571442110198,3.1000000461936,74.30000110715628,5.0000001192092896,263.32
1987-04-27,21.300000317394733,9.328571567577976,0.5000000074505806,66.57142956342015,2.4999999552965164,262.91
1987-05-04,24.8000003695488,12.800000190734863,0.800000011920929,62.95714379527739,27.099999621510506,262.5
1987-05-11,21.1000003144145,8.800000131130219,3.200000047683716,77.47142972584281,16.300000101327896,263.09
1987-05-18,15.800000235438349,9.114285850099154,2.200000032782554,70.74285819700786,4.399999976158142,262.96
1987-05-25,16.800000250339508,9.242857280586447,3.9000000581145287,76.82857257340636,17.600000381469727,262.64
1987-06-01,21.800000324845318,11.95714303531817,4.000000059604645,75.42857255254474,16.80000013113022,261.99
1987-06-08,20.10000029951334,13.871428778128964,9.100000135600569,79.08571546418327,15.000000037252903,262.65
1987-06-15,23.300000347197056,14.500000216066837,7.800000116229057,76.21428684996707,33.299999713897705,262.13
1987-06-22,19.60000029206276,12.128571609301227,7.000000104308128,76.74285828641483,9.400000020861626,262.66
1987-06-29,28.300000421702865,16.028571667415754,10.30000015348196,77.75714401581457,12.900000005960464,262.29
1987-07-06,30.800000458955765,19.571428863065584,10.30000015348196,67.91428672628743,0.1000000014901161,261.79
1987-07-13,27.80000041425228,17.50000026077032,10.000000149011612,68.77142959620271,7.599999912083149,261.43
1987-07-20,27.3000004068017,18.9571431396263,8.400000125169754,72.1285725033709,34.900000631809235,261.49
1987-07-27,23.80000035464764,15.528571659965175,8.50000012665987,75.60000112652779,16.700000166893005,261.56
1987-08-03,22.100000329315662,14.228571640593666,9.400000140070915,79.22857260916915,41.69999969005585,261.63
1987-08-10,20.30000030249357,12.414285899272986,5.200000077486038,75.51428683953625,28.500000059604645,262.16
1987-08-17,25.700000382959843,15.42857165847506,7.300000108778477,76.01428684698683,25.10000019520521,263.59
1987-08-24,27.500000409781933,19.485714576074056,14.100000210106373,74.90000111609697,22.69999933242798,263.26
1987-08-31,23.600000351667404,15.385714514979295,11.10000016540289,76.1857154209699,7.600000098347664,262.32
1987-09-07,25.80000038444996,16.485714531370572,5.4000000804662704,77.40000115334988,23.800000049173832,262.15
1987-09-14,23.000000342726707,15.757143091942583,9.500000141561031,75.00000111758709,6.100000098347664,262.15
1987-09-21,24.50000036507845,16.014285952917167,8.50000012665987,79.2714297526649,12.500000387430193,262.14
1987-09-28,27.500000409781933,13.057143051709447,4.500000067055225,77.05714400538376,14.899999916553497,261.9
1987-10-05,17.100000254809856,8.200000122189522,1.700000025331974,75.25714397856167,0.1000000014901161,261.39
1987-10-12,22.600000336766243,12.971428764717919,6.000000089406967,68.42857244823661,2.000000037252903,261.56
1987-10-19,22.600000336766243,10.857143018926893,3.500000052154064,77.40000115334988,6.099999904632568,261.69
1987-10-26,12.90000019222498,8.071428691702229,3.500000052154064,86.28571557147163,4.300000004470348,261.18
1987-11-02,10.900000162422655,6.000000089406967,-1.100000016391277,73.05714394577912,4.799999952316284,260.67
1987-11-09,7.500000111758709,4.300000064074993,-0.2000000029802322,85.91428699450833,0.2000000029802322,260.54
1987-11-16,12.10000018030405,5.942857231412615,0.1000000014901161,77.60000115633011,9.200000181794167,260.66
1987-11-23,10.000000149011612,5.471428652959211,1.80000002682209,86.40000128746033,42.50000059604645,262.28
1987-11-30,7.700000114738941,1.685714310833386,-2.3000000342726707,88.64285846373865,6.399999812245369,262.29
1987-12-07,3.1000000461936,-1.2857143048729216,-5.000000074505806,86.51428700344903,2.7999999076128006,262.04
1987-12-14,1.80000002682209,-4.157142919089113,-10.600000157952309,87.48571558935302,2.400000095367432,261.94
1987-12-21,13.300000198185444,5.357142936970506,-6.200000092387199,88.62857274924006,63.30000066757202,263.79
1987-12-28,9.500000141561031,4.385714351066521,-1.5000000223517418,82.95714409330061,6.699999883770943,263.58
1988-01-04,12.300000183284284,7.628571542246001,3.700000055134296,75.41428683804614,13.099999718368053,263.37
1988-01-11,14.100000210106373,4.771428642528398,-0.2000000029802322,72.31428679185254,8.100000157952309,263.24
1988-01-18,5.200000077486038,1.0571428728955132,-3.200000047683716,79.50000118464231,5.099999912083149,263.1
1988-01-25,7.700000114738941,1.8428571703178542,-2.0000000298023224,82.12857265238252,16.50000023841858,263.08
1988-02-01,9.100000135600569,4.628571497542517,0.1000000014901161,73.18571537626642,4.700000055134296,263.33
1988-02-08,11.30000016838312,5.028571503502982,0.2000000029802322,69.78571532560247,2.300000049173832,262.89
1988-02-15,7.200000107288361,1.8000000268220901,-2.800000041723252,74.00000110268593,10.800000309944153,262.32
1988-02-22,8.300000123679638,1.0714285873941012,-6.400000095367432,79.10000117868185,21.999999918043613,263.31
1988-02-29,3.500000052154064,-0.4714285784534046,-2.600000038743019,88.60000132024288,50.000000178813934,263.63
1988-03-07,2.200000032782554,-0.6714285814336368,-5.200000077486038,82.17142979587827,19.999999836087227,263.9
1988-03-14,3.6000000536441803,-0.6142857234392848,-6.500000096857548,80.50000119954348,24.20000010728836,263.93
1988-03-21,9.500000141561031,3.057142902697836,-4.700000070035458,77.30000115185976,20.300000205636024,263.95
1988-03-28,9.80000014603138,4.285714349576405,1.100000016391277,84.2714298271707,21.199999809265137,263.835
1988-04-04,13.100000195205212,6.157142948891435,0.6000000089406967,74.47142968113933,8.200000166893005,263.72
1988-04-11,17.80000026524067,6.871428673820836,-2.200000032782554,71.37142963494573,5.100000001490116,263.43
1988-04-18,21.000000312924385,9.171428708093506,-1.3000000193715096,52.40000078082085,2.100000061094761,263.03
1988-04-25,23.600000351667404,8.442857268665518,-4.500000067055225,61.685715204903055,8.399999618530273,262.22
1988-05-02,22.100000329315662,11.657143030847822,-2.200000032782554,56.00000083446503,7.900000192224979,261.03
1988-05-09,20.800000309944156,13.371428770678383,4.500000067055225,63.24285808524915,1.5999999642372131,261.16
1988-05-16,23.600000351667404,15.385714514979295,4.400000065565109,47.985715000757146,0.0,261.21
1988-05-23,20.800000309944156,10.614285872450896,3.000000044703484,74.01428681718451,9.099999904632568,261.21
1988-05-30,25.80000038444996,17.314285972288676,6.800000101327896,63.62857237671103,21.900000393390656,260.73
1988-06-06,20.800000309944156,13.714285918644496,9.00000013411045,74.07142967517886,31.999999523162842,261.15
1988-06-13,20.800000309944156,14.600000217556953,7.000000104308128,81.91428693490369,11.600000217556953,261.05
1988-06-20,22.600000336766243,15.628571661455291,9.00000013411045,64.94285811058113,0.0,260.8
1988-06-27,21.1000003144145,13.842857349131789,8.300000123679638,85.38571555806058,24.3999999538064,260.685
1988-07-04,27.500000409781933,18.72857170764889,11.000000163912771,70.90000105649233,7.499999985098839,260.57
1988-07-11,30.600000455975533,18.200000271201134,10.500000156462193,69.55714389362505,23.100000202655792,260.52
1988-07-18,23.80000035464764,15.642857375953879,9.600000143051147,75.85714398750237,21.29999977350235,260.35
1988-07-25,31.300000466406345,20.142857443009103,11.30000016838312,71.32857249144998,6.099999912083149,260.68
1988-08-01,29.800000444054604,18.314285987189837,10.000000149011612,64.10000095516443,16.100000143051147,260.13
1988-08-08,28.000000417232517,16.757143106843746,8.50000012665987,71.60000106692314,8.99999988079071,260.03
1988-08-15,30.800000458955765,21.77142889584814,11.000000163912771,63.22857237075056,0.2000000029802322,260.1
1988-08-22,27.60000041127205,17.6428574057562,9.00000013411045,66.01428669797522,5.800000190734863,260.04
1988-08-29,25.80000038444996,15.542857374463763,10.000000149011612,74.08571538967746,14.700000047683716,259.97
1988-09-05,25.50000037997961,15.500000230967999,9.100000135600569,74.31428682165486,35.600000627338886,260.09
1988-09-12,23.600000351667404,14.171428782599312,6.000000089406967,74.11428681867463,3.600000023841858,259.6
1988-09-19,16.600000247359276,11.514285885861941,7.000000104308128,81.45714407094887,4.199999958276749,259.81
1988-09-26,19.60000029206276,13.40000019967556,9.500000141561031,75.18571540606874,16.399999916553497,259.745
1988-10-03,23.300000347197056,12.714285903743335,4.000000059604645,73.72857252721276,0.5,259.68
1988-10-10,19.30000028759241,11.557143029357706,5.500000081956387,68.51428673522813,6.999999955296516,259.85
1988-10-17,18.100000269711018,11.500000171363354,3.500000052154064,89.92857276861157,6.499999895691872,259.79
1988-10-24,13.40000019967556,9.542857285056796,6.800000101327896,87.51428701835019,5.700000047683716,260.17
1988-10-31,16.600000247359276,6.085714376398495,-1.100000016391277,76.25714399346283,3.9999999925494194,259.96
1988-11-07,7.900000117719173,1.628571452839034,-4.000000059604645,77.54285829833576,8.20000010728836,259.81
1988-11-14,15.300000227987766,5.25714293548039,-3.1000000461936,77.52857258383717,21.200000002980232,260.11
1988-11-21,9.80000014603138,2.9142857577119554,-4.90000007301569,87.17142987038407,12.700000166893005,260.1
1988-11-28,5.700000084936619,1.1857143033828055,-7.900000117719173,85.0000012665987,17.100000120699406,260.87
1988-12-05,6.900000102818012,0.35714286246470045,-3.700000055134296,85.87142985101256,39.69999939203262,262.31
1988-12-12,8.400000125169754,3.285714334675244,-2.600000038743019,87.07142986889396,34.90000033378601,263.33
1988-12-19,5.700000084936619,0.14285714498588012,-5.200000077486038,83.54285838774273,56.000000931322575,263.87
1988-12-26,8.50000012665987,4.000000059604645,-5.000000074505806,81.87142979140792,10.500000216066837,263.54
1989-01-02,8.800000131130219,4.714285784534046,0.2000000029802322,88.25714417227677,6.900000214576721,263.21
1989-01-09,9.900000147521496,3.52857148115124,-2.200000032782554,84.22857268367495,18.59999990463257,263.62
1989-01-16,9.600000143051147,4.54285721055099,-1.3000000193715096,80.58571548653501,4.200000055134296,263.56
1989-01-23,7.500000111758709,2.500000037252903,-2.600000038743019,79.8857154761042,2.200000047683716,262.84
1989-01-30,8.00000011920929,0.24285714647599624,-4.700000070035458,77.50000115483999,0.3000000119209289,262.51
1989-02-06,9.500000141561031,2.3428571777684346,-2.600000038743019,82.47142980034862,1.5999999791383743,262.34
1989-02-13,11.400000169873238,3.2285714766808917,-1.100000016391277,79.42857261214938,9.999999642372131,262.41
1989-02-20,12.4000001847744,4.742857213531222,-2.3000000342726707,80.31428691106183,21.50000011920929,263.76
1989-02-27,11.60000017285347,4.3142857785735815,-2.200000032782554,78.9285726046988,5.000000081956387,263.09
1989-03-06,16.50000024586916,5.985714374908379,0.9000000134110451,77.77142973031316,4.6999999061226845,262.77
1989-03-13,17.30000025779009,7.385714395770004,2.1000000312924385,71.75714392640761,9.599999815225601,262.99
1989-03-20,14.000000208616257,5.928571516914027,-1.600000023841858,73.3142868067537,6.799999929964542,262.28
1989-03-27,18.6000002771616,6.600000098347664,0.5000000074505806,65.8000009804964,11.800000168383121,262.275
1989-04-03,22.30000033229589,8.028571548206466,-2.200000032782554,68.15714387276343,0.0,262.27
1989-04-10,14.100000210106373,6.70000009983778,0.5000000074505806,76.45714399644307,11.000000193715096,261.85
1989-04-17,23.000000342726707,12.000000178813934,4.200000062584877,73.72857252721276,4.400000028312206,261.86
1989-04-24,18.30000027269125,7.842857259724822,-1.0000000149011612,74.32857253615346,30.5,261.4
1989-05-01,19.60000029206276,7.457142968262945,1.5000000223517418,78.3285725957581,24.40000009536743,263.21
1989-05-08,20.500000305473804,10.700000159442425,1.3000000193715096,74.34285825065204,2.0,262.35
1989-05-15,22.000000327825543,12.571428758757454,4.500000067055225,73.38571537924665,22.399999924004078,262.26
1989-05-22,26.200000390410423,16.00000023841858,3.9000000581145287,60.257143755044254,0.0,261.54
1989-05-29,25.300000376999375,17.12857168380703,5.900000087916851,55.70000082999468,0.2000000029802322,261.7
1989-06-05,22.800000339746475,11.585714458354882,5.000000074505806,79.61428690063101,19.79999977350235,261.67
1989-06-12,22.800000339746475,13.585714488157205,5.4000000804662704,71.58571535242456,10.09999991953373,261.41
1989-06-19,25.00000037252903,16.014285952917167,6.000000089406967,61.65714377590588,0.0,260.92
1989-06-26,28.700000427663326,19.14285742810794,10.500000156462193,68.10000101476908,0.8000000268220901,260.93
1989-07-03,27.80000041425228,15.757143091942583,8.100000120699406,80.54285834303924,34.39999985694885,260.94
1989-07-10,31.300000466406345,21.157143172408855,12.4000001847744,70.14285818806717,12.600000381469728,260.46
1989-07-17,23.80000035464764,15.614285946956702,10.100000150501728,67.75714386680296,6.599999845027924,260.3
1989-07-24,30.500000454485416,17.114285969308444,7.500000111758709,69.628572466118,36.399998873472214,260.25
1989-07-31,25.50000037997961,17.814285979739257,10.000000149011612,77.62857258532729,31.400000274181366,260.91
1989-08-07,26.100000388920307,14.442857358072485,8.50000012665987,77.1428582923753,17.00000050663948,260.99
1989-08-14,27.60000041127205,19.242857429598057,12.10000018030405,71.37142963494573,3.499999910593033,260.46
1989-08-21,32.70000048726797,21.714286037853785,11.10000016540289,64.71428667860371,0.0,260.37
1989-08-28,27.700000412762165,15.485714516469411,7.500000111758709,75.74285827151367,33.700000524520874,260.38
1989-09-04,22.000000327825543,12.31428589778287,5.4000000804662704,79.14285832217762,11.599999815225601,260.39
1989-09-11,23.300000347197056,14.728571648044246,7.000000104308128,75.50000112503767,0.0,260.11
1989-09-18,28.10000041872263,16.171428812401636,8.100000120699406,79.01428689169032,25.40000033378601,260.41
1989-09-25,28.80000042915344,18.242857414696896,13.000000193715096,81.50000121444464,3.7999998927116394,260.31
1989-10-02,17.80000026524067,11.228571595890182,8.100000120699406,86.71428700642926,9.200000122189522,260.27
1989-10-09,18.0000002682209,7.928571546716349,0.9000000134110451,83.85714410671166,12.999999895691872,260.31
1989-10-16,15.800000235438349,9.200000137090683,3.6000000536441803,81.44285835645029,5.999999970197678,260.25
1989-10-23,25.100000374019142,13.200000196695328,3.200000047683716,71.70000106841326,1.2000000476837158,260.47
1989-10-30,22.800000339746475,13.828571634633201,8.400000125169754,76.58571542693036,15.399999976158142,260.54
1989-11-06,14.100000210106373,8.828571560127395,2.1000000312924385,86.80000129342079,52.7000008225441,262.3
1989-11-13,13.600000202655792,4.671428641038282,-1.600000023841858,78.02857259128776,14.00000047683716,262.56
1989-11-20,11.10000016540289,1.7285714543291502,-3.6000000536441803,73.200001090765,0.0,262.3
1989-11-27,5.700000084936619,-0.7428571539265769,-8.00000011920929,89.48571561915534,41.299999475479126,262.685
1989-12-04,6.000000089406967,-2.2285714617797305,-9.900000147521496,77.32857258085694,0.0,263.07
1989-12-11,4.200000062584877,-0.5142857219491686,-8.50000012665987,85.25714412757328,6.600000098347664,262.9
1989-12-18,14.600000217556952,8.057142977203641,-1.600000023841858,74.5142868246351,20.099999740719795,263.26
1989-12-25,13.600000202655792,7.842857259724822,1.80000002682209,72.45714393683842,17.600000478327274,263.55
1990-01-01,6.500000096857548,-2.0857143167938506,-6.200000092387199,81.91428693490369,0.0,262.73
1990-01-08,2.7000000402331352,-1.9285714573093824,-8.600000128149986,80.17142976607595,2.6999999582767487,262.14
1990-01-15,5.700000084936619,2.371428606765611,-1.3000000193715096,85.32857270006623,1.6999999657273293,261.55
1990-01-22,9.400000140070915,5.171428648488862,0.4000000059604645,80.20000119507313,3.200000047683716,261.96
1990-01-29,11.800000175833702,5.571428654449327,1.100000016391277,70.47142962153468,6.000000074505806,262.37
1990-02-05,12.800000190734863,6.371428666370256,-1.100000016391277,68.75714388170412,2.3999999538064003,262.34
1990-02-12,15.900000236928465,5.957142945911203,-1.5000000223517418,66.12857241396394,4.3000000193715096,262.31
1990-02-19,14.600000217556952,3.857142914618765,-1.80000002682209,79.22857260916915,30.199999645352364,263.13
1990-02-26,18.6000002771616,10.142857293997492,0.9000000134110451,65.64285812101194,5.699999809265137,263.07
1990-03-05,8.50000012665987,3.0857143316950117,-1.100000016391277,78.3285725957581,18.900000408291817,263.59
1990-03-12,17.100000254809856,8.271428694682461,0.9000000134110451,72.27142964835677,11.200000047683716,263.35
1990-03-19,20.800000309944156,8.671428700642926,0.1000000014901161,64.87142953808818,0.1000000014901161,262.97
1990-03-26,18.30000027269125,8.57142869915281,1.80000002682209,72.14285821786949,5.500000059604645,262.42
1990-04-02,20.800000309944156,7.471428682761533,0.2000000029802322,77.78571544481176,2.899999961256981,261.87
1990-04-09,19.60000029206276,4.90000007301569,-3.9000000581145287,67.0000009983778,8.899999812245369,261.26
1990-04-16,17.50000026077032,6.27142866488014,-4.700000070035458,73.00000108778477,14.099999785423279,261.22
1990-04-23,17.600000262260437,8.85714298912457,1.600000023841858,76.20000113546848,15.000000096857548,261.11
1990-04-30,17.80000026524067,8.385714410671167,2.7000000402331352,79.45714404114655,22.10000053793192,262.47
1990-05-07,25.300000376999375,15.457143087472234,5.200000077486038,62.071429496364935,0.0,261.86
1990-05-14,23.600000351667404,14.885714507528714,6.200000092387199,70.48571533603328,4.699999988079071,261.36
1990-05-21,22.800000339746475,13.100000195205212,3.000000044703484,65.82857240949359,2.699999988079071,261.33
1990-05-28,24.600000366568565,12.471428757267338,3.200000047683716,61.514286630920004,1.600000023841858,261.14
1990-06-04,24.600000366568565,13.771428776638848,2.0000000298023224,63.25714379974774,15.10000017285347,260.95
1990-06-11,21.1000003144145,12.90000019222498,5.900000087916851,80.45714405604771,50.800001099705696,261.0
1990-06-18,25.300000376999375,14.828571649534362,9.00000013411045,77.65714401432446,2.299999952316284,261.38
1990-06-25,26.50000039488077,16.85714310833386,10.30000015348196,72.41428679334265,26.00000035762787,260.86
1990-07-02,28.80000042915344,19.828571724040167,10.80000016093254,69.385715319642,18.899999856948853,260.45
1990-07-09,21.1000003144145,14.771428791540009,9.400000140070915,75.84285827300378,17.70000010728836,260.35
1990-07-16,26.30000039190054,15.77142880644117,7.700000114738941,65.57142954851899,2.400000035762787,260.28
1990-07-23,26.600000396370888,15.971428809421402,7.200000107288361,69.27142960365329,1.2000000476837158,259.8
1990-07-30,31.80000047385693,18.771428851144655,8.50000012665987,64.08571524066585,0.0,260.01
1990-08-06,33.70000050216913,21.585714607366494,11.60000017285347,53.42857222471918,5.799999907612801,260.09
1990-08-13,32.20000047981739,18.600000277161598,7.200000107288361,61.0428580524666,0.1000000014901161,259.98
1990-08-20,29.300000436604023,17.614285976759025,9.00000013411045,69.17142960216317,10.200000017881393,259.8
1990-08-27,29.300000436604023,16.78571453584092,8.00000011920929,73.27142966325793,15.799999833106995,259.8
1990-09-03,30.600000455975533,18.114285984209605,11.10000016540289,73.48571538073676,35.40000084042549,259.8
1990-09-10,18.30000027269125,12.157143038298402,7.300000108778477,83.07142980928931,34.60000044107437,260.15
1990-09-17,18.100000269711018,11.557143029357706,3.400000050663948,80.61428691553218,12.000000096857548,260.38
1990-09-24,19.10000028461218,11.171428737895829,5.900000087916851,73.28571537775653,9.899999976158142,260.35
1990-10-01,21.60000032186508,11.842857319329466,4.500000067055225,76.64285828492471,9.100000143051147,259.8
1990-10-08,22.000000327825543,12.157143038298402,5.200000077486038,75.77142970051084,4.800000101327896,259.83
1990-10-15,23.600000351667404,12.31428589778287,4.700000070035458,72.18571536136525,0.0,259.87
1990-10-22,23.500000350177288,10.600000157952309,-1.80000002682209,76.64285828492471,4.399999976158142,260.02
1990-10-29,14.300000213086603,6.4285715243646075,-1.600000023841858,68.84285816869566,5.5,259.78
1990-11-05,11.500000171363354,5.914285802415439,0.6000000089406967,80.95714406349829,18.399999856948853,260.09
1990-11-12,11.30000016838312,5.128571504993098,-2.200000032782554,85.30000127106905,3.700000047683716,260.1
1990-11-19,12.800000190734863,7.571428684251649,2.200000032782554,80.61428691553218,30.1999990940094,260.64
1990-11-26,7.800000116229057,3.328571478171008,-1.100000016391277,81.01428692149264,15.399999856948853,260.815
1990-12-03,5.4000000804662704,0.7285714394279889,-4.90000007301569,87.60000130534172,9.899999856948853,260.99
1990-12-10,4.500000067055225,-1.1285714453884534,-8.300000123679638,80.02857262109008,14.100000441074373,261.07
1990-12-17,3.700000055134296,-0.6142857234392846,-3.400000050663948,89.98571562660592,20.399999976158142,261.21
1990-12-24,5.200000077486038,0.6428571524364608,-2.800000041723252,82.2571440828698,6.200000107288361,260.91
1990-12-31,12.000000178813934,3.357142907168184,-4.000000059604645,73.74285824171135,7.899999976158142,262.16
1991-01-07,10.900000162422655,5.32857150797333,1.100000016391277,76.11428684847695,12.799999818205833,262.34
1991-01-14,15.300000227987766,4.8857143585171015,-4.90000007301569,74.10000110417604,4.999999940395355,262.08
1991-01-21,7.700000114738941,-0.8714285844138691,-7.400000110268593,59.14285802415439,2.500000096857548,261.74
1991-01-28,3.700000055134296,-3.172065784643304e-17,-1.80000002682209,86.95714415290526,1.3000000268220901,261.695
1991-02-04,0.5000000074505806,-5.157142933990274,-12.800000190734863,65.04285811207124,0.699999988079071,261.65
1991-02-11,4.400000065565109,-6.385714380868843,-17.80000026524067,78.04285830578634,9.200000002980232,261.29
1991-02-18,1.80000002682209,-4.000000059604645,-9.500000141561031,82.52857265834298,11.900000274181366,261.21
1991-02-25,12.4000001847744,4.114285775593349,-8.600000128149986,75.25714397856167,2.3000000715255737,260.81
1991-03-04,10.500000156462193,2.0428571732980862,-3.6000000536441803,75.5714296975306,0.0,261.79
1991-03-11,14.300000213086603,7.585714398750237,1.100000016391277,76.4142868529473,0.5000000074505805,261.63
1991-03-18,17.50000026077032,9.428571569068092,1.100000016391277,72.18571536136525,1.100000023841858,261.37
1991-03-25,17.600000262260437,8.314285838178225,4.200000062584877,78.25714402326516,18.599999964237213,261.95
1991-04-01,10.500000156462193,3.1285714751907756,-2.200000032782554,72.64285822532007,7.700000204145908,261.46
1991-04-08,18.80000028014183,9.485714427062444,4.000000059604645,68.68571530921119,4.100000083446503,260.83
1991-04-15,18.50000027567148,10.214285866490432,-0.2000000029802322,58.085715151258874,0.0,260.27
1991-04-22,10.500000156462193,1.7285714543291502,-5.000000074505806,76.52857256893601,19.699999809265137,260.47
1991-04-29,14.600000217556952,6.100000090897083,-1.100000016391277,78.37142973925386,4.600000001490116,261.03
1991-05-06,12.800000190734863,6.98571438980954,1.700000025331974,76.87142971690211,6.500000037252903,260.35
1991-05-13,17.600000262260437,9.342857282076563,-0.2000000029802322,75.30000112205744,17.500000290572643,260.41
1991-05-20,17.100000254809856,8.442857268665518,0.4000000059604645,73.50000109523535,18.19999933242798,260.72
1991-05-27,19.10000028461218,9.528571570558208,1.80000002682209,76.40000113844872,10.599999785423279,260.475
1991-06-03,22.100000329315662,13.242857340191092,2.3000000342726707,64.67142953510795,0.1000000014901161,260.23
1991-06-10,19.80000029504299,12.557143044258867,3.200000047683716,71.1714296319655,3.5000000298023224,260.56
1991-06-17,23.300000347197056,14.800000220537186,9.400000140070915,69.82857246909823,46.800000846385956,260.37
1991-06-24,26.30000039190054,15.214285940996238,6.70000009983778,73.01428680228335,18.19999960809946,260.75
1991-07-01,26.50000039488077,15.55714308896235,8.400000125169754,75.04285826108286,47.900001645088196,262.05
1991-07-08,30.800000458955765,21.8142860393439,11.500000171363354,62.871429508285864,0.0,260.86
1991-07-15,33.30000049620867,21.24285745940038,13.000000193715096,71.11428677397114,17.199999570846558,261.04
1991-07-22,23.000000342726707,16.814285964838096,10.400000154972076,68.14285815826484,0.5,260.6
1991-07-29,29.10000043362379,18.100000269711018,8.00000011920929,68.57142959322248,18.199999690055847,260.69
1991-08-05,27.700000412762165,19.857143153037345,12.800000190734863,77.87142973180327,46.59999942779541,260.67
1991-08-12,33.10000049322844,20.828571738941328,13.500000201165676,68.67142959471259,9.7999999076128,260.85
1991-08-19,28.50000042468309,16.971428824322565,9.00000013411045,66.81428670989615,5.500000178813934,260.5
1991-08-26,28.10000041872263,16.900000251829624,9.00000013411045,69.628572466118,3.700000047683716,260.335
1991-09-02,25.80000038444996,15.42857165847506,7.800000116229057,71.12857248846974,3.5000000596046448,260.17
1991-09-09,27.60000041127205,15.085714510508947,9.100000135600569,68.28571530325073,5.299999833106995,260.05
1991-09-16,26.00000038743019,15.185714511999063,2.7000000402331352,64.54285810462066,6.20000009983778,259.69
1991-09-23,25.80000038444996,14.62857164655413,5.000000074505806,73.52857252423253,4.800000101327896,259.52
1991-09-30,26.30000039190054,15.12857165400471,8.300000123679638,72.1142867888723,1.699999988079071,259.6
1991-10-07,22.100000329315662,12.271428754287106,5.700000084936619,70.4571439070361,5.4999998807907104,258.96
1991-10-14,22.800000339746475,13.40000019967556,6.000000089406967,74.60000111162663,0.5,259.33
1991-10-21,19.80000029504299,7.600000113248825,-1.700000025331974,75.07142969008002,7.400000154972076,259.19
1991-10-28,9.00000013411045,3.400000050663948,-3.500000052154064,72.90000108629465,12.300000429153444,259.64
1991-11-04,14.600000217556952,4.7285714990326335,-4.90000007301569,71.15714391746691,7.900000035762787,260.09
1991-11-11,11.500000171363354,5.2428572209818025,0.800000011920929,80.60000120103359,23.90000009536743,260.29
1991-11-18,12.000000178813934,4.500000067055225,-1.80000002682209,81.21428692447287,11.300000049173832,260.25
1991-11-25,7.300000108778477,1.814285741320678,-4.90000007301569,85.9571441380041,0.8999999761581421,260.44
1991-12-02,8.600000128149986,2.0857143167938506,-4.000000059604645,85.70000127702951,2.000000037252903,259.17
1991-12-09,3.200000047683716,-1.1285714453884534,-9.600000143051147,88.74285846522876,7.40000007301569,260.14
1991-12-16,4.700000070035458,-2.0714286022952626,-12.10000018030405,69.82857246909823,0.0,260.06
1991-12-23,10.500000156462193,3.971428630607469,-0.5000000074505806,81.91428693490369,41.59999990463257,260.22
1991-12-30,9.600000143051147,1.528571451348918,-1.80000002682209,85.20000126957893,22.700000405311584,260.62
1992-01-06,8.50000012665987,3.357142907168184,-2.800000041723252,78.05714402028492,26.799999713897705,261.83
1992-01-13,11.900000177323818,2.9714286157063077,-4.700000070035458,81.27142978246722,7.199999928474426,262.12
1992-01-20,4.90000007301569,1.671428596334798,-8.00000011920929,86.0857155684914,22.80000038444996,262.62
1992-01-27,3.400000050663948,-3.157142904187952,-10.000000149011612,84.41428697215659,2.0,262.155
1992-02-03,3.9000000581145287,-1.0857143018926894,-3.700000055134296,91.88571565491813,3.100000001490116,261.69
1992-02-10,10.400000154972076,3.5857143391455923,-0.6000000089406967,82.2571440828698,19.399999611079693,262.49
1992-02-17,12.10000018030405,4.428571494562285,-3.200000047683716,80.05714405008725,15.300000004470348,262.84
1992-02-24,8.00000011920929,0.6571428669350488,-6.200000092387199,85.68571556253093,16.600000202655792,262.72
1992-03-02,15.100000225007534,6.214285806885788,-1.100000016391277,70.68571533901351,2.900000095367432,262.97
1992-03-09,16.300000242888927,6.285714379378727,0.2000000029802322,70.64285819551775,10.400000005960464,262.71
1992-03-16,14.300000213086603,3.500000052154064,-0.9000000134110451,74.28571539265769,32.00000011920929,263.48
1992-03-23,13.100000195205212,5.842857229922499,-0.1000000014901161,76.11428684847695,12.999999977648258,263.4
1992-03-30,8.00000011920929,1.8428571703178542,-2.7000000402331352,83.3428583847625,32.200000643730164,263.6
1992-04-06,12.300000183284284,5.742857228432383,-0.800000011920929,73.60000109672546,5.600000023841858,263.15
1992-04-13,18.0000002682209,7.928571546716349,0.4000000059604645,57.71428657429559,0.2000000029802322,262.39
1992-04-20,14.900000222027302,6.128571519894259,-0.5000000074505806,66.7571438519018,11.300000049173832,262.15
1992-04-27,24.600000366568565,12.014285893312522,-2.3000000342726707,61.44285805842706,5.300000011920929,261.94
1992-05-04,18.30000027269125,9.742857288037028,2.500000037252903,73.01428680228335,12.599999740719795,261.73
1992-05-11,20.500000305473804,11.057143021907125,2.500000037252903,69.40000103414059,17.5999995470047,261.75
1992-05-18,26.00000038743019,15.500000230967999,5.200000077486038,59.91428660707815,0.0,261.32
1992-05-25,26.30000039190054,18.314285987189837,6.200000092387199,49.74285788408348,0.0,261.51
1992-06-01,25.700000382959843,17.014285967818328,7.300000108778477,52.52857221130814,1.2999999523162842,260.94
1992-06-08,26.80000039935112,17.87142883773361,10.500000156462193,71.72857249741044,24.300000488758087,260.56
1992-06-15,25.100000374019142,15.800000235438347,8.400000125169754,73.01428680228335,9.40000019222498,260.57
1992-06-22,27.000000402331352,18.314285987189837,11.10000016540289,66.67142956491027,2.000000014901161,259.91
1992-06-29,27.500000409781933,19.057143141116416,9.500000141561031,52.385715066322255,0.3000000119209289,260.35
1992-07-06,30.300000451505184,19.185714571603707,13.100000195205212,70.8285724839994,47.70000076293945,260.46
1992-07-13,26.600000396370888,17.400000259280205,11.900000177323818,69.9857153285827,21.299999989569187,260.37
1992-07-20,31.20000046491623,19.700000293552876,10.100000150501728,64.11428666966302,6.399999812245369,260.16
1992-07-27,33.70000050216913,20.10000029951334,13.100000195205212,69.87142961259399,27.70000071823597,260.155
1992-08-03,31.600000470876694,21.071428885417326,9.100000135600569,63.04285808226892,1.100000023841858,260.15
1992-08-10,35.10000052303076,23.35714320519141,11.30000016838312,53.81428651618106,0.0,259.57
1992-08-17,24.8000003695488,16.614285961857863,9.00000013411045,67.92857244078603,5.800000011920929,259.17
1992-08-24,29.50000043958425,19.114285999110766,11.000000163912771,73.50000109523535,19.40000009536743,259.12
1992-08-31,33.30000049620867,21.071428885417326,13.100000195205212,67.10000099986792,20.59999918937683,258.64
1992-09-07,20.30000030249357,12.442857328270163,5.700000084936619,75.25714397856167,15.999999910593033,259.69
1992-09-14,24.100000359117985,13.714285918644496,6.500000096857548,74.64285825512239,9.100000143051147,259.3
1992-09-21,21.800000324845318,13.442857343171324,3.700000055134296,70.88571534199374,0.0,258.79
1992-09-28,25.100000374019142,15.185714511999063,8.300000123679638,74.30000110715628,9.0,259.27
1992-10-05,17.100000254809856,11.185714452394418,5.200000077486038,80.64285834452936,7.6000001430511475,258.71
1992-10-12,16.50000024586916,8.400000125169754,0.0,83.97142982270036,5.900000035762787,258.66
1992-10-19,12.4000001847744,4.500000067055225,-2.7000000402331352,71.12857248846974,2.899999976158142,259.3
1992-10-26,13.800000205636024,5.18571436298745,0.2000000029802322,80.34285834005901,29.600000359117985,259.015
1992-11-02,10.600000157952309,4.014285774103233,-4.000000059604645,78.00000116229057,10.199999809265137,258.73
1992-11-09,14.100000210106373,6.614285812846252,-2.7000000402331352,80.41428691255194,4.5,258.66
1992-11-16,11.30000016838312,4.528571496052401,-0.1000000014901161,81.34285835496017,17.900000169873238,260.12
1992-11-23,10.500000156462193,4.071428632097585,1.100000016391277,83.75714410522154,21.100000083446503,259.75
1992-11-30,13.100000195205212,5.800000086426735,-0.800000011920929,78.04285830578634,6.800000190734863,259.69
1992-12-07,12.000000178813934,4.657142926539693,-1.700000025331974,77.92857258979764,3.4000000059604645,259.77
1992-12-14,6.000000089406967,2.4285714647599628,0.5000000074505806,88.44285846075842,30.299999989569187,259.79
1992-12-21,9.600000143051147,2.1571428892867908,-1.3000000193715096,81.55714407243899,7.600000001490116,260.03
1992-12-28,3.6000000536441803,-2.742857183728899,-8.800000131130219,82.6142869453345,0.2000000029802322,259.795
1993-01-04,0.6000000089406967,-7.442857253764357,-14.900000222027302,77.44285829684564,0.0,259.56
1993-01-11,11.500000171363354,5.200000077486038,-8.100000120699406,78.75714403071574,23.300000190734863,259.84
1993-01-18,14.800000220537186,6.9714286753109524,0.2000000029802322,69.80000104010105,6.6000001430511475,260.08
1993-01-25,11.900000177323818,6.185714377888611,-0.1000000014901161,75.78571541500943,29.59999930858612,260.24
1993-02-01,1.80000002682209,-3.071428617196424,-11.500000171363354,75.78571541500943,7.5,260.69
1993-02-08,7.700000114738941,0.028571428997176,-9.900000147521496,78.87142974670444,6.300000049173832,260.79
1993-02-15,6.200000092387199,-0.885714298912457,-4.700000070035458,86.2000012844801,0.0,260.84
1993-02-22,4.400000065565109,-0.02857142899717616,-7.500000111758709,84.25714411267212,34.19999969005585,260.96
1993-03-01,5.500000081956387,-2.1285714602896144,-7.500000111758709,79.30000118166208,9.700000144541264,261.32
1993-03-08,4.700000070035458,-1.771428597824914,-9.600000143051147,79.54285832813808,5.499999940395355,261.07
1993-03-15,14.900000222027302,5.200000077486038,-6.400000095367432,69.31428674714905,0.9000000059604645,261.45
1993-03-22,17.100000254809856,9.257142995085035,0.5000000074505806,69.0285724571773,10.09999991953373,261.5
1993-03-29,11.10000016540289,1.4285714498588018,-3.000000044703484,76.07142970498118,4.900000125169754,261.76
1993-04-05,16.600000247359276,5.542857225452151,-3.500000052154064,69.87142961259399,1.7000000476837158,261.22
1993-04-12,12.90000019222498,5.300000078976154,-2.0000000298023224,71.78571535540479,12.099999815225601,261.54
1993-04-19,16.50000024586916,8.72857155863728,1.80000002682209,71.20000106096268,18.80000001192093,261.02
1993-04-26,25.100000374019142,16.171428812401636,4.700000070035458,54.985715105065275,0.0,261.035
1993-05-03,25.80000038444996,16.557143103863513,8.50000012665987,54.14285794964859,0.0,261.05
1993-05-10,24.8000003695488,13.014285908213683,3.700000055134296,66.85714385339192,3.199999988079071,260.57
1993-05-17,25.00000037252903,15.814285949936934,5.900000087916851,59.91428660707815,7.399999976158142,260.53
1993-05-24,27.60000041127205,15.757143091942583,8.800000131130219,71.8857153568949,46.30000078678131,260.08
1993-05-31,25.300000376999375,15.91428595142705,9.500000141561031,71.51428677993161,21.09999918937683,260.66
1993-06-07,26.700000397861004,17.07142882581268,9.80000014603138,73.8000010997057,26.199999883770943,260.42
1993-06-14,28.80000042915344,16.85714310833386,10.600000157952309,73.65714395471981,26.299999952316284,260.02
1993-06-21,25.600000381469727,14.98571450901883,6.000000089406967,73.88571538669723,11.999999940395355,260.03
1993-06-28,21.60000032186508,12.928571621222156,7.200000107288361,78.21428687976939,20.500000052154064,260.08
1993-07-05,28.300000421702865,18.614285991660186,7.300000108778477,64.0285723826715,43.29999923706055,260.17
1993-07-12,26.00000038743019,14.185714497097901,9.100000135600569,73.72857252721276,18.000000432133675,260.05
1993-07-19,24.600000366568565,16.2142859558974,8.600000128149986,79.25714403816632,50.799999713897705,260.33
1993-07-26,23.600000351667404,15.12857165400471,10.100000150501728,75.8285725585052,8.000000193715096,260.59
1993-08-02,29.300000436604023,17.842857408736432,10.500000156462193,75.55714398303202,26.89999971538782,260.85
1993-08-09,29.000000432133675,18.37142884518419,9.900000147521496,72.15714393236807,31.500000551342964,261.21
1993-08-16,29.000000432133675,18.400000274181366,9.00000013411045,70.1000010445714,16.200000047683716,260.95
1993-08-23,24.300000362098217,15.828571664435524,7.400000110268593,72.78571537030595,12.399999618530272,260.52
1993-08-30,18.30000027269125,12.10000018030405,5.500000081956387,74.40000110864639,8.90000019222498,259.98
1993-09-06,16.100000239908695,11.000000163912773,5.4000000804662704,86.22857271347728,29.699999570846558,260.34
1993-09-13,24.00000035762787,14.428571643573898,5.000000074505806,82.64285837433168,16.3000004068017,260.52
1993-09-20,19.60000029206276,11.542857314859118,2.7000000402331352,75.42857255254474,7.099999964237213,260.4
1993-09-27,25.80000038444996,14.971428794520241,7.700000114738941,79.42857261214938,0.5,260.43
1993-10-04,16.600000247359276,10.3714287259749,2.600000038743019,76.3000011369586,2.200000047683716,260.46
1993-10-11,21.800000324845318,13.028571622712272,6.500000096857548,80.17142976607595,9.499999910593033,260.31
1993-10-18,21.60000032186508,9.157142993594919,-1.600000023841858,74.52857253913369,1.7999999523162842,259.75
1993-10-25,9.3000001385808,4.428571494562285,-1.80000002682209,87.04285843989679,19.8999999538064,260.24
1993-11-01,9.500000141561031,3.0857143316950117,-2.200000032782554,86.88571558041232,0.0,260.19
1993-11-08,8.100000120699406,3.6857143406357085,-1.80000002682209,93.5857156802501,14.599999904632568,260.24
1993-11-15,7.800000116229057,3.9285714871117046,-0.6000000089406967,85.32857270006623,24.100000388920307,259.95
1993-11-22,0.800000011920929,-3.628571482641356,-8.900000132620335,85.57142984654222,11.799999654293059,261.0
1993-11-29,2.200000032782554,-5.757142942930971,-10.400000154972076,84.37142982866082,4.900000095367432,261.05
1993-12-06,10.80000016093254,1.9428571718079704,-11.400000169873238,83.30000124126673,6.899999976158142,261.9
1993-12-13,10.000000149011612,4.114285775593349,-0.6000000089406967,80.05714405008725,39.50000009685755,263.62
1993-12-20,12.800000190734863,4.514285781553814,0.2000000029802322,82.08571550888675,19.299999959766865,263.84
1993-12-27,5.000000074505806,1.3571428773658616,-1.80000002682209,86.30000128597021,33.50000038743019,263.825
1994-01-03,10.000000149011612,2.8285714707204273,-5.700000084936619,81.82857264791217,22.800000250339508,263.81
1994-01-10,9.500000141561031,4.814285786024162,0.2000000029802322,80.51428691404206,2.2999999076128006,263.5
1994-01-17,11.400000169873238,3.200000047683716,-4.400000065565109,83.50000124424696,9.400000132620335,263.31
1994-01-24,7.200000107288361,1.2571428758757455,-6.70000009983778,76.68571542842048,9.300000198185444,262.52
1994-01-31,9.3000001385808,3.38571433616536,-0.5000000074505806,82.22857265387263,24.999999955296516,263.6
1994-02-07,6.400000095367432,1.9857143153037344,-1.600000023841858,82.95714409330061,2.799999989569187,262.95
1994-02-14,4.500000067055225,-2.285714319774083,-12.000000178813934,83.42857267175403,10.800000250339508,263.07
1994-02-21,2.1000000312924385,-4.985714360007218,-11.900000177323818,67.10000099986792,1.7000000476837158,262.43
1994-02-28,14.600000217556952,3.0142857592020715,-8.800000131130219,86.75714414992503,16.899999767541885,262.21
1994-03-07,11.400000169873238,5.357142936970506,-0.800000011920929,79.02857260618892,25.3999999538064,263.59
1994-03-14,15.600000232458116,7.942857261214938,-0.5000000074505806,78.27142973776374,29.199999526143078,263.69
1994-03-21,9.00000013411045,3.31428576367242,-0.9000000134110451,84.14285839668342,63.60000014305115,263.77
1994-03-28,13.100000195205212,6.728571528834956,-1.600000023841858,75.7000011280179,25.799999810755253,263.68
1994-04-04,18.30000027269125,8.300000123679638,0.0,75.80000112950802,8.099999867379665,263.59
1994-04-11,10.500000156462193,3.9142857726131166,-1.600000023841858,76.80000114440918,16.500000096857548,262.72
1994-04-18,10.500000156462193,5.4000000804662704,-0.4000000059604645,86.24285842797586,48.599998235702515,263.6
1994-04-25,21.60000032186508,11.971428749816758,0.800000011920929,60.58571518851178,0.1000000014901161,263.09
1994-05-02,24.300000362098217,12.45714304276875,4.500000067055225,74.82857254360404,1.7999999523162842,262.24
1994-05-09,20.800000309944156,12.028571607811111,1.3000000193715096,65.48571526152747,5.199999928474426,261.6
1994-05-16,23.000000342726707,14.885714507528714,6.000000089406967,65.77142955149922,2.600000061094761,261.65
1994-05-23,22.600000336766243,13.32857162718262,5.000000074505806,81.7714297899178,37.89999959617853,261.69
1994-05-30,21.1000003144145,12.200000181794167,5.500000081956387,79.50000118464231,33.90000057220459,262.4
1994-06-06,27.3000004068017,13.771428776638848,3.700000055134296,69.47142960663352,15.299999810755251,262.09
1994-06-13,25.00000037252903,13.557143059160028,6.900000102818012,74.12857253317323,4.599999859929085,261.77
1994-06-20,25.80000038444996,14.514285930565425,7.900000117719173,70.98571534348386,13.000000193715096,261.61
1994-06-27,30.300000451505184,19.857143153037345,7.200000107288361,60.54285804501602,0.0,261.37
1994-07-04,32.70000048726797,22.000000327825546,10.600000157952309,60.07142946656261,15.200000405311586,261.13
1994-07-11,27.80000041425228,17.885714552232198,10.000000149011612,74.20000110566616,7.200000002980232,260.94
1994-07-18,30.500000454485416,22.014286042324134,14.300000213086603,65.94285812548229,6.8999999538064,261.09
1994-07-25,32.30000048130751,22.171428901808603,12.600000187754633,49.471429308610304,0.4000000059604645,261.29
1994-08-01,35.10000052303076,25.200000375509262,16.800000250339508,53.32857222322907,2.5999999046325684,260.47
1994-08-08,34.70000051707029,22.68571462375777,15.400000229477882,59.9714294650725,4.100000001490116,260.29
1994-08-15,28.80000042915344,16.84285739383527,8.900000132620335,71.0571439159768,34.400000393390656,260.09
1994-08-22,25.00000037252903,15.78571452093976,7.500000111758709,70.50000105053186,21.600000083446503,259.73
1994-08-29,24.50000036507845,16.228571670395986,10.600000157952309,80.0000011920929,69.6000006198883,260.22
1994-09-05,23.600000351667404,15.885714522429875,8.50000012665987,75.80000112950802,19.00000035762787,260.26
1994-09-12,21.800000324845318,14.442857358072485,9.100000135600569,75.52857255403485,34.10000018775463,260.57
1994-09-19,19.60000029206276,11.88571446282523,7.500000111758709,78.74285831621715,8.900000132620335,260.45
1994-09-26,22.800000339746475,12.885714477726392,4.500000067055225,79.78571547461408,0.0,260.15
1994-10-03,19.60000029206276,12.714285903743335,8.100000120699406,81.5428583579404,15.200000144541264,259.85
1994-10-10,10.500000156462193,4.457142923559461,-1.100000016391277,80.08571547908443,6.999999970197678,260.0
1994-10-17,18.0000002682209,7.05714296230248,-1.5000000223517418,80.20000119507313,0.5,260.27
1994-10-24,15.000000223517418,6.442857238863196,-4.200000062584877,71.04285820147821,1.4999999776482582,260.4
1994-10-31,17.30000025779009,9.828571575028556,3.000000044703484,76.62857257042613,14.40000007301569,260.15
1994-11-07,16.50000024586916,7.728571543736117,0.0,77.12857257787671,0.0,260.27
1994-11-14,11.800000175833702,5.857142944421087,-0.5000000074505806,85.32857270006623,15.500000387430193,260.21
1994-11-21,14.300000213086603,7.2285715362855365,1.100000016391277,85.25714412757328,26.299999810755253,260.85
1994-11-28,9.600000143051147,5.871428658919675,-0.6000000089406967,89.28571561617511,14.300000190734863,261.29
1994-12-05,10.600000157952309,4.871428644018514,-2.7000000402331352,83.00000123679638,9.199999868869781,261.36
1994-12-12,13.000000193715096,6.642857241843428,-1.80000002682209,76.71428685741765,20.900000385940075,262.85
1994-12-19,11.10000016540289,1.3285714483686857,-5.000000074505806,83.87142982121024,18.399999976158142,262.32
1994-12-26,3.700000055134296,-0.6428571524364608,-6.000000089406967,85.61428699003798,3.5000000968575478,262.535
1995-01-02,12.10000018030405,5.457142938460622,-2.500000037252903,79.84285833260843,23.499999672174454,262.75
1995-01-09,0.2000000029802322,-6.757142957832132,-13.90000020712614,85.4714298450521,12.199999578297136,262.04
1995-01-16,6.200000092387199,-0.28571428997176035,-8.400000125169754,82.77142980481896,10.499999791383743,261.69
1995-01-23,10.500000156462193,1.600000023841858,-4.90000007301569,76.72857257191625,18.299999952316284,261.72
1995-01-30,12.4000001847744,4.628571497542517,-0.9000000134110451,78.51428688423974,26.79999989271164,263.8
1995-02-06,9.400000140070915,4.414285780063698,-2.800000041723252,76.81428685890776,9.200000077486038,263.65
1995-02-13,12.500000186264517,4.057142917598997,-6.500000096857548,77.70000115782022,23.90000031143427,263.84
1995-02-20,11.10000016540289,6.157142948891435,1.700000025331974,75.27142969306026,5.000000029802322,263.24
1995-02-27,15.900000236928465,3.52857148115124,-1.700000025331974,78.2000011652708,11.100000143051147,263.29
1995-03-06,10.900000162422655,4.571428639548166,-2.7000000402331352,71.57142963792596,2.2000000178813934,262.62
1995-03-13,10.600000157952309,2.7571428982274875,-2.800000041723252,71.64285821041891,1.2999999821186066,262.41
1995-03-20,10.900000162422655,2.614285753241607,-4.700000070035458,76.3000011369586,8.999999940395355,262.2
1995-03-27,16.100000239908695,4.785714357026985,-2.0000000298023224,71.34285820594856,15.800000071525574,262.55
1995-04-03,18.6000002771616,4.700000070035458,-6.000000089406967,77.00000114738941,27.70000010728836,262.9
1995-04-10,12.500000186264517,5.985714374908379,-0.4000000059604645,76.85714400240353,21.699999824166298,263.35
1995-04-17,9.600000143051147,4.8857143585171015,-0.2000000029802322,86.82857272241797,41.19999871402979,263.81
1995-04-24,25.100000374019142,11.728571603340763,4.400000065565109,71.78571535540479,14.700000286102295,263.82
1995-05-01,20.10000029951334,10.228571580989021,1.3000000193715096,76.7857154299106,12.200000166893005,263.33
1995-05-08,22.30000033229589,13.071428766208035,1.3000000193715096,61.82857234988894,1.100000023841858,262.41
1995-05-15,13.500000201165676,7.885714403220585,0.4000000059604645,78.50000116974115,48.60000067949295,263.57
1995-05-22,17.30000025779009,9.957143005515848,1.600000023841858,70.31428676205022,13.699999511241911,263.12
1995-05-29,28.300000421702865,17.757143121744907,4.400000065565109,63.557143804218086,7.0,262.34
1995-06-05,20.30000030249357,12.857143048729215,5.500000081956387,85.7142869915281,64.20000159740448,263.54
1995-06-12,20.000000298023224,12.642857331250395,7.000000104308128,82.58571551633733,19.600000202655792,263.47
1995-06-19,21.60000032186508,13.500000201165676,8.00000011920929,80.61428691553218,23.89999955892563,263.05
1995-06-26,26.50000039488077,15.500000230967999,7.500000111758709,79.37142975415502,13.70000022649765,262.56
1995-07-03,25.80000038444996,19.10000028461218,9.900000147521496,67.2428581448538,9.099999904632568,262.07
1995-07-10,32.20000047981739,20.128571728510515,10.100000150501728,63.38571523023503,0.1000000014901161,261.95
1995-07-17,30.300000451505184,21.11428602891309,12.500000186264517,73.81428681420428,9.499999940395355,261.02
1995-07-24,32.70000048726797,20.071428870516165,9.00000013411045,71.01428677248103,12.999999821186066,260.87
1995-07-31,29.800000444054604,20.785714595445565,11.10000016540289,64.64285810611078,25.5,260.87
1995-08-07,29.800000444054604,20.457143161978042,11.000000163912771,61.328572342438356,0.0,260.46
1995-08-14,30.300000451505184,19.328571716589586,8.50000012665987,57.55714371481112,13.599999904632568,260.54
1995-08-21,29.700000442564487,19.17142885710512,10.80000016093254,73.3142868067537,13.399999596178532,260.25
1995-08-28,30.100000448524952,17.528571689767496,9.00000013411045,77.30000115185976,46.40000081062317,260.65
1995-09-04,17.30000025779009,11.214285881391593,7.200000107288361,83.9285726792046,84.70000119507313,261.05
1995-09-11,23.300000347197056,15.34285737148353,7.800000116229057,73.9142868156944,2.7000000029802322,261.76
1995-09-18,22.500000335276127,14.585714503058366,7.000000104308128,76.771429715412,0.4000000059604645,261.57
1995-09-25,18.50000027567148,12.185714467295579,7.800000116229057,85.25714412757328,31.099999763071537,261.98
1995-10-02,17.600000262260437,9.457142998065267,2.600000038743019,81.15714406647852,37.30000019073486,262.89
1995-10-09,24.8000003695488,15.457143087472234,9.100000135600569,79.77142976011548,0.0,262.16
1995-10-16,24.50000036507845,13.25714305468968,7.500000111758709,84.8714298361114,0.2000000029802322,262.27
1995-10-23,19.30000028759241,9.200000137090683,-2.0000000298023224,80.41428691255194,2.100000023841858,261.95
1995-10-30,19.60000029206276,10.685714444943837,2.0000000298023224,82.48571551484721,17.89999981224537,261.77
1995-11-06,10.000000149011612,2.4285714647599628,-3.000000044703484,88.25714417227677,62.5,263.87
1995-11-13,10.600000157952309,4.071428632097585,-0.800000011920929,86.98571558190244,7.300000011920929,263.64
1995-11-20,12.10000018030405,3.7000000551342964,-4.000000059604645,84.88571555061,36.700000047683716,263.7
1995-11-27,9.400000140070915,0.842857155416693,-6.200000092387199,79.84285833260843,0.0,263.625
1995-12-04,0.9000000134110451,-1.4000000208616257,-5.700000084936619,89.60000133514404,2.2000000551342964,263.55
1995-12-11,2.0000000298023224,-2.571428609745843,-8.800000131130219,88.54285846224853,8.699999839067459,263.05
1995-12-18,2.1000000312924385,-1.757142883326326,-5.000000074505806,88.28571560127395,5.600000202655793,263.12
1995-12-25,10.900000162422655,1.2571428758757455,-10.000000149011612,90.22857277308192,32.60000026226044,263.09
1996-01-01,0.800000011920929,-5.857142944421087,-12.500000186264517,78.74285831621715,1.0000000298023224,262.99
1996-01-08,4.200000062584877,-3.5714286246470044,-11.500000171363354,85.85714413651398,1.4000000283122063,262.29
1996-01-15,8.100000120699406,0.842857155416693,-3.700000055134296,84.71428697662694,0.0,262.26
1996-01-22,2.200000032782554,-4.571428639548166,-9.600000143051147,84.58571554613965,0.0,261.83
1996-01-29,-1.3000000193715096,-7.571428684251649,-13.90000020712614,76.25714399346283,0.4000000059604645,261.89
1996-02-05,3.1000000461936,-4.514285781553814,-11.500000171363354,78.07142973478351,3.900000035762787,261.56
1996-02-12,5.4000000804662704,-6.014285803905556,-17.30000025779009,74.11428681867463,0.2000000029802322,261.73
1996-02-19,5.000000074505806,0.6000000089406967,-2.800000041723252,83.31428695576531,30.499999523162842,261.8
1996-02-26,9.500000141561031,-2.500000037252903,-10.000000149011612,76.97142971839223,5.500000089406967,261.675
1996-03-04,11.000000163912771,-0.6857142959322248,-7.000000104308128,79.2857154671635,6.5999999940395355,261.55
1996-03-11,4.500000067055225,-1.0714285873941012,-6.400000095367432,74.94285825959274,4.699999958276749,261.6
1996-03-18,5.200000077486038,-0.4142857204590525,-7.400000110268593,84.10000125318766,0.3000000044703483,261.37
1996-03-25,12.10000018030405,4.071428632097585,-2.7000000402331352,83.15714409628085,6.199999928474426,261.95
1996-04-01,7.800000116229057,0.32857143346752427,-5.700000084936619,76.74285828641483,17.200000047683716,263.33
1996-04-08,15.600000232458116,3.6000000536441803,-3.9000000581145287,85.82857270751681,7.6000000312924385,263.62
1996-04-15,12.600000187754633,4.171428633587701,-4.200000062584877,76.45714399644307,9.400000013411045,263.45
1996-04-22,27.200000405311584,13.40000019967556,-0.800000011920929,48.785715012678075,0.0,262.61
1996-04-29,27.10000040382147,12.928571621222156,3.9000000581145287,67.22857243035521,8.899999856948853,262.42
1996-05-06,17.50000026077032,10.342857296977725,3.200000047683716,76.3000011369586,25.59999991208315,262.45
1996-05-13,12.000000178813934,7.857142974223409,3.700000055134296,91.2000013589859,11.899999745190144,262.69
1996-05-20,23.100000344216824,12.200000181794167,6.000000089406967,84.42857268665519,39.200000911951065,263.65
1996-05-27,21.1000003144145,12.757143047239099,5.4000000804662704,76.34285828045437,20.500000335276127,263.275
1996-06-03,29.200000435113907,14.457143072571073,2.200000032782554,75.5857154120292,10.40000019222498,262.9
1996-06-10,32.00000047683716,20.31428601699216,8.50000012665987,68.81428673969847,4.600000083446503,262.26
1996-06-17,28.300000421702865,15.971428809421402,6.200000092387199,69.57142960812364,0.6000000238418579,262.21
1996-06-24,24.8000003695488,12.17142875279699,8.400000125169754,78.14285830727646,8.99999988079071,262.15
1996-07-01,21.300000317394733,14.057143066610609,7.000000104308128,77.90000116080046,16.000000096857548,261.52
1996-07-08,26.00000038743019,15.228571655494827,8.50000012665987,77.257144008364,77.30000076442957,261.65
1996-07-15,26.00000038743019,15.971428809421402,8.800000131130219,80.1142869080816,26.80000028759241,263.21
1996-07-22,23.600000351667404,13.68571448964732,5.500000081956387,70.02857247207847,1.5,262.55
1996-07-29,26.30000039190054,17.700000263750553,9.00000013411045,76.14285827747413,26.000000193715096,261.72
1996-08-05,27.60000041127205,16.78571453584092,8.300000123679638,74.48571539563792,5.400000095367432,262.04
1996-08-12,26.700000397861004,17.80000026524067,9.400000140070915,74.58571539712804,14.899999618530273,261.89
1996-08-19,27.3000004068017,16.400000244379044,11.500000171363354,83.91428696470601,25.09999990463257,261.7
1996-08-26,27.60000041127205,18.600000277161598,12.000000178813934,72.04285821637937,11.899999916553497,261.65
1996-09-02,21.800000324845318,14.528571645064014,6.000000089406967,76.08571541947978,5.200000196695328,261.6
1996-09-09,21.1000003144145,11.614285887352057,6.200000092387199,79.85714404710701,26.600000359117985,261.59
1996-09-16,14.500000216066836,9.814285860529967,5.700000084936619,85.3571441290634,29.700000643730164,261.75
1996-09-23,16.100000239908695,9.028571563107628,5.200000077486038,85.85714413651398,7.400000184774399,261.83
1996-09-30,20.000000298023224,11.000000163912773,6.000000089406967,85.70000127702951,15.199999928474426,261.8
1996-10-07,22.000000327825543,10.757143017436777,4.700000070035458,82.88571552080768,7.800000011920929,261.99
1996-10-14,20.500000305473804,10.614285872450896,4.000000059604645,86.18571556998151,1.7999999523162842,262.37
1996-10-21,19.500000290572643,10.000000149011612,4.90000007301569,91.01428707050425,36.299999952316284,262.49
1996-10-28,14.800000220537186,7.500000111758709,-0.1000000014901161,83.58571553123849,4.499999910593033,262.57
1996-11-04,14.900000222027302,9.857143004025732,5.500000081956387,77.42857258234706,11.90000006556511,262.65
1996-11-11,14.500000216066836,7.857142974223409,1.600000023841858,77.257144008364,12.000000447034836,262.64
1996-11-18,13.100000195205212,4.642857212041106,1.100000016391277,91.45714421996048,10.69999997317791,262.77
1996-11-25,7.400000110268593,1.4714285933545657,-3.000000044703484,79.35714403965643,4.100000038743019,262.75
1996-12-02,4.200000062584877,0.7714285829237529,-2.200000032782554,90.17142991508756,27.399999737739563,262.86
1996-12-09,9.900000147521496,0.800000011920929,-4.000000059604645,81.67142978842769,0.1000000014901161,263.38
1996-12-16,4.200000062584877,-0.4000000059604645,-7.000000104308128,89.52857276265111,10.000000178813934,263.53
1996-12-23,6.000000089406967,-3.9285714871117046,-16.50000024586916,86.94285843840667,19.600000381469727,263.69
1996-12-30,-5.700000084936619,-11.800000175833702,-22.100000329315662,81.68571550292629,1.5999999791383743,263.11
1997-01-06,-4.90000007301569,-10.357143011476312,-19.60000029206276,87.72857273582902,2.9999999180436134,262.6
1997-01-13,3.200000047683716,-5.485714367457798,-12.000000178813934,88.64285846373865,0.2000000029802322,262.44
1997-01-20,6.70000009983778,0.3428571479661124,-6.200000092387199,80.90000120550394,8.100000143051147,262.6
1997-01-27,7.000000104308128,1.3857143063630377,-4.000000059604645,85.7142869915281,10.60000005364418,263.12
1997-02-03,3.400000050663948,-0.5000000074505806,-8.00000011920929,84.77142983462129,4.3999999314546585,263.64
1997-02-10,11.000000163912771,3.9000000581145287,-1.600000023841858,78.01428687678916,8.900000154972076,263.46
1997-02-17,10.30000015348196,3.071428617196424,-3.6000000536441803,79.81428690361125,22.700000144541264,263.6
1997-02-24,14.100000210106373,6.742857243333544,1.3000000193715096,74.87142968709979,13.500000074505806,263.83
1997-03-03,18.100000269711018,7.457142968262945,0.2000000029802322,72.41428679334265,11.700000144541264,263.33
1997-03-10,16.100000239908695,6.071428661899907,-0.9000000134110451,78.27142973776374,0.1000000014901161,263.13
1997-03-17,15.800000235438349,5.671428655939443,-0.6000000089406967,85.55714413204363,17.600000023841858,262.99
1997-03-24,7.000000104308128,1.5714285948446818,-3.700000055134296,84.37142982866082,18.300000548362732,263.8
1997-03-31,13.600000202655792,5.885714373418263,-1.3000000193715096,77.38571543885129,17.599999964237213,263.54
1997-04-07,16.300000242888927,4.714285784534046,-4.200000062584877,74.21428682016474,22.900000408291817,263.76
1997-04-14,13.100000195205212,5.085714361497334,-4.500000067055225,68.75714388170412,11.50000011920929,263.69
1997-04-21,12.500000186264517,3.071428617196424,-4.200000062584877,69.7428581821067,9.600000143051147,263.34
1997-04-28,16.50000024586916,8.457142983164106,-2.600000038743019,69.88571532709258,9.699999690055847,263.7
1997-05-05,23.100000344216824,12.271428754287106,3.6000000536441803,78.98571546269315,18.59999978542328,263.4
1997-05-12,24.100000359117985,11.471428742366177,0.5000000074505806,65.8000009804964,9.899999938905239,262.87
1997-05-19,28.50000042468309,19.242857429598057,11.000000163912771,68.57142959322248,13.5,262.55
1997-05-26,24.100000359117985,11.342857311878886,0.800000011920929,74.11428681867463,19.70000034570694,262.485
1997-06-02,19.10000028461218,10.142857293997492,1.3000000193715096,73.54285823873111,9.099999964237213,262.42
1997-06-09,25.300000376999375,16.985714538821153,5.700000084936619,59.81428660558803,0.0,261.89
1997-06-16,27.700000412762165,18.0000002682209,9.80000014603138,68.35714387574366,18.099999964237213,261.37
1997-06-23,19.80000029504299,13.40000019967556,7.800000116229057,75.77142970051084,16.89999993145466,261.82
1997-06-30,31.80000047385693,16.957143109823978,8.50000012665987,73.21428680526358,12.799999631941319,261.74
1997-07-07,25.300000376999375,16.42857167337622,10.000000149011612,75.02857254658427,7.099999874830246,261.49
1997-07-14,26.30000039190054,18.22857170019831,9.600000143051147,64.6142866771136,0.0,261.11
1997-07-21,24.300000362098217,16.328571671886102,12.000000178813934,86.51428700344903,103.19999903440475,261.82
1997-07-28,26.50000039488077,17.757143121744907,11.900000177323818,77.07142971988235,10.999999918043613,261.83
1997-08-04,25.50000037997961,17.242857399795735,10.400000154972076,75.32857255105462,25.90000069141388,261.84
1997-08-11,28.300000421702865,19.500000290572643,11.000000163912771,68.60000102221966,0.0,261.91
1997-08-18,30.200000450015068,20.000000298023224,11.500000171363354,66.32857241694417,1.899999976158142,261.69
1997-08-25,30.300000451505184,21.02857174192156,12.500000186264517,71.0571439159768,4.000000096857548,261.2
1997-09-01,29.800000444054604,18.58571456266301,11.30000016838312,74.17142967666898,19.699999824166298,261.66
1997-09-08,27.60000041127205,17.814285979739257,10.000000149011612,79.05714403518608,6.999999910593033,261.36
1997-09-15,26.80000039935112,12.914285906723567,4.700000070035458,70.92857248548951,22.499999642372135,260.97
1997-09-22,23.600000351667404,11.442857313369002,1.5000000223517418,71.25714391895703,0.0,261.1
1997-09-29,22.000000327825543,11.471428742366177,2.1000000312924385,73.37142966474805,1.400000050663948,261.13
1997-10-06,23.300000347197056,12.000000178813934,6.400000095367432,78.30000116676092,3.5,260.1
1997-10-13,24.100000359117985,13.04285733721086,5.4000000804662704,77.28571543736118,37.30000100284815,261.24
1997-10-20,18.6000002771616,6.857142959322248,-0.4000000059604645,80.828572633011,18.5,261.51
1997-10-27,8.400000125169754,1.9857143153037344,-4.000000059604645,78.27142973776374,5.899999886751175,261.49
1997-11-03,9.00000013411045,0.9142857279096331,-6.800000101327896,80.67142977352653,0.9000000134110451,261.47
1997-11-10,16.600000247359276,7.485714397260121,-3.200000047683716,71.98571535838502,3.400000095367432,260.98
1997-11-17,12.90000019222498,4.800000071525574,-0.2000000029802322,85.94285842350551,10.100000381469728,261.1
1997-11-24,3.700000055134296,0.38571429146187647,-5.4000000804662704,85.52857270304646,0.8999999761581421,261.32
1997-12-01,10.80000016093254,3.17142861868654,-0.6000000089406967,89.185715614685,4.600000023841858,261.1
1997-12-08,5.900000087916851,0.6285714379378727,-2.7000000402331352,90.31428706007344,28.699999809265137,261.31
1997-12-15,10.500000156462193,4.100000061094761,-6.200000092387199,86.40000128746033,22.600000023841858,262.47
1997-12-22,2.800000041723252,-2.100000031292439,-11.000000163912771,84.85714412161282,7.3999998942017555,262.59
1997-12-29,12.800000190734863,5.014285789004394,0.2000000029802322,82.80000123381615,14.300000071525574,262.81
1998-01-05,10.500000156462193,6.085714376398495,-0.1000000014901161,72.07142964537654,4.699999965727329,262.4
1998-01-12,13.600000202655792,7.200000107288361,1.700000025331974,71.37142963494573,6.700000166893005,262.53
1998-01-19,11.500000171363354,4.914285787514278,0.5000000074505806,73.34285823575088,16.399999618530273,262.9
1998-01-26,4.700000070035458,-2.500000037252903,-11.30000016838312,89.52857276265111,11.900000169873238,262.92
1998-02-02,0.9000000134110451,-5.942857231412615,-17.100000254809856,78.75714403071574,9.800000168383121,262.94
1998-02-09,6.200000092387199,0.6428571524364608,-8.400000125169754,72.52857250933137,0.4000000059604645,262.6
1998-02-16,14.900000222027302,9.171428708093506,1.100000016391277,67.40000100433826,8.5,262.86
1998-02-23,17.80000026524067,6.257142950381551,0.5000000074505806,75.5714296975306,7.89999982714653,263.13
1998-03-02,10.100000150501728,5.885714373418263,-0.4000000059604645,82.60000123083591,17.50000023841858,263.29
1998-03-09,18.0000002682209,6.1714286633900235,-4.000000059604645,74.61428682612521,41.59999942779541,263.6
1998-03-16,7.500000111758709,2.0857143167938506,-4.200000062584877,78.94285831919738,31.099999405443672,263.55
1998-03-23,8.900000132620335,2.8285714707204273,-3.700000055134296,75.30000112205744,13.099999785423279,263.66
1998-03-30,17.80000026524067,5.800000086426735,-5.500000081956387,66.1571438429611,0.0,263.1
1998-04-06,19.80000029504299,11.271428739385945,5.200000077486038,71.68571535391467,7.099999904632568,262.9
1998-04-13,15.600000232458116,7.214285821786949,1.3000000193715096,74.00000110268593,23.500000149011612,262.77
1998-04-20,15.300000227987766,6.757142957832132,-1.0000000149011612,68.64285816571542,0.3000000044703483,262.86
1998-04-27,22.800000339746475,12.714285903743335,1.700000025331974,69.44285817763635,4.400000102818012,262.475
1998-05-04,21.800000324845318,12.371428755777222,4.400000065565109,75.4571439815419,6.099999904632568,262.09
1998-05-11,27.10000040382147,15.228571655494827,3.000000044703484,64.80000096559525,1.100000023841858,262.03
1998-05-18,28.10000041872263,14.285714498588018,3.1000000461936,61.4000009149313,0.800000011920929,261.57
1998-05-25,22.100000329315662,11.128571594400066,4.500000067055225,73.97142967368875,9.200000084936619,261.61
1998-06-01,27.10000040382147,16.614285961857863,7.000000104308128,73.45714395173958,11.399999856948853,261.4
1998-06-08,32.70000048726797,19.771428866045817,7.500000111758709,66.07142955596957,17.400000393390656,261.52
1998-06-15,25.300000376999375,14.300000213086605,4.000000059604645,74.22857253466334,46.30000180006027,261.55
1998-06-22,28.80000042915344,16.457143102373397,9.3000001385808,76.98571543289083,23.700000032782555,261.64
1998-06-29,26.700000397861004,17.95714312472514,10.000000149011612,73.71428681271416,5.5999999567866325,261.77
1998-07-06,23.500000350177288,15.371428800480706,9.500000141561031,76.95714400389365,20.4000001847744,261.83
1998-07-13,25.100000374019142,14.271428784089428,8.600000128149986,82.90000123530626,49.000000953674316,262.02
1998-07-20,32.600000485777855,17.30000025779009,9.100000135600569,68.98571531368154,9.099999830126762,261.27
1998-07-27,33.80000050365925,20.500000305473804,10.900000162422655,69.44285817763635,21.39999983459711,261.12
1998-08-03,25.600000381469727,17.6428574057562,10.400000154972076,73.18571537626642,39.90000009536743,260.97
1998-08-10,31.100000463426117,19.200000286102295,8.800000131130219,62.4714295023254,0.2000000029802322,261.33
1998-08-17,34.70000051707029,20.000000298023224,10.000000149011612,65.18571525705713,13.99999964237213,261.36
1998-08-24,26.80000039935112,15.885714522429875,8.50000012665987,69.57142960812364,13.700000047683716,261.3
1998-08-31,16.600000247359276,11.500000171363354,7.500000111758709,82.45714408585003,28.499999910593033,261.28
1998-09-07,22.100000329315662,15.442857372973647,5.900000087916851,79.90000119060278,28.29999972879887,261.49
1998-09-14,24.300000362098217,14.48571450156825,5.200000077486038,80.55714405753783,35.19999921321869,261.42
1998-09-21,17.80000026524067,11.200000166893005,6.200000092387199,83.80000124871731,30.300000429153442,262.17
1998-09-28,21.000000312924385,12.32857161228146,5.500000081956387,81.7714297899178,0.0,261.97
1998-10-05,17.600000262260437,8.228571551186699,3.1000000461936,87.7428584503276,11.499999798834324,261.96
1998-10-12,13.800000205636024,9.08571442110198,4.90000007301569,84.71428697662694,22.699999928474426,262.26
1998-10-19,19.30000028759241,10.171428722994667,0.1000000014901161,78.70000117272139,12.699999570846558,262.23
1998-10-26,17.80000026524067,9.771428717034203,0.9000000134110451,74.47142968113933,15.099999763071537,262.64
1998-11-02,15.100000225007534,6.542857240353312,3.1000000461936,79.70000118762255,59.999998807907104,263.05
1998-11-09,10.30000015348196,5.642857226942267,0.4000000059604645,80.97142977799687,15.900000289082527,262.79
1998-11-16,10.500000156462193,3.057142902697836,-2.500000037252903,87.84285845181772,16.799999952316284,263.24
1998-11-23,1.0000000149011612,-3.4571429086583003,-12.000000178813934,84.31428697066647,4.700000084936619,263.26
1998-11-30,3.1000000461936,-0.3285714334675244,-6.500000096857548,89.87142991061721,1.1000000089406967,263.17
1998-12-07,0.2000000029802322,-3.2285714766808917,-7.000000104308128,84.38571554315942,15.50000011920929,262.89
1998-12-14,8.50000012665987,-1.9285714573093824,-12.000000178813934,79.0428583206875,14.100000239908695,263.45
1998-12-21,10.30000015348196,4.100000061094761,-1.3000000193715096,77.71428687231881,6.700000084936619,263.44
1998-12-28,12.000000178813934,4.000000059604645,-2.7000000402331352,75.15714397707156,1.5,263.245
1999-01-04,10.100000150501728,2.542857180748667,-2.3000000342726707,77.68571544332164,5.599999859929085,263.05
1999-01-11,13.600000202655792,4.428571494562285,-2.1000000312924385,79.2714297526649,16.99999976158142,262.87
1999-01-18,13.000000193715096,3.357142907168184,-3.9000000581145287,72.17142964686666,3.1000000983476643,263.31
1999-01-25,11.000000163912771,4.571428639548166,-0.2000000029802322,76.25714399346283,5.800000190734863,263.37
1999-02-01,9.400000140070915,-2.3000000342726707,-15.600000232458116,83.98571553719896,15.300000160932541,263.34
1999-02-08,7.500000111758709,1.5571428803460938,-3.200000047683716,85.1142869825874,31.700000762939453,263.56
1999-02-15,1.3000000193715096,-5.057142932500158,-13.90000020712614,78.28571545226234,4.100000098347664,263.53
1999-02-22,5.500000081956387,1.4142857353602136,-2.200000032782554,83.38571552825826,34.09999978542328,263.61
1999-03-01,11.800000175833702,3.285714334675244,-3.000000044703484,76.72857257191625,29.799999967217445,263.58
1999-03-08,12.10000018030405,5.314285793474743,-1.80000002682209,79.67142975862537,14.500000275671484,263.43
1999-03-15,12.4000001847744,4.128571490091937,-2.3000000342726707,78.41428688274962,7.700000025331974,263.52
1999-03-22,9.80000014603138,3.0142857592020715,-3.200000047683716,79.1571440366762,5.800000108778477,263.18
1999-03-29,19.30000028759241,7.528571540755885,1.3000000193715096,80.95714406349829,9.399999894201756,262.75
1999-04-05,18.100000269711018,9.885714433022908,1.3000000193715096,71.52857249443021,1.100000023841858,262.78
1999-04-12,18.6000002771616,9.614285857549735,5.200000077486038,76.40000113844872,11.800000071525574,262.76
1999-04-19,12.000000178813934,4.8857143585171015,0.2000000029802322,77.0285725763866,18.70000010728836,262.82
1999-04-26,18.50000027567148,10.114285865000316,-0.4000000059604645,73.70000109821558,3.4000000059604645,262.44
1999-05-03,19.60000029206276,10.828571589929718,2.1000000312924385,73.88571538669723,2.200000047683716,262.06
1999-05-10,22.000000327825543,12.885714477726392,4.90000007301569,62.942858080778805,22.100000381469727,262.11
1999-05-17,19.10000028461218,11.24285731038877,2.500000037252903,74.44285825214216,30.19999986886978,262.57
1999-05-24,21.800000324845318,14.371428785579544,4.90000007301569,68.85714388319424,8.00000011920929,262.74
1999-05-31,29.10000043362379,17.87142883773361,8.50000012665987,69.41428674863917,11.50000035762787,262.27
1999-06-07,27.200000405311584,16.514285960367747,8.50000012665987,70.08571533007282,7.599999964237213,262.17
1999-06-14,21.000000312924385,14.071428781109196,7.300000108778477,77.77142973031316,23.599999725818634,262.15
1999-06-21,23.300000347197056,14.928571651024479,10.30000015348196,76.81428685890776,69.6000012755394,263.11
1999-06-28,24.00000035762787,14.214285926095076,5.900000087916851,73.04285823128053,2.700000077486038,262.96
1999-07-05,32.100000478327274,20.3857145894851,9.600000143051147,70.40000104904175,18.400000847876072,262.82
1999-07-12,26.700000397861004,18.757143136646068,13.100000195205212,79.20000118017197,31.199999727308754,262.82
1999-07-19,30.300000451505184,18.842857423637593,10.30000015348196,69.72857246760812,21.90000033378601,262.66
1999-07-26,26.80000039935112,18.114285984209605,10.80000016093254,70.71428676801068,7.90000007301569,262.255
1999-08-02,27.200000405311584,18.67142884965454,9.900000147521496,56.742857988391606,0.0,261.85
1999-08-09,28.300000421702865,20.214286015502044,11.60000017285347,62.32857235733952,2.2999999597668648,261.73
1999-08-16,24.100000359117985,15.857143093432699,7.500000111758709,70.65714391001633,19.099999725818634,261.36
1999-08-23,23.500000350177288,15.171428797500473,5.500000081956387,67.9571438697832,6.299999833106995,261.25
1999-08-30,26.80000039935112,17.30000025779009,7.200000107288361,69.42857246313777,2.300000011920929,261.13
1999-09-06,25.300000376999375,15.828571664435524,6.800000101327896,73.75714395620993,6.799999907612801,261.16
1999-09-13,28.700000427663326,18.88571456713336,11.10000016540289,67.3571438608425,0.2000000029802322,261.09
1999-09-20,28.60000042617321,18.071428840713843,8.50000012665987,68.51428673522813,5.800000011920929,261.05
1999-09-27,24.300000362098217,16.35714310088328,11.60000017285347,78.14285830727646,4.90000007301569,260.955
1999-10-04,19.60000029206276,13.61428591715438,8.50000012665987,76.87142971690211,10.100000090897083,260.86
1999-10-11,17.100000254809856,10.428571583969253,5.700000084936619,84.81428697811705,23.800000622868538,260.47
1999-10-18,14.000000208616257,5.942857231412615,-1.3000000193715096,82.32857265536275,3.299999952316284,260.56
1999-10-25,16.300000242888927,7.042857247803893,-2.0000000298023224,77.71428687231881,9.999999761581421,260.39
1999-11-01,17.30000025779009,10.828571589929718,2.200000032782554,75.50000112503767,7.5000001192092896,260.47
1999-11-08,16.00000023841858,7.042857247803893,-1.3000000193715096,84.54285840264389,36.20000088214874,260.55
1999-11-15,6.800000101327896,2.0714286022952626,-3.500000052154064,92.00000137090683,22.500000059604645,261.1
1999-11-22,3.1000000461936,-0.7571428684251648,-5.700000084936619,85.1142869825874,13.199999906122684,261.25
1999-11-29,10.100000150501728,3.5571429101484164,-3.700000055134296,80.57142977203641,0.1000000014901161,261.06
1999-12-06,9.00000013411045,4.142857204590525,-1.80000002682209,75.67142969902072,8.799999929964542,261.5
1999-12-13,11.500000171363354,5.871428658919675,1.100000016391277,76.1714297064713,9.899999976158142,261.2
1999-12-20,4.200000062584877,0.0,-3.9000000581145287,82.12857265238252,9.09999980032444,261.44
1999-12-27,7.500000111758709,0.5571428654449326,-7.500000111758709,77.54285829833576,14.600000120699406,261.78
2000-01-03,4.400000065565109,1.2000000178813934,-2.500000037252903,88.28571560127395,9.80000014603138,262.12
2000-01-10,7.000000104308128,3.0000000447034836,-1.80000002682209,84.2714298271707,6.399999916553497,262.49
2000-01-17,5.500000081956387,-0.7857142974223409,-7.000000104308128,83.50000124424696,15.39999971538782,262.28
2000-01-24,5.700000084936619,-2.0714286022952626,-12.500000186264517,83.47142981524978,21.399999916553497,262.52
2000-01-31,9.100000135600569,0.885714298912457,-13.100000195205212,78.04285830578634,22.600000083446503,263.02
2000-02-07,13.800000205636024,6.41428580986602,-0.2000000029802322,78.00000116229057,8.400000035762787,262.99
2000-02-14,10.900000162422655,4.042857203100409,-2.1000000312924385,74.72857254211392,17.799999952316284,263.33
2000-02-21,7.500000111758709,1.4000000208616257,-3.700000055134296,85.62857270453658,23.100000143051147,263.31
2000-02-28,16.100000239908695,3.8714286291173527,-4.700000070035458,79.38571546865361,24.799999810755253,263.55
2000-03-06,11.60000017285347,3.328571478171008,-1.80000002682209,75.52857255403485,14.70000022649765,263.56
2000-03-13,12.000000178813934,6.285714379378727,1.5000000223517418,80.88571549100536,65.50000047683716,263.85
2000-03-20,9.900000147521496,2.9000000432133675,-1.80000002682209,81.1714297809771,44.5,263.54
2000-03-27,15.600000232458116,6.800000101327896,-0.2000000029802322,81.70000121742487,20.40000009536743,263.48
2000-04-03,16.100000239908695,6.128571519894259,1.80000002682209,82.32857265536275,10.800000071525574,263.42
2000-04-10,15.600000232458116,5.485714367457798,-1.700000025331974,73.81428681420428,2.600000023841858,263.35
2000-04-17,21.300000317394733,8.71428584413869,-1.100000016391277,69.68571532411235,18.599999643862247,262.91
2000-04-24,27.80000041425228,14.714285933545657,6.000000089406967,71.02857248697963,3.799999952316284,262.85
2000-05-01,24.8000003695488,16.2142859558974,5.500000081956387,71.01428677248103,6.699999809265137,262.55
2000-05-08,26.00000038743019,16.65714310535363,6.500000096857548,57.75714371779135,0.9000000134110451,261.96
2000-05-15,27.200000405311584,17.042857396815503,4.700000070035458,59.30000088363886,0.0,261.53
2000-05-22,29.50000043958425,13.514285915664264,6.200000092387199,73.04285823128053,36.40000009536743,261.86
2000-05-29,22.800000339746475,14.55714307406119,5.700000084936619,65.61428669201476,1.9999999776482582,261.58
2000-06-05,28.700000427663326,17.6428574057562,4.200000062584877,65.04285811207124,6.700000107288361,261.45
2000-06-12,31.100000463426117,18.042857411716664,7.200000107288361,66.00000098347664,8.699999906122684,261.47
2000-06-19,30.70000045746565,17.271428828792914,5.500000081956387,61.88571520788329,7.200000166893005,260.96
2000-06-26,35.60000053048134,19.000000283122063,9.500000141561031,58.71428658919675,6.8999999314546585,260.71
2000-07-03,25.700000382959843,15.542857374463763,5.700000084936619,62.30000092834234,3.5000000968575478,260.46
2000-07-10,24.100000359117985,15.42857165847506,9.500000141561031,77.44285829684564,25.100000120699406,260.83
2000-07-17,20.500000305473804,13.871428778128964,8.00000011920929,72.64285822532007,12.400000013411045,260.81
2000-07-24,23.600000351667404,14.971428794520241,9.80000014603138,75.84285827300378,3.199999988079071,260.75
2000-07-31,24.300000362098217,17.100000254809856,12.4000001847744,76.02857256148543,17.500000216066837,260.71
2000-08-07,27.10000040382147,18.42857170317854,10.100000150501728,64.72857239310231,2.300000011920929,260.59
2000-08-14,31.500000469386578,19.114285999110766,10.500000156462193,64.31428667264325,3.200000047683716,260.03
2000-08-21,31.000000461936,21.52857174937214,14.800000220537186,65.8000009804964,37.099999904632575,260.09
2000-08-28,24.300000362098217,16.014285952917167,8.00000011920929,69.7428581821067,31.900000005960464,260.32
2000-09-04,23.300000347197056,14.900000222027302,10.30000015348196,78.35714402475527,46.39999979734421,260.55
2000-09-11,24.600000366568565,15.285714513489179,8.400000125169754,78.14285830727646,7.699999988079071,261.06
2000-09-18,26.80000039935112,15.285714513489179,10.000000149011612,78.87142974670444,6.900000169873238,260.76
2000-09-25,19.10000028461218,10.571428728955132,3.1000000461936,81.51428692894322,3.6000000983476643,260.94
2000-10-02,24.600000366568565,15.500000230967999,9.00000013411045,75.35714398005179,17.49999962002039,260.46
2000-10-09,20.30000030249357,11.285714453884534,6.900000102818012,87.05714415439537,22.799999870359898,260.59
2000-10-16,21.800000324845318,12.657143045748983,4.500000067055225,80.08571547908443,1.800000011920929,260.71
2000-10-23,19.10000028461218,9.94285729101726,3.9000000581145287,81.88571550590652,0.4000000059604644,260.48
2000-10-30,15.600000232458116,11.114285879901477,6.400000095367432,75.02857254658427,3.7999999672174454,260.73
2000-11-06,15.000000223517418,8.00000011920929,1.100000016391277,77.18571543587106,7.199999861419201,260.55
2000-11-13,13.600000202655792,7.042857247803893,1.600000023841858,72.07142964537654,0.0,260.64
2000-11-20,10.600000157952309,5.085714361497334,0.4000000059604645,83.2285726687738,13.40000007301569,260.69
2000-11-27,10.100000150501728,5.314285793474743,0.2000000029802322,86.70000129193068,8.599999845027924,260.715
2000-12-04,14.40000021457672,6.514285811356136,1.100000016391277,86.78571557892221,1.899999976158142,260.74
2000-12-11,12.800000190734863,7.114285820296833,0.2000000029802322,80.14285833707878,8.299999833106995,260.41
2000-12-18,13.40000019967556,5.485714367457798,-0.2000000029802322,77.91428687529904,9.600000001490116,260.8
2000-12-25,4.700000070035458,-2.0571428877966746,-10.500000156462193,78.21428687976939,6.8999998569488525,260.42
2001-01-01,6.000000089406967,0.3285714334675244,-8.50000012665987,80.32857262556043,5.799999967217445,260.79
2001-01-08,11.30000016838312,4.871428644018514,-0.5000000074505806,80.01428690659148,4.100000061094761,260.95
2001-01-15,4.000000059604645,-1.600000023841858,-7.200000107288361,83.24285838327238,1.600000023841858,260.88
2001-01-22,3.000000044703484,-2.1714286037853787,-8.100000120699406,80.1285726225802,2.8999999165534973,260.57
2001-01-29,9.80000014603138,2.9428571867091313,-0.800000011920929,81.61428693043334,8.69999998062849,260.86
2001-02-05,8.50000012665987,-0.07142857249294009,-5.4000000804662704,89.27142990167651,23.70000022649765,261.4
2001-02-12,15.100000225007534,7.342857252274241,-2.800000041723252,69.40000103414059,1.800000049173832,261.76
2001-02-19,12.90000019222498,2.400000035762787,-3.700000055134296,83.2285726687738,2.0000000596046448,261.39
2001-02-26,6.000000089406967,-1.0714285873941012,-12.500000186264517,81.28571549696582,24.999999560415745,261.85
2001-03-05,5.200000077486038,-0.0857142869915281,-8.300000123679638,80.55714405753783,12.099999941885471,262.14
2001-03-12,14.900000222027302,6.9428572463137765,-4.700000070035458,79.11428689318043,23.400000274181366,262.72
2001-03-19,10.80000016093254,4.97142864550863,-0.4000000059604645,84.08571553868907,26.90000070631504,262.84
2001-03-26,13.100000195205212,2.400000035762787,-3.1000000461936,87.94285845330784,36.6999996304512,262.95
2001-04-02,19.500000290572643,5.742857228432383,-5.200000077486038,74.37142967964921,2.4000000059604645,263.06
2001-04-09,19.500000290572643,9.00000013411045,3.1000000461936,73.71428681271416,11.599999904632568,262.89
2001-04-16,12.4000001847744,4.114285775593349,-1.3000000193715096,84.62857268963542,28.399999797344208,262.95
2001-04-23,12.500000186264517,4.228571491582053,-2.0000000298023224,79.38571546865361,5.799999989569187,263.23
2001-04-30,23.600000351667404,11.585714458354882,2.500000037252903,72.2428582193596,8.799999810755253,262.84
2001-05-07,27.500000409781933,13.04285733721086,4.90000007301569,78.42857259724822,21.99999985843897,262.78
2001-05-14,24.8000003695488,14.285714498588018,5.4000000804662704,66.68571527940887,0.0,262.01
2001-05-21,22.600000336766243,13.842857349131789,5.500000081956387,71.38571534944433,10.300000071525574,262.11
2001-05-28,23.80000035464764,15.657143090452466,4.700000070035458,63.52857237522091,7.400000214576721,262.03
2001-06-04,23.100000344216824,12.32857161228146,5.900000087916851,77.74285830131599,28.0,261.95
2001-06-11,19.80000029504299,12.442857328270163,6.200000092387199,81.32857264046159,13.000000156462193,261.82
2001-06-18,25.100000374019142,15.185714511999063,6.200000092387199,76.12857256297555,46.09999918937683,261.86
2001-06-25,23.100000344216824,14.34285735658237,8.00000011920929,76.51428685443742,10.900000095367432,261.99
2001-07-02,28.300000421702865,18.51428599017007,9.80000014603138,72.85714394279888,5.100000083446503,261.77
2001-07-09,29.300000436604023,18.971428854124888,10.30000015348196,72.97142965878759,39.90000057220459,261.46
2001-07-16,26.700000397861004,17.34285740128585,11.500000171363354,73.01428680228335,28.699999287724495,261.65
2001-07-23,27.10000040382147,16.91428596632821,7.500000111758709,71.20000106096268,0.6000000014901161,261.3
2001-07-30,30.300000451505184,21.457143176879203,13.40000019967556,64.0142866681729,0.5000000074505806,261.09
2001-08-06,30.800000458955765,19.17142885710512,10.400000154972076,72.34285822084972,13.20000010728836,261.17
2001-08-13,24.8000003695488,17.6428574057562,8.400000125169754,65.81428669499499,5.899999976158142,260.5
2001-08-20,34.20000050961971,22.40000033378601,14.100000210106373,70.55714390852621,16.199999809265137,260.68
2001-08-27,31.000000461936,20.72857173745121,11.500000171363354,74.88571540159839,4.800000071525574,260.57
2001-09-03,23.300000347197056,15.27142879899059,6.200000092387199,72.74285822681018,8.70000010728836,260.46
2001-09-10,18.0000002682209,12.157143038298402,7.500000111758709,84.07142982419047,71.80000042915344,260.39
2001-09-17,16.100000239908695,11.142857308898654,7.500000111758709,84.24285839817354,21.199999749660492,260.7
2001-09-24,17.80000026524067,11.200000166893005,4.90000007301569,81.94285836390087,17.199999809265137,261.07
2001-10-01,19.60000029206276,12.800000190734863,5.900000087916851,89.95714419760874,24.499999955296516,261.31
2001-10-08,24.300000362098217,14.857143078531537,6.500000096857548,81.44285835645029,13.600000143051147,262.15
2001-10-15,23.500000350177288,14.157143068100725,8.400000125169754,73.75714395620993,0.0,261.79
2001-10-22,19.10000028461218,10.985714449414186,4.000000059604645,86.97142986740384,8.900000095367432,261.59
2001-10-29,15.800000235438349,10.414285869470664,6.900000102818012,87.92857273880925,9.800000071525574,261.5
2001-11-05,19.60000029206276,8.971428705113274,1.3000000193715096,79.5142868991409,8.299999952316284,261.98
2001-11-12,9.00000013411045,3.357142907168184,-4.000000059604645,86.50000128895044,46.40000081062317,262.39
2001-11-19,6.500000096857548,2.385714321264199,-3.200000047683716,90.3571442035692,4.999999940395355,262.75
2001-11-26,7.000000104308128,2.8571428997176036,-0.9000000134110451,90.44285849056074,21.499999582767487,262.87
2001-12-03,6.200000092387199,2.728571469230311,-3.500000052154064,90.3571442035692,9.099999904632568,262.99
2001-12-10,7.300000108778477,1.714285739830562,-4.500000067055225,90.98571564150708,37.100000500679016,263.05
2001-12-17,3.1000000461936,-3.428571479661124,-13.000000193715096,89.01428704070193,12.100000143051147,263.15
2001-12-24,2.600000038743019,-2.9857143302048956,-11.60000017285347,85.94285842350551,27.800000198185444,262.82
2001-12-31,4.500000067055225,-0.3285714334675244,-8.50000012665987,83.37142981375966,32.80000004917383,263.37
2002-01-07,1.100000016391277,-4.814285786024162,-16.100000239908695,80.08571547908443,10.399999856948853,263.28
2002-01-14,3.1000000461936,-2.4285714647599628,-9.900000147521496,88.92857275371041,3.3000000715255737,263.08
2002-01-21,7.800000116229057,-0.2428571464759963,-9.80000014603138,84.10000125318766,6.499999970197678,263.66
2002-01-28,13.40000019967556,7.171428678291185,1.0000000149011612,75.37142969455037,16.89999957382679,263.595
2002-02-04,17.100000254809856,9.328571567577976,3.400000050663948,63.32857237224068,0.2000000029802322,263.53
2002-02-11,12.300000183284284,7.6142858277474135,2.200000032782554,77.94285830429622,17.799999952316284,263.04
2002-02-18,12.90000019222498,3.400000050663948,-4.000000059604645,75.07142969008002,8.5,263.4
2002-02-25,6.800000101327896,1.628571452839034,-5.200000077486038,82.8571440918105,29.69999995827675,263.16
2002-03-04,10.900000162422655,4.228571491582053,-1.700000025331974,75.2142868350659,13.0,263.51
2002-03-11,16.100000239908695,6.500000096857548,-1.5000000223517418,66.8714295678905,4.199999988079071,263.27
2002-03-18,18.80000028014183,6.600000098347664,0.1000000014901161,79.35714403965643,6.600000061094761,263.3
2002-03-25,12.90000019222498,4.457142923559461,-0.9000000134110451,84.22857268367495,16.39999959617853,263.22
2002-04-01,18.80000028014183,4.928571502012866,-4.90000007301569,69.30000103265047,0.0,262.81
2002-04-08,17.80000026524067,4.942857216511454,-4.200000062584877,60.00000089406967,0.0,262.79
2002-04-15,12.500000186264517,6.200000092387199,-3.1000000461936,79.77142976011548,29.100000023841858,262.56
2002-04-22,16.300000242888927,8.371428696172577,0.4000000059604645,79.8857154761042,0.1000000014901161,262.66
2002-04-29,18.0000002682209,10.457143012966428,4.200000062584877,76.38571542395013,13.000000476837158,262.75
2002-05-06,19.80000029504299,12.000000178813934,6.400000095367432,79.57142975713525,16.800000071525574,262.47
2002-05-13,25.300000376999375,15.828571664435524,7.700000114738941,75.31428683655602,16.89999971538782,262.24
2002-05-20,25.300000376999375,15.442857372973647,8.600000128149986,71.27142963345561,6.099999904632568,261.84
2002-05-27,25.600000381469727,15.142857368503298,7.000000104308128,79.92857261959996,32.60000026226044,261.69
2002-06-03,23.100000344216824,14.185714497097901,6.200000092387199,71.3000010624528,7.199999809265137,261.54
2002-06-10,26.100000388920307,16.42857167337622,10.600000157952309,81.27142978246722,26.19999983906746,261.74
2002-06-17,28.60000042617321,17.557143118764674,10.30000015348196,76.7857154299106,15.899999633431433,261.7
2002-06-24,32.30000048130751,20.585714592465333,12.90000019222498,76.72857257191625,21.000000417232513,261.92
2002-07-01,24.8000003695488,16.328571671886102,7.900000117719173,61.95714378037623,3.4000000283122063,261.55
2002-07-08,29.300000436604023,17.87142883773361,9.80000014603138,68.30000101774931,4.100000098347664,261.59
2002-07-15,32.70000048726797,19.97142886902605,11.30000016838312,70.84285819849798,14.800000190734863,260.98
2002-07-22,27.500000409781933,17.200000256299973,11.60000017285347,78.12857259277787,64.90000078827143,261.75
2002-07-29,31.500000469386578,18.285714558192662,10.900000162422655,71.21428677546126,4.899999916553497,261.78
2002-08-05,31.300000466406345,20.514286019972392,12.90000019222498,74.07142967517886,61.100000619888306,262.17
2002-08-12,25.600000381469727,18.128571698708193,12.500000186264517,85.21428698407752,162.10000228881836,263.46
2002-08-19,29.200000435113907,19.342857431088174,14.500000216066836,78.58571545673269,5.299999892711639,263.06
2002-08-26,28.80000042915344,20.18571458650487,13.100000195205212,73.87142967219863,2.300000011920929,262.755
2002-09-02,28.50000042468309,18.657143135155952,7.800000116229057,76.75714400091341,1.2000000476837158,262.45
2002-09-09,26.80000039935112,17.45714311727456,8.100000120699406,73.928572530193,1.899999976158142,262.2
2002-09-16,23.500000350177288,13.600000202655792,4.700000070035458,77.34285829535553,27.299999833106995,262.17
2002-09-23,18.100000269711018,11.871428748326641,6.000000089406967,83.9285726792046,3.100000038743019,262.22
2002-09-30,17.600000262260437,8.914285847118922,2.800000041723252,81.98571550739663,14.100000202655792,262.1
2002-10-07,18.80000028014183,10.471428727465016,3.500000052154064,83.91428696470601,17.700000122189522,262.07
2002-10-14,14.500000216066836,5.271428649978978,0.5000000074505806,82.71428694682461,1.4999999776482582,262.06
2002-10-21,15.100000225007534,8.800000131130219,1.100000016391277,82.18571551037687,35.40000009536743,262.12
2002-10-28,15.500000230968,9.700000144541264,2.1000000312924385,75.84285827300378,23.200000166893005,262.52
2002-11-04,10.900000162422655,5.914285802415439,-0.2000000029802322,87.15714415588549,22.700000256299973,262.92
2002-11-11,9.00000013411045,2.371428606765611,-4.700000070035458,82.20000122487545,29.100000023841858,263.29
2002-11-18,12.4000001847744,7.971428690212114,1.80000002682209,80.65714405902794,7.500000238418579,263.36
2002-11-25,10.900000162422655,4.528571496052401,-0.2000000029802322,90.80000135302544,38.49999983608723,263.58
2002-12-02,10.100000150501728,5.842857229922499,0.800000011920929,91.22857278798308,32.49999922513962,263.59
2002-12-09,4.90000007301569,-1.8571428848164422,-10.400000154972076,90.08571562809604,1.2000000476837158,263.54
2002-12-16,3.9000000581145287,-5.157142933990274,-12.4000001847744,81.44285835645029,4.299999967217445,263.22
2002-12-23,3.700000055134296,-0.4142857204590524,-6.900000102818012,93.11428710179669,20.600000716745853,262.75
2002-12-30,7.000000104308128,2.257142890776907,-2.7000000402331352,87.70000130683184,38.299999713897705,263.7
2003-01-06,9.00000013411045,-0.7428571539265769,-12.500000186264517,87.34285844436714,32.69999951124191,263.47
2003-01-13,1.100000016391277,-8.314285838178225,-17.50000026077032,87.3857155878629,14.099999696016312,263.47
2003-01-20,7.000000104308128,2.7000000402331352,-1.5000000223517418,81.88571550590652,0.8000000268220901,263.53
2003-01-27,7.900000117719173,2.514285751751491,-1.100000016391277,88.14285845628807,16.79999989271164,263.545
2003-02-03,8.50000012665987,-0.814285726419517,-8.400000125169754,86.34285842946598,22.799999952316284,263.56
2003-02-10,2.600000038743019,-2.7000000402331352,-10.500000156462193,86.17142985548291,7.3000001683831215,263.46
2003-02-17,-1.0000000149011612,-6.442857238863196,-14.500000216066836,79.72857261661973,0.9000000134110451,263.13
2003-02-24,8.50000012665987,-3.0857143316950117,-13.600000202655792,81.67142978842769,0.0,262.85
2003-03-03,12.300000183284284,3.442857194159712,-6.000000089406967,73.70000109821558,0.8000000268220901,262.74
2003-03-10,15.600000232458116,4.171428633587701,-1.100000016391277,80.75714406051806,8.799999922513962,262.82
2003-03-17,14.100000210106373,3.5714286246470044,-3.200000047683716,79.94285833409855,16.100000381469727,263.25
2003-03-24,17.100000254809856,3.5714286246470044,-4.700000070035458,63.60000094771385,0.0,263.07
2003-03-31,16.600000247359276,8.557142984654222,0.5000000074505806,72.61428679632289,6.699999809265137,262.85
2003-04-07,15.600000232458116,3.6857143406357085,-4.700000070035458,70.62857248101916,9.100000143051147,262.67
2003-04-14,17.80000026524067,3.5571429101484164,-6.000000089406967,64.27142952914748,0.2000000029802322,261.84
2003-04-21,20.500000305473804,10.171428722994667,2.200000032782554,62.67142950530563,8.500000238418579,261.73
2003-04-28,24.100000359117985,13.100000195205212,2.800000041723252,59.14285802415439,3.299999952316284,261.56
2003-05-05,30.100000448524952,15.55714308896235,4.400000065565109,54.185715093144346,0.9999999776482582,261.44
2003-05-12,26.30000039190054,15.77142880644117,7.800000116229057,74.07142967517886,32.99999952316284,261.95
2003-05-19,20.30000030249357,11.542857314859118,2.1000000312924385,74.85714397260121,17.100000113248825,261.89
2003-05-26,27.80000041425228,15.471428801970822,6.000000089406967,69.10000102967024,3.499999910593033,261.7
2003-06-02,28.300000421702865,18.45714313217572,9.600000143051147,61.35714377143553,0.5,261.51
2003-06-09,30.800000458955765,21.514286034873553,12.000000178813934,65.02857239757266,3.6000000834465027,260.57
2003-06-16,30.500000454485416,19.928571725530283,9.500000141561031,62.8285723647901,8.399999797344208,260.86
2003-06-23,32.80000048875809,18.028571697218077,8.50000012665987,64.40000095963478,11.100000143051147,261.03
2003-06-30,28.200000420212746,19.185714571603707,8.800000131130219,59.51428660111768,12.600000143051147,260.54
2003-07-07,22.600000336766243,16.07142881091152,11.800000175833702,76.68571542842048,19.400000013411045,261.12
2003-07-14,26.100000388920307,17.471428831773146,8.800000131130219,62.75714379229716,0.0,260.57
2003-07-21,33.20000049471855,22.40000033378601,11.30000016838312,56.785715131887365,16.399999618530273,260.57
2003-07-28,33.70000050216913,21.32857174639191,15.000000223517418,70.04285818657705,14.999999977648258,260.515
2003-08-04,33.600000500679016,22.385714619287423,12.000000178813934,65.35714383104018,0.3000000119209289,260.46
2003-08-11,32.600000485777855,23.34285749069282,13.40000019967556,46.057143543447765,0.0,260.18
2003-08-18,36.6000005453825,21.75714318134955,9.00000013411045,51.07142933245216,3.3999999538064003,259.86
2003-08-25,27.80000041425228,19.057143141116416,10.80000016093254,62.52857236031975,0.400000013411045,259.88
2003-09-01,26.80000039935112,15.642857375953879,8.900000132620335,68.04285815677473,12.399999916553497,259.88
2003-09-08,25.00000037252903,14.585714503058366,2.800000041723252,66.25714384445122,1.899999976158142,259.92
2003-09-15,21.000000312924385,13.228571625692505,7.500000111758709,84.48571554464954,29.39999967813492,259.96
2003-09-22,29.800000444054604,18.485714561172895,9.00000013411045,59.714286604097914,0.0,259.66
2003-09-29,22.000000327825543,12.300000183284283,2.3000000342726707,71.50000106543303,9.900000214576721,259.67
2003-10-06,18.30000027269125,10.51428587096078,3.500000052154064,81.87142979140792,13.600000232458115,259.88
2003-10-13,13.600000202655792,8.542857270155634,0.1000000014901161,81.62857264493194,25.60000079870224,260.07
2003-10-20,10.80000016093254,3.414285765162536,-3.1000000461936,80.61428691553218,0.0,260.16
2003-10-27,5.700000084936619,1.8857143138136183,-3.700000055134296,86.27142985697303,12.499999940395355,260.09
2003-11-03,13.000000193715096,6.685714385339192,-2.7000000402331352,77.11428686337811,11.300000168383121,260.02
2003-11-10,12.500000186264517,4.6000000685453415,-0.6000000089406967,85.57142984654222,0.0,260.02
2003-11-17,9.500000141561031,3.300000049173832,-4.200000062584877,81.4142869274531,15.500000193715096,260.29
2003-11-24,15.300000227987766,8.957142990614686,4.200000062584877,79.65714404412678,0.1000000014901161,260.24
2003-12-01,13.600000202655792,6.257142950381551,0.800000011920929,90.38571563256639,11.199999786913395,260.23
2003-12-08,9.00000013411045,1.4000000208616257,-6.500000096857548,88.64285846373865,3.6000000536441803,260.37
2003-12-15,11.000000163912771,2.9142857577119554,-5.700000084936619,78.11428687827927,35.19999969005585,260.31
2003-12-22,8.800000131130219,2.471428608255727,-3.1000000461936,84.37142982866082,5.300000108778477,260.32
2003-12-29,8.100000120699406,0.828571440918105,-9.00000013411045,70.68571533901351,0.1000000014901161,260.62
2004-01-05,1.100000016391277,-3.9142857726131166,-13.100000195205212,88.02857274029937,7.5,260.35
2004-01-12,7.300000108778477,1.5428571658475059,-15.100000225007534,88.30000131577253,34.99999988079071,260.93
2004-01-19,7.400000110268593,2.3285714632698467,-4.500000067055225,82.00000122189522,35.500001072883606,261.58
2004-01-26,2.500000037252903,-4.414285780063698,-13.500000201165676,84.38571554315942,4.199999928474426,261.525
2004-02-02,10.400000154972076,1.714285739830562,-7.000000104308128,77.64285829982587,22.600000381469727,261.47
2004-02-09,14.100000210106373,8.114285835197993,-1.5000000223517418,73.200001090765,13.600000061094761,262.33
2004-02-16,5.700000084936619,1.0571428728955132,-6.200000092387199,89.27142990167651,17.600000202655792,262.66
2004-02-23,4.200000062584877,-0.1285714304872922,-4.500000067055225,76.7857154299106,1.5000000298023224,262.94
2004-03-01,3.500000052154064,-1.65714288183621,-6.500000096857548,78.70000117272139,7.100000202655792,262.4
2004-03-08,4.700000070035458,-0.5857142944421087,-6.400000095367432,78.00000116229057,8.699999988079071,262.62
2004-03-15,13.000000193715096,4.100000061094761,-2.500000037252903,78.47142974074397,7.600000023841858,262.72
2004-03-22,20.30000030249357,10.571428728955132,2.200000032782554,70.14285818806717,12.500000193715096,263.0
2004-03-29,12.300000183284284,2.614285753241607,-4.000000059604645,75.44285826704332,4.099999904632568,262.5
2004-04-05,17.100000254809856,8.971428705113274,-0.9000000134110451,64.65714382060936,2.999999910593033,262.59
2004-04-12,11.500000171363354,5.171428648488862,-0.800000011920929,80.1142869080816,11.599999845027924,262.35
2004-04-19,18.80000028014183,10.285714438983373,0.2000000029802322,66.58571527791875,7.399999916553497,262.37
2004-04-26,21.800000324845318,10.457143012966428,4.000000059604645,74.88571540159839,5.399999976158142,262.26
2004-05-03,23.500000350177288,13.957143065120492,4.400000065565109,68.34285816124508,11.899999856948853,262.15
2004-05-10,20.800000309944156,11.085714450904302,3.700000055134296,82.0285726508924,73.8000014796853,262.35
2004-05-17,19.000000283122063,10.88571444792407,5.000000074505806,82.82857266281333,15.199999704957008,263.44
2004-05-24,21.60000032186508,10.742857302938189,1.700000025331974,74.92857254509416,17.100000262260437,263.1
2004-05-31,22.30000033229589,12.300000183284283,3.000000044703484,68.14285815826484,4.299999892711639,262.75
2004-06-07,24.300000362098217,14.400000214576721,7.500000111758709,80.1285726225802,12.100000202655792,262.42
2004-06-14,26.30000039190054,17.71428597824914,10.000000149011612,76.24285827896425,13.599999904632568,262.33
2004-06-21,23.80000035464764,13.871428778128964,6.500000096857548,75.14285826257297,14.799999967217445,262.21
2004-06-28,23.100000344216824,15.842857378934111,8.100000120699406,68.01428672777755,6.599999904632568,261.45
2004-07-05,22.500000335276127,15.42857165847506,9.600000143051147,72.714286797813,19.500000059604645,261.86
2004-07-12,24.00000035762787,15.471428801970822,8.00000011920929,73.87142967219863,28.099999368190765,261.76
2004-07-19,28.80000042915344,18.071428840713843,10.100000150501728,75.5857154120292,15.799999952316284,261.06
2004-07-26,30.00000044703484,18.842857423637593,11.000000163912771,78.41428688274962,69.80000105500221,261.59
2004-08-02,28.300000421702865,18.042857411716664,9.100000135600569,69.47142960663352,0.1000000014901161,262.12
2004-08-09,28.300000421702865,21.228571744901792,12.500000186264517,60.4428580435259,0.0,261.54
2004-08-16,30.00000044703484,20.071428870516165,13.100000195205212,67.52857243482556,14.20000022649765,261.41
2004-08-23,28.200000420212746,18.17142884220396,6.200000092387199,70.61428676652056,6.200000107288361,261.25
2004-08-30,23.500000350177288,16.400000244379044,12.10000018030405,78.34285831025669,19.399999856948853,261.32
2004-09-06,26.80000039935112,16.085714525410108,6.400000095367432,68.98571531368154,1.899999976158142,261.07
2004-09-13,25.300000376999375,15.27142879899059,4.200000062584877,64.94285811058113,11.400000095367432,261.12
2004-09-20,23.80000035464764,14.600000217556953,4.500000067055225,66.50000099092722,1.300000011920929,261.05
2004-09-27,16.100000239908695,10.52857158545937,7.800000116229057,84.22857268367495,41.0000005364418,261.15
2004-10-04,21.000000312924385,11.857143033828054,5.200000077486038,82.00000122189522,16.899999856948853,261.25
2004-10-11,25.100000374019142,10.3714287259749,0.2000000029802322,79.60000118613243,8.900000214576721,261.36
2004-10-18,12.500000186264517,6.84285724482366,-0.800000011920929,77.74285830131599,8.800000049173832,260.65
2004-10-25,20.60000030696392,12.257143039788518,1.100000016391277,74.65714396962098,5.0,261.13
2004-11-01,18.80000028014183,10.471428727465016,6.500000096857548,89.1714299001864,24.500000573694706,261.35
2004-11-08,14.600000217556952,7.085714391299656,0.0,91.6857156519379,11.200000040233135,261.84
2004-11-15,6.200000092387199,2.0142857443009103,-1.0000000149011612,94.75714426913432,21.000000573694706,262.06
2004-11-22,10.30000015348196,3.514285766652652,-2.600000038743019,93.84285854122469,66.00000154972076,262.79
2004-11-29,9.100000135600569,2.6714286112359593,-3.000000044703484,85.7285727060267,10.000000052154064,263.12
2004-12-06,6.500000096857548,2.600000038743019,-2.200000032782554,91.78571565342801,0.3000000044703483,262.97
2004-12-13,5.200000077486038,0.30000000447034836,-5.700000084936619,90.65714420803955,0.0,262.89
2004-12-20,7.400000110268593,0.7285714394279889,-5.000000074505806,81.22857263897147,14.200000122189522,262.87
2004-12-27,8.400000125169754,1.5000000223517418,-6.70000009983778,88.95714418270758,24.200000286102295,263.13
2005-01-03,7.400000110268593,2.6714286112359593,-1.3000000193715096,86.90000129491091,11.299999751150608,263.39
2005-01-10,13.300000198185444,6.228571521384375,2.7000000402331352,77.3714297243527,5.999999836087227,263.37
2005-01-17,9.00000013411045,3.2428571911794797,-2.800000041723252,80.40000119805336,2.7000000029802322,263.29
2005-01-24,6.800000101327896,1.65714288183621,-3.6000000536441803,87.7428584503276,42.000000298023224,263.54
2005-01-31,2.200000032782554,-4.071428632097585,-8.50000012665987,93.05714424380234,22.000000417232513,263.51
2005-02-07,2.500000037252903,-1.4428571643573898,-7.500000111758709,81.35714406945876,9.500000014901161,263.34
2005-02-14,10.000000149011612,1.3285714483686857,-7.200000107288361,82.17142979587827,38.20000062137842,263.72
2005-02-21,2.200000032782554,-2.3142857487712587,-9.00000013411045,90.70000135153532,9.300000101327896,263.37
2005-02-28,-0.1000000014901161,-4.671428641038282,-12.000000178813934,89.1714299001864,11.10000018030405,263.27
2005-03-07,0.9000000134110451,-4.814285786024162,-9.900000147521496,72.61428679632289,1.900000013411045,263.14
2005-03-14,4.90000007301569,-0.11428571598870414,-11.10000016540289,82.88571552080768,7.699999928474426,263.05
2005-03-21,16.300000242888927,6.400000095367432,-3.1000000461936,71.52857249443021,8.100000083446503,263.45
2005-03-28,17.600000262260437,8.757142987634454,-1.3000000193715096,81.21428692447287,13.500000409781935,263.32
2005-04-04,19.500000290572643,8.14285726419517,-0.6000000089406967,53.71428651469095,0.0,263.19
2005-04-11,16.300000242888927,7.900000117719173,-1.100000016391277,77.65714401432446,4.499999992549419,262.86
2005-04-18,20.800000309944156,12.24285732528993,2.1000000312924385,71.04285820147821,0.0,262.59
2005-04-25,17.00000025331974,7.442857253764357,-3.700000055134296,62.91428665178163,4.500000096857548,262.52
2005-05-02,29.200000435113907,14.085714495607785,3.6000000536441803,68.18571530176061,2.900000095367432,262.4
2005-05-09,20.10000029951334,9.757143002535615,2.500000037252903,80.85714406200817,35.40000069141388,262.06
2005-05-16,17.30000025779009,9.157142993594919,1.80000002682209,76.10000113397837,19.100000321865082,262.13
2005-05-23,22.30000033229589,12.257143039788518,0.5000000074505806,76.7857154299106,3.6000000089406967,262.05
2005-05-30,31.70000047236681,19.47142886157547,9.00000013411045,64.80000096559525,2.0,260.91
2005-06-06,26.80000039935112,13.571428773658615,4.90000007301569,72.61428679632289,11.79999976605177,261.06
2005-06-13,21.50000032037497,10.88571444792407,4.700000070035458,73.21428680526358,12.399999856948853,261.27
2005-06-20,25.80000038444996,18.185714556702546,8.800000131130219,70.2142867605601,6.700000166893005,260.7
2005-06-27,30.200000450015068,19.81428600954158,11.000000163912771,68.7857153107013,28.700000047683716,260.835
2005-07-04,26.80000039935112,18.057143126215255,10.500000156462193,75.01428683208567,20.799999833106995,260.97
2005-07-11,26.30000039190054,15.385714514979295,9.600000143051147,82.04285836539098,24.200000025331974,261.35
2005-07-18,29.800000444054604,20.01428601252181,11.000000163912771,67.2428581448538,11.399999737739563,261.36
2005-07-25,24.300000362098217,15.828571664435524,9.80000014603138,78.70000117272139,37.30000014603138,261.27
2005-08-01,32.00000047683716,21.085714599915914,12.600000187754633,68.95714388468436,13.799999713897703,261.1
2005-08-08,22.600000336766243,14.042857352112021,7.300000108778477,81.14285835197994,39.99999976158142,261.09
2005-08-15,23.100000344216824,14.271428784089428,9.3000001385808,79.91428690510136,15.899999856948853,261.09
2005-08-22,26.700000397861004,18.314285987189837,10.30000015348196,74.94285825959274,13.900000095367432,261.2
2005-08-29,27.80000041425228,16.42857167337622,9.500000141561031,76.00000113248825,6.099999904632568,261.32
2005-09-05,28.000000417232517,19.114285999110766,11.10000016540289,73.17142966176782,0.0,260.77
2005-09-12,29.50000043958425,19.428571718079702,12.500000186264517,73.27142966325793,18.699999809265137,260.94
2005-09-19,22.30000033229589,12.600000187754631,3.400000050663948,82.05714407988957,15.700000047683716,261.15
2005-09-26,23.100000344216824,13.771428776638848,3.700000055134296,73.78571538520711,1.399999976158142,261.01
2005-10-03,20.30000030249357,11.485714456864766,5.900000087916851,86.3142870004688,15.199999548494816,260.87
2005-10-10,19.60000029206276,13.342857341681208,7.400000110268593,78.18571545077222,0.0,260.92
2005-10-17,18.50000027567148,9.94285729101726,1.5000000223517418,75.14285826257297,0.0,260.96
2005-10-24,18.100000269711018,10.400000154972076,1.100000016391277,77.81428687380892,12.199999906122684,260.97
2005-10-31,20.30000030249357,12.31428589778287,5.000000074505806,73.90000110119581,1.2000000476837158,260.76
2005-11-07,17.600000262260437,9.157142993594919,1.600000023841858,83.27142981226955,4.400000013411045,260.81
2005-11-14,14.40000021457672,7.214285821786949,1.0000000149011612,83.78571553421872,0.1000000014901161,260.94
2005-11-21,5.500000081956387,1.528571451348918,-1.3000000193715096,94.15714426019362,34.89999985694885,261.02
2005-11-28,3.700000055134296,-0.22857143197740823,-3.200000047683716,84.08571553868907,2.000000014901161,261.09
2005-12-05,6.800000101327896,1.600000023841858,-3.200000047683716,81.71428693192345,4.6999999061226845,261.18
2005-12-12,5.700000084936619,1.700000025331974,-3.200000047683716,91.01428707050425,3.6999999955296516,261.45
2005-12-19,6.000000089406967,1.3000000193715096,-3.500000052154064,92.74285852483341,41.99999928474426,261.88
2005-12-26,5.900000087916851,1.9000000283122063,-5.000000074505806,92.65714423784188,16.399999797344208,262.295
2006-01-02,4.200000062584877,-2.500000037252903,-12.4000001847744,89.98571562660592,12.300000041723251,262.71
2006-01-09,0.800000011920929,-1.671428596334798,-7.200000107288361,91.74285850993225,0.1000000014901161,262.78
2006-01-16,4.000000059604645,-2.6857143257345473,-8.50000012665987,79.80000118911266,1.5,262.59
2006-01-23,3.9000000581145287,-3.8142857711230005,-17.100000254809856,89.1714299001864,26.000000037252903,262.72
2006-01-30,-1.700000025331974,-7.000000104308128,-15.500000230968,76.47142971094165,0.1000000014901161,262.65
2006-02-06,-0.1000000014901161,-4.500000067055225,-12.4000001847744,94.15714426019362,10.100000001490116,262.47
2006-02-13,3.200000047683716,-0.18571428848164412,-6.400000095367432,91.2000013589859,36.499999701976776,262.81
2006-02-20,7.400000110268593,1.9142857428107942,-8.800000131130219,84.47142983015094,9.100000023841858,263.25
2006-02-27,2.200000032782554,-2.1000000312924385,-6.900000102818012,85.75714413502386,1.4999999850988388,263.12
2006-03-06,2.1000000312924385,-1.6142857383404459,-7.200000107288361,81.00000120699406,11.199999868869781,263.16
2006-03-13,6.400000095367432,-1.65714288183621,-9.3000001385808,87.91428702431065,36.399999529123306,263.19
2006-03-20,3.9000000581145287,-1.0571428728955132,-8.600000128149986,90.20000134408474,2.40000007301569,263.31
2006-03-27,19.000000283122063,4.6000000685453415,-5.4000000804662704,73.9142868156944,21.299999251961708,263.41
2006-04-03,16.100000239908695,9.385714425572328,3.700000055134296,77.11428686337811,15.100000075995922,263.51
2006-04-10,14.600000217556952,5.214285791984627,-2.0000000298023224,65.45714383253029,0.5,263.49
2006-04-17,14.600000217556952,7.285714394279888,0.5000000074505806,78.62857260022845,13.399999856948853,263.12
2006-04-24,20.800000309944156,11.214285881391593,4.90000007301569,69.47142960663352,1.9999999552965164,262.95
2006-05-01,21.800000324845318,10.500000156462193,2.200000032782554,74.24285824916193,13.299999870359898,262.68
2006-05-08,22.600000336766243,15.142857368503298,7.900000117719173,52.00000077486038,0.0,261.9
2006-05-15,24.300000362098217,14.514285930565425,4.90000007301569,59.28571516914027,2.300000049173832,261.49
2006-05-22,26.100000388920307,14.414285929075309,8.00000011920929,72.31428679185254,16.699999906122684,261.85
2006-05-29,18.30000027269125,11.900000177323818,6.000000089406967,72.44285822233984,30.50000023841858,261.6
2006-06-05,17.50000026077032,8.900000132620335,2.1000000312924385,79.32857261065926,7.299999892711639,261.43
2006-06-12,27.500000409781933,15.014285938016005,4.200000062584877,64.9857152540769,4.699999809265137,261.32
2006-06-19,30.00000044703484,20.01428601252181,9.100000135600569,67.21428671585662,5.199999958276749,261.3
2006-06-26,29.800000444054604,20.67142887945686,11.500000171363354,67.90000101178885,5.599999845027924,261.055
2006-07-03,28.10000041872263,18.58571456266301,11.30000016838312,66.1571438429611,5.599999904632568,260.81
2006-07-10,29.60000044107437,21.914286040834018,14.800000220537186,68.0857153002705,29.799999535083774,260.97
2006-07-17,31.500000469386578,21.085714599915914,10.100000150501728,60.94285805097648,1.800000049173832,261.33
2006-07-24,35.00000052154064,24.728571797055857,12.500000186264517,48.171429289238795,0.2000000029802322,260.27
2006-07-31,34.20000050961971,23.62857178066458,16.100000239908695,60.92857233647789,4.3999999687075615,260.43
2006-08-07,24.300000362098217,17.200000256299973,10.80000016093254,73.37142966474805,53.1000015810132,260.87
2006-08-14,21.1000003144145,14.957143080021654,9.900000147521496,77.28571543736118,20.799999929964542,260.82
2006-08-21,26.700000397861004,18.0000002682209,11.10000016540289,72.94285822979042,19.400000132620335,260.59
2006-08-28,23.80000035464764,15.142857368503298,10.100000150501728,80.22857262407031,19.799999572336674,260.57
2006-09-04,25.00000037252903,16.100000239908695,9.100000135600569,75.44285826704332,21.09999990463257,260.55
2006-09-11,28.60000042617321,16.2142859558974,6.400000095367432,70.72857248250928,0.8999999761581421,260.28
2006-09-18,25.80000038444996,19.028571712119238,10.80000016093254,61.44285805842706,1.0,260.07
2006-09-25,25.80000038444996,17.15714311280421,9.400000140070915,64.3857152451362,0.5000000149011611,260.08
2006-10-02,23.80000035464764,15.742857377443995,9.3000001385808,81.74285836092064,13.800000190734863,260.0
2006-10-09,21.000000312924385,12.071428751306874,6.000000089406967,82.71428694682461,34.50000083446503,260.01
2006-10-16,19.80000029504299,11.000000163912773,4.90000007301569,86.92857272390809,0.4000000059604645,260.21
2006-10-23,19.80000029504299,12.214285896292754,2.600000038743019,73.25714394875935,2.3999999687075615,260.02
2006-10-30,24.8000003695488,13.085714480706624,5.4000000804662704,73.82857252870288,26.100000478327274,260.25
2006-11-06,15.100000225007534,5.68571437043803,-2.200000032782554,79.95714404859713,11.499999836087227,260.43
2006-11-13,12.90000019222498,6.728571528834956,2.3000000342726707,79.48571547014373,23.200000002980232,260.72
2006-11-20,20.10000029951334,10.200000151991844,3.200000047683716,77.8428583028061,2.7999999597668648,260.58
2006-11-27,15.100000225007534,8.257142980183874,1.80000002682209,79.50000118464231,8.000000238418579,260.635
2006-12-04,11.800000175833702,6.3000000938773155,1.3000000193715096,84.11428696768624,2.200000047683716,260.69
2006-12-11,14.600000217556952,7.814285830727646,1.0000000149011612,77.7285725868174,9.50000000745058,260.69
2006-12-18,11.800000175833702,5.485714367457798,1.3000000193715096,78.87142974670444,8.000000223517418,260.6
2006-12-25,5.700000084936619,2.6571428967373714,-0.800000011920929,94.84285855612585,2.900000013411045,260.79
2007-01-01,11.10000016540289,3.200000047683716,-2.500000037252903,82.75714409032038,11.500000059604645,261.25
2007-01-08,10.100000150501728,6.000000089406967,1.100000016391277,82.54285837284156,7.499999932944775,261.27
2007-01-15,13.40000019967556,7.757142972733293,-0.9000000134110451,73.72857252721276,4.099999964237213,261.35
2007-01-22,13.40000019967556,6.785714386829308,-4.200000062584877,74.55714396813086,20.199999906122684,261.44
2007-01-29,4.400000065565109,-2.0428571732980862,-10.900000162422655,86.17142985548291,27.699999809265137,261.9
2007-02-05,7.900000117719173,4.342857207570757,-0.1000000014901161,85.20000126957893,7.300000227987766,262.55
2007-02-12,8.800000131130219,1.9857143153037344,-2.7000000402331352,88.05714416929654,13.300000071525574,263.2
2007-02-19,9.400000140070915,4.200000062584877,-0.2000000029802322,81.4142869274531,16.300000190734863,263.09
2007-02-26,13.600000202655792,5.471428652959211,-0.1000000014901161,78.87142974670444,11.700000286102295,263.05
2007-03-05,12.500000186264517,5.800000086426735,0.2000000029802322,79.84285833260843,24.400000289082527,263.35
2007-03-12,16.800000250339508,7.414285824767181,0.6000000089406967,73.15714394726923,4.399999812245369,263.02
2007-03-19,17.30000025779009,6.671428670840604,-0.5000000074505806,75.5714296975306,4.400000035762787,262.78
2007-03-26,14.000000208616257,4.157142919089113,-1.5000000223517418,81.5428583579404,28.899999856948853,262.94
2007-04-02,17.50000026077032,8.957142990614686,1.600000023841858,57.20000085234642,0.0,263.1
2007-04-09,15.500000230968,6.742857243333544,-0.800000011920929,70.11428675906998,0.1000000014901161,262.68
2007-04-16,23.300000347197056,13.642857346151557,4.200000062584877,60.271429469542845,0.0,261.99
2007-04-23,22.600000336766243,9.871428718524319,-0.5000000074505806,57.700000859797,0.4000000059604645,261.25
2007-04-30,25.100000374019142,14.47142878706966,1.700000025331974,58.21428658174617,0.6000000238418579,261.52
2007-05-07,22.30000033229589,12.628571616751808,2.0000000298023224,51.957143631364616,22.899999618530277,261.4
2007-05-14,23.300000347197056,13.90000020712614,7.700000114738941,72.22857250486102,24.59999978542328,261.6
2007-05-21,29.200000435113907,14.200000211596489,2.800000041723252,67.21428671585662,10.899999797344208,261.57
2007-05-28,29.50000043958425,19.200000286102295,12.10000018030405,77.20000115036964,34.30000030994415,261.515
2007-06-04,22.600000336766243,14.600000217556953,7.000000104308128,79.24285832366773,5.5999999195337296,261.46
2007-06-11,30.500000454485416,21.042857456420148,12.500000186264517,65.6857152645077,0.2000000029802322,260.8
2007-06-18,28.700000427663326,19.342857431088174,12.4000001847744,68.72857245270696,36.699999906122684,260.78
2007-06-25,29.700000442564487,18.22857170019831,12.000000178813934,73.21428680526358,31.899999260902405,261.25
2007-07-02,26.50000039488077,15.471428801970822,9.3000001385808,71.72857249741044,27.69999920576811,261.25
2007-07-09,22.800000339746475,15.357143085982118,9.3000001385808,73.02857251678195,23.700000002980232,261.2
2007-07-16,36.500000543892384,19.842857438538754,8.400000125169754,66.02857241247382,12.799999631941319,261.15
2007-07-23,30.100000448524952,20.514286019972392,11.400000169873238,67.52857243482556,53.50000047683716,261.13
2007-07-30,26.30000039190054,17.057143111314094,10.000000149011612,69.24285817465612,21.39999993145466,261.36
2007-08-06,27.3000004068017,16.41428595887763,7.800000116229057,66.71428670840604,9.200000002980232,260.75
2007-08-13,27.80000041425228,18.14285741320678,11.500000171363354,83.54285838774273,36.199999429285526,261.18
2007-08-20,27.80000041425228,18.42857170317854,10.500000156462193,69.9714296140841,44.199998378753655,261.26
2007-08-27,25.600000381469727,17.442857402775967,9.500000141561031,80.18571548057454,6.599999763071537,261.29
2007-09-03,19.000000283122063,13.414285914174148,5.500000081956387,75.78571541500943,22.80000000447035,261.32
2007-09-10,17.100000254809856,11.442857313369002,5.700000084936619,86.41428700195891,40.60000056028366,261.74
2007-09-17,23.500000350177288,13.300000198185444,5.200000077486038,76.94285828939506,4.899999909102917,262.13
2007-09-24,24.100000359117985,13.200000196695328,3.9000000581145287,72.65714393981865,12.399999618530272,262.24
2007-10-01,19.30000028759241,11.74285731783935,6.200000092387199,84.70000126212835,39.5999995842576,262.38
2007-10-08,19.80000029504299,11.37142874087606,4.500000067055225,87.71428702133042,2.1999999061226845,262.5
2007-10-15,19.10000028461218,8.628571557147163,1.0000000149011612,77.55714401283434,0.6000000089406967,262.37
2007-10-22,19.000000283122063,6.485714382358959,-1.5000000223517418,84.400001257658,13.699999928474426,262.33
2007-10-29,12.000000178813934,5.642857226942267,1.80000002682209,91.85714422592095,4.4000000059604645,261.88
2007-11-05,11.500000171363354,7.314285823277065,2.500000037252903,89.28571561617511,13.999999977648258,262.2
2007-11-12,9.00000013411045,3.7857143421258246,0.1000000014901161,89.55714419164828,78.7000002861023,263.38
2007-11-19,4.700000070035458,0.9714285859039852,-2.600000038743019,94.28571569068092,16.300000190734863,263.17
2007-11-26,8.50000012665987,2.628571467740195,-1.600000023841858,85.04285841009447,6.399999812245369,263.215
2007-12-03,9.80000014603138,3.31428576367242,-2.600000038743019,82.04285836539098,14.49999988079071,263.26
2007-12-10,12.300000183284284,5.914285802415439,2.0000000298023224,80.30000119656324,15.399999931454659,263.59
2007-12-17,4.500000067055225,0.37142857696328846,-3.6000000536441803,89.20000132918358,19.30000028759241,263.76
2007-12-24,1.700000025331974,-3.1285714751907756,-7.700000114738941,90.17142991508756,0.2000000029802322,263.37
2007-12-31,6.500000096857548,0.8142857264195171,-5.700000084936619,81.51428692894322,4.300000071525574,263.13
2008-01-07,5.000000074505806,-0.5428571509463447,-4.400000065565109,84.30000125616789,9.199999764561653,263.13
2008-01-14,9.400000140070915,4.128571490091937,-0.1000000014901161,75.87142970200095,0.699999988079071,262.88
2008-01-21,12.600000187754633,7.285714394279888,1.80000002682209,79.17142975117478,33.0999990105629,263.55
2008-01-28,8.300000123679638,4.7285714990326335,0.0,79.98571547759431,31.699999928474426,263.52
2008-02-04,8.50000012665987,3.0857143316950117,-2.200000032782554,77.55714401283434,7.099999859929085,263.49
2008-02-11,11.30000016838312,5.000000074505806,0.2000000029802322,77.15714400687388,6.800000071525574,263.42
2008-02-18,4.90000007301569,0.17142857398305628,-6.500000096857548,78.11428687827927,1.6000000014901161,263.34
2008-02-25,17.30000025779009,6.528571525854724,-2.200000032782554,78.42857259724822,3.6999999657273293,263.19
2008-03-03,14.600000217556952,6.70000009983778,0.4000000059604645,75.00000111758709,30.59999942779541,263.19
2008-03-10,13.100000195205212,3.985714345106057,-2.7000000402331352,73.30000109225512,1.699999988079071,263.35
2008-03-17,12.000000178813934,6.1714286633900235,-1.100000016391277,72.02857250188079,14.000000029802322,262.94
2008-03-24,6.500000096857548,0.5857142944421087,-4.000000059604645,84.85714412161282,20.09999990463257,263.4
2008-03-31,16.00000023841858,5.428571509463446,-2.200000032782554,68.22857244525638,3.100000023841858,262.89
2008-04-07,14.100000210106373,5.557142939950738,0.0,84.47142983015094,33.79999954998493,263.51
2008-04-14,16.00000023841858,6.41428580986602,0.0,80.61428691553218,49.9000004902482,263.73
2008-04-21,14.800000220537186,5.842857229922499,-1.0000000149011612,83.58571553123849,16.80000014603138,263.38
2008-04-28,21.300000317394733,11.257143024887357,4.000000059604645,66.21428670095545,1.600000023841858,263.29
2008-05-05,17.80000026524067,11.285714453884534,4.200000062584877,75.92857255999532,14.300000205636026,262.97
2008-05-12,23.300000347197056,14.957143080021654,7.000000104308128,57.471429427819594,0.0,262.48
2008-05-19,22.800000339746475,13.957143065120492,5.200000077486038,72.82857251380172,6.600000001490116,262.05
2008-05-26,21.60000032186508,13.300000198185444,4.500000067055225,71.02857248697963,1.600000023841858,261.895
2008-06-02,28.80000042915344,19.928571725530283,12.000000178813934,70.67142962451491,0.2000000029802322,261.74
2008-06-09,27.60000041127205,18.614285991660186,9.400000140070915,62.65714379080704,1.4999999776482582,260.87
2008-06-16,27.10000040382147,13.228571625692505,5.700000084936619,73.54285823873111,21.299999952316284,261.06
2008-06-23,30.800000458955765,17.742857407246316,6.500000096857548,64.5000009611249,12.8999999538064,261.62
2008-06-30,26.100000388920307,17.571428833263262,10.600000157952309,68.45714387723378,33.0,261.23
2008-07-07,30.800000458955765,19.185714571603707,10.80000016093254,65.8000009804964,36.40000033378601,261.55
2008-07-14,27.80000041425228,16.471428816871985,11.000000163912771,75.14285826257297,14.60000005364418,261.49
2008-07-21,23.000000342726707,15.671428804951054,9.00000013411045,74.72857254211392,18.699999928474426,261.23
2008-07-28,30.300000451505184,19.485714576074056,10.400000154972076,67.77142958130155,2.100000023841858,261.06
2008-08-04,31.500000469386578,21.657143179859435,14.300000213086603,61.90000092238188,5.8999999314546585,260.89
2008-08-11,31.80000047385693,18.94285742512771,9.500000141561031,61.78571520639317,12.499999761581421,260.79
2008-08-18,24.600000366568565,16.65714310535363,8.50000012665987,70.35714390554598,32.30000030994415,260.9
2008-08-25,26.30000039190054,16.471428816871985,8.800000131130219,72.20000107586384,34.799999475479126,261.0
2008-09-01,24.300000362098217,16.9285716808268,9.500000141561031,73.17142966176782,4.099999904632568,260.81
2008-09-08,25.80000038444996,17.08571454031127,11.000000163912771,77.257144008364,39.50000000745058,260.9
2008-09-15,24.50000036507845,13.414285914174148,5.000000074505806,74.65714396962098,0.0,260.82
2008-09-22,13.90000020712614,8.228571551186699,1.0000000149011612,81.01428692149264,14.700000360608103,260.99
2008-09-29,17.100000254809856,9.828571575028556,3.9000000581145287,87.12857272688832,5.899999961256981,260.9
2008-10-06,15.100000225007534,9.342857282076563,3.700000055134296,78.04285830578634,12.400000222027302,260.75
2008-10-13,21.300000317394733,12.500000186264515,7.000000104308128,83.68571553272861,0.5000000074505806,260.62
2008-10-20,16.600000247359276,9.714285859039851,2.200000032782554,80.64285834452936,10.00000024586916,260.8
2008-10-27,20.10000029951334,8.314285838178225,-0.2000000029802322,79.78571547461408,27.199999809265137,260.835
2008-11-03,10.400000154972076,4.657142926539693,0.2000000029802322,95.57142999555383,30.000000812113285,260.87
2008-11-10,14.800000220537186,9.314285853079387,4.700000070035458,89.71428705113274,0.6000000089406967,260.95
2008-11-17,15.600000232458116,6.70000009983778,-1.5000000223517418,78.54285831323692,2.400000050663948,260.99
2008-11-24,8.50000012665987,1.8571428848164422,-2.800000041723252,85.94285842350551,28.700000166893005,261.17
2008-12-01,5.200000077486038,1.0571428728955132,-4.200000062584877,85.78571556402105,10.600000143051147,261.29
2008-12-08,6.800000101327896,2.571428609745843,-1.80000002682209,86.80000129342079,14.800000108778477,261.76
2008-12-15,7.200000107288361,1.4428571643573898,-1.5000000223517418,89.21428704368216,10.100000143051147,262.0
2008-12-22,7.700000114738941,3.0142857592020715,-0.2000000029802322,91.47142993445907,14.799999833106995,262.22
2008-12-29,5.000000074505806,-1.2285714468785696,-7.200000107288361,88.71428703623158,12.099999524652956,262.2
2009-01-05,1.3000000193715096,-4.128571490091937,-15.600000232458116,87.1428584413869,18.400000132620335,262.17
2009-01-12,2.0000000298023224,-8.457142983164106,-21.300000317394733,76.97142971839223,0.700000025331974,262.3
2009-01-19,5.200000077486038,0.2428571464759964,-8.00000011920929,78.42857259724822,4.700000084936619,262.26
2009-01-26,5.700000084936619,0.857142869915281,-4.200000062584877,84.55714411714247,1.7999999523162842,262.455
2009-02-02,3.200000047683716,-1.58571430934327,-4.000000059604645,91.9142870839153,2.7000000029802322,262.65
2009-02-09,9.3000001385808,1.8571428848164422,-2.200000032782554,81.15714406647852,2.800000049173832,262.55
2009-02-16,7.900000117719173,-1.5571428803460938,-8.800000131130219,88.27142988677535,18.799999952316284,262.71
2009-02-23,2.7000000402331352,-1.2857143048729216,-8.00000011920929,93.12857281629529,35.999999821186066,262.9
2009-03-02,11.30000016838312,3.9142857726131166,-1.100000016391277,89.15714418568781,14.500000216066837,263.62
2009-03-09,12.300000183284284,4.300000064074993,-0.2000000029802322,86.50000128895044,15.000000417232513,263.57
2009-03-16,11.30000016838312,4.842857215021338,0.1000000014901161,87.20000129938126,37.79999998956919,263.63
2009-03-23,9.3000001385808,3.428571479661124,-2.1000000312924385,73.65714395471981,9.899999916553497,263.49
2009-03-30,10.400000154972076,4.157142919089113,-3.200000047683716,79.32857261065926,7.799999974668026,263.38
2009-04-06,21.1000003144145,10.600000157952309,-0.1000000014901161,68.82857245419707,0.0,262.98
2009-04-13,22.100000329315662,13.771428776638848,4.200000062584877,65.61428669201476,0.1000000014901161,262.49
2009-04-20,22.100000329315662,11.800000175833702,3.400000050663948,67.52857243482556,5.000000096857548,262.15
2009-04-27,22.500000335276127,12.17142875279699,2.7000000402331352,61.34285805693695,0.4000000059604644,262.135
2009-05-04,22.600000336766243,12.871428763227803,3.9000000581145287,71.31428677695138,11.100000202655792,262.12
2009-05-11,20.800000309944156,12.057143036808286,2.800000041723252,77.68571544332164,24.799999833106995,262.02
2009-05-18,24.300000362098217,13.214285911193915,4.000000059604645,68.22857244525638,17.200000286102295,261.78
2009-05-25,24.600000366568565,16.171428812401636,7.000000104308128,69.8571438980954,38.100000858306885,261.74
2009-06-01,28.50000042468309,13.242857340191092,5.000000074505806,77.62857258532729,28.000000096857548,261.8
2009-06-08,22.800000339746475,11.585714458354882,3.400000050663948,71.60000106692314,6.200000144541264,261.69
2009-06-15,22.800000339746475,14.057143066610609,6.200000092387199,74.65714396962098,35.80000088363886,261.59
2009-06-22,22.100000329315662,13.771428776638848,7.400000110268593,79.8714297616056,13.199999906122684,261.37
2009-06-29,23.300000347197056,16.271428813891752,9.400000140070915,87.31428701536996,5.9000000804662704,261.32
2009-07-06,27.700000412762165,20.042857441518986,13.000000193715096,77.82857258830752,8.900000102818012,261.0
2009-07-13,25.80000038444996,15.457143087472234,9.900000147521496,76.82857257340636,21.800000064074993,261.06
2009-07-20,29.10000043362379,18.64285742065736,11.800000175833702,74.81428682910544,36.10000071674585,261.59
2009-07-27,27.10000040382147,18.571428848164423,11.30000016838312,70.85714391299656,29.499999523162842,261.22
2009-08-03,29.60000044107437,18.67142884965454,10.000000149011612,63.942858095679966,19.100000001490116,260.85
2009-08-10,27.500000409781933,19.742857437048638,10.500000156462193,63.45714380272797,0.8999999761581421,261.37
2009-08-17,29.800000444054604,18.67142884965454,11.400000169873238,71.38571534944433,26.5,261.22
2009-08-24,30.800000458955765,18.757143136646068,9.500000141561031,64.42857238863196,11.699999809265137,261.35
2009-08-31,28.80000042915344,18.271428843694075,7.300000108778477,67.97142958428178,9.900000095367432,261.38
2009-09-07,30.00000044703484,16.04285738191434,8.50000012665987,72.6000010818243,25.39999957382679,261.21
2009-09-14,25.100000374019142,14.742857362542834,9.3000001385808,74.08571538967746,9.200000166893005,261.29
2009-09-21,23.80000035464764,15.542857374463763,8.50000012665987,80.4714297705463,8.000000238418579,261.21
2009-09-28,22.100000329315662,13.828571634633201,6.000000089406967,78.71428688721997,0.5,261.31
2009-10-05,15.900000236928465,10.985714449414186,5.200000077486038,81.1714297809771,23.79999941587448,261.42
2009-10-12,22.000000327825543,11.785714461335115,3.700000055134296,84.54285840264389,21.8999999538064,261.52
2009-10-19,9.00000013411045,3.442857194159712,0.2000000029802322,88.92857275371041,38.09999982267618,262.29
2009-10-26,13.500000201165676,6.571428669350488,-0.5000000074505806,88.47142988975558,9.100000143051147,262.45
2009-11-02,11.900000177323818,5.642857226942267,-2.0000000298023224,87.82857273731913,26.300000071525574,262.61
2009-11-09,11.400000169873238,5.071428646998746,0.1000000014901161,86.38571557296174,20.50000035762787,262.84
2009-11-16,14.500000216066836,7.71428582923753,2.3000000342726707,82.41428694235427,3.200000025331974,262.65
2009-11-23,16.100000239908695,10.142857293997492,6.000000089406967,73.40000109374523,15.400000572204592,262.76
2009-11-30,13.40000019967556,8.242857265685286,4.500000067055225,70.05714390107563,10.299999862909317,263.11
2009-12-07,9.500000141561031,4.014285774103233,-0.800000011920929,85.78571556402105,15.800000190734863,263.12
2009-12-14,7.200000107288361,1.3000000193715096,-5.000000074505806,92.37142994787011,23.000000789761543,263.27
2009-12-21,-0.9000000134110451,-7.628571542246001,-17.30000025779009,84.92857269410577,4.700000062584877,263.11
2009-12-28,8.600000128149986,1.7428571688277381,-4.000000059604645,82.5000012293458,13.399999774992466,263.26
2010-01-04,5.4000000804662704,-2.485714322754315,-10.500000156462193,95.07142998810325,30.299999810755253,263.41
2010-01-11,-3.700000055134296,-7.157142963792596,-12.300000183284284,91.94285851291248,14.299999952316284,263.21
2010-01-18,2.3000000342726707,-2.400000035762787,-10.500000156462193,87.70000130683184,5.399999916553497,263.12
2010-01-25,1.3000000193715096,-5.314285793474743,-12.300000183284284,88.62857274924006,1.7999999523162842,263.4
2010-02-01,1.80000002682209,-4.700000070035458,-16.100000239908695,83.20000123977661,11.499999910593033,262.87
2010-02-08,4.400000065565109,-2.0142857443009103,-7.500000111758709,82.9714298077992,5.800000004470348,262.69
2010-02-15,-1.100000016391277,-5.442857223962035,-10.900000162422655,86.4428584309561,8.699999928474426,262.44
2010-02-22,8.00000011920929,-0.21428571747882025,-8.800000131130219,79.5285726136395,3.9999999552965164,262.25
2010-03-01,14.800000220537186,5.2428572209818025,-0.5000000074505806,73.74285824171135,9.999999858438969,263.5
2010-03-08,4.700000070035458,-2.471428608255727,-11.400000169873238,77.40000115334988,5.200000017881393,263.1
2010-03-15,4.500000067055225,-0.885714298912457,-10.80000016093254,79.65714404412678,23.39999971538782,263.08
2010-03-22,16.600000247359276,7.757142972733293,-0.5000000074505806,72.94285822979042,8.60000017285347,263.26
2010-03-29,21.300000317394733,9.985714434513024,3.000000044703484,73.02857251678195,17.099999725818634,263.13
2010-04-05,18.80000028014183,7.771428687231881,-0.2000000029802322,68.91428674118859,1.9000000283122063,262.83
2010-04-12,18.0000002682209,7.414285824767181,1.700000025331974,72.52857250933137,13.799999609589577,262.85
2010-04-19,19.10000028461218,7.300000108778477,-0.5000000074505806,76.45714399644307,7.700000286102295,262.82
2010-04-26,21.300000317394733,8.757142987634454,-0.5000000074505806,61.92857235137905,1.899999976158142,262.39
2010-05-03,23.300000347197056,12.971428764717919,5.000000074505806,73.81428681420428,8.900000169873238,261.96
2010-05-10,18.100000269711018,8.414285839668342,1.3000000193715096,83.55714410224131,18.100000001490116,262.02
2010-05-17,15.900000236928465,8.785714416631631,4.000000059604645,85.57142984654222,13.099999606609343,262.04
2010-05-24,21.800000324845318,12.114285894802638,4.500000067055225,87.05714415439537,27.900000512599945,261.77
2010-05-31,19.30000028759241,12.128571609301227,6.900000102818012,82.54285837284156,36.60000019520521,262.58
2010-06-07,27.60000041127205,14.70000021904707,7.500000111758709,79.82857261810985,13.0,262.89
2010-06-14,28.60000042617321,18.37142884518419,9.500000141561031,74.05714396068028,0.9000000134110451,261.86
2010-06-21,22.30000033229589,13.642857346151557,6.900000102818012,70.27142961855445,0.6000000163912772,261.38
2010-06-28,27.200000405311584,17.442857402775967,8.100000120699406,65.72857240800347,0.2000000029802322,260.89
2010-07-05,30.600000455975533,22.257143188800132,13.100000195205212,63.485715231725145,14.099999904632568,260.51
2010-07-12,34.70000051707029,22.528571764273302,9.80000014603138,59.7285723185965,6.099999904632568,260.45
2010-07-19,33.70000050216913,21.61428603636367,10.600000157952309,68.34285816124508,9.000000096857548,260.17
2010-07-26,31.70000047236681,18.87142885263477,10.600000157952309,72.38571536434549,67.49999924004078,260.61
2010-08-02,27.80000041425228,17.95714312472514,10.500000156462193,74.64285825512239,30.599999845027924,261.05
2010-08-09,24.300000362098217,16.942857395325387,10.500000156462193,83.17142981077943,36.10000065714121,261.72
2010-08-16,25.300000376999375,17.34285740128585,12.800000190734863,83.67142981823001,24.600000143051147,261.97
2010-08-23,29.10000043362379,18.242857414696896,9.400000140070915,76.3000011369586,26.50000023841858,262.13
2010-08-30,22.800000339746475,14.757143077041421,8.400000125169754,82.44285837135145,55.09999928623438,262.9
2010-09-06,17.30000025779009,11.52857160036053,4.700000070035458,83.87142982121024,4.699999928474426,262.99
2010-09-13,23.300000347197056,14.385714500078134,5.4000000804662704,80.41428691255194,7.799999833106995,262.79
2010-09-20,17.600000262260437,11.842857319329466,5.500000081956387,78.8000011742115,12.999999701976776,262.22
2010-09-27,23.500000350177288,12.957143050219331,7.700000114738941,83.88571553570884,91.70000076293945,262.835
2010-10-04,16.800000250339508,9.914285862020083,4.000000059604645,86.64285843393633,3.099999912083149,263.45
2010-10-11,18.30000027269125,10.700000159442425,0.5000000074505806,80.08571547908443,0.0,262.87
2010-10-18,10.100000150501728,5.414285794964859,-1.80000002682209,92.24285851738283,6.899999976158142,262.74
2010-10-25,10.900000162422655,5.1142857904945105,-0.2000000029802322,81.27142978246722,7.800000190734863,262.62
2010-11-01,19.000000283122063,7.71428582923753,0.2000000029802322,75.11428683357579,0.1000000014901161,262.42
2010-11-08,16.50000024586916,8.600000128149986,0.9000000134110451,87.88571559531348,25.20000058412552,262.33
2010-11-15,18.50000027567148,8.71428584413869,0.5000000074505806,80.72857263152089,25.599999994039536,262.62
2010-11-22,8.300000123679638,3.9000000581145287,-0.2000000029802322,94.87142998512302,33.80000014603138,263.25
2010-11-29,2.800000041723252,-1.9000000283122063,-7.800000116229057,95.98571571601289,29.300000071525574,263.39
2010-12-06,2.1000000312924385,-6.84285724482366,-15.100000225007534,87.3714298733643,11.500000432133676,263.17
2010-12-13,3.700000055134296,-1.5000000223517418,-6.800000101327896,92.74285852483341,38.700000166893005,263.59
2010-12-20,3.700000055134296,-4.4714286380580495,-10.900000162422655,85.58571556104081,17.199999630451202,263.52
2010-12-27,3.200000047683716,-2.8142857562218393,-12.800000190734863,95.3857157070722,28.600000344216824,263.405
2011-01-03,1.3000000193715096,-4.7285714990326335,-15.800000235438349,93.85714425572327,3.40000007301569,263.29
2011-01-10,11.500000171363354,1.4857143078531538,-11.000000163912771,85.30000127106905,9.600000120699406,263.85
2011-01-17,11.500000171363354,5.7857143719281465,-1.100000016391277,86.65714414843491,27.100000858306885,263.84
2011-01-24,8.00000011920929,-0.02857142899717603,-5.500000081956387,93.71428711073739,19.799999982118607,263.44
2011-01-31,1.3000000193715096,-4.128571490091937,-13.100000195205212,90.87142992551837,7.9999998807907104,263.35
2011-02-07,10.100000150501728,1.8428571703178542,-10.900000162422655,81.28571549696582,2.9000000208616257,263.53
2011-02-14,9.3000001385808,2.257142890776907,-2.1000000312924385,79.67142975862537,14.800000071525574,263.61
2011-02-21,3.9000000581145287,-3.1142857606921877,-11.30000016838312,85.81428699301821,2.900000050663948,263.22
2011-02-28,8.300000123679638,-3.0285714737006595,-14.500000216066836,70.84285819849798,0.0,262.95
2011-03-07,6.200000092387199,-0.04285714349576406,-6.000000089406967,73.11428680377347,0.0,262.46
2011-03-14,15.500000230968,7.014285818806717,-2.7000000402331352,65.54285811952182,2.100000038743019,262.7
2011-03-21,12.500000186264517,4.6000000685453415,-1.700000025331974,86.14285842648574,9.50000011920929,262.62
2011-03-28,14.100000210106373,5.814285800925323,-2.1000000312924385,71.51428677993161,2.5,262.575
2011-04-04,23.80000035464764,11.728571603340763,-0.800000011920929,70.44285819253751,12.000000059604645,262.53
2011-04-11,20.60000030696392,10.671428730445248,1.5000000223517418,69.12857245866742,0.0,262.39
2011-04-18,17.30000025779009,7.785714401730469,2.200000032782554,73.41428680824382,19.199999190866947,262.25
2011-04-25,23.300000347197056,13.785714491137437,4.400000065565109,60.10000089555979,0.0,261.79
2011-05-02,21.300000317394733,10.942857305918421,1.5000000223517418,74.31428682165486,4.200000002980232,261.34
2011-05-09,22.30000033229589,10.52857158545937,0.2000000029802322,60.18571518255131,0.6000000238418579,261.31
2011-05-16,25.300000376999375,13.928571636123317,5.200000077486038,68.7857153107013,10.700000055134296,261.22
2011-05-23,25.600000381469727,16.2142859558974,9.00000013411045,73.10000108927488,19.399999625980854,260.84
2011-05-30,27.10000040382147,15.800000235438347,4.700000070035458,57.42857228432383,0.6000000238418579,260.05
2011-06-06,29.60000044107437,18.071428840713843,9.00000013411045,69.11428674416882,11.800000309944153,261.02
2011-06-13,25.300000376999375,16.557143103863513,7.500000111758709,71.45714392193726,2.9999999701976776,260.99
2011-06-20,26.80000039935112,16.41428595887763,10.000000149011612,73.37142966474805,24.999999463558197,261.07
2011-06-27,27.3000004068017,16.300000242888927,9.600000143051147,77.77142973031316,15.499999478459358,261.305
2011-07-04,29.300000436604023,14.714285933545657,6.70000009983778,79.68571547312396,70.19999931007624,261.54
2011-07-11,28.300000421702865,19.071428855615004,12.4000001847744,75.48571541053909,55.80000203847885,262.46
2011-07-18,27.10000040382147,18.042857411716664,11.000000163912771,65.97142955447946,14.399999991059303,262.33
2011-07-25,24.300000362098217,15.142857368503298,9.3000001385808,70.5857153375234,2.100000023841858,262.15
2011-08-01,25.00000037252903,15.314285942486354,8.00000011920929,83.2285726687738,97.10000133514404,262.71
2011-08-08,27.3000004068017,19.01428599762065,12.000000178813934,79.18571546567338,19.899999976158142,262.58
2011-08-15,25.80000038444996,16.685714534350804,10.400000154972076,76.67142971392188,14.600000001490116,262.5
2011-08-22,29.000000432133675,19.17142885710512,9.600000143051147,75.32857255105462,21.399999238550663,262.63
2011-08-29,31.000000461936,19.45714314707688,10.000000149011612,75.55714398303202,15.500000238418579,262.29
2011-09-05,29.000000432133675,16.528571674866335,6.70000009983778,73.45714395173958,18.0,262.22
2011-09-12,29.300000436604023,16.671428819852217,11.000000163912771,77.98571544779199,17.39999955892563,262.11
2011-09-19,23.300000347197056,14.314285927585193,6.200000092387199,79.31428689616067,36.0,262.55
2011-09-26,24.100000359117985,13.68571448964732,6.500000096857548,79.07142974968467,0.0,262.365
2011-10-03,25.80000038444996,16.528571674866335,9.500000141561031,74.77142968560968,0.0,262.18
2011-10-10,23.80000035464764,11.657143030847822,3.200000047683716,82.47142980034862,29.299999475479126,262.25
2011-10-17,15.800000235438349,7.814285830727646,-0.800000011920929,81.32857264046159,16.40000009536743,262.61
2011-10-24,17.80000026524067,6.471428667860372,-0.5000000074505806,80.45714405604771,5.800000004470348,262.86
2011-10-31,17.100000254809856,9.72857157353844,4.400000065565109,88.25714417227677,0.9000000134110451,262.12
2011-11-07,15.600000232458116,8.21428583668811,2.1000000312924385,82.20000122487545,0.0,262.27
2011-11-14,12.4000001847744,3.9428572016102925,-1.5000000223517418,84.01428696619612,0.0,262.17
2011-11-21,9.100000135600569,2.2000000327825546,-4.000000059604645,92.00000137090683,0.0,261.91
2011-11-28,11.900000177323818,4.928571502012866,0.5000000074505806,80.52857262854066,0.0,261.92
2011-12-05,13.100000195205212,5.442857223962035,-0.9000000134110451,81.01428692149264,17.299999952316284,261.86
2011-12-12,8.400000125169754,3.057142902697836,-1.5000000223517418,79.32857261065926,9.400000005960464,261.96
2011-12-19,10.000000149011612,3.514285766652652,-0.2000000029802322,80.21428690957171,16.900000408291817,262.45
2011-12-26,8.00000011920929,3.6142857681427683,-1.80000002682209,90.27142991657767,22.499999821186066,262.645
2012-01-02,11.800000175833702,5.142857219491686,0.2000000029802322,87.12857272688832,11.799999952316284,262.84
2012-01-09,8.600000128149986,3.5857143391455923,0.4000000059604645,84.14285839668342,33.80000042915344,263.15
2012-01-16,7.700000114738941,2.1285714602896144,-4.000000059604645,86.97142986740384,14.000000193715096,263.41
2012-01-23,5.200000077486038,1.7428571688277381,-3.700000055134296,86.88571558041232,41.5,263.46
2012-01-30,1.5000000223517418,-2.714285754731723,-8.50000012665987,87.48571558935302,3.800000049173832,263.41
2012-02-06,-5.000000074505806,-11.88571446282523,-19.30000028759241,79.30000118166208,0.2000000029802322,262.91
2012-02-13,-3.1000000461936,-10.857143018926893,-19.500000290572643,83.85714410671166,3.8000000193715096,262.45
2012-02-20,6.000000089406967,0.9142857279096331,-5.500000081956387,85.07142983909164,21.09999966621399,262.54
2012-02-27,10.600000157952309,3.6571429116385326,-4.000000059604645,81.84285836241075,11.399999886751175,262.61
2012-03-05,10.000000149011612,5.6571429414408545,-0.5000000074505806,83.84285839221307,2.700000025331974,262.94
2012-03-12,9.00000013411045,4.100000061094761,-2.800000041723252,79.80000118911266,9.899999737739563,262.95
2012-03-19,21.1000003144145,8.21428583668811,1.5000000223517418,69.44285817763635,3.0,262.98
2012-03-26,17.30000025779009,8.757142987634454,0.2000000029802322,71.15714391746691,0.0,262.755
2012-04-02,17.50000026077032,6.757142957832132,-1.0000000149011612,74.18571539116758,6.199999988079071,262.53
2012-04-09,16.100000239908695,4.228571491582053,-2.7000000402331352,78.25714402326516,6.600000001490116,262.41
2012-04-16,17.30000025779009,7.700000114738941,0.0,74.22857253466334,8.800000227987766,261.96
2012-04-23,15.600000232458116,8.157142978693757,-1.700000025331974,65.37142954553876,9.099999815225601,262.11
2012-04-30,29.800000444054604,16.014285952917167,5.200000077486038,57.62857228730406,3.900000095367432,261.47
2012-05-07,27.200000405311584,13.157143053199563,3.500000052154064,80.22857262407031,20.49999988079071,261.56
2012-05-14,28.60000042617321,14.12857163910355,1.600000023841858,67.55714386382273,6.599999904632568,261.4
2012-05-21,26.30000039190054,13.142857338700976,1.80000002682209,59.60000088810921,3.5,260.95
2012-05-28,28.80000042915344,18.17142884220396,7.900000117719173,58.70000087469816,1.300000049173832,260.965
2012-06-04,23.300000347197056,12.628571616751808,6.200000092387199,77.41428686784846,41.499999046325684,260.98
2012-06-11,23.300000347197056,14.457143072571073,4.200000062584877,74.01428681718451,5.100000061094761,261.42
2012-06-18,30.800000458955765,16.5714288183621,7.400000110268593,75.04285826108286,8.599999956786633,261.29
2012-06-25,25.100000374019142,16.65714310535363,10.600000157952309,77.67142972882304,29.80000038444996,260.94
2012-07-02,31.000000461936,18.828571709139005,8.300000123679638,77.52857258383717,24.399999380111694,261.54
2012-07-09,26.50000039488077,18.51428599017007,13.40000019967556,84.90000126510859,46.00000023841858,261.96
2012-07-16,23.500000350177288,15.614285946956702,8.50000012665987,77.74285830131599,42.30000019073486,262.23
2012-07-23,24.600000366568565,15.757143091942583,8.00000011920929,75.37142969455037,3.3000000044703484,262.29
2012-07-30,31.20000046491623,21.728571752352373,10.80000016093254,65.71428669350487,7.199999816715717,261.8
2012-08-06,29.800000444054604,19.95714315452746,12.300000183284284,70.54285819402763,7.099999815225601,261.55
2012-08-13,22.600000336766243,15.842857378934111,8.00000011920929,68.64285816571542,0.6000000238418578,261.55
2012-08-20,36.80000054836273,20.414286018482276,9.500000141561031,58.457143728222164,0.800000011920929,261.59
2012-08-27,30.500000454485416,19.128571713609354,11.30000016838312,72.44285822233984,22.300000190734863,261.575
2012-09-03,27.3000004068017,16.957143109823978,9.100000135600569,76.84285828790495,10.099999815225601,261.56
2012-09-10,29.800000444054604,16.957143109823978,8.400000125169754,71.3000010624528,2.400000095367432,261.49
2012-09-17,28.50000042468309,14.385714500078134,6.000000089406967,75.18571540606874,18.000000417232513,261.4
2012-09-24,24.300000362098217,11.771428746836525,4.000000059604645,74.94285825959274,16.600000381469727,261.44
2012-10-01,23.80000035464764,13.1142859097038,4.700000070035458,74.62857254062381,13.499999821186066,260.93
2012-10-08,20.500000305473804,11.914285891822406,3.700000055134296,76.4142868529473,8.0,260.98
2012-10-15,14.600000217556952,8.014285833707877,2.200000032782554,79.30000118166208,3.099999964237213,260.8
2012-10-22,24.300000362098217,11.642857316349234,2.7000000402331352,77.55714401283434,0.1000000014901161,260.8
2012-10-29,9.500000141561031,3.7714286276272366,-4.000000059604645,93.12857281629529,22.69999983906746,261.12
2012-11-05,11.400000169873238,6.285714379378727,0.2000000029802322,83.47142981524978,8.999999970197678,261.02
2012-11-12,10.100000150501728,6.742857243333544,2.200000032782554,86.00000128149986,14.699999906122684,261.25
2012-11-19,9.100000135600569,2.728571469230311,-2.800000041723252,89.97142991210733,0.8999999761581421,261.3
2012-11-26,13.500000201165676,6.000000089406967,-0.4000000059604645,84.10000125318766,0.6000000238418579,261.73
2012-12-03,8.900000132620335,1.2857143048729216,-5.500000081956387,92.95714424231222,55.90000033378601,262.16
2012-12-10,2.3000000342726707,-3.285714334675244,-11.500000171363354,87.971429882305,25.19999995827675,262.52
2012-12-17,6.000000089406967,-0.21428571747882033,-9.80000014603138,87.71428702133042,15.499999701976776,262.52
2012-12-24,12.000000178813934,2.9714286157063077,-3.200000047683716,94.20000140368938,38.30000028759241,263.15
2012-12-31,14.500000216066836,6.157142948891435,-1.5000000223517418,75.54285826853344,7.599999882280827,263.13
2013-01-07,8.900000132620335,5.6571429414408545,2.200000032782554,90.27142991657767,41.80000081658363,263.48
2013-01-14,5.700000084936619,-0.4285714349576405,-8.400000125169754,92.14285851589271,18.900000274181366,263.17
2013-01-21,-1.100000016391277,-5.642857226942267,-8.50000012665987,91.48571564895767,6.200000032782555,263.14
2013-01-28,3.700000055134296,-5.714285799435207,-14.300000213086603,87.15714415588549,2.0,263.17
2013-02-04,12.4000001847744,3.8142857711230005,-2.7000000402331352,86.04285842499563,34.80000019073486,263.2
2013-02-11,6.500000096857548,-1.8000000268220901,-8.600000128149986,86.28571557147163,8.2999999076128,263.42
2013-02-18,2.7000000402331352,-1.5142857368503297,-5.700000084936619,91.82857279692378,4.799999952316284,263.16
2013-02-25,1.100000016391277,-2.600000038743019,-6.500000096857548,95.57142999555383,25.199999749660492,263.37
2013-03-04,6.800000101327896,0.41428572045905243,-3.700000055134296,89.67142990763698,1.3000000044703484,263.34
2013-03-11,12.90000019222498,1.8285714558192663,-5.700000084936619,84.35714411416224,8.099999964237213,263.48
2013-03-18,4.000000059604645,-3.6714286261371205,-12.000000178813934,78.40000116825104,16.100000023841858,263.25
2013-03-25,3.1000000461936,-3.428571479661124,-12.000000178813934,76.81428685890776,3.9999999180436134,263.26
2013-04-01,3.000000044703484,-1.8285714558192663,-7.500000111758709,77.257144008364,6.600000202655792,263.03
2013-04-08,8.300000123679638,0.45714286395481657,-5.000000074505806,77.97142973329339,1.5000000074505806,263.1
2013-04-15,22.100000329315662,9.785714431532792,0.800000011920929,72.32857250635114,12.200000002980232,263.16
2013-04-22,25.300000376999375,12.857143048729215,2.800000041723252,65.05714382656983,0.7000000029802322,262.88
2013-04-29,24.100000359117985,11.95714303531817,1.80000002682209,72.10000107437372,18.199999809265137,262.86
2013-05-06,20.800000309944156,11.214285881391593,5.200000077486038,79.5285726136395,11.100000336766245,262.37
2013-05-13,21.300000317394733,13.314285912684031,3.700000055134296,81.61428693043334,12.299999959766865,262.79
2013-05-20,24.600000366568565,15.542857374463763,7.500000111758709,69.6142867516194,17.800000190734863,262.73
2013-05-27,17.00000025331974,8.585714413651399,1.80000002682209,85.1142869825874,47.90000140666962,263.16
2013-06-03,17.80000026524067,10.828571589929718,6.500000096857548,94.64285855314562,131.5999994277954,263.59
2013-06-10,24.300000362098217,14.928571651024479,5.200000077486038,82.41428694235427,27.799999803304672,263.12
2013-06-17,26.100000388920307,17.257143114294326,8.50000012665987,70.35714390554598,3.799999952316284,262.91
2013-06-24,32.70000048726797,20.81428602444274,13.100000195205212,72.957143944289,20.199999809265137,262.75
2013-07-01,24.00000035762787,12.914285906723567,5.700000084936619,80.50000119954348,28.50000038743019,263.16
2013-07-08,25.50000037997961,18.771428851144655,11.900000177323818,74.97142968858991,0.1000000014901161,262.02
2013-07-15,27.000000402331352,16.485714531370572,9.900000147521496,75.38571540904897,0.0,261.43
2013-07-22,29.800000444054604,19.871428867535933,11.000000163912771,65.14285811356136,0.0,260.51
2013-07-29,34.80000051856041,23.100000344216824,13.40000019967556,65.61428669201476,27.700000286102295,261.46
2013-08-05,34.30000051110983,21.942857469831193,13.800000205636024,70.27142961855445,11.700000420212747,261.0
2013-08-12,31.20000046491623,18.485714561172895,10.000000149011612,77.35714400985411,19.699999809265137,261.2
2013-08-19,27.80000041425228,17.842857408736432,8.300000123679638,64.41428667413336,5.900000095367432,261.01
2013-08-26,24.100000359117985,16.2142859558974,9.400000140070915,70.20000104606152,2.2000000029802322,260.875
2013-09-02,25.300000376999375,15.742857377443995,9.00000013411045,69.40000103414059,4.099999882280827,260.74
2013-09-09,28.200000420212746,17.37142883028303,8.50000012665987,78.17142973627362,15.600000202655792,260.36
2013-09-16,20.60000030696392,12.942857335720744,8.50000012665987,83.90000125020742,5.900000125169754,260.81
2013-09-23,17.100000254809856,11.585714458354882,6.000000089406967,84.91428697960717,3.4999999180436134,260.71
2013-09-30,17.50000026077032,9.828571575028556,2.200000032782554,82.58571551633733,2.7000000998377804,260.79
2013-10-07,16.600000247359276,8.700000129640102,0.4000000059604645,72.10000107437372,0.0,260.81
2013-10-14,18.0000002682209,9.72857157353844,2.7000000402331352,86.75714414992503,34.89999997615814,260.85
2013-10-21,18.6000002771616,10.87142873342548,3.500000052154064,84.71428697662694,7.200000002980232,260.83
2013-10-28,22.30000033229589,15.27142879899059,7.300000108778477,73.47142966623817,6.0,260.84
2013-11-04,15.000000223517418,8.700000129640102,0.9000000134110451,76.82857257340636,5.0000001192092896,260.85
2013-11-11,15.400000229477882,7.700000114738941,0.5000000074505806,85.50000127404928,13.799999833106995,260.79
2013-11-18,7.900000117719173,3.0428571881992474,-0.800000011920929,91.6857156519379,2.600000001490116,260.84
2013-11-25,7.500000111758709,2.7714286127260754,-4.000000059604645,94.85714427062443,14.199999928474426,261.06
2013-12-02,5.900000087916851,1.58571430934327,-5.500000081956387,92.25714423188141,8.999999836087227,261.25
2013-12-09,6.500000096857548,1.9714286008051463,-1.80000002682209,86.18571556998151,23.00000023841858,261.33
2013-12-16,12.000000178813934,3.8000000566244125,-1.80000002682209,87.32857272986855,1.100000023841858,261.67
2013-12-23,13.300000198185444,5.414285794964859,0.0,73.52857252423253,6.5000001192092896,261.37
2013-12-30,11.000000163912771,5.700000084936619,-0.9000000134110451,76.37142970945153,1.700000025331974,261.24
2014-01-06,9.80000014603138,4.3142857785735815,-1.5000000223517418,79.60000118613243,6.0,261.25
2014-01-13,12.4000001847744,5.585714368947914,-2.200000032782554,79.0428583206875,3.9999998658895493,261.19
2014-01-20,7.000000104308128,2.4285714647599628,-1.700000025331974,94.02857282970633,14.599999502301214,261.47
2014-01-27,3.000000044703484,-4.8571429295199255,-13.100000195205212,96.52857286695924,6.60000005364418,261.48
2014-02-03,5.000000074505806,-0.7000000104308128,-6.400000095367432,88.02857274029937,0.6000000238418579,261.49
2014-02-10,14.800000220537186,4.100000061094761,-2.0000000298023224,71.77142964090619,0.0,261.42
2014-02-17,11.000000163912771,4.985714360007218,-0.4000000059604645,71.95714392938784,5.3999998569488525,261.55
2014-02-24,12.300000183284284,5.214285791984627,0.2000000029802322,75.00000111758709,4.799999952316284,261.52
2014-03-03,13.90000020712614,5.171428648488862,-0.2000000029802322,76.27142970796142,0.3000000119209289,261.31
2014-03-10,17.30000025779009,6.057142947401319,-1.3000000193715096,77.21428686486823,0.1000000014901161,261.36
2014-03-17,16.50000024586916,7.71428582923753,0.2000000029802322,69.04285817167589,8.199999809265137,261.18
2014-03-24,20.30000030249357,9.057142992104803,1.3000000193715096,72.80000108480453,7.900000065565109,261.21
2014-03-31,19.30000028759241,7.014285818806717,-0.9000000134110451,79.62857261512961,2.0,261.01
2014-04-07,22.30000033229589,12.128571609301227,4.200000062584877,72.61428679632289,0.2000000029802322,261.22
2014-04-14,18.100000269711018,8.85714298912457,0.9000000134110451,74.41428682314498,11.099999979138374,261.22
2014-04-21,18.6000002771616,7.757142972733293,-1.0000000149011612,76.20000113546848,12.300000190734863,261.04
2014-04-28,22.500000335276127,13.942857350621905,6.70000009983778,79.0428583206875,5.400000095367432,261.11
2014-05-05,21.1000003144145,8.971428705113274,0.0,79.02857260618892,6.699999928474426,261.01
2014-05-12,21.60000032186508,12.371428755777222,5.000000074505806,70.44285819253751,13.200000002980232,261.19
2014-05-19,22.100000329315662,10.142857293997492,4.000000059604645,81.97142979289804,34.60000029206276,261.06
2014-05-26,28.700000427663326,18.114285984209605,9.900000147521496,68.38571530474084,14.400000095367432,261.485
2014-06-02,20.000000298023224,12.17142875279699,5.700000084936619,81.02857263599124,81.50000038743019,261.91
2014-06-09,32.70000048726797,19.028571712119238,7.000000104308128,60.271429469542845,0.1000000014901161,261.38
2014-06-16,32.00000047683716,16.800000250339508,7.500000111758709,74.82857254360404,3.0999999940395355,261.24
2014-06-23,23.80000035464764,13.942857350621905,7.400000110268593,73.12857251827207,1.800000049173832,261.07
2014-06-30,24.100000359117985,14.442857358072485,7.000000104308128,79.20000118017197,31.900000154972076,260.42
2014-07-07,30.300000451505184,19.428571718079702,8.100000120699406,61.571429488914355,3.1999999061226845,260.21
2014-07-14,26.600000396370888,16.614285961857863,9.500000141561031,83.75714410522154,35.69999931007624,260.32
2014-07-21,33.20000049471855,22.342857475791657,13.600000202655792,60.51428661601884,0.4000000059604645,260.41
2014-07-28,28.700000427663326,20.071428870516165,14.500000216066836,73.64285824022123,19.500000059604645,260.44
2014-08-04,29.800000444054604,20.0285717270204,12.500000186264517,78.41428688274962,29.099999219179153,260.47
2014-08-11,28.80000042915344,19.557143148566997,12.800000190734863,70.77142962600503,3.899999976158142,260.88
2014-08-18,22.30000033229589,15.500000230967999,11.000000163912771,74.2714296781591,22.099999763071537,260.38
2014-08-25,20.30000030249357,13.314285912684031,6.500000096857548,69.64285818061659,14.69999996572733,260.41
2014-09-01,22.100000329315662,14.70000021904707,7.500000111758709,81.58571550143617,27.700000524520874,260.54
2014-09-08,26.80000039935112,16.91428596632821,11.30000016838312,84.642858404134,12.600000388920309,260.42
2014-09-15,22.30000033229589,15.000000223517418,10.900000162422655,89.80000133812428,43.700000286102295,260.48
2014-09-22,24.100000359117985,16.085714525410108,7.900000117719173,81.52857264344182,25.29999905824661,260.25
2014-09-29,24.100000359117985,12.571428758757454,4.000000059604645,81.1857154954757,4.100000023841858,260.92
2014-10-06,20.30000030249357,13.642857346151557,7.300000108778477,82.84285837731191,2.5,260.8
2014-10-13,24.100000359117985,15.014285938016005,9.900000147521496,81.60000121593475,4.600000098347664,260.32
2014-10-20,21.60000032186508,13.61428591715438,9.00000013411045,84.44285840115377,9.900000050663948,260.55
2014-10-27,14.300000213086603,8.885714418121747,2.7000000402331352,87.67142987783465,22.200000166893005,260.705
2014-11-03,18.6000002771616,9.72857157353844,0.800000011920929,80.42857262705054,0.1000000014901161,260.86
2014-11-10,13.600000202655792,7.728571543736117,2.3000000342726707,85.67142984803233,1.7999999597668648,260.77
2014-11-17,14.100000210106373,8.585714413651399,3.200000047683716,89.185715614685,0.2000000029802322,260.75
2014-11-24,12.90000019222498,4.685714355536869,-0.2000000029802322,89.25714418717793,6.89999994635582,260.6
2014-12-01,7.500000111758709,0.814285726419517,-2.800000041723252,87.18571558488267,0.0,260.68
2014-12-08,5.000000074505806,0.857142869915281,-2.800000041723252,91.85714422592095,5.400000050663948,260.68
2014-12-15,9.80000014603138,3.0000000447034836,-3.6000000536441803,86.94285843840667,15.699999690055847,260.74
2014-12-22,11.900000177323818,5.714285799435207,-0.1000000014901161,83.52857267324414,15.600000262260437,260.83
2014-12-29,10.100000150501728,0.18571428848164473,-9.400000140070915,85.44285841605493,16.700000047683716,262.04
2015-01-05,4.700000070035458,1.1571428743856293,-5.200000077486038,90.10000134259462,14.0,262.48
2015-01-12,14.100000210106373,4.171428633587701,-0.2000000029802322,80.88571549100536,26.40000078827143,262.96
2015-01-19,12.000000178813934,4.071428632097585,-2.600000038743019,77.81428687380892,7.1000000312924385,262.91
2015-01-26,3.1000000461936,-0.45714286395481657,-2.200000032782554,94.02857282970633,10.199999809265137,263.005
2015-02-02,3.6000000536441803,0.6285714379378727,-3.000000044703484,85.17142984058175,7.500000074505806,263.1
2015-02-09,3.200000047683716,-1.771428597824914,-7.000000104308128,86.74285843542644,6.900000244379044,262.98
2015-02-16,8.800000131130219,1.3285714483686857,-3.700000055134296,83.54285838774273,0.3000000119209289,263.15
2015-02-23,9.600000143051147,1.9142857428107942,-2.7000000402331352,79.85714404710701,2.0,262.91
2015-03-02,9.500000141561031,3.2285714766808917,-2.500000037252903,74.42857253764357,8.0,262.8
2015-03-09,14.000000208616257,4.700000070035458,-0.1000000014901161,73.48571538073676,4.100000098347664,262.67
2015-03-16,12.600000187754633,3.7428571986300603,-0.6000000089406967,85.77142984952245,8.300000011920929,262.69
2015-03-23,15.100000225007534,5.000000074505806,-3.9000000581145287,67.85714386829308,0.4000000059604645,262.69
2015-03-30,18.100000269711018,6.98571438980954,1.3000000193715096,75.84285827300378,16.50000025331974,262.65
2015-04-06,12.600000187754633,2.628571467740195,-3.1000000461936,79.22857260916915,24.700000196695328,262.98
2015-04-13,19.80000029504299,9.08571442110198,-2.3000000342726707,67.81428672479731,0.5000000074505806,262.86
2015-04-20,22.100000329315662,8.814285845628806,0.5000000074505806,64.35714381613901,0.3000000119209289,262.54
2015-04-27,20.60000030696392,11.185714452394418,0.1000000014901161,68.85714388319424,15.300000190734863,262.545
2015-05-04,21.60000032186508,9.714285859039851,-0.1000000014901161,71.50000106543303,22.799999952316284,262.55
2015-05-11,22.100000329315662,14.100000210106373,4.400000065565109,66.44285813293287,8.000000178813934,262.36
2015-05-18,26.200000390410423,12.357143041278634,2.600000038743019,67.22857243035521,6.000000007450581,262.22
2015-05-25,19.80000029504299,12.585714473256044,3.500000052154064,69.10000102967024,0.4000000059604645,261.97
2015-06-01,20.30000030249357,12.200000181794167,3.9000000581145287,71.11428677397114,5.300000071525574,261.34
2015-06-08,31.100000463426117,17.885714552232198,7.900000117719173,64.2571438146489,15.700000286102297,261.35
2015-06-15,28.700000427663326,16.171428812401636,8.00000011920929,77.81428687380892,13.899999812245369,261.39
2015-06-22,18.6000002771616,12.342857326780047,6.000000089406967,79.70000118762255,32.60000044107437,261.55
2015-06-29,26.200000390410423,15.34285737148353,8.00000011920929,75.97142970349107,1.7000000104308128,261.26
2015-07-06,35.200000524520874,23.500000350177288,12.500000186264517,60.65714376100472,7.1999999061226845,261.12
2015-07-13,32.20000047981739,16.900000251829624,7.200000107288361,70.85714391299656,16.900000244379044,261.19
2015-07-20,32.00000047683716,20.72857173745121,12.800000190734863,75.47142969604049,28.699999928474426,261.01
2015-07-27,32.80000048875809,20.000000298023224,12.000000178813934,68.67142959471259,17.3999999538064,260.98
2015-08-03,30.600000455975533,17.242857399795735,7.500000111758709,61.24285805544683,0.5,260.95
2015-08-10,37.2000005543232,24.671428939061506,15.000000223517418,57.87142943378006,2.0,260.45
2015-08-17,35.700000531971455,22.128571758312837,14.100000210106373,75.7000011280179,51.30000042915344,260.34
2015-08-24,26.100000388920307,16.942857395325387,9.900000147521496,77.40000115334988,35.200000047683716,260.93
2015-08-31,34.1000005081296,20.342857445989335,10.80000016093254,71.65714392491749,2.700000025331974,260.55
2015-09-07,30.200000450015068,13.90000020712614,6.400000095367432,81.64285835943052,18.100000001490116,261.03
2015-09-14,24.8000003695488,14.271428784089428,5.500000081956387,79.78571547461408,3.999999977648258,261.14
2015-09-21,25.80000038444996,14.671428790049893,9.500000141561031,79.21428689467055,10.699999667704105,261.14
2015-09-28,18.30000027269125,11.500000171363354,4.500000067055225,81.95714407839945,0.9999999776482582,260.59
2015-10-05,21.60000032186508,10.971428734915596,2.200000032782554,76.3000011369586,0.0,260.85
2015-10-12,18.80000028014183,8.57142869915281,-3.000000044703484,84.92857269410577,15.200000025331974,261.05
2015-10-19,8.800000131130219,4.628571497542517,-0.800000011920929,96.51428715246064,27.599999524652958,260.99
2015-10-26,16.100000239908695,8.157142978693757,2.200000032782554,91.65714422294072,5.200000196695328,260.865
2015-11-02,16.800000250339508,7.985714404710701,1.600000023841858,81.87142979140792,0.0,260.74
2015-11-09,17.80000026524067,11.500000171363354,0.800000011920929,79.97142976309571,5.100000113248825,260.81
2015-11-16,15.500000230968,10.30000015348196,4.400000065565109,84.71428697662694,48.100000739097595,260.89
2015-11-23,14.800000220537186,6.000000089406967,-2.200000032782554,86.40000128746033,22.700000375509262,261.85
2015-11-30,9.500000141561031,2.3428571777684346,-3.400000050663948,87.35714415886572,23.90000009536743,262.19
2015-12-07,11.30000016838312,7.000000104308128,1.600000023841858,82.22857265387263,1.1000000014901161,262.34
2015-12-14,14.300000213086603,4.028571488601821,-1.600000023841858,85.92857270900693,5.499999910593033,262.31
2015-12-21,14.900000222027302,8.371428696172577,2.0000000298023224,87.80000130832195,10.600000083446503,262.55
2015-12-28,13.90000020712614,9.300000138580799,2.200000032782554,79.92857261959996,1.5000000298023224,262.535
2016-01-04,8.900000132620335,-0.15714285948446818,-5.200000077486038,84.68571554762977,5.700000047683716,262.52
2016-01-11,6.500000096857548,-0.08571428699152817,-6.000000089406967,88.47142988975558,14.499999836087227,262.41
2016-01-18,5.500000081956387,-0.4000000059604645,-9.600000143051147,90.51428706305367,12.89999969303608,262.62
