Date,TASMAX,TAS,TASMIN,Humidity,Precipitation,GWL
1969-01-13,0.2000000029802322,-4.014285774103233,-10.500000156462193,83.17142981077943,0.5000000074505806,107.5
1969-01-20,6.000000089406967,1.5142857368503297,-5.200000077486038,85.7142869915281,3.3999999165534973,107.43
1969-01-27,6.500000096857548,2.0428571732980862,-2.800000041723252,92.0428585144026,16.39999971538782,107.525
1969-02-03,8.50000012665987,3.7285714841314723,-0.6000000089406967,81.5428583579404,5.900000095367432,107.62
1969-02-10,1.700000025331974,-2.414285750261375,-8.50000012665987,79.5285726136395,3.499999910593033,107.62
1969-02-17,-1.0000000149011612,-6.957142960812364,-14.300000213086603,80.68571548802512,27.10000067949295,107.46
1969-02-24,10.600000157952309,0.857142869915281,-13.600000202655792,83.28571552676814,0.4000000059604645,107.54
1969-03-03,4.500000067055225,0.014285714498587954,-7.500000111758709,84.2857155416693,0.3000000119209289,107.5
1969-03-10,5.200000077486038,-0.4714285784534046,-8.50000012665987,76.20000113546848,0.0,107.61
1969-03-17,9.00000013411045,-0.3142857189689364,-5.000000074505806,86.51428700344903,21.00000023841858,107.74
1969-03-24,3.9000000581145287,0.11428571598870414,-5.200000077486038,75.7000011280179,0.2000000029802322,107.74
1969-03-31,9.500000141561031,2.4285714647599628,-1.3000000193715096,84.41428697215659,15.599999882280827,107.75
1969-04-07,19.10000028461218,6.228571521384375,-3.400000050663948,71.98571535838502,1.399999976158142,107.8
1969-04-14,22.30000033229589,9.042857277606215,-0.2000000029802322,67.41428671883685,23.500000089406967,107.76
1969-04-21,12.90000019222498,3.6571429116385326,-1.3000000193715096,79.1571440366762,13.999999821186066,107.89
1969-04-28,23.500000350177288,11.24285731038877,5.000000074505806,80.17142976607595,41.799999833106995,108.0
1969-05-05,24.50000036507845,13.100000195205212,6.500000096857548,85.6000012755394,23.300000309944153,107.8
1969-05-12,27.000000402331352,14.757143077041421,7.300000108778477,79.0428583206875,2.7999999299645424,107.76
1969-05-19,29.700000442564487,16.528571674866335,6.800000101327896,65.38571526003736,0.4000000059604644,107.86
1969-05-26,23.300000347197056,12.742857332740511,2.800000041723252,68.62857245121684,16.499999716877937,107.845
1969-06-02,23.600000351667404,14.857143078531537,6.500000096857548,72.714286797813,23.800000369548798,107.83
1969-06-09,23.300000347197056,13.071428766208035,6.000000089406967,76.74285828641483,15.70000010728836,107.86
1969-06-16,27.80000041425228,19.857143153037345,6.400000095367432,63.14285808375904,4.9999998807907104,107.75
1969-06-23,27.60000041127205,18.828571709139005,10.600000157952309,75.1000011190772,41.5,107.79
1969-06-30,28.200000420212746,16.5714288183621,9.900000147521496,79.5142868991409,30.99999988079071,107.75
1969-07-07,26.80000039935112,20.0285717270204,8.50000012665987,71.71428678291184,0.4000000059604644,107.65
1969-07-14,23.000000342726707,14.385714500078134,7.800000116229057,76.61428685592753,4.899999976158142,107.6
1969-07-21,30.600000455975533,20.44285744747945,10.100000150501728,65.67142955000911,2.900000095367432,107.52
1969-07-28,33.600000500679016,24.400000363588333,16.100000239908695,68.90000102669,0.0,107.455
1969-08-04,32.00000047683716,23.942857499633515,15.000000223517418,56.68571513039725,1.600000023841858,107.39
1969-08-11,30.200000450015068,19.485714576074056,9.100000135600569,58.414286584726405,3.8999999165534973,107.33
1969-08-18,26.200000390410423,17.485714546271733,8.100000120699406,79.37142975415502,20.499999977648258,107.3
1969-08-25,25.50000037997961,15.800000235438347,6.800000101327896,72.2428582193596,10.699999906122684,107.27
1969-09-01,20.60000030696392,13.500000201165676,9.00000013411045,84.90000126510859,49.30000066757202,107.25
1969-09-08,24.100000359117985,14.11428592460496,5.900000087916851,80.42857262705054,0.0,107.31
1969-09-15,26.700000397861004,18.471428846674307,10.500000156462193,72.92857251529183,0.1000000014901161,107.26
1969-09-22,22.500000335276127,13.628571631652969,2.200000032782554,77.85714401730469,5.499999985098839,107.2
1969-09-29,23.600000351667404,12.428571613771576,3.700000055134296,78.4428583117468,1.2000000476837158,107.15
1969-10-06,19.80000029504299,10.957143020417009,4.400000065565109,81.4285726419517,7.100000083446503,107.14
1969-10-13,23.100000344216824,12.042857322309699,3.6000000536441803,78.4428583117468,0.0,107.09
1969-10-20,21.60000032186508,11.342857311878886,2.200000032782554,80.44285834154913,0.0,107.08
1969-10-27,19.60000029206276,10.500000156462193,3.9000000581145287,87.30000130087137,5.899999834597111,107.07
1969-11-03,15.000000223517418,10.185714437493257,5.700000084936619,79.98571547759431,7.399999737739563,107.06
1969-11-10,14.300000213086603,7.400000110268593,-2.500000037252903,73.41428680824382,16.999999575316906,107.06
1969-11-17,17.600000262260437,9.871428718524319,2.0000000298023224,72.05714393087796,0.2000000029802322,107.06
1969-11-24,10.500000156462193,5.600000083446503,0.800000011920929,84.88571555061,9.199999809265137,107.0
1969-12-01,4.400000065565109,-0.45714286395481646,-6.200000092387199,85.82857270751681,10.200000196695328,107.1
1969-12-08,3.200000047683716,-2.842857185219015,-9.600000143051147,86.95714415290526,5.1999999061226845,107.08
1969-12-15,1.3000000193715096,-1.8285714558192663,-10.900000162422655,87.95714416780642,3.799999952316284,107.08
1969-12-22,-1.100000016391277,-10.51428587096078,-24.100000359117985,81.27142978246722,7.999999821186066,107.03
1969-12-29,0.5000000074505806,-5.557142939950738,-15.600000232458116,86.24285842797586,2.8999999538064003,107.0
1970-01-05,1.5000000223517418,-5.628571512443679,-13.600000202655792,87.5000013038516,14.69999984651804,106.98
1970-01-12,4.000000059604645,-2.471428608255727,-14.600000217556952,83.98571553719896,0.0,106.97
1970-01-19,5.000000074505806,-3.2285714766808917,-11.000000163912771,86.60000129044056,2.400000013411045,106.97
1970-01-26,2.800000041723252,-2.9857143302048956,-10.500000156462193,85.70000127702951,1.200000025331974,106.985
1970-02-02,4.000000059604645,-4.61428578304393,-17.50000026077032,84.8714298361114,17.50000035762787,107.0
1970-02-09,5.4000000804662704,1.8428571703178542,-6.000000089406967,85.90000128000975,8.799999982118607,107.09
1970-02-16,4.400000065565109,-1.814285741320678,-10.400000154972076,82.18571551037687,10.000000156462193,107.22
1970-02-23,5.900000087916851,0.05714285799435207,-5.700000084936619,88.62857274924006,31.100000202655792,107.3
1970-03-02,4.000000059604645,-1.4428571643573898,-6.70000009983778,89.08571561319488,17.49999976158142,107.49
1970-03-09,6.000000089406967,-1.5571428803460938,-7.500000111758709,83.38571552825826,30.199999749660492,107.52
1970-03-16,7.000000104308128,-0.057142857994352,-9.500000141561031,82.77142980481896,0.8999999761581421,107.62
1970-03-23,11.400000169873238,4.528571496052401,-0.1000000014901161,83.1000012382865,5.400000035762787,108.01
1970-03-30,10.000000149011612,2.7000000402331352,-3.000000044703484,84.21428696917636,9.500000238418579,107.98
1970-04-06,13.100000195205212,3.38571433616536,-1.80000002682209,82.34285836986133,6.999999947845936,107.96
1970-04-13,10.30000015348196,4.628571497542517,-1.80000002682209,82.04285836539098,38.80000165104866,107.8
1970-04-20,18.6000002771616,9.385714425572328,0.2000000029802322,81.72857264642205,16.100000001490116,108.01
1970-04-27,15.800000235438349,10.87142873342548,3.200000047683716,76.40000113844872,4.600000038743019,107.915
1970-05-04,15.000000223517418,6.228571521384375,0.2000000029802322,83.81428696321589,29.000000298023224,107.82
1970-05-11,25.300000376999375,16.328571671886102,2.7000000402331352,66.91428671138627,7.300000190734863,107.82
1970-05-18,20.10000029951334,13.014285908213683,3.500000052154064,75.72857255701508,7.000000104308128,107.84
1970-05-25,21.800000324845318,12.185714467295579,3.9000000581145287,70.98571534348386,11.499999940395355,107.91
1970-06-01,18.6000002771616,12.214285896292754,7.300000108778477,85.64285841903516,41.40000057220459,107.91
1970-06-08,26.100000388920307,16.028571667415754,5.000000074505806,74.34285825065204,5.400000028312206,107.84
1970-06-15,26.600000396370888,18.257143129195487,7.000000104308128,68.55714387872389,11.100000381469728,107.83
1970-06-22,31.80000047385693,21.75714318134955,9.600000143051147,56.742857988391606,8.699999809265137,107.68
1970-06-29,29.800000444054604,20.52857173447098,10.80000016093254,72.32857250635114,16.700000286102295,107.67
1970-07-06,24.100000359117985,15.671428804951054,9.100000135600569,71.80000106990337,8.700000047683716,107.57
1970-07-13,30.100000448524952,20.857143167938506,10.400000154972076,66.12857241396394,5.800000190734863,107.52
1970-07-20,26.700000397861004,15.871428807931286,9.500000141561031,74.5142868246351,5.200000077486038,107.45
1970-07-27,28.60000042617321,17.185714541801385,9.500000141561031,70.91428677099091,12.699999809265137,107.545
1970-08-03,30.00000044703484,20.88571459693568,12.000000178813934,76.12857256297555,57.59999857097864,107.64
1970-08-10,29.800000444054604,20.414286018482276,11.500000171363354,80.21428690957171,15.700000025331974,107.6
1970-08-17,28.700000427663326,17.2857145432915,7.500000111758709,76.68571542842048,8.499999836087227,107.54
1970-08-24,27.80000041425228,15.885714522429875,9.00000013411045,83.54285838774273,33.399998903274536,107.48
1970-08-31,26.30000039190054,16.685714534350804,8.00000011920929,76.48571542544025,0.0,107.48
1970-09-07,23.000000342726707,14.728571648044246,7.500000111758709,76.51428685443742,10.0,107.42
1970-09-14,30.100000448524952,17.171428827302798,7.400000110268593,73.45714395173958,5.400000125169754,107.38
1970-09-21,27.3000004068017,15.614285946956702,8.400000125169754,77.15714400687388,1.399999976158142,107.29
1970-09-28,17.100000254809856,8.742857273135867,0.800000011920929,80.72857263152089,3.5,107.27
1970-10-05,18.6000002771616,10.185714437493257,1.100000016391277,85.85714413651398,43.09999996423721,107.36
1970-10-12,22.100000329315662,13.200000196695328,8.100000120699406,87.55714416184595,0.0,107.3
1970-10-19,14.500000216066836,8.100000120699406,-1.700000025331974,83.74285839072296,4.300000011920929,107.26
1970-10-26,11.800000175833702,6.571428669350488,0.5000000074505806,89.47142990465674,19.29999977350235,107.335
1970-11-02,14.500000216066836,10.200000151991844,1.700000025331974,83.51428695874554,24.600000359117985,107.41
1970-11-09,16.00000023841858,5.985714374908379,-2.7000000402331352,83.40000124275684,16.399999618530273,107.48
1970-11-16,13.90000020712614,6.285714379378727,1.3000000193715096,84.81428697811705,10.200000122189522,107.51
1970-11-23,11.500000171363354,6.157142948891435,0.1000000014901161,85.41428698705775,9.399999976158142,107.49
1970-11-30,12.000000178813934,5.357142936970506,-1.3000000193715096,86.21428699897868,3.2000000551342964,107.49
1970-12-07,10.400000154972076,5.714285799435207,0.2000000029802322,86.48571557445186,12.999999940395355,107.48
1970-12-14,6.000000089406967,3.4714286231568883,-2.200000032782554,91.64285850844213,1.500000037252903,107.51
1970-12-21,6.800000101327896,2.3142857487712587,-0.800000011920929,90.25714420207909,5.80000014603138,107.45
1970-12-28,0.9000000134110451,-3.4714286231568883,-7.700000114738941,88.62857274924006,8.600000083446503,107.445
1971-01-04,-1.3000000193715096,-9.58571442855256,-21.300000317394733,80.67142977352653,11.100000202655792,107.44
1971-01-11,3.400000050663948,-6.657142956342016,-18.30000027269125,80.52857262854066,0.0,107.39
1971-01-18,5.200000077486038,0.38571429146187647,-5.4000000804662704,80.34285834005901,1.5999999642372131,107.4
1971-01-25,10.100000150501728,4.414285780063698,-1.100000016391277,81.97142979289804,6.499999821186066,107.43
1971-02-01,12.10000018030405,4.371428636567933,-2.800000041723252,83.35714409926108,9.299999862909317,107.62
1971-02-08,6.000000089406967,1.757142883326326,-4.500000067055225,91.97142994190965,4.999999955296516,107.57
1971-02-15,8.50000012665987,4.385714351066521,-2.7000000402331352,86.50000128895044,1.8000000268220901,107.54
1971-02-22,8.50000012665987,2.9857143302048956,-2.800000041723252,88.1000013127923,3.3999999463558197,107.5
1971-03-01,4.700000070035458,-1.8857143138136183,-9.900000147521496,88.91428703921181,18.699999690055847,107.56
1971-03-08,2.500000037252903,-7.300000108778477,-15.400000229477882,78.71428688721997,4.399999976158142,107.49
1971-03-15,13.100000195205212,2.2428571762783185,-5.700000084936619,76.9000011458993,6.100000001490116,107.55
1971-03-22,19.80000029504299,8.085714406200818,-0.1000000014901161,78.5571440277355,3.700000025331974,107.56
1971-03-29,10.500000156462193,4.414285780063698,-1.700000025331974,83.02857266579356,1.3999999910593033,107.47
1971-04-05,19.10000028461218,9.157142993594919,2.200000032782554,80.97142977799687,10.899999812245369,107.45
1971-04-12,18.0000002682209,9.342857282076563,3.400000050663948,83.14285838178226,0.8999999761581421,107.47
1971-04-19,21.800000324845318,9.600000143051147,-2.3000000342726707,64.27142952914748,6.400000095367432,107.46
1971-04-26,23.300000347197056,10.000000149011612,0.800000011920929,74.68571539861816,24.800000190734863,107.435
1971-05-03,15.900000236928465,6.3000000938773155,-0.9000000134110451,74.35714396515063,1.100000023841858,107.41
1971-05-10,23.80000035464764,13.085714480706624,0.1000000014901161,69.77142961110387,3.700000047683716,107.41
1971-05-17,30.800000458955765,19.47142886157547,7.500000111758709,66.12857241396394,0.2000000029802322,107.37
1971-05-24,32.30000048130751,17.114285969308444,9.900000147521496,78.84285831770727,21.600000239908695,107.35
1971-05-31,22.100000329315662,14.757143077041421,8.100000120699406,87.71428702133042,12.499999910593033,107.29
1971-06-07,27.60000041127205,18.628571706158773,11.400000169873238,80.77142977501664,10.00000013411045,107.24
1971-06-14,22.30000033229589,15.34285737148353,9.00000013411045,82.90000123530626,16.999999932944775,107.23
1971-06-21,19.30000028759241,12.67142876024757,7.000000104308128,82.51428694384438,16.799999833106995,107.19
1971-06-28,26.50000039488077,16.171428812401636,7.500000111758709,75.07142969008002,19.70000010728836,107.28
1971-07-05,25.300000376999375,15.585714517959527,7.700000114738941,76.20000113546848,34.69999980926514,107.26
1971-07-12,30.800000458955765,22.171428901808603,11.800000175833702,64.47142953212771,0.0,107.19
1971-07-19,21.800000324845318,15.942857380424227,5.000000074505806,65.61428669201476,2.800000049173832,107.14
1971-07-26,30.600000455975533,19.97142886902605,9.00000013411045,59.05714373716286,0.0,107.085
1971-08-02,33.70000050216913,23.757143211151874,12.000000178813934,58.542858015213696,4.599999904632568,107.03
1971-08-09,34.1000005081296,21.82857175384249,11.000000163912771,59.028572308165685,4.400000102818012,107.01
1971-08-16,31.600000470876694,20.842857453439915,11.000000163912771,57.171429423349245,4.0000001192092896,106.97
1971-08-23,32.70000048726797,19.928571725530283,7.500000111758709,65.05714382656983,32.799999475479126,106.97
1971-08-30,24.50000036507845,16.600000247359276,4.700000070035458,73.70000109821558,10.600000001490116,106.87
1971-09-06,26.00000038743019,16.542857389364922,9.3000001385808,69.94285818508693,1.7000000476837158,106.96
1971-09-13,20.30000030249357,11.757143032337938,2.7000000402331352,80.25714405306748,10.100000217556953,106.96
1971-09-20,19.000000283122063,9.57142871405397,0.2000000029802322,82.71428694682461,16.3999999538064,106.96
1971-09-27,24.8000003695488,14.428571643573898,5.700000084936619,77.22857257936683,10.79999989271164,106.96
1971-10-04,23.600000351667404,12.285714468785695,5.4000000804662704,86.12857271198716,20.89999920129776,106.96
1971-10-11,21.60000032186508,10.557143014456544,-1.0000000149011612,69.70000103861094,0.2000000029802322,106.96
1971-10-18,22.100000329315662,7.928571546716349,-3.1000000461936,79.5285726136395,16.700000382959843,106.96
1971-10-25,18.80000028014183,12.228571610791343,4.700000070035458,77.31428686635834,3.399999976158142,106.96
1971-11-01,12.000000178813934,5.342857222471919,-1.3000000193715096,84.74285840562412,0.1000000014901161,106.96
1971-11-08,17.00000025331974,9.242857280586447,2.600000038743019,77.24285829386541,0.3000000044703483,106.92
1971-11-15,9.600000143051147,3.9428572016102925,-0.6000000089406967,89.08571561319488,14.999999716877937,106.9
1971-11-22,10.900000162422655,1.600000023841858,-8.300000123679638,85.44285841605493,31.300000071525574,107.02
1971-11-29,7.300000108778477,2.1714286037853787,-3.9000000581145287,86.11428699748856,5.500000104308128,107.05
1971-12-06,7.500000111758709,4.3142857785735815,2.0000000298023224,91.78571565342801,4.5999999940395355,107.05
1971-12-13,8.400000125169754,3.985714345106057,-3.6000000536441803,90.05714419909886,32.70000076293945,107.23
1971-12-20,8.600000128149986,5.128571504993098,-1.700000025331974,84.62857268963542,8.5,107.26
1971-12-27,12.600000187754633,6.085714376398495,-0.4000000059604645,90.11428705709321,14.200000286102295,107.27
1972-01-03,7.000000104308128,0.9857143004025731,-2.500000037252903,89.28571561617511,1.699999988079071,107.28
1972-01-10,6.200000092387199,0.1285714304872922,-5.200000077486038,91.42857279096332,6.300000190734863,107.3
1972-01-17,0.9000000134110451,-5.757142942930971,-14.800000220537186,78.6857154582228,0.0,107.28
1972-01-24,3.000000044703484,-2.0000000298023224,-13.40000019967556,85.34285841456482,5.5000001937150955,107.22
1972-01-31,3.000000044703484,-4.528571496052401,-12.500000186264517,87.18571558488267,8.30000002682209,107.17
1972-02-07,4.700000070035458,-1.4571428788559777,-10.80000016093254,81.81428693341357,0.0,107.15
1972-02-14,7.900000117719173,2.485714322754315,-2.600000038743019,87.44285844585725,2.399999976158142,107.14
1972-02-21,9.3000001385808,3.1428571896893636,-1.700000025331974,83.74285839072296,0.0,107.15
1972-02-28,9.500000141561031,4.571428639548166,-1.700000025331974,88.214287028781,0.1000000014901161,107.15
1972-03-06,11.500000171363354,5.128571504993098,1.3000000193715096,82.6285726598331,0.4000000059604645,107.13
1972-03-13,13.600000202655792,3.1285714751907756,-7.500000111758709,78.01428687678916,11.699999809265137,107.13
1972-03-20,19.30000028759241,8.585714413651399,-1.100000016391277,62.97142950977598,0.0,107.12
1972-03-27,17.80000026524067,7.314285823277065,-0.800000011920929,73.17142966176782,4.399999812245369,107.12
1972-04-03,15.500000230968,7.514285826257297,0.6000000089406967,78.54285831323692,24.39999983459711,107.12
1972-04-10,16.800000250339508,10.000000149011612,1.3000000193715096,70.68571533901351,8.60000005364418,107.17
1972-04-17,16.300000242888927,8.585714413651399,2.1000000312924385,78.11428687827927,1.900000050663948,107.17
1972-04-24,15.900000236928465,7.828571545226233,1.0000000149011612,77.014286861888,8.80000002682209,107.16
1972-05-01,21.60000032186508,8.314285838178225,-2.800000041723252,65.6857152645077,1.4999999552965164,107.1
1972-05-08,23.100000344216824,14.042857352112021,6.000000089406967,72.01428678738219,4.0,107.09
1972-05-15,22.800000339746475,10.028571578008789,2.600000038743019,83.32857267026391,12.600000202655792,107.06
1972-05-22,21.60000032186508,11.842857319329466,6.200000092387199,82.60000123083591,34.600000098347664,107.15
1972-05-29,24.300000362098217,14.942857365523066,8.50000012665987,73.85714395770005,16.199999928474426,107.07
1972-06-05,28.60000042617321,15.900000236928463,5.900000087916851,66.17142955745969,4.599999904632568,107.1
1972-06-12,30.300000451505184,17.314285972288676,9.00000013411045,73.25714394875935,28.70000046491623,107.13
1972-06-19,24.8000003695488,15.27142879899059,6.500000096857548,77.78571544481176,3.0999999046325684,107.07
1972-06-26,25.300000376999375,16.62857167635645,7.000000104308128,65.01428668307406,4.5,107.065
1972-07-03,28.200000420212746,17.45714311727456,7.900000117719173,76.25714399346283,25.59999990463257,107.06
1972-07-10,32.100000478327274,20.642857450459683,12.4000001847744,70.1000010445714,10.999999620020388,107.02
1972-07-17,31.70000047236681,19.328571716589586,7.000000104308128,71.21428677546126,0.0,106.97
1972-07-24,33.00000049173832,24.514286079577037,15.800000235438349,68.34285816124508,23.00000039488077,106.92
1972-07-31,26.00000038743019,17.814285979739257,12.800000190734863,80.68571548802512,16.500000454485416,106.92
1972-08-07,29.000000432133675,18.057143126215255,10.500000156462193,71.80000106990337,7.8999999314546585,106.91
1972-08-14,33.30000049620867,21.957143184329784,12.300000183284284,69.45714389213494,19.600000768899918,106.87
1972-08-21,27.80000041425228,15.300000227987766,7.900000117719173,83.78571553421872,49.999998390674584,106.97
1972-08-28,20.800000309944156,14.55714307406119,9.80000014603138,79.74285833111831,8.899999618530273,106.935
1972-09-04,21.60000032186508,13.700000204145908,6.500000096857548,84.62857268963542,6.599999904632568,106.9
1972-09-11,25.100000374019142,16.35714310088328,8.00000011920929,82.48571551484721,9.800000369548798,106.85
1972-09-18,17.100000254809856,10.457143012966428,5.000000074505806,81.38571549845594,3.399999976158142,106.81
1972-09-25,19.000000283122063,9.928571576518673,3.000000044703484,82.67142980332885,13.29999965429306,106.81
1972-10-02,13.300000198185444,7.914285832217762,-0.9000000134110451,85.44285841605493,4.000000007450581,106.81
1972-10-09,19.10000028461218,7.685714400240353,-2.200000032782554,75.78571541500943,0.0,106.78
1972-10-16,18.80000028014183,8.371428696172577,3.1000000461936,85.45714413055352,0.0,106.75
1972-10-23,12.500000186264517,4.814285786024162,-3.000000044703484,84.77142983462129,17.30000001192093,106.75
1972-10-30,15.100000225007534,8.657142986144338,0.4000000059604645,83.61428696023566,11.100000336766245,106.76
1972-11-06,13.40000019967556,8.72857155863728,2.7000000402331352,86.74285843542644,0.5,106.73
1972-11-13,14.600000217556952,8.628571557147163,1.600000023841858,80.72857263152089,9.999999858438969,106.72
1972-11-20,6.900000102818012,2.3285714632698467,-1.3000000193715096,86.4428584309561,15.59999993443489,106.78
1972-11-27,8.900000132620335,3.157142904187952,-1.0000000149011612,82.80000123381615,4.500000059604645,106.77
1972-12-04,9.500000141561031,4.357142922069345,0.2000000029802322,81.08571549398559,0.3000000119209289,106.76
1972-12-11,11.000000163912771,5.542857225452151,0.5000000074505806,79.47142975564513,3.799999989569187,106.73
1972-12-18,6.400000095367432,1.1142857308898653,-5.200000077486038,87.55714416184595,0.0,106.71
1972-12-25,3.000000044703484,-2.3428571777684346,-8.800000131130219,83.11428695278508,0.0,106.71
1973-01-01,4.700000070035458,-0.2571428609745843,-9.00000013411045,69.27142960365329,0.0,106.6
1973-01-08,3.1000000461936,-0.842857155416693,-8.800000131130219,91.9142870839153,1.3000000342726707,106.67
1973-01-15,3.500000052154064,1.2000000178813934,-3.500000052154064,88.15714417078665,2.80000002682209,106.71
1973-01-22,4.700000070035458,-0.11428571598870414,-2.7000000402331352,84.77142983462129,1.800000049173832,106.71
1973-01-29,4.400000065565109,0.7285714394279889,-6.800000101327896,86.65714414843491,12.299999952316284,106.68
1973-02-05,9.900000147521496,3.1428571896893636,-0.5000000074505806,92.02857279990401,8.00000011920929,106.68
1973-02-12,9.00000013411045,4.328571493072169,0.2000000029802322,87.94285845330784,6.499999955296516,106.64
1973-02-19,6.900000102818012,1.528571451348918,-1.3000000193715096,84.85714412161282,3.999999977648258,106.62
1973-02-26,7.800000116229057,1.3428571628672736,-4.000000059604645,91.17142992998872,12.999999940395355,106.72
1973-03-05,11.400000169873238,2.5571428952472552,-6.500000096857548,87.01428701089961,10.90000007301569,106.77
1973-03-12,9.80000014603138,2.3285714632698467,-3.200000047683716,86.75714414992503,2.100000038743019,106.81
1973-03-19,8.400000125169754,2.600000038743019,-4.200000062584877,86.6714298629335,6.499999798834324,106.82
1973-03-26,19.60000029206276,8.528571555657047,-0.5000000074505806,68.94285817018577,0.3000000119209289,106.82
1973-04-02,14.800000220537186,7.814285830727646,-1.600000023841858,77.11428686337811,8.500000096857548,106.82
1973-04-09,13.600000202655792,5.5285715109535625,-1.100000016391277,76.97142971839223,6.299999937415123,106.82
1973-04-16,10.600000157952309,3.357142907168184,-3.000000044703484,82.21428693937403,34.80000042915344,106.9
1973-04-23,14.900000222027302,5.428571509463446,-0.2000000029802322,85.52857270304646,15.400000095367432,106.95
1973-04-30,18.6000002771616,10.428571583969253,0.5000000074505806,69.68571532411235,4.100000098347664,107.0
1973-05-07,28.000000417232517,14.971428794520241,7.500000111758709,76.32857256595578,39.60000045597553,107.14
1973-05-14,19.60000029206276,11.200000166893005,2.200000032782554,73.71428681271416,11.100000001490116,107.16
1973-05-21,25.80000038444996,13.128571624202388,0.2000000029802322,63.10000094026327,23.29999962449074,107.19
1973-05-28,22.100000329315662,14.685714504548482,4.500000067055225,76.80000114440918,3.7999999299645424,107.19
1973-06-04,27.500000409781933,17.942857410226548,6.70000009983778,69.77142961110387,9.500000193715096,107.19
1973-06-11,21.000000312924385,14.657143075551305,6.70000009983778,82.44285837135145,50.20000010728836,106.99
1973-06-18,29.800000444054604,16.228571670395986,5.500000081956387,71.60000106692314,9.899999618530272,107.26
1973-06-25,27.60000041127205,17.65714312025479,7.200000107288361,73.58571538222688,7.5,107.14
1973-07-02,31.300000466406345,22.000000327825546,11.60000017285347,69.30000103265047,0.4000000059604645,107.13
1973-07-09,31.000000461936,22.228571759802954,13.300000198185444,65.45714383253029,1.100000023841858,107.09
1973-07-16,26.200000390410423,19.200000286102295,8.50000012665987,74.61428682612521,25.599999859929085,107.08
1973-07-23,24.00000035762787,16.900000251829624,11.60000017285347,78.61428688572985,10.900000050663948,107.05
1973-07-30,24.8000003695488,15.471428801970822,9.600000143051147,84.21428696917636,37.700000047683716,107.1
1973-08-06,32.100000478327274,21.000000312924385,11.500000171363354,72.05714393087796,20.000000812113285,107.07
1973-08-13,29.10000043362379,19.042857426617825,9.500000141561031,71.14285820296833,8.20000010728836,107.03
1973-08-20,30.300000451505184,20.542857448969567,9.3000001385808,71.24285820445844,4.799999952316284,106.97
1973-08-27,26.30000039190054,16.171428812401636,4.500000067055225,68.85714388319424,0.4000000059604645,106.97
1973-09-03,27.80000041425228,17.614285976759025,7.000000104308128,74.91428683059556,18.69999986886978,106.97
1973-09-10,32.80000048875809,19.785714580544404,11.500000171363354,73.85714395770005,7.399999916553497,106.93
1973-09-17,26.600000396370888,12.957143050219331,2.800000041723252,76.64285828492471,0.2000000029802322,106.89
1973-09-24,24.300000362098217,14.285714498588018,4.700000070035458,77.42857258234706,2.000000037252903,106.86
1973-10-01,20.60000030696392,11.785714461335115,4.400000065565109,74.58571539712804,1.5,106.82
1973-10-08,22.600000336766243,12.414285899272986,2.3000000342726707,80.58571548653501,0.0,106.68
1973-10-15,17.100000254809856,7.814285830727646,-0.800000011920929,87.11428701238972,21.199999928474426,106.72
1973-10-22,11.900000177323818,6.4571429533617835,0.5000000074505806,86.35714414396456,27.300000227987766,106.81
1973-10-29,12.300000183284284,4.97142864550863,-1.80000002682209,82.54285837284156,1.600000023841858,106.8
1973-11-05,12.800000190734863,4.61428578304393,-4.400000065565109,77.3714297243527,5.099999904632568,106.79
1973-11-12,13.100000195205212,7.300000108778477,3.6000000536441803,84.94285840860435,9.699999921023846,106.83
1973-11-19,9.00000013411045,4.000000059604645,-0.2000000029802322,86.25714414247444,14.099999725818634,106.85
1973-11-26,10.500000156462193,3.8714286291173527,-1.5000000223517418,84.31428697066647,6.599999859929085,106.82
1973-12-03,1.0000000149011612,-4.342857207570757,-10.100000150501728,88.80000132322311,7.900000125169754,106.79
1973-12-10,9.3000001385808,1.2142857323799814,-10.500000156462193,88.47142988975558,18.20000047981739,106.88
1973-12-17,4.000000059604645,1.2857143048729216,-9.3000001385808,86.97142986740384,5.499999947845936,106.96
1973-12-24,8.50000012665987,2.1428571747882024,-3.700000055134296,85.98571556700128,0.2000000029802322,107.0
1973-12-31,6.200000092387199,2.271428605275495,-2.200000032782554,93.04285852930376,0.8999999910593033,106.99
1974-01-07,5.000000074505806,1.0000000149011612,-2.600000038743019,92.65714423784188,15.09999966621399,106.98
1974-01-14,7.900000117719173,3.31428576367242,-0.5000000074505806,86.68571557743209,1.7000000476837158,107.0
1974-01-21,11.60000017285347,6.285714379378727,-0.4000000059604645,89.64285847863981,15.899999886751175,107.07
1974-01-28,9.00000013411045,3.971428630607469,-2.200000032782554,89.85714419611863,2.6000000834465027,107.085
1974-02-04,9.80000014603138,3.8000000566244125,-1.3000000193715096,88.98571561170476,0.0,107.1
1974-02-11,15.600000232458116,5.085714361497334,-2.7000000402331352,83.05714409479073,11.50000011920929,107.1
1974-02-18,13.40000019967556,5.385714365967682,-1.0000000149011612,89.82857276712146,4.200000122189522,107.1
1974-02-25,4.90000007301569,1.714285739830562,-3.9000000581145287,95.27142999108348,29.39999971538782,107.15
1974-03-04,9.00000013411045,2.357142892267023,-4.000000059604645,77.88571544630187,0.0,107.28
1974-03-11,9.600000143051147,2.528571466250079,-0.6000000089406967,82.71428694682461,0.800000011920929,107.28
1974-03-18,15.600000232458116,6.142857234392848,-1.700000025331974,81.48571549994605,12.600000098347664,107.26
1974-03-25,18.80000028014183,9.94285729101726,2.500000037252903,73.0714296602777,0.1000000014901161,107.23
1974-04-01,19.60000029206276,11.52857160036053,2.7000000402331352,70.88571534199374,1.699999988079071,107.2
1974-04-08,18.30000027269125,10.200000151991844,0.2000000029802322,65.11428668456418,0.0,107.16
1974-04-15,23.80000035464764,8.42857155416693,-3.500000052154064,64.44285810313055,5.0,107.15
1974-04-22,14.800000220537186,6.957142960812364,-1.0000000149011612,76.37142970945153,2.700000047683716,107.12
1974-04-29,16.800000250339508,8.042857262705054,-0.9000000134110451,78.58571545673269,5.100000135600567,107.08
1974-05-06,19.500000290572643,11.200000166893005,4.000000059604645,82.20000122487545,13.700000047683716,107.09
1974-05-13,22.30000033229589,11.128571594400066,1.0000000149011612,77.08571543438094,11.900000274181366,107.1
1974-05-20,24.100000359117985,13.742857347641673,3.400000050663948,74.72857254211392,13.899999812245369,107.1
1974-05-27,20.30000030249357,12.500000186264515,2.800000041723252,80.02857262109008,26.40000092983246,107.095
1974-06-03,24.100000359117985,13.671428775148732,4.500000067055225,82.54285837284156,6.1999999061226845,107.09
1974-06-10,20.10000029951334,12.728571618241924,4.000000059604645,73.14285823277065,16.70000010728836,107.04
1974-06-17,25.00000037252903,15.614285946956702,5.700000084936619,79.18571546567338,33.199999906122684,107.09
1974-06-24,22.600000336766243,16.028571667415754,9.00000013411045,80.07142976458583,25.90000019222498,107.08
1974-07-01,26.30000039190054,17.600000262260437,10.000000149011612,81.60000121593475,20.799999810755253,107.1
1974-07-08,21.60000032186508,15.171428797500473,8.400000125169754,80.4714297705463,21.7999999076128,107.1
1974-07-15,23.000000342726707,17.200000256299973,10.30000015348196,80.18571548057454,15.900000035762787,107.09
1974-07-22,25.100000374019142,16.557143103863513,10.100000150501728,79.48571547014373,7.800000071525574,107.04
1974-07-29,26.00000038743019,17.228571685297148,8.600000128149986,74.72857254211392,10.5,107.0
1974-08-05,32.20000047981739,20.614286021462508,11.800000175833702,71.52857249443021,4.800000108778477,106.97
1974-08-12,24.300000362098217,16.00000023841858,7.000000104308128,76.28571542246002,9.69999996572733,106.97
1974-08-19,34.70000051707029,21.714286037853785,13.40000019967556,72.471429651337,21.5,107.0
1974-08-26,27.10000040382147,16.814285964838096,10.80000016093254,82.18571551037687,13.200000382959844,106.965
1974-09-02,27.80000041425228,18.45714313217572,10.100000150501728,74.77142968560968,1.399999976158142,106.93
1974-09-09,27.700000412762165,16.87142882283245,8.900000132620335,73.40000109374523,26.100000083446503,106.91
1974-09-16,27.3000004068017,16.171428812401636,6.500000096857548,79.6428583296282,0.2000000029802322,106.9
1974-09-23,25.80000038444996,13.300000198185444,5.4000000804662704,79.57142975713525,20.399999238550663,106.9
1974-09-30,22.600000336766243,11.01428587841136,5.500000081956387,78.42857259724822,18.20000022649765,106.86
1974-10-07,13.90000020712614,8.35714298167399,1.100000016391277,82.9714298077992,5.8000001683831215,106.86
1974-10-14,12.800000190734863,7.1000001057982445,-0.2000000029802322,87.7428584503276,7.100000150501728,106.83
1974-10-21,11.000000163912771,6.1714286633900235,1.700000025331974,93.78571568323034,63.30000054836273,107.03
1974-10-28,9.500000141561031,5.728571513933795,1.700000025331974,91.42857279096332,60.19999921321869,107.26
1974-11-04,7.000000104308128,4.214285777083465,1.3000000193715096,93.28571567577976,25.40000043064356,107.49
1974-11-11,11.10000016540289,4.500000067055225,-1.80000002682209,86.78571557892221,3.500000134110451,107.65
1974-11-18,14.600000217556952,8.414285839668342,1.80000002682209,77.40000115334988,0.9999999776482582,107.65
1974-11-25,9.500000141561031,5.914285802415439,0.5000000074505806,87.31428701536996,13.000000149011612,107.64
1974-12-02,11.10000016540289,5.071428646998746,2.0000000298023224,89.47142990465674,16.700000166893005,107.67
1974-12-09,11.500000171363354,7.500000111758709,1.3000000193715096,93.44285853526422,59.70000000298023,108.02
1974-12-16,9.900000147521496,2.1857143182839667,-4.200000062584877,87.6285727343389,16.600000202655792,108.09
1974-12-23,8.900000132620335,4.942857216511454,-0.9000000134110451,86.42857271645751,5.399999812245369,107.91
1974-12-30,13.100000195205212,7.371428681271417,-1.3000000193715096,87.54285844734737,29.100000098347664,108.07
1975-01-06,8.400000125169754,5.714285799435207,2.1000000312924385,92.70000138133764,14.499999836087227,108.06
1975-01-13,10.30000015348196,5.014285789004394,-2.600000038743019,87.75714416482619,3.700000107288361,107.94
1975-01-20,10.30000015348196,4.442857209060874,-0.5000000074505806,86.48571557445186,0.1000000014901161,107.87
1975-01-27,8.800000131130219,5.028571503502982,-2.0000000298023224,83.48571552974838,14.2999999076128,107.885
1975-02-03,9.00000013411045,4.785714357026985,1.5000000223517418,91.42857279096332,10.30000014603138,107.9
1975-02-10,10.500000156462193,-0.9571428714053971,-6.500000096857548,90.51428706305367,0.0,107.93
1975-02-17,10.600000157952309,1.9142857428107942,-7.400000110268593,85.31428698556763,5.5,107.89
1975-02-24,8.00000011920929,1.4857143078531538,-4.400000065565109,87.10000129789114,4.099999904632568,107.82
1975-03-03,14.100000210106373,2.728571469230311,-5.000000074505806,81.01428692149264,0.0,107.77
1975-03-10,15.100000225007534,7.700000114738941,-0.2000000029802322,78.42857259724822,0.0,107.77
1975-03-17,10.80000016093254,4.785714357026985,-1.600000023841858,89.58571562064546,6.0,107.71
1975-03-24,8.600000128149986,2.9000000432133675,-6.200000092387199,81.84285836241075,10.300000287592411,107.68
1975-03-31,8.00000011920929,2.9285714722105434,-2.200000032782554,83.2285726687738,8.199999928474426,107.63
1975-04-07,10.000000149011612,4.7285714990326335,-2.7000000402331352,83.42857267175403,9.699999824166298,107.63
1975-04-14,11.10000016540289,5.542857225452151,-1.3000000193715096,80.74285834601947,13.20000022649765,107.63
1975-04-21,15.100000225007534,9.100000135600567,1.5000000223517418,81.28571549696582,18.000000178813934,107.66
1975-04-28,17.600000262260437,10.642857301448073,2.800000041723252,74.87142968709979,0.2000000029802322,107.52
1975-05-05,25.00000037252903,11.828571604830879,3.200000047683716,69.9714296140841,9.499999977648258,107.54
1975-05-12,24.600000366568565,15.242857369993414,7.500000111758709,75.28571540755885,35.700000047683716,107.59
1975-05-19,26.00000038743019,15.871428807931286,2.7000000402331352,76.64285828492471,8.700000382959843,107.54
1975-05-26,17.600000262260437,11.900000177323818,2.200000032782554,70.01428675757987,0.3000000044703483,107.485
1975-06-02,22.800000339746475,12.700000189244747,1.3000000193715096,63.88571523768561,1.7000000476837158,107.43
1975-06-09,24.50000036507845,14.11428592460496,3.200000047683716,61.97142949487482,16.30000028759241,107.38
1975-06-16,26.600000396370888,17.814285979739257,10.400000154972076,81.61428693043334,21.000000059604645,107.38
1975-06-23,28.80000042915344,18.900000281631947,10.80000016093254,80.62857263003077,30.39999983459711,107.35
1975-06-30,28.60000042617321,16.34285738638469,10.30000015348196,77.20000115036964,2.5999999046325684,107.32
1975-07-07,27.700000412762165,20.071428870516165,9.900000147521496,67.37142957534108,10.300000190734863,107.29
1975-07-14,30.800000458955765,22.571428907769068,11.500000171363354,61.47142948742424,1.0999999940395355,107.21
1975-07-21,28.80000042915344,19.314286002091,13.500000201165676,71.85714392789772,12.499999858438969,107.14
1975-07-28,27.10000040382147,17.685714549251966,10.900000162422655,74.54285825363228,2.0999999791383743,107.125
1975-08-04,28.80000042915344,20.928571740431444,12.000000178813934,65.25714382955006,5.300000071525574,107.11
1975-08-11,32.600000485777855,23.957143214132106,12.600000187754633,54.27142938013588,0.0,107.06
1975-08-18,32.100000478327274,19.785714580544404,7.200000107288361,66.90000099688768,6.500000059604645,107.02
1975-08-25,29.800000444054604,17.385714544781617,11.30000016838312,83.2142869542752,28.39999983459711,106.98
1975-09-01,27.000000402331352,18.557143133665836,9.100000135600569,75.7000011280179,2.600000023841858,106.96
1975-09-08,28.000000417232517,17.242857399795735,6.200000092387199,77.257144008364,6.199999809265137,106.96
1975-09-15,25.50000037997961,16.00000023841858,8.600000128149986,72.88571537179607,50.39999908208847,107.04
1975-09-22,30.70000045746565,17.942857410226548,8.600000128149986,80.07142976458583,0.2000000029802322,107.0
1975-09-29,24.100000359117985,17.028571682316915,8.50000012665987,74.91428683059556,2.100000001490116,106.95
1975-10-06,25.600000381469727,15.242857369993414,9.500000141561031,75.32857255105462,8.20000022649765,106.93
1975-10-13,14.000000208616257,6.314285808375904,-0.9000000134110451,87.64285844883749,16.99999976158142,106.94
1975-10-20,17.30000025779009,8.528571555657047,3.200000047683716,89.14285847118923,10.899999976158142,106.96
1975-10-27,15.800000235438349,7.600000113248825,0.2000000029802322,92.84285852632352,6.899999812245369,106.945
1975-11-03,14.600000217556952,6.4285715243646075,-0.800000011920929,83.71428696172578,0.1000000014901161,106.93
1975-11-10,10.600000157952309,6.157142948891435,2.3000000342726707,88.87142989571605,0.0,106.92
1975-11-17,7.500000111758709,2.9857143302048956,-1.100000016391277,85.54285841754505,9.000000193715096,106.92
1975-11-24,8.50000012665987,0.6428571524364608,-8.00000011920929,90.10000134259462,16.100000098347664,106.93
1975-12-01,10.500000156462193,1.8000000268220901,-9.400000140070915,89.6571441931384,5.9000000059604645,106.93
1975-12-08,8.600000128149986,4.642857212041106,0.2000000029802322,87.92857273880925,7.0000001192092896,106.94
1975-12-15,5.4000000804662704,1.4285714498588018,-5.200000077486038,91.5571442214506,1.400000013411045,106.92
1975-12-22,4.700000070035458,-0.800000011920929,-10.500000156462193,88.8142870377217,1.800000011920929,106.94
1975-12-29,7.700000114738941,3.371428621666772,-1.600000023841858,88.35714417376688,8.599999785423279,106.99
1976-01-05,9.500000141561031,2.8714286142161916,-2.7000000402331352,85.41428698705775,19.500000178813934,107.04
1976-01-12,9.400000140070915,5.271428649978978,-3.700000055134296,89.31428704517228,34.30000066757202,107.25
1976-01-19,9.100000135600569,2.3285714632698467,-4.000000059604645,90.85714421101979,22.199999816715717,107.4
1976-01-26,8.00000011920929,1.0857143018926894,-7.400000110268593,87.64285844883749,21.100000023841858,107.45
1976-02-02,2.0000000298023224,-5.4000000804662704,-11.000000163912771,84.32857268516507,0.1000000014901161,107.5
1976-02-09,3.700000055134296,-0.9714285859039852,-7.000000104308128,81.21428692447287,0.0,107.45
1976-02-16,5.900000087916851,-0.12857143048729217,-6.000000089406967,87.1428584413869,10.399999983608723,107.41
1976-02-23,6.900000102818012,1.1285714453884534,-3.6000000536441803,88.51428703325135,0.0,107.37
1976-03-01,14.600000217556952,6.200000092387199,-2.0000000298023224,80.50000119954348,0.4000000059604644,107.42
1976-03-08,6.900000102818012,-0.7857142974223409,-6.500000096857548,80.9428583489997,1.0000000149011612,107.41
1976-03-15,6.400000095367432,0.2000000029802321,-8.00000011920929,79.5142868991409,0.0,107.33
1976-03-22,7.200000107288361,-0.6714285814336367,-8.300000123679638,88.50000131875277,8.700000114738941,107.34
1976-03-29,17.80000026524067,5.4000000804662704,-7.800000116229057,78.77142974521432,4.999999895691872,107.3
1976-04-05,23.000000342726707,10.700000159442425,2.500000037252903,71.14285820296833,2.0,107.27
1976-04-12,16.100000239908695,5.642857226942267,-3.6000000536441803,75.88571541649955,2.700000047683716,107.24
1976-04-19,20.10000029951334,10.842857304428305,1.3000000193715096,74.02857253168311,0.9000000357627869,107.23
1976-04-26,15.800000235438349,5.871428658919675,-3.1000000461936,72.92857251529183,4.799999892711639,107.21
1976-05-03,20.30000030249357,7.071428676801069,-4.000000059604645,65.2142866860543,3.0000000968575478,107.19
1976-05-10,28.200000420212746,16.814285964838096,3.500000052154064,52.65714364179543,0.0,107.14
1976-05-17,27.200000405311584,14.085714495607785,1.600000023841858,61.54285805991718,0.9000000357627869,107.09
1976-05-24,26.50000039488077,14.000000208616257,3.6000000536441803,73.37142966474805,17.100000217556953,107.11
1976-05-31,19.80000029504299,13.071428766208035,5.200000077486038,77.90000116080046,9.200000122189522,107.06
1976-06-07,25.300000376999375,14.014285923114844,5.900000087916851,73.04285823128053,6.5,106.99
1976-06-14,26.30000039190054,18.14285741320678,7.000000104308128,54.9571436760681,0.2000000029802322,106.98
1976-06-21,25.100000374019142,17.185714541801385,6.500000096857548,67.38571528983968,18.89999969303608,106.95
1976-06-28,33.20000049471855,22.585714622267655,9.00000013411045,55.90000083297491,0.0,106.88
1976-07-05,33.5000004991889,23.100000344216824,11.000000163912771,43.47142921920334,0.0,106.88
1976-07-12,29.700000442564487,20.071428870516165,8.50000012665987,57.414286569825244,5.3999998569488525,106.85
1976-07-19,36.10000053793192,24.685714653560094,13.800000205636024,61.91428663688047,10.599999904632568,106.83
1976-07-26,27.500000409781933,18.857143138136184,12.300000183284284,71.95714392938784,4.6000001430511475,106.8
1976-08-02,26.100000388920307,17.014285967818328,8.00000011920929,64.71428667860371,10.900000169873238,106.77
1976-08-09,25.00000037252903,16.65714310535363,8.400000125169754,70.48571533603328,12.600000381469728,106.74
1976-08-16,26.200000390410423,19.10000028461218,8.100000120699406,63.75714380719832,1.3999999538064003,106.72
1976-08-23,24.300000362098217,16.20000024139881,4.90000007301569,71.82857249890056,10.099999815225601,106.74
1976-08-30,29.10000043362379,19.285714573093824,5.700000084936619,63.14285808375904,1.600000023841858,106.62
1976-09-06,23.600000351667404,14.214285926095076,6.800000101327896,72.87142965729747,2.000000052154064,106.67
1976-09-13,28.300000421702865,15.828571664435524,8.100000120699406,65.62857240651336,1.300000049173832,106.7
1976-09-20,20.60000030696392,12.642857331250395,7.900000117719173,83.81428696321589,13.00000047683716,106.7
1976-09-27,25.100000374019142,13.885714492627553,4.200000062584877,76.25714399346283,5.099999904632568,106.7
1976-10-04,20.60000030696392,14.300000213086605,7.800000116229057,89.90000133961439,15.900000095367432,106.7
1976-10-11,23.300000347197056,14.542857359562602,5.500000081956387,80.81428691851241,2.7999999076128006,106.7
1976-10-18,22.800000339746475,10.114285865000316,2.200000032782554,88.64285846373865,18.500000193715096,106.72
1976-10-25,14.800000220537186,7.314285823277065,0.1000000014901161,83.47142981524978,0.0,106.74
1976-11-01,13.500000201165676,5.428571509463446,-1.3000000193715096,87.47142987485442,1.5,106.73
1976-11-08,16.800000250339508,8.21428583668811,0.2000000029802322,85.0000012665987,11.699999988079071,106.74
1976-11-15,14.40000021457672,7.157142963792596,1.600000023841858,89.38571561766523,9.200000122189522,106.74
1976-11-22,6.200000092387199,3.185714333185128,-1.3000000193715096,92.2857156608786,4.700000114738941,106.75
1976-11-29,10.000000149011612,4.342857207570757,-0.5000000074505806,87.10000129789114,8.700000204145908,106.8
1976-12-06,12.10000018030405,3.7571429131286487,-2.7000000402331352,82.15714408137968,3.600000038743019,106.79
1976-12-13,7.900000117719173,2.571428609745843,-0.9000000134110451,88.214287028781,15.699999958276749,106.77
1976-12-20,2.0000000298023224,-1.1571428743856293,-7.200000107288361,90.40000134706497,3.500000096857548,106.75
1976-12-27,4.90000007301569,-0.3428571479661124,-6.900000102818012,86.62857271943774,2.200000025331974,106.775
1977-01-03,4.200000062584877,-3.357142907168184,-14.900000222027302,83.04285838029215,3.5999999046325684,106.8
1977-01-10,3.700000055134296,0.9857143004025731,-4.000000059604645,92.90000138431787,3.799999952316284,106.72
1977-01-17,3.400000050663948,0.5142857219491687,-5.500000081956387,86.47142985995326,0.7000000029802322,106.77
1977-01-24,6.200000092387199,0.2142857174788202,-3.400000050663948,90.28571563107627,1.9000000357627869,106.75
1977-01-31,10.80000016093254,3.17142861868654,-4.500000067055225,88.15714417078665,12.600000001490116,106.75
1977-02-07,8.600000128149986,0.1714285739830562,-11.500000171363354,87.30000130087137,6.199999928474426,106.78
1977-02-14,11.000000163912771,4.285714349576405,-0.6000000089406967,90.15714420058897,8.399999931454659,106.83
1977-02-21,11.800000175833702,5.000000074505806,-0.1000000014901161,85.98571556700128,10.899999991059303,106.86
1977-02-28,13.100000195205212,3.5571429101484164,-4.90000007301569,83.35714409926108,14.399999812245369,106.88
1977-03-07,12.600000187754633,5.6571429414408545,-2.3000000342726707,83.27142981226955,10.899999916553497,106.92
1977-03-14,17.80000026524067,9.014285848609038,0.6000000089406967,80.98571549249547,11.800000250339508,106.95
1977-03-21,18.30000027269125,8.628571557147163,1.0000000149011612,82.75714409032038,14.599999845027924,107.0
1977-03-28,17.100000254809856,8.35714298167399,0.800000011920929,88.88571561021465,12.300000071525574,107.01
1977-04-04,15.000000223517418,3.4857143376554762,-5.900000087916851,73.0857153747763,5.0000001192092896,107.02
1977-04-11,8.900000132620335,3.442857194159712,-1.5000000223517418,83.98571553719896,6.699999928474426,107.04
1977-04-18,14.40000021457672,5.028571503502982,-1.3000000193715096,83.40000124275684,11.899999976158142,107.07
1977-04-25,19.10000028461218,8.742857273135867,-1.3000000193715096,73.78571538520711,13.500000029802322,107.09
1977-05-02,19.500000290572643,11.471428742366177,0.5000000074505806,83.54285838774273,11.000000014901161,107.11
1977-05-09,29.000000432133675,14.300000213086605,4.500000067055225,72.78571537030595,14.399999812245369,107.16
1977-05-16,22.800000339746475,13.928571636123317,6.400000095367432,74.42857253764357,11.899999856948853,107.14
1977-05-23,18.6000002771616,11.714285888842173,2.3000000342726707,75.17142969157014,14.700000241398811,107.16
1977-05-30,22.800000339746475,12.928571621222156,2.0000000298023224,63.45714380272797,0.0,107.11
1977-06-06,17.100000254809856,12.342857326780047,1.600000023841858,74.70000111311674,5.800000071525574,107.06
1977-06-13,30.500000454485416,19.828571724040167,8.400000125169754,72.04285821637937,9.800000041723251,107.06
1977-06-20,30.70000045746565,18.44285741767713,14.600000217556952,86.27142985697303,72.89999985694885,107.15
1977-06-27,26.600000396370888,17.628571691257612,10.500000156462193,76.58571542693036,0.6000000238418579,107.13
1977-07-04,25.600000381469727,18.614285991660186,9.500000141561031,67.70000100880861,2.1999999061226845,107.11
1977-07-11,27.3000004068017,17.671428834753378,11.10000016540289,82.70000123232603,29.499999403953552,107.11
1977-07-18,29.10000043362379,16.91428596632821,8.100000120699406,72.45714393683842,9.800000168383121,107.07
1977-07-25,24.600000366568565,16.87142882283245,11.30000016838312,78.4428583117468,40.39999997615814,107.02
1977-08-01,27.200000405311584,17.42857168827738,10.000000149011612,74.94285825959274,17.000000096857548,107.1
1977-08-08,27.3000004068017,19.214286000600882,12.500000186264517,77.1428582923753,6.700000047683716,107.07
1977-08-15,25.100000374019142,16.514285960367747,12.500000186264517,88.11428702729089,65.39999913424253,107.24
1977-08-22,22.600000336766243,16.2142859558974,9.00000013411045,84.37142982866082,13.600000023841858,107.22
1977-08-29,25.300000376999375,16.728571677846567,7.200000107288361,77.87142973180327,5.100000023841858,107.22
1977-09-05,27.80000041425228,19.01428599762065,11.400000169873238,85.51428698854787,46.39999961853027,107.51
1977-09-12,24.8000003695488,15.20000022649765,8.100000120699406,84.8714298361114,24.39999955892563,107.5
1977-09-19,16.100000239908695,10.028571578008789,2.200000032782554,80.10000119358301,3.700000025331974,107.57
1977-09-26,14.600000217556952,9.485714427062444,1.700000025331974,86.5571441469448,5.80000002682209,107.535
1977-10-03,17.80000026524067,10.471428727465016,1.600000023841858,80.40000119805336,6.599999882280827,107.5
1977-10-10,22.500000335276127,14.328571642083782,5.900000087916851,81.37142978395734,14.300000190734863,107.46
1977-10-17,17.00000025331974,9.985714434513024,2.1000000312924385,84.18571554017919,0.1000000014901161,107.44
1977-10-24,20.800000309944156,10.500000156462193,0.9000000134110451,81.40000121295452,0.8999999761581421,107.37
1977-10-31,16.00000023841858,9.94285729101726,4.000000059604645,92.24285851738283,5.900000028312206,107.35
1977-11-07,17.600000262260437,10.114285865000316,1.100000016391277,81.72857264642205,32.59999990463257,107.46
1977-11-14,17.50000026077032,10.071428721504551,2.3000000342726707,79.42857261214938,25.0,107.56
1977-11-21,10.000000149011612,4.200000062584877,1.3000000193715096,83.65714410373143,4.099999934434891,107.47
1977-11-28,7.400000110268593,2.728571469230311,-3.200000047683716,90.2428584875805,5.80000002682209,107.47
1977-12-05,3.700000055134296,-0.6857142959322248,-6.500000096857548,94.11428711669785,1.0,107.42
1977-12-12,5.500000081956387,0.7857142974223409,-7.500000111758709,85.81428699301821,5.199999809265137,107.41
1977-12-19,6.500000096857548,2.7714286127260754,-2.7000000402331352,93.9428585427148,5.399999812245369,107.37
1977-12-26,14.600000217556952,3.52857148115124,-4.200000062584877,88.62857274924006,2.2999999970197678,107.35
1978-01-02,7.500000111758709,3.7857143421258246,-0.5000000074505806,84.65714411863259,8.599999941885471,107.33
1978-01-09,5.500000081956387,0.4000000059604645,-5.900000087916851,88.35714417376688,9.599999904632568,107.33
1978-01-16,5.000000074505806,1.4285714498588018,-2.500000037252903,86.84285843691656,1.800000049173832,107.39
1978-01-23,3.200000047683716,1.0714285873941012,-4.000000059604645,87.05714415439537,1.7999999523162842,107.35
1978-01-30,5.700000084936619,2.471428608255727,-1.0000000149011612,86.25714414247444,6.100000061094761,107.32
1978-02-06,3.700000055134296,0.014285714498588018,-4.90000007301569,91.0714299284986,2.6000000834465027,107.26
1978-02-13,2.200000032782554,-2.7857143272246634,-10.30000015348196,86.60000129044056,5.099999830126762,107.26
1978-02-20,1.3000000193715096,-4.771428642528398,-14.000000208616257,83.78571553421872,0.6000000163912772,107.25
1978-02-27,14.500000216066836,3.971428630607469,-12.500000186264517,81.48571549994605,2.3999999165534973,107.25
1978-03-06,13.600000202655792,5.642857226942267,-1.3000000193715096,85.31428698556763,0.1000000014901161,107.23
1978-03-13,11.500000171363354,5.414285794964859,-1.80000002682209,80.74285834601947,13.899999737739563,107.24
1978-03-20,12.90000019222498,4.700000070035458,-1.80000002682209,79.70000118762255,19.199999526143074,107.26
1978-03-27,10.30000015348196,4.557142925049577,-1.3000000193715096,78.47142974074397,6.60000017285347,107.285
1978-04-03,21.800000324845318,11.271428739385945,5.000000074505806,79.91428690510136,3.599999964237213,107.31
1978-04-10,17.80000026524067,6.114285805395672,-4.700000070035458,70.47142962153468,4.099999964237213,107.31
1978-04-17,14.000000208616257,5.157142933990274,-1.3000000193715096,77.12857257787671,4.899999812245369,107.29
1978-04-24,19.10000028461218,8.614285842648574,-1.700000025331974,78.78571545971292,0.2000000029802322,107.24
1978-05-01,18.30000027269125,9.900000147521496,-0.4000000059604645,76.50000113993883,26.399999909102917,107.2
1978-05-08,24.100000359117985,12.385714470275811,2.7000000402331352,80.31428691106183,59.60000038146973,107.4
1978-05-15,16.600000247359276,7.242857250784125,-1.80000002682209,78.3142868812595,9.800000205636024,107.51
1978-05-22,23.100000344216824,14.042857352112021,3.9000000581145287,77.65714401432446,3.100000001490116,107.56
1978-05-29,25.300000376999375,16.614285961857863,7.400000110268593,74.30000110715628,9.299999810755253,107.41
1978-06-05,29.800000444054604,20.957143169428623,9.00000013411045,61.1571437684553,1.600000023841858,107.37
1978-06-12,28.700000427663326,16.41428595887763,8.900000132620335,72.07142964537654,9.500000149011612,107.32
1978-06-19,23.80000035464764,14.785714506038598,4.500000067055225,66.48571527642864,7.0000001192092896,107.26
1978-06-26,25.100000374019142,16.057143096412933,8.400000125169754,68.7857153107013,3.6999999284744263,107.225
1978-07-03,25.700000382959843,15.900000236928463,8.00000011920929,75.00000111758709,5.299999929964542,107.19
1978-07-10,20.10000029951334,14.500000216066837,9.100000135600569,75.97142970349107,14.899999991059303,107.1
1978-07-17,24.300000362098217,15.70000023394823,8.50000012665987,71.45714392193726,2.6999999284744263,107.09
1978-07-24,25.00000037252903,15.42857165847506,5.700000084936619,73.48571538073676,7.099999964237213,107.06
1978-07-31,31.80000047385693,23.41428606318576,11.800000175833702,57.357143711830886,0.2000000029802322,106.93
1978-08-07,30.300000451505184,20.642857450459683,13.100000195205212,64.35714381613901,24.49999924004078,106.92
1978-08-14,22.600000336766243,14.771428791540009,9.00000013411045,84.74285840562412,121.50000162422657,107.24
1978-08-21,27.200000405311584,17.21428597079856,8.400000125169754,74.14285824767181,7.300000011920929,107.35
1978-08-28,28.50000042468309,15.085714510508947,7.700000114738941,75.5857154120292,3.399999976158142,107.32
1978-09-04,18.80000028014183,11.871428748326641,7.500000111758709,80.90000120550394,24.399999767541885,107.29
1978-09-11,23.000000342726707,14.514285930565425,6.000000089406967,83.18571552527803,16.50000011920929,107.24
1978-09-18,21.1000003144145,13.871428778128964,8.00000011920929,78.24285830876657,0.8000000268220901,107.22
1978-09-25,22.600000336766243,12.700000189244747,5.500000081956387,84.72857269112554,35.400000765919685,107.22
1978-10-02,16.300000242888927,9.642857286546912,3.6000000536441803,86.65714414843491,18.400000125169754,107.33
1978-10-09,22.800000339746475,11.485714456864766,7.000000104308128,88.214287028781,32.299999952316284,107.51
1978-10-16,23.000000342726707,12.67142876024757,5.200000077486038,83.32857267026391,4.199999809265137,107.48
1978-10-23,12.600000187754633,7.71428582923753,3.200000047683716,88.40000131726265,12.100000262260437,107.52
1978-10-30,13.800000205636024,8.457142983164106,0.5000000074505806,88.64285846373865,11.600000359117985,107.55
1978-11-06,12.10000018030405,6.871428673820836,0.800000011920929,91.62857279394355,0.0,107.5
1978-11-13,9.100000135600569,1.9285714573093824,-3.400000050663948,89.07142989869628,0.0,107.47
1978-11-20,14.000000208616257,8.042857262705054,3.200000047683716,76.01428684698683,0.3000000044703483,107.41
1978-11-27,11.000000163912771,5.928571516914027,-0.6000000089406967,87.35714415886572,2.0999999791383743,107.405
1978-12-04,2.7000000402331352,0.4000000059604644,-4.400000065565109,92.87142995532069,28.0,107.4
1978-12-11,8.50000012665987,-1.1857143033828055,-11.60000017285347,86.57142986144338,8.70000010728836,107.48
1978-12-18,9.600000143051147,3.1000000461935997,-7.000000104308128,87.2571441573756,10.30000002682209,107.5
1978-12-25,9.100000135600569,-0.4000000059604645,-10.900000162422655,91.3142870749746,3.2999999597668648,107.47
1979-01-01,11.60000017285347,-2.1571428892867908,-21.000000312924385,88.67142989273582,38.5000007301569,107.54
1979-01-08,3.400000050663948,-8.585714413651399,-19.30000028759241,85.58571556104081,6.099999822676182,107.53
1979-01-15,3.1000000461936,-0.4000000059604645,-3.1000000461936,90.88571564001697,9.100000023841858,107.55
1979-01-22,-1.100000016391277,-4.228571491582053,-12.500000186264517,92.35714423337153,5.099999904632568,107.55
1979-01-29,4.500000067055225,-0.7285714394279889,-8.400000125169754,88.67142989273582,5.999999955296516,107.7
1979-02-05,5.000000074505806,0.4428571494562285,-5.000000074505806,87.45714416035584,6.300000078976154,107.68
1979-02-12,3.700000055134296,-2.1714286037853787,-10.100000150501728,84.92857269410577,6.599999904632568,107.7
1979-02-19,1.600000023841858,-3.1428571896893636,-8.50000012665987,93.20000138878822,7.500000014901161,107.55
1979-02-26,4.200000062584877,-2.1428571747882024,-8.300000123679638,85.68571556253093,1.300000011920929,107.59
1979-03-05,10.100000150501728,2.5571428952472552,-6.200000092387199,81.31428692596299,7.500000096857548,107.87
1979-03-12,10.100000150501728,3.5571429101484164,-3.200000047683716,85.08571555359023,18.399999767541885,108.0
1979-03-19,8.900000132620335,3.157142904187952,-1.3000000193715096,88.92857275371041,17.899999797344208,107.94
1979-03-26,16.600000247359276,5.871428658919675,-2.1000000312924385,76.10000113397837,0.9000000134110451,107.92
1979-04-02,15.400000229477882,6.100000090897083,0.5000000074505806,84.2857155416693,25.500000186264515,107.9
1979-04-09,10.500000156462193,4.514285781553814,-1.3000000193715096,87.22857272837844,25.40000009536743,107.97
1979-04-16,20.30000030249357,11.314285882881709,-0.6000000089406967,66.94285814038345,1.899999976158142,107.92
1979-04-23,14.300000213086603,6.9428572463137765,0.2000000029802322,77.74285830131599,6.499999977648258,107.93
1979-04-30,15.600000232458116,8.342857267175402,2.7000000402331352,80.75714406051806,5.600000120699406,107.91
1979-05-07,11.800000175833702,5.771428657429559,-0.4000000059604645,75.35714398005179,3.200000047683716,107.86
1979-05-14,21.800000324845318,11.514285885861941,0.5000000074505806,67.91428672628743,4.0,107.81
1979-05-21,28.80000042915344,18.785714565643243,8.00000011920929,64.88571525258678,9.299999743700027,107.75
1979-05-28,27.80000041425228,17.685714549251966,6.200000092387199,65.20000097155571,14.299999572336672,107.69
1979-06-04,32.100000478327274,23.642857495163167,9.600000143051147,53.60000079870224,0.6000000238418579,107.63
1979-06-11,31.300000466406345,18.128571698708193,8.50000012665987,77.04285829088518,35.099999666213996,107.66
1979-06-18,27.700000412762165,16.328571671886102,10.500000156462193,77.52857258383717,58.200000286102295,107.72
1979-06-25,28.60000042617321,19.88571458203452,10.500000156462193,68.95714388468436,0.7000000178813934,107.74
1979-07-02,26.80000039935112,16.84285739383527,7.800000116229057,71.10000105947256,9.200000002980232,107.59
1979-07-09,21.1000003144145,15.442857372973647,6.500000096857548,77.15714400687388,13.600000381469727,107.51
1979-07-16,27.60000041127205,16.42857167337622,9.900000147521496,75.55714398303202,4.9999998807907104,107.45
1979-07-23,23.300000347197056,15.985714523919992,11.500000171363354,75.07142969008002,6.299999989569187,107.4
1979-07-30,26.80000039935112,16.814285964838096,11.400000169873238,81.11428692298276,22.800000190734863,107.34
1979-08-06,25.80000038444996,18.87142885263477,8.50000012665987,72.92857251529183,6.100000023841858,107.3
1979-08-13,27.000000402331352,16.957143109823978,8.50000012665987,73.60000109672546,15.400000013411045,107.27
1979-08-20,30.600000455975533,19.95714315452746,10.400000154972076,70.44285819253751,10.5,107.22
1979-08-27,23.000000342726707,15.42857165847506,9.00000013411045,78.47142974074397,9.39999982714653,107.215
1979-09-03,29.10000043362379,17.028571682316915,10.500000156462193,75.62857255552497,3.5,107.21
1979-09-10,25.700000382959843,15.571428803460938,6.900000102818012,81.70000121742487,6.799999952316284,107.16
1979-09-17,22.800000339746475,13.571428773658615,4.000000059604645,74.47142968113933,0.3000000119209289,107.14
1979-09-24,24.100000359117985,13.085714480706624,7.500000111758709,84.54285840264389,48.2999999076128,107.12
1979-10-01,20.10000029951334,10.200000151991844,1.80000002682209,83.35714409926108,0.700000025331974,107.15
1979-10-08,17.30000025779009,8.814285845628806,0.5000000074505806,74.41428682314498,0.2000000029802322,107.11
1979-10-15,22.800000339746475,12.914285906723567,6.800000101327896,80.4714297705463,0.0,107.07
1979-10-22,17.600000262260437,8.942857276116099,1.80000002682209,87.5000013038516,5.699999816715717,107.05
1979-10-29,10.600000157952309,3.7142857696328844,-2.200000032782554,70.72857248250928,0.1000000014901161,107.03
1979-11-05,10.000000149011612,5.200000077486038,-0.4000000059604645,90.50000134855509,22.39999983459711,107.03
1979-11-12,11.000000163912771,4.557142925049577,-2.800000041723252,83.68571553272861,16.899999871850014,107.09
1979-11-19,5.500000081956387,2.642857182238783,-2.200000032782554,94.4142871211682,25.099999763071537,107.19
1979-11-26,7.700000114738941,2.9142857577119554,-1.0000000149011612,89.35714418866804,3.500000096857548,107.195
1979-12-03,14.100000210106373,8.900000132620335,2.7000000402331352,79.2857154671635,2.500000037252903,107.2
1979-12-10,14.600000217556952,9.185714422592095,2.500000037252903,82.20000122487545,15.69999960064888,107.19
1979-12-17,11.000000163912771,3.5857143391455923,-4.500000067055225,86.12857271198716,30.49999976158142,107.34
1979-12-24,7.200000107288361,1.7428571688277381,-2.200000032782554,90.31428706007344,5.699999809265137,107.37
1979-12-31,5.200000077486038,1.0285714438983373,-4.200000062584877,89.50000133365393,7.800000071525574,107.39
1980-01-07,1.700000025331974,-1.9142857428107942,-11.000000163912771,93.74285853973457,9.299999989569187,107.38
1980-01-14,-0.1000000014901161,-7.428571539265769,-16.00000023841858,90.52857277755227,0.7000000178813933,107.35
1980-01-21,1.5000000223517418,-6.328571522874491,-15.500000230968,89.87142991061721,0.400000013411045,107.35
1980-01-28,5.000000074505806,-1.1000000163912773,-13.300000198185444,89.28571561617511,6.099999964237213,107.355
1980-02-04,8.300000123679638,2.1714286037853787,-6.500000096857548,88.01428702580077,27.200000405311584,107.36
1980-02-11,10.600000157952309,5.814285800925323,-0.5000000074505806,87.10000129789114,17.700000047683716,107.58
1980-02-18,7.000000104308128,2.514285751751491,-2.1000000312924385,89.02857275520053,4.199999883770943,107.69
1980-02-25,9.80000014603138,2.585714324244431,-3.200000047683716,73.65714395471981,0.0,107.68
1980-03-03,7.700000114738941,0.3428571479661124,-4.500000067055225,85.0000012665987,6.700000047683716,107.65
1980-03-10,8.00000011920929,1.8857143138136183,-4.90000007301569,81.4142869274531,12.199999690055847,107.64
1980-03-17,11.000000163912771,3.4857143376554762,-0.9000000134110451,75.85714398750237,0.0,107.64
1980-03-24,6.000000089406967,-0.30000000447034836,-7.500000111758709,74.87142968709979,3.399999976158142,107.6
1980-03-31,15.600000232458116,6.900000102818012,-2.3000000342726707,75.8142868440066,2.2000000178813934,107.56
1980-04-07,13.600000202655792,4.514285781553814,-1.100000016391277,78.95714403369597,33.60000002384186,107.68
1980-04-14,18.6000002771616,6.185714377888611,0.2000000029802322,75.38571540904897,12.299999862909317,107.69
1980-04-21,20.60000030696392,8.128571549696582,0.0,65.38571526003736,3.399999976158142,107.66
1980-04-28,9.00000013411045,3.9428572016102925,-0.5000000074505806,88.77142989422593,49.19999934732914,107.84
1980-05-05,16.800000250339508,7.857142974223409,-2.200000032782554,69.51428675012929,0.0,107.8
1980-05-12,19.30000028759241,10.700000159442425,0.5000000074505806,62.10000092536211,2.600000023841858,107.73
1980-05-19,20.60000030696392,10.457143012966428,-0.6000000089406967,55.2000008225441,0.0,107.63
1980-05-26,22.100000329315662,11.557143029357706,-0.2000000029802322,60.271429469542845,0.0,107.565
1980-06-02,24.300000362098217,13.914285921624728,4.400000065565109,67.15714385786227,0.8999999910593033,107.5
1980-06-09,24.600000366568565,17.228571685297148,8.900000132620335,65.77142955149922,5.099999904632568,107.45
1980-06-16,30.100000448524952,19.25714314409665,11.800000175833702,66.07142955596957,12.500000096857548,107.3
1980-06-23,22.600000336766243,14.642857361052718,8.50000012665987,72.90000108629465,19.70000010728836,107.35
1980-06-30,20.10000029951334,12.90000019222498,8.50000012665987,76.38571542395013,20.700000181794167,107.32
1980-07-07,21.1000003144145,14.100000210106373,8.100000120699406,80.20000119507313,42.90000028908253,107.44
1980-07-14,21.800000324845318,14.48571450156825,8.600000128149986,80.54285834303924,17.19999998807907,107.44
1980-07-21,23.600000351667404,15.171428797500473,9.500000141561031,74.82857254360404,36.69999945163727,107.45
1980-07-28,27.10000040382147,18.057143126215255,8.300000123679638,73.72857252721276,5.0,107.585
1980-08-04,32.20000047981739,20.31428601699216,11.10000016540289,75.4571439815419,41.399999246001244,107.72
1980-08-11,27.000000402331352,18.100000269711018,9.80000014603138,72.65714393981865,0.5000000149011611,107.65
1980-08-18,26.80000039935112,17.571428833263262,10.000000149011612,77.08571543438094,13.300000190734863,107.55
1980-08-25,23.600000351667404,13.98571449411767,8.50000012665987,76.94285828939506,11.60000029206276,107.44
1980-09-01,27.200000405311584,15.91428595142705,5.000000074505806,76.98571543289083,15.599999845027924,107.38
1980-09-08,27.700000412762165,15.614285946956702,5.000000074505806,75.48571541053909,14.1999996304512,107.37
1980-09-15,19.60000029206276,14.000000208616257,9.600000143051147,80.74285834601947,19.90000033378601,107.35
1980-09-22,24.600000366568565,14.742857362542834,9.400000140070915,80.91428692000252,2.0,107.32
1980-09-29,21.60000032186508,12.928571621222156,4.500000067055225,87.01428701089961,19.90000081062317,107.3
1980-10-06,17.00000025331974,10.728571588439602,2.7000000402331352,79.50000118464231,2.299999989569187,107.26
1980-10-13,18.100000269711018,8.300000123679638,-0.2000000029802322,83.11428695278508,46.700000286102295,107.38
1980-10-20,19.10000028461218,8.85714298912457,2.3000000342726707,84.74285840562412,8.700000286102295,107.37
1980-10-27,15.800000235438349,8.71428584413869,1.0000000149011612,80.60000120103359,9.299999982118607,107.36
1980-11-03,20.60000030696392,4.7285714990326335,-5.200000077486038,76.44285828194448,3.8999998569488525,107.35
1980-11-10,2.7000000402331352,-1.0857143018926894,-4.200000062584877,92.27142994638,14.599999442696571,107.32
1980-11-17,14.100000210106373,5.757142942930971,-4.500000067055225,81.38571549845594,12.300000205636024,107.35
1980-11-24,15.600000232458116,10.314285867980548,4.000000059604645,78.28571545226234,0.6000000238418578,107.4
1980-12-01,12.600000187754633,1.0571428728955132,-7.500000111758709,85.62857270453658,10.000000193715096,107.38
1980-12-08,2.500000037252903,-4.957142931010042,-10.900000162422655,87.70000130683184,15.099999994039536,107.35
1980-12-15,11.900000177323818,4.82857150052275,-8.100000120699406,77.11428686337811,7.600000038743019,107.5
1980-12-22,7.000000104308128,2.0000000298023224,-1.600000023841858,84.41428697215659,1.9999999552965164,107.48
1980-12-29,10.80000016093254,4.671428641038282,-1.700000025331974,85.31428698556763,6.599999822676182,107.55
1981-01-05,7.800000116229057,3.1428571896893636,-0.6000000089406967,86.30000128597021,33.89999969303608,107.7
1981-01-12,1.0000000149011612,-3.542857195649828,-14.000000208616257,86.90000129491091,7.100000061094761,107.68
1981-01-19,4.000000059604645,0.028571428997176,-4.000000059604645,88.20000131428242,8.800000064074993,107.62
1981-01-26,2.500000037252903,-1.7857143123235022,-11.30000016838312,86.42857271645751,3.5000000596046448,107.595
1981-02-02,7.800000116229057,0.6714285814336368,-9.400000140070915,74.80000111460686,0.0,107.57
1981-02-09,9.00000013411045,4.6000000685453415,-1.100000016391277,86.11428699748856,9.599999904632568,107.62
1981-02-16,7.800000116229057,-0.1714285739830562,-3.400000050663948,84.81428697811705,1.4000000283122063,107.66
1981-02-23,3.400000050663948,-2.1571428892867908,-7.800000116229057,88.05714416929654,4.400000087916851,107.66
1981-03-02,7.500000111758709,0.5142857219491687,-6.200000092387199,79.11428689318043,1.1000000312924385,107.64
1981-03-09,15.900000236928465,5.6571429414408545,-3.400000050663948,83.35714409926108,25.999999478459358,107.63
1981-03-16,16.100000239908695,7.785714401730469,-0.2000000029802322,83.44285838625261,35.59999990463257,107.97
1981-03-23,19.60000029206276,7.471428682761533,-0.4000000059604645,71.64285821041891,9.499999798834324,107.94
1981-03-30,19.500000290572643,11.071428736405712,1.5000000223517418,76.34285828045437,10.5,107.88
1981-04-06,19.60000029206276,10.971428734915596,4.200000062584877,73.58571538222688,0.3000000044703483,107.8
1981-04-13,23.100000344216824,12.085714465805463,1.3000000193715096,69.88571532709258,2.400000050663948,107.76
1981-04-20,18.100000269711018,5.514285796454975,-3.1000000461936,65.64285812101194,0.1000000014901161,107.72
1981-04-27,17.600000262260437,6.142857234392848,-3.200000047683716,66.58571527791875,43.700001537799835,107.78
1981-05-04,11.800000175833702,6.900000102818012,1.0000000149011612,79.47142975564513,19.29999977350235,107.84
1981-05-11,26.100000388920307,15.34285737148353,4.700000070035458,65.42857240353312,1.7000000476837158,107.79
1981-05-18,26.600000396370888,16.65714310535363,9.00000013411045,73.14285823277065,18.80000001192093,107.72
1981-05-25,25.80000038444996,16.671428819852217,6.900000102818012,69.27142960365329,26.899999260902405,107.7
1981-06-01,29.60000044107437,16.957143109823978,8.00000011920929,76.21428684996707,7.200000204145908,107.63
1981-06-08,31.300000466406345,20.414286018482276,13.100000195205212,73.01428680228335,2.800000049173832,107.48
1981-06-15,25.300000376999375,17.885714552232198,6.200000092387199,73.97142967368875,23.899999156594276,107.5
1981-06-22,22.100000329315662,12.371428755777222,5.500000081956387,83.54285838774273,18.99999962002039,107.51
1981-06-29,27.3000004068017,17.80000026524067,8.900000132620335,74.9857154030885,1.1000000163912773,107.43
1981-07-06,27.200000405311584,18.057143126215255,10.30000015348196,73.3285725212523,14.699999824166298,107.4
1981-07-13,31.000000461936,22.100000329315662,14.000000208616257,68.38571530474084,12.299999952316284,107.3
1981-07-20,22.600000336766243,15.20000022649765,10.600000157952309,86.04285842499563,56.400000028312206,107.27
1981-07-27,26.80000039935112,15.442857372973647,12.000000178813934,83.80000124871731,64.7000013589859,107.565
1981-08-03,27.3000004068017,17.542857404266083,10.30000015348196,78.15714402177504,1.6999999806284904,107.86
1981-08-10,30.800000458955765,21.514286034873553,12.300000183284284,76.28571542246002,20.49999924004078,107.82
1981-08-17,27.80000041425228,18.614285991660186,10.100000150501728,78.25714402326516,4.400000095367432,107.73
1981-08-24,21.800000324845318,14.728571648044246,9.500000141561031,79.32857261065926,12.500000149011612,107.69
1981-08-31,20.60000030696392,14.571428788559777,7.900000117719173,77.9571440187948,6.999999858438969,107.58
1981-09-07,24.600000366568565,14.200000211596489,5.500000081956387,74.65714396962098,0.0,107.55
1981-09-14,27.60000041127205,16.71428596334798,9.3000001385808,82.27142979736838,3.2999999448657036,107.49
1981-09-21,27.700000412762165,14.442857358072485,5.200000077486038,82.45714408585003,10.699999988079071,107.43
1981-09-28,28.80000042915344,15.400000229477882,7.500000111758709,87.18571558488267,36.80000042915344,107.48
1981-10-05,20.30000030249357,13.40000019967556,8.900000132620335,84.30000125616789,2.2999999076128006,107.4
1981-10-12,23.600000351667404,12.400000184774399,5.700000084936619,77.42857258234706,9.700000047683716,107.35
1981-10-19,14.900000222027302,7.528571540755885,2.500000037252903,89.0571441841977,23.59999968111515,107.41
1981-10-26,14.40000021457672,6.228571521384375,-0.4000000059604645,89.37142990316663,20.0999995470047,107.47
1981-11-02,15.100000225007534,8.971428705113274,1.0000000149011612,84.74285840562412,20.500000096857548,107.53
1981-11-09,12.500000186264517,4.771428642528398,-0.2000000029802322,88.97142989720616,6.800000086426735,107.54
1981-11-16,6.800000101327896,1.9714286008051463,-1.700000025331974,92.97142995681081,15.900000095367432,107.56
1981-11-23,15.900000236928465,8.371428696172577,-2.600000038743019,84.80000126361847,11.09999980032444,107.58
1981-11-30,13.000000193715096,3.628571482641356,-1.0000000149011612,86.11428699748856,17.99999976158142,107.72
1981-12-07,3.700000055134296,1.4142857353602136,0.0,93.71428711073739,32.10000038146973,107.9
1981-12-14,3.6000000536441803,-1.5142857368503297,-7.000000104308128,86.45714414545468,32.50000023841858,108.0
1981-12-21,2.600000038743019,-7.914285832217762,-14.600000217556952,89.64285847863981,4.700000025331974,107.9
1981-12-28,0.2000000029802322,-2.1000000312924385,-8.600000128149986,88.68571560723441,2.0000000074505806,107.99
1982-01-04,10.100000150501728,5.18571436298745,-3.6000000536441803,85.27142984207187,8.199999801814556,108.08
1982-01-11,10.500000156462193,-6.357142951871667,-16.800000250339508,84.400001257658,5.200000196695328,108.02
1982-01-18,-0.9000000134110451,-6.4571429533617835,-13.300000198185444,83.24285838327238,0.0,107.98
1982-01-25,2.200000032782554,-2.1714286037853787,-8.300000123679638,89.34285847416946,1.3000000268220901,107.88
1982-02-01,7.300000108778477,2.2285714617797305,-3.000000044703484,85.97142985250268,25.800000727176666,107.99
1982-02-08,8.400000125169754,0.10000000149011612,-7.000000104308128,83.42857267175403,7.8999998569488525,107.89
1982-02-15,10.000000149011612,3.0857143316950117,-1.100000016391277,81.60000121593475,0.0,107.88
1982-02-22,5.900000087916851,-1.2000000178813934,-8.400000125169754,81.10000120848417,0.3000000119209289,107.83
1982-03-01,9.80000014603138,0.0,-8.00000011920929,83.70000124722719,3.3000000715255737,107.69
1982-03-08,10.500000156462193,4.200000062584877,-3.200000047683716,76.80000114440918,5.5999999195337296,107.72
1982-03-15,12.4000001847744,5.228571506483214,-1.100000016391277,76.11428684847695,7.20000022649765,107.75
1982-03-22,12.90000019222498,5.571428654449327,-0.1000000014901161,78.72857260171857,7.799999952316284,107.75
1982-03-29,20.30000030249357,7.328571537775653,-3.200000047683716,73.10000108927488,0.3000000044703483,107.66
1982-04-05,18.80000028014183,7.585714398750237,-1.100000016391277,72.34285822084972,0.1000000014901161,107.67
1982-04-12,24.00000035762787,6.571428669350488,0.2000000029802322,77.85714401730469,12.700000166893005,107.65
1982-04-19,14.800000220537186,6.028571518404143,-2.0000000298023224,72.74285822681018,2.300000049173832,107.56
1982-04-26,14.600000217556952,8.00000011920929,-1.5000000223517418,59.7285723185965,1.600000023841858,107.545
1982-05-03,14.000000208616257,7.385714395770004,-1.0000000149011612,75.48571541053909,7.8999998942017555,107.53
1982-05-10,20.30000030249357,11.37142874087606,3.1000000461936,74.11428681867463,44.30000001192093,107.58
1982-05-17,26.30000039190054,13.97142877961908,4.000000059604645,68.71428673820836,27.399999618530277,107.75
1982-05-24,23.600000351667404,16.15714309790305,7.500000111758709,77.20000115036964,11.2999999076128,107.69
1982-05-31,28.50000042468309,17.357143115784442,6.500000096857548,66.77142956640039,1.0,107.59
1982-06-07,33.5000004991889,22.957143199230945,13.300000198185444,59.900000892579556,0.0,107.47
1982-06-14,26.30000039190054,16.457143102373397,9.00000013411045,71.10000105947256,11.899999856948853,107.42
1982-06-21,22.100000329315662,14.414285929075309,7.700000114738941,77.257144008364,15.89999969303608,107.4
1982-06-28,24.50000036507845,18.242857414696896,12.300000183284284,76.28571542246002,16.59999993443489,107.34
1982-07-05,29.800000444054604,17.042857396815503,10.100000150501728,73.85714395770005,25.60000043362379,107.26
1982-07-12,29.10000043362379,19.371428860085352,9.80000014603138,71.10000105947256,2.799999952316284,107.2
1982-07-19,32.70000048726797,21.171428886907442,14.300000213086603,70.42857247803893,1.2000000178813934,107.17
1982-07-26,29.60000044107437,21.300000317394733,13.40000019967556,64.12857238416161,5.100000023841858,107.145
1982-08-02,29.60000044107437,20.52857173447098,9.400000140070915,56.857143704380306,0.1000000014901161,107.12
1982-08-09,29.800000444054604,21.571428892867907,14.800000220537186,74.62857254062381,26.599999219179153,107.09
1982-08-16,30.300000451505184,19.871428867535933,10.000000149011612,66.1571438429611,0.0,107.04
1982-08-23,26.00000038743019,17.528571689767496,10.100000150501728,68.71428673820836,3.9000000059604645,107.01
1982-08-30,27.200000405311584,17.228571685297148,9.600000143051147,69.0142867426787,2.200000047683716,107.01
1982-09-06,28.300000421702865,17.14285739830562,8.600000128149986,68.52857244972672,2.0000000596046448,106.98
1982-09-13,28.200000420212746,17.028571682316915,8.50000012665987,77.85714401730469,2.5999999046325684,106.98
1982-09-20,29.700000442564487,19.08571457011359,10.400000154972076,70.35714390554598,0.0,106.92
1982-09-27,27.80000041425228,15.42857165847506,6.400000095367432,75.37142969455037,6.900000095367432,106.92
1982-10-04,24.8000003695488,14.028571637613434,3.500000052154064,72.70000108331442,0.0,106.92
1982-10-11,20.500000305473804,11.81428589033229,7.000000104308128,78.74285831621715,17.40000006556511,106.92
1982-10-18,16.50000024586916,10.600000157952309,2.0000000298023224,82.07142979438815,8.699999906122684,106.92
1982-10-25,18.50000027567148,10.385714440473489,4.700000070035458,86.81428700791938,1.9999999403953552,106.92
1982-11-01,15.100000225007534,8.985714419611863,1.100000016391277,84.47142983015094,1.2000000029802322,106.88
1982-11-08,17.600000262260437,6.657142956342016,-2.200000032782554,73.48571538073676,0.800000011920929,106.88
1982-11-15,15.800000235438349,7.685714400240353,-1.700000025331974,80.3571440545576,0.8000000268220901,106.88
1982-11-22,13.500000201165676,7.014285818806717,0.2000000029802322,78.24285830876657,11.199999921023846,106.82
1982-11-29,13.90000020712614,6.085714376398495,0.2000000029802322,86.15714414098433,4.5999999567866325,106.82
1982-12-06,8.00000011920929,1.2428571613771575,-2.3000000342726707,90.64285849354097,6.599999785423279,106.84
1982-12-13,13.100000195205212,5.100000075995922,-0.9000000134110451,86.47142985995326,11.099999785423279,106.85
1982-12-20,12.000000178813934,3.285714334675244,-1.3000000193715096,83.37142981375966,7.599999904632568,106.82
1982-12-27,7.800000116229057,2.7857143272246634,-1.80000002682209,87.44285844585725,3.200000047683716,106.805
1983-01-03,6.200000092387199,2.3142857487712587,-1.0000000149011612,84.88571555061,8.29999989271164,106.79
1983-01-10,13.300000198185444,6.914285817316601,1.600000023841858,80.38571548355478,6.900000095367432,106.8
1983-01-17,9.500000141561031,4.671428641038282,-0.5000000074505806,84.21428696917636,19.999999918043613,106.84
1983-01-24,7.700000114738941,2.7000000402331352,-2.0000000298023224,83.27142981226955,5.400000110268593,106.9
1983-01-31,12.600000187754633,6.371428666370256,-1.3000000193715096,80.42857262705054,21.699999630451202,106.96
1983-02-07,12.000000178813934,1.0857143018926894,-3.500000052154064,85.07142983909164,8.099999956786633,106.97
1983-02-14,1.100000016391277,-3.500000052154064,-14.500000216066836,93.31428710477692,19.399999745190144,106.98
1983-02-21,1.80000002682209,-4.028571488601821,-18.100000269711018,88.71428703623158,2.0,106.96
1983-02-28,8.100000120699406,-0.27142857547317234,-12.90000019222498,81.12857263748135,1.500000037252903,107.0
1983-03-07,9.3000001385808,3.8428572001201764,-3.9000000581145287,84.400001257658,1.200000025331974,107.02
1983-03-14,12.000000178813934,4.714285784534046,-3.700000055134296,76.4285725674459,0.3000000119209289,107.02
1983-03-21,12.90000019222498,8.57142869915281,2.200000032782554,85.97142985250268,17.30000028759241,107.06
1983-03-28,13.300000198185444,4.485714352556637,-0.800000011920929,79.47142975564513,9.099999956786633,107.085
1983-04-04,13.100000195205212,5.500000081956387,-0.800000011920929,82.08571550888675,23.59999916702509,107.11
1983-04-11,20.800000309944156,7.985714404710701,1.100000016391277,80.81428691851241,34.79999881982803,107.18
1983-04-18,18.100000269711018,8.242857265685286,2.200000032782554,80.30000119656324,13.50000011920929,107.32
1983-04-25,24.00000035762787,12.928571621222156,3.1000000461936,75.90000113099813,3.9000000059604645,107.3
1983-05-02,23.000000342726707,13.342857341681208,4.000000059604645,69.95714389958552,8.300000190734863,107.44
1983-05-09,18.80000028014183,10.728571588439602,1.5000000223517418,79.78571547461408,14.199999928474426,107.43
1983-05-16,27.80000041425228,15.042857367013182,6.400000095367432,75.87142970200095,11.600000202655792,107.38
1983-05-23,28.300000421702865,15.285714513489179,6.500000096857548,75.32857255105462,19.100000359117985,107.35
1983-05-30,18.6000002771616,12.400000184774399,5.000000074505806,82.0142869363938,12.199999690055847,107.3
1983-06-06,29.10000043362379,17.50000026077032,7.000000104308128,70.2285724750587,0.9999999776482582,107.27
1983-06-13,27.700000412762165,17.828571694237844,4.000000059604645,68.25714387425354,4.300000071525574,107.25
1983-06-20,26.100000388920307,14.300000213086605,7.500000111758709,75.5714296975306,9.600000232458115,107.18
1983-06-27,30.600000455975533,20.285714587994985,8.800000131130219,61.514286630920004,5.800000190734863,107.15
1983-07-04,27.500000409781933,17.614285976759025,9.100000135600569,69.31428674714905,0.1000000014901161,107.12
1983-07-11,32.600000485777855,23.34285749069282,11.60000017285347,54.371429381625994,0.0,107.03
1983-07-18,32.30000048130751,21.74285746685096,12.500000186264517,65.32857240204301,3.200000107288361,107.0
1983-07-25,30.200000450015068,18.742857422147477,8.100000120699406,64.68571524960655,9.799999594688416,106.98
1983-08-01,37.2000005543232,22.85714319774083,9.600000143051147,54.942857961569516,24.299999237060547,106.94
1983-08-08,26.50000039488077,14.885714507528714,9.80000014603138,88.20000131428242,117.69999921321869,107.12
1983-08-15,27.60000041127205,17.78571455074208,7.800000116229057,76.84285828790495,3.399999976158142,107.35
1983-08-22,30.100000448524952,20.81428602444274,13.600000202655792,72.45714393683842,0.0,107.31
1983-08-29,28.50000042468309,19.17142885710512,10.400000154972076,76.68571542842048,0.0,107.22
1983-09-05,29.700000442564487,17.971428839223726,8.00000011920929,69.07142960067306,0.0,107.17
1983-09-12,25.100000374019142,14.25714306959084,7.400000110268593,74.45714396664074,16.199999824166298,107.16
1983-09-19,25.300000376999375,14.857143078531537,7.700000114738941,77.67142972882304,12.700000010430813,107.09
1983-09-26,25.80000038444996,12.885714477726392,6.000000089406967,78.34285831025669,8.699999623000622,107.085
1983-10-03,25.80000038444996,12.17142875279699,0.9000000134110451,82.88571552080768,1.7999999523162842,107.08
1983-10-10,25.00000037252903,14.085714495607785,4.90000007301569,77.257144008364,7.699999786913395,107.06
1983-10-17,19.60000029206276,11.628571601850647,7.500000111758709,73.00000108778477,1.0,107.02
1983-10-24,17.600000262260437,7.985714404710701,-0.6000000089406967,79.18571546567338,1.399999976158142,107.01
1983-10-31,18.6000002771616,7.242857250784125,-0.800000011920929,81.70000121742487,3.299999952316284,106.95
1983-11-07,16.600000247359276,9.242857280586447,3.000000044703484,81.48571549994605,0.0,106.94
1983-11-14,15.300000227987766,1.9571428863065583,-10.30000015348196,84.61428697513682,0.2000000029802322,106.92
1983-11-21,4.400000065565109,1.1857143033828055,-6.800000101327896,92.61428709434611,5.499999992549419,106.9
1983-11-28,15.400000229477882,5.485714367457798,-1.5000000223517418,87.77142987932477,20.200000062584877,106.9
1983-12-05,6.400000095367432,-2.0000000298023224,-10.500000156462193,86.75714414992503,1.5000000149011612,106.84
1983-12-12,6.000000089406967,-1.2714285903743334,-11.000000163912771,87.32857272986855,11.900000095367432,106.87
1983-12-19,6.200000092387199,-1.3857143063630377,-9.900000147521496,83.31428695576531,1.200000025331974,106.86
1983-12-26,14.100000210106373,6.200000092387199,1.100000016391277,86.01428699599845,20.899999856948853,106.9
1984-01-02,10.900000162422655,6.000000089406967,0.1000000014901161,82.7428583758218,2.500000014901161,106.94
1984-01-09,9.500000141561031,2.6714286112359593,-0.1000000014901161,83.88571553570884,8.699999958276749,107.0
1984-01-16,11.500000171363354,2.542857180748667,-4.500000067055225,80.88571549100536,18.299999929964542,107.04
1984-01-23,9.00000013411045,-0.2428571464759963,-5.000000074505806,81.82857264791217,2.9000000953674316,107.03
1984-01-30,6.900000102818012,0.6428571524364608,-5.900000087916851,81.97142979289804,5.699999809265137,107.08
1984-02-06,10.500000156462193,3.6714286261371205,0.1000000014901161,84.58571554613965,15.199999690055847,107.14
1984-02-13,6.900000102818012,0.5000000074505806,-5.900000087916851,87.70000130683184,5.30000002682209,107.19
1984-02-20,2.7000000402331352,-4.7285714990326335,-12.10000018030405,80.01428690659148,0.0,107.19
1984-02-27,7.500000111758709,1.1142857308898653,-6.200000092387199,85.61428699003798,10.000000096857548,107.2
1984-03-05,7.700000114738941,1.3142857338700975,-3.700000055134296,86.0857155684914,0.9999999925494194,107.16
1984-03-12,8.00000011920929,0.7571428684251649,-5.700000084936619,86.81428700791938,0.9000000208616257,107.16
1984-03-19,10.000000149011612,1.1428571598870414,-6.200000092387199,72.65714393981865,0.0,107.14
1984-03-26,14.600000217556952,3.1142857606921877,-5.700000084936619,61.82857234988894,0.8999999761581421,107.14
1984-04-02,16.00000023841858,6.3000000938773155,-0.4000000059604645,82.18571551037687,25.8000006377697,107.14
1984-04-09,13.800000205636024,5.228571506483214,0.1000000014901161,84.78571554911989,12.300000108778477,107.21
1984-04-16,23.300000347197056,8.371428696172577,0.1000000014901161,81.82857264791217,13.399999856948853,107.24
1984-04-23,22.100000329315662,9.257142995085035,-1.3000000193715096,67.58571529281991,0.0,107.24
1984-04-30,18.100000269711018,7.12857153479542,-2.200000032782554,71.55714392342738,5.700000107288361,107.22
1984-05-07,22.600000336766243,13.128571624202388,4.200000062584877,78.8000011742115,3.9000000059604645,107.22
1984-05-14,13.300000198185444,7.785714401730469,1.80000002682209,84.41428697215659,7.09999980032444,107.21
1984-05-21,25.100000374019142,15.628571661455291,7.200000107288361,72.42857250784125,3.2000001072883606,107.18
1984-05-28,23.80000035464764,13.228571625692505,6.70000009983778,81.84285836241075,8.600000001490116,107.155
1984-06-04,28.700000427663326,16.114285954407283,6.500000096857548,70.85714391299656,13.599999964237213,107.13
1984-06-11,19.000000283122063,12.500000186264515,9.400000140070915,84.34285839966365,15.60000029206276,107.18
1984-06-18,23.500000350177288,14.34285735658237,4.000000059604645,78.12857259277787,4.300000101327896,107.16
1984-06-25,28.000000417232517,15.814285949936934,7.700000114738941,72.15714393236807,13.599999904632568,107.15
1984-07-02,21.800000324845318,13.25714305468968,6.500000096857548,78.90000117570162,15.69999946653843,107.1
1984-07-09,29.300000436604023,14.357143071080957,9.00000013411045,78.27142973776374,7.700000241398811,107.05
1984-07-16,36.500000543892384,20.628571735961096,12.600000187754633,70.78571534050363,17.299999475479126,107.02
1984-07-23,18.80000028014183,14.271428784089428,9.3000001385808,82.3857155133571,15.499999821186066,107.03
1984-07-30,29.200000435113907,16.114285954407283,9.600000143051147,75.02857254658427,5.700000047683716,107.05
1984-08-06,31.100000463426117,20.18571458650487,13.800000205636024,72.15714393236807,45.10000038146973,107.07
1984-08-13,22.800000339746475,17.200000256299973,11.000000163912771,86.2000012844801,60.10000026226044,107.12
1984-08-20,25.300000376999375,16.057143096412933,9.100000135600569,79.35714403965643,6.800000011920929,107.1
1984-08-27,28.200000420212746,18.285714558192662,8.900000132620335,73.48571538073676,2.5999999046325684,107.07
1984-09-03,27.500000409781933,18.628571706158773,8.00000011920929,72.957143944289,0.8999999761581421,107.04
1984-09-10,25.80000038444996,13.485714486667089,6.70000009983778,83.58571553123849,21.20000034570694,106.98
1984-09-17,23.100000344216824,13.014285908213683,7.500000111758709,85.68571556253093,5.900000013411045,106.92
1984-09-24,21.1000003144145,11.871428748326641,4.700000070035458,85.98571556700128,16.400000110268593,106.88
1984-10-01,19.500000290572643,12.157143038298402,7.500000111758709,86.82857272241797,11.500000149011612,106.86
1984-10-08,18.100000269711018,11.257143024887357,6.500000096857548,86.14285842648574,15.200000144541264,106.82
1984-10-15,19.500000290572643,12.357143041278634,5.700000084936619,89.6571441931384,11.000000059604645,106.82
1984-10-22,19.60000029206276,11.500000171363354,3.000000044703484,74.0428582461817,1.899999976158142,106.8
1984-10-29,19.000000283122063,9.671428715544087,-0.1000000014901161,86.0714298539928,3.3999999538064003,106.76
1984-11-05,16.100000239908695,6.685714385339192,2.600000038743019,84.78571554911989,0.0,106.75
1984-11-12,12.300000183284284,6.34285723737308,0.5000000074505806,85.3571441290634,0.0,106.75
1984-11-19,9.400000140070915,2.3428571777684346,-1.600000023841858,77.27142972286258,4.8999999314546585,106.73
1984-11-26,15.600000232458116,8.00000011920929,2.200000032782554,84.18571554017919,30.399999238550663,106.745
1984-12-03,8.400000125169754,3.300000049173832,-3.1000000461936,86.75714414992503,1.100000023841858,106.76
1984-12-10,6.200000092387199,2.514285751751491,-2.3000000342726707,90.85714421101979,5.799999952316284,106.78
1984-12-17,7.800000116229057,0.3428571479661124,-3.6000000536441803,94.71428712563855,2.200000025331974,106.79
1984-12-24,8.00000011920929,2.9428571867091313,-1.5000000223517418,88.05714416929654,7.399999812245369,106.79
1984-12-31,1.3000000193715096,-2.571428609745843,-4.700000070035458,92.10000137239695,4.199999921023846,106.81
1985-01-07,-0.5000000074505806,-8.742857273135867,-19.10000028461218,90.68571563703674,8.299999848008156,106.81
1985-01-14,-4.90000007301569,-9.885714433022908,-22.100000329315662,87.71428702133042,7.900000065565109,106.82
1985-01-21,0.4000000059604645,-6.285714379378727,-14.600000217556952,84.61428697513682,0.800000011920929,106.82
1985-01-28,6.500000096857548,1.2714285903743334,-5.500000081956387,84.37142982866082,4.999999985098839,106.845
1985-02-04,9.400000140070915,2.8000000417232513,-6.500000096857548,80.54285834303924,16.999999940395355,106.87
1985-02-11,5.200000077486038,-5.485714367457798,-17.600000262260437,81.11428692298276,6.1000001057982445,106.89
1985-02-18,-1.5000000223517418,-8.100000120699406,-21.300000317394733,78.62857260022845,1.5000000298023224,106.92
1985-02-25,5.700000084936619,-2.0000000298023224,-13.40000019967556,80.45714405604771,10.499999858438969,106.94
1985-03-04,9.400000140070915,2.8571428997176036,-0.800000011920929,90.27142991657767,0.0,106.98
1985-03-11,8.00000011920929,2.0142857443009103,-3.000000044703484,87.57142987634454,0.6000000089406967,107.04
1985-03-18,8.300000123679638,1.4285714498588018,-4.000000059604645,85.97142985250268,22.600000001490116,107.07
1985-03-25,13.100000195205212,5.500000081956387,-0.2000000029802322,82.94285837880203,4.199999928474426,107.1
1985-04-01,15.000000223517418,7.485714397260121,-1.3000000193715096,76.97142971839223,14.700000047683716,107.17
1985-04-08,25.00000037252903,12.214285896292754,6.900000102818012,72.28571536285537,2.5000000596046448,107.25
1985-04-15,14.600000217556952,8.371428696172577,4.000000059604645,76.771429715412,11.799999982118607,107.3
1985-04-22,22.600000336766243,10.185714437493257,0.1000000014901161,73.45714395173958,0.8999999761581421,107.36
1985-04-29,13.800000205636024,3.985714345106057,-1.0000000149011612,80.87142977650676,19.500000298023224,107.36
1985-05-06,21.1000003144145,7.842857259724822,0.800000011920929,78.22857259426799,14.200000047683716,107.36
1985-05-13,26.700000397861004,15.642857375953879,7.500000111758709,74.82857254360404,5.4999998807907104,107.32
1985-05-20,30.100000448524952,16.700000248849392,9.00000013411045,73.22857251976218,8.0,107.26
1985-05-27,28.000000417232517,16.50000024586916,9.00000013411045,73.64285824022123,11.899999618530273,107.26
1985-06-03,26.00000038743019,16.885714537331037,7.500000111758709,74.45714396664074,13.99999952316284,107.26
1985-06-10,29.700000442564487,16.728571677846567,6.500000096857548,73.85714395770005,11.100000038743019,107.24
1985-06-17,18.100000269711018,11.328571597380298,6.500000096857548,81.7714297899178,20.700000047683716,107.24
1985-06-24,21.60000032186508,14.242857355092253,6.000000089406967,82.42857265685286,20.300000190734863,107.22
1985-07-01,23.500000350177288,15.228571655494827,10.000000149011612,80.74285834601947,15.500000178813934,107.2
1985-07-08,27.000000402331352,16.91428596632821,9.500000141561031,73.87142967219863,6.800000071525574,107.16
1985-07-15,30.300000451505184,18.985714568623475,11.000000163912771,74.55714396813086,2.700000107288361,107.14
1985-07-22,28.700000427663326,18.357143130685603,8.800000131130219,75.50000112503767,16.400000050663948,107.12
1985-07-29,28.60000042617321,19.071428855615004,10.500000156462193,75.3428582655532,12.50000011920929,107.06
1985-08-05,28.80000042915344,18.64285742065736,12.000000178813934,68.77142959620271,5.299999892711639,107.0
1985-08-12,28.60000042617321,17.15714311280421,10.30000015348196,73.9142868156944,11.900000095367432,107.06
1985-08-19,32.50000048428774,19.985714583524636,10.500000156462193,80.45714405604771,57.799999095499516,107.13
1985-08-26,29.60000044107437,17.528571689767496,12.000000178813934,82.22857265387263,10.999999716877937,107.12
1985-09-02,28.10000041872263,16.07142881091152,6.400000095367432,76.28571542246002,3.0999999046325684,107.11
1985-09-09,21.300000317394733,11.900000177323818,6.500000096857548,82.15714408137968,14.800000250339508,107.07
1985-09-16,23.000000342726707,13.457143057669912,7.400000110268593,81.4285726419517,6.800000190734863,107.04
1985-09-23,27.80000041425228,16.671428819852217,8.600000128149986,83.64285838923284,3.0,107.02
1985-09-30,22.30000033229589,12.871428763227803,5.200000077486038,83.00000123679638,0.0,106.99
1985-10-07,28.60000042617321,17.357143115784442,9.900000147521496,79.38571546865361,0.0,106.96
1985-10-14,20.500000305473804,11.700000174343586,5.900000087916851,79.17142975117478,7.0,106.96
1985-10-21,14.100000210106373,7.771428687231881,-0.2000000029802322,90.15714420058897,2.3999999836087227,106.94
1985-10-28,11.400000169873238,3.0000000447034836,-1.5000000223517418,93.87142997022185,0.0,106.93
1985-11-04,11.000000163912771,3.985714345106057,-2.600000038743019,82.00000122189522,2.400000095367432,106.92
1985-11-11,17.30000025779009,7.671428685741765,1.700000025331974,78.21428687976939,9.900000035762787,106.9
1985-11-18,4.200000062584877,-0.714285724929401,-5.500000081956387,90.87142992551837,4.199999883770943,106.87
1985-11-25,0.2000000029802322,-2.1428571747882024,-5.000000074505806,94.4142871211682,19.40000033378601,106.85
1985-12-02,10.500000156462193,0.30000000447034836,-8.100000120699406,85.62857270453658,10.300000168383121,106.9
1985-12-09,16.300000242888927,9.428571569068092,4.200000062584877,79.11428689318043,2.000000074505806,106.92
1985-12-16,10.30000015348196,5.357142936970506,-0.5000000074505806,91.52857279245343,18.900000035762787,106.95
1985-12-23,10.80000016093254,5.128571504993098,1.100000016391277,82.87142980630908,15.799999952316284,106.98
1985-12-30,9.80000014603138,0.9857143004025731,-9.400000140070915,88.05714416929654,12.099999912083149,107.02
1986-01-06,5.700000084936619,-2.0428571732980862,-16.100000239908695,83.15714409628085,3.9000000059604645,107.05
1986-01-13,5.200000077486038,-1.58571430934327,-15.400000229477882,89.14285847118923,17.400000244379044,107.08
1986-01-20,10.400000154972076,2.2428571762783185,-7.700000114738941,87.08571558339256,20.99999976158142,107.13
1986-01-27,8.50000012665987,2.457142893757139,-2.800000041723252,82.68571551782745,4.400000035762787,107.135
1986-02-03,5.000000074505806,-0.17142857398305614,-8.00000011920929,82.6142869453345,1.1000000014901161,107.14
1986-02-10,0.5000000074505806,-8.900000132620335,-20.60000030696392,84.67142983313117,8.599999874830246,107.17
1986-02-17,-0.2000000029802322,-7.442857253764357,-17.100000254809856,87.3714298733643,0.3000000044703483,107.13
1986-02-24,-3.000000044703484,-8.914285847118922,-20.10000029951334,87.30000130087137,9.000000096857548,107.09
1986-03-03,-0.2000000029802322,-8.171428693192345,-20.60000030696392,79.21428689467055,0.0,107.12
1986-03-10,5.700000084936619,2.4285714647599628,-12.10000018030405,90.8428584965212,17.500000156462193,107.24
1986-03-17,10.500000156462193,4.657142926539693,0.5000000074505806,83.62857267473426,0.1000000014901161,107.34
1986-03-24,15.100000225007534,4.4714286380580495,-2.7000000402331352,74.54285825363228,25.99999962002039,107.4
1986-03-31,18.6000002771616,7.685714400240353,1.600000023841858,72.10000107437372,8.600000113248825,107.51
1986-04-07,12.90000019222498,5.928571516914027,1.5000000223517418,81.71428693192345,10.300000101327896,107.55
1986-04-14,9.500000141561031,1.7857143123235022,-6.500000096857548,88.28571560127395,13.399999648332594,107.62
1986-04-21,18.6000002771616,9.242857280586447,1.100000016391277,72.14285821786949,24.700000166893005,107.55
1986-04-28,19.60000029206276,11.642857316349234,6.000000089406967,86.45714414545468,13.500000365078451,107.57
1986-05-05,27.000000402331352,15.828571664435524,4.500000067055225,63.014286653271746,0.0,107.59
1986-05-12,26.600000396370888,14.371428785579544,6.000000089406967,75.17142969157014,15.099999904632568,107.59
1986-05-19,27.80000041425228,16.085714525410108,6.000000089406967,76.7857154299106,9.299999922513962,107.61
1986-05-26,26.700000397861004,17.2857145432915,8.800000131130219,75.17142969157014,3.2999999076128006,107.635
1986-06-02,30.200000450015068,12.071428751306874,4.000000059604645,87.48571558935302,54.80000138282776,107.66
1986-06-09,22.600000336766243,11.485714456864766,6.400000095367432,83.71428696172578,29.59999990463257,107.85
1986-06-16,29.800000444054604,16.971428824322565,9.100000135600569,76.4142868529473,4.3999999538064,107.81
1986-06-23,31.20000046491623,20.25714315899781,9.00000013411045,73.41428680824382,0.0,107.73
1986-06-30,28.700000427663326,19.81428600954158,10.400000154972076,65.40000097453594,0.0,107.92
1986-07-07,32.80000048875809,21.542857463870728,12.500000186264517,67.25714385935238,7.9999998807907104,107.81
1986-07-14,19.60000029206276,13.54285734466144,9.400000140070915,78.52857259873834,15.100000336766243,107.59
1986-07-21,30.00000044703484,18.38571455968278,8.50000012665987,67.87142958279166,0.0,107.43
1986-07-28,28.50000042468309,18.08571455521243,11.10000016540289,77.88571544630187,18.199999690055847,107.41
1986-08-04,35.200000524520874,22.928571770233766,13.600000202655792,69.92857247058835,15.99999988079071,107.39
1986-08-11,29.700000442564487,19.642857435558522,10.500000156462193,71.61428678142173,9.000000059604645,107.34
1986-08-18,28.300000421702865,18.028571697218077,11.10000016540289,82.7428583758218,15.300000190734863,107.3
1986-08-25,19.60000029206276,13.885714492627553,8.900000132620335,87.6142870198403,27.300000309944153,107.28
1986-09-01,20.10000029951334,13.54285734466144,8.50000012665987,79.5142868991409,5.799999907612801,107.25
1986-09-08,21.50000032037497,13.085714480706624,8.00000011920929,80.81428691851241,13.500000476837158,107.22
1986-09-15,22.600000336766243,12.500000186264515,2.7000000402331352,83.07142980928931,10.5,107.22
1986-09-22,20.10000029951334,10.557143014456544,2.7000000402331352,87.07142986889396,16.899999618530273,107.25
1986-09-29,19.60000029206276,11.585714458354882,2.1000000312924385,85.42857270155635,1.2999999523162842,107.24
1986-10-06,23.300000347197056,11.985714464315347,0.9000000134110451,78.50000116974115,0.8999999761581421,107.24
1986-10-13,20.10000029951334,12.085714465805463,4.90000007301569,83.02857266579356,6.999999761581421,107.22
1986-10-20,19.60000029206276,10.057143007005964,3.6000000536441803,81.44285835645029,6.799999952316284,107.22
1986-10-27,15.300000227987766,8.057142977203641,2.1000000312924385,83.71428696172578,35.29999965429306,107.22
1986-11-03,13.600000202655792,7.014285818806717,-1.100000016391277,86.22857271347728,10.799999825656414,107.22
1986-11-10,12.500000186264517,6.471428667860372,0.9000000134110451,84.0428583951933,9.599999822676182,107.2
1986-11-17,15.600000232458116,8.457142983164106,2.3000000342726707,84.68571554762977,1.5,107.21
1986-11-24,13.500000201165676,7.728571543736117,0.4000000059604645,83.31428695576531,5.900000035762787,107.21
1986-12-01,14.300000213086603,3.7142857696328844,-3.500000052154064,85.80000127851963,0.4000000059604645,107.25
1986-12-08,14.000000208616257,6.77142867233072,1.3000000193715096,79.67142975862537,0.699999988079071,107.27
1986-12-15,5.700000084936619,1.700000025331974,-2.7000000402331352,91.17142992998872,9.100000195205212,107.27
1986-12-22,9.100000135600569,1.528571451348918,-7.500000111758709,88.3428584592683,21.700000025331974,107.26
1986-12-29,8.50000012665987,-0.27142857547317234,-7.000000104308128,91.64285850844213,47.7999991774559,107.98
1987-01-05,8.400000125169754,0.04285714349576402,-14.600000217556952,90.80000135302544,43.19999945163727,107.98
1987-01-12,2.7000000402331352,-9.500000141561031,-23.100000344216824,85.7142869915281,11.599999859929085,107.91
1987-01-19,-6.200000092387199,-13.457143057669912,-26.200000390410423,81.84285836241075,0.1000000014901161,107.84
1987-01-26,2.600000038743019,-2.271428605275495,-9.900000147521496,92.02857279990401,17.40000021457672,107.865
1987-02-02,-0.2000000029802322,-8.042857262705054,-17.50000026077032,78.88571546120303,3.600000023841858,107.89
1987-02-09,7.500000111758709,0.35714286246470034,-11.400000169873238,83.71428696172578,7.799999922513962,108.03
1987-02-16,8.50000012665987,1.9571428863065583,-1.3000000193715096,91.54285850695202,10.60000005364418,108.12
1987-02-23,1.80000002682209,-0.9428571569068092,-6.200000092387199,88.18571559978383,14.80000002682209,108.12
1987-03-02,4.400000065565109,-3.0285714737006595,-12.10000018030405,78.61428688572985,16.300000190734863,108.1
1987-03-09,0.6000000089406967,-6.785714386829308,-13.100000195205212,77.15714400687388,0.5000000074505805,108.1
1987-03-16,4.400000065565109,-2.742857183728899,-10.30000015348196,73.928572530193,2.4999999403953552,108.06
1987-03-23,8.100000120699406,2.1428571747882024,-2.7000000402331352,81.47142978544746,11.20000010728836,108.02
1987-03-30,12.4000001847744,6.542857240353312,-0.1000000014901161,82.58571551633733,7.000000059604645,108.0
1987-04-06,13.100000195205212,6.3000000938773155,-0.4000000059604645,83.62857267473426,14.000000298023224,108.02
1987-04-13,19.000000283122063,9.07142870660339,3.000000044703484,80.21428690957171,24.500000409781933,108.08
1987-04-20,19.60000029206276,9.528571570558208,3.700000055134296,80.27142976756606,3.799999989569187,108.05
1987-04-27,21.800000324845318,9.671428715544087,0.5000000074505806,75.32857255105462,2.100000001490116,107.975
1987-05-04,26.80000039935112,13.414285914174148,0.9000000134110451,68.74285816720554,29.199999623000625,107.9
1987-05-11,23.300000347197056,9.542857285056796,2.200000032782554,79.82857261810985,10.299999624490736,107.9
1987-05-18,17.50000026077032,10.142857293997492,2.500000037252903,73.61428681122405,6.300000071525574,107.89
1987-05-25,19.60000029206276,10.385714440473489,4.700000070035458,78.85714403220585,14.300000265240671,107.86
1987-06-01,24.8000003695488,12.600000187754631,4.200000062584877,77.81428687380892,28.600000977516174,107.85
1987-06-08,22.100000329315662,14.800000220537186,8.800000131130219,81.44285835645029,11.300000123679638,107.82
1987-06-15,24.600000366568565,15.385714514979295,8.300000123679638,80.1285726225802,14.200000271201134,107.75
1987-06-22,22.000000327825543,13.300000198185444,8.400000125169754,78.64285831472704,8.000000074505806,107.68
1987-06-29,29.10000043362379,16.728571677846567,9.80000014603138,76.48571542544025,13.099999576807022,107.65
1987-07-06,31.80000047385693,20.514286019972392,9.00000013411045,68.17142958726201,0.3000000119209289,107.59
1987-07-13,29.800000444054604,18.08571455521243,11.000000163912771,69.57142960812364,14.999999620020388,107.65
1987-07-20,29.10000043362379,19.657143150057113,8.400000125169754,73.00000108778477,56.50000047683716,107.68
1987-07-27,26.00000038743019,16.28571452839034,9.400000140070915,81.07142977948699,20.90000009536743,107.695
1987-08-03,23.100000344216824,15.014285938016005,11.000000163912771,82.9857155222978,45.999999441206455,107.71
1987-08-10,22.800000339746475,13.271428769188267,5.4000000804662704,81.55714407243899,26.899999916553497,107.74
1987-08-17,27.3000004068017,16.2142859558974,7.300000108778477,81.48571549994605,12.5,107.8
1987-08-24,28.300000421702865,19.47142886157547,12.500000186264517,81.08571549398559,13.899999774992466,107.76
1987-08-31,26.100000388920307,15.957143094922815,10.500000156462193,81.68571550292629,4.000000059604645,107.7
1987-09-07,25.300000376999375,16.528571674866335,6.900000102818012,84.78571554911989,9.200000047683716,107.65
1987-09-14,25.100000374019142,16.64285739085504,9.00000013411045,79.45714404114655,10.100000143051147,107.62
1987-09-21,24.50000036507845,16.07142881091152,9.00000013411045,84.68571554762977,4.100000001490116,107.55
1987-09-28,27.60000041127205,13.428571628672737,6.000000089406967,84.81428697811705,16.50000023841858,107.6
1987-10-05,18.0000002682209,8.557142984654222,0.5000000074505806,81.98571550739663,0.0,107.48
1987-10-12,23.300000347197056,13.514285915664264,6.70000009983778,74.5142868246351,1.4000000357627869,107.43
1987-10-19,22.800000339746475,11.071428736405712,4.700000070035458,85.65714413353375,12.900000385940077,107.4
1987-10-26,15.300000227987766,9.028571563107628,3.700000055134296,91.14285850099155,2.8999999091029167,107.375
1987-11-02,12.000000178813934,6.657142956342016,-1.3000000193715096,78.50000116974115,5.099999904632568,107.35
1987-11-09,10.000000149011612,5.4000000804662704,0.1000000014901161,91.00000135600567,0.0,107.35
1987-11-16,12.800000190734863,6.542857240353312,-0.4000000059604645,83.05714409479073,5.799999967217445,107.27
1987-11-23,11.000000163912771,6.400000095367432,2.500000037252903,93.14285853079387,37.49999916553497,107.4
1987-11-30,9.600000143051147,2.642857182238783,-1.600000023841858,93.62857282374587,4.000000096857548,107.4
1987-12-07,3.9000000581145287,-0.7571428684251649,-5.500000081956387,92.55714423635176,1.899999976158142,107.35
1987-12-14,4.000000059604645,-3.514285766652652,-11.30000016838312,91.42857279096332,0.1000000014901161,107.35
1987-12-21,14.300000213086603,5.842857229922499,-3.700000055134296,92.30000137537718,41.799999713897705,107.45
1987-12-28,10.600000157952309,5.271428649978978,-0.800000011920929,89.00000132620335,3.5999999567866325,107.5
1988-01-04,13.600000202655792,8.528571555657047,2.200000032782554,80.28571548206466,9.300000086426735,107.55
1988-01-11,16.100000239908695,5.128571504993098,-0.800000011920929,80.22857262407031,7.000000111758709,107.56
1988-01-18,5.000000074505806,1.1428571598870414,-2.3000000342726707,89.95714419760874,4.5000001192092896,107.55
1988-01-25,7.500000111758709,2.371428606765611,-1.0000000149011612,89.45714419015816,13.600000262260437,107.55
1988-02-01,11.000000163912771,5.171428648488862,-0.2000000029802322,82.40000122785568,11.199999958276749,107.65
1988-02-08,12.90000019222498,5.800000086426735,0.1000000014901161,75.87142970200095,5.599999904632568,107.65
1988-02-15,8.50000012665987,2.571428609745843,-2.7000000402331352,84.20000125467777,10.600000083446503,107.65
1988-02-22,8.800000131130219,2.400000035762787,-5.700000084936619,85.64285841903516,16.000000149011612,107.68
1988-02-29,4.500000067055225,0.7428571539265768,-1.80000002682209,93.28571567577976,20.59999966621399,107.8
1988-03-07,4.500000067055225,0.6142857234392848,-3.9000000581145287,86.02857271049704,9.200000017881393,107.85
1988-03-14,5.4000000804662704,0.7000000104308128,-4.700000070035458,87.15714415588549,10.299999810755253,107.95
1988-03-21,9.600000143051147,3.7571429131286487,-4.500000067055225,84.37142982866082,12.599999994039536,107.97
1988-03-28,11.800000175833702,5.32857150797333,1.80000002682209,89.44285847565958,26.900000393390656,108.01
1988-04-04,14.600000217556952,6.671428670840604,0.2000000029802322,80.84285834750959,3.399999976158142,108.05
1988-04-11,19.80000029504299,7.885714403220585,-1.80000002682209,74.82857254360404,0.2000000029802322,108.01
1988-04-18,22.500000335276127,8.842857274625983,-2.0000000298023224,58.44285801372358,1.300000011920929,107.9
1988-04-25,25.300000376999375,8.71428584413869,-4.500000067055225,66.81428670989615,4.199999809265137,107.85
1988-05-02,23.600000351667404,11.871428748326641,-2.0000000298023224,58.28571515423911,7.900000192224979,107.8
1988-05-09,22.30000033229589,13.871428778128964,4.700000070035458,69.67142960961375,6.899999812245369,107.75
1988-05-16,25.80000038444996,15.900000236928463,3.1000000461936,50.44285789451429,0.0,107.65
1988-05-23,22.100000329315662,11.428571598870414,3.400000050663948,76.6571439994233,5.199999928474426,107.6
1988-05-30,27.80000041425228,17.828571694237844,6.400000095367432,68.70000102370977,7.600000023841858,107.5
1988-06-06,22.100000329315662,14.757143077041421,9.80000014603138,78.84285831770727,24.100000500679016,107.44
1988-06-13,23.000000342726707,15.542857374463763,7.000000104308128,87.17142987038407,13.700000286102295,107.38
1988-06-20,25.80000038444996,16.885714537331037,8.00000011920929,67.67142957981143,0.0,107.34
1988-06-27,22.600000336766243,14.900000222027302,9.500000141561031,88.52857274774995,27.199999630451206,107.37
1988-07-04,28.700000427663326,19.000000283122063,11.900000177323818,77.85714401730469,6.499999940395355,107.4
1988-07-11,31.600000470876694,18.785714565643243,11.000000163912771,75.08571540457862,12.399999931454659,107.36
1988-07-18,25.300000376999375,16.971428824322565,10.30000015348196,77.80000115931034,11.99999988079071,107.31
1988-07-25,32.80000048875809,20.72857173745121,12.4000001847744,75.78571541500943,8.99999962002039,107.27
1988-08-01,31.300000466406345,19.000000283122063,10.500000156462193,69.04285817167589,9.200000286102295,107.25
1988-08-08,27.60000041127205,16.942857395325387,8.00000011920929,77.44285829684564,6.400000095367432,107.2
1988-08-15,31.80000047385693,21.457143176879203,10.80000016093254,70.74285819700786,3.299999952316284,107.2
1988-08-22,29.60000044107437,17.942857410226548,9.400000140070915,69.32857246164765,6.800000190734863,107.19
1988-08-29,27.000000402331352,15.78571452093976,10.500000156462193,79.94285833409855,14.699999570846558,107.19
1988-09-05,26.80000039935112,16.00000023841858,9.3000001385808,80.30000119656324,23.299999594688416,107.17
1988-09-12,22.800000339746475,14.100000210106373,5.000000074505806,79.7571440456169,1.300000011920929,107.15
1988-09-19,17.80000026524067,12.45714304276875,7.800000116229057,80.84285834750959,2.6000000089406967,107.11
1988-09-26,21.1000003144145,13.928571636123317,10.30000015348196,79.11428689318043,16.699999809265137,107.11
1988-10-03,25.80000038444996,12.857143048729215,3.000000044703484,78.05714402028492,0.5,107.11
1988-10-10,20.000000298023224,11.81428589033229,4.000000059604645,74.40000110864639,6.20000022649765,107.1
1988-10-17,19.500000290572643,11.871428748326641,3.500000052154064,93.12857281629529,3.100000038743019,107.05
1988-10-24,13.600000202655792,10.071428721504551,6.200000092387199,90.30000134557486,2.899999961256981,107.07
1988-10-31,18.0000002682209,5.500000081956387,-2.500000037252903,81.52857264344182,1.3000000268220901,107.01
1988-11-07,9.100000135600569,2.2428571762783185,-5.200000077486038,86.50000128895044,5.000000059604645,107.05
1988-11-14,11.30000016838312,4.514285781553814,-1.80000002682209,85.07142983909164,17.899999856948853,107.05
1988-11-21,11.10000016540289,3.52857148115124,-3.700000055134296,92.60000137984753,10.2999999076128,107.07
1988-11-28,6.900000102818012,2.471428608255727,-6.000000089406967,90.4857156340565,6.100000061094761,107.1
1988-12-05,7.800000116229057,0.6000000089406967,-4.400000065565109,88.3428584592683,32.8000003695488,107.17
1988-12-12,9.600000143051147,4.271428635077817,-1.600000023841858,92.52857280735459,24.800000056624413,107.25
1988-12-19,6.200000092387199,1.2000000178813934,-5.000000074505806,90.64285849354097,33.30000025033951,107.4
1988-12-26,9.400000140070915,5.000000074505806,-5.500000081956387,86.27142985697303,16.29999976605177,107.45
1989-01-02,10.30000015348196,5.057142932500158,0.4000000059604645,92.81428709732634,2.400000095367432,107.5
1989-01-09,9.80000014603138,3.628571482641356,-2.800000041723252,91.3285727894732,14.09999966621399,107.55
1989-01-16,11.30000016838312,5.285714364477566,-1.5000000223517418,84.24285839817354,2.7999999076128006,107.58
1989-01-23,7.800000116229057,2.7000000402331352,-3.1000000461936,87.3857155878629,0.1000000014901161,107.58
1989-01-30,6.500000096857548,0.1857142884816442,-5.000000074505806,85.31428698556763,0.0,107.52
1989-02-06,8.400000125169754,2.742857183728899,-3.400000050663948,89.04285846969911,0.9000000134110451,107.5
1989-02-13,12.4000001847744,3.642857197139944,-1.100000016391277,84.41428697215659,5.4999998807907104,107.47
1989-02-20,13.500000201165676,5.385714365967682,-1.100000016391277,83.85714410671166,13.200000144541264,107.46
1989-02-27,13.500000201165676,4.97142864550863,-2.3000000342726707,82.87142980630908,4.400000050663948,107.42
1989-03-06,17.00000025331974,6.685714385339192,1.100000016391277,82.52857265834298,7.599999979138374,107.48
1989-03-13,16.600000247359276,7.071428676801069,1.0000000149011612,80.84285834750959,11.299999997019768,107.5
1989-03-20,14.900000222027302,6.357142951871667,-1.80000002682209,77.7285725868174,6.400000095367432,107.46
1989-03-27,18.6000002771616,6.9428572463137765,0.4000000059604645,72.7285725123116,8.600000217556953,107.455
1989-04-03,23.100000344216824,7.571428684251649,-2.7000000402331352,74.20000110566616,0.5000000074505806,107.45
1989-04-10,15.100000225007534,6.828571530325072,1.100000016391277,81.91428693490369,8.800000190734863,107.4
1989-04-17,24.00000035762787,12.857143048729215,5.4000000804662704,74.84285825810262,5.899999842047691,107.4
1989-04-24,18.6000002771616,8.528571555657047,-1.3000000193715096,78.6857154582228,28.79999941587448,107.42
1989-05-01,20.10000029951334,8.557142984654222,1.80000002682209,80.41428691255194,20.90000057220459,107.53
1989-05-08,21.60000032186508,11.52857160036053,1.80000002682209,76.20000113546848,0.0,107.48
1989-05-15,23.100000344216824,13.171428767698151,5.000000074505806,75.48571541053909,10.599999785423279,107.44
1989-05-22,27.700000412762165,16.42857167337622,4.500000067055225,63.21428665625198,0.0,107.39
1989-05-29,27.500000409781933,18.042857411716664,5.900000087916851,56.92857227687325,0.0,107.35
1989-06-05,25.100000374019142,12.871428763227803,5.200000077486038,78.28571545226234,18.600000023841858,107.31
1989-06-12,24.8000003695488,14.25714306959084,5.700000084936619,75.51428683953625,7.5,107.25
1989-06-19,26.30000039190054,17.200000256299973,7.800000116229057,63.300000943243504,0.4000000059604645,107.2
1989-06-26,29.50000043958425,20.271428873496397,10.900000162422655,68.28571530325073,3.099999912083149,107.195
1989-07-03,29.300000436604023,16.84285739383527,7.900000117719173,80.68571548802512,19.499999679625034,107.19
1989-07-10,32.20000047981739,21.857143182839668,13.300000198185444,71.50000106543303,2.1999999284744263,107.17
1989-07-17,25.100000374019142,16.885714537331037,11.000000163912771,68.2000010162592,1.1000000014901161,107.15
1989-07-24,31.20000046491623,17.95714312472514,9.3000001385808,69.92857247058835,11.79999989271164,107.05
1989-07-31,27.60000041127205,18.914285996130534,10.900000162422655,77.00000114738941,32.500000312924385,107.07
1989-08-07,27.3000004068017,15.171428797500473,9.00000013411045,78.10000116378069,14.800000101327896,107.05
1989-08-14,29.200000435113907,19.81428600954158,12.500000186264517,74.25714396366051,3.4999999180436134,106.95
1989-08-21,33.80000050365925,22.100000329315662,11.60000017285347,68.22857244525638,0.0,106.93
1989-08-28,30.100000448524952,16.20000024139881,7.500000111758709,75.41428683804614,17.09999978542328,106.945
1989-09-04,23.600000351667404,13.18571448219674,5.700000084936619,79.14285832217762,8.600000143051147,106.96
1989-09-11,24.600000366568565,15.70000023394823,8.00000011920929,76.45714399644307,0.0,106.95
1989-09-18,28.80000042915344,16.41428595887763,6.200000092387199,77.61428687082869,17.799999713897705,106.95
1989-09-25,27.3000004068017,18.64285742065736,13.600000202655792,81.14285835197994,1.1000000014901161,107.08
1989-10-02,18.80000028014183,12.342857326780047,8.100000120699406,86.0714298539928,8.800000309944153,106.94
1989-10-09,19.60000029206276,8.442857268665518,1.100000016391277,85.62857270453658,10.700000196695328,106.95
1989-10-16,17.50000026077032,9.957143005515848,3.700000055134296,82.80000123381615,4.000000007450581,106.93
1989-10-23,24.50000036507845,13.785714491137437,3.400000050663948,75.15714397707156,0.2000000029802322,106.9
1989-10-30,22.30000033229589,14.34285735658237,7.800000116229057,79.2857154671635,12.599999606609343,106.82
1989-11-06,15.100000225007534,9.357142996575151,2.7000000402331352,87.91428702431065,56.60000117123127,107.14
1989-11-13,11.400000169873238,4.271428635077817,-1.3000000193715096,85.98571556700128,14.799999594688414,107.16
1989-11-20,10.900000162422655,1.9714286008051463,-3.400000050663948,77.97142973329339,1.399999976158142,107.13
1989-11-27,4.700000070035458,-0.4714285784534046,-5.700000084936619,93.07142995830093,24.40000043064356,107.15
1989-12-04,5.000000074505806,-2.4285714647599628,-8.600000128149986,86.71428700642926,0.1000000014901161,107.17
1989-12-11,5.200000077486038,0.27142857547317234,-7.500000111758709,89.60000133514404,4.199999965727329,107.18
1989-12-18,14.900000222027302,8.72857155863728,0.1000000014901161,80.31428691106183,16.199999764561653,107.22
1989-12-25,14.100000210106373,8.228571551186699,2.0000000298023224,79.85714404710701,18.900000385940075,107.23
1990-01-01,4.000000059604645,-1.3285714483686857,-6.000000089406967,86.82857272241797,0.0,107.29
1990-01-08,2.0000000298023224,-2.0857143167938506,-7.500000111758709,84.85714412161282,2.199999988079071,107.32
1990-01-15,6.70000009983778,3.2428571911794797,-1.3000000193715096,88.27142988677535,4.599999979138374,107.32
1990-01-22,10.600000157952309,6.357142951871667,2.0000000298023224,82.11428693788392,1.4999999850988388,107.29
1990-01-29,12.600000187754633,5.900000087916851,0.6000000089406967,76.45714399644307,6.800000011920929,107.29
1990-02-05,11.800000175833702,6.34285723737308,-0.5000000074505806,75.67142969902072,3.299999952316284,107.25
1990-02-12,16.600000247359276,6.157142948891435,-0.800000011920929,74.01428681718451,2.6000000983476643,107.34
1990-02-19,16.300000242888927,4.557142925049577,0.2000000029802322,83.42857267175403,18.399999856948853,107.32
1990-02-26,20.10000029951334,10.142857293997492,-0.2000000029802322,72.64285822532007,2.200000047683716,107.3
1990-03-05,9.80000014603138,4.042857203100409,-0.5000000074505806,82.45714408585003,15.999999858438969,107.36
1990-03-12,17.50000026077032,8.885714418121747,2.500000037252903,76.44285828194448,9.100000143051147,107.35
1990-03-19,21.60000032186508,8.542857270155634,0.5000000074505806,70.87142962749515,0.0,107.34
1990-03-26,19.000000283122063,8.928571561617511,3.200000047683716,76.11428684847695,4.200000107288361,107.33
1990-04-02,22.100000329315662,8.442857268665518,0.9000000134110451,78.48571545524257,0.5,107.32
1990-04-09,20.60000030696392,5.171428648488862,-3.700000055134296,72.0000010728836,5.300000190734863,107.28
1990-04-16,18.80000028014183,7.114285820296833,-4.400000065565109,75.90000113099813,11.799999952316284,107.27
1990-04-23,18.80000028014183,10.028571578008789,0.6000000089406967,77.51428686933858,5.0999999567866325,107.27
1990-04-30,19.10000028461218,9.342857282076563,3.200000047683716,83.04285838029215,19.699999645352364,107.24
1990-05-07,27.500000409781933,15.871428807931286,4.700000070035458,65.75714383700064,0.0,107.23
1990-05-14,25.700000382959843,15.885714522429875,8.100000120699406,71.58571535242456,4.099999941885471,107.21
1990-05-21,24.100000359117985,13.700000204145908,3.700000055134296,68.14285815826484,0.9000000283122063,107.16
1990-05-28,25.50000037997961,13.514285915664264,3.9000000581145287,59.414286599627566,0.2000000029802322,107.155
1990-06-04,26.00000038743019,14.48571450156825,2.200000032782554,68.10000101476908,17.69999984651804,107.15
1990-06-11,22.100000329315662,13.98571449411767,6.500000096857548,83.48571552974838,45.299998857080936,107.14
1990-06-18,26.700000397861004,16.20000024139881,9.100000135600569,75.51428683953625,2.0999999046325684,107.15
1990-06-25,28.80000042915344,17.728571692747728,10.500000156462193,74.88571540159839,22.099999964237213,107.17
1990-07-02,29.200000435113907,20.857143167938506,11.30000016838312,69.90000104159117,6.900000095367432,107.14
1990-07-09,21.1000003144145,15.628571661455291,9.900000147521496,72.62857251082148,16.800000071525574,107.13
1990-07-16,27.000000402331352,16.50000024586916,7.700000114738941,64.90000096708536,4.5,107.11
1990-07-23,27.200000405311584,16.9285716808268,8.600000128149986,67.14285814336368,0.699999988079071,107.04
1990-07-30,32.70000048726797,19.742857437048638,10.000000149011612,62.45714378782681,0.0,107.0
1990-08-06,35.10000052303076,22.300000332295895,11.500000171363354,50.828572185976164,6.900000095367432,106.97
1990-08-13,32.70000048726797,19.000000283122063,8.800000131130219,61.58571520341294,3.9999999701976776,106.94
1990-08-20,30.00000044703484,17.885714552232198,9.80000014603138,70.2285724750587,11.899999976158142,106.93
1990-08-27,29.800000444054604,17.30000025779009,7.400000110268593,71.20000106096268,13.800000190734863,106.925
1990-09-03,31.80000047385693,19.08571457011359,12.10000018030405,69.11428674416882,15.399999856948853,106.92
1990-09-10,19.30000028759241,12.928571621222156,8.300000123679638,82.71428694682461,16.29999977350235,106.92
1990-09-17,18.0000002682209,12.257143039788518,4.000000059604645,79.90000119060278,4.899999976158142,106.9
1990-09-24,19.60000029206276,11.60000017285347,8.00000011920929,75.35714398005179,11.800000160932541,106.91
1990-10-01,22.800000339746475,12.385714470275811,5.500000081956387,76.60000114142895,5.3999999687075615,106.92
1990-10-08,21.50000032037497,12.414285899272986,6.400000095367432,77.014286861888,1.9999999776482582,106.93
1990-10-15,24.100000359117985,12.585714473256044,3.9000000581145287,75.05714397558144,0.0,106.9
1990-10-22,23.500000350177288,11.085714450904302,-1.600000023841858,78.10000116378069,4.099999964237213,106.92
1990-10-29,13.600000202655792,6.5857143838490755,0.0,71.85714392789772,6.9999998807907104,106.94
1990-11-05,12.500000186264517,6.128571519894259,0.9000000134110451,84.67142983313117,15.699999786913395,106.94
1990-11-12,10.000000149011612,5.342857222471919,-0.9000000134110451,88.41428703176123,6.3999998569488525,106.97
1990-11-19,13.600000202655792,8.042857262705054,4.200000062584877,84.30000125616789,38.799999333918095,107.06
1990-11-26,7.800000116229057,3.542857195649828,-1.3000000193715096,88.28571560127395,14.200000047683716,107.055
1990-12-03,4.200000062584877,1.1142857308898653,-4.200000062584877,92.20000137388706,5.699999928474426,107.05
1990-12-10,5.200000077486038,-0.9285714424082211,-7.900000117719173,85.65714413353375,7.400000125169754,107.06
1990-12-17,2.500000037252903,0.014285714498588018,-2.600000038743019,93.42857282076564,15.40000031143427,107.1
1990-12-24,5.200000077486038,1.1285714453884532,-2.600000038743019,87.60000130534172,2.7999999672174454,107.14
1990-12-31,11.30000016838312,3.7285714841314723,-3.1000000461936,78.17142973627362,7.10000005364418,107.2
1991-01-07,11.800000175833702,5.828571515423911,1.5000000223517418,79.08571546418327,8.499999932944775,107.23
1991-01-14,16.100000239908695,5.214285791984627,-5.000000074505806,75.02857254658427,5.100000150501728,107.27
1991-01-21,8.600000128149986,-0.9285714424082211,-8.00000011920929,70.24285818955728,1.7999999523162842,107.31
1991-01-28,3.000000044703484,0.6428571524364608,-1.3000000193715096,92.12857280139413,1.5000000298023224,107.34
1991-02-04,1.3000000193715096,-4.61428578304393,-11.10000016540289,68.21428673075778,0.3000000119209289,107.37
1991-02-11,4.500000067055225,-6.128571519894259,-16.100000239908695,79.18571546567338,6.30000002682209,107.38
1991-02-18,2.500000037252903,-3.38571433616536,-9.00000013411045,85.51428698854787,4.6999999806284904,107.37
1991-02-25,12.500000186264517,3.6571429116385326,-8.600000128149986,78.8000011742115,1.9999999403953552,107.36
1991-03-04,11.500000171363354,2.1714286037853787,-3.6000000536441803,77.9571440187948,0.0,107.36
1991-03-11,13.600000202655792,7.514285826257297,1.600000023841858,78.62857260022845,0.1000000014901161,107.36
1991-03-18,18.100000269711018,9.400000140070915,1.100000016391277,75.8142868440066,7.0,107.37
1991-03-25,19.30000028759241,8.457142983164106,3.700000055134296,81.35714406945876,16.799999848008156,107.35
1991-04-01,10.900000162422655,4.100000061094761,-1.80000002682209,70.90000105649233,4.900000192224979,107.33
1991-04-08,19.500000290572643,10.0142858635102,4.90000007301569,71.98571535838502,5.899999916553497,107.29
1991-04-15,19.60000029206276,10.985714449414186,0.2000000029802322,59.0142865936671,0.0,107.26
1991-04-22,12.10000018030405,2.471428608255727,-4.500000067055225,76.52857256893601,14.000000372529032,107.25
1991-04-29,15.600000232458116,6.542857240353312,-1.600000023841858,83.17142981077943,4.8999999687075615,107.24
1991-05-06,12.800000190734863,7.457142968262945,1.3000000193715096,77.77142973031316,3.8000000715255737,107.22
1991-05-13,18.50000027567148,10.100000150501728,0.2000000029802322,73.685715383717,13.400000005960464,107.23
1991-05-20,17.600000262260437,9.371428711073738,0.6000000089406967,70.60000105202198,8.500000074505806,107.23
1991-05-27,19.30000028759241,10.200000151991844,2.0000000298023224,74.24285824916193,14.00000011920929,107.22
1991-06-03,23.000000342726707,13.98571449411767,3.6000000536441803,62.35714378633669,2.799999952316284,107.21
1991-06-10,21.1000003144145,13.442857343171324,3.200000047683716,68.10000101476908,5.300000071525574,107.18
1991-06-17,23.80000035464764,15.371428800480706,9.80000014603138,67.1285724288651,39.50000077486038,107.16
1991-06-24,26.80000039935112,16.07142881091152,7.300000108778477,69.48571532113212,9.99999988079071,107.19
1991-07-01,27.000000402331352,16.37142881538187,8.900000132620335,72.42857250784125,14.599999904632568,107.16
1991-07-08,32.30000048130751,23.014286057225295,12.000000178813934,58.028572293264524,0.0,107.12
1991-07-15,34.80000051856041,21.942857469831193,13.000000193715096,68.70000102370977,2.2000000029802322,107.11
1991-07-22,23.600000351667404,17.742857407246316,11.500000171363354,63.800000950694084,0.3000000119209289,107.05
1991-07-29,30.00000044703484,19.185714571603707,8.600000128149986,64.44285810313055,10.20000010728836,107.0
1991-08-05,28.60000042617321,21.342857460890496,13.300000198185444,73.18571537626642,26.299999982118607,107.02
1991-08-12,34.00000050663948,21.600000321865082,13.600000202655792,66.38571527493852,8.600000143051147,107.0
1991-08-19,28.80000042915344,17.542857404266083,9.400000140070915,65.17142954255853,5.600000202655792,107.0
1991-08-26,29.300000436604023,17.6428574057562,9.500000141561031,66.22857241545405,1.2999999523162842,106.975
1991-09-02,27.200000405311584,16.50000024586916,8.100000120699406,67.08571528536933,0.5,106.95
1991-09-09,28.80000042915344,15.885714522429875,9.600000143051147,63.60000094771385,0.2000000029802322,106.92
1991-09-16,26.600000396370888,15.685714519449643,2.1000000312924385,60.22857232604708,1.899999976158142,106.9
1991-09-23,26.80000039935112,15.014285938016005,4.700000070035458,71.37142963494573,8.399999856948853,106.89
1991-09-30,26.100000388920307,15.657143090452466,8.100000120699406,69.47142960663352,1.7999999672174454,106.87
1991-10-07,21.50000032037497,12.757143047239099,5.900000087916851,66.07142955596957,2.299999952316284,106.86
1991-10-14,23.80000035464764,13.914285921624728,5.500000081956387,70.37142962004457,1.5,106.84
1991-10-21,20.000000298023224,8.471428697662693,0.1000000014901161,69.0142867426787,3.4000000655651093,106.82
1991-10-28,10.000000149011612,3.9285714871117046,-2.600000038743019,71.48571535093444,4.5000001192092896,106.825
1991-11-04,14.900000222027302,4.928571502012866,-3.200000047683716,72.34285822084972,7.099999904632568,106.83
1991-11-11,12.800000190734863,5.871428658919675,1.100000016391277,78.6857154582228,14.699999570846558,106.82
1991-11-18,12.500000186264517,4.757142928029809,-0.2000000029802322,81.35714406945876,10.899999715387821,106.83
1991-11-25,6.000000089406967,1.9142857428107942,-5.200000077486038,85.02857269559588,2.400000035762787,106.84
1991-12-02,8.600000128149986,2.3000000342726707,-2.500000037252903,87.67142987783465,0.3000000044703483,106.85
1991-12-09,4.700000070035458,-0.6571428669350488,-10.100000150501728,88.72857275073018,3.80000002682209,106.84
1991-12-16,5.4000000804662704,-1.8285714558192663,-11.800000175833702,71.81428678440196,0.0,106.84
1991-12-23,11.900000177323818,4.285714349576405,-2.0000000298023224,81.07142977948699,30.399999976158142,106.86
1991-12-30,11.30000016838312,2.3285714632698467,-1.600000023841858,82.72857266132321,9.100000008940697,106.92
1992-01-06,9.00000013411045,4.271428635077817,-2.1000000312924385,76.87142971690211,15.900000095367432,106.99
1992-01-13,12.800000190734863,3.1428571896893636,-5.500000081956387,81.88571550590652,6.500000238418579,107.02
1992-01-20,6.000000089406967,2.457142893757139,-7.300000108778477,85.0000012665987,21.99999926239252,107.12
1992-01-27,3.200000047683716,-2.9142857577119554,-9.80000014603138,85.21428698407752,1.1000000014901161,107.14
1992-02-03,4.700000070035458,-0.42857143495764044,-3.000000044703484,92.22857280288424,3.4999999925494194,107.16
1992-02-10,8.50000012665987,3.857142914618765,-0.9000000134110451,82.82857266281333,10.000000298023224,107.22
1992-02-17,12.300000183284284,5.057142932500158,-2.0000000298023224,78.61428688572985,8.999999970197678,107.24
1992-02-24,8.800000131130219,1.5571428803460938,-5.000000074505806,84.58571554613965,8.699999921023846,107.25
1992-03-02,15.600000232458116,6.4571429533617835,-0.2000000029802322,71.28571534795421,2.0999999046325684,107.32
1992-03-09,15.900000236928465,6.542857240353312,0.4000000059604645,71.02857248697963,8.900000184774399,107.34
1992-03-16,13.500000201165676,3.9142857726131166,-0.6000000089406967,73.928572530193,29.999999880790714,107.44
1992-03-23,13.90000020712614,6.328571522874491,-1.0000000149011612,76.7857154299106,12.200000084936619,107.43
1992-03-30,8.900000132620335,2.542857180748667,-2.200000032782554,82.60000123083591,20.4999997317791,107.58
1992-04-06,14.000000208616257,6.114285805395672,-0.4000000059604645,72.82857251380172,4.300000071525574,107.52
1992-04-13,17.80000026524067,8.457142983164106,0.2000000029802322,57.50000085681677,0.0,107.5
1992-04-20,16.300000242888927,6.728571528834956,0.0,65.42857240353312,3.1000000089406967,107.46
1992-04-27,25.50000037997961,12.271428754287106,-2.500000037252903,58.471429442720755,2.4999999552965164,107.43
1992-05-04,18.30000027269125,10.328571582479137,2.500000037252903,71.51428677993161,16.200000025331974,107.4
1992-05-11,20.800000309944156,11.400000169873238,1.700000025331974,67.41428671883685,10.500000029802322,107.4
1992-05-18,26.600000396370888,15.92857166592564,5.200000077486038,58.528572300715105,0.0,107.36
1992-05-25,27.10000040382147,18.828571709139005,5.700000084936619,48.12857214574303,1.0,107.31
1992-06-01,27.200000405311584,17.628571691257612,7.000000104308128,51.1428579049451,0.0,107.23
1992-06-08,28.60000042617321,19.200000286102295,11.000000163912771,66.55714384892157,9.900000005960464,107.19
1992-06-15,26.100000388920307,16.814285964838096,9.600000143051147,71.58571535242456,5.800000011920929,107.15
1992-06-22,28.60000042617321,19.742857437048638,11.30000016838312,60.30000089854002,2.0000000596046448,107.09
1992-06-29,29.200000435113907,20.157143157507694,9.80000014603138,47.60000070929527,0.0,107.04
1992-07-06,32.00000047683716,20.157143157507694,13.100000195205212,68.54285816422531,28.699999526143074,107.07
1992-07-13,27.60000041127205,18.64285742065736,11.60000017285347,68.25714387425354,6.200000025331974,107.05
1992-07-20,32.30000048130751,20.142857443009103,10.30000015348196,63.314286657742095,7.800000049173832,107.03
1992-07-27,34.20000050961971,21.000000312924385,13.600000202655792,67.41428671883685,27.30000064522028,107.01
1992-08-03,32.600000485777855,21.97142889882837,9.500000141561031,59.3714294561318,0.1000000014901161,106.99
1992-08-10,36.700000546872616,24.07142893012081,10.600000157952309,50.57142932500158,0.0,106.95
1992-08-17,26.00000038743019,16.87142882283245,7.500000111758709,68.30000101774931,6.899999976158142,106.91
1992-08-24,29.800000444054604,19.542857434068406,11.000000163912771,68.92857245568719,14.500000298023224,106.89
1992-08-31,34.1000005081296,21.31428603189332,14.40000021457672,67.2428581448538,23.09999990463257,106.92
1992-09-07,20.800000309944156,13.000000193715096,6.800000101327896,75.60000112652779,9.300000131130219,106.92
1992-09-14,25.00000037252903,14.34285735658237,6.200000092387199,74.45714396664074,4.200000107288361,106.89
1992-09-21,22.600000336766243,13.871428778128964,4.000000059604645,69.41428674863917,0.0,106.87
1992-09-28,25.00000037252903,15.800000235438347,8.900000132620335,72.05714393087796,15.599999785423279,106.89
1992-10-05,18.30000027269125,11.000000163912773,3.200000047683716,78.74285831621715,10.000000096857548,106.91
1992-10-12,17.80000026524067,8.685714415141515,0.2000000029802322,84.47142983015094,1.4999999925494194,106.89
1992-10-19,14.300000213086603,4.842857215021338,-3.6000000536441803,71.50000106543303,2.299999952316284,106.87
1992-10-26,14.900000222027302,5.442857223962035,0.6000000089406967,80.65714405902794,32.50000041723251,106.875
1992-11-02,10.500000156462193,3.985714345106057,-4.200000062584877,80.64285834452936,12.400000035762787,106.88
1992-11-09,14.100000210106373,7.042857247803893,-2.800000041723252,80.31428691106183,1.7999999821186066,106.89
1992-11-16,11.500000171363354,4.657142926539693,-0.1000000014901161,82.17142979587827,14.700000263750553,106.89
1992-11-23,9.100000135600569,4.257142920579229,1.100000016391277,82.21428693937403,11.700000256299973,106.93
1992-11-30,14.40000021457672,5.614285797945091,-1.5000000223517418,80.20000119507313,10.999999791383743,106.95
1992-12-07,12.600000187754633,4.485714352556637,-1.80000002682209,79.21428689467055,5.799999833106995,106.98
1992-12-14,7.500000111758709,3.300000049173832,1.3000000193715096,87.52857273284879,17.90000019222498,106.98
1992-12-21,8.00000011920929,1.757142883326326,-0.9000000134110451,85.70000127702951,7.000000059604645,106.96
1992-12-28,3.000000044703484,-2.7857143272246634,-8.600000128149986,81.52857264344182,0.0,106.965
1993-01-04,1.100000016391277,-7.014285818806717,-14.900000222027302,78.5571440277355,0.0,106.97
1993-01-11,12.500000186264517,5.314285793474743,-8.100000120699406,78.07142973478351,18.399999737739563,107.0
1993-01-18,15.300000227987766,7.171428678291185,0.0,69.58571532262224,6.500000037252903,107.03
1993-01-25,13.000000193715096,6.671428670840604,0.1000000014901161,74.32857253615346,12.699999757111073,107.07
1993-02-01,2.3000000342726707,-2.8571428997176036,-10.500000156462193,78.12857259277787,5.899999976158142,107.11
1993-02-08,7.000000104308128,0.45714286395481646,-9.900000147521496,79.38571546865361,6.3999999538064,107.11
1993-02-15,7.500000111758709,-0.10000000149011605,-3.500000052154064,86.24285842797586,0.0,107.12
1993-02-22,5.500000081956387,0.7428571539265769,-6.200000092387199,82.54285837284156,21.09999990463257,107.17
1993-03-01,6.70000009983778,-1.4714285933545657,-7.000000104308128,79.47142975564513,7.600000195205212,107.21
1993-03-08,6.200000092387199,-1.1714285888842173,-9.600000143051147,78.42857259724822,2.600000001490116,107.27
1993-03-15,15.800000235438349,5.3714286514690945,-5.500000081956387,71.91428678589207,1.6000000536441803,107.28
1993-03-22,17.600000262260437,9.614285857549735,0.9000000134110451,67.91428672628743,5.200000047683716,107.29
1993-03-29,11.500000171363354,2.1285714602896144,-3.000000044703484,74.0428582461817,8.999999955296516,107.32
1993-04-05,16.100000239908695,5.857142944421087,-2.200000032782554,69.11428674416882,2.299999952316284,107.31
1993-04-12,13.100000195205212,5.414285794964859,-2.600000038743019,71.3000010624528,10.499999798834324,107.29
1993-04-19,18.0000002682209,9.72857157353844,1.3000000193715096,65.34285811654159,15.099999725818632,107.29
1993-04-26,26.30000039190054,16.757143106843746,3.1000000461936,52.885715073772836,0.0,107.26
1993-05-03,26.50000039488077,17.51428597526891,8.50000012665987,51.214286477438044,0.1000000014901161,107.23
1993-05-10,25.80000038444996,13.600000202655792,3.1000000461936,64.0285723826715,1.0000000298023224,107.2
1993-05-17,26.50000039488077,16.900000251829624,4.000000059604645,54.25714366563729,4.900000095367432,107.18
1993-05-24,29.700000442564487,17.114285969308444,10.000000149011612,67.67142957981143,36.700000025331974,107.19
1993-05-31,25.600000381469727,16.314285957387515,9.3000001385808,70.42857247803893,22.399999991059303,107.18
1993-06-07,27.3000004068017,17.6428574057562,9.600000143051147,67.57142957832131,4.400000095367432,107.16
1993-06-14,30.00000044703484,17.828571694237844,10.400000154972076,67.88571529729026,23.599999636411667,107.2
1993-06-21,25.300000376999375,15.500000230967999,6.900000102818012,71.35714392044714,11.100000143051147,107.16
1993-06-28,21.800000324845318,13.414285914174148,6.800000101327896,74.48571539563792,13.600000143051147,107.17
1993-07-05,27.60000041127205,18.785714565643243,6.400000095367432,62.5857152183141,21.299999237060547,107.2
1993-07-12,26.30000039190054,14.685714504548482,9.80000014603138,73.00000108778477,37.9000009149313,107.21
1993-07-19,25.300000376999375,17.08571454031127,9.500000141561031,75.75714398601225,34.39999979734421,107.23
1993-07-26,24.300000362098217,16.014285952917167,10.600000157952309,73.25714394875935,29.29999975860119,107.25
1993-08-02,29.300000436604023,18.285714558192662,11.000000163912771,73.84285824320146,24.59999990463257,107.27
1993-08-09,29.300000436604023,18.72857170764889,11.500000171363354,71.70000106841326,33.70000076293945,107.29
1993-08-16,30.300000451505184,18.92857171062912,7.900000117719173,66.22857241545405,10.200000047683716,107.34
1993-08-23,24.300000362098217,16.04285738191434,7.400000110268593,70.98571534348386,32.70000076293945,107.49
1993-08-30,19.30000028759241,12.857143048729215,6.000000089406967,72.54285822382995,14.700000382959844,107.46
1993-09-06,17.100000254809856,11.585714458354882,6.200000092387199,86.2000012844801,26.300000190734863,107.52
1993-09-13,23.80000035464764,14.385714500078134,5.700000084936619,83.78571553421872,14.299999833106995,107.55
1993-09-20,19.60000029206276,11.557143029357706,2.3000000342726707,76.81428685890776,5.000000059604645,107.52
1993-09-27,24.50000036507845,15.41428594397647,8.600000128149986,77.91428687529904,0.699999988079071,107.485
1993-10-04,18.6000002771616,10.842857304428305,2.0000000298023224,74.00000110268593,2.5999999046325684,107.45
1993-10-11,22.600000336766243,13.300000198185444,6.200000092387199,79.24285832366773,18.099999725818634,107.42
1993-10-18,20.60000030696392,9.142857279096331,-2.800000041723252,75.30000112205744,1.2000000476837158,107.42
1993-10-25,10.100000150501728,4.842857215021338,-3.200000047683716,86.84285843691656,22.20000047981739,107.4
1993-11-01,10.30000015348196,3.9000000581145287,-0.6000000089406967,86.38571557296174,0.0,107.39
1993-11-08,8.800000131130219,3.5714286246470044,-2.7000000402331352,94.44285855016538,11.99999988079071,107.37
1993-11-15,8.400000125169754,4.385714351066521,0.1000000014901161,86.34285842946598,11.200000166893005,107.38
1993-11-22,2.0000000298023224,-2.9142857577119554,-8.900000132620335,85.05714412459305,11.399999655783176,107.39
1993-11-29,1.5000000223517418,-5.200000077486038,-10.100000150501728,85.61428699003798,3.299999952316284,107.35
1993-12-06,11.000000163912771,2.8714286142161916,-12.300000183284284,81.28571549696582,1.200000025331974,107.42
1993-12-13,10.500000156462193,4.657142926539693,0.1000000014901161,78.87142974670444,31.899999678134918,107.51
1993-12-20,13.800000205636024,5.2428572209818025,0.5000000074505806,78.57142974223409,16.9000004529953,107.51
1993-12-27,5.4000000804662704,1.700000025331974,-1.3000000193715096,85.87142985101256,19.399999797344208,107.715
1994-01-03,11.10000016540289,3.0857143316950117,-5.000000074505806,81.28571549696582,28.40000009536743,107.92
1994-01-10,8.800000131130219,4.714285784534046,-0.2000000029802322,81.84285836241075,2.700000025331974,107.95
1994-01-17,12.300000183284284,3.8857143436159407,-3.200000047683716,81.45714407094887,6.499999955296516,107.91
1994-01-24,8.50000012665987,2.500000037252903,-4.500000067055225,76.02857256148543,6.400000110268593,107.84
1994-01-31,10.100000150501728,4.257142920579229,0.4000000059604645,81.07142977948699,22.299999833106995,107.96
1994-02-07,6.70000009983778,2.1000000312924385,-2.1000000312924385,80.70000120252371,1.2999999523162842,107.92
1994-02-14,5.500000081956387,-1.8714285993150301,-12.4000001847744,79.62857261512961,9.800000049173832,107.87
1994-02-21,2.200000032782554,-4.385714351066521,-11.000000163912771,63.68571523470538,1.600000023841858,107.81
1994-02-28,14.900000222027302,2.271428605275495,-9.3000001385808,85.54285841754505,10.199999883770943,107.79
1994-03-07,10.600000157952309,5.457142938460622,-1.100000016391277,78.34285831025669,22.39999993145466,107.9
1994-03-14,16.100000239908695,8.185714407690934,-0.5000000074505806,75.25714397856167,16.300000049173832,108.14
1994-03-21,10.000000149011612,3.5571429101484164,-0.1000000014901161,83.37142981375966,55.69999885559082,108.17
1994-03-28,14.100000210106373,7.085714391299656,-1.5000000223517418,74.21428682016474,12.000000059604645,108.145
1994-04-04,19.60000029206276,9.114285850099154,0.4000000059604645,72.01428678738219,2.899999976158142,108.12
1994-04-11,11.800000175833702,4.771428642528398,-0.6000000089406967,74.94285825959274,17.700000286102295,108.06
1994-04-18,11.30000016838312,6.242857235882964,0.5000000074505806,83.61428696023566,40.199999168515205,108.25
1994-04-25,22.100000329315662,12.414285899272986,-0.800000011920929,58.0571437222617,0.0,108.14
1994-05-02,25.100000374019142,13.04285733721086,5.200000077486038,72.61428679632289,2.400000095367432,108.02
1994-05-09,21.800000324845318,12.728571618241924,1.80000002682209,62.128572354359285,4.200000047683716,107.94
1994-05-16,24.00000035762787,15.27142879899059,6.800000101327896,63.128572369260446,1.6999999806284904,107.84
1994-05-23,23.600000351667404,13.785714491137437,6.900000102818012,79.60000118613243,40.000000178813934,107.87
1994-05-30,21.800000324845318,13.04285733721086,6.000000089406967,76.94285828939506,27.899999916553497,107.82
1994-06-06,26.700000397861004,14.428571643573898,5.4000000804662704,68.58571530772107,13.600000195205212,107.72
1994-06-13,25.300000376999375,14.371428785579544,6.70000009983778,74.10000110417604,1.5,107.65
1994-06-20,25.100000374019142,15.05714308151177,7.200000107288361,70.18571533156293,2.900000095367432,107.53
1994-06-27,31.000000461936,20.22857173000063,6.900000102818012,59.20000088214874,0.0,107.55
1994-07-04,33.20000049471855,22.657143194760597,9.600000143051147,58.471429442720755,0.8999999910593033,107.57
1994-07-11,28.80000042915344,18.814285994640418,11.400000169873238,74.87142968709979,25.50000038743019,107.53
1994-07-18,32.00000047683716,22.814286054245063,14.100000210106373,64.84285810909101,7.0,107.47
1994-07-25,33.10000049322844,22.7714289107493,11.500000171363354,50.32857217852558,0.0,107.35
1994-08-01,36.500000543892384,26.50000039488077,16.800000250339508,51.37142933692251,0.0,107.23
1994-08-08,35.00000052154064,23.171428916709765,14.100000210106373,60.22857232604708,5.400000125169754,107.19
1994-08-15,29.50000043958425,17.542857404266083,10.500000156462193,74.50000111013651,49.49999928474426,107.19
1994-08-22,26.00000038743019,16.271428813891752,8.300000123679638,71.4142867784415,20.500000476837158,107.15
1994-08-29,24.8000003695488,16.85714310833386,11.800000175833702,80.50000119954348,55.50000038743019,107.29
1994-09-05,24.600000366568565,16.400000244379044,9.500000141561031,77.8428583028061,31.80000038444996,107.37
1994-09-12,22.100000329315662,14.714285933545657,9.600000143051147,76.7857154299106,26.500000402331352,107.45
1994-09-19,19.500000290572643,12.742857332740511,8.600000128149986,79.72857261661973,6.699999928474426,107.36
1994-09-26,23.600000351667404,13.085714480706624,4.700000070035458,84.62857268963542,0.0,107.335
1994-10-03,19.80000029504299,12.771428761737686,8.50000012665987,82.05714407988957,15.40000019222498,107.31
1994-10-10,11.30000016838312,5.000000074505806,-1.100000016391277,82.17142979587827,1.0999999791383743,107.25
1994-10-17,18.100000269711018,7.371428681271417,-1.0000000149011612,83.1000012382865,0.0,107.22
1994-10-24,15.900000236928465,6.928571531815188,-4.700000070035458,69.628572466118,1.7000000476837158,107.17
1994-10-31,17.100000254809856,10.414285869470664,3.9000000581145287,77.41428686784846,11.599999904632568,107.15
1994-11-07,17.100000254809856,8.35714298167399,0.2000000029802322,74.87142968709979,0.0,107.12
1994-11-14,13.600000202655792,5.428571509463446,-0.6000000089406967,85.28571555657047,6.000000096857548,107.11
1994-11-21,15.100000225007534,7.971428690212114,2.800000041723252,85.3571441290634,17.599999763071537,107.09
1994-11-28,10.30000015348196,6.142857234392848,-1.100000016391277,92.17142994488988,12.400000214576721,107.12
1994-12-05,10.80000016093254,4.571428639548166,-1.700000025331974,87.81428702282054,7.300000190734863,107.15
1994-12-12,14.100000210106373,7.2285715362855365,-1.3000000193715096,77.38571543885129,16.000000335276127,107.23
1994-12-19,12.10000018030405,2.0000000298023224,-2.800000041723252,83.64285838923284,10.0,107.24
1994-12-26,4.000000059604645,-0.1714285739830562,-4.500000067055225,88.5714298912457,3.799999952316284,107.265
1995-01-02,13.100000195205212,6.0428572329027315,-1.80000002682209,79.8714297616056,15.799999594688416,107.29
1995-01-09,1.100000016391277,-6.285714379378727,-13.90000020712614,88.8142870377217,4.600000090897083,107.31
1995-01-16,5.500000081956387,0.5142857219491684,-6.400000095367432,84.10000125318766,3.7999999597668648,107.32
1995-01-23,11.500000171363354,1.5142857368503297,-3.000000044703484,78.2000011652708,11.500000149011612,107.38
1995-01-30,12.500000186264517,5.04285721800157,-1.100000016391277,79.11428689318043,15.600000023841858,107.51
1995-02-06,11.000000163912771,5.157142933990274,-2.200000032782554,77.42857258234706,7.399999871850014,107.57
1995-02-13,11.500000171363354,4.371428636567933,-5.000000074505806,78.01428687678916,16.19999995827675,107.61
1995-02-20,11.500000171363354,6.600000098347664,1.80000002682209,73.90000110119581,6.899999991059303,107.68
1995-02-27,17.100000254809856,4.014285774103233,-0.6000000089406967,78.37142973925386,7.200000025331974,107.64
1995-03-06,11.30000016838312,5.300000078976154,-1.80000002682209,71.00000105798244,2.000000074505806,107.62
1995-03-13,11.000000163912771,3.2142857621823038,-2.600000038743019,73.52857252423253,0.6000000238418578,107.57
1995-03-20,11.400000169873238,3.2142857621823038,-4.400000065565109,75.07142969008002,6.700000025331974,107.5
1995-03-27,16.600000247359276,5.428571509463446,-1.80000002682209,68.27142958875213,9.299999952316284,107.51
1995-04-03,17.80000026524067,5.25714293548039,-5.200000077486038,77.67142972882304,16.199999809265137,107.52
1995-04-10,13.100000195205212,6.128571519894259,-0.2000000029802322,75.9428582744939,12.999999858438969,107.5
1995-04-17,11.60000017285347,5.357142936970506,-0.1000000014901161,87.6142870198403,28.999999478459358,107.48
1995-04-24,27.10000040382147,12.414285899272986,4.200000062584877,69.64285818061659,8.899999618530273,107.54
1995-05-01,21.1000003144145,10.857143018926893,4.200000062584877,70.84285819849798,8.100000023841858,107.6
1995-05-08,22.30000033229589,13.928571636123317,2.0000000298023224,60.11428661005838,0.800000011920929,107.67
1995-05-15,14.100000210106373,8.42857155416693,1.3000000193715096,78.47142974074397,54.10000019520521,107.72
1995-05-22,18.100000269711018,10.757143017436777,2.1000000312924385,67.64285815081426,8.500000216066837,107.7
1995-05-29,28.300000421702865,18.557143133665836,4.400000065565109,61.08571519596236,1.399999976158142,107.73
1995-06-05,21.300000317394733,14.12857163910355,7.000000104308128,85.42857270155635,66.49999997764826,107.8
1995-06-12,20.500000305473804,12.971428764717919,6.800000101327896,83.98571553719896,41.89999943971634,107.83
1995-06-19,22.000000327825543,14.014285923114844,7.500000111758709,79.74285833111831,39.50000009685755,107.87
1995-06-26,26.700000397861004,16.20000024139881,7.900000117719173,79.24285832366773,12.400000154972076,107.885
1995-07-03,27.000000402331352,19.628571721059934,9.600000143051147,64.57142953361783,10.400000393390657,107.9
1995-07-10,32.70000048726797,20.81428602444274,10.600000157952309,60.95714376547507,0.0,107.84
1995-07-17,30.800000458955765,21.74285746685096,13.500000201165676,72.64285822532007,3.7000000476837163,107.77
1995-07-24,33.20000049471855,20.81428602444274,9.3000001385808,68.15714387276343,23.500000715255737,107.62
1995-07-31,30.800000458955765,22.071428900318487,12.10000018030405,59.342858027134625,0.4000000059604645,107.52
1995-08-07,30.00000044703484,21.457143176879203,11.60000017285347,57.12857227985348,0.0,107.47
1995-08-14,31.80000047385693,20.40000030398369,9.400000140070915,53.84285794517824,14.800000190734863,107.45
1995-08-21,30.800000458955765,20.128571728510515,11.000000163912771,70.7000010535121,17.8999999538064,107.37
1995-08-28,31.000000461936,18.342857416187012,10.000000149011612,73.72857252721276,13.199999809265137,107.425
1995-09-04,18.100000269711018,12.271428754287106,7.500000111758709,83.28571552676814,43.0999998152256,107.48
1995-09-11,24.300000362098217,16.057143096412933,9.00000013411045,72.65714393981865,2.500000096857548,107.44
1995-09-18,23.100000344216824,15.300000227987766,8.00000011920929,78.72857260171857,0.699999988079071,107.41
1995-09-25,19.500000290572643,13.014285908213683,7.300000108778477,85.88571556551116,26.999999403953552,107.39
1995-10-02,17.80000026524067,9.914285862020083,3.000000044703484,81.3000012114644,25.799999810755253,107.41
1995-10-09,24.8000003695488,15.800000235438347,8.800000131130219,82.00000122189522,0.0,107.38
1995-10-16,24.300000362098217,13.785714491137437,7.400000110268593,86.3142870004688,0.0,107.34
1995-10-23,18.0000002682209,9.542857285056796,-1.3000000193715096,80.30000119656324,0.7999999895691872,107.31
1995-10-30,18.80000028014183,10.557143014456544,3.000000044703484,81.1857154954757,8.400000095367432,107.34
1995-11-06,10.80000016093254,2.9428571867091313,-2.7000000402331352,88.51428703325135,34.70000034570694,107.42
1995-11-13,9.400000140070915,4.300000064074993,-3.400000050663948,88.31428703027112,6.200000047683716,107.48
1995-11-20,13.100000195205212,4.028571488601821,-3.000000044703484,84.70000126212835,17.20000024139881,107.5
1995-11-27,7.000000104308128,0.6285714379378727,-5.200000077486038,83.37142981375966,0.400000013411045,107.47
1995-12-04,1.100000016391277,-1.0285714438983373,-4.700000070035458,91.18571564448732,2.6000000089406967,107.44
1995-12-11,1.80000002682209,-2.2285714617797305,-8.50000012665987,90.18571562958616,9.999999910593033,107.41
1995-12-18,1.5000000223517418,-1.65714288183621,-5.200000077486038,89.88571562511581,2.800000049173832,107.43
1995-12-25,11.500000171363354,0.9285714424082211,-9.500000141561031,90.97142992700849,22.799999803304672,107.45
1996-01-01,0.4000000059604645,-5.600000083446503,-11.900000177323818,78.70000117272139,0.0,107.47
1996-01-08,2.7000000402331352,-3.4714286231568883,-9.900000147521496,86.00000128149986,1.2000000476837158,107.47
1996-01-15,7.300000108778477,1.0714285873941012,-2.500000037252903,86.02857271049704,0.0,107.42
1996-01-22,1.3000000193715096,-4.957142931010042,-9.00000013411045,88.62857274924006,0.0,107.38
1996-01-29,-2.600000038743019,-8.557142984654222,-15.000000223517418,76.27142970796142,1.5,107.32
1996-02-05,1.3000000193715096,-5.157142933990274,-11.500000171363354,81.28571549696582,3.200000062584877,107.34
1996-02-12,5.000000074505806,-7.000000104308128,-18.50000027567148,73.51428680973393,0.1000000014901161,107.32
1996-02-19,5.700000084936619,0.9142857279096331,-2.7000000402331352,84.44285840115377,15.199999988079071,107.3
1996-02-26,7.800000116229057,-2.1000000312924385,-9.500000141561031,76.40000113844872,1.1000000163912773,107.295
1996-03-04,10.000000149011612,-0.2714285754731723,-5.500000081956387,79.85714404710701,1.0000000223517418,107.29
1996-03-11,4.200000062584877,-0.9000000134110451,-6.200000092387199,74.95714397409132,4.9000000059604645,107.26
1996-03-18,5.700000084936619,-0.4714285784534046,-6.500000096857548,84.20000125467777,0.2000000029802322,107.24
1996-03-25,12.4000001847744,4.200000062584877,-2.7000000402331352,81.04285835048982,7.300000220537186,107.32
1996-04-01,9.500000141561031,1.1857143033828055,-5.200000077486038,73.442858237241,13.199999749660492,107.33
1996-04-08,16.300000242888927,4.514285781553814,-3.400000050663948,80.828572633011,4.300000190734863,107.36
1996-04-15,14.600000217556952,4.8571429295199255,-3.9000000581145287,73.14285823277065,6.500000089406967,107.34
1996-04-22,27.60000041127205,14.12857163910355,-1.0000000149011612,46.35714354791811,0.0,107.34
1996-04-29,28.000000417232517,13.585714488157205,5.000000074505806,64.8571438235896,9.700000002980232,107.36
1996-05-06,18.6000002771616,10.342857296977725,2.200000032782554,75.75714398601225,24.799999952316284,107.39
1996-05-13,13.300000198185444,8.100000120699406,4.000000059604645,90.78571563852685,12.699999682605265,107.41
1996-05-20,23.100000344216824,12.514285900763102,5.900000087916851,83.77142981972013,27.000000096857548,107.42
1996-05-27,21.800000324845318,13.285714483686856,6.200000092387199,75.7000011280179,7.100000239908695,107.395
1996-06-03,29.300000436604023,15.000000223517418,2.500000037252903,73.10000108927488,18.499999523162842,107.37
1996-06-10,32.70000048726797,20.928571740431444,8.800000131130219,66.82857242439475,9.200000204145908,107.35
1996-06-17,28.80000042915344,16.64285739085504,7.000000104308128,67.40000100433826,1.5,107.3
1996-06-24,25.300000376999375,12.500000186264515,8.800000131130219,76.14285827747413,5.299999907612801,107.22
1996-07-01,22.30000033229589,14.757143077041421,7.900000117719173,74.67142968411956,9.600000143051147,107.18
1996-07-08,27.000000402331352,15.857143093432699,9.00000013411045,75.27142969306026,57.299998909235,107.17
1996-07-15,25.80000038444996,16.485714531370572,9.100000135600569,78.88571546120303,7.300000086426735,107.16
1996-07-22,24.50000036507845,14.642857361052718,6.000000089406967,67.20000100135803,4.699999988079071,107.17
1996-07-29,26.30000039190054,17.942857410226548,9.3000001385808,76.15714399197272,24.799999430775642,107.18
1996-08-05,27.500000409781933,17.80000026524067,9.900000147521496,72.82857251380172,1.899999976158142,107.22
1996-08-12,26.50000039488077,18.614285991660186,10.500000156462193,71.55714392342738,20.299999713897705,107.26
1996-08-19,27.80000041425228,17.08571454031127,11.500000171363354,84.20000125467777,45.299999572336674,107.29
1996-08-26,28.700000427663326,19.371428860085352,12.800000190734863,69.81428675459964,19.999999403953552,107.255
1996-09-02,21.800000324845318,15.214285940996238,7.400000110268593,76.32857256595578,1.399999976158142,107.22
1996-09-09,21.800000324845318,12.31428589778287,6.70000009983778,80.14285833707878,9.400000229477882,107.22
1996-09-16,15.800000235438349,10.500000156462193,5.700000084936619,84.17142982568059,7.30000002682209,107.2
1996-09-23,15.500000230968,8.85714298912457,4.500000067055225,84.71428697662694,4.300000071525574,107.18
1996-09-30,20.30000030249357,11.214285881391593,5.500000081956387,86.72857272092786,16.399999514222145,107.17
1996-10-07,21.60000032186508,11.128571594400066,5.500000081956387,83.31428695576531,8.70000022649765,107.18
1996-10-14,18.6000002771616,10.914285876921245,4.400000065565109,84.95714412310294,0.2000000029802322,107.18
1996-10-21,19.10000028461218,10.671428730445248,4.500000067055225,89.6571441931384,28.49999924004078,107.25
1996-10-28,15.600000232458116,8.171428693192345,1.0000000149011612,84.62857268963542,2.1999999061226845,107.245
1996-11-04,15.400000229477882,10.600000157952309,6.500000096857548,77.20000115036964,8.500000074505806,107.24
1996-11-11,16.00000023841858,8.085714406200818,1.3000000193715096,78.22857259426799,8.899999849498272,107.25
1996-11-18,13.000000193715096,4.90000007301569,0.2000000029802322,93.5857156802501,11.700000196695328,107.29
1996-11-25,7.200000107288361,1.771428597824914,-2.7000000402331352,79.37142975415502,0.700000025331974,107.28
1996-12-02,4.90000007301569,1.0428571583969253,-1.80000002682209,90.1285727715918,22.199999928474426,107.29
1996-12-09,10.000000149011612,1.3285714483686857,-2.600000038743019,82.47142980034862,0.0,107.34
1996-12-16,4.400000065565109,0.22857143197740828,-6.400000095367432,88.40000131726265,8.200000047683716,107.32
1996-12-23,4.700000070035458,-4.0857143465961725,-16.300000242888927,88.2285727432796,17.699999786913395,107.3
1996-12-30,-5.4000000804662704,-11.500000171363354,-21.000000312924385,84.42857268665519,0.1000000014901161,107.29
1997-01-06,-5.500000081956387,-10.400000154972076,-19.80000029504299,87.9857155968036,6.400000095367432,107.27
1997-01-13,1.3000000193715096,-5.014285789004394,-9.100000135600569,89.91428705411298,0.7000000178813934,107.26
1997-01-20,5.500000081956387,-1.3857143063630377,-8.400000125169754,82.54285837284156,5.5,107.23
1997-01-27,5.500000081956387,1.0142857293997491,-4.500000067055225,83.14285838178226,3.400000035762787,107.255
1997-02-03,3.000000044703484,-0.05714285799435207,-7.200000107288361,84.58571554613965,3.100000023841858,107.28
1997-02-10,12.300000183284284,4.82857150052275,-0.5000000074505806,75.72857255701508,8.00000011920929,107.32
1997-02-17,11.900000177323818,3.4857143376554762,-3.200000047683716,76.10000113397837,19.500000573694706,107.41
1997-02-24,15.100000225007534,7.257142965282712,0.2000000029802322,72.78571537030595,8.099999830126762,107.5
1997-03-03,19.30000028759241,8.57142869915281,0.5000000074505806,66.41428670393569,7.900000095367432,107.51
1997-03-10,15.900000236928465,6.285714379378727,-1.600000023841858,74.72857254211392,0.3000000119209289,107.5
1997-03-17,15.600000232458116,6.214285806885788,-0.5000000074505806,81.85714407690934,7.099999964237213,107.52
1997-03-24,6.800000101327896,1.714285739830562,-3.500000052154064,76.15714399197272,13.400000095367432,107.51
1997-03-31,13.500000201165676,6.4571429533617835,-1.80000002682209,72.2428582193596,5.999999970197678,107.47
1997-04-07,16.00000023841858,5.500000081956387,-2.7000000402331352,72.1142867888723,16.60000044107437,107.45
1997-04-14,13.000000193715096,5.68571437043803,-4.200000062584877,66.4000009894371,7.200000107288361,107.45
1997-04-21,12.000000178813934,3.8285714856215884,-3.500000052154064,67.62857243631568,5.400000065565109,107.44
1997-04-28,17.100000254809856,9.042857277606215,-1.700000025331974,65.6857152645077,3.3999999836087227,107.38
1997-05-05,23.300000347197056,12.800000190734863,4.500000067055225,76.44285828194448,14.299999713897705,107.37
1997-05-12,24.100000359117985,12.128571609301227,1.100000016391277,64.45714381762913,15.100000336766243,107.34
1997-05-19,28.60000042617321,19.88571458203452,11.400000169873238,68.42857244823661,0.0,107.3
1997-05-26,25.100000374019142,11.542857314859118,0.5000000074505806,76.44285828194448,23.00000075995922,107.29
1997-06-02,20.60000030696392,10.928571591419834,1.3000000193715096,72.2428582193596,16.799999989569187,107.28
1997-06-09,26.600000396370888,18.08571455521243,6.500000096857548,57.728572288794176,0.0,107.23
1997-06-16,27.80000041425228,18.557143133665836,10.500000156462193,66.38571527493852,10.599999785423279,107.18
1997-06-23,21.1000003144145,14.457143072571073,6.800000101327896,72.65714393981865,12.399999916553497,107.19
1997-06-30,32.20000047981739,18.057143126215255,9.100000135600569,71.58571535242456,6.0999999195337296,107.18
1997-07-07,25.50000037997961,17.857143123235023,11.000000163912771,70.5857153375234,5.299999952316284,107.22
1997-07-14,26.700000397861004,19.44285743257829,9.500000141561031,58.51428658621652,0.2000000029802322,107.17
1997-07-21,24.50000036507845,17.15714311280421,13.000000193715096,84.85714412161282,82.60000145435333,107.19
1997-07-28,28.000000417232517,18.742857422147477,13.300000198185444,73.35714395024947,23.09999918937683,107.195
1997-08-04,27.000000402331352,18.057143126215255,10.900000162422655,71.75714392640761,10.100000262260437,107.2
1997-08-11,29.200000435113907,20.928571740431444,12.000000178813934,65.35714383104018,0.3000000119209289,107.2
1997-08-18,31.20000046491623,21.342857460890496,12.000000178813934,61.71428663390024,7.599999904632568,107.18
1997-08-25,31.100000463426117,22.61428605126483,14.100000210106373,63.14285808375904,1.100000023841858,107.12
1997-09-01,30.300000451505184,19.60000029206276,11.500000171363354,70.95714391448668,17.699999809265137,107.07
1997-09-08,27.80000041425228,18.285714558192662,10.500000156462193,76.38571542395013,5.5,107.04
1997-09-15,27.80000041425228,13.357143056179796,6.200000092387199,69.91428675608975,17.599999248981476,107.03
1997-09-22,23.600000351667404,12.10000018030405,1.80000002682209,69.12857245866742,0.1000000014901161,107.01
1997-09-29,22.30000033229589,12.128571609301227,3.000000044703484,72.57142965282712,0.8999999761581421,107.01
1997-10-06,23.300000347197056,12.67142876024757,7.800000116229057,77.257144008364,6.700000241398811,106.99
1997-10-13,23.600000351667404,13.142857338700976,6.500000096857548,78.35714402475527,24.90000019222498,107.01
1997-10-20,19.000000283122063,6.957142960812364,-0.5000000074505806,82.12857265238252,7.79999977350235,107.02
1997-10-27,9.00000013411045,2.471428608255727,-3.400000050663948,77.71428687231881,3.7999999076128006,107.01
1997-11-03,9.100000135600569,1.4000000208616257,-6.000000089406967,81.71428693192345,0.8000000268220901,107.0
1997-11-10,17.30000025779009,7.000000104308128,-3.500000052154064,76.0571439904826,5.799999952316284,107.0
1997-11-17,12.500000186264517,5.128571504993098,1.700000025331974,88.07142988379512,20.699999630451206,107.02
1997-11-24,4.200000062584877,0.07142857249294009,-4.200000062584877,84.95714412310294,0.2000000029802322,107.05
1997-12-01,9.900000147521496,2.9714286157063077,-0.2000000029802322,89.70000133663416,2.0999999791383743,107.04
1997-12-08,6.900000102818012,1.2285714468785696,-2.200000032782554,90.78571563852685,24.600000247359276,107.09
1997-12-15,11.500000171363354,4.54285721055099,-6.200000092387199,85.64285841903516,17.19999998807907,107.14
1997-12-22,2.0000000298023224,-2.9142857577119554,-12.300000183284284,84.12857268218484,7.4000000059604645,107.2
1997-12-29,13.300000198185444,5.271428649978978,-0.2000000029802322,81.82857264791217,8.800000250339508,107.23
1998-01-05,10.400000154972076,5.900000087916851,-0.4000000059604645,70.40000104904175,7.799999952316284,107.24
1998-01-12,12.500000186264517,6.685714385339192,-1.100000016391277,76.771429715412,6.600000023841858,107.22
1998-01-19,9.00000013411045,4.442857209060874,-1.3000000193715096,76.95714400389365,8.600000001490116,107.24
1998-01-26,4.90000007301569,-1.9571428863065583,-12.000000178813934,89.31428704517228,7.799999810755253,107.265
1998-02-02,1.100000016391277,-5.1142857904945105,-16.800000250339508,78.42857259724822,6.30000002682209,107.29
1998-02-09,7.700000114738941,1.628571452839034,-6.500000096857548,72.68571536881583,0.1000000014901161,107.25
1998-02-16,14.100000210106373,9.771428717034203,1.600000023841858,67.74285815230438,6.000000178813934,107.26
1998-02-23,16.300000242888927,6.028571518404143,1.3000000193715096,77.32857258085694,6.5,107.29
1998-03-02,10.000000149011612,6.371428666370256,0.5000000074505806,81.50000121444464,8.399999991059303,107.37
1998-03-09,18.80000028014183,6.242857235882964,-3.1000000461936,74.62857254062381,30.600000098347664,107.43
1998-03-16,8.100000120699406,2.0428571732980862,-3.700000055134296,75.90000113099813,14.100000195205212,107.42
1998-03-23,9.600000143051147,3.4571429086583003,-2.7000000402331352,73.35714395024947,8.099999815225601,107.52
1998-03-30,17.30000025779009,6.371428666370256,-5.200000077486038,64.81428668009383,0.1000000014901161,107.5
1998-04-06,19.500000290572643,11.714285888842173,6.200000092387199,73.10000108927488,6.000000096857548,107.47
1998-04-13,15.900000236928465,7.300000108778477,0.9000000134110451,78.14285830727646,18.799999713897705,107.46
1998-04-20,15.600000232458116,7.028571533305304,-0.5000000074505806,72.51428679483277,0.2000000029802322,107.45
1998-04-27,23.600000351667404,13.54285734466144,2.3000000342726707,71.84285821339914,4.499999932944775,107.425
1998-05-04,23.000000342726707,13.800000205636024,5.200000077486038,73.24285823426077,2.699999988079071,107.4
1998-05-11,28.200000420212746,16.028571667415754,4.200000062584877,65.94285812548229,0.1000000014901161,107.34
1998-05-18,29.300000436604023,14.900000222027302,3.200000047683716,60.91428662197931,0.3000000119209289,107.29
1998-05-25,23.300000347197056,12.114285894802638,4.90000007301569,70.11428675906998,6.600000023841858,107.28
1998-06-01,29.50000043958425,17.857143123235023,7.700000114738941,71.10000105947256,3.500000052154064,107.21
1998-06-08,34.00000050663948,20.557143163468158,9.500000141561031,64.84285810909101,9.699999861419201,107.22
1998-06-15,26.30000039190054,15.614285946956702,4.700000070035458,70.64285819551775,30.500000096857548,107.18
1998-06-22,28.60000042617321,17.00000025331974,9.500000141561031,74.22857253466334,11.700000047683716,107.14
1998-06-29,27.200000405311584,18.21428598569972,10.30000015348196,73.10000108927488,8.100000143051147,107.12
1998-07-06,23.100000344216824,15.742857377443995,10.000000149011612,75.68571541351932,14.900000348687172,107.08
1998-07-13,24.8000003695488,15.000000223517418,9.500000141561031,79.24285832366773,22.29999963194132,107.06
1998-07-20,32.70000048726797,18.100000269711018,10.100000150501728,64.77142953659806,2.800000011920929,107.05
1998-07-27,35.80000053346157,20.771428880946978,10.100000150501728,68.38571530474084,12.600000001490116,107.04
1998-08-03,26.00000038743019,18.271428843694075,9.900000147521496,71.31428677695138,24.400000393390656,107.03
1998-08-10,31.20000046491623,19.51428600507123,8.50000012665987,62.071429496364935,0.0,107.02
1998-08-17,34.70000051707029,20.042857441518986,11.60000017285347,64.68571524960655,12.600000381469727,107.0
1998-08-24,27.500000409781933,16.34285738638469,7.900000117719173,68.95714388468436,11.999999791383743,106.98
1998-08-31,17.50000026077032,12.157143038298402,8.50000012665987,82.95714409330061,42.90000081062317,107.04
1998-09-07,22.30000033229589,15.614285946956702,6.200000092387199,81.10000120848417,10.000000417232513,107.08
1998-09-14,24.8000003695488,15.20000022649765,5.700000084936619,80.77142977501664,34.20000009983779,107.14
1998-09-21,19.10000028461218,12.014285893312522,6.200000092387199,83.02857266579356,29.499999910593033,107.21
1998-09-28,21.50000032037497,12.68571447474616,4.500000067055225,83.28571552676814,0.800000011920929,107.16
1998-10-05,18.30000027269125,8.057142977203641,2.500000037252903,87.17142987038407,10.799999833106995,107.16
1998-10-12,14.600000217556952,9.471428712563855,4.200000062584877,85.62857270453658,11.600000239908695,107.18
1998-10-19,20.60000030696392,10.314285867980548,-0.9000000134110451,77.68571544332164,6.400000035762787,107.17
1998-10-26,19.000000283122063,10.52857158545937,1.600000023841858,76.1857154209699,12.499999947845936,107.245
1998-11-02,15.500000230968,7.085714391299656,3.6000000536441803,81.10000120848417,61.59999883174896,107.32
1998-11-09,10.500000156462193,5.914285802415439,0.9000000134110451,82.04285836539098,9.899999916553497,107.34
1998-11-16,10.80000016093254,3.6142857681427683,-2.7000000402331352,89.04285846969911,10.099999994039536,107.37
1998-11-23,2.1000000312924385,-3.1000000461935997,-9.900000147521496,86.11428699748856,1.5999999642372131,107.37
1998-11-30,3.500000052154064,-0.24285714647599635,-7.200000107288361,89.44285847565958,0.2000000029802322,107.3
1998-12-07,0.2000000029802322,-2.9571429012077197,-7.000000104308128,86.0857155684914,5.999999940395355,107.3
1998-12-14,9.100000135600569,-2.0000000298023224,-12.90000019222498,82.64285837433168,12.100000321865082,107.29
1998-12-21,11.400000169873238,4.942857216511454,-1.5000000223517418,77.82857258830752,4.500000029802322,107.28
1998-12-28,13.500000201165676,4.871428644018514,-2.200000032782554,74.62857254062381,2.200000010430813,107.3
1999-01-04,11.10000016540289,2.400000035762787,-2.7000000402331352,79.42857261214938,4.8999998569488525,107.32
1999-01-11,15.100000225007534,5.057142932500158,-1.80000002682209,79.38571546865361,9.499999798834324,107.36
1999-01-18,13.40000019967556,3.9000000581145287,-4.200000062584877,72.70000108331442,6.300000049173832,107.35
1999-01-25,11.500000171363354,4.585714354046753,-0.800000011920929,78.95714403369597,4.200000002980232,107.36
1999-02-01,10.80000016093254,-1.4571428788559777,-16.600000247359276,82.87142980630908,11.800000309944153,107.36
1999-02-08,9.3000001385808,2.400000035762787,-1.80000002682209,84.77142983462129,21.099999755620956,107.44
1999-02-15,2.200000032782554,-3.8285714856215884,-13.100000195205212,78.40000116825104,3.1000000983476643,107.52
1999-02-22,5.700000084936619,2.0857143167938506,-1.3000000193715096,85.87142985101256,18.599999964237213,107.62
1999-03-01,12.90000019222498,4.242857206080641,-1.700000025331974,77.65714401432446,9.500000059604645,107.69
1999-03-08,13.000000193715096,5.957142945911203,-0.2000000029802322,79.55714404263666,10.199999928474426,107.72
1999-03-15,9.900000147521496,3.6857143406357085,-1.700000025331974,80.61428691553218,7.899999909102917,107.73
1999-03-22,10.600000157952309,3.7428571986300603,-3.500000052154064,79.34285832515785,1.4999999776482582,107.74
1999-03-29,19.30000028759241,8.042857262705054,0.9000000134110451,81.04285835048982,4.700000047683716,107.66
1999-04-05,18.80000028014183,10.257143009986196,1.0000000149011612,70.18571533156293,0.0,107.62
1999-04-12,19.10000028461218,10.314285867980548,5.700000084936619,77.75714401581457,7.100000023841858,107.54
1999-04-19,13.300000198185444,5.471428652959211,0.5000000074505806,76.55714399793318,22.19999933242798,107.52
1999-04-26,20.000000298023224,10.914285876921245,-1.100000016391277,72.88571537179607,6.1000001430511475,107.49
1999-05-03,19.60000029206276,11.328571597380298,1.80000002682209,72.88571537179607,3.5999999046325684,107.46
1999-05-10,22.30000033229589,13.04285733721086,4.500000067055225,63.857143808688434,15.29999966919422,107.39
1999-05-17,19.10000028461218,11.757143032337938,3.200000047683716,75.52857255403485,17.40000033378601,107.4
1999-05-24,23.600000351667404,15.385714514979295,4.500000067055225,67.54285814932415,18.800000190734863,107.38
1999-05-31,29.50000043958425,18.285714558192662,7.500000111758709,68.75714388170412,9.40000019222498,107.36
1999-06-07,27.500000409781933,17.228571685297148,8.300000123679638,69.9857153285827,6.4000000804662704,107.23
1999-06-14,21.60000032186508,14.800000220537186,8.100000120699406,79.91428690510136,7.8999999314546585,107.18
1999-06-21,24.300000362098217,16.07142881091152,10.400000154972076,76.5428582834346,46.69999943673611,107.22
1999-06-28,25.300000376999375,14.84285736403295,6.800000101327896,73.72857252721276,9.20000010728836,107.18
1999-07-05,32.80000048875809,20.88571459693568,10.000000149011612,71.50000106543303,16.59999978542328,107.18
1999-07-12,27.500000409781933,19.771428866045817,14.000000208616257,77.12857257787671,36.19999931007624,107.16
1999-07-19,30.800000458955765,19.542857434068406,11.60000017285347,69.28571531815189,11.100000321865082,107.15
1999-07-26,27.10000040382147,18.900000281631947,12.300000183284284,71.35714392044714,13.000000178813934,107.135
1999-08-02,28.50000042468309,19.614286006561347,9.600000143051147,55.10000082105398,0.0,107.12
1999-08-09,29.300000436604023,21.200000315904617,10.900000162422655,61.54285805991718,2.0999999046325684,107.05
1999-08-16,24.8000003695488,16.885714537331037,7.500000111758709,69.94285818508693,18.09999978542328,106.97
1999-08-23,23.500000350177288,15.757143091942583,5.900000087916851,70.11428675906998,4.8999999538064,106.9
1999-08-30,27.3000004068017,18.285714558192662,7.200000107288361,66.57142956342015,0.800000011920929,106.9
1999-09-06,26.200000390410423,16.485714531370572,8.300000123679638,72.05714393087796,7.200000047683716,106.87
1999-09-13,29.000000432133675,19.6714288645557,11.10000016540289,66.74285813740322,0.0,106.88
1999-09-20,28.60000042617321,18.600000277161598,8.100000120699406,66.8857152823891,24.3999999538064,106.86
1999-09-27,24.8000003695488,16.9285716808268,11.000000163912771,79.02857260618892,5.600000083446503,106.86
1999-10-04,19.60000029206276,14.285714498588018,9.3000001385808,76.84285828790495,5.1999999061226845,106.86
1999-10-11,17.30000025779009,11.214285881391593,6.000000089406967,85.41428698705775,9.400000214576721,106.84
1999-10-18,14.300000213086603,6.871428673820836,-0.800000011920929,83.48571552974838,0.6000000014901161,106.81
1999-10-25,16.100000239908695,7.6142858277474135,-1.80000002682209,79.81428690361125,8.700000166893005,106.82
1999-11-01,17.80000026524067,11.000000163912773,2.7000000402331352,77.61428687082869,4.700000055134296,106.8
1999-11-08,14.600000217556952,7.728571543736117,-1.100000016391277,86.34285842946598,23.100000739097595,106.83
1999-11-15,7.300000108778477,2.3285714632698467,-2.7000000402331352,92.68571566683906,17.5,106.88
1999-11-22,4.500000067055225,0.20000000298023224,-5.900000087916851,87.00000129640102,9.099999904632568,106.9
1999-11-29,10.000000149011612,3.7000000551342964,-5.700000084936619,83.42857267175403,0.3000000119209289,106.92
1999-12-06,10.400000154972076,4.842857215021338,-1.80000002682209,76.80000114440918,8.899999991059303,106.94
1999-12-13,13.000000193715096,7.05714296230248,0.5000000074505806,74.48571539563792,8.800000190734863,106.93
1999-12-20,5.700000084936619,0.9857143004025731,-2.7000000402331352,83.15714409628085,2.300000064074993,106.94
1999-12-27,5.000000074505806,-0.3428571479661124,-8.800000131130219,81.47142978544746,14.40000033378601,106.945
2000-01-03,5.900000087916851,2.0714286022952626,-2.800000041723252,89.87142991061721,6.0999999567866325,106.95
2000-01-10,7.400000110268593,3.2285714766808917,-2.500000037252903,86.68571557743209,5.700000055134296,106.95
2000-01-17,6.70000009983778,0.014285714498588018,-5.200000077486038,85.58571556104081,8.600000239908695,106.98
2000-01-24,6.800000101327896,-1.671428596334798,-12.500000186264517,84.72857269112554,13.100000001490116,107.01
2000-01-31,10.500000156462193,2.371428606765611,-13.000000193715096,77.257144008364,23.80000038444996,107.12
2000-02-07,14.600000217556952,6.9714286753109524,0.2000000029802322,79.32857261065926,6.000000007450581,107.15
2000-02-14,11.400000169873238,4.557142925049577,-2.500000037252903,76.7857154299106,12.800000011920929,107.18
2000-02-21,9.3000001385808,1.9142857428107942,-2.800000041723252,87.04285843989679,12.499999858438969,107.22
2000-02-28,15.500000230968,4.157142919089113,-4.400000065565109,81.68571550292629,21.200000047683716,107.34
2000-03-06,12.4000001847744,4.3142857785735815,-1.0000000149011612,76.5428582834346,13.600000083446503,107.53
2000-03-13,12.600000187754633,6.642857241843428,1.0000000149011612,82.95714409330061,34.09999978542328,107.87
2000-03-20,10.500000156462193,3.428571479661124,-2.600000038743019,82.27142979736838,27.600000202655792,107.95
2000-03-27,15.500000230968,6.77142867233072,-1.100000016391277,84.20000125467777,12.900000095367432,107.955
2000-04-03,15.600000232458116,6.600000098347664,2.200000032782554,83.81428696321589,3.8000000417232513,107.96
2000-04-10,14.900000222027302,5.728571513933795,-0.5000000074505806,76.31428685145718,1.699999988079071,107.83
2000-04-17,21.800000324845318,9.414285854569503,-0.1000000014901161,70.77142962600503,19.000000059604645,107.8
2000-04-24,28.50000042468309,15.55714308896235,7.000000104308128,70.90000105649233,0.3000000119209289,107.77
2000-05-01,26.700000397861004,17.400000259280205,4.200000062584877,66.81428670989615,0.2000000029802322,107.63
2000-05-08,27.3000004068017,17.628571691257612,6.000000089406967,51.8571436298745,1.2000000476837158,107.54
2000-05-15,28.10000041872263,17.557143118764674,4.000000059604645,56.32857226793255,0.1000000014901161,107.46
2000-05-22,29.800000444054604,14.328571642083782,7.400000110268593,72.30000107735395,61.500001311302185,107.5
2000-05-29,24.300000362098217,15.242857369993414,5.200000077486038,65.62857240651336,1.1000000014901161,107.36
2000-06-05,29.300000436604023,18.17142884220396,5.700000084936619,64.90000096708536,5.300000071525574,107.31
2000-06-12,31.500000469386578,18.842857423637593,7.900000117719173,63.871429523187025,3.3000000715255737,107.26
2000-06-19,31.80000047385693,17.95714312472514,6.000000089406967,59.22857231114592,6.000000059604645,107.16
2000-06-26,36.0000005364418,19.828571724040167,10.000000149011612,57.51428657131536,1.600000023841858,107.16
2000-07-03,26.30000039190054,16.057143096412933,7.500000111758709,61.328572342438356,1.700000025331974,107.17
2000-07-10,25.00000037252903,16.20000024139881,9.400000140070915,76.64285828492471,30.199999548494816,107.12
2000-07-17,20.800000309944156,14.857143078531537,7.500000111758709,72.51428679483277,5.900000147521496,107.05
2000-07-24,23.600000351667404,15.585714517959527,10.400000154972076,77.07142971988235,7.499999955296516,107.04
2000-07-31,26.00000038743019,17.857143123235023,12.000000178813934,75.28571540755885,9.699999913573265,107.03
2000-08-07,27.60000041127205,18.9571431396263,9.500000141561031,64.12857238416161,5.499999791383743,107.03
2000-08-14,32.70000048726797,19.357143145586765,9.00000013411045,63.500000946223736,1.400000050663948,107.02
2000-08-21,31.600000470876694,21.442857462380612,14.40000021457672,68.82857245419707,46.700000524520874,106.95
2000-08-28,24.8000003695488,16.671428819852217,7.700000114738941,69.385715319642,4.299999952316284,106.935
2000-09-04,24.100000359117985,15.585714517959527,10.400000154972076,79.90000119060278,34.3999989181757,106.92
2000-09-11,24.100000359117985,15.971428809421402,8.800000131130219,77.94285830429622,7.299999907612801,107.09
2000-09-18,25.700000382959843,15.100000225007534,9.00000013411045,79.74285833111831,4.099999964237213,107.06
2000-09-25,19.30000028759241,10.828571589929718,3.6000000536441803,77.10000114887953,6.599999904632568,107.03
2000-10-02,24.100000359117985,16.37142881538187,9.500000141561031,72.78571537030595,5.799999907612801,106.98
2000-10-09,20.10000029951334,11.842857319329466,7.300000108778477,88.90000132471323,25.70000047981739,106.99
2000-10-16,20.800000309944156,12.757143047239099,6.000000089406967,83.54285838774273,0.7000000029802322,107.01
2000-10-23,17.600000262260437,10.557143014456544,4.000000059604645,82.0142869363938,6.0000001192092896,106.97
2000-10-30,16.600000247359276,11.800000175833702,7.000000104308128,73.45714395173958,1.2000000178813934,106.96
2000-11-06,15.000000223517418,8.314285838178225,1.600000023841858,78.72857260171857,7.200000166893005,106.95
2000-11-13,14.600000217556952,7.285714394279888,2.200000032782554,74.65714396962098,0.5000000149011611,106.97
2000-11-20,10.600000157952309,5.428571509463446,0.1000000014901161,84.07142982419047,14.000000104308128,106.94
2000-11-27,11.000000163912771,5.871428658919675,1.100000016391277,89.22857275818076,5.10000005364418,106.935
2000-12-04,13.000000193715096,6.071428661899907,0.5000000074505806,88.47142988975558,1.2999999523162842,106.93
2000-12-11,11.500000171363354,6.614285812846252,0.5000000074505806,83.61428696023566,3.5999999046325684,106.92
2000-12-18,14.600000217556952,6.314285808375904,0.2000000029802322,79.11428689318043,11.100000381469727,106.92
2000-12-25,3.000000044703484,-2.0571428877966746,-6.800000101327896,83.44285838625261,6.6000001430511475,106.94
2001-01-01,4.000000059604645,-0.12857143048729217,-7.300000108778477,85.15714412608317,2.899999976158142,106.92
2001-01-08,12.500000186264517,4.328571493072169,-0.9000000134110451,83.4571441007512,4.1999999061226845,106.94
2001-01-15,4.500000067055225,-0.6571428669350488,-5.500000081956387,86.57142986144338,0.0,106.96
2001-01-22,2.7000000402331352,-1.2428571613771575,-7.200000107288361,81.70000121742487,1.5,106.93
2001-01-29,8.900000132620335,3.0000000447034836,-0.6000000089406967,85.1142869825874,13.900000363588333,106.94
2001-02-05,8.600000128149986,-0.18571428848164423,-6.000000089406967,90.05714419909886,16.500000059604645,106.96
2001-02-12,15.100000225007534,7.385714395770004,-3.500000052154064,71.72857249741044,0.3000000044703483,107.0
2001-02-19,12.10000018030405,2.485714322754315,-5.200000077486038,84.95714412310294,2.2000000402331352,107.04
2001-02-26,7.300000108778477,-0.4714285784534046,-11.500000171363354,82.2571440828698,7.799999885261059,107.12
2001-03-05,6.900000102818012,0.3428571479661124,-7.500000111758709,82.10000122338533,10.700000047683716,107.11
2001-03-12,16.800000250339508,7.528571540755885,-5.4000000804662704,77.58571544183152,24.40000019222498,107.14
2001-03-19,11.000000163912771,4.742857213531222,-0.5000000074505806,83.48571552974838,22.09999978542328,107.26
2001-03-26,10.600000157952309,1.2428571613771575,-4.500000067055225,86.84285843691656,28.80000001192093,107.285
2001-04-02,19.80000029504299,5.985714374908379,-7.500000111758709,73.85714395770005,1.5,107.31
2001-04-09,20.000000298023224,9.157142993594919,2.200000032782554,76.07142970498118,8.499999895691872,107.4
2001-04-16,13.600000202655792,4.800000071525574,-0.9000000134110451,82.44285837135145,15.2999999076128,107.43
2001-04-23,12.500000186264517,4.942857216511454,-2.200000032782554,78.58571545673269,2.5000000298023224,107.37
2001-04-30,24.600000366568565,12.071428751306874,1.80000002682209,70.88571534199374,10.499999977648258,107.4
2001-05-07,27.80000041425228,13.54285734466144,5.200000077486038,75.5714296975306,26.09999918937683,107.44
2001-05-14,25.00000037252903,14.785714506038598,5.200000077486038,64.77142953659806,0.0,107.45
2001-05-21,23.100000344216824,14.34285735658237,5.4000000804662704,69.82857246909823,5.700000017881393,107.34
2001-05-28,25.00000037252903,16.28571452839034,4.400000065565109,60.65714376100472,7.800000190734863,107.31
2001-06-04,23.100000344216824,12.957143050219331,7.000000104308128,76.02857256148543,30.600000023841858,107.28
2001-06-11,20.60000030696392,13.057143051709447,6.500000096857548,79.14285832217762,8.899999976158142,107.29
2001-06-18,25.300000376999375,15.642857375953879,5.4000000804662704,75.28571540755885,9.899999886751175,107.26
2001-06-25,23.000000342726707,14.742857362542834,7.900000117719173,77.10000114887953,13.300000287592411,107.21
2001-07-02,29.10000043362379,19.10000028461218,9.400000140070915,70.50000105053186,12.80000038444996,107.23
2001-07-09,29.700000442564487,19.97142886902605,9.00000013411045,72.57142965282712,45.5,107.22
2001-07-16,27.3000004068017,17.92857169572796,12.000000178813934,72.14285821786949,19.900000371038914,107.24
2001-07-23,28.300000421702865,17.557143118764674,7.900000117719173,73.84285824320146,6.400000095367432,107.21
2001-07-30,31.300000466406345,21.885714611836843,12.800000190734863,63.371429515736445,1.600000023841858,107.16
2001-08-06,30.300000451505184,19.44285743257829,10.100000150501728,73.00000108778477,28.799999341368675,107.16
2001-08-13,25.300000376999375,18.042857411716664,8.50000012665987,67.8428581537945,7.200000166893005,107.14
2001-08-20,34.20000050961971,22.528571764273302,14.000000208616257,74.45714396664074,11.099999859929085,107.09
2001-08-27,31.600000470876694,21.24285745940038,12.300000183284284,76.64285828492471,3.400000035762787,107.065
2001-09-03,23.300000347197056,15.957143094922815,6.500000096857548,74.02857253168311,8.90000019222498,107.04
2001-09-10,18.80000028014183,13.071428766208035,8.100000120699406,83.15714409628085,32.699999302625656,107.05
2001-09-17,17.100000254809856,11.800000175833702,6.500000096857548,83.72857267622437,14.200000017881393,107.12
2001-09-24,18.100000269711018,11.857143033828054,4.90000007301569,83.2285726687738,16.099999763071537,107.08
2001-10-01,20.60000030696392,13.142857338700976,5.500000081956387,91.50000136345625,25.300000727176666,107.11
2001-10-08,24.600000366568565,14.814285935035773,5.700000084936619,83.58571553123849,8.70000022649765,107.15
2001-10-15,23.300000347197056,14.528571645064014,7.800000116229057,77.88571544630187,0.0,107.12
2001-10-22,19.30000028759241,11.914285891822406,5.700000084936619,88.2285727432796,4.1000001430511475,107.08
2001-10-29,16.300000242888927,10.600000157952309,6.70000009983778,87.91428702431065,2.0999999716877937,107.07
2001-11-05,21.300000317394733,9.828571575028556,2.200000032782554,77.9571440187948,4.5,107.04
2001-11-12,9.600000143051147,3.9285714871117046,-3.200000047683716,86.91428700940949,21.899999670684338,107.06655272027
2001-11-19,7.300000108778477,2.8000000417232513,-4.200000062584877,92.11428708689553,1.699999988079071,107.06655272027
2001-11-26,8.300000123679638,2.628571467740195,-2.7000000402331352,89.70000133663416,11.999999821186066,107.06655272027
2001-12-03,6.000000089406967,2.2142857472811426,-2.3000000342726707,91.90000136941671,7.5000001192092896,107.06655272027
2001-12-10,6.70000009983778,1.714285739830562,-3.700000055134296,91.57142993594918,19.0,107.020255175734
2001-12-17,4.700000070035458,-2.3142857487712587,-12.10000018030405,89.88571562511581,8.599999964237213,107.023148772268
2001-12-24,3.700000055134296,-1.8714285993150301,-9.400000140070915,85.14285841158458,17.49999985843897,106.994212806933
2001-12-31,5.900000087916851,0.4857142929519926,-8.00000011920929,84.70000126212835,10.499999918043613,106.950808858931
2002-01-07,2.200000032782554,-4.342857207570757,-16.100000239908695,83.55714410224131,4.599999845027924,106.82
2002-01-14,2.1000000312924385,-2.0285714587994983,-8.400000125169754,94.84285855612585,6.400000184774399,106.93
2002-01-21,9.400000140070915,0.7428571539265769,-8.600000128149986,86.00000128149986,6.900000050663948,107.01
2002-01-28,15.000000223517418,7.914285832217762,0.4000000059604645,74.21428682016474,11.400000154972076,106.93
2002-02-04,16.300000242888927,9.242857280586447,2.800000041723252,66.67142956491027,0.0,106.85
2002-02-11,13.100000195205212,8.328571552676815,3.000000044703484,78.64285831472704,13.000000178813934,106.77
2002-02-18,13.600000202655792,3.52857148115124,-5.000000074505806,75.91428684549672,0.4000000059604645,106.69
2002-02-25,8.600000128149986,1.9857143153037344,-5.200000077486038,85.31428698556763,23.699999764561653,106.78
2002-03-04,12.300000183284284,5.014285789004394,-1.600000023841858,74.84285825810262,9.699999816715717,106.88
2002-03-11,16.100000239908695,6.914285817316601,-0.800000011920929,68.7857153107013,5.599999934434891,106.93
2002-03-18,17.100000254809856,6.1714286633900235,0.2000000029802322,82.40000122785568,16.200000286102295,107.05
2002-03-25,12.10000018030405,5.04285721800157,-0.2000000029802322,82.6142869453345,7.700000002980232,107.14
2002-04-01,19.000000283122063,5.32857150797333,-4.500000067055225,68.91428674118859,0.0,107.21
2002-04-08,18.50000027567148,5.514285796454975,-3.700000055134296,58.81428659068687,0.0,107.24
2002-04-15,14.40000021457672,7.414285824767181,-3.6000000536441803,78.78571545971292,28.399999238550663,107.28
2002-04-22,17.100000254809856,8.942857276116099,0.0,81.95714407839945,2.600000001490116,107.31
2002-04-29,19.10000028461218,10.88571444792407,4.000000059604645,78.00000116229057,9.600000023841858,107.33
2002-05-06,21.000000312924385,12.985714479216508,6.70000009983778,81.35714406945876,10.799999810755253,107.3
2002-05-13,25.700000382959843,16.885714537331037,9.400000140070915,73.01428680228335,12.900000385940077,107.24
2002-05-20,25.300000376999375,15.800000235438347,7.800000116229057,69.65714389511517,4.0,107.23
2002-05-27,26.00000038743019,16.228571670395986,7.000000104308128,77.04285829088518,13.600000143051147,107.205
2002-06-03,23.600000351667404,14.957143080021654,6.000000089406967,71.0571439159768,9.299999833106995,107.18
2002-06-10,26.80000039935112,17.15714311280421,10.900000162422655,79.8857154761042,22.799999482929707,107.23
2002-06-17,28.80000042915344,17.58571454776185,11.000000163912771,77.67142972882304,6.300000190734863,107.21
2002-06-24,32.30000048130751,20.771428880946978,12.10000018030405,74.24285824916193,5.799999833106995,107.17
2002-07-01,25.100000374019142,16.728571677846567,9.100000135600569,61.44285805842706,0.7999999895691872,107.11
2002-07-08,28.80000042915344,18.17142884220396,9.100000135600569,70.5714296230248,2.600000038743019,107.05
2002-07-15,32.70000048726797,20.75714316644839,10.80000016093254,67.88571529729026,16.199999906122684,107.07
2002-07-22,27.80000041425228,17.742857407246316,12.000000178813934,79.45714404114655,47.400000765919685,107.07
2002-07-29,32.70000048726797,18.785714565643243,11.900000177323818,72.0000010728836,8.999999910593033,107.11
2002-08-05,32.50000048428774,21.1000003144145,12.500000186264517,73.200001090765,37.90000009536743,107.11
2002-08-12,26.80000039935112,19.571428863065584,12.90000019222498,80.72857263152089,122.10000291466712,107.71
2002-08-19,29.800000444054604,20.157143157507694,14.600000217556952,78.65714402922562,4.599999904632568,107.66
2002-08-26,29.50000043958425,21.414286033383437,13.90000020712614,70.14285818806717,0.6000000238418579,107.585
2002-09-02,29.50000043958425,19.714286008051463,8.800000131130219,73.24285823426077,0.0,107.51
2002-09-09,27.3000004068017,18.38571455968278,9.00000013411045,73.12857251827207,22.399999238550663,107.48
2002-09-16,26.200000390410423,14.500000216066837,5.000000074505806,75.52857255403485,8.300000041723251,107.43
2002-09-23,18.80000028014183,12.442857328270163,6.200000092387199,84.2714298271707,7.200000025331974,107.37
2002-09-30,18.30000027269125,9.485714427062444,2.500000037252903,83.35714409926108,8.000000193715096,107.33
2002-10-07,19.10000028461218,10.900000162422657,3.700000055134296,84.45714411565235,11.400000050663948,107.3
2002-10-14,13.000000193715096,5.3714286514690945,-0.1000000014901161,81.3000012114644,3.9000000953674316,107.26
2002-10-21,16.300000242888927,9.028571563107628,0.5000000074505806,83.25714409777096,23.100000478327274,107.27
2002-10-28,16.800000250339508,9.785714431532792,1.600000023841858,77.98571544779199,19.999999836087227,107.285
2002-11-04,10.900000162422655,5.600000083446503,-0.6000000089406967,88.37142988826547,22.39999969303608,107.3
2002-11-11,8.300000123679638,2.1285714602896144,-5.200000077486038,85.128572697086,27.5,107.36
2002-11-18,13.100000195205212,8.057142977203641,1.100000016391277,83.81428696321589,5.5000001937150955,107.48
2002-11-25,9.100000135600569,3.8142857711230005,-1.80000002682209,93.8142871122275,37.09999971836805,107.58
2002-12-02,10.400000154972076,6.100000090897083,2.1000000312924385,92.82857281182494,27.300000190734863,107.83
2002-12-09,5.200000077486038,-1.9857143153037344,-10.100000150501728,87.78571559382337,0.0,107.76
2002-12-16,2.200000032782554,-5.471428652959211,-12.000000178813934,82.90000123530626,2.7000000029802322,107.67
2002-12-23,3.000000044703484,-0.6285714379378727,-7.000000104308128,93.17142995979104,17.20000034570694,107.62
2002-12-30,7.200000107288361,0.800000011920929,-4.500000067055225,84.74285840562412,36.000000186264515,108.03
2003-01-06,9.00000013411045,-1.8571428848164422,-13.600000202655792,89.24285847267934,22.799999728798866,108.02
2003-01-13,2.3000000342726707,-7.442857253764357,-17.80000026524067,86.82857272241797,5.600000023841858,107.96
2003-01-20,8.00000011920929,3.414285765162536,-0.800000011920929,81.47142978544746,0.6000000014901161,108.03
2003-01-27,9.00000013411045,2.8714286142161916,-1.600000023841858,87.30000130087137,10.800000250339508,108.015
2003-02-03,9.100000135600569,-0.5571428654449327,-9.400000140070915,87.3714298733643,15.20000010728836,108.0
2003-02-10,3.700000055134296,-1.8285714558192663,-9.100000135600569,84.2714298271707,3.9000000655651093,108.0
2003-02-17,1.5000000223517418,-4.814285786024162,-12.4000001847744,75.35714398005179,0.6000000089406967,107.96
2003-02-24,9.00000013411045,-1.528571451348918,-12.500000186264517,81.44285835645029,0.0,107.82
2003-03-03,12.000000178813934,2.742857183728899,-6.000000089406967,75.54285826853344,0.6000000014901161,107.82
2003-03-10,15.600000232458116,4.200000062584877,-2.1000000312924385,80.1285726225802,6.799999982118607,107.76
2003-03-17,14.500000216066836,4.271428635077817,-3.400000050663948,78.64285831472704,11.100000143051147,107.72
2003-03-24,17.80000026524067,3.500000052154064,-4.700000070035458,63.28571522874491,0.0,107.69
2003-03-31,18.0000002682209,8.185714407690934,0.2000000029802322,74.85714397260121,5.400000095367432,107.64
2003-04-07,16.100000239908695,4.485714352556637,-3.200000047683716,69.10000102967024,3.6000000163912773,107.61
2003-04-14,18.6000002771616,4.185714348086289,-4.90000007301569,63.185715227254796,0.0,107.53
2003-04-21,21.1000003144145,11.328571597380298,2.7000000402331352,56.800000846385956,6.700000047683716,107.5
2003-04-28,23.600000351667404,13.571428773658615,2.200000032782554,57.77142943228994,1.0,107.48
2003-05-05,29.50000043958425,16.057143096412933,4.000000059604645,56.01428654896362,1.2000000029802322,107.37
2003-05-12,27.60000041127205,16.228571670395986,7.200000107288361,70.18571533156293,6.499999940395355,107.38
2003-05-19,21.000000312924385,12.028571607811111,1.600000023841858,74.10000110417604,9.099999994039536,107.33
2003-05-26,28.10000041872263,16.34285738638469,7.000000104308128,66.67142956491027,0.1000000014901161,107.225
2003-06-02,29.60000044107437,19.242857429598057,7.800000116229057,56.657143701400074,0.0,107.12
2003-06-09,32.20000047981739,22.4142860482846,10.600000157952309,59.4857151721205,2.0000000298023224,107.14
2003-06-16,30.800000458955765,20.157143157507694,9.00000013411045,59.94285803607532,5.600000001490116,107.09
2003-06-23,32.50000048428774,18.328571701688425,10.400000154972076,63.928572381181375,5.899999916553497,107.07
2003-06-30,29.200000435113907,19.30000028759241,9.100000135600569,58.400000870227814,10.299999810755253,107.05
2003-07-07,23.80000035464764,16.700000248849392,12.500000186264517,76.40000113844872,16.2999999076128,107.04
2003-07-14,27.3000004068017,18.328571701688425,9.400000140070915,60.885715192982126,0.3000000119209289,107.0
2003-07-21,34.20000050961971,23.228571774704115,11.60000017285347,57.542858000312535,16.300000190734863,106.98
2003-07-28,34.1000005081296,21.800000324845314,15.900000236928465,71.32857249144998,25.60000068694353,106.96
2003-08-04,33.20000049471855,22.757143196250713,11.500000171363354,67.7285724378058,0.8999999761581421,106.94
2003-08-11,33.20000049471855,22.842857483242238,12.500000186264517,50.61428646849735,0.0,106.91
2003-08-18,36.20000053942204,21.700000323355198,8.400000125169754,52.05714363285473,2.9999999552965164,106.89
2003-08-25,27.700000412762165,19.114285999110766,9.80000014603138,63.942858095679966,3.299999952316284,106.89
2003-09-01,26.200000390410423,15.828571664435524,9.3000001385808,68.97142959918294,14.300000488758087,106.84
2003-09-08,26.30000039190054,15.20000022649765,2.500000037252903,64.54285810462066,0.3000000119209289,106.84
2003-09-15,22.100000329315662,14.085714495607785,6.200000092387199,82.2571440828698,10.000000059604645,106.85
2003-09-22,30.300000451505184,18.528571704668657,8.600000128149986,62.85714379378727,0.0,106.88
2003-09-29,22.000000327825543,12.785714476236276,2.0000000298023224,69.05714388617447,5.200000025331974,106.86
2003-10-06,18.30000027269125,10.51428587096078,3.1000000461936,82.78571551931756,6.3999999687075615,106.87
2003-10-13,15.600000232458116,9.6571430010455,0.2000000029802322,78.40000116825104,4.099999979138374,106.88
2003-10-20,12.10000018030405,4.285714349576405,-2.7000000402331352,78.45714402624539,0.0,106.86
2003-10-27,6.70000009983778,2.0428571732980862,-4.000000059604645,85.61428699003798,10.50000011920929,106.865
2003-11-03,13.600000202655792,6.528571525854724,-3.500000052154064,80.51428691404206,13.500000193715096,106.87
2003-11-10,13.300000198185444,5.25714293548039,0.5000000074505806,85.54285841754505,0.0,106.88
2003-11-17,10.100000150501728,3.257142905678068,-3.200000047683716,82.82857266281333,14.900000169873238,106.92
2003-11-24,13.100000195205212,8.828571560127395,3.6000000536441803,84.12857268218484,0.699999988079071,106.94
2003-12-01,13.600000202655792,6.714285814336368,1.600000023841858,92.17142994488988,13.999999918043613,106.94
2003-12-08,9.600000143051147,2.2285714617797305,-6.400000095367432,89.44285847565958,2.6000000536441803,106.96
2003-12-15,12.10000018030405,2.7714286127260754,-6.500000096857548,81.40000121295452,27.09999990463257,106.94
2003-12-22,10.400000154972076,3.071428617196424,-2.200000032782554,83.65714410373143,2.7000000029802322,106.98
2003-12-29,7.700000114738941,1.0000000149011612,-7.000000104308128,73.05714394577912,0.1000000014901161,106.95
2004-01-05,2.0000000298023224,-3.7714286276272366,-14.800000220537186,88.1000013127923,3.8999999538064003,106.96
2004-01-12,7.500000111758709,1.3142857338700975,-15.600000232458116,90.22857277308192,30.600000359117985,107.02
2004-01-19,7.800000116229057,2.8714286142161916,-4.200000062584877,83.81428696321589,26.200000256299973,107.1
2004-01-26,1.80000002682209,-5.085714361497334,-14.000000208616257,86.88571558041232,2.899999976158142,107.2
2004-02-02,11.30000016838312,2.1857143182839667,-6.500000096857548,81.1714297809771,27.200000047683716,107.3
2004-02-09,15.300000227987766,8.871428703623158,-1.0000000149011612,75.30000112205744,8.899999774992466,107.32
2004-02-16,5.900000087916851,1.3857143063630377,-6.500000096857548,89.88571562511581,7.5000001192092896,107.37
2004-02-23,5.500000081956387,0.6142857234392848,-5.000000074505806,74.81428682910544,0.7000000029802322,107.39
2004-03-01,3.700000055134296,-0.857142869915281,-5.900000087916851,78.95714403369597,7.600000098347664,107.34
2004-03-08,5.200000077486038,0.20000000298023224,-6.500000096857548,77.0285725763866,2.399999976158142,107.29
2004-03-15,14.500000216066836,5.000000074505806,-1.700000025331974,78.57142974223409,10.000000298023224,107.28
2004-03-22,20.30000030249357,11.01428587841136,3.500000052154064,71.1714296319655,9.30000014603138,107.28
2004-03-29,13.100000195205212,3.31428576367242,-4.000000059604645,76.84285828790495,3.5999999046325684,107.27
2004-04-05,17.600000262260437,9.742857288037028,-1.3000000193715096,62.1142866398607,1.899999976158142,107.26
2004-04-12,12.300000183284284,5.928571516914027,-0.5000000074505806,79.24285832366773,5.1999999061226845,107.23
2004-04-19,19.80000029504299,10.914285876921245,-0.1000000014901161,66.10000098496675,1.300000049173832,107.18
2004-04-26,22.30000033229589,10.985714449414186,3.200000047683716,75.32857255105462,6.000000238418579,107.18
2004-05-03,24.300000362098217,14.600000217556953,4.700000070035458,66.41428670393569,1.700000025331974,107.18
2004-05-10,21.1000003144145,12.585714473256044,4.400000065565109,81.04285835048982,71.09999871253967,107.15
2004-05-17,19.80000029504299,11.628571601850647,3.200000047683716,83.11428695278508,7.199999883770943,107.23
2004-05-24,22.100000329315662,11.24285731038877,3.200000047683716,75.20000112056732,16.4000004529953,107.18
2004-05-31,23.80000035464764,13.014285908213683,4.000000059604645,67.74285815230438,0.1000000014901161,107.16
2004-06-07,24.8000003695488,15.34285737148353,7.200000107288361,77.85714401730469,11.600000262260437,107.15
2004-06-14,26.80000039935112,17.842857408736432,10.30000015348196,77.68571544332164,23.600000381469727,107.16
2004-06-21,24.50000036507845,14.48571450156825,6.70000009983778,75.52857255403485,21.100000143051147,107.14
2004-06-28,23.600000351667404,16.228571670395986,8.100000120699406,68.70000102370977,13.099999904632568,107.1
2004-07-05,24.50000036507845,16.2142859558974,10.80000016093254,70.18571533156293,4.300000078976154,107.08
2004-07-12,27.200000405311584,16.471428816871985,7.000000104308128,70.91428677099091,21.500000178813934,107.05
2004-07-19,29.60000044107437,18.700000278651714,11.500000171363354,74.60000111162663,5.200000107288361,107.02
2004-07-26,30.70000045746565,19.38571457458394,11.500000171363354,77.48571544034141,48.39999985694885,107.045
2004-08-02,29.800000444054604,18.9571431396263,10.000000149011612,68.17142958726201,0.1000000014901161,107.07
2004-08-09,30.200000450015068,22.157143187310016,12.90000019222498,59.18571516765015,0.0,107.05
2004-08-16,31.300000466406345,21.014286027422973,12.500000186264517,66.37142956043992,13.200000286102295,107.04
2004-08-23,28.80000042915344,18.814285994640418,6.000000089406967,69.72857246760812,3.40000007301569,107.02
2004-08-30,23.600000351667404,16.771428821342333,12.000000178813934,80.48571548504489,23.6000008136034,106.92
2004-09-06,26.600000396370888,16.58571453286069,6.200000092387199,69.65714389511517,0.0,106.89
2004-09-13,25.80000038444996,15.528571659965175,4.000000059604645,64.90000096708536,8.100000023841858,106.87
2004-09-20,25.100000374019142,15.085714510508947,3.9000000581145287,65.12857239906278,2.5,106.87
2004-09-27,17.30000025779009,11.657143030847822,7.800000116229057,81.7714297899178,19.499999769032,106.88
2004-10-04,20.800000309944156,12.200000181794167,4.000000059604645,82.55714408734015,5.6999998688697815,106.89
2004-10-11,26.00000038743019,10.471428727465016,1.3000000193715096,80.27142976756606,11.000000387430193,106.91
2004-10-18,13.500000201165676,7.785714401730469,-0.5000000074505806,76.12857256297555,14.60000018030405,106.93
2004-10-25,22.30000033229589,12.371428755777222,0.2000000029802322,73.45714395173958,4.4000000059604645,106.96
2004-11-01,16.600000247359276,10.44285729846784,7.200000107288361,91.02857278500285,19.600000239908695,106.96
2004-11-08,15.000000223517418,7.957142975713525,0.6000000089406967,86.10000128298998,13.500000335276127,106.98
2004-11-15,6.500000096857548,2.9857143302048956,-1.3000000193715096,89.72857276563134,15.000000216066839,107.04
2004-11-22,11.900000177323818,4.457142923559461,-1.3000000193715096,87.94285845330784,48.899999499320984,107.18
2004-11-29,10.30000015348196,3.0285714737006595,-3.000000044703484,84.21428696917636,4.500000029802322,107.26
2004-12-06,7.300000108778477,3.285714334675244,-2.200000032782554,88.42857274625983,0.3000000044703483,107.24
2004-12-13,5.700000084936619,0.800000011920929,-4.700000070035458,86.91428700940949,0.2000000029802322,107.25
2004-12-20,7.000000104308128,0.2857142899717603,-5.000000074505806,81.7857155044164,9.099999882280827,107.24
2004-12-27,10.100000150501728,2.3285714632698467,-6.800000101327896,85.77142984952245,19.499999918043613,107.27
2005-01-03,8.900000132620335,3.7714286276272366,-0.6000000089406967,82.2571440828698,6.499999918043613,107.3
2005-01-10,14.600000217556952,7.257142965282712,3.200000047683716,73.05714394577912,3.300000011920929,107.36
2005-01-17,10.400000154972076,3.5857143391455923,-4.200000062584877,79.48571547014373,2.299999952316284,107.4
2005-01-24,7.000000104308128,2.1142857457910265,-2.7000000402331352,83.98571553719896,38.400000527501106,107.42
2005-01-31,3.700000055134296,-2.9714286157063077,-10.30000015348196,87.9857155968036,11.99999965727329,107.42
2005-02-07,3.700000055134296,-0.3428571479661123,-6.200000092387199,79.2714297526649,9.00000000745058,107.67
2005-02-14,10.900000162422655,2.0285714587994983,-6.000000089406967,77.24285829386541,23.199999667704105,107.71
2005-02-21,3.9000000581145287,-1.2285714468785696,-7.300000108778477,85.3571441290634,5.899999849498272,107.78
2005-02-28,0.9000000134110451,-3.6000000536441803,-12.10000018030405,86.5571441469448,11.100000262260437,107.76
2005-03-07,1.600000023841858,-3.7857143421258246,-10.900000162422655,71.04285820147821,0.8999999910593033,107.68
2005-03-14,6.400000095367432,0.7571428684251649,-11.400000169873238,78.97142974819455,10.199999898672104,107.77
2005-03-21,17.100000254809856,7.028571533305304,-4.500000067055225,67.28571528834956,5.100000098347664,107.78
2005-03-28,18.6000002771616,8.614285842648574,-2.7000000402331352,78.45714402624539,3.1999999657273293,107.745
2005-04-04,20.30000030249357,7.685714400240353,-2.7000000402331352,54.814286531082224,0.0,107.71
2005-04-11,18.100000269711018,8.685714415141515,-0.1000000014901161,74.68571539861816,8.50000011920929,107.75
2005-04-18,21.60000032186508,12.285714468785695,0.2000000029802322,71.3000010624528,0.6000000014901161,107.66
2005-04-25,16.50000024586916,7.8714286887219975,-3.000000044703484,58.32857229773487,0.6000000238418579,107.58
2005-05-02,30.70000045746565,14.25714306959084,2.1000000312924385,68.00000101327896,3.7000000998377804,107.62
2005-05-09,22.30000033229589,10.671428730445248,3.400000050663948,78.48571545524257,36.80000001192093,107.57
2005-05-16,17.80000026524067,9.828571575028556,0.5000000074505806,74.68571539861816,13.800000250339508,107.52
2005-05-23,24.100000359117985,12.67142876024757,0.1000000014901161,77.07142971988235,11.299999833106995,107.49
2005-05-30,32.00000047683716,19.785714580544404,9.00000013411045,64.9714295395783,0.0,107.42
2005-06-06,26.80000039935112,14.400000214576721,3.000000044703484,68.98571531368154,8.8999999538064,107.32
2005-06-13,22.600000336766243,11.785714461335115,4.200000062584877,70.05714390107563,8.500000052154064,107.32
2005-06-20,26.30000039190054,18.714285993150302,7.900000117719173,69.385715319642,15.5,107.24
2005-06-27,31.80000047385693,20.31428601699216,10.400000154972076,67.25714385935238,24.499999523162842,107.215
2005-07-04,27.80000041425228,18.64285742065736,9.600000143051147,72.0000010728836,44.40000057220459,107.19
2005-07-11,28.10000041872263,16.185714526900224,10.100000150501728,80.52857262854066,47.39999982714653,107.42
2005-07-18,31.300000466406345,20.828571738941328,10.100000150501728,64.7428581076009,6.300000190734863,107.37
2005-07-25,25.100000374019142,16.771428821342333,10.900000162422655,76.4142868529473,32.5,107.32
2005-08-01,33.20000049471855,21.428571747882025,12.000000178813934,69.27142960365329,33.90000057220459,107.34
2005-08-08,23.100000344216824,14.900000222027302,7.700000114738941,78.34285831025669,23.800000250339508,107.33
2005-08-15,23.000000342726707,15.000000223517418,8.900000132620335,77.85714401730469,11.999999821186066,107.32
2005-08-22,27.700000412762165,18.628571706158773,9.00000013411045,74.08571538967746,15.399999618530273,107.3
2005-08-29,27.80000041425228,16.64285739085504,9.3000001385808,77.257144008364,7.8999998569488525,107.24
2005-09-05,28.700000427663326,19.08571457011359,9.00000013411045,72.74285822681018,0.0,107.26
2005-09-12,30.100000448524952,19.185714571603707,8.900000132620335,75.15714397707156,31.800000369548798,107.27
2005-09-19,22.000000327825543,12.90000019222498,2.0000000298023224,80.57142977203641,14.499999761581421,107.24
2005-09-26,23.600000351667404,13.214285911193915,2.800000041723252,77.40000115334988,0.1000000014901161,107.23
2005-10-03,21.300000317394733,12.014285893312522,3.9000000581145287,85.7142869915281,19.0,107.22
2005-10-10,20.10000029951334,13.157143053199563,5.000000074505806,79.62857261512961,0.0,107.21
2005-10-17,19.60000029206276,9.200000137090683,-0.5000000074505806,78.58571545673269,0.0,107.16
2005-10-24,19.60000029206276,10.414285869470664,-0.800000011920929,78.52857259873834,6.799999952316284,107.17
2005-10-31,19.80000029504299,11.714285888842173,3.6000000536441803,74.88571540159839,0.5,107.13
2005-11-07,17.600000262260437,8.942857276116099,1.0000000149011612,83.78571553421872,4.799999967217445,107.1
2005-11-14,13.90000020712614,6.914285817316601,-0.6000000089406967,84.5142869736467,0.0,107.08
2005-11-21,8.50000012665987,2.3142857487712587,-1.0000000149011612,91.42857279096332,21.599999874830246,107.12
2005-11-28,3.6000000536441803,0.25714286097458416,-4.200000062584877,82.17142979587827,2.200000084936619,107.16
2005-12-05,8.00000011920929,1.600000023841858,-5.700000084936619,83.05714409479073,4.099999904632568,107.19
2005-12-12,6.400000095367432,2.1142857457910265,-3.6000000536441803,91.24285850248167,7.899999916553497,107.24
2005-12-19,6.800000101327896,2.1857143182839667,-2.0000000298023224,90.25714420207909,36.10000020265579,107.3
2005-12-26,7.000000104308128,2.9142857577119554,-4.000000059604645,89.28571561617511,10.399999797344208,107.32
2006-01-02,4.500000067055225,-2.7571428982274875,-14.100000210106373,88.17142988528524,13.200000405311584,107.34
2006-01-09,1.600000023841858,-1.3428571628672736,-10.000000149011612,88.47142988975558,0.5,107.36
2006-01-16,3.9000000581145287,-2.842857185219015,-9.500000141561031,82.75714409032038,1.0,107.37
2006-01-23,4.90000007301569,-3.9285714871117046,-17.600000262260437,84.77142983462129,24.00000023841858,107.47
2006-01-30,-0.4000000059604645,-7.257142965282712,-15.800000235438349,74.70000111311674,0.1000000014901161,107.38
2006-02-06,0.800000011920929,-4.371428636567933,-16.300000242888927,90.31428706007344,15.200000405311586,107.4
2006-02-13,4.90000007301569,0.842857155416693,-6.500000096857548,88.18571559978383,28.300000488758087,107.37
2006-02-20,7.400000110268593,2.2285714617797305,-9.3000001385808,83.2285726687738,6.099999934434891,107.56
2006-02-27,3.500000052154064,-1.4000000208616257,-9.900000147521496,80.90000120550394,0.6000000238418579,107.63
2006-03-06,3.6000000536441803,-0.6571428669350488,-6.500000096857548,77.45714401134423,11.100000083446503,107.66
2006-03-13,7.300000108778477,-1.4142857353602136,-10.600000157952309,85.22857269857612,27.200000442564487,107.76
2006-03-20,3.6000000536441803,-0.4142857204590525,-9.3000001385808,87.3857155878629,2.7000000700354576,107.8
2006-03-27,20.500000305473804,4.814285786024162,-6.000000089406967,73.58571538222688,14.599999964237213,107.82
2006-04-03,17.600000262260437,10.385714440473489,4.500000067055225,73.60000109672546,15.300000220537186,107.84
2006-04-10,16.00000023841858,5.6571429414408545,-0.800000011920929,65.02857239757266,0.4000000059604645,107.85
2006-04-17,15.800000235438349,8.071428691702229,-0.800000011920929,75.42857255254474,11.800000071525574,107.82
2006-04-24,21.50000032037497,11.37142874087606,3.500000052154064,71.14285820296833,2.1999999657273293,107.79
2006-05-01,23.000000342726707,10.642857301448073,1.80000002682209,74.80000111460686,11.299999833106995,107.72
2006-05-08,23.300000347197056,14.728571648044246,4.700000070035458,56.64285798690149,0.2000000029802322,107.68
2006-05-15,25.100000374019142,14.457143072571073,3.6000000536441803,61.37142948593412,2.2999999970197678,107.61
2006-05-22,26.100000388920307,14.885714507528714,7.000000104308128,71.62857249592032,17.899999871850014,107.57
2006-05-29,18.80000028014183,12.471428757267338,6.000000089406967,71.68571535391467,23.300000049173832,107.52
2006-06-05,18.6000002771616,9.885714433022908,1.600000023841858,76.24285827896425,7.8000001683831215,107.5
2006-06-12,29.10000043362379,15.34285737148353,5.000000074505806,65.62857240651336,8.699999809265137,107.46
2006-06-19,30.600000455975533,20.142857443009103,10.100000150501728,67.64285815081426,24.00000023841858,107.38
2006-06-26,31.70000047236681,21.442857462380612,12.500000186264517,66.12857241396394,11.899999812245369,107.355
2006-07-03,28.700000427663326,19.028571712119238,9.500000141561031,64.32857238714185,20.100000381469727,107.33
2006-07-10,32.00000047683716,22.757143196250713,11.000000163912771,63.84285809418985,4.0000001192092896,107.32
2006-07-17,33.30000049620867,21.585714607366494,9.500000141561031,59.585715173610616,2.800000049173832,107.29
2006-07-24,36.500000543892384,24.62857179556574,11.000000163912771,51.028572188956396,4.900000095367432,107.24
2006-07-31,35.200000524520874,24.100000359117985,15.600000232458116,59.28571516914027,9.900000095367432,107.05
2006-08-07,26.30000039190054,18.37142884518419,12.000000178813934,70.20000104606152,46.89999981224537,107.05
2006-08-14,22.30000033229589,16.100000239908695,9.500000141561031,72.57142965282712,3.3000001087784767,107.03
2006-08-21,28.10000041872263,18.45714313217572,10.30000015348196,72.45714393683842,18.400000035762787,107.01
2006-08-28,24.00000035762787,15.91428595142705,9.00000013411045,77.60000115633011,23.199999392032623,107.02
2006-09-04,26.30000039190054,17.028571682316915,9.80000014603138,73.41428680824382,11.800000190734863,107.03
2006-09-11,29.50000043958425,16.20000024139881,5.200000077486038,70.37142962004457,0.800000011920929,107.0
2006-09-18,26.80000039935112,19.042857426617825,7.900000117719173,61.47142948742424,0.0,106.96
2006-09-25,26.80000039935112,16.985714538821153,6.200000092387199,65.58571526301759,0.3000000119209289,106.95
2006-10-02,24.50000036507845,16.28571452839034,9.00000013411045,78.85714403220585,12.999999642372131,106.97
2006-10-09,20.800000309944156,12.614285902253219,4.000000059604645,81.21428692447287,19.29999989271164,106.98
2006-10-16,20.30000030249357,10.800000160932541,1.80000002682209,86.37142985846315,0.3000000119209289,106.98
2006-10-23,19.60000029206276,11.214285881391593,-0.2000000029802322,76.50000113993883,2.0000000596046448,107.0
2006-10-30,23.300000347197056,13.028571622712272,4.000000059604645,73.28571537775653,23.40000057220459,107.02
2006-11-06,16.00000023841858,6.357142951871667,-1.80000002682209,78.22857259426799,17.5999998152256,107.05
2006-11-13,13.000000193715096,7.200000107288361,2.200000032782554,78.98571546269315,16.100000023841858,107.07
2006-11-20,20.10000029951334,9.985714434513024,2.200000032782554,78.98571546269315,1.8000000417232513,107.1
2006-11-27,14.900000222027302,7.914285832217762,1.100000016391277,80.02857262109008,3.5999999046325684,107.11
2006-12-04,11.500000171363354,5.914285802415439,-1.0000000149011612,84.11428696768624,4.499999955296516,107.12
2006-12-11,15.900000236928465,8.528571555657047,0.2000000029802322,74.58571539712804,9.900000005960464,107.1
2006-12-18,13.300000198185444,5.971428660409791,-0.2000000029802322,77.97142973329339,4.800000004470348,107.09
2006-12-25,6.900000102818012,3.52857148115124,0.2000000029802322,91.52857279245343,2.2000000178813934,107.1
2007-01-01,12.500000186264517,3.52857148115124,-4.000000059604645,82.67142980332885,9.099999904632568,107.11
2007-01-08,11.000000163912771,6.84285724482366,1.700000025331974,80.15714405157736,11.199999809265137,107.13
2007-01-15,14.600000217556952,8.757142987634454,-1.100000016391277,70.41428676354033,6.299999922513962,107.18
2007-01-22,14.900000222027302,7.457142968262945,-4.200000062584877,72.65714393981865,21.199999570846558,107.21
2007-01-29,5.900000087916851,-1.4142857353602136,-13.600000202655792,82.1428583668811,13.100000083446503,107.27
2007-02-05,8.900000132620335,5.014285789004394,-1.100000016391277,83.04285838029215,4.100000001490116,107.32
2007-02-12,10.30000015348196,2.1000000312924385,-4.400000065565109,85.01428698109729,12.299999862909317,107.3
2007-02-19,10.30000015348196,4.814285786024162,-2.1000000312924385,79.1571440366762,12.500000335276127,107.32
2007-02-26,12.10000018030405,5.085714361497334,-1.80000002682209,79.10000117868185,6.400000013411045,107.47
2007-03-05,13.000000193715096,6.157142948891435,-0.5000000074505806,78.37142973925386,23.700000025331974,107.5
2007-03-12,18.100000269711018,7.7428572582347055,1.100000016391277,74.02857253168311,2.8999998942017555,107.51
2007-03-19,17.80000026524067,6.957142960812364,-0.6000000089406967,74.82857254360404,4.5,107.5
2007-03-26,14.900000222027302,5.214285791984627,-1.700000025331974,76.07142970498118,28.00000023841858,107.495
2007-04-02,18.6000002771616,8.814285845628806,-0.5000000074505806,58.14285800925323,0.0,107.49
2007-04-09,16.00000023841858,7.371428681271417,-1.100000016391277,68.24285815975496,0.0,107.49
2007-04-16,24.600000366568565,13.1142859097038,1.80000002682209,61.02857233796801,0.0,107.46
2007-04-23,23.80000035464764,10.057143007005964,-1.600000023841858,57.18571513784783,0.2000000029802322,107.42
2007-04-30,26.30000039190054,14.285714498588018,0.0,57.32857228283371,0.2000000029802322,107.33
2007-05-07,23.80000035464764,12.771428761737686,-0.2000000029802322,50.900000758469105,13.100000381469728,107.31
2007-05-14,24.100000359117985,14.385714500078134,7.400000110268593,72.05714393087796,26.8999999538064,107.28
2007-05-21,29.300000436604023,14.814285935035773,3.700000055134296,64.9714295395783,6.600000083446503,107.68
2007-05-28,30.600000455975533,19.60000029206276,12.10000018030405,75.7000011280179,59.899999499320984,107.63
2007-06-04,23.000000342726707,15.357143085982118,5.500000081956387,78.01428687678916,2.6999999806284904,107.58
2007-06-11,30.70000045746565,21.128571743411676,11.60000017285347,66.07142955596957,1.300000011920929,107.47
2007-06-18,28.80000042915344,20.01428601252181,12.500000186264517,67.82857243929591,22.599999897181988,107.47
2007-06-25,30.200000450015068,18.785714565643243,11.800000175833702,72.85714394279888,29.10000061988831,107.38
2007-07-02,26.80000039935112,16.228571670395986,9.600000143051147,69.78571532560247,11.60000029951334,107.31
2007-07-09,23.80000035464764,16.257143099393165,10.100000150501728,71.34285820594856,20.100000098347664,107.35
2007-07-16,37.60000056028366,20.214286015502044,8.50000012665987,67.05714385637215,12.70000034570694,107.36
2007-07-23,31.20000046491623,21.11428602891309,12.000000178813934,66.2714295589498,29.69999971985817,107.32
2007-07-30,27.80000041425228,17.71428597824914,11.10000016540289,69.08571531517165,26.20000046491623,107.26
2007-08-06,27.500000409781933,16.84285739383527,8.600000128149986,66.95714385488203,5.099999904632568,107.22
2007-08-13,29.10000043362379,19.25714314409665,10.600000157952309,79.71428690212113,2.200000047683716,107.19
2007-08-20,29.000000432133675,19.08571457011359,9.900000147521496,68.88571531219142,33.29999981075525,107.19
2007-08-27,26.50000039488077,18.37142884518419,9.900000147521496,77.00000114738941,12.100000381469727,107.18
2007-09-03,20.30000030249357,14.028571637613434,4.500000067055225,73.57142966772828,14.0,107.17
2007-09-10,19.500000290572643,12.700000189244747,7.200000107288361,81.12857263748135,23.900000289082527,107.17
2007-09-17,25.100000374019142,13.98571449411767,4.500000067055225,73.50000109523535,1.5000000149011612,107.15
2007-09-24,24.8000003695488,13.200000196695328,5.000000074505806,73.70000109821558,7.800000190734863,107.14
2007-10-01,20.30000030249357,12.385714470275811,5.700000084936619,82.42857265685286,38.99999959766865,107.18
2007-10-08,19.500000290572643,11.642857316349234,3.9000000581145287,85.97142985250268,4.800000190734863,107.19
2007-10-15,19.30000028759241,8.21428583668811,-1.0000000149011612,77.257144008364,0.4000000059604645,107.17
2007-10-22,20.10000029951334,7.12857153479542,-2.600000038743019,80.95714406349829,7.299999892711639,107.14
2007-10-29,13.500000201165676,6.27142866488014,0.800000011920929,87.67142987783465,1.4000000357627869,107.13
2007-11-05,12.800000190734863,7.942857261214938,0.9000000134110451,86.82857272241797,10.200000166893005,107.29
2007-11-12,10.100000150501728,4.700000070035458,0.5000000074505806,84.48571554464954,44.099999725818634,107.35
2007-11-19,6.800000101327896,1.8000000268220901,-2.0000000298023224,89.48571561915534,9.400000005960464,107.35
2007-11-26,7.500000111758709,2.585714324244431,-2.200000032782554,82.30000122636557,4.0,107.37
2007-12-03,10.80000016093254,4.214285777083465,-3.700000055134296,77.67142972882304,13.100000202655792,107.39
2007-12-10,14.000000208616257,6.957142960812364,1.3000000193715096,75.24285826406309,10.499999955296516,107.4
2007-12-17,5.700000084936619,1.3571428773658616,-3.200000047683716,84.91428697960717,6.6000001430511475,107.43
2007-12-24,1.80000002682209,-2.9428571867091313,-7.400000110268593,86.04285842499563,0.2000000029802322,107.44
2007-12-31,7.000000104308128,1.4285714498588018,-4.500000067055225,78.30000116676092,2.300000049173832,107.4
2008-01-07,6.000000089406967,-0.25714286097458433,-3.9000000581145287,80.21428690957171,7.200000084936619,107.35
2008-01-14,9.500000141561031,4.057142917598997,-1.600000023841858,75.2142868350659,0.4000000059604645,107.36
2008-01-21,14.000000208616257,7.771428687231881,0.9000000134110451,77.24285829386541,32.99999934434891,107.5
2008-01-28,10.100000150501728,5.900000087916851,0.4000000059604645,75.8142868440066,27.09999930858612,107.56
2008-02-04,9.400000140070915,4.014285774103233,-1.80000002682209,74.2714296781591,2.9999999552965164,107.62
2008-02-11,12.10000018030405,5.628571512443679,-1.100000016391277,75.90000113099813,2.700000047683716,107.66
2008-02-18,5.500000081956387,0.842857155416693,-6.800000101327896,76.0571439904826,0.7999999895691872,107.62
2008-02-25,18.100000269711018,7.285714394279888,-2.0000000298023224,74.10000110417604,3.700000025331974,107.6
2008-03-03,16.50000024586916,7.542857255254473,2.1000000312924385,71.4142867784415,27.10000041872263,107.65
2008-03-10,14.300000213086603,4.957142931010042,-2.200000032782554,70.8285724839994,3.1999999657273293,107.66
2008-03-17,12.4000001847744,6.671428670840604,-0.1000000014901161,71.21428677546126,18.80000016838312,107.67
2008-03-24,8.00000011920929,1.58571430934327,-2.600000038743019,79.61428690063101,10.7999999076128,107.7
2008-03-31,17.30000025779009,5.6571429414408545,-3.500000052154064,68.81428673969847,4.600000001490116,107.82
2008-04-07,15.800000235438349,6.357142951871667,-1.600000023841858,81.52857264344182,29.799999713897705,107.8
2008-04-14,17.100000254809856,6.828571530325072,-0.1000000014901161,79.8857154761042,40.599999368190765,108.02
2008-04-21,15.600000232458116,6.9428572463137765,0.5000000074505806,79.31428689616067,17.90000021457672,107.94
2008-04-28,22.100000329315662,11.45714302786759,2.200000032782554,65.71428669350487,0.6000000014901161,107.8
2008-05-05,19.30000028759241,11.95714303531817,3.400000050663948,73.97142967368875,14.199999786913395,107.72
2008-05-12,24.600000366568565,14.928571651024479,4.700000070035458,59.81428660558803,0.0,107.72
2008-05-19,23.300000347197056,14.357143071080957,4.000000059604645,69.92857247058835,5.299999922513962,107.67
2008-05-26,22.100000329315662,13.714285918644496,2.3000000342726707,67.88571529729026,2.0999999046325684,107.6
2008-06-02,30.500000454485416,20.31428601699216,11.10000016540289,63.72857237820114,0.1000000014901161,107.53
2008-06-09,28.80000042915344,19.47142886157547,8.50000012665987,58.957143735672744,2.3999999538064003,107.42
2008-06-16,28.700000427663326,14.271428784089432,6.800000101327896,69.87142961259399,23.00000023841858,107.36
2008-06-23,32.70000048726797,18.471428846674307,7.300000108778477,62.95714379527739,3.600000001490116,107.43
2008-06-30,27.000000402331352,18.15714312770537,9.400000140070915,66.34285813144275,22.0,107.44
2008-07-07,32.80000048875809,19.75714315154723,9.100000135600569,65.6857152645077,20.49999962002039,107.38
2008-07-14,29.000000432133675,17.21428597079856,10.900000162422655,74.88571540159839,32.70000010728836,107.35
2008-07-21,24.300000362098217,16.771428821342333,10.30000015348196,72.31428679185254,8.299999952316284,107.35
2008-07-28,31.80000047385693,20.17142887200628,11.000000163912771,67.54285814932415,0.7000000029802322,107.295
2008-08-04,33.600000500679016,21.75714318134955,14.000000208616257,63.000000938773155,6.100000016391277,107.24
2008-08-11,32.30000048130751,19.60000029206276,9.600000143051147,62.64285807630846,18.00000035762787,107.17
2008-08-18,26.100000388920307,17.58571454776185,10.600000157952309,70.92857248548951,29.00000023841858,107.19
2008-08-25,28.000000417232517,17.45714311727456,8.800000131130219,70.92857248548951,29.899999856948853,107.19
2008-09-01,25.100000374019142,17.414285973778792,7.900000117719173,73.84285824320146,2.299999952316284,107.17
2008-09-08,27.80000041425228,18.071428840713843,11.400000169873238,76.32857256595578,36.599999621510506,107.18
2008-09-15,25.50000037997961,14.014285923114844,4.500000067055225,72.3571439353483,0.0,107.15
2008-09-22,16.100000239908695,9.514285856059619,2.600000038743019,77.80000115931034,10.099999845027924,107.19
2008-09-29,18.6000002771616,10.457143012966428,2.7000000402331352,84.90000126510859,4.600000023841858,107.15
2008-10-06,16.300000242888927,10.314285867980548,2.7000000402331352,76.25714399346283,10.70000010728836,107.1
2008-10-13,22.000000327825543,12.128571609301227,5.4000000804662704,84.45714411565235,0.3000000044703483,107.13
2008-10-20,18.6000002771616,10.65714301594666,3.500000052154064,79.22857260916915,6.999999977648258,107.12
2008-10-27,22.100000329315662,8.742857273135867,-1.0000000149011612,80.80000120401382,25.500000476837158,107.205
2008-11-03,11.000000163912771,5.300000078976154,0.4000000059604645,92.81428709732634,38.000000193715096,107.29
2008-11-10,16.600000247359276,10.071428721504551,3.9000000581145287,87.40000130236149,0.4000000059604644,107.26
2008-11-17,15.000000223517418,7.414285824767181,-2.0000000298023224,77.07142971988235,0.3000000119209289,107.18
2008-11-24,9.400000140070915,2.7000000402331352,-2.800000041723252,83.2142869542752,16.70000022649765,107.28
2008-12-01,7.000000104308128,2.0285714587994983,-3.200000047683716,83.40000124275684,6.299999952316284,107.3
2008-12-08,8.00000011920929,3.442857194159712,-2.200000032782554,83.72857267622437,9.700000122189522,107.28
2008-12-15,7.000000104308128,2.3285714632698467,-2.0000000298023224,86.98571558190244,9.299999788403511,107.35
2008-12-22,9.80000014603138,4.428571494562285,0.4000000059604645,86.84285843691656,12.900000035762787,107.36
2008-12-29,6.400000095367432,-0.37142857696328846,-7.000000104308128,84.77142983462129,6.100000023841858,107.32
2009-01-05,1.3000000193715096,-3.7571429131286487,-17.80000026524067,85.42857270155635,13.500000193715096,107.26
2009-01-12,-0.9000000134110451,-9.22857156608786,-23.300000347197056,81.7714297899178,0.8000000268220901,107.22
2009-01-19,6.000000089406967,-0.32857143346752443,-11.800000175833702,82.34285836986133,5.39999994635582,107.28
2009-01-26,7.000000104308128,1.2714285903743334,-4.500000067055225,86.25714414247444,1.2999999821186066,107.3
2009-02-02,3.9000000581145287,-0.4428571494562286,-3.000000044703484,86.5571441469448,1.6000000014901161,107.32
2009-02-09,7.000000104308128,1.5428571658475059,-3.500000052154064,83.71428696172578,1.300000011920929,107.28
2009-02-16,9.00000013411045,-0.5571428654449326,-7.400000110268593,84.11428696768624,14.900000095367432,107.33
2009-02-23,3.9000000581145287,-0.4000000059604645,-5.700000084936619,88.84285846671888,17.90000019222498,107.38
2009-03-02,11.400000169873238,4.871428644018514,0.2000000029802322,86.14285842648574,17.700000166893005,107.56
2009-03-09,13.500000201165676,5.214285791984627,-1.0000000149011612,83.64285838923284,8.800000071525574,107.7
2009-03-16,12.800000190734863,5.942857231412615,1.3000000193715096,85.128572697086,25.799999684095383,107.78
2009-03-23,11.000000163912771,4.500000067055225,-1.5000000223517418,72.97142965878759,11.099999845027924,107.79
2009-03-30,11.30000016838312,5.04285721800157,-3.200000047683716,78.51428688423974,7.200000002980232,107.75
2009-04-06,22.600000336766243,10.428571583969253,-1.80000002682209,70.62857248101916,0.0,107.72
2009-04-13,23.100000344216824,13.61428591715438,3.200000047683716,67.88571529729026,0.1000000014901161,107.64
2009-04-20,22.800000339746475,11.81428589033229,0.800000011920929,67.62857243631568,2.700000047683716,107.55
2009-04-27,23.80000035464764,12.428571613771576,0.800000011920929,62.70000093430281,2.799999952316284,107.505
2009-05-04,23.600000351667404,13.928571636123317,3.200000047683716,66.42857241843429,1.1000000163912773,107.46
2009-05-11,22.800000339746475,12.842857334230628,3.000000044703484,75.80000112950802,8.800000011920929,107.45
2009-05-18,24.8000003695488,13.97142877961908,2.7000000402331352,64.17142952765737,9.60000029206276,107.35
2009-05-25,26.200000390410423,16.58571453286069,7.400000110268593,69.84285818359682,15.400000050663948,107.33
2009-06-01,31.000000461936,14.042857352112021,5.900000087916851,78.30000116676092,46.49999985843897,107.42
2009-06-08,24.50000036507845,12.500000186264515,2.200000032782554,71.78571535540479,11.499999761581421,107.37
2009-06-15,23.500000350177288,15.100000225007534,6.400000095367432,72.45714393683842,29.000000059604645,107.37
2009-06-22,23.80000035464764,14.800000220537186,7.000000104308128,77.57142972733293,18.499999977648258,107.35
2009-06-29,23.80000035464764,17.42857168827738,11.000000163912771,85.85714413651398,13.800000071525574,107.35
2009-07-06,28.300000421702865,20.857143167938506,13.000000193715096,77.74285830131599,8.5,107.35
2009-07-13,26.30000039190054,16.65714310535363,10.000000149011612,75.2142868350659,13.400000020861626,107.25
2009-07-20,30.800000458955765,19.571428863065584,12.600000187754633,74.88571540159839,15.90000007301569,107.22
2009-07-27,28.60000042617321,19.114285999110766,11.10000016540289,73.05714394577912,24.000000052154064,107.185
2009-08-03,31.300000466406345,19.114285999110766,8.600000128149986,66.25714384445122,15.599999621510504,107.15
2009-08-10,28.200000420212746,20.0285717270204,10.900000162422655,66.82857242439475,27.399999618530277,107.12
2009-08-17,31.000000461936,19.51428600507123,10.000000149011612,71.38571534944433,5.9000000059604645,107.08
2009-08-24,31.300000466406345,18.785714565643243,8.600000128149986,67.98571529878038,7.599999904632568,107.05
2009-08-31,30.300000451505184,19.042857426617825,7.400000110268593,67.2428581448538,6.499999955296516,107.04
2009-09-07,31.300000466406345,16.85714310833386,8.300000123679638,72.7285725123116,24.399999625980854,107.06
2009-09-14,26.30000039190054,15.20000022649765,7.900000117719173,75.30000112205744,3.400000095367432,107.05
2009-09-21,25.600000381469727,15.91428595142705,6.400000095367432,77.97142973329339,0.1000000014901161,107.01
2009-09-28,23.600000351667404,14.085714495607785,4.200000062584877,78.0857154492821,0.1000000014901161,106.98
2009-10-05,16.800000250339508,11.800000175833702,5.700000084936619,79.91428690510136,16.399999655783176,106.95
2009-10-12,23.600000351667404,12.057143036808286,2.200000032782554,84.98571555210012,22.399999856948853,107.0
2009-10-19,10.400000154972076,4.400000065565109,-0.800000011920929,88.87142989571605,25.90000009536743,107.07
2009-10-26,14.800000220537186,6.914285817316601,-2.7000000402331352,90.68571563703674,10.699999988079071,107.095
2009-11-02,12.500000186264517,5.714285799435207,-3.500000052154064,89.64285847863981,30.500000059604645,107.12
2009-11-09,12.000000178813934,5.028571503502982,-1.0000000149011612,90.10000134259462,16.800000190734863,107.16
2009-11-16,15.100000225007534,8.14285726419517,3.400000050663948,84.77142983462129,3.7999999821186066,107.21
2009-11-23,15.300000227987766,10.171428722994667,2.500000037252903,77.64285829982587,14.600000478327276,107.28
2009-11-30,15.100000225007534,9.428571569068092,4.700000070035458,68.51428673522813,7.100000217556953,107.35
2009-12-07,10.80000016093254,4.228571491582053,-0.9000000134110451,88.8142870377217,18.30000013113022,107.37
2009-12-14,7.900000117719173,2.3285714632698467,-3.400000050663948,92.02857279990401,17.199999690055847,107.46
2009-12-21,1.0000000149011612,-6.785714386829308,-17.100000254809856,84.14285839668342,4.400000013411045,107.5
2009-12-28,10.000000149011612,2.2142857472811426,-4.400000065565109,82.77142980481896,15.999999918043613,107.51
2010-01-04,3.400000050663948,-1.9428571718079704,-10.400000154972076,94.27142997618232,27.499999977648258,107.52
2010-01-11,-2.3000000342726707,-6.871428673820836,-16.00000023841858,91.60000136494637,13.999999821186066,107.55
2010-01-18,3.200000047683716,-1.65714288183621,-11.400000169873238,87.07142986889396,4.600000083446503,107.54
2010-01-25,2.7000000402331352,-4.928571502012866,-12.000000178813934,85.15714412608317,1.899999976158142,107.64
2010-02-01,2.7000000402331352,-3.6857143406357085,-16.100000239908695,80.88571549100536,9.599999815225601,107.58
2010-02-08,4.500000067055225,-1.0714285873941012,-6.000000089406967,81.67142978842769,5.299999810755253,107.56
2010-02-15,1.0000000149011612,-4.271428635077817,-9.600000143051147,85.70000127702951,4.899999991059303,107.52
2010-02-22,7.500000111758709,-0.11428571598870414,-12.90000019222498,80.75714406051806,2.9999999552965164,107.56
2010-03-01,13.000000193715096,5.457142938460622,0.2000000029802322,76.27142970796142,8.900000110268593,107.81
2010-03-08,5.700000084936619,-1.600000023841858,-11.500000171363354,76.97142971839223,3.1000000163912773,107.78
2010-03-15,6.400000095367432,0.0857142869915281,-11.800000175833702,79.81428690361125,18.700000263750553,107.78
2010-03-22,18.100000269711018,8.50000012665987,0.2000000029802322,71.58571535242456,4.5,107.84
2010-03-29,22.600000336766243,10.000000149011612,-0.4000000059604645,74.42857253764357,21.00000035762787,107.8
2010-04-05,19.10000028461218,8.200000122189522,-1.3000000193715096,69.88571532709258,0.1000000014901161,107.8
2010-04-12,18.6000002771616,7.657142971243177,-0.1000000014901161,73.10000108927488,6.800000071525574,107.78
2010-04-19,19.80000029504299,7.7428572582347055,-0.5000000074505806,74.94285825959274,7.199999809265137,107.82
2010-04-26,21.800000324845318,8.657142986144338,-1.80000002682209,63.88571523768561,4.10000005364418,107.78
2010-05-03,24.8000003695488,13.4714287721685,4.200000062584877,73.3285725212523,9.69999984651804,107.74
2010-05-10,17.80000026524067,9.342857282076563,1.80000002682209,79.1571440366762,24.00000011920929,107.71
2010-05-17,17.00000025331974,9.842857289527144,5.4000000804662704,81.3000012114644,12.89999959617853,107.67
2010-05-24,21.1000003144145,13.171428767698151,6.70000009983778,84.54285840264389,48.800000227987766,107.64
2010-05-31,19.60000029206276,12.442857328270163,5.700000084936619,80.51428691404206,18.200000047683716,107.75
2010-06-07,28.10000041872263,15.042857367013182,6.900000102818012,79.21428689467055,7.799999892711639,107.68
2010-06-14,29.60000044107437,18.614285991660186,9.00000013411045,73.71428681271416,0.8999999910593033,107.6
2010-06-21,23.600000351667404,14.285714498588018,5.4000000804662704,66.78571528089898,0.0,107.55
2010-06-28,28.300000421702865,17.828571694237844,7.400000110268593,64.15714381315878,1.0,107.49
2010-07-05,31.80000047385693,22.657143194760597,10.500000156462193,61.4000009149313,13.500000216066837,107.46
2010-07-12,35.80000053346157,22.657143194760597,9.80000014603138,60.30000089854002,0.699999988079071,107.46
2010-07-19,34.00000050663948,22.18571461630719,9.500000141561031,67.01428671287638,12.399999864399433,107.44
2010-07-26,32.50000048428774,19.342857431088174,10.400000154972076,72.05714393087796,49.300000339746475,107.52
2010-08-02,29.10000043362379,18.785714565643243,10.000000149011612,71.1714296319655,27.49999976158142,107.6
2010-08-09,25.300000376999375,17.771428836243494,11.000000163912771,81.68571550292629,22.299999713897705,107.58
2010-08-16,26.50000039488077,18.30000027269125,13.100000195205212,82.42857265685286,34.59999966621399,107.9
2010-08-23,30.300000451505184,18.857143138136184,9.500000141561031,74.71428682761533,44.59999895095825,107.87
2010-08-30,23.80000035464764,15.614285946956702,9.00000013411045,80.28571548206466,51.99999953061342,107.88
2010-09-06,18.100000269711018,11.728571603340763,3.500000052154064,82.72857266132321,9.100000023841858,107.92
2010-09-13,24.300000362098217,14.91428593652589,4.000000059604645,78.02857259128776,3.1000000834465027,107.97
2010-09-20,18.100000269711018,12.54285732976028,5.500000081956387,77.10000114887953,20.599999725818634,107.87
2010-09-27,23.100000344216824,12.942857335720744,6.000000089406967,85.31428698556763,121.39999961853027,108.13
2010-10-04,16.600000247359276,10.0142858635102,2.600000038743019,84.38571554315942,0.8999999910593033,108.39
2010-10-11,18.6000002771616,10.957143020417009,-0.800000011920929,78.75714403071574,0.0,108.22
2010-10-18,11.000000163912771,5.871428658919675,-2.200000032782554,89.45714419015816,8.99999988079071,108.16
2010-10-25,12.10000018030405,6.085714376398495,0.2000000029802322,77.81428687380892,5.000000029802322,108.08
2010-11-01,16.100000239908695,7.6142858277474135,-1.0000000149011612,75.04285826108286,0.0,108.08
2010-11-08,17.30000025779009,9.21428585158927,1.0000000149011612,85.54285841754505,31.30000038444996,108.05
2010-11-15,19.80000029504299,8.871428703623158,-1.700000025331974,80.05714405008725,25.199999511241916,107.98
2010-11-22,8.300000123679638,4.800000071525574,-0.6000000089406967,93.75714425423315,33.99999988079071,108.18
2010-11-29,3.700000055134296,-1.0285714438983373,-7.000000104308128,92.88571566981929,18.30000001192093,108.15
2010-12-06,2.3000000342726707,-7.014285818806717,-15.500000230968,85.14285841158458,8.10000018030405,108.12
2010-12-13,4.400000065565109,-1.0571428728955132,-6.200000092387199,91.41428707646472,28.800000548362732,108.21
2010-12-20,4.000000059604645,-4.914285787514278,-15.300000227987766,86.54285843244621,11.600000023841858,108.22
2010-12-27,3.1000000461936,-2.4285714647599628,-10.30000015348196,91.40000136196613,24.500000298023224,108.18
2011-01-03,2.500000037252903,-3.8000000566244125,-18.100000269711018,90.05714419909886,1.3000000268220901,108.14
2011-01-10,12.300000183284284,1.6142857383404459,-10.900000162422655,83.80000124871731,5.400000050663948,108.39
2011-01-17,12.4000001847744,6.071428661899907,-2.7000000402331352,85.04285841009447,22.10000019520521,108.39
2011-01-24,8.800000131130219,1.0285714438983373,-2.500000037252903,90.54285849205085,12.600000023841858,108.35
2011-01-31,3.1000000461936,-2.514285751751491,-10.30000015348196,88.28571560127395,5.6000001430511475,108.21
2011-02-07,11.800000175833702,3.285714334675244,-9.3000001385808,77.3714297243527,3.2999999299645424,108.14
2011-02-14,9.500000141561031,2.414285750261375,-3.200000047683716,76.68571542842048,7.799999788403511,108.1
2011-02-21,3.9000000581145287,-2.500000037252903,-10.500000156462193,78.37142973925386,0.1000000014901161,108.05
2011-02-28,9.600000143051147,-3.628571482641356,-14.600000217556952,71.54285820892879,0.0,107.99
2011-03-07,7.500000111758709,-0.10000000149011609,-7.700000114738941,69.94285818508693,0.0,107.94
2011-03-14,16.300000242888927,6.77142867233072,-6.000000089406967,66.92857242588487,3.000000052154064,107.87
2011-03-21,11.60000017285347,4.8857143585171015,-3.400000050663948,84.62857268963542,13.200000166893005,107.82
2011-03-28,15.100000225007534,5.971428660409791,-3.500000052154064,72.14285821786949,1.7000000476837158,107.79
2011-04-04,24.300000362098217,11.900000177323818,-1.80000002682209,70.51428676503045,9.699999906122684,107.76
2011-04-11,21.50000032037497,11.357143026377473,0.4000000059604645,66.17142955745969,0.0,107.73
2011-04-18,18.100000269711018,8.342857267175402,1.0000000149011612,74.34285825065204,17.100000321865082,107.7
2011-04-25,24.50000036507845,13.61428591715438,2.7000000402331352,60.385715185531545,0.3000000119209289,107.64
2011-05-02,23.100000344216824,11.700000174343586,2.7000000402331352,70.72857248250928,9.099999904632568,107.49
2011-05-09,23.300000347197056,10.185714437493257,-1.3000000193715096,62.8285723647901,1.100000023841858,107.44
2011-05-16,26.30000039190054,14.242857355092253,5.500000081956387,69.72857246760812,5.199999928474426,107.39
2011-05-23,26.80000039935112,17.07142882581268,8.50000012665987,68.55714387872389,2.700000047683716,107.36
2011-05-30,28.60000042617321,16.328571671886102,3.700000055134296,55.34285796752998,0.3000000119209289,107.26
2011-06-06,30.500000454485416,19.414286003581115,7.400000110268593,61.700000919401646,3.599999964237213,107.19
2011-06-13,26.50000039488077,17.728571692747728,8.100000120699406,65.00000096857548,10.299999810755253,107.12
2011-06-20,28.80000042915344,17.557143118764674,10.500000156462193,68.30000101774931,10.799999669194221,107.14
2011-06-27,27.80000041425228,16.9285716808268,9.900000147521496,75.61428684102637,14.999999716877937,107.165
2011-07-04,30.100000448524952,15.471428801970822,6.900000102818012,78.0857154492821,37.19999951124191,107.19
2011-07-11,29.10000043362379,19.914286011031695,11.000000163912771,72.64285822532007,31.200000405311584,107.22
2011-07-18,27.3000004068017,18.842857423637593,11.900000177323818,65.81428669499499,12.5,107.19
2011-07-25,25.100000374019142,15.828571664435524,9.100000135600569,71.57142963792596,16.299999952316284,107.21
2011-08-01,25.00000037252903,16.028571667415754,8.00000011920929,83.98571553719896,77.99999809265137,107.25
2011-08-08,28.200000420212746,19.414286003581115,12.10000018030405,80.08571547908443,21.500000178813934,107.56
2011-08-15,27.3000004068017,17.78571455074208,11.500000171363354,74.55714396813086,7.6000001430511475,107.59
2011-08-22,29.50000043958425,19.38571457458394,10.100000150501728,75.85714398750237,3.300000049173832,107.42
2011-08-29,31.70000047236681,19.714286008051463,10.900000162422655,76.55714399793318,21.90000009536743,107.48
2011-09-05,29.000000432133675,16.471428816871985,6.800000101327896,75.5857154120292,23.09999942779541,107.52
2011-09-12,29.800000444054604,17.528571689767496,11.30000016838312,76.12857256297555,7.100000023841858,107.46
2011-09-19,23.600000351667404,14.885714507528714,7.000000104308128,78.35714402475527,51.599999248981476,107.42
2011-09-26,25.100000374019142,13.885714492627553,5.700000084936619,78.94285831919738,0.0,107.375
2011-10-03,26.30000039190054,15.585714517959527,7.900000117719173,81.0571440649884,0.5,107.33
2011-10-10,24.600000366568565,12.757143047239099,4.000000059604645,79.8857154761042,16.69999986886978,107.32
2011-10-17,16.800000250339508,7.814285830727646,-1.80000002682209,81.6571440739291,6.399999797344208,107.27
2011-10-24,19.30000028759241,6.500000096857548,-2.200000032782554,81.62857264493194,6.299999833106995,107.24
2011-10-31,15.900000236928465,9.885714433022908,3.000000044703484,87.65714416333607,0.2000000029802322,107.22
2011-11-07,16.100000239908695,7.671428685741765,0.4000000059604645,84.2714298271707,0.0,107.16
2011-11-14,12.600000187754633,2.9857143302048956,-3.700000055134296,86.84285843691656,0.0,107.13
2011-11-21,10.000000149011612,2.2428571762783185,-5.000000074505806,91.45714421996048,0.1000000014901161,107.11
2011-11-28,10.500000156462193,4.000000059604645,-2.800000041723252,83.71428696172578,0.1000000014901161,107.12
2011-12-05,14.600000217556952,5.614285797945091,-3.9000000581145287,80.15714405157736,13.800000250339508,107.09
2011-12-12,10.000000149011612,3.9000000581145287,-2.0000000298023224,76.48571542544025,10.800000004470348,107.13
2011-12-19,11.500000171363354,4.371428636567933,0.9000000134110451,76.9000011458993,16.000000216066837,107.15
2011-12-26,9.500000141561031,4.90000007301569,-1.700000025331974,85.62857270453658,13.599999785423279,107.195
2012-01-02,13.100000195205212,6.328571522874491,1.100000016391277,82.71428694682461,9.899999812245369,107.24
2012-01-09,10.900000162422655,4.82857150052275,0.5000000074505806,80.70000120252371,24.499999716877937,107.29
2012-01-16,9.80000014603138,3.2285714766808917,-3.700000055134296,83.85714410671166,7.5000001192092896,107.32
2012-01-23,7.200000107288361,2.8857143287147795,-2.1000000312924385,84.41428697215659,32.69999974966049,107.41
2012-01-30,2.600000038743019,-2.1000000312924385,-8.100000120699406,80.77142977501664,0.6000000238418579,107.49
2012-02-06,-4.400000065565109,-11.38571445537465,-19.80000029504299,75.5857154120292,0.2000000029802322,107.44
2012-02-13,-1.5000000223517418,-10.000000149011612,-20.000000298023224,80.80000120401382,2.700000010430813,107.42
2012-02-20,8.300000123679638,1.9285714573093824,-6.500000096857548,81.74285836092064,12.899999976158142,107.45
2012-02-27,11.900000177323818,4.700000070035458,-4.700000070035458,78.61428688572985,8.300000056624413,107.48
2012-03-05,10.500000156462193,6.285714379378727,-1.100000016391277,79.71428690212113,3.9999998956918716,107.52
2012-03-12,9.80000014603138,4.82857150052275,-4.000000059604645,75.75714398601225,7.299999922513962,107.54
2012-03-19,22.30000033229589,8.72857155863728,0.6000000089406967,69.18571531666177,0.800000011920929,107.52
2012-03-26,18.50000027567148,8.757142987634454,-0.800000011920929,72.30000107735395,0.0,107.495
2012-04-02,18.30000027269125,7.571428684251649,-0.1000000014901161,72.27142964835677,6.799999952316284,107.47
2012-04-09,16.50000024586916,4.785714357026985,-2.200000032782554,75.52857255403485,4.899999976158142,107.46
2012-04-16,18.0000002682209,8.200000122189522,-1.3000000193715096,72.05714393087796,7.200000107288361,107.44
2012-04-23,16.800000250339508,8.914285847118922,-1.80000002682209,63.51428666072233,6.099999904632568,107.38
2012-04-30,30.300000451505184,16.34285738638469,3.500000052154064,60.8000009059906,6.600000202655792,107.46
2012-05-07,28.80000042915344,14.157143068100725,3.9000000581145287,76.35714399495295,16.69999986886978,107.44
2012-05-14,29.800000444054604,14.542857359562602,0.5000000074505806,67.97142958428178,5.500000096857548,107.35
2012-05-21,27.80000041425228,13.342857341681208,0.5000000074505806,61.91428663688047,0.7000000029802322,107.25
2012-05-28,29.800000444054604,18.87142885263477,6.500000096857548,56.55714369990996,5.300000011920929,107.215
2012-06-04,23.600000351667404,13.25714305468968,7.200000107288361,73.41428680824382,28.500000193715096,107.18
2012-06-11,24.300000362098217,15.071428796010357,3.200000047683716,72.45714393683842,13.499999910593033,107.2
2012-06-18,31.000000461936,17.15714311280421,5.900000087916851,73.74285824171135,9.200000047683716,107.15
2012-06-25,26.30000039190054,17.100000254809856,9.80000014603138,76.0571439904826,59.10000145435333,107.56
2012-07-02,31.300000466406345,19.38571457458394,8.400000125169754,76.50000113993883,36.00000083446503,107.45
2012-07-09,28.60000042617321,19.571428863065584,12.600000187754633,82.77142980481896,79.40000305324793,107.66
2012-07-16,25.300000376999375,16.600000247359276,9.500000141561031,75.27142969306026,23.400000549852848,107.56
2012-07-23,25.00000037252903,16.58571453286069,7.700000114738941,73.70000109821558,4.300000049173832,107.49
2012-07-30,31.80000047385693,22.000000327825546,9.400000140070915,67.7142867233072,10.399999596178532,107.42
2012-08-06,31.80000047385693,20.042857441518986,10.900000162422655,73.65714395471981,3.3999999091029167,107.36
2012-08-13,23.600000351667404,16.35714310088328,5.700000084936619,68.00000101327896,1.4999999776482582,107.32
2012-08-20,37.70000056177378,20.18571458650487,6.70000009983778,62.08571521086352,0.0,107.25
2012-08-27,30.500000454485416,19.571428863065584,9.500000141561031,71.40000106394291,21.800000049173832,107.265
2012-09-03,27.80000041425228,17.357143115784442,7.900000117719173,76.51428685443742,10.40000019222498,107.28
2012-09-10,30.800000458955765,17.14285739830562,9.00000013411045,71.94285821488926,0.800000011920929,107.25
2012-09-17,30.100000448524952,15.314285942486354,7.000000104308128,73.00000108778477,19.700000405311584,107.25
2012-09-24,25.300000376999375,12.285714468785695,3.200000047683716,73.15714394726923,11.799999952316284,107.24
2012-10-01,25.300000376999375,13.657143060650144,4.700000070035458,74.00000110268593,10.699999809265137,107.22
2012-10-08,21.300000317394733,12.24285732528993,2.7000000402331352,76.60000114142895,9.699999809265137,107.22
2012-10-15,15.100000225007534,8.300000123679638,0.4000000059604645,79.50000118464231,2.5000000596046448,107.18
2012-10-22,22.500000335276127,10.800000160932541,2.200000032782554,82.52857265834298,0.2000000029802322,107.15
2012-10-29,11.400000169873238,4.757142928029809,-3.6000000536441803,88.67142989273582,11.400000035762787,107.17
2012-11-05,11.10000016540289,6.742857243333544,-0.4000000059604645,82.35714408435992,13.900000095367432,107.14
2012-11-12,11.30000016838312,7.528571540755885,1.80000002682209,83.82857267771449,9.400000214576721,107.12
2012-11-19,9.600000143051147,2.0285714587994983,-4.500000067055225,91.10000135749578,2.5999999046325684,107.08
2012-11-26,14.000000208616257,5.3714286514690945,-3.200000047683716,86.15714414098433,0.8000000268220901,107.105
2012-12-03,9.00000013411045,2.0000000298023224,-3.200000047683716,90.64285849354097,50.499999672174454,107.13
2012-12-10,3.700000055134296,-2.542857180748667,-14.900000222027302,85.07142983909164,19.100000262260437,107.18
2012-12-17,6.800000101327896,0.057142857994352,-7.800000116229057,86.00000128149986,9.899999909102917,107.33
2012-12-24,12.600000187754633,2.728571469230311,-3.500000052154064,91.97142994190965,35.100000739097595,107.43
2012-12-31,16.100000239908695,6.614285812846252,-2.0000000298023224,73.00000108778477,2.0999999940395355,107.55
2013-01-07,9.900000147521496,6.642857241843428,2.800000041723252,86.81428700791938,21.099999845027924,107.71
2013-01-14,7.000000104308128,0.6428571524364608,-7.000000104308128,88.77142989422593,13.700000144541264,107.8
2013-01-21,-1.80000002682209,-4.800000071525574,-8.100000120699406,86.37142985846315,5.700000196695329,107.72
2013-01-28,5.200000077486038,-5.714285799435207,-17.30000025779009,83.85714410671166,4.799999952316284,107.8
2013-02-04,13.600000202655792,4.785714357026985,-2.800000041723252,82.94285837880203,38.200000524520874,107.88
2013-02-11,7.800000116229057,-0.857142869915281,-7.200000107288361,84.42857268665519,4.899999961256981,107.83
2013-02-18,3.1000000461936,-0.9000000134110451,-5.500000081956387,90.51428706305367,7.399999864399433,107.86
2013-02-25,2.500000037252903,-1.528571451348918,-5.000000074505806,91.9285727984139,18.700000286102295,107.86
2013-03-04,8.300000123679638,1.1285714453884534,-3.400000050663948,88.04285845479795,1.0000000074505806,107.91
2013-03-11,13.800000205636024,1.58571430934327,-5.200000077486038,82.92857266430345,8.599999785423279,107.97
2013-03-18,4.700000070035458,-3.2142857621823038,-15.100000225007534,75.3428582655532,10.600000195205212,107.92
2013-03-25,3.6000000536441803,-2.742857183728899,-11.30000016838312,73.78571538520711,5.100000113248825,107.88
2013-04-01,3.200000047683716,-0.7714285829237529,-6.500000096857548,76.27142970796142,4.000000037252903,107.81
2013-04-08,9.500000141561031,1.4285714498588018,-4.400000065565109,75.8142868440066,0.6000000238418579,107.78
2013-04-15,22.800000339746475,10.042857292507376,0.6000000089406967,72.65714393981865,15.299999952316284,107.78
2013-04-22,26.80000039935112,13.485714486667089,2.1000000312924385,63.04285808226892,0.7000000178813934,107.72
2013-04-29,25.50000037997961,12.514285900763102,3.400000050663948,72.82857251380172,13.500000335276129,107.7
2013-05-06,21.300000317394733,11.785714461335115,3.200000047683716,75.95714398899248,4.100000098347664,107.67
2013-05-13,23.600000351667404,14.514285930565425,4.400000065565109,79.95714404859713,31.500000655651093,107.65
2013-05-20,25.600000381469727,16.37142881538187,5.700000084936619,68.15714387276343,12.5,107.61
2013-05-27,18.100000269711018,9.814285860529967,2.0000000298023224,81.51428692894322,28.200000621378422,107.835
2013-06-03,18.6000002771616,12.185714467295579,7.700000114738941,93.3428585337741,112.40000057220459,108.06
2013-06-10,24.300000362098217,15.385714514979295,4.000000059604645,81.4285726419517,11.000000372529032,108.17
2013-06-17,27.3000004068017,18.01428598271949,8.300000123679638,68.35714387574366,4.400000095367432,108.1
2013-06-24,33.600000500679016,21.642857465360844,13.600000202655792,72.05714393087796,41.199999429285526,108.08
2013-07-01,24.8000003695488,13.97142877961908,7.900000117719173,78.6714297437242,25.999999977648258,108.07
2013-07-08,27.000000402331352,19.17142885710512,10.400000154972076,74.91428683059556,1.3999999538064003,107.95
2013-07-15,27.700000412762165,17.34285740128585,11.000000163912771,74.58571539712804,0.0,107.83
2013-07-22,31.100000463426117,20.371428874986513,10.400000154972076,64.48571524662631,0.0,107.72
2013-07-29,35.30000052601099,23.55714320817164,11.900000177323818,64.71428667860371,37.799999833106995,107.74
2013-08-05,34.20000050961971,22.157143187310016,13.600000202655792,72.22857250486102,7.1000001430511475,107.68
2013-08-12,32.80000048875809,19.200000286102295,11.000000163912771,77.42857258234706,22.80000038444996,107.63
2013-08-19,29.300000436604023,18.14285741320678,7.500000111758709,67.68571529431003,1.5999999791383743,107.54
2013-08-26,24.8000003695488,16.514285960367747,7.700000114738941,69.05714388617447,0.1000000014901161,107.52
2013-09-02,26.50000039488077,16.12857166890587,7.400000110268593,69.71428675310952,5.300000011920929,107.5
2013-09-09,27.500000409781933,17.357143115784442,9.00000013411045,78.05714402028492,25.499999284744263,107.47
2013-09-16,22.100000329315662,13.942857350621905,8.00000011920929,81.04285835048982,4.600000120699406,107.52
2013-09-23,17.50000026077032,12.385714470275811,6.70000009983778,83.30000124126673,4.299999952316284,107.38
2013-09-30,17.600000262260437,9.914285862020083,1.600000023841858,83.07142980928931,8.49999962002039,107.33
2013-10-07,16.100000239908695,8.600000128149986,-0.9000000134110451,73.3142868067537,0.0,107.28
2013-10-14,18.6000002771616,10.500000156462193,1.3000000193715096,87.30000130087137,62.10000002384186,107.51
2013-10-21,19.60000029206276,10.957143020417009,0.800000011920929,85.42857270155635,7.999999895691872,107.48
2013-10-28,22.600000336766243,15.571428803460938,5.700000084936619,74.18571539116758,3.4000000953674316,107.445
2013-11-04,15.900000236928465,9.385714425572328,-0.2000000029802322,75.3428582655532,10.699999690055847,107.41
2013-11-11,16.600000247359276,8.442857268665518,0.1000000014901161,83.94285839370319,9.999999739229679,107.37
2013-11-18,9.00000013411045,3.342857192669596,-1.700000025331974,91.58571565044778,3.100000001490116,107.37
2013-11-25,8.600000128149986,3.7000000551342964,-2.7000000402331352,93.10000138729811,11.100000143051147,107.38
2013-12-02,7.400000110268593,2.6571428967373714,-6.000000089406967,89.84285848162004,2.7999999597668648,107.35
2013-12-09,8.00000011920929,2.628571467740195,-3.200000047683716,86.00000128149986,17.100000336766243,107.36
2013-12-16,12.10000018030405,3.8428572001201764,-3.000000044703484,89.42857276116099,1.000000037252903,107.42
2013-12-23,11.800000175833702,4.485714352556637,-2.1000000312924385,77.68571544332164,0.9000000283122063,107.39
2013-12-30,9.80000014603138,6.100000090897083,-2.800000041723252,77.11428686337811,1.5999999567866325,107.35
2014-01-06,10.400000154972076,4.214285777083465,-3.200000047683716,81.62857264493194,9.000000216066837,107.32
2014-01-13,14.100000210106373,6.27142866488014,-3.1000000461936,77.64285829982587,4.499999977648258,107.35
2014-01-20,7.700000114738941,2.6857143257345473,-1.3000000193715096,92.58571566534894,13.499999918043613,107.37
2014-01-27,2.600000038743019,-4.714285784534046,-14.000000208616257,90.38571563256639,6.500000059604645,107.365
2014-02-03,6.200000092387199,-0.31428571896893637,-7.000000104308128,84.61428697513682,3.5999999567866325,107.36
2014-02-10,12.10000018030405,4.571428639548166,-2.3000000342726707,71.00000105798244,0.0,107.38
2014-02-17,10.500000156462193,5.357142936970506,-2.1000000312924385,71.82857249890056,7.799999833106995,107.35
2014-02-24,13.300000198185444,5.642857226942267,-2.3000000342726707,74.58571539712804,2.100000001490116,107.32
2014-03-03,13.90000020712614,4.700000070035458,-1.700000025331974,79.62857261512961,0.3000000044703483,107.35
2014-03-10,17.100000254809856,5.457142938460622,-3.000000044703484,80.07142976458583,0.0,107.32
2014-03-17,17.80000026524067,7.71428582923753,-2.0000000298023224,70.37142962004457,4.899999886751175,107.3
2014-03-24,21.60000032186508,10.057143007005964,2.7000000402331352,70.62857248101916,17.400000251829624,107.32
2014-03-31,19.60000029206276,7.214285821786949,-1.3000000193715096,79.20000118017197,1.100000023841858,107.28
2014-04-07,22.800000339746475,12.057143036808286,2.0000000298023224,72.44285822233984,0.2000000029802322,107.27
2014-04-14,19.80000029504299,9.642857286546912,1.5000000223517418,73.11428680377347,4.399999983608723,107.27
2014-04-21,19.30000028759241,8.828571560127395,-2.0000000298023224,72.81428679930312,8.200000286102295,107.24
2014-04-28,22.500000335276127,14.514285930565425,7.000000104308128,77.68571544332164,1.0000000149011612,107.21
2014-05-05,21.800000324845318,9.44285728356668,0.0,76.85714400240353,10.199999809265137,107.2
2014-05-12,20.60000030696392,13.128571624202388,2.1000000312924385,69.48571532113212,9.100000217556953,107.18
2014-05-19,22.30000033229589,11.300000168383121,3.6000000536441803,77.87142973180327,22.600000143051147,107.16
2014-05-26,29.10000043362379,18.557143133665836,9.00000013411045,70.12857247356858,10.600000023841858,107.185
2014-06-02,21.60000032186508,12.82857161973204,5.200000077486038,79.80000118911266,26.099999643862247,107.21
2014-06-09,33.5000004991889,19.44285743257829,6.200000092387199,61.00000090897083,0.4000000059604645,107.15
2014-06-16,32.600000485777855,17.814285979739257,7.300000108778477,71.28571534795421,1.300000049173832,107.11
2014-06-23,24.8000003695488,15.071428796010357,8.800000131130219,68.68571530921119,2.0999999046325684,107.07
2014-06-30,25.100000374019142,15.185714511999063,6.200000092387199,78.0857154492821,20.999999850988388,107.08
2014-07-07,30.600000455975533,20.214286015502044,8.50000012665987,60.94285805097648,14.400000408291818,107.08
2014-07-14,26.80000039935112,17.914285981229373,9.80000014603138,81.85714407690934,34.19999986886978,107.11
2014-07-21,33.70000050216913,22.871428912239416,13.500000201165676,62.1142866398607,0.5,107.08
2014-07-28,29.800000444054604,20.914286025932856,14.100000210106373,73.30000109225512,25.400000154972076,107.09
2014-08-04,30.300000451505184,20.842857453439915,11.30000016838312,77.32857258085694,11.800000227987766,107.1
2014-08-11,30.00000044703484,19.97142886902605,12.000000178813934,71.82857249890056,4.199999928474426,107.07
2014-08-18,23.600000351667404,16.542857389364922,11.10000016540289,72.81428679930312,20.49999988079071,107.05
2014-08-25,21.800000324845318,14.242857355092253,6.800000101327896,68.62857245121684,7.499999940395355,107.04
2014-09-01,23.600000351667404,15.400000229477882,7.900000117719173,80.75714406051806,35.0,107.12
2014-09-08,27.3000004068017,17.357143115784442,10.600000157952309,83.28571552676814,2.5000000596046448,107.13
2014-09-15,24.00000035762787,15.900000236928463,11.000000163912771,88.01428702580077,20.200000286102295,107.14
2014-09-22,25.00000037252903,16.5714288183621,8.800000131130219,82.24285836837122,27.800000429153442,107.15
2014-09-29,25.300000376999375,13.071428766208035,4.200000062584877,82.0285726508924,3.1999999657273293,107.15
2014-10-06,20.60000030696392,13.700000204145908,4.500000067055225,84.48571554464954,0.0,107.12
2014-10-13,23.80000035464764,15.371428800480706,8.00000011920929,83.31428695576531,6.700000032782555,107.12
2014-10-20,23.300000347197056,14.171428782599312,8.600000128149986,86.15714414098433,10.30000014603138,107.14
2014-10-27,16.100000239908695,9.528571570558208,2.0000000298023224,87.67142987783465,17.299999549984932,107.145
2014-11-03,19.60000029206276,9.100000135600567,-0.5000000074505806,84.84285840711424,0.0,107.15
2014-11-10,14.000000208616257,7.900000117719173,0.4000000059604645,88.32857274476972,1.5,107.18
2014-11-17,14.100000210106373,9.00000013411045,1.3000000193715096,90.4857156340565,0.3000000044703483,107.13
2014-11-24,9.80000014603138,4.942857216511454,-0.2000000029802322,90.82857278202262,3.5999999418854713,107.09
2014-12-01,7.300000108778477,1.4714285933545657,-2.0000000298023224,83.84285839221307,0.0,107.07
2014-12-08,6.800000101327896,2.257142890776907,-2.200000032782554,86.74285843542644,2.80000002682209,107.05
2014-12-15,11.10000016540289,3.8142857711230005,-4.500000067055225,85.28571555657047,9.000000193715096,107.07
2014-12-22,13.100000195205212,7.028571533305304,0.9000000134110451,81.00000120699406,11.300000004470348,107.07
2014-12-29,11.30000016838312,1.2714285903743334,-8.600000128149986,84.25714411267212,13.299999810755253,107.12
2015-01-05,7.500000111758709,2.457142893757139,-4.200000062584877,87.32857272986855,7.0,107.15
2015-01-12,15.300000227987766,5.214285791984627,0.0,81.32857264046159,22.200000025331974,107.22
2015-01-19,13.300000198185444,4.914285787514278,-4.500000067055225,76.97142971839223,5.5999999567866325,107.22
2015-01-26,5.000000074505806,0.5285714364477566,-1.100000016391277,91.72857279543366,10.100000061094761,107.225
2015-02-02,5.500000081956387,1.9000000283122063,-1.80000002682209,82.82857266281333,6.200000077486038,107.23
2015-02-09,4.700000070035458,-0.3142857189689363,-5.4000000804662704,84.91428697960717,7.8999999314546585,107.21
2015-02-16,8.00000011920929,1.65714288183621,-5.200000077486038,83.91428696470601,0.1000000014901161,107.18
2015-02-23,11.500000171363354,2.642857182238783,-4.200000062584877,79.80000118911266,2.299999952316284,107.17
2015-03-02,10.000000149011612,3.4857143376554762,-4.200000062584877,76.7857154299106,7.499999761581421,107.16
2015-03-09,16.00000023841858,5.7857143719281465,0.2000000029802322,73.0857153747763,1.8000000268220901,107.14
2015-03-16,13.100000195205212,4.700000070035458,-1.5000000223517418,86.54285843244621,6.700000002980232,107.11
2015-03-23,16.800000250339508,5.014285789004394,-4.200000062584877,67.54285814932415,0.2000000029802322,107.12
2015-03-30,18.30000027269125,7.642857256744589,-1.3000000193715096,76.14285827747413,16.899999976158142,107.16
2015-04-06,12.600000187754633,3.6571429116385326,-3.400000050663948,77.38571543885129,17.10000015795231,107.17
2015-04-13,21.1000003144145,9.671428715544087,-3.200000047683716,67.31428671734673,0.2000000029802322,107.17
2015-04-20,22.600000336766243,9.414285854569503,-1.0000000149011612,63.97142952467714,0.0,107.13
2015-04-27,22.800000339746475,11.942857320819583,0.0,67.31428671734673,12.799999952316284,107.125
2015-05-04,23.100000344216824,10.242857295487608,0.800000011920929,71.74285821190902,21.600000381469727,107.12
2015-05-11,23.600000351667404,14.571428788559777,2.500000037252903,65.97142955447946,2.900000013411045,107.15
2015-05-18,27.200000405311584,12.728571618241924,0.6000000089406967,65.05714382656983,5.3999999538064,107.11
2015-05-25,21.000000312924385,13.61428591715438,2.600000038743019,64.1428580986602,1.899999976158142,107.07
2015-06-01,22.100000329315662,13.25714305468968,3.9000000581145287,67.6000010073185,5.300000116229057,107.02
2015-06-08,32.100000478327274,18.08571455521243,7.300000108778477,60.61428661750896,15.40000043064356,106.97
2015-06-15,29.50000043958425,16.65714310535363,7.400000110268593,73.74285824171135,10.400000095367432,106.97
2015-06-22,20.10000029951334,13.371428770678383,5.200000077486038,75.80000112950802,22.49999976158142,106.98
2015-06-29,26.30000039190054,16.057143096412933,7.200000107288361,74.55714396813086,2.7000000178813934,106.95
2015-07-06,36.6000005453825,23.8428574981434,11.000000163912771,57.51428657131536,5.600000001490116,106.94
2015-07-13,33.5000004991889,17.6428574057562,7.500000111758709,67.98571529878038,24.600000083446503,106.91
2015-07-20,33.80000050365925,21.32857174639191,13.000000193715096,71.1714296319655,27.40000057220459,106.92
2015-07-27,32.600000485777855,20.571428877966746,11.400000169873238,67.0000009983778,21.700000144541264,106.905
2015-08-03,31.300000466406345,17.828571694237844,7.000000104308128,59.44285802862474,2.799999952316284,106.89
2015-08-10,37.70000056177378,24.71428608255727,13.40000019967556,58.114286580256056,0.4000000059604644,106.86
2015-08-17,35.200000524520874,23.385714634188584,15.600000232458116,70.64285819551775,35.299999721348286,106.83
2015-08-24,27.200000405311584,17.51428597526891,8.900000132620335,74.37142967964921,44.3000009059906,107.02
2015-08-31,34.60000051558018,20.328571731490747,10.900000162422655,71.57142963792596,7.6000001430511475,107.05
2015-09-07,30.70000045746565,14.70000021904707,7.500000111758709,80.05714405008725,34.50000039488077,107.1
2015-09-14,25.100000374019142,14.385714500078134,6.70000009983778,79.94285833409855,2.800000049173832,107.07
2015-09-21,28.000000417232517,15.300000227987766,8.400000125169754,77.58571544183152,7.399999834597111,107.06
2015-09-28,19.60000029206276,12.000000178813934,3.200000047683716,79.7571440456169,0.9999999925494194,107.01
2015-10-05,20.800000309944156,10.628571586949485,-0.1000000014901161,77.11428686337811,0.0,107.0
2015-10-12,19.10000028461218,8.585714413651399,-3.200000047683716,79.44285832664796,18.20000034570694,107.02
2015-10-19,10.500000156462193,5.814285800925323,1.100000016391277,93.68571568174022,21.39999981224537,107.05
2015-10-26,15.100000225007534,8.742857273135867,0.6000000089406967,89.11428704219205,4.700000025331974,107.02
2015-11-02,16.800000250339508,7.471428682761533,-0.800000011920929,82.9714298077992,0.0,106.99
2015-11-09,18.100000269711018,10.671428730445248,-2.200000032782554,83.04285838029215,11.400000214576721,106.95
2015-11-16,16.00000023841858,11.52857160036053,5.500000081956387,80.48571548504489,29.900000393390656,106.99
2015-11-23,15.400000229477882,6.928571531815188,-1.600000023841858,83.77142981972013,21.999999970197678,107.07
2015-11-30,10.80000016093254,3.257142905678068,-3.500000052154064,84.21428696917636,20.900000289082527,107.02
2015-12-07,12.4000001847744,7.914285832217762,0.5000000074505806,78.3285725957581,1.5999999642372131,107.17
2015-12-14,12.600000187754633,4.528571496052401,-2.500000037252903,84.400001257658,8.000000096857548,107.2
2015-12-21,13.600000202655792,8.471428697662693,3.000000044703484,87.07142986889396,10.000000186264515,107.25
2015-12-28,15.800000235438349,10.3714287259749,1.3000000193715096,76.24285827896425,3.0999999046325684,107.25
2016-01-04,7.400000110268593,-0.10000000149011612,-6.000000089406967,80.80000120401382,2.0,107.25
2016-01-11,6.800000101327896,-0.21428571747882033,-5.500000081956387,86.10000128298998,20.30000001192093,107.22
2016-01-18,6.200000092387199,0.4857142929519926,-12.4000001847744,88.41428703176123,13.09999966621399,107.27
