Date,TASMAX,TAS,TASMIN,Humidity,Precipitation,GWL
1969-01-13,-1.0000000149011612,-4.185714348086289,-8.100000120699406,80.57142977203641,0.1000000014901161,104.81
1969-01-20,6.000000089406967,1.4857143078531538,-5.900000087916851,88.14285845628807,4.799999944865704,104.79
1969-01-27,5.500000081956387,1.8571428848164422,-3.200000047683716,90.55714420654944,22.299999475479126,104.83
1969-02-03,10.100000150501728,3.9000000581145287,-0.5000000074505806,78.71428688721997,5.299999937415123,104.87
1969-02-10,2.600000038743019,-1.8714285993150301,-7.500000111758709,76.81428685890776,0.9000000059604645,104.91
1969-02-17,-0.5000000074505806,-6.742857243333544,-14.000000208616257,80.55714405753783,32.600000619888306,104.95
1969-02-24,8.00000011920929,0.6714285814336369,-12.800000190734863,85.77142984952245,0.7999999895691872,104.99
1969-03-03,4.500000067055225,0.5142857219491687,-6.70000009983778,82.07142979438815,0.4000000059604645,105.03
1969-03-10,6.500000096857548,-0.014285714498588018,-7.500000111758709,72.20000107586384,0.3000000119209289,105.05
1969-03-17,9.900000147521496,0.5142857219491687,-4.500000067055225,84.97142983760152,31.09999994188547,105.13
1969-03-24,5.900000087916851,0.5857142944421087,-5.700000084936619,74.77142968560968,0.1000000014901161,105.14
1969-03-31,10.500000156462193,2.628571467740195,-0.5000000074505806,81.4285726419517,14.000000096857548,105.38
1969-04-07,19.60000029206276,6.185714377888611,-2.7000000402331352,72.02857250188079,2.6999999582767487,105.46
1969-04-14,22.30000033229589,9.371428711073738,1.3000000193715096,64.52857239012208,15.900000289082527,105.61
1969-04-21,13.600000202655792,3.5857143391455923,-2.3000000342726707,76.57142971243177,11.499999761581421,105.73
1969-04-28,24.00000035762787,11.10000016540289,4.500000067055225,78.62857260022845,35.80000080168247,105.77
1969-05-05,26.80000039935112,13.457143057669912,7.500000111758709,82.6285726598331,13.099999725818634,105.84
1969-05-12,28.000000417232517,14.47142878706966,7.400000110268593,77.64285829982587,10.699999645352362,105.79
1969-05-19,31.500000469386578,16.885714537331037,7.000000104308128,64.58571524811643,0.5000000149011611,105.78
1969-05-26,25.80000038444996,12.957143050219331,3.6000000536441803,65.45714383253029,16.900000385940075,105.705
1969-06-02,25.100000374019142,14.785714506038598,7.500000111758709,70.1000010445714,17.60000015795231,105.63
1969-06-09,23.80000035464764,13.242857340191092,7.300000108778477,74.1571439621704,20.499999955296516,105.54
1969-06-16,28.700000427663326,19.30000028759241,8.50000012665987,63.871429523187025,9.799999810755253,105.5
1969-06-23,28.60000042617321,18.628571706158773,11.30000016838312,74.35714396515063,53.800001457333565,105.45
1969-06-30,29.300000436604023,16.400000244379044,10.600000157952309,77.32857258085694,24.00000011920929,105.42
1969-07-07,27.500000409781933,19.714286008051463,8.100000120699406,73.0857153747763,2.7999999076128006,105.4
1969-07-14,23.100000344216824,14.371428785579544,9.100000135600569,75.97142970349107,6.3000000938773155,105.3
1969-07-21,31.80000047385693,20.142857443009103,11.500000171363354,65.14285811356136,3.9999999552965164,105.18
1969-07-28,34.00000050663948,23.85714321264199,16.100000239908695,70.92857248548951,0.1000000014901161,105.14
1969-08-04,32.20000047981739,22.928571770233766,14.100000210106373,61.84285806438753,0.3000000119209289,105.1
1969-08-11,30.800000458955765,19.51428600507123,9.900000147521496,58.914286592176985,0.0,104.97
1969-08-18,26.700000397861004,17.400000259280205,8.50000012665987,79.32857261065926,23.700000166893005,104.79
1969-08-25,26.00000038743019,15.05714308151177,7.000000104308128,74.72857254211392,5.200000144541264,104.73
1969-09-01,21.1000003144145,13.600000202655792,9.500000141561031,82.24285836837122,33.0,104.71
1969-09-08,24.50000036507845,13.514285915664264,6.000000089406967,80.91428692000252,0.3000000044703483,104.69
1969-09-15,26.700000397861004,17.50000026077032,8.50000012665987,77.08571543438094,1.600000023841858,104.67
1969-09-22,21.300000317394733,13.357143056179796,2.200000032782554,78.34285831025669,9.500000193715096,104.65
1969-09-29,23.500000350177288,12.285714468785695,4.000000059604645,76.95714400389365,2.0999999046325684,104.63
1969-10-06,20.10000029951334,11.071428736405712,5.000000074505806,78.48571545524257,8.300000190734863,104.61
1969-10-13,20.500000305473804,10.928571591419834,3.1000000461936,80.98571549249547,0.0,104.58
1969-10-20,20.30000030249357,10.600000157952309,3.700000055134296,79.92857261959996,0.0,104.55
1969-10-27,19.30000028759241,10.800000160932541,4.000000059604645,83.41428695725543,2.800000049173832,104.55
1969-11-03,15.600000232458116,10.571428728955132,6.400000095367432,76.91428686039788,8.299999952316284,104.55
1969-11-10,13.600000202655792,7.3571429667728285,-1.3000000193715096,72.57142965282712,7.8999998569488525,104.54
1969-11-17,18.6000002771616,9.857143004025732,2.7000000402331352,74.10000110417604,3.799999952316284,104.53
1969-11-24,11.30000016838312,5.542857225452151,1.100000016391277,84.74285840562412,8.199999749660492,104.53
1969-12-01,5.200000077486038,-0.34285714796611255,-5.500000081956387,84.90000126510859,9.899999618530272,104.52
1969-12-08,3.9000000581145287,-2.8142857562218393,-8.800000131130219,86.18571556998151,2.3000000417232513,104.51
1969-12-15,2.1000000312924385,-1.4428571643573898,-9.400000140070915,86.30000128597021,3.200000047683716,104.5
1969-12-22,0.4000000059604645,-9.542857285056796,-21.50000032037497,84.02857268069472,8.000000201165676,104.49
1969-12-29,0.0,-6.014285803905556,-14.600000217556952,83.55714410224131,3.0,104.54
1970-01-05,4.000000059604645,-4.257142920579229,-12.000000178813934,82.87142980630908,13.399999588727951,104.54
1970-01-12,4.200000062584877,-2.400000035762787,-10.80000016093254,81.44285835645029,0.4000000059604645,104.54
1970-01-19,4.200000062584877,-2.842857185219015,-9.00000013411045,86.34285842946598,1.9999999552965164,104.52
1970-01-26,2.600000038743019,-2.8000000417232513,-9.600000143051147,82.24285836837122,0.1000000014901161,104.51
1970-02-02,5.200000077486038,-4.385714351066521,-15.500000230968,82.00000122189522,14.499999910593033,104.5
1970-02-09,8.00000011920929,2.1571428892867908,-6.500000096857548,77.21428686486823,6.100000023841858,104.48
1970-02-16,5.200000077486038,-1.628571452839034,-12.300000183284284,80.15714405157736,7.0,104.5
1970-02-23,9.100000135600569,0.21428571747882016,-5.900000087916851,83.80000124871731,35.09999963641167,104.53
1970-03-02,5.200000077486038,-1.0285714438983373,-5.200000077486038,88.54285846224853,19.800000049173832,104.65
1970-03-09,5.500000081956387,-1.0857143018926894,-7.700000114738941,82.71428694682461,36.20000076293945,104.78
1970-03-16,6.900000102818012,0.4000000059604645,-8.400000125169754,82.70000123232603,1.0,104.87
1970-03-23,12.000000178813934,5.100000075995922,0.5000000074505806,82.6142869453345,18.699999630451202,104.99
1970-03-30,11.60000017285347,3.0285714737006595,-2.7000000402331352,81.44285835645029,14.30000038444996,105.25
1970-04-06,15.100000225007534,3.285714334675244,-1.3000000193715096,79.97142976309571,7.600000023841858,105.53
1970-04-13,12.10000018030405,4.928571502012866,0.1000000014901161,78.34285831025669,45.00000071525574,105.75
1970-04-20,19.80000029504299,9.614285857549735,1.700000025331974,80.08571547908443,13.300000384449959,105.85
1970-04-27,17.50000026077032,11.10000016540289,4.000000059604645,76.95714400389365,7.699999928474426,105.99
1970-05-04,16.50000024586916,6.057142947401319,0.800000011920929,82.91428694980485,27.700000047683716,106.13
1970-05-11,26.30000039190054,16.257143099393165,2.800000041723252,64.05714381166867,5.999999955296516,106.2
1970-05-18,22.800000339746475,13.32857162718262,4.90000007301569,74.01428681718451,3.8999999314546585,106.26
1970-05-25,23.000000342726707,12.014285893312522,4.000000059604645,71.3000010624528,11.19999996572733,106.19
1970-06-01,19.000000283122063,11.857143033828054,6.000000089406967,85.68571556253093,46.59999942779541,106.13
1970-06-08,27.700000412762165,15.500000230967999,7.700000114738941,76.7857154299106,10.900000050663948,106.07
1970-06-15,27.200000405311584,18.200000271201134,8.00000011920929,67.54285814932415,1.8999999538064003,105.99
1970-06-22,32.30000048130751,21.657143179859435,10.500000156462193,54.91428653257234,4.699999809265137,105.81
1970-06-29,31.80000047385693,20.60000030696392,12.90000019222498,69.15714388766459,16.80000039935112,105.71
1970-07-06,24.100000359117985,16.35714310088328,10.000000149011612,70.20000104606152,3.1999999433755875,105.58
1970-07-13,31.80000047385693,21.11428602891309,11.000000163912771,63.800000950694084,3.5999999046325684,105.43
1970-07-20,29.50000043958425,16.50000024586916,11.30000016838312,69.0285724571773,11.300000190734863,105.27
1970-07-27,30.300000451505184,17.542857404266083,10.600000157952309,69.5000010356307,7.599999964237213,105.235
1970-08-03,31.80000047385693,20.75714316644839,13.000000193715096,74.90000111609697,38.799999214708805,105.2
1970-08-10,30.300000451505184,20.457143161978042,13.500000201165676,79.77142976011548,27.4999996945262,105.12
1970-08-17,30.100000448524952,16.78571453584092,9.100000135600569,78.47142974074397,11.199999809265137,105.11
1970-08-24,28.80000042915344,16.07142881091152,9.100000135600569,82.41428694235427,53.999999195337296,105.08
1970-08-31,26.30000039190054,16.300000242888927,8.50000012665987,77.64285829982587,0.0,105.17
1970-09-07,24.100000359117985,14.91428593652589,8.00000011920929,72.471429651337,6.499999940395355,105.09
1970-09-14,29.700000442564487,17.12857168380703,8.00000011920929,71.12857248846974,3.000000014901161,105.04
1970-09-21,26.80000039935112,15.042857367013182,8.300000123679638,75.05714397558144,1.100000023841858,104.98
1970-09-28,17.00000025331974,8.257142980183874,0.6000000089406967,80.91428692000252,4.199999809265137,104.9
1970-10-05,17.50000026077032,10.128571579498905,1.80000002682209,82.81428694831473,43.5,104.85
1970-10-12,21.000000312924385,12.67142876024757,7.200000107288361,88.11428702729089,0.0,104.88
1970-10-19,16.300000242888927,7.785714401730469,-1.3000000193715096,81.35714406945876,2.600000061094761,104.84
1970-10-26,13.800000205636024,6.9428572463137765,1.5000000223517418,85.88571556551116,19.800000071525574,104.805
1970-11-02,16.300000242888927,10.828571589929718,2.7000000402331352,79.0428583206875,29.999999716877937,104.77
1970-11-09,17.30000025779009,6.642857241843428,-1.100000016391277,77.71428687231881,23.000000029802322,104.88
1970-11-16,13.600000202655792,6.542857240353312,1.80000002682209,84.11428696768624,13.200000025331974,104.94
1970-11-23,11.000000163912771,5.871428658919675,1.100000016391277,87.55714416184595,14.500000096857548,105.03
1970-11-30,8.800000131130219,4.4714286380580495,0.0,88.24285845777818,2.999999977648258,105.14
1970-12-07,11.10000016540289,5.742857228432383,1.100000016391277,84.21428696917636,16.80000013113022,105.03
1970-12-14,8.300000123679638,3.4571429086583003,-2.600000038743019,90.6000013500452,0.80000002682209,105.29
1970-12-21,7.300000108778477,2.3285714632698467,-1.100000016391277,90.22857277308192,5.199999995529652,105.34
1970-12-28,1.80000002682209,-3.200000047683716,-9.100000135600569,87.07142986889396,6.00000012665987,105.395
1971-01-04,-0.1000000014901161,-9.271428709583622,-19.30000028759241,81.7714297899178,17.099999241530895,105.45
1971-01-11,2.600000038743019,-6.314285808375904,-16.50000024586916,80.4714297705463,0.0,105.37
1971-01-18,6.000000089406967,0.6857142959322248,-4.500000067055225,77.52857258383717,2.1999999582767487,105.28
1971-01-25,10.500000156462193,4.100000061094761,-0.800000011920929,81.10000120848417,2.499999910593033,105.17
1971-02-01,12.500000186264517,4.6000000685453415,-1.5000000223517418,80.97142977799687,3.7000000178813934,105.15
1971-02-08,6.200000092387199,1.9857143153037344,-3.9000000581145287,86.94285843840667,5.100000038743019,105.19
1971-02-15,9.00000013411045,4.7285714990326335,-1.80000002682209,78.34285831025669,3.2999999597668648,105.25
1971-02-22,8.900000132620335,2.8857143287147795,-2.7000000402331352,85.44285841605493,6.100000098347664,105.27
1971-03-01,6.400000095367432,-1.5428571658475059,-9.3000001385808,84.80000126361847,19.79999965429306,105.16
1971-03-08,2.800000041723252,-6.400000095367432,-14.40000021457672,77.70000115782022,3.5999998971819878,105.06
1971-03-15,13.300000198185444,2.2428571762783185,-5.000000074505806,73.57142966772828,6.099999964237213,105.12
1971-03-22,20.60000030696392,7.771428687231881,0.1000000014901161,78.9142868902002,8.099999763071537,105.17
1971-03-29,11.60000017285347,5.057142932500158,-1.100000016391277,74.54285825363228,0.3000000044703483,105.25
1971-04-05,18.6000002771616,9.128571564597744,2.7000000402331352,77.88571544630187,5.899999976158142,105.33
1971-04-12,19.10000028461218,9.900000147521496,3.700000055134296,79.97142976309571,1.7999999523162842,105.32
1971-04-19,22.800000339746475,9.757143002535615,-1.0000000149011612,63.41428665923221,5.599999904632568,105.3
1971-04-26,24.100000359117985,9.928571576518673,1.700000025331974,79.70000118762255,24.09999990463257,105.255
1971-05-03,15.100000225007534,5.942857231412615,-2.0000000298023224,76.94285828939506,3.8000000715255737,105.21
1971-05-10,23.80000035464764,12.54285732976028,-0.2000000029802322,64.7428581076009,2.5,105.19
1971-05-17,30.800000458955765,18.500000275671482,8.400000125169754,68.97142959918294,11.799999810755253,105.14
1971-05-24,31.300000466406345,17.12857168380703,11.000000163912771,74.31428682165486,21.500000454485416,105.11
1971-05-31,23.600000351667404,14.442857358072485,9.00000013411045,86.72857272092786,14.600000195205212,105.15
1971-06-07,28.300000421702865,18.257143129195487,11.900000177323818,82.04285836539098,19.40000057220459,105.23
1971-06-14,23.000000342726707,15.171428797500473,9.400000140070915,81.27142978246722,24.999999821186066,105.28
1971-06-21,19.10000028461218,12.785714476236276,7.000000104308128,78.07142973478351,11.099999956786633,105.37
1971-06-28,27.000000402331352,15.857143093432699,7.900000117719173,74.28571539265769,14.800000071525574,105.45
1971-07-05,25.100000374019142,15.114285939506122,9.00000013411045,75.48571541053909,36.39999923855066,105.54
1971-07-12,30.70000045746565,21.52857174937214,12.500000186264517,62.014286638370585,0.0,105.55
1971-07-19,22.500000335276127,15.614285946956702,8.100000120699406,64.80000096559525,1.899999976158142,105.42
1971-07-26,31.20000046491623,19.30000028759241,8.800000131130219,60.98571519447224,0.0,105.335
1971-08-02,34.1000005081296,22.842857483242238,13.500000201165676,63.814286665192675,1.1000000014901161,105.25
1971-08-09,34.20000050961971,21.82857175384249,12.4000001847744,60.257143755044254,3.5000001192092896,105.13
1971-08-16,32.50000048428774,20.3857145894851,13.100000195205212,63.814286665192675,4.700000107288361,105.07
1971-08-23,32.20000047981739,19.328571716589586,8.50000012665987,68.37142959024224,21.799999669194225,104.92
1971-08-30,25.700000382959843,16.20000024139881,5.200000077486038,74.10000110417604,2.999999977648258,104.86
1971-09-06,26.700000397861004,16.328571671886102,9.900000147521496,70.68571533901351,3.0999999046325684,104.82
1971-09-13,19.10000028461218,11.571428743856293,4.000000059604645,81.11428692298276,16.79999965429306,104.77
1971-09-20,18.30000027269125,9.00000013411045,2.500000037252903,85.54285841754505,9.700000062584877,104.68
1971-09-27,23.500000350177288,13.657143060650144,5.700000084936619,78.25714402326516,10.29999989271164,104.63
1971-10-04,23.000000342726707,11.74285731783935,5.900000087916851,89.6571441931384,20.399999856948853,104.58
1971-10-11,21.300000317394733,10.285714438983373,-0.9000000134110451,71.35714392044714,0.0,104.54
1971-10-18,22.100000329315662,7.814285830727646,-1.80000002682209,79.80000118911266,19.400000765919685,104.61
1971-10-25,19.500000290572643,12.271428754287106,5.900000087916851,73.42857252274241,3.9999998807907104,104.57
1971-11-01,11.10000016540289,4.4714286380580495,-1.3000000193715096,83.2285726687738,0.5,104.56
1971-11-08,17.100000254809856,9.457142998065267,1.700000025331974,73.35714395024947,0.800000011920929,104.53
1971-11-15,10.600000157952309,4.414285780063698,0.1000000014901161,86.95714415290526,15.5,104.5
1971-11-22,10.80000016093254,1.4571428788559777,-6.70000009983778,84.01428696619612,36.49999988079071,104.54
1971-11-29,7.000000104308128,2.271428605275495,-4.000000059604645,85.08571555359023,9.5,104.53
1971-12-06,7.900000117719173,4.385714351066521,2.200000032782554,90.65714420803955,5.799999892711639,104.58
1971-12-13,8.300000123679638,4.300000064074993,-3.500000052154064,87.12857272688832,33.69999957084656,104.6
1971-12-20,10.100000150501728,5.157142933990274,-0.800000011920929,83.90000125020742,12.099999904632568,104.71
1971-12-27,12.600000187754633,5.942857231412615,0.2000000029802322,89.98571562660592,6.799999892711639,104.77
1972-01-03,7.000000104308128,1.3428571628672736,-3.6000000536441803,85.57142984654222,3.600000001490116,104.83
1972-01-10,5.200000077486038,0.44285714945622845,-4.000000059604645,90.4857156340565,6.699999786913395,104.81
1972-01-17,2.0000000298023224,-4.514285781553814,-10.500000156462193,75.02857254658427,0.0,104.77
1972-01-24,3.1000000461936,-1.7428571688277381,-10.600000157952309,83.97142982270036,6.299999952316284,104.75
1972-01-31,1.700000025331974,-4.54285721055099,-11.500000171363354,81.87142979140792,6.500000037252903,104.65
1972-02-07,3.700000055134296,-1.3428571628672736,-10.000000149011612,73.78571538520711,0.0,104.63
1972-02-14,7.700000114738941,2.385714321264199,-1.100000016391277,87.87142988081489,3.800000049173832,104.61
1972-02-21,11.60000017285347,4.000000059604645,-0.2000000029802322,80.68571548802512,0.0,104.59
1972-02-28,9.3000001385808,5.457142938460622,0.0,85.70000127702951,1.5999999642372131,104.62
1972-03-06,11.30000016838312,5.18571436298745,2.3000000342726707,83.40000124275684,0.5000000149011611,104.64
1972-03-13,12.600000187754633,3.0428571881992474,-6.200000092387199,76.771429715412,9.100000143051147,104.62
1972-03-20,20.30000030249357,8.600000128149986,-0.1000000014901161,60.01428660856826,0.0,104.6
1972-03-27,18.50000027567148,7.571428684251649,0.9000000134110451,71.44285820743868,7.300000190734863,104.58
1972-04-03,16.300000242888927,7.628571542246001,1.80000002682209,76.25714399346283,21.19999983906746,104.56
1972-04-10,16.600000247359276,10.51428587096078,2.800000041723252,68.01428672777755,3.1000000536441803,104.62
1972-04-17,16.00000023841858,8.71428584413869,3.700000055134296,79.80000118911266,4.0,104.68
1972-04-24,15.800000235438349,7.671428685741765,0.4000000059604645,80.20000119507313,19.99999962002039,104.68
1972-05-01,21.60000032186508,7.942857261214938,-2.800000041723252,68.61428673671824,1.9999999776482582,104.83
1972-05-08,23.80000035464764,13.657143060650144,5.500000081956387,71.48571535093444,0.699999988079071,104.82
1972-05-15,23.100000344216824,10.171428722994667,4.000000059604645,82.47142980034862,14.400000154972076,104.83
1972-05-22,22.000000327825543,11.914285891822406,6.200000092387199,84.00000125169754,28.40000009536743,104.83
1972-05-29,24.8000003695488,15.100000225007534,8.900000132620335,74.48571539563792,8.5,104.98
1972-06-05,29.200000435113907,16.228571670395986,7.000000104308128,65.77142955149922,5.000000149011612,105.0
1972-06-12,30.600000455975533,16.985714538821153,7.200000107288361,73.10000108927488,25.9000004529953,104.94
1972-06-19,26.30000039190054,15.171428797500473,8.00000011920929,75.61428684102637,0.0,104.95
1972-06-26,27.000000402331352,15.885714522429875,7.200000107288361,65.25714382955006,3.100000023841858,104.93
1972-07-03,27.80000041425228,17.328571686787264,8.00000011920929,75.01428683208567,84.20000286400318,104.91
1972-07-10,32.20000047981739,20.200000301003456,12.000000178813934,68.11428672926766,20.800000309944153,104.85
1972-07-17,32.600000485777855,19.47142886157547,9.100000135600569,69.65714389511517,0.1000000014901161,104.75
1972-07-24,32.80000048875809,23.900000356137753,16.50000024586916,67.50000100582838,38.30000076442957,104.73
1972-07-31,26.30000039190054,17.600000262260437,11.500000171363354,79.8857154761042,30.50000013411045,104.65
1972-08-07,28.300000421702865,17.12857168380703,10.600000157952309,76.82857257340636,4.699999928474426,104.74
1972-08-14,32.80000048875809,22.000000327825546,10.80000016093254,72.28571536285537,28.19999921321869,104.71
1972-08-21,28.50000042468309,15.571428803460938,8.900000132620335,84.34285839966365,46.000001430511475,104.69
1972-08-28,20.500000305473804,14.48571450156825,9.500000141561031,81.45714407094887,2.5,104.665
1972-09-04,21.800000324845318,13.085714480706624,6.70000009983778,85.1142869825874,9.399999618530272,104.64
1972-09-11,25.100000374019142,15.70000023394823,8.00000011920929,85.02857269559588,14.3999999538064,104.65
1972-09-18,16.800000250339508,10.15714300849608,5.000000074505806,81.31428692596299,3.3999999314546585,104.62
1972-09-25,18.80000028014183,9.771428717034203,3.1000000461936,81.81428693341357,10.900000184774399,104.62
1972-10-02,13.100000195205212,7.600000113248825,-1.3000000193715096,86.81428700791938,3.0000000074505806,104.62
1972-10-09,19.10000028461218,6.70000009983778,-2.600000038743019,78.84285831770727,0.0,104.61
1972-10-16,17.100000254809856,8.157142978693757,2.1000000312924385,84.2857155416693,0.0,104.6
1972-10-23,12.90000019222498,5.057142932500158,-2.200000032782554,83.75714410522154,17.200000166893005,104.56
1972-10-30,15.800000235438349,8.842857274625983,-0.1000000014901161,81.9000012204051,8.500000216066837,104.53
1972-11-06,15.500000230968,9.314285853079387,3.1000000461936,84.45714411565235,0.0,104.55
1972-11-13,14.800000220537186,8.528571555657047,2.200000032782554,80.20000119507313,10.300000049173832,104.54
1972-11-20,7.300000108778477,2.600000038743019,-0.6000000089406967,80.30000119656324,14.399999558925627,104.54
1972-11-27,9.80000014603138,3.5857143391455923,-0.6000000089406967,78.04285830578634,2.90000007301569,104.545
1972-12-04,9.400000140070915,4.571428639548166,-0.5000000074505806,77.71428687231881,0.1000000014901161,104.55
1972-12-11,11.10000016540289,5.000000074505806,-0.2000000029802322,78.21428687976939,1.9999999776482582,104.53
1972-12-18,5.700000084936619,0.5428571509463447,-3.1000000461936,84.61428697513682,0.5,104.51
1972-12-25,2.3000000342726707,-1.700000025331974,-7.000000104308128,77.42857258234706,0.3000000119209289,104.47
1973-01-01,4.000000059604645,0.18571428848164423,-5.200000077486038,58.50000087171793,0.0,104.45
1973-01-08,4.700000070035458,-0.45714286395481657,-7.500000111758709,89.62857276414123,1.300000011920929,104.4
1973-01-15,3.1000000461936,1.1857143033828055,-1.3000000193715096,85.64285841903516,0.2000000029802322,104.38
1973-01-22,5.700000084936619,0.30000000447034836,-1.600000023841858,82.07142979438815,1.0000000149011612,104.35
1973-01-29,4.700000070035458,0.842857155416693,-6.500000096857548,84.157144111182,14.999999761581421,104.31
1973-02-05,10.100000150501728,3.5571429101484164,-0.4000000059604645,85.88571556551116,8.299999810755253,104.33
1973-02-12,10.400000154972076,4.8857143585171015,-0.5000000074505806,76.58571542693036,2.3999999091029167,104.29
1973-02-19,7.000000104308128,2.1571428892867908,-0.800000011920929,80.34285834005901,2.9999999552965164,104.33
1973-02-26,7.800000116229057,1.5000000223517418,-2.7000000402331352,87.72857273582902,26.300000190734863,104.36
1973-03-05,11.400000169873238,2.842857185219015,-6.000000089406967,81.88571550590652,8.000000156462193,104.38
1973-03-12,10.000000149011612,2.600000038743019,-2.600000038743019,81.28571549696582,3.800000049173832,104.45
1973-03-19,8.300000123679638,2.5571428952472552,-3.200000047683716,79.60000118613243,9.899999856948853,104.51
1973-03-26,18.0000002682209,8.971428705113274,0.5000000074505806,65.51428669052464,0.0,104.565
1973-04-02,15.600000232458116,8.185714407690934,-1.0000000149011612,72.18571536136525,3.800000071525574,104.62
1973-04-09,14.100000210106373,5.700000084936619,-0.6000000089406967,71.65714392491749,6.900000065565109,104.69
1973-04-16,11.30000016838312,3.2285714766808917,-2.0000000298023224,78.9285726046988,42.40000173449516,104.69
1973-04-23,15.300000227987766,5.25714293548039,0.0,79.00000117719173,16.799999572336674,104.73
1973-04-30,18.80000028014183,10.3714287259749,0.5000000074505806,68.7857153107013,2.1999999582767487,104.82
1973-05-07,28.60000042617321,15.157143083001886,7.700000114738941,72.471429651337,23.100000478327274,104.9
1973-05-14,20.30000030249357,10.88571444792407,3.000000044703484,72.94285822979042,11.49999988079071,104.92
1973-05-21,26.00000038743019,13.071428766208035,0.2000000029802322,63.45714380272797,16.30000076442957,104.92
1973-05-28,22.30000033229589,13.942857350621905,5.200000077486038,75.7000011280179,4.499999910593033,104.91
1973-06-04,28.300000421702865,17.614285976759025,8.00000011920929,66.17142955745969,0.800000011920929,104.9
1973-06-11,21.800000324845318,14.285714498588018,8.400000125169754,81.02857263599124,50.50000174343586,104.79
1973-06-18,30.70000045746565,15.600000232458115,5.4000000804662704,66.45714384743145,21.39999932050705,104.75
1973-06-25,27.3000004068017,17.78571455074208,8.400000125169754,65.44285811803171,0.8999999761581421,104.72
1973-07-02,31.600000470876694,21.228571744901792,12.500000186264517,64.64285810611078,1.3000000044703484,104.63
1973-07-09,30.800000458955765,21.542857463870728,14.000000208616257,63.84285809418985,15.800000190734863,104.58
1973-07-16,27.000000402331352,18.771428851144655,9.500000141561031,74.91428683059556,22.59999978542328,104.52
1973-07-23,24.100000359117985,16.971428824322565,12.000000178813934,75.18571540606874,21.999999910593033,104.52
1973-07-30,25.100000374019142,15.042857367013182,10.30000015348196,83.25714409777096,37.00000023841858,104.52
1973-08-06,32.100000478327274,20.142857443009103,11.000000163912771,70.30000104755163,2.300000011920929,104.5
1973-08-13,29.300000436604023,19.114285999110766,10.900000162422655,64.2571438146489,2.599999912083149,104.45
1973-08-20,29.700000442564487,19.60000029206276,9.500000141561031,68.0714295857719,17.500000715255737,104.45
1973-08-27,26.00000038743019,15.42857165847506,5.000000074505806,67.20000100135803,0.4000000059604645,104.425
1973-09-03,28.200000420212746,17.257143114294326,7.200000107288361,71.67142963941608,19.20000047981739,104.4
1973-09-10,32.600000485777855,18.88571456713336,11.000000163912771,72.52857250933137,7.699999809265137,104.35
1973-09-17,25.300000376999375,12.114285894802638,2.500000037252903,73.64285824022123,4.399999976158142,104.35
1973-09-24,23.80000035464764,14.100000210106373,4.700000070035458,73.27142966325793,0.5000000074505806,104.33
1973-10-01,22.30000033229589,11.38571445537465,4.200000062584877,74.44285825214216,4.5,104.25
1973-10-08,21.1000003144145,12.085714465805463,2.200000032782554,76.82857257340636,0.0,104.25
1973-10-15,17.30000025779009,8.00000011920929,-1.0000000149011612,82.75714409032038,18.100000396370888,104.25
1973-10-22,11.60000017285347,6.471428667860372,0.4000000059604645,83.50000124424696,29.600000217556953,104.21
1973-10-29,12.10000018030405,4.3142857785735815,-1.80000002682209,78.78571545971292,4.5,104.25
1973-11-05,9.900000147521496,4.0857143465961725,-2.200000032782554,73.05714394577912,1.4000000059604645,104.27
1973-11-12,12.4000001847744,7.700000114738941,4.200000062584877,79.12857260767903,5.500000007450581,104.25
1973-11-19,9.00000013411045,4.357142922069345,0.1000000014901161,78.62857260022845,21.99999962002039,104.28
1973-11-26,11.10000016540289,4.071428632097585,-0.5000000074505806,78.87142974670444,4.90000007301569,104.285
1973-12-03,1.3000000193715096,-3.9000000581145287,-9.3000001385808,83.32857267026391,7.799999833106995,104.29
1973-12-10,8.900000132620335,1.5000000223517418,-10.900000162422655,83.12857266728368,20.299999929964542,104.29
1973-12-17,5.200000077486038,1.3857143063630377,-6.800000101327896,84.70000126212835,9.499999977648258,104.29
1973-12-24,7.900000117719173,2.1714286037853787,-3.1000000461936,86.25714414247444,0.4000000059604645,104.34
1973-12-31,5.700000084936619,2.2000000327825546,-1.3000000193715096,92.84285852632352,2.500000096857548,104.35
1974-01-07,4.700000070035458,1.771428597824914,-1.600000023841858,86.22857271347728,13.30000014603138,104.39
1974-01-14,7.500000111758709,3.0857143316950117,-0.4000000059604645,81.51428692894322,3.200000047683716,104.39
1974-01-21,11.500000171363354,5.971428660409791,0.2000000029802322,85.64285841903516,19.099999606609344,104.43
1974-01-28,8.50000012665987,3.957142916108881,-2.600000038743019,84.18571554017919,2.5000000074505806,104.465
1974-02-04,7.500000111758709,3.6000000536441803,0.2000000029802322,85.20000126957893,0.3000000044703483,104.5
1974-02-11,14.100000210106373,5.028571503502982,-1.3000000193715096,81.70000121742487,9.300000011920929,104.75
1974-02-18,11.30000016838312,5.457142938460622,0.1000000014901161,87.3857155878629,2.499999910593033,104.8
1974-02-25,4.90000007301569,1.757142883326326,-3.700000055134296,92.84285852632352,31.499999403953552,104.87
1974-03-04,9.600000143051147,2.1857143182839667,-3.700000055134296,74.12857253317323,0.0,104.9
1974-03-11,10.400000154972076,2.600000038743019,-0.5000000074505806,77.20000115036964,0.2000000029802322,104.92
1974-03-18,15.900000236928465,6.214285806885788,-0.9000000134110451,79.44285832664796,10.50000000745058,104.89
1974-03-25,17.80000026524067,9.871428718524319,3.400000050663948,74.74285825661251,0.0,104.82
1974-04-01,20.10000029951334,11.871428748326641,4.500000067055225,70.92857248548951,0.5,104.9
1974-04-08,18.100000269711018,10.228571580989021,1.80000002682209,65.78571526599782,0.0,104.87
1974-04-15,23.80000035464764,8.742857273135867,-3.200000047683716,66.8857152823891,2.0999999046325684,104.8
1974-04-22,15.100000225007534,6.514285811356136,-1.600000023841858,77.52857258383717,7.499999821186066,104.75
1974-04-29,18.0000002682209,7.857142974223409,0.4000000059604645,78.12857259277787,2.1999999806284904,104.68
1974-05-06,20.10000029951334,11.557143029357706,4.700000070035458,78.48571545524257,29.399999797344208,104.68
1974-05-13,22.500000335276127,10.88571444792407,1.3000000193715096,79.72857261661973,19.300000548362735,104.67
1974-05-20,25.300000376999375,13.200000196695328,6.70000009983778,76.80000114440918,14.399999618530272,104.66
1974-05-27,21.1000003144145,12.357143041278634,4.000000059604645,78.15714402177504,22.099999763071537,104.66
1974-06-03,24.8000003695488,13.942857350621905,6.200000092387199,79.45714404114655,21.300000190734863,104.66
1974-06-10,21.50000032037497,12.628571616751808,4.200000062584877,72.57142965282712,7.100000023841858,104.67
1974-06-17,25.700000382959843,14.714285933545657,7.300000108778477,81.71428693192345,33.29999941587448,104.73
1974-06-24,23.300000347197056,15.714285948446818,9.400000140070915,78.60000117123127,24.299999833106995,104.8
1974-07-01,27.700000412762165,17.6428574057562,11.500000171363354,78.57142974223409,28.59999979287386,104.87
1974-07-08,23.80000035464764,15.385714514979295,9.00000013411045,78.00000116229057,11.600000143051147,104.88
1974-07-15,24.00000035762787,17.08571454031127,10.900000162422655,77.45714401134423,21.19999986886978,104.86
1974-07-22,27.500000409781933,16.442857387874806,11.500000171363354,78.72857260171857,10.899999864399433,104.91
1974-07-29,27.60000041127205,17.30000025779009,10.000000149011612,73.01428680228335,20.099999621510506,105.02
1974-08-05,32.30000048130751,20.47142887647663,12.10000018030405,73.30000109225512,15.5999995470047,105.02
1974-08-12,25.100000374019142,16.028571667415754,8.00000011920929,74.62857254062381,5.89999994635582,105.0
1974-08-19,34.60000051558018,21.714286037853785,14.000000208616257,71.80000106990337,21.600000202655792,104.95
1974-08-26,26.80000039935112,16.71428596334798,11.900000177323818,81.84285836241075,3.8999999538064003,104.925
1974-09-02,28.000000417232517,17.942857410226548,11.30000016838312,73.25714394875935,3.600000001490116,104.9
1974-09-09,25.50000037997961,16.242857384894574,9.00000013411045,74.74285825661251,40.59999918937683,104.85
1974-09-16,27.500000409781933,15.971428809421402,7.500000111758709,79.0428583206875,0.5,104.77
1974-09-23,24.8000003695488,13.285714483686856,5.4000000804662704,77.04285829088518,1.400000013411045,104.71
1974-09-30,21.800000324845318,10.414285869470664,4.90000007301569,77.70000115782022,20.899999737739563,104.64
1974-10-07,13.90000020712614,7.728571543736117,1.80000002682209,83.32857267026391,3.499999977648258,104.6
1974-10-14,12.500000186264517,7.12857153479542,1.0000000149011612,87.15714415588549,7.799999982118607,104.54
1974-10-21,11.000000163912771,6.014285803905556,3.1000000461936,92.1571442303913,59.2000003606081,104.6
1974-10-28,10.000000149011612,5.800000086426735,2.600000038743019,89.1714299001864,65.9000016450882,104.77
1974-11-04,7.400000110268593,4.400000065565109,2.200000032782554,89.67142990763698,24.399999789893627,104.94
1974-11-11,9.100000135600569,3.6714286261371205,-1.5000000223517418,88.28571560127395,2.799999952316284,105.13
1974-11-18,14.100000210106373,7.71428582923753,3.1000000461936,79.35714403965643,0.3000000119209289,105.17
1974-11-25,9.500000141561031,5.742857228432383,1.80000002682209,86.0714298539928,16.09999978542328,105.17
1974-12-02,11.60000017285347,5.32857150797333,1.3000000193715096,86.68571557743209,18.500000059604645,105.16
1974-12-09,12.10000018030405,7.657142971243177,1.3000000193715096,92.18571565938848,66.59999860823154,105.25
1974-12-16,9.80000014603138,2.2142857472811426,-3.9000000581145287,85.75714413502386,15.699999839067459,105.63
1974-12-23,8.400000125169754,4.7285714990326335,-0.5000000074505806,84.24285839817354,9.000000238418579,105.99
1974-12-30,13.800000205636024,7.400000110268593,0.0,83.71428696172578,28.699999928474426,106.21
1975-01-06,8.900000132620335,5.842857229922499,2.0000000298023224,89.38571561766523,12.500000052154064,106.46
1975-01-13,11.000000163912771,5.157142933990274,-2.200000032782554,82.57142980183873,4.399999812245369,106.61
1975-01-20,8.400000125169754,4.0857143465961725,1.0000000149011612,85.3571441290634,0.0,106.5
1975-01-27,9.80000014603138,5.100000075995922,-2.0000000298023224,78.58571545673269,12.600000195205212,106.445
1975-02-03,7.400000110268593,4.414285780063698,1.5000000223517418,89.38571561766523,13.800000086426735,106.39
1975-02-10,7.200000107288361,-0.7571428684251649,-5.4000000804662704,84.70000126212835,0.0,106.35
1975-02-17,10.500000156462193,1.65714288183621,-7.000000104308128,80.45714405604771,3.800000011920929,106.25
1975-02-24,7.900000117719173,1.2285714468785696,-3.400000050663948,85.37142984356198,5.900000214576721,106.17
1975-03-03,14.300000213086603,2.742857183728899,-4.500000067055225,78.2000011652708,0.0,106.01
1975-03-10,18.0000002682209,7.471428682761533,1.600000023841858,77.45714401134423,0.0,106.0
1975-03-17,12.90000019222498,4.942857216511454,-0.5000000074505806,87.51428701835019,6.59999980032444,105.85
1975-03-24,10.30000015348196,2.471428608255727,-4.90000007301569,78.42857259724822,4.999999955296516,105.67
1975-03-31,10.000000149011612,2.8142857562218393,-1.3000000193715096,80.4714297705463,12.800000131130219,105.65
1975-04-07,10.500000156462193,4.685714355536869,-1.80000002682209,80.72857263152089,5.299999952316284,105.6
1975-04-14,11.900000177323818,5.857142944421087,0.9000000134110451,77.47142972584281,7.599999964237213,105.6
1975-04-21,15.600000232458116,8.64285727164575,1.80000002682209,79.32857261065926,17.29999965429306,105.57
1975-04-28,17.80000026524067,10.114285865000316,3.700000055134296,71.68571535391467,0.5,105.57
1975-05-05,25.600000381469727,11.300000168383121,4.700000070035458,71.3000010624528,18.90000009536743,105.55
1975-05-12,24.8000003695488,14.757143077041421,7.500000111758709,79.05714403518608,39.299999594688416,105.53
1975-05-19,26.30000039190054,15.05714308151177,3.000000044703484,78.52857259873834,9.700000002980232,105.5
1975-05-26,18.50000027567148,11.471428742366177,3.500000052154064,75.25714397856167,1.2999999523162842,105.475
1975-06-02,24.100000359117985,12.471428757267338,1.80000002682209,70.55714390852621,0.699999988079071,105.45
1975-06-09,24.50000036507845,14.185714497097901,3.700000055134296,63.58571523321526,12.0,105.4
1975-06-16,27.3000004068017,17.900000266730785,10.100000150501728,78.60000117123127,9.900000095367432,105.32
1975-06-23,29.50000043958425,18.542857419167245,11.900000177323818,80.32857262556043,29.49999988824129,105.27
1975-06-30,28.300000421702865,16.385714529880456,11.400000169873238,75.25714397856167,5.899999916553497,105.3
1975-07-07,28.50000042468309,19.071428855615004,9.600000143051147,72.44285822233984,15.000000394880773,105.33
1975-07-14,31.000000461936,21.97142889882837,11.400000169873238,66.62857242141452,3.4999998807907104,105.48
1975-07-21,30.00000044703484,19.185714571603707,14.000000208616257,74.40000110864639,25.299999192357063,105.48
1975-07-28,28.50000042468309,17.814285979739257,11.900000177323818,72.80000108480453,21.799999192357063,105.435
1975-08-04,28.700000427663326,20.514286019972392,12.500000186264517,66.8857152823891,5.300000190734863,105.39
1975-08-11,32.30000048130751,22.671428909259184,12.600000187754633,63.84285809418985,0.1000000014901161,105.3
1975-08-18,32.00000047683716,19.6714288645557,8.50000012665987,70.3428581910474,27.999999403953552,105.2
1975-08-25,29.800000444054604,17.028571682316915,10.500000156462193,83.3428583847625,24.499999701976776,105.06
1975-09-01,27.500000409781933,18.057143126215255,9.00000013411045,78.71428688721997,5.5000001192092896,104.99
1975-09-08,28.50000042468309,16.58571453286069,8.300000123679638,80.87142977650676,3.5999999046325684,104.92
1975-09-15,26.00000038743019,15.571428803460938,8.400000125169754,77.60000115633011,36.49999991804361,104.9
1975-09-22,31.300000466406345,17.728571692747728,10.500000156462193,83.07142980928931,0.1000000014901161,104.86
1975-09-29,25.300000376999375,16.91428596632821,8.600000128149986,76.40000113844872,1.3000000193715096,104.79
1975-10-06,25.50000037997961,15.34285737148353,10.000000149011612,77.3714297243527,6.800000071525574,104.75
1975-10-13,13.800000205636024,6.571428669350488,-0.5000000074505806,86.18571556998151,10.000000178813934,104.73
1975-10-20,15.600000232458116,8.35714298167399,4.200000062584877,91.01428707050425,7.100000023841858,104.7
1975-10-27,14.100000210106373,7.3571429667728285,1.100000016391277,91.78571565342801,8.699999883770943,104.7
1975-11-03,12.000000178813934,5.314285793474743,-0.1000000014901161,83.55714410224131,0.0,104.7
1975-11-10,11.800000175833702,6.41428580986602,2.0000000298023224,83.3428583847625,0.2000000029802322,104.65
1975-11-17,7.900000117719173,3.38571433616536,-1.5000000223517418,81.6571440739291,6.399999812245369,104.64
1975-11-24,8.900000132620335,0.800000011920929,-7.800000116229057,85.38571555806058,19.700000047683716,104.61
1975-12-01,11.000000163912771,1.3571428773658616,-7.800000116229057,84.92857269410577,11.499999940395355,104.65
1975-12-08,8.600000128149986,4.800000071525574,0.2000000029802322,81.25714406796864,4.599999971687794,104.65
1975-12-15,5.200000077486038,1.4142857353602136,-5.200000077486038,88.62857274924006,2.299999989569187,104.67
1975-12-22,5.900000087916851,-0.21428571747882025,-9.500000141561031,82.75714409032038,1.0999999791383743,104.7
1975-12-29,7.500000111758709,3.7285714841314723,-1.80000002682209,83.20000123977661,11.700000524520874,104.7
1976-01-05,9.900000147521496,3.271428620176656,-1.600000023841858,79.58571547163385,20.200000047683716,104.7
1976-01-12,9.80000014603138,5.471428652959211,-3.000000044703484,82.67142980332885,30.49999988079071,105.0
1976-01-19,9.500000141561031,2.414285750261375,-3.200000047683716,84.35714411416224,31.199999421834942,105.27
1976-01-26,8.400000125169754,1.0571428728955132,-8.400000125169754,83.64285838923284,32.40000057220459,105.41
1976-02-02,2.0000000298023224,-5.157142933990274,-12.500000186264517,79.98571547759431,0.0,105.55
1976-02-09,3.6000000536441803,-0.4428571494562285,-4.700000070035458,75.04285826108286,0.0,105.65
1976-02-16,5.900000087916851,-0.12857143048729217,-5.500000081956387,80.97142977799687,9.599999964237213,105.79
1976-02-23,5.200000077486038,0.9428571569068092,-3.000000044703484,81.31428692596299,0.0,105.72
1976-03-01,13.90000020712614,5.800000086426735,-2.600000038743019,75.12857254807439,0.2000000029802322,105.65
1976-03-08,6.800000101327896,-0.8142857264195171,-6.200000092387199,73.442858237241,0.4000000059604644,105.61
1976-03-15,7.500000111758709,-0.25714286097458433,-7.800000116229057,70.8142867695008,0.2000000029802322,105.55
1976-03-22,8.300000123679638,-0.41428572045905243,-8.300000123679638,82.45714408585003,9.599999845027924,105.53
1976-03-29,18.6000002771616,5.32857150797333,-8.50000012665987,73.14285823277065,2.000000014901161,105.45
1976-04-05,23.80000035464764,10.971428734915596,2.7000000402331352,68.14285815826484,2.1000000536441803,105.4
1976-04-12,17.80000026524067,5.971428660409791,-2.200000032782554,67.70000100880861,1.600000023841858,105.4
1976-04-19,20.60000030696392,10.585714443453721,1.80000002682209,70.97142962898526,3.700000107288361,105.35
1976-04-26,16.300000242888927,6.057142947401319,-1.700000025331974,73.9142868156944,7.999999858438969,105.325
1976-05-03,20.10000029951334,6.8142858158264845,-2.200000032782554,66.61428670691592,3.900000035762787,105.3
1976-05-10,28.200000420212746,16.271428813891752,4.700000070035458,53.54285794070789,0.0,105.3
1976-05-17,28.300000421702865,13.828571634633201,1.100000016391277,61.85714377888611,0.7999999895691872,105.25
1976-05-24,26.80000039935112,13.800000205636024,5.200000077486038,72.92857251529183,20.599999845027924,105.02
1976-05-31,20.10000029951334,13.128571624202388,5.700000084936619,73.928572530193,14.099999815225601,105.0
1976-06-07,25.600000381469727,14.028571637613434,6.200000092387199,68.38571530474084,12.799999833106995,104.95
1976-06-14,26.100000388920307,17.985714553722314,7.000000104308128,57.01428656386478,2.5000000596046448,104.9
1976-06-21,27.500000409781933,17.400000259280205,8.100000120699406,62.54285807481834,19.20000010728836,104.85
1976-06-28,32.70000048726797,22.071428900318487,10.500000156462193,54.428572239620344,0.0,104.7
1976-07-05,34.00000050663948,22.714286052754947,10.000000149011612,46.77142926837717,0.0,104.66
1976-07-12,30.200000450015068,19.742857437048638,10.000000149011612,57.728572288794176,1.5999999791383743,104.58
1976-07-19,35.700000531971455,24.585714652069978,13.90000020712614,60.02857232306685,3.5000001117587094,104.5
1976-07-26,27.3000004068017,18.542857419167245,13.300000198185444,73.18571537626642,5.199999824166298,104.47
1976-08-02,26.200000390410423,16.828571679336683,9.00000013411045,65.48571526152747,10.499999821186066,104.44
1976-08-09,25.00000037252903,15.971428809421402,8.50000012665987,71.82857249890056,16.599999524652958,104.41
1976-08-16,26.00000038743019,18.38571455968278,9.00000013411045,65.9285724109837,1.899999976158142,104.37
1976-08-23,24.00000035762787,15.757143091942583,4.90000007301569,70.18571533156293,23.49999973922968,104.21
1976-08-30,28.50000042468309,18.814285994640418,6.800000101327896,66.70000099390745,2.7999999672174454,104.2
1976-09-06,22.600000336766243,14.542857359562602,8.00000011920929,71.95714392938784,1.900000050663948,104.25
1976-09-13,26.50000039488077,15.400000229477882,8.100000120699406,68.84285816869566,3.0999999046325684,104.27
1976-09-20,20.10000029951334,12.514285900763102,7.400000110268593,80.07142976458583,13.600000478327276,104.3
1976-09-27,23.300000347197056,12.728571618241924,4.700000070035458,75.3428582655532,7.399999812245369,104.285
1976-10-04,20.30000030249357,14.528571645064014,8.400000125169754,85.85714413651398,9.100000120699406,104.27
1976-10-11,23.600000351667404,14.242857355092253,6.400000095367432,80.15714405157736,3.299999952316284,104.29
1976-10-18,20.800000309944156,10.3714287259749,3.000000044703484,85.78571556402105,19.499999821186066,104.31
1976-10-25,13.90000020712614,6.885714388319424,1.3000000193715096,80.48571548504489,0.0,104.29
1976-11-01,14.100000210106373,6.4285715243646075,1.100000016391277,81.28571549696582,2.700000047683716,104.31
1976-11-08,16.300000242888927,8.457142983164106,0.9000000134110451,83.88571553570884,12.500000417232515,104.36
1976-11-15,12.600000187754633,7.2285715362855365,2.500000037252903,87.51428701835019,10.800000049173832,104.4
1976-11-22,5.900000087916851,3.200000047683716,-0.2000000029802322,88.8142870377217,10.000000037252903,104.48
1976-11-29,10.30000015348196,4.4714286380580495,0.1000000014901161,82.00000122189522,12.999999724328518,104.53
1976-12-06,12.000000178813934,4.000000059604645,-2.1000000312924385,77.64285829982587,4.100000075995922,104.6
1976-12-13,8.50000012665987,2.4428571792585507,-1.0000000149011612,88.2285727432796,14.599999979138374,104.65
1976-12-20,3.400000050663948,-0.842857155416693,-4.500000067055225,86.51428700344903,5.200000002980232,104.75
1976-12-27,4.400000065565109,-0.22857143197740828,-6.000000089406967,81.97142979289804,2.100000061094761,104.75
1977-01-03,3.500000052154064,-3.6000000536441803,-15.100000225007534,79.01428689169032,2.0,104.75
1977-01-10,2.7000000402331352,0.7428571539265769,-4.90000007301569,85.27142984207187,3.3000001162290573,104.71
1977-01-17,2.3000000342726707,0.05714285799435207,-6.000000089406967,84.2714298271707,2.1999999061226845,104.65
1977-01-24,4.500000067055225,-0.24285714647599624,-4.200000062584877,85.67142984803233,1.4000000283122063,104.61
1977-01-31,11.10000016540289,3.285714334675244,-5.200000077486038,83.24285838327238,15.100000381469727,104.65
1977-02-07,9.00000013411045,-0.5857142944421087,-10.500000156462193,83.24285838327238,5.299999952316284,104.75
1977-02-14,11.000000163912771,4.257142920579229,-0.5000000074505806,83.42857267175403,8.399999789893627,104.94
1977-02-21,11.60000017285347,5.271428649978978,0.2000000029802322,78.30000116676092,5.599999904632568,105.05
1977-02-28,12.000000178813934,3.500000052154064,-4.400000065565109,79.61428690063101,8.500000074505806,105.28
1977-03-07,13.600000202655792,6.314285808375904,-2.200000032782554,73.37142966474805,7.800000198185444,105.35
1977-03-14,17.30000025779009,9.285714424082212,1.0000000149011612,72.55714393832854,10.599999904632568,105.45
1977-03-21,18.80000028014183,8.50000012665987,1.600000023841858,77.62857258532729,13.40000007301569,105.55
1977-03-28,17.600000262260437,8.914285847118922,0.800000011920929,83.18571552527803,12.5,105.525
1977-04-04,15.800000235438349,3.500000052154064,-5.200000077486038,67.4857152913298,5.600000210106373,105.5
1977-04-11,9.400000140070915,3.4857143376554762,-1.80000002682209,78.60000117123127,7.000000134110451,105.47
1977-04-18,14.600000217556952,5.157142933990274,-1.3000000193715096,76.40000113844872,14.600000359117985,105.45
1977-04-25,19.30000028759241,8.885714418121747,-1.5000000223517418,69.6142867516194,6.100000001490116,105.4
1977-05-02,23.80000035464764,11.74285731783935,1.700000025331974,79.90000119060278,18.300000049173832,105.32
1977-05-09,29.60000044107437,14.285714498588018,4.000000059604645,72.01428678738219,10.499999620020388,105.3
1977-05-16,24.100000359117985,14.157143068100725,7.400000110268593,70.15714390256575,12.400000348687174,105.25
1977-05-23,18.80000028014183,11.285714453884534,3.200000047683716,74.75714397111109,14.00000000745058,105.19
1977-05-30,23.500000350177288,13.585714488157205,2.800000041723252,57.457143713321,0.0,105.08
1977-06-06,18.80000028014183,11.771428746836525,1.3000000193715096,72.54285822382995,7.999999918043613,105.01
1977-06-13,30.800000458955765,19.714286008051463,9.400000140070915,71.70000106841326,26.299999237060547,104.95
1977-06-20,30.800000458955765,18.64285742065736,14.100000210106373,84.157144111182,56.200001776218414,104.9
1977-06-27,27.60000041127205,18.257143129195487,11.400000169873238,72.10000107437372,4.200000047683716,104.9
1977-07-04,25.80000038444996,18.30000027269125,9.500000141561031,66.2714295589498,21.0,104.9
1977-07-11,27.000000402331352,17.442857402775967,13.100000195205212,81.0571440649884,28.90000033378601,104.9
1977-07-18,29.10000043362379,16.971428824322565,8.00000011920929,70.00000104308128,15.999999836087227,104.8
1977-07-25,25.100000374019142,17.200000256299973,12.500000186264517,75.38571540904897,25.000000573694706,104.71
1977-08-01,28.10000041872263,17.2857145432915,10.80000016093254,74.45714396664074,20.89999919384718,104.67
1977-08-08,27.200000405311584,18.80000028014183,13.300000198185444,80.31428691106183,11.899999976158142,104.78
1977-08-15,24.600000366568565,16.41428595887763,12.600000187754633,88.5857156057443,66.8999993801117,104.95
1977-08-22,22.30000033229589,16.057143096412933,9.500000141561031,85.22857269857612,43.700000524520874,105.09
1977-08-29,25.00000037252903,16.5714288183621,7.500000111758709,79.02857260618892,10.200000382959844,105.51
1977-09-05,28.300000421702865,19.071428855615004,12.300000183284284,85.92857270900693,14.800000011920929,105.55
1977-09-12,24.8000003695488,15.400000229477882,8.600000128149986,84.11428696768624,19.900000609457493,105.55
1977-09-19,16.100000239908695,9.785714431532792,3.400000050663948,79.41428689765078,1.9999999925494194,105.57
1977-09-26,15.000000223517418,9.22857156608786,2.3000000342726707,87.40000130236149,6.700000047683716,105.58
1977-10-03,16.800000250339508,10.257143009986196,3.400000050663948,77.8428583028061,5.099999934434891,105.59
1977-10-10,21.50000032037497,14.300000213086605,5.700000084936619,81.52857264344182,2.3000000715255737,105.55
1977-10-17,16.800000250339508,9.671428715544087,3.400000050663948,84.17142982568059,0.0,105.38
1977-10-24,19.10000028461218,9.928571576518673,3.200000047683716,82.42857265685286,1.2999999523162842,105.3
1977-10-31,14.100000210106373,9.857143004025732,5.000000074505806,93.04285852930376,8.900000154972076,105.21
1977-11-07,17.50000026077032,10.028571578008789,2.1000000312924385,80.95714406349829,22.700000502169132,105.17
1977-11-14,17.600000262260437,10.071428721504551,2.7000000402331352,77.014286861888,34.999999046325684,105.24
1977-11-21,9.900000147521496,4.185714348086289,0.9000000134110451,78.62857260022845,8.299999952316284,105.34
1977-11-28,8.00000011920929,2.8571428997176036,-3.200000047683716,85.77142984952245,10.40000006556511,105.37
1977-12-05,3.6000000536441803,-0.7714285829237529,-5.200000077486038,91.62857279394355,3.900000035762787,105.35
1977-12-12,6.000000089406967,0.7571428684251649,-9.3000001385808,82.64285837433168,6.300000190734863,105.31
1977-12-19,6.500000096857548,2.4285714647599628,-2.0000000298023224,91.74285850993225,4.499999977648258,105.28
1977-12-26,15.500000230968,3.428571479661124,-2.7000000402331352,85.78571556402105,2.899999976158142,105.295
1978-01-02,7.500000111758709,3.9285714871117046,-0.6000000089406967,81.94285836390087,11.499999761581421,105.31
1978-01-09,5.700000084936619,0.857142869915281,-6.800000101327896,86.3142870004688,5.400000125169754,105.3
1978-01-16,5.000000074505806,1.4142857353602136,-1.80000002682209,84.65714411863259,0.6000000238418579,105.28
1978-01-23,3.700000055134296,1.1571428743856293,-2.800000041723252,84.71428697662694,0.0,105.27
1978-01-30,5.900000087916851,2.371428606765611,-0.6000000089406967,83.90000125020742,7.600000023841858,105.22
1978-02-06,3.700000055134296,-0.04285714349576405,-4.400000065565109,89.60000133514404,2.7000000327825546,105.17
1978-02-13,3.400000050663948,-2.485714322754315,-10.30000015348196,84.05714410969189,7.599999785423279,105.15
1978-02-20,1.100000016391277,-4.842857215021338,-14.000000208616257,81.44285835645029,0.9000000134110451,105.1
1978-02-27,13.500000201165676,3.0857143316950117,-12.10000018030405,81.32857264046159,2.999999910593033,105.07
1978-03-06,11.500000171363354,5.271428649978978,-0.2000000029802322,85.1142869825874,1.8000000715255737,105.2
1978-03-13,11.000000163912771,5.085714361497334,-1.80000002682209,78.04285830578634,15.700000286102295,105.32
1978-03-20,13.100000195205212,4.90000007301569,-2.200000032782554,76.1857154209699,21.499999918043613,105.4
1978-03-27,11.000000163912771,3.985714345106057,-1.5000000223517418,76.85714400240353,6.100000098347664,105.435
1978-04-03,22.100000329315662,11.485714456864766,4.500000067055225,75.88571541649955,1.0,105.47
1978-04-10,16.800000250339508,6.0428572329027315,-4.500000067055225,69.34285817614624,3.7000000029802322,105.45
1978-04-17,15.500000230968,5.300000078976154,-1.3000000193715096,72.2428582193596,3.400000050663948,105.43
1978-04-24,18.80000028014183,8.814285845628806,-1.80000002682209,76.52857256893601,2.2999999672174454,105.46
1978-05-01,18.30000027269125,9.957143005515848,0.4000000059604645,76.27142970796142,10.900000013411045,105.41
1978-05-08,24.300000362098217,12.414285899272986,3.200000047683716,79.01428689169032,48.299999713897705,105.31
1978-05-15,15.900000236928465,6.857142959322248,-2.1000000312924385,77.92857258979764,8.700000181794167,105.35
1978-05-22,22.800000339746475,14.085714495607785,4.400000065565109,75.24285826406309,7.799999810755253,105.4
1978-05-29,25.100000374019142,16.328571671886102,7.400000110268593,74.28571539265769,4.100000098347664,105.59
1978-06-05,29.800000444054604,20.457143161978042,8.900000132620335,61.42857234392847,0.6000000238418579,105.55
1978-06-12,28.000000417232517,16.385714529880456,9.400000140070915,71.47142963643584,7.400000050663948,105.5
1978-06-19,23.100000344216824,14.228571640593666,5.500000081956387,67.3571438608425,5.199999928474426,105.4
1978-06-26,23.600000351667404,15.471428801970822,8.00000011920929,70.47142962153468,14.899999722838402,105.33
1978-07-03,25.50000037997961,15.685714519449643,8.400000125169754,73.9142868156944,2.000000014901161,105.26
1978-07-10,19.80000029504299,14.242857355092253,9.500000141561031,78.2000011652708,17.399999976158142,105.25
1978-07-17,24.600000366568565,15.70000023394823,7.900000117719173,71.24285820445844,1.7999999523162842,105.2
1978-07-24,24.8000003695488,15.157143083001886,6.000000089406967,73.3142868067537,22.19999933242798,105.15
1978-07-31,31.500000469386578,22.757143196250713,12.000000178813934,57.414286569825244,2.5,105.3
1978-08-07,30.800000458955765,20.52857173447098,13.500000201165676,63.25714379974774,23.299999631941322,105.25
1978-08-14,22.30000033229589,14.828571649534362,9.100000135600569,83.14285838178226,104.10000312328339,105.14
1978-08-21,27.3000004068017,16.985714538821153,8.300000123679638,73.61428681122405,5.700000047683716,105.15
1978-08-28,28.50000042468309,14.942857365523066,8.100000120699406,75.07142969008002,3.0999999791383743,105.145
1978-09-04,19.000000283122063,11.900000177323818,7.900000117719173,81.5428583579404,21.199999809265137,105.14
1978-09-11,24.100000359117985,14.84285736403295,6.000000089406967,80.71428691702229,21.299999214708805,105.1
1978-09-18,21.800000324845318,14.100000210106373,9.3000001385808,76.50000113993883,1.1000000014901161,105.05
1978-09-25,23.300000347197056,12.800000190734863,5.700000084936619,84.08571553868907,30.200000166893005,104.96
1978-10-02,16.100000239908695,9.785714431532792,4.000000059604645,87.11428701238972,23.300000309944153,104.95
1978-10-09,19.60000029206276,11.500000171363354,7.000000104308128,89.74285848012993,25.000000715255737,105.0
1978-10-16,22.100000329315662,12.971428764717919,6.000000089406967,81.87142979140792,0.6000000238418579,105.03
1978-10-23,11.800000175833702,7.7428572582347055,3.6000000536441803,88.08571559829372,10.199999861419201,105.05
1978-10-30,15.500000230968,8.657142986144338,1.3000000193715096,88.35714417376688,9.09999979287386,105.03
1978-11-06,12.800000190734863,6.914285817316601,0.4000000059604645,93.02857281480517,0.3000000119209289,105.0
1978-11-13,8.300000123679638,2.271428605275495,-2.7000000402331352,88.17142988528524,0.0,104.97
1978-11-20,14.100000210106373,7.7428572582347055,2.200000032782554,75.37142969455037,0.0,105.0
1978-11-27,11.400000169873238,6.071428661899907,-0.2000000029802322,85.32857270006623,6.700000047683716,105.01
1978-12-04,2.600000038743019,0.41428572045905243,-5.000000074505806,93.07142995830093,34.19999998807907,105.02
1978-12-11,8.50000012665987,-1.528571451348918,-10.500000156462193,86.95714415290526,10.700000166893005,104.99
1978-12-18,9.600000143051147,3.1142857606921877,-6.70000009983778,86.10000128298998,7.100000001490116,104.95
1978-12-25,8.800000131130219,0.9285714424082211,-9.100000135600569,86.11428699748856,4.399999916553497,104.93
1979-01-01,12.300000183284284,-1.2714285903743334,-19.500000290572643,86.65714414843491,45.29999938607216,104.97
1979-01-08,1.5000000223517418,-8.557142984654222,-18.100000269711018,85.55714413204363,4.999999985098839,105.1
1979-01-15,3.000000044703484,-0.7571428684251649,-3.9000000581145287,89.57142990614686,9.60000005364418,105.19
1979-01-22,-1.0000000149011612,-4.571428639548166,-10.500000156462193,92.14285851589271,5.699999809265137,105.21
1979-01-29,3.6000000536441803,-0.9142857279096331,-7.400000110268593,88.37142988826547,6.90000019222498,105.23
1979-02-05,4.90000007301569,0.6285714379378727,-4.700000070035458,87.42857273135867,9.700000144541264,105.17
1979-02-12,2.7000000402331352,-2.1857143182839667,-11.500000171363354,84.12857268218484,7.8999998569488525,105.11
1979-02-19,4.200000062584877,-1.771428597824914,-8.300000123679638,92.00000137090683,7.6000000312924385,105.13
1979-02-26,5.200000077486038,-1.528571451348918,-8.00000011920929,81.08571549398559,0.400000013411045,105.13
1979-03-05,10.30000015348196,2.5571428952472552,-5.500000081956387,79.85714404710701,4.399999909102917,105.12
1979-03-12,8.600000128149986,3.500000052154064,-3.200000047683716,85.3571441290634,19.0999998152256,105.24
1979-03-19,8.900000132620335,3.414285765162536,-1.100000016391277,88.97142989720616,12.69999984651804,105.73
1979-03-26,14.100000210106373,5.800000086426735,-3.000000044703484,74.64285825512239,1.700000062584877,105.875
1979-04-02,15.500000230968,5.971428660409791,0.4000000059604645,84.642858404134,30.599999427795414,106.02
1979-04-09,10.80000016093254,4.300000064074993,-0.9000000134110451,87.9857155968036,27.89999971538782,106.23
1979-04-16,19.80000029504299,11.514285885861941,0.800000011920929,66.80000099539757,0.4000000059604645,106.35
1979-04-23,14.100000210106373,6.785714386829308,0.5000000074505806,76.87142971690211,2.80000002682209,106.48
1979-04-30,16.600000247359276,8.385714410671167,2.800000041723252,80.2428583385689,7.999999977648258,106.45
1979-05-07,11.60000017285347,5.6571429414408545,-0.800000011920929,74.85714397260121,3.000000037252903,106.43
1979-05-14,22.500000335276127,11.114285879901477,-0.1000000014901161,68.42857244823661,3.0,106.24
1979-05-21,28.60000042617321,18.94285742512771,8.900000132620335,63.742858092699734,7.500000216066837,106.2
1979-05-28,28.80000042915344,17.771428836243494,7.800000116229057,65.14285811356136,13.200000166893005,106.175
1979-06-04,32.20000047981739,23.671428924160345,9.400000140070915,54.90000081807375,0.1000000014901161,106.15
1979-06-11,31.300000466406345,18.357143130685603,9.3000001385808,75.55714398303202,25.699999809265137,105.8
1979-06-18,28.50000042468309,16.20000024139881,10.400000154972076,77.28571543736118,43.800000071525574,105.71
1979-06-25,28.300000421702865,19.97142886902605,11.10000016540289,66.81428670989615,1.899999976158142,105.66
1979-07-02,26.80000039935112,16.457143102373397,7.000000104308128,72.22857250486102,16.299999810755253,105.67
1979-07-09,21.000000312924385,15.42857165847506,5.700000084936619,74.68571539861816,17.59999978542328,105.7
1979-07-16,27.200000405311584,16.314285957387515,9.500000141561031,75.2142868350659,2.0999999791383743,105.71
1979-07-23,22.600000336766243,15.542857374463763,10.900000162422655,77.51428686933858,4.000000014901161,105.67
1979-07-30,26.00000038743019,16.457143102373397,11.400000169873238,82.0285726508924,28.399999141693115,105.67
1979-08-06,26.50000039488077,18.814285994640418,8.900000132620335,72.45714393683842,3.5000000596046448,105.69
1979-08-13,27.10000040382147,17.028571682316915,8.50000012665987,73.58571538222688,11.200000464916231,105.71
1979-08-20,30.300000451505184,19.742857437048638,10.100000150501728,69.30000103265047,2.299999952316284,105.15
1979-08-27,23.100000344216824,15.600000232458115,9.00000013411045,78.64285831472704,21.999999657273293,105.13
1979-09-03,28.80000042915344,17.014285967818328,10.500000156462193,75.1000011190772,7.300000190734863,105.11
1979-09-10,25.50000037997961,15.471428801970822,6.70000009983778,81.92857264940228,18.299999691545963,105.07
1979-09-17,23.500000350177288,13.657143060650144,5.000000074505806,74.78571540010827,1.899999976158142,105.05
1979-09-24,24.600000366568565,13.18571448219674,7.400000110268593,83.91428696470601,62.99999886751175,104.99
1979-10-01,20.10000029951334,10.128571579498905,2.1000000312924385,84.05714410969189,2.4000000059604645,105.1
1979-10-08,16.00000023841858,8.700000129640102,0.5000000074505806,70.97142962898526,0.0,105.17
1979-10-15,19.80000029504299,12.757143047239099,6.800000101327896,79.91428690510136,0.800000011920929,105.17
1979-10-22,18.100000269711018,8.814285845628806,1.5000000223517418,88.47142988975558,6.200000107288361,105.15
1979-10-29,10.600000157952309,4.200000062584877,-1.3000000193715096,66.84285813889333,0.0,105.15
1979-11-05,9.3000001385808,4.90000007301569,0.4000000059604645,92.85714424082211,20.399999856948853,105.19
1979-11-12,11.30000016838312,4.557142925049577,-2.7000000402331352,84.92857269410577,12.600000157952309,105.21
1979-11-19,6.500000096857548,2.542857180748667,-1.700000025331974,95.72857285503831,26.899999678134918,105.25
1979-11-26,8.100000120699406,2.8571428997176036,-0.9000000134110451,90.20000134408474,8.799999788403511,105.25
1979-12-03,14.800000220537186,9.128571564597744,2.7000000402331352,77.57142972733293,2.8999999165534973,105.25
1979-12-10,15.900000236928465,9.57142871405397,3.6000000536441803,80.1142869080816,14.399999670684338,105.28
1979-12-17,11.000000163912771,3.185714333185128,-4.90000007301569,87.52857273284879,24.40000033378601,105.3
1979-12-24,8.100000120699406,2.4285714647599628,-2.200000032782554,88.457144175257,9.500000238418579,105.4
1979-12-31,5.700000084936619,1.0857143018926894,-4.500000067055225,87.41428701686007,4.599999979138374,105.4
1980-01-07,2.0000000298023224,-2.1857143182839667,-10.500000156462193,91.47142993445907,20.599999979138374,105.45
1980-01-14,0.5000000074505806,-7.785714401730469,-18.50000027567148,90.64285849354097,0.6000000014901161,105.5
1980-01-21,0.6000000089406967,-5.157142933990274,-16.100000239908695,87.48571558935302,0.3000000119209289,105.6
1980-01-28,4.000000059604645,-1.1571428743856293,-12.800000190734863,89.90000133961439,12.700000122189522,105.625
1980-02-04,8.00000011920929,1.7428571688277381,-7.500000111758709,87.71428702133042,18.50000023841858,105.65
1980-02-11,8.900000132620335,5.542857225452151,-0.5000000074505806,88.04285845479795,18.799999810755253,105.75
1980-02-18,6.200000092387199,1.9285714573093824,-1.5000000223517418,90.1285727715918,4.600000023841858,105.85
1980-02-25,10.400000154972076,3.2428571911794797,-2.200000032782554,73.0714296602777,0.0,105.87
1980-03-03,7.900000117719173,0.45714286395481657,-5.200000077486038,85.44285841605493,7.3999999538064,105.87
1980-03-10,6.500000096857548,1.9285714573093824,-4.700000070035458,84.68571554762977,19.80000039935112,105.93
1980-03-17,12.4000001847744,4.200000062584877,-1.3000000193715096,76.95714400389365,0.0,105.95
1980-03-24,6.200000092387199,0.15714285948446824,-7.900000117719173,79.01428689169032,4.200000047683716,105.99
1980-03-31,15.800000235438349,7.371428681271417,-1.3000000193715096,77.20000115036964,3.40000007301569,106.0
1980-04-07,14.000000208616257,5.028571503502982,-0.9000000134110451,81.44285835645029,28.800000205636024,106.03
1980-04-14,19.30000028759241,6.471428667860372,0.800000011920929,79.31428689616067,9.200000002980232,106.05
1980-04-21,21.800000324845318,8.485714412161283,0.0,69.00000102818012,3.800000011920929,106.06
1980-04-28,9.600000143051147,4.514285781553814,0.6000000089406967,90.08571562809604,51.29999975115061,106.08
1980-05-05,17.00000025331974,8.21428583668811,-3.000000044703484,71.77142964090619,0.0,106.15
1980-05-12,20.60000030696392,11.24285731038877,-0.2000000029802322,65.62857240651336,6.1000001430511475,106.27
1980-05-19,21.300000317394733,10.828571589929718,0.2000000029802322,61.700000919401646,0.699999988079071,106.38
1980-05-26,22.500000335276127,12.214285896292754,0.0,64.87142953808818,0.6000000238418579,106.34
1980-06-02,25.00000037252903,14.542857359562602,4.90000007301569,70.84285819849798,0.7000000104308128,106.3
1980-06-09,25.100000374019142,17.571428833263262,8.600000128149986,72.50000108033419,11.900000110268593,106.2
1980-06-16,29.800000444054604,19.685714579054288,12.000000178813934,70.3428581910474,8.400000013411045,106.07
1980-06-23,22.500000335276127,14.98571450901883,8.400000125169754,77.65714401432446,25.19999984651804,105.93
1980-06-30,21.800000324845318,13.32857162718262,9.3000001385808,79.81428690361125,19.700000166893005,105.95
1980-07-07,22.30000033229589,14.400000214576721,8.400000125169754,84.20000125467777,35.39999983459711,106.0
1980-07-14,22.500000335276127,14.685714504548482,8.100000120699406,84.61428697513682,21.90000033378601,106.05
1980-07-21,23.80000035464764,15.628571661455291,9.3000001385808,77.74285830131599,56.60000156611204,106.11
1980-07-28,26.700000397861004,18.242857414696896,9.500000141561031,76.37142970945153,11.300000190734863,106.305
1980-08-04,30.800000458955765,20.52857173447098,11.000000163912771,76.57142971243177,22.50000010430813,106.5
1980-08-11,27.60000041127205,18.45714313217572,10.900000162422655,72.05714393087796,3.499999977648258,106.47
1980-08-18,27.000000402331352,17.80000026524067,10.900000162422655,77.48571544034141,11.400000095367432,106.38
1980-08-25,23.600000351667404,14.057143066610609,8.800000131130219,77.44285829684564,17.29999978840351,106.29
1980-09-01,26.50000039488077,16.085714525410108,5.000000074505806,75.7000011280179,18.499999523162842,106.25
1980-09-08,27.700000412762165,15.871428807931286,5.200000077486038,73.3285725212523,14.000000193715096,106.1
1980-09-15,19.30000028759241,13.75714306214026,9.00000013411045,80.61428691553218,22.60000044107437,105.95
1980-09-22,23.500000350177288,14.714285933545657,9.00000013411045,80.22857262407031,1.7000000476837158,105.69
1980-09-29,21.60000032186508,13.071428766208035,4.500000067055225,84.38571554315942,18.400000385940075,105.67
1980-10-06,15.900000236928465,10.614285872450896,2.3000000342726707,77.24285829386541,2.6000000089406967,105.65
1980-10-13,18.100000269711018,8.328571552676815,-0.5000000074505806,82.28571551186698,51.199999906122684,105.61
1980-10-20,19.10000028461218,8.771428702133042,1.5000000223517418,81.98571550739663,5.4999998807907104,105.6
1980-10-27,13.600000202655792,8.185714407690934,0.1000000014901161,79.20000118017197,9.699999928474426,105.61
1980-11-03,22.600000336766243,4.500000067055225,-5.900000087916851,77.15714400687388,3.700000047683716,105.62
1980-11-10,2.600000038743019,-0.9857143004025731,-4.400000065565109,91.71428708093507,15.199999630451202,105.6
1980-11-17,14.600000217556952,5.571428654449327,-5.200000077486038,81.02857263599124,10.499999910593033,105.59
1980-11-24,16.600000247359276,10.200000151991844,3.9000000581145287,76.4142868529473,1.5,105.57
1980-12-01,13.500000201165676,1.1571428743856293,-7.700000114738941,83.74285839072296,7.100000023841858,105.57
1980-12-08,2.0000000298023224,-4.8857143585171015,-9.80000014603138,88.44285846075842,18.200000047683716,105.54
1980-12-15,12.000000178813934,5.300000078976154,-8.00000011920929,76.1857154209699,11.899999864399433,105.5
1980-12-22,7.000000104308128,2.0428571732980862,-1.700000025331974,84.95714412310294,2.4000000655651093,105.49
1980-12-29,11.10000016540289,4.97142864550863,-1.100000016391277,84.67142983313117,6.200000144541264,105.47
1981-01-05,8.300000123679638,3.38571433616536,-1.100000016391277,86.11428699748856,24.799999952316284,105.49
1981-01-12,0.5000000074505806,-3.9000000581145287,-12.000000178813934,88.15714417078665,10.299999803304672,105.51
1981-01-19,4.90000007301569,-0.014285714498588049,-3.9000000581145287,88.51428703325135,12.700000196695328,105.57
1981-01-26,3.700000055134296,-1.757142883326326,-10.400000154972076,87.57142987634454,7.3999998942017555,105.62
1981-02-02,8.50000012665987,0.2714285754731724,-9.00000013411045,78.42857259724822,0.0,105.67
1981-02-09,9.00000013411045,4.742857213531222,-0.2000000029802322,84.85714412161282,8.3999999538064,105.69
1981-02-16,7.900000117719173,-0.3428571479661124,-3.700000055134296,84.81428697811705,6.599999845027924,105.71
1981-02-23,2.7000000402331352,-2.4285714647599628,-6.70000009983778,88.3428584592683,4.400000087916851,105.72
1981-03-02,6.400000095367432,0.28571428997176035,-6.200000092387199,79.60000118613243,1.0000000298023224,105.9
1981-03-09,15.500000230968,5.500000081956387,-3.400000050663948,82.35714408435992,16.30000013113022,105.95
1981-03-16,16.600000247359276,8.028571548206466,0.0,79.74285833111831,31.99999964237213,106.05
1981-03-23,19.30000028759241,7.542857255254473,-1.0000000149011612,69.7428581821067,8.200000017881393,106.4
1981-03-30,18.80000028014183,11.157143023397241,1.100000016391277,72.31428679185254,8.199999809265137,106.45
1981-04-06,18.80000028014183,10.642857301448073,4.200000062584877,73.48571538073676,0.1000000014901161,106.55
1981-04-13,22.30000033229589,11.871428748326641,1.600000023841858,66.61428670691592,0.2000000029802322,106.45
1981-04-20,18.0000002682209,4.8857143585171015,-2.800000041723252,66.7571438519018,0.0,106.35
1981-04-27,16.100000239908695,5.442857223962035,-3.000000044703484,70.84285819849798,27.099999554455284,106.25
1981-05-04,11.60000017285347,6.41428580986602,0.9000000134110451,81.51428692894322,29.600000739097595,106.15
1981-05-11,25.600000381469727,15.000000223517418,5.500000081956387,63.22857237075056,0.800000011920929,106.05
1981-05-18,26.30000039190054,16.814285964838096,9.400000140070915,68.98571531368154,5.099999964237213,106.02
1981-05-25,25.50000037997961,16.385714529880456,7.700000114738941,70.2142867605601,34.400000393390656,105.98
1981-06-01,29.60000044107437,16.20000024139881,7.500000111758709,76.25714399346283,9.600000411272049,105.95
1981-06-08,31.80000047385693,19.97142886902605,13.000000193715096,71.55714392342738,1.7000000029802322,105.87
1981-06-15,26.600000396370888,18.14285741320678,6.900000102818012,71.08571534497398,16.59999978542328,105.71
1981-06-22,21.1000003144145,12.10000018030405,5.700000084936619,81.1714297809771,23.00000036507845,105.56
1981-06-29,28.80000042915344,17.485714546271733,9.00000013411045,73.9142868156944,1.5,105.48
1981-07-06,27.10000040382147,18.01428598271949,10.600000157952309,69.82857246909823,11.89999959617853,105.45
1981-07-13,31.300000466406345,21.957143184329784,14.600000217556952,67.97142958428178,17.699999570846558,105.4
1981-07-20,22.600000336766243,15.014285938016005,10.500000156462193,86.38571557296174,100.4000009149313,105.31
1981-07-27,27.3000004068017,15.857143093432699,12.300000183284284,83.31428695576531,54.99999952316284,105.43
1981-08-03,28.200000420212746,17.71428597824914,10.000000149011612,78.58571545673269,2.700000062584877,105.55
1981-08-10,30.600000455975533,21.600000321865082,12.90000019222498,73.9142868156944,25.19999980926514,106.05
1981-08-17,27.500000409781933,18.485714561172895,10.30000015348196,75.75714398601225,4.699999928474426,106.15
1981-08-24,21.800000324845318,14.62857164655413,9.400000140070915,77.11428686337811,9.300000175833702,106.04
1981-08-31,20.500000305473804,14.000000208616257,7.000000104308128,77.92857258979764,1.200000025331974,105.95
1981-09-07,24.300000362098217,13.814285920134612,5.000000074505806,73.84285824320146,0.0,105.9
1981-09-14,26.700000397861004,16.528571674866335,10.000000149011612,79.57142975713525,14.199999764561653,105.8
1981-09-21,28.10000041872263,14.11428592460496,5.000000074505806,81.84285836241075,14.599999427795408,105.67
1981-09-28,27.000000402331352,15.685714519449643,7.200000107288361,83.9285726792046,30.800000190734863,105.7
1981-10-05,20.60000030696392,13.514285915664264,9.100000135600569,82.0285726508924,0.8999999761581421,105.72
1981-10-12,22.000000327825543,12.442857328270163,5.500000081956387,76.44285828194448,10.90000006556511,105.73
1981-10-19,13.500000201165676,7.528571540755885,3.400000050663948,85.55714413204363,27.600000120699406,105.76
1981-10-26,14.500000216066836,6.0428572329027315,0.0,88.85714418121746,30.99999988079071,105.805
1981-11-02,15.600000232458116,9.21428585158927,0.9000000134110451,81.28571549696582,21.60000015795231,105.85
1981-11-09,12.500000186264517,4.842857215021338,-0.2000000029802322,85.8428584220154,13.399999976158142,105.95
1981-11-16,7.200000107288361,2.0714286022952626,-2.500000037252903,90.7142870660339,23.00000011920929,106.1
1981-11-23,16.800000250339508,8.21428583668811,-2.500000037252903,82.08571550888675,14.799999952316284,106.21
1981-11-30,13.300000198185444,3.7714286276272366,-0.5000000074505806,82.31428694086415,16.099999882280827,106.23
1981-12-07,4.200000062584877,1.642857167337622,-0.4000000059604645,90.98571564150708,24.999999850988388,106.19
1981-12-14,4.500000067055225,-1.2428571613771575,-7.400000110268593,84.85714412161282,28.399999260902405,106.21
1981-12-21,2.500000037252903,-7.642857256744589,-15.100000225007534,87.10000129789114,6.800000071525574,106.25
1981-12-28,0.2000000029802322,-2.0857143167938506,-9.3000001385808,87.52857273284879,2.1999999657273293,106.35
1982-01-04,10.500000156462193,5.214285791984627,-4.200000062584877,82.57142980183873,8.899999886751175,106.45
1982-01-11,10.900000162422655,-6.400000095367432,-17.30000025779009,79.54285832813808,8.199999839067459,106.42
1982-01-18,-3.400000050663948,-7.214285821786949,-12.500000186264517,80.97142977799687,0.0,106.65
1982-01-25,2.3000000342726707,-2.742857183728899,-8.300000123679638,89.14285847118923,0.8000000268220901,106.75
1982-02-01,7.700000114738941,2.271428605275495,-2.7000000402331352,86.50000128895044,27.60000079125166,106.7
1982-02-08,7.800000116229057,-0.3428571479661124,-6.800000101327896,84.85714412161282,5.100000202655792,106.65
1982-02-15,8.600000128149986,2.514285751751491,-0.9000000134110451,82.24285836837122,0.0,106.55
1982-02-22,6.200000092387199,-1.0142857293997491,-7.900000117719173,79.01428689169032,0.0,106.45
1982-03-01,10.30000015348196,0.28571428997176035,-7.500000111758709,81.11428692298276,1.5,106.43
1982-03-08,11.400000169873238,4.128571490091937,-4.000000059604645,75.27142969306026,6.200000196695328,106.35
1982-03-15,12.10000018030405,4.957142931010042,-0.9000000134110451,73.685715383717,3.5999999567866325,106.3
1982-03-22,12.4000001847744,5.2428572209818025,0.1000000014901161,76.60000114142895,20.0999998152256,106.24
1982-03-29,21.000000312924385,7.328571537775653,-3.000000044703484,68.51428673522813,0.3000000119209289,106.25
1982-04-05,18.30000027269125,8.271428694682461,-1.100000016391277,71.11428677397114,0.0,106.3
1982-04-12,23.300000347197056,6.485714382358959,0.1000000014901161,75.35714398005179,14.300000011920929,106.3
1982-04-19,14.900000222027302,5.457142938460622,-2.600000038743019,72.14285821786949,1.5999999642372131,106.35
1982-04-26,14.100000210106373,7.557142969753061,-1.600000023841858,61.22857234094824,2.500000096857548,106.29
1982-05-03,15.100000225007534,6.77142867233072,-1.0000000149011612,73.72857252721276,8.899999797344208,106.23
1982-05-10,21.60000032186508,11.128571594400066,3.1000000461936,71.62857249592032,25.699999630451202,106.17
1982-05-17,26.30000039190054,13.500000201165676,3.6000000536441803,67.50000100582838,30.900000393390656,106.12
1982-05-24,23.100000344216824,15.70000023394823,8.00000011920929,76.28571542246002,7.300000123679638,106.1
1982-05-31,27.700000412762165,16.800000250339508,5.900000087916851,65.38571526003736,0.0,105.93
1982-06-07,33.10000049322844,22.942857484732354,12.4000001847744,56.08571512145655,1.2000000476837158,105.82
1982-06-14,25.300000376999375,16.257143099393165,8.900000132620335,70.80000105500221,10.400000274181366,105.79
1982-06-21,22.30000033229589,14.142857353602137,8.00000011920929,74.41428682314498,15.899999856948853,105.77
1982-06-28,24.600000366568565,18.028571697218077,12.4000001847744,74.72857254211392,9.000000037252903,105.7
1982-07-05,30.500000454485416,16.87142882283245,9.500000141561031,71.1857153464641,13.800000071525574,105.5
1982-07-12,29.10000043362379,19.17142885710512,9.500000141561031,68.12857244376626,3.200000047683716,105.3
1982-07-19,32.20000047981739,21.357143175389087,14.300000213086603,68.37142959024224,2.9999999701976776,105.27
1982-07-26,31.000000461936,21.714286037853785,14.600000217556952,64.84285810909101,7.900000095367432,105.27
1982-08-02,31.80000047385693,20.828571738941328,10.500000156462193,56.32857226793255,0.1000000014901161,105.27
1982-08-09,30.100000448524952,21.171428886907442,14.800000220537186,73.48571538073676,49.69999845325947,105.23
1982-08-16,29.60000044107437,20.085714585014752,10.600000157952309,64.6142866771136,0.1000000014901161,105.09
1982-08-23,25.600000381469727,17.314285972288676,9.600000143051147,68.75714388170412,2.8000001013278966,105.0
1982-08-30,26.00000038743019,17.042857396815503,9.500000141561031,68.15714387276343,0.5,104.94
1982-09-06,29.50000043958425,17.442857402775967,8.800000131130219,66.14285812846252,0.2000000029802322,104.91
1982-09-13,28.10000041872263,17.057143111314094,8.300000123679638,74.45714396664074,2.200000047683716,104.89
1982-09-20,29.800000444054604,19.114285999110766,10.80000016093254,68.47142959173236,13.5,104.87
1982-09-27,27.700000412762165,15.314285942486354,7.000000104308128,74.82857254360404,2.1999999582767487,104.85
1982-10-04,23.500000350177288,14.028571637613434,4.700000070035458,71.78571535540479,0.0,104.83
1982-10-11,20.000000298023224,11.657143030847822,6.200000092387199,78.34285831025669,9.800000108778477,104.75
1982-10-18,16.50000024586916,10.728571588439602,2.1000000312924385,79.8857154761042,6.699999928474426,104.73
1982-10-25,18.100000269711018,10.942857305918421,6.200000092387199,81.61428693043334,2.799999952316284,104.7
1982-11-01,16.600000247359276,9.08571442110198,2.7000000402331352,80.90000120550394,0.1000000014901161,104.65
1982-11-08,17.00000025331974,6.285714379378727,-2.1000000312924385,72.15714393236807,3.0,104.6
1982-11-15,14.40000021457672,7.214285821786949,-1.600000023841858,79.8857154761042,0.6000000089406967,104.6
1982-11-22,12.90000019222498,6.657142956342016,0.800000011920929,76.9000011458993,6.599999964237213,104.62
1982-11-29,11.800000175833702,6.100000090897083,2.7000000402331352,85.4714298450521,7.0,104.6
1982-12-06,9.100000135600569,1.58571430934327,-3.500000052154064,87.87142988081489,3.0,104.55
1982-12-13,14.000000208616257,4.742857213531222,-1.100000016391277,85.70000127702951,9.300000049173832,104.56
1982-12-20,12.000000178813934,3.2142857621823038,-1.700000025331974,81.10000120848417,9.200000196695328,104.58
1982-12-27,8.300000123679638,2.514285751751491,-2.600000038743019,86.4428584309561,1.9999999776482582,104.59
1983-01-03,6.000000089406967,2.257142890776907,-1.0000000149011612,83.54285838774273,10.200000062584877,104.6
1983-01-10,13.40000019967556,6.857142959322248,1.600000023841858,80.91428692000252,5.599999934434891,104.58
1983-01-17,10.000000149011612,4.82857150052275,0.1000000014901161,83.70000124722719,20.500000536441803,104.56
1983-01-24,7.400000110268593,2.8000000417232513,-1.80000002682209,83.00000123679638,5.800000049173832,104.58
1983-01-31,13.800000205636024,6.471428667860372,-1.0000000149011612,78.71428688721997,27.799999989569187,104.75
1983-02-07,12.300000183284284,1.1285714453884534,-4.200000062584877,81.75714407541922,7.400000013411045,104.95
1983-02-14,2.3000000342726707,-2.8000000417232513,-11.60000017285347,89.00000132620335,20.099999777972698,105.25
1983-02-21,1.700000025331974,-3.6714286261371205,-17.600000262260437,86.68571557743209,2.4000000059604645,105.3
1983-02-28,6.400000095367432,-0.5428571509463447,-11.10000016540289,81.64285835943052,2.300000049173832,105.35
1983-03-07,9.100000135600569,4.014285774103233,-2.200000032782554,83.62857267473426,2.7000000029802322,105.3
1983-03-14,12.4000001847744,4.457142923559461,-3.1000000461936,76.00000113248825,0.5,105.25
1983-03-21,13.000000193715096,8.414285839668342,2.7000000402331352,85.128572697086,21.299999833106995,105.2
1983-03-28,14.40000021457672,4.585714354046753,-0.9000000134110451,77.31428686635834,9.500000052154064,105.225
1983-04-04,13.000000193715096,5.885714373418263,-1.3000000193715096,80.61428691553218,15.499999776482582,105.25
1983-04-11,20.500000305473804,8.028571548206466,1.80000002682209,76.15714399197272,16.499999701976776,105.37
1983-04-18,17.50000026077032,8.200000122189522,1.700000025331974,77.78571544481176,16.900000274181366,105.42
1983-04-25,23.300000347197056,13.414285914174148,4.000000059604645,72.714286797813,4.699999958276749,105.51
1983-05-02,22.600000336766243,13.785714491137437,4.700000070035458,67.14285814336368,2.700000047683716,105.55
1983-05-09,18.100000269711018,10.642857301448073,1.600000023841858,77.15714400687388,11.699999958276749,105.62
1983-05-16,28.200000420212746,15.41428594397647,6.500000096857548,74.01428681718451,14.000000156462193,105.7
1983-05-23,26.80000039935112,15.385714514979295,5.900000087916851,74.55714396813086,19.399999618530273,105.75
1983-05-30,18.50000027567148,12.485714471765927,5.000000074505806,80.62857263003077,6.300000101327896,105.65
1983-06-06,28.60000042617321,17.80000026524067,8.400000125169754,67.64285815081426,3.0999999046325684,105.4
1983-06-13,27.000000402331352,18.071428840713843,4.000000059604645,64.10000095516443,4.799999952316284,105.25
1983-06-20,25.300000376999375,14.314285927585193,8.00000011920929,75.14285826257297,12.899999931454659,105.3
1983-06-27,30.100000448524952,20.042857441518986,8.50000012665987,62.10000092536211,1.100000023841858,105.275
1983-07-04,27.10000040382147,17.45714311727456,9.500000141561031,67.74285815230438,19.399999618530277,105.25
1983-07-11,33.00000049173832,23.82857178364481,12.000000178813934,50.75714361348322,0.0,105.05
1983-07-18,32.50000048428774,21.357143175389087,13.000000193715096,64.1428580986602,12.0,104.9
1983-07-25,30.500000454485416,19.200000286102295,8.800000131130219,63.97142952467714,8.699999809265137,104.8
1983-08-01,35.50000052899122,23.428571777684347,11.000000163912771,54.41428652512176,20.899999238550663,104.82
1983-08-08,28.60000042617321,14.771428791540009,9.900000147521496,87.7428584503276,112.80000153183937,104.85
1983-08-15,27.700000412762165,17.700000263750553,7.000000104308128,75.67142969902072,3.1999998837709427,104.87
1983-08-22,29.800000444054604,20.800000309944153,12.90000019222498,68.50000102072954,2.0,104.85
1983-08-29,28.80000042915344,19.400000289082527,10.80000016093254,71.27142963345561,0.0,104.8
1983-09-05,28.300000421702865,18.528571704668657,8.400000125169754,67.92857244078603,0.0,104.7
1983-09-12,24.8000003695488,14.600000217556953,7.800000116229057,72.42857250784125,15.500000178813934,104.65
1983-09-19,25.100000374019142,15.100000225007534,7.300000108778477,74.14285824767181,4.599999964237213,104.62
1983-09-26,23.80000035464764,12.785714476236276,5.200000077486038,76.57142971243177,15.100000202655792,104.61
1983-10-03,25.50000037997961,12.385714470275811,1.0000000149011612,81.82857264791217,2.200000047683716,104.6
1983-10-10,24.8000003695488,14.171428782599312,3.700000055134296,75.18571540606874,3.799999952316284,104.58
1983-10-17,20.000000298023224,11.771428746836525,7.300000108778477,71.10000105947256,0.0,104.56
1983-10-24,17.600000262260437,8.342857267175402,0.5000000074505806,75.47142969604049,0.2000000029802322,104.53
1983-10-31,17.30000025779009,7.285714394279888,-0.1000000014901161,79.02857260618892,1.5,104.54
1983-11-07,14.000000208616257,8.871428703623158,4.400000065565109,81.38571549845594,0.1000000014901161,104.55
1983-11-14,12.90000019222498,2.1571428892867908,-9.100000135600569,81.7714297899178,0.2000000029802322,104.55
1983-11-21,4.200000062584877,1.2571428758757455,-7.000000104308128,89.34285847416946,5.100000090897083,104.54
1983-11-28,15.100000225007534,5.3714286514690945,-0.6000000089406967,83.98571553719896,17.299999609589577,104.52
1983-12-05,6.500000096857548,-2.1285714602896144,-10.600000157952309,83.28571552676814,7.200000241398811,104.54
1983-12-12,6.000000089406967,-1.4142857353602136,-11.900000177323818,87.28571558637279,7.600000083446503,104.55
1983-12-19,5.500000081956387,-1.4285714498588018,-9.100000135600569,83.88571553570884,2.6000000536441803,104.57
1983-12-26,15.100000225007534,6.0428572329027315,1.5000000223517418,85.65714413353375,21.300000101327896,104.58
1984-01-02,10.900000162422655,6.328571522874491,0.5000000074505806,80.78571548951524,1.600000023841858,104.59
1984-01-09,9.600000143051147,2.8857143287147795,-0.2000000029802322,81.28571549696582,9.899999976158142,104.6
1984-01-16,11.400000169873238,2.0142857443009103,-4.700000070035458,79.70000118762255,13.100000202655792,104.62
1984-01-23,8.900000132620335,-0.20000000298023218,-4.500000067055225,82.00000122189522,3.799999952316284,104.63
1984-01-30,4.500000067055225,0.3428571479661124,-5.200000077486038,81.87142979140792,5.90000007301569,104.68
1984-02-06,10.400000154972076,3.428571479661124,-0.4000000059604645,83.38571552825826,21.499999940395355,104.72
1984-02-13,7.400000110268593,0.3428571479661124,-6.800000101327896,84.57142983164105,8.499999955296516,104.8
1984-02-20,2.200000032782554,-4.985714360007218,-12.4000001847744,78.54285831323692,0.0,104.84
1984-02-27,7.300000108778477,1.3857143063630377,-3.200000047683716,83.78571553421872,11.699999868869781,104.85
1984-03-05,7.500000111758709,1.7285714543291502,-3.200000047683716,83.20000123977661,0.6000000014901161,104.87
1984-03-12,7.800000116229057,0.8714285844138691,-5.500000081956387,85.68571556253093,1.7000000104308128,104.9
1984-03-19,9.80000014603138,1.528571451348918,-6.70000009983778,71.62857249592032,0.0,104.93
1984-03-26,14.800000220537186,3.31428576367242,-5.700000084936619,61.82857234988894,0.8999999761581421,104.94
1984-04-02,16.800000250339508,6.785714386829308,-0.2000000029802322,79.20000118017197,23.899999916553497,104.95
1984-04-09,13.600000202655792,5.300000078976154,0.4000000059604645,82.88571552080768,15.800000309944153,105.0
1984-04-16,22.100000329315662,8.585714413651399,0.6000000089406967,79.68571547312396,11.300000399351122,105.12
1984-04-23,21.1000003144145,9.385714425572328,-0.5000000074505806,64.32857238714185,0.1000000014901161,105.13
1984-04-30,17.600000262260437,6.828571530325072,-2.0000000298023224,72.31428679185254,6.700000025331974,105.15
1984-05-07,21.60000032186508,13.242857340191092,3.700000055134296,76.67142971392188,3.599999949336052,105.1
1984-05-14,13.000000193715096,7.671428685741765,1.600000023841858,84.44285840115377,16.59999966621399,105.11
1984-05-21,24.8000003695488,15.900000236928463,8.800000131130219,70.02857247207847,7.300000011920929,105.13
1984-05-28,23.600000351667404,13.228571625692505,6.900000102818012,78.87142974670444,9.900000095367432,105.13
1984-06-04,28.10000041872263,16.314285957387515,6.500000096857548,65.58571526301759,7.000000178813934,105.13
1984-06-11,18.30000027269125,12.785714476236276,9.3000001385808,80.48571548504489,17.800000458955765,105.15
1984-06-18,23.300000347197056,14.357143071080957,4.200000062584877,74.08571538967746,4.1999999061226845,105.16
1984-06-25,27.3000004068017,16.00000023841858,8.300000123679638,69.42857246313777,13.099999763071537,105.16
1984-07-02,22.100000329315662,13.428571628672737,6.400000095367432,74.11428681867463,4.999999865889549,105.13
1984-07-09,28.200000420212746,14.371428785579544,9.100000135600569,76.68571542842048,5.700000107288361,105.05
1984-07-16,35.30000052601099,21.000000312924385,12.300000183284284,67.18571528685945,19.500000096857548,104.89
1984-07-23,19.30000028759241,14.385714500078134,8.800000131130219,81.51428692894322,14.899999916553497,104.83
1984-07-30,29.000000432133675,16.28571452839034,8.800000131130219,77.52857258383717,9.799999833106995,104.8
1984-08-06,30.70000045746565,20.700000308454037,12.800000190734863,72.81428679930312,26.90000043064356,104.75
1984-08-13,22.100000329315662,17.400000259280205,11.500000171363354,85.78571556402105,47.9999995008111,104.73
1984-08-20,24.600000366568565,15.828571664435524,8.50000012665987,78.22857259426799,1.200000025331974,104.71
1984-08-27,27.700000412762165,18.528571704668657,9.00000013411045,72.41428679334265,1.0000000298023224,104.71
1984-09-03,28.300000421702865,18.685714564153127,8.00000011920929,69.6142867516194,4.5,104.71
1984-09-10,25.80000038444996,13.571428773658615,6.200000092387199,81.58571550143617,18.499999716877937,104.7
1984-09-17,22.100000329315662,13.1142859097038,7.500000111758709,84.0428583951933,9.00000011920929,104.7
1984-09-24,21.000000312924385,12.257143039788518,4.200000062584877,81.75714407541922,9.00000011920929,104.69
1984-10-01,19.000000283122063,12.142857323799815,7.400000110268593,84.31428697066647,8.700000047683716,104.73
1984-10-08,18.50000027567148,11.500000171363354,7.000000104308128,82.51428694384438,13.499999895691872,104.8
1984-10-15,19.80000029504299,12.600000187754631,5.700000084936619,84.5142869736467,5.999999888241291,104.78
1984-10-22,20.60000030696392,11.200000166893005,2.7000000402331352,71.42857249294009,0.9000000134110451,104.75
1984-10-29,18.30000027269125,9.857143004025732,0.1000000014901161,81.38571549845594,2.6999999582767487,104.73
1984-11-05,14.600000217556952,6.442857238863196,2.200000032782554,82.94285837880203,0.0,104.7
1984-11-12,11.60000017285347,6.614285812846252,1.700000025331974,83.75714410522154,0.0,104.69
1984-11-19,8.00000011920929,3.0857143316950117,0.1000000014901161,75.17142969157014,5.899999976158142,104.68
1984-11-26,16.300000242888927,8.114285835197993,1.80000002682209,80.97142977799687,20.59999967366457,104.675
1984-12-03,7.400000110268593,3.8000000566244125,0.1000000014901161,82.55714408734015,0.1000000014901161,104.67
1984-12-10,7.000000104308128,2.9714286157063077,-2.1000000312924385,87.18571558488267,2.6999999284744263,104.7
1984-12-17,8.00000011920929,0.7571428684251649,-3.000000044703484,91.41428707646472,6.0999999940395355,104.73
1984-12-24,7.700000114738941,2.6571428967373714,-1.3000000193715096,85.3571441290634,6.100000016391277,104.75
1984-12-31,1.0000000149011612,-2.8142857562218393,-5.200000077486038,90.25714420207909,3.8000000715255737,104.73
1985-01-07,-1.600000023841858,-8.885714418121747,-18.30000027269125,88.02857274029937,9.400000125169754,104.7
1985-01-14,-5.000000074505806,-10.557143014456544,-21.300000317394733,85.62857270453658,8.199999876320362,104.65
1985-01-21,1.600000023841858,-4.8857143585171015,-14.100000210106373,77.08571543438094,0.6000000238418579,104.68
1985-01-28,6.400000095367432,0.9428571569068092,-5.000000074505806,81.67142978842769,4.900000087916851,104.675
1985-02-04,9.80000014603138,2.7857143272246634,-5.500000081956387,77.47142972584281,25.39999959617853,104.67
1985-02-11,6.200000092387199,-5.642857226942267,-18.80000028014183,78.48571545524257,5.199999958276749,104.68
1985-02-18,-1.0000000149011612,-7.985714404710701,-22.100000329315662,75.72857255701508,1.5000000298023224,104.67
1985-02-25,5.500000081956387,-2.1142857457910265,-14.600000217556952,78.90000117570162,8.199999928474426,104.65
1985-03-04,8.50000012665987,2.628571467740195,0.0,86.01428699599845,0.3000000119209289,104.81
1985-03-11,7.300000108778477,1.9285714573093824,-3.000000044703484,84.41428697215659,0.3000000044703483,104.83
1985-03-18,9.00000013411045,1.7428571688277381,-4.000000059604645,80.04285833558866,24.199999287724495,104.85
1985-03-25,12.90000019222498,5.700000084936619,0.0,78.88571546120303,1.5,104.87
1985-04-01,15.600000232458116,7.6142858277474135,-0.5000000074505806,72.61428679632289,4.0,105.0
1985-04-08,24.8000003695488,12.45714304276875,6.500000096857548,66.31428670244557,1.7000000476837158,105.06
1985-04-15,14.600000217556952,8.42857155416693,4.000000059604645,72.98571537328618,5.200000032782555,105.15
1985-04-22,22.30000033229589,10.600000157952309,0.4000000059604645,68.04285815677473,1.7999999523162842,105.24
1985-04-29,15.100000225007534,4.000000059604645,-0.5000000074505806,78.65714402922562,20.200000144541264,105.23
1985-05-06,21.300000317394733,7.842857259724822,0.800000011920929,75.7000011280179,18.600000381469727,105.2
1985-05-13,25.300000376999375,15.442857372973647,7.400000110268593,72.38571536434549,5.700000077486038,105.17
1985-05-20,29.800000444054604,16.471428816871985,7.700000114738941,69.87142961259399,15.8000003695488,105.15
1985-05-27,28.200000420212746,16.65714310535363,8.800000131130219,69.70000103861094,8.0,105.15
1985-06-03,26.80000039935112,16.91428596632821,7.500000111758709,72.61428679632289,5.8000001311302185,105.15
1985-06-10,29.300000436604023,17.057143111314094,6.800000101327896,70.54285819402763,10.900000095367432,105.1
1985-06-17,18.30000027269125,11.24285731038877,6.500000096857548,79.97142976309571,20.199999786913395,105.05
1985-06-24,21.60000032186508,14.185714497097901,6.000000089406967,81.27142978246722,14.400000482797623,105.0
1985-07-01,23.500000350177288,15.142857368503298,10.100000150501728,77.61428687082869,22.09999966621399,104.97
1985-07-08,26.100000388920307,16.685714534350804,9.500000141561031,71.61428678142173,8.299999952316284,104.9
1985-07-15,29.700000442564487,18.785714565643243,10.500000156462193,73.45714395173958,6.499999858438969,104.85
1985-07-22,28.300000421702865,18.185714556702546,8.00000011920929,72.58571536732572,17.800000071525574,104.75
1985-07-29,27.60000041127205,19.271428858595236,10.30000015348196,70.62857248101916,8.199999928474426,104.73
1985-08-05,29.300000436604023,18.51428599017007,12.000000178813934,67.51428672032696,2.800000011920929,104.67
1985-08-12,28.80000042915344,17.08571454031127,9.900000147521496,71.35714392044714,20.999999940395355,104.75
1985-08-19,32.600000485777855,19.75714315154723,9.500000141561031,76.24285827896425,26.299999095499516,104.83
1985-08-26,28.700000427663326,18.01428598271949,11.400000169873238,77.24285829386541,9.200000144541264,104.825
1985-09-02,26.700000397861004,16.271428813891752,6.000000089406967,71.34285820594856,0.0,104.82
1985-09-09,20.30000030249357,12.128571609301227,7.000000104308128,77.40000115334988,9.500000156462193,104.8
1985-09-16,21.50000032037497,13.528571630162853,6.70000009983778,75.97142970349107,4.700000047683716,104.78
1985-09-23,25.80000038444996,16.757143106843746,8.400000125169754,77.58571544183152,2.000000014901161,104.75
1985-09-30,21.800000324845318,12.885714477726392,5.000000074505806,77.1428582923753,0.0,104.65
1985-10-07,26.30000039190054,17.271428828792914,9.600000143051147,76.08571541947978,1.399999976158142,104.6
1985-10-14,19.500000290572643,11.485714456864766,4.700000070035458,75.90000113099813,6.299999907612801,104.56
1985-10-21,13.600000202655792,8.071428691702229,-0.1000000014901161,84.70000126212835,3.1999999061226845,104.51
1985-10-28,12.500000186264517,3.0285714737006595,-2.600000038743019,88.942858468209,0.0,104.505
1985-11-04,9.500000141561031,3.8857143436159407,-3.200000047683716,78.9142868902002,0.8999999761581421,104.5
1985-11-11,16.50000024586916,7.514285826257297,1.600000023841858,75.38571540904897,10.100000262260437,104.57
1985-11-18,5.000000074505806,-0.6285714379378728,-6.000000089406967,87.71428702133042,4.499999955296516,104.55
1985-11-25,0.5000000074505806,-1.8571428848164422,-5.4000000804662704,91.00000135600567,18.10000041872263,104.5
1985-12-02,10.000000149011612,-0.014285714498588018,-7.300000108778477,84.32857268516507,2.500000074505806,104.53
1985-12-09,15.600000232458116,9.257142995085035,4.500000067055225,75.7000011280179,1.800000011920929,104.48
1985-12-16,10.500000156462193,5.428571509463446,1.0000000149011612,89.31428704517228,16.10000044107437,104.49
1985-12-23,9.80000014603138,4.957142931010042,0.2000000029802322,80.9428583489997,20.499999716877937,104.5
1985-12-30,9.00000013411045,0.9000000134110451,-6.900000102818012,86.97142986740384,17.899999752640724,104.65
1986-01-06,5.500000081956387,-2.257142890776907,-14.40000021457672,81.57142978693757,3.900000095367432,104.8
1986-01-13,5.200000077486038,-1.5000000223517418,-15.100000225007534,87.32857272986855,13.399999737739563,104.91
1986-01-20,10.80000016093254,2.2142857472811426,-6.800000101327896,87.35714415886572,22.70000022649765,104.96
1986-01-27,7.900000117719173,2.414285750261375,-3.000000044703484,80.58571548653501,5.800000049173832,105.055
1986-02-03,6.200000092387199,0.7000000104308128,-7.200000107288361,79.12857260767903,1.699999988079071,105.15
1986-02-10,0.2000000029802322,-8.585714413651399,-21.300000317394733,82.82857266281333,10.499999612569809,105.25
1986-02-17,0.5000000074505806,-6.84285724482366,-17.30000025779009,84.57142983164105,0.5000000149011611,105.4
1986-02-24,-2.500000037252903,-8.171428693192345,-18.50000027567148,85.02857269559588,12.200000002980232,105.37
1986-03-03,-0.4000000059604645,-7.585714398750237,-18.6000002771616,76.48571542544025,0.0,105.35
1986-03-10,6.000000089406967,2.714285754731723,-10.400000154972076,88.95714418270758,16.900000013411045,105.25
1986-03-17,10.500000156462193,5.04285721800157,0.5000000074505806,81.6571440739291,0.800000011920929,105.14
1986-03-24,12.90000019222498,4.571428639548166,-0.6000000089406967,71.51428677993161,18.4000004529953,105.1
1986-03-31,18.100000269711018,7.757142972733293,1.700000025331974,68.01428672777755,5.399999916553497,105.25
1986-04-07,15.100000225007534,6.1714286633900235,1.3000000193715096,77.34285829535553,4.599999964237213,105.35
1986-04-14,10.600000157952309,2.1285714602896144,-6.200000092387199,84.98571555210012,11.80000002682209,105.47
1986-04-21,18.30000027269125,9.057142992104803,2.200000032782554,70.64285819551775,15.299999952316284,105.49
1986-04-28,20.500000305473804,12.057143036808286,6.000000089406967,82.21428693937403,9.099999964237213,105.55
1986-05-05,26.80000039935112,16.12857166890587,4.90000007301569,63.20000094175339,0.0,105.6
1986-05-12,26.30000039190054,14.571428788559777,6.500000096857548,71.45714392193726,9.30000014603138,105.5
1986-05-19,26.700000397861004,16.185714526900224,6.500000096857548,74.55714396813086,45.79999905824661,105.28
1986-05-26,25.600000381469727,17.385714544781617,9.100000135600569,72.1285725033709,2.100000023841858,105.25
1986-06-02,29.50000043958425,11.971428749816758,5.000000074505806,85.08571555359023,91.70000123977661,105.22
1986-06-09,22.600000336766243,11.971428749816758,6.70000009983778,78.40000116825104,11.800000309944153,105.45
1986-06-16,29.800000444054604,16.58571453286069,9.00000013411045,74.65714396962098,15.799999952316284,105.75
1986-06-23,31.000000461936,20.22857173000063,8.800000131130219,71.02857248697963,0.0,105.77
1986-06-30,28.300000421702865,19.94285744002887,9.00000013411045,61.91428663688047,0.0,105.7
1986-07-07,32.50000048428774,21.871428897338255,11.500000171363354,64.88571525258678,10.600000023841858,105.48
1986-07-14,19.10000028461218,13.700000204145908,8.50000012665987,73.41428680824382,8.100000120699406,105.46
1986-07-21,29.800000444054604,18.571428848164423,8.00000011920929,65.27142954404864,0.0,105.35
1986-07-28,28.000000417232517,18.45714313217572,11.000000163912771,71.35714392044714,6.3999999538064,105.325
1986-08-04,34.20000050961971,23.142857487712586,12.500000186264517,65.18571525705713,60.19999957084656,105.3
1986-08-11,29.000000432133675,19.785714580544404,11.000000163912771,69.5000010356307,14.09999966621399,105.2
1986-08-18,27.500000409781933,18.500000275671482,11.30000016838312,77.60000115633011,25.600000575184822,105.09
1986-08-25,19.80000029504299,14.171428782599312,8.800000131130219,83.17142981077943,25.400000035762787,105.0
1986-09-01,19.60000029206276,13.642857346151557,8.00000011920929,76.24285827896425,12.500000096857548,104.99
1986-09-08,21.300000317394733,13.18571448219674,7.400000110268593,76.58571542693036,12.299999885261059,104.97
1986-09-15,21.60000032186508,12.800000190734863,2.7000000402331352,79.50000118464231,15.900000393390657,104.95
1986-09-22,21.1000003144145,10.857143018926893,2.7000000402331352,83.62857267473426,17.200000286102295,104.92
1986-09-29,19.60000029206276,11.642857316349234,2.500000037252903,80.95714406349829,0.8999999761581421,104.9
1986-10-06,21.50000032037497,11.81428589033229,1.3000000193715096,74.12857253317323,0.6000000238418579,104.84
1986-10-13,19.10000028461218,12.285714468785695,5.200000077486038,77.8428583028061,5.400000095367432,104.85
1986-10-20,18.100000269711018,10.114285865000316,2.600000038743019,76.10000113397837,4.900000095367432,104.87
1986-10-27,16.600000247359276,8.28571440918105,2.200000032782554,78.71428688721997,41.6999996304512,104.865
1986-11-03,12.90000019222498,6.785714386829308,-1.0000000149011612,83.75714410522154,9.900000408291818,104.86
1986-11-10,10.900000162422655,6.500000096857548,2.200000032782554,80.38571548355478,4.700000017881393,104.85
1986-11-17,15.600000232458116,7.942857261214938,2.800000041723252,82.40000122785568,0.8000000044703484,104.84
1986-11-24,12.500000186264517,7.514285826257297,2.200000032782554,81.37142978395734,3.5999999195337296,104.85
1986-12-01,14.100000210106373,3.8714286291173527,-2.500000037252903,83.41428695725543,0.0,104.8
1986-12-08,13.40000019967556,6.728571528834956,-0.4000000059604645,76.71428685741765,2.3999999910593033,104.73
1986-12-15,4.500000067055225,1.4428571643573898,-2.7000000402331352,89.82857276712146,6.700000204145909,104.68
1986-12-22,9.00000013411045,1.5000000223517418,-7.500000111758709,87.44285844585725,25.699999570846558,104.7
1986-12-29,8.50000012665987,-0.45714286395481657,-7.500000111758709,90.97142992700849,52.499999046325684,104.8
1987-01-05,8.400000125169754,0.12857143048729208,-13.40000019967556,87.42857273135867,55.59999993443489,105.02
1987-01-12,2.800000041723252,-9.171428708093506,-22.100000329315662,84.5285726881453,18.30000002682209,105.1
1987-01-19,-6.000000089406967,-13.371428770678383,-24.00000035762787,83.74285839072296,2.7000000029802322,105.25
1987-01-26,2.800000041723252,-2.3428571777684346,-10.500000156462193,91.0857156429972,22.100000336766243,105.39
1987-02-02,-0.1000000014901161,-7.814285830727646,-16.800000250339508,77.28571543736118,9.399999618530273,105.53
1987-02-09,7.300000108778477,0.2428571464759963,-9.100000135600569,83.60000124573708,10.400000222027302,105.57
1987-02-16,7.000000104308128,2.1571428892867908,-0.5000000074505806,91.52857279245343,8.60000017285347,105.67
1987-02-23,2.1000000312924385,-0.6571428669350488,-4.500000067055225,88.91428703921181,14.400000214576721,105.75
1987-03-02,4.500000067055225,-2.7000000402331352,-10.400000154972076,78.65714402922562,17.600000679492954,105.73
1987-03-09,0.5000000074505806,-6.485714382358959,-13.100000195205212,76.50000113993883,0.800000011920929,105.72
1987-03-16,4.700000070035458,-2.7714286127260754,-11.000000163912771,72.81428679930312,1.7000000029802322,105.7
1987-03-23,8.400000125169754,2.2000000327825546,-2.600000038743019,78.54285831323692,7.5,105.67
1987-03-30,12.500000186264517,6.571428669350488,0.2000000029802322,80.0000011920929,2.8000000715255737,106.04
1987-04-06,13.100000195205212,6.571428669350488,-1.700000025331974,80.44285834154913,7.3000000193715096,106.39
1987-04-13,18.6000002771616,9.628571572048324,1.80000002682209,74.47142968113933,27.5,106.45
1987-04-20,19.60000029206276,9.857143004025732,3.700000055134296,74.08571538967746,2.300000011920929,106.43
1987-04-27,21.1000003144145,10.114285865000316,1.0000000149011612,70.00000104308128,2.799999952316284,106.565
1987-05-04,25.600000381469727,13.571428773658615,2.0000000298023224,67.2428581448538,27.799999430775646,106.7
1987-05-11,23.300000347197056,9.642857286546912,1.80000002682209,77.57142972733293,6.400000102818012,106.65
1987-05-18,17.00000025331974,10.242857295487608,3.200000047683716,71.78571535540479,0.700000025331974,106.45
1987-05-25,19.30000028759241,10.428571583969253,4.500000067055225,77.30000115185976,15.100000120699406,106.32
1987-06-01,23.300000347197056,12.414285899272986,4.500000067055225,77.35714400985411,12.89999983459711,106.3
1987-06-08,22.800000339746475,14.614285932055541,9.400000140070915,80.2428583385689,15.999999977648258,106.27
1987-06-15,24.300000362098217,15.085714510508947,7.500000111758709,79.08571546418327,32.20000000298023,106.25
1987-06-22,21.300000317394733,13.54285734466144,8.00000011920929,76.71428685741765,4.500000037252903,106.17
1987-06-29,29.60000044107437,16.957143109823978,8.900000132620335,79.08571546418327,16.600000001490116,106.17
1987-07-06,31.80000047385693,20.157143157507694,8.900000132620335,71.02857248697963,2.0000000298023224,106.15
1987-07-13,28.700000427663326,18.400000274181366,11.500000171363354,69.77142961110387,11.000000216066837,106.13
1987-07-20,28.300000421702865,19.51428600507123,7.900000117719173,75.18571540606874,79.09999895095825,106.1
1987-07-27,25.50000037997961,16.457143102373397,9.600000143051147,79.92857261959996,18.800000309944153,106.075
1987-08-03,23.80000035464764,15.142857368503298,10.600000157952309,83.72857267622437,44.000000193715096,106.05
1987-08-10,22.800000339746475,13.357143056179796,5.900000087916851,79.8857154761042,17.50000035762787,105.9
1987-08-17,26.80000039935112,16.085714525410108,7.000000104308128,80.04285833558866,16.90000009536743,105.75
1987-08-24,27.80000041425228,19.571428863065584,12.300000183284284,77.80000115931034,5.600000195205212,105.73
1987-08-31,26.700000397861004,16.2142859558974,11.10000016540289,80.64285834452936,2.900000013411045,105.64
1987-09-07,26.100000388920307,16.457143102373397,6.70000009983778,81.45714407094887,10.800000049173832,105.58
1987-09-14,25.80000038444996,16.400000244379044,9.00000013411045,78.37142973925386,6.299999810755253,105.5
1987-09-21,24.50000036507845,16.242857384894574,9.00000013411045,81.64285835943052,5.5,105.42
1987-09-28,27.3000004068017,13.271428769188267,5.700000084936619,83.40000124275684,18.39999957382679,105.4
1987-10-05,16.800000250339508,8.757142987634454,0.800000011920929,78.17142973627362,0.0,105.32
1987-10-12,21.60000032186508,13.671428775148732,7.000000104308128,72.31428679185254,0.5,105.25
1987-10-19,21.300000317394733,11.257143024887357,4.500000067055225,82.94285837880203,25.50000039488077,105.2
1987-10-26,15.300000227987766,9.08571442110198,3.400000050663948,88.8142870377217,1.9999999552965164,105.18
1987-11-02,11.000000163912771,6.528571525854724,0.5000000074505806,73.35714395024947,4.5000001192092896,105.16
1987-11-09,9.00000013411045,5.485714367457798,0.5000000074505806,88.98571561170476,0.0,105.1
1987-11-16,11.60000017285347,6.500000096857548,-0.2000000029802322,79.94285833409855,4.700000002980232,105.07
1987-11-23,11.000000163912771,6.400000095367432,2.500000037252903,92.44285852036306,36.900000527501106,105.08
1987-11-30,11.400000169873238,3.2428571911794797,-1.0000000149011612,89.64285847863981,4.799999967217445,105.09
1987-12-07,3.700000055134296,-0.042857143495763986,-3.700000055134296,88.30000131577253,1.200000025331974,105.09
1987-12-14,4.000000059604645,-3.31428576367242,-12.000000178813934,87.91428702431065,0.6000000014901161,105.1
1987-12-21,14.000000208616257,5.200000077486038,-4.200000062584877,90.92857278351273,47.30000019073486,105.09
1987-12-28,10.600000157952309,5.32857150797333,-0.5000000074505806,84.74285840562412,3.100000023841858,105.22
1988-01-04,13.600000202655792,8.700000129640102,2.7000000402331352,76.68571542842048,5.499999940395355,105.35
1988-01-11,14.500000216066836,5.128571504993098,-0.9000000134110451,78.78571545971292,8.199999809265137,105.6
1988-01-18,4.700000070035458,0.9285714424082211,-2.500000037252903,87.18571558488267,3.399999976158142,105.57
1988-01-25,6.200000092387199,2.1000000312924385,-1.100000016391277,87.88571559531348,10.00000011920929,105.5
1988-02-01,9.900000147521496,4.842857215021338,0.2000000029802322,81.3000012114644,5.799999959766865,105.47
1988-02-08,12.000000178813934,5.814285800925323,0.4000000059604645,75.2285725495645,3.4000000059604645,105.5
1988-02-15,7.800000116229057,2.542857180748667,-2.800000041723252,81.02857263599124,8.499999888241291,105.56
1988-02-22,6.500000096857548,2.2285714617797305,-6.500000096857548,84.68571554762977,15.500000096857548,105.55
1988-02-29,4.400000065565109,0.7428571539265768,-1.600000023841858,92.52857280735459,23.900000274181366,105.56
1988-03-07,5.900000087916851,0.6000000089406966,-3.700000055134296,83.95714410820177,8.899999812245369,105.59
1988-03-14,4.90000007301569,0.6714285814336368,-5.500000081956387,84.07142982419047,11.19999996572733,105.6
1988-03-21,9.3000001385808,3.500000052154064,-4.90000007301569,80.18571548057454,12.999999940395355,105.64
1988-03-28,12.000000178813934,5.471428652959211,2.200000032782554,86.00000128149986,22.599999368190765,105.84
1988-04-04,14.900000222027302,7.12857153479542,0.5000000074505806,75.92857255999532,2.8000000715255737,106.04
1988-04-11,19.60000029206276,8.00000011920929,-1.3000000193715096,72.40000107884407,1.5999999642372131,106.65
1988-04-18,21.800000324845318,9.00000013411045,-1.600000023841858,57.228572281343595,1.0,106.63
1988-04-25,23.80000035464764,8.757142987634454,-4.500000067055225,65.77142955149922,2.1999999806284904,106.35
1988-05-02,23.600000351667404,12.385714470275811,-2.200000032782554,57.80000086128712,6.599999904632568,106.4
1988-05-09,22.800000339746475,14.014285923114844,5.200000077486038,65.95714383998087,7.599999904632568,106.43
1988-05-16,26.100000388920307,15.900000236928463,2.200000032782554,53.071429362254484,0.0,106.45
1988-05-23,21.800000324845318,11.328571597380298,3.700000055134296,76.92857257489648,6.700000047683716,106.29
1988-05-30,27.80000041425228,18.17142884220396,5.500000081956387,66.7571438519018,8.200000047683716,106.15
1988-06-06,22.500000335276127,14.885714507528714,9.500000141561031,75.5714296975306,40.80000030994415,105.78
1988-06-13,22.000000327825543,15.77142880644117,7.200000107288361,82.5000012293458,7.199999988079071,105.7
1988-06-20,24.600000366568565,17.12857168380703,9.100000135600569,65.18571525705713,0.0,105.64
1988-06-27,21.800000324845318,15.142857368503298,9.900000147521496,85.18571555508035,18.299999609589577,105.595
1988-07-04,28.000000417232517,19.242857429598057,11.30000016838312,74.67142968411956,16.600000262260437,105.55
1988-07-11,31.300000466406345,19.042857426617825,10.500000156462193,70.35714390554598,18.100000202655792,105.45
1988-07-18,24.8000003695488,16.942857395325387,10.30000015348196,75.4571439815419,17.000000298023224,105.35
1988-07-25,33.20000049471855,21.11428602891309,11.500000171363354,71.74285821190902,23.700000382959843,105.3
1988-08-01,29.300000436604023,18.828571709139005,10.500000156462193,66.90000099688768,11.299999713897705,105.2
1988-08-08,27.3000004068017,17.057143111314094,7.900000117719173,72.957143944289,9.5,105.15
1988-08-15,31.500000469386578,21.74285746685096,10.30000015348196,65.60000097751617,1.0,105.11
1988-08-22,29.300000436604023,18.30000027269125,9.500000141561031,66.20000098645687,2.899999976158142,105.05
1988-08-29,25.300000376999375,15.77142880644117,9.400000140070915,76.31428685145718,14.899999737739563,105.0
1988-09-05,25.80000038444996,16.07142881091152,9.100000135600569,76.22857256446567,26.500000193715096,104.97
1988-09-12,23.600000351667404,14.34285735658237,5.000000074505806,76.34285828045437,2.5000000596046448,105.0
1988-09-19,18.100000269711018,12.657143045748983,6.500000096857548,79.85714404710701,1.0000000149011612,105.06
1988-09-26,21.1000003144145,14.000000208616257,10.100000150501728,77.78571544481176,9.19999996572733,105.055
1988-10-03,25.80000038444996,13.1142859097038,2.600000038743019,73.685715383717,2.6999999284744263,105.05
1988-10-10,18.80000028014183,11.828571604830879,6.200000092387199,71.82857249890056,3.399999976158142,105.01
1988-10-17,19.30000028759241,12.271428754287106,2.800000041723252,89.67142990763698,3.899999901652336,104.98
1988-10-24,14.000000208616257,10.44285729846784,7.400000110268593,86.0857155684914,3.700000077486038,104.95
1988-10-31,15.300000227987766,5.285714364477566,-1.80000002682209,75.8285725585052,0.7000000104308128,104.92
1988-11-07,9.400000140070915,2.3142857487712587,-4.700000070035458,80.88571549100536,6.700000122189522,104.88
1988-11-14,9.500000141561031,4.071428632097585,-1.600000023841858,81.5428583579404,20.299999475479126,104.87
1988-11-21,10.000000149011612,3.371428621666772,-3.6000000536441803,89.94285848311016,11.00000011920929,104.88
1988-11-28,7.000000104308128,2.3285714632698467,-7.400000110268593,88.07142988379512,7.500000178813934,104.9
1988-12-05,7.300000108778477,0.7000000104308128,-4.500000067055225,85.0000012665987,28.799999572336674,104.9
1988-12-12,9.400000140070915,4.271428635077817,-1.5000000223517418,88.65714417823723,23.79999965429306,104.88
1988-12-19,6.200000092387199,1.1714285888842173,-3.700000055134296,88.37142988826547,36.900000028312206,105.26
1988-12-26,9.400000140070915,4.942857216511454,-6.000000089406967,83.74285839072296,10.900000102818012,105.33
1989-01-02,10.900000162422655,5.100000075995922,0.6000000089406967,88.50000131875277,1.900000050663948,105.4
1989-01-09,10.30000015348196,3.342857192669596,-2.0000000298023224,88.2285727432796,13.200000002980232,105.47
1989-01-16,11.400000169873238,5.100000075995922,-1.100000016391277,80.80000120401382,6.4000000804662704,105.5
1989-01-23,7.400000110268593,2.714285754731723,-2.600000038743019,83.28571552676814,0.2000000029802322,105.55
1989-01-30,6.900000102818012,-0.10000000149011605,-4.000000059604645,83.2142869542752,0.0,105.7
1989-02-06,8.900000132620335,3.1285714751907756,-2.3000000342726707,85.6000012755394,2.500000096857548,105.72
1989-02-13,11.000000163912771,3.5571429101484164,-0.800000011920929,81.87142979140792,5.100000023841858,105.71
1989-02-20,13.100000195205212,5.300000078976154,-0.9000000134110451,80.31428691106183,8.700000047683716,105.73
1989-02-27,13.100000195205212,5.171428648488862,-2.1000000312924385,79.37142975415502,5.599999912083149,105.74
1989-03-06,15.900000236928465,6.728571528834956,2.200000032782554,78.50000116974115,2.600000038743019,105.72
1989-03-13,15.900000236928465,7.3571429667728285,1.80000002682209,75.74285827151367,6.8000001311302185,105.73
1989-03-20,14.40000021457672,6.77142867233072,-1.100000016391277,72.45714393683842,4.000000059604645,105.71
1989-03-27,17.600000262260437,6.800000101327896,0.2000000029802322,71.37142963494573,11.49999988079071,105.68
1989-04-03,22.100000329315662,7.757142972733293,-3.200000047683716,69.78571532560247,1.5,105.65
1989-04-10,15.100000225007534,7.314285823277065,0.9000000134110451,76.72857257191625,6.800000011920929,105.5
1989-04-17,23.600000351667404,13.285714483686856,5.000000074505806,70.47142962153468,7.099999859929085,105.42
1989-04-24,18.50000027567148,8.542857270155634,-0.2000000029802322,75.5857154120292,17.499999776482582,105.4
1989-05-01,20.10000029951334,8.35714298167399,2.3000000342726707,77.64285829982587,28.499999418854713,105.37
1989-05-08,21.1000003144145,11.357143026377473,2.500000037252903,73.0714296602777,1.699999988079071,105.35
1989-05-15,22.30000033229589,13.514285915664264,6.000000089406967,70.44285819253751,9.300000101327896,105.32
1989-05-22,27.500000409781933,16.771428821342333,4.400000065565109,58.71428658919675,0.0,105.29
1989-05-29,26.80000039935112,18.271428843694075,6.000000089406967,54.08571509165423,0.0,105.19
1989-06-05,24.300000362098217,12.700000189244747,5.4000000804662704,76.0571439904826,29.800000220537186,105.13
1989-06-12,24.300000362098217,14.48571450156825,5.700000084936619,69.92857247058835,9.90000019967556,105.04
1989-06-19,25.100000374019142,16.91428596632821,8.00000011920929,61.48571520192282,2.399999976158142,104.96
1989-06-26,28.700000427663326,20.128571728510515,10.000000149011612,67.27142957385097,2.8999999538064003,104.93
1989-07-03,27.80000041425228,16.87142882283245,7.000000104308128,78.9285726046988,18.700000181794167,104.9
1989-07-10,31.80000047385693,22.171428901808603,13.40000019967556,68.25714387425354,8.499999761581421,104.85
1989-07-17,24.50000036507845,16.65714310535363,11.30000016838312,67.0000009983778,4.9000000059604645,104.82
1989-07-24,30.100000448524952,17.671428834753378,8.800000131130219,68.51428673522813,17.0,104.75
1989-07-31,28.200000420212746,19.000000283122063,10.600000157952309,73.200001090765,7.199999928474426,104.73
1989-08-07,27.3000004068017,15.242857369993414,8.600000128149986,74.2714296781591,12.0,104.7
1989-08-14,29.000000432133675,20.128571728510515,12.4000001847744,70.28571533305305,5.6999997943639755,104.67
1989-08-21,34.20000050961971,22.957143199230945,11.30000016838312,63.942858095679966,1.0,104.63
1989-08-28,29.200000435113907,16.771428821342333,7.000000104308128,71.75714392640761,15.499999761581421,104.62
1989-09-04,23.300000347197056,13.385714485176972,5.200000077486038,77.24285829386541,22.99999962002039,104.61
1989-09-11,24.50000036507845,15.685714519449643,7.000000104308128,76.37142970945153,0.0,104.58
1989-09-18,29.60000044107437,16.50000024586916,7.400000110268593,77.65714401432446,21.999999716877937,104.55
1989-09-25,27.3000004068017,18.700000278651714,13.800000205636024,81.62857264493194,3.800000049173832,104.51
1989-10-02,19.000000283122063,12.371428755777222,8.00000011920929,83.9285726792046,16.999999523162842,104.53
1989-10-09,19.60000029206276,8.671428700642926,1.100000016391277,83.2142869542752,11.200000301003456,104.55
1989-10-16,17.100000254809856,9.971428720014435,4.000000059604645,80.57142977203641,8.100000023841858,104.56
1989-10-23,24.8000003695488,13.385714485176972,4.000000059604645,74.62857254062381,0.4000000059604645,104.55
1989-10-30,21.1000003144145,14.100000210106373,9.600000143051147,78.12857259277787,12.800000406801702,104.62
1989-11-06,15.400000229477882,9.385714425572328,2.7000000402331352,86.24285842797586,53.999999433755875,104.63
1989-11-13,9.900000147521496,4.300000064074993,-0.9000000134110451,84.44285840115377,10.500000476837158,104.64
1989-11-20,8.50000012665987,2.1000000312924385,-3.500000052154064,75.11428683357579,1.2999999523162842,104.66
1989-11-27,4.90000007301569,-0.14285714498588017,-6.000000089406967,89.00000132620335,20.099999703466892,104.645
1989-12-04,5.500000081956387,-2.1714286037853787,-7.900000117719173,79.84285833260843,0.3000000119209289,104.63
1989-12-11,4.90000007301569,0.27142857547317234,-7.400000110268593,86.60000129044056,3.5999999791383743,104.6
1989-12-18,14.300000213086603,8.657142986144338,-0.5000000074505806,78.3142868812595,13.900000289082527,104.61
1989-12-25,14.40000021457672,8.228571551186699,2.3000000342726707,79.22857260916915,12.899999715387821,104.62
1990-01-01,3.200000047683716,-0.9428571569068092,-5.500000081956387,82.72857266132321,0.0,104.95
1990-01-08,1.5000000223517418,-2.471428608255727,-8.300000123679638,81.15714406647852,1.7000000029802322,104.94
1990-01-15,6.200000092387199,3.185714333185128,-1.100000016391277,83.9285726792046,1.6000000536441803,104.92
1990-01-22,11.10000016540289,6.614285812846252,2.3000000342726707,77.85714401730469,2.6999999582767487,104.9
1990-01-29,12.600000187754633,6.085714376398495,1.80000002682209,72.77142965580735,5.199999928474426,104.87
1990-02-05,12.500000186264517,6.100000090897083,1.700000025331974,73.78571538520711,2.4999999552965164,104.85
1990-02-12,15.600000232458116,6.142857234392848,-0.2000000029802322,69.48571532113212,1.9000000357627869,104.84
1990-02-19,16.800000250339508,4.642857212041106,0.5000000074505806,80.3571440545576,24.400000005960464,104.83
1990-02-26,19.10000028461218,10.742857302938189,0.800000011920929,67.01428671287638,4.199999958276749,104.9
1990-03-05,10.000000149011612,4.057142917598997,-0.2000000029802322,78.94285831919738,12.700000047683716,104.93
1990-03-12,17.80000026524067,9.128571564597744,2.7000000402331352,72.27142964835677,8.7999999076128,105.23
1990-03-19,21.60000032186508,9.057142992104803,0.800000011920929,64.9714295395783,1.0,105.21
1990-03-26,19.60000029206276,9.185714422592095,3.500000052154064,72.90000108629465,4.900000110268593,105.215
1990-04-02,22.500000335276127,8.800000131130219,1.700000025331974,75.64285827002355,2.4999999925494194,105.22
1990-04-09,20.30000030249357,5.571428654449327,-3.200000047683716,66.35714384594134,3.100000023841858,105.23
1990-04-16,18.80000028014183,7.342857252274241,-3.9000000581145287,70.8285724839994,7.200000166893006,105.25
1990-04-23,18.80000028014183,9.885714433022908,0.800000011920929,76.61428685592753,19.099999621510506,105.23
1990-04-30,17.30000025779009,8.957142990614686,3.200000047683716,81.88571550590652,26.099999666213993,105.05
1990-05-07,27.3000004068017,15.885714522429875,5.500000081956387,60.57142947401319,0.0,105.07
1990-05-14,25.300000376999375,15.685714519449643,8.300000123679638,69.60000103712082,7.599999904632568,104.95
1990-05-21,23.600000351667404,13.800000205636024,3.400000050663948,65.12857239906278,3.6000001132488255,104.93
1990-05-28,25.300000376999375,13.742857347641673,2.800000041723252,57.528572285813944,0.1000000014901161,104.88
1990-06-04,25.80000038444996,14.685714504548482,2.3000000342726707,63.82857237969126,18.8999994546175,104.83
1990-06-11,21.800000324845318,14.25714306959084,7.000000104308128,78.5571440277355,21.89999943971634,104.79
1990-06-18,26.50000039488077,16.400000244379044,9.500000141561031,71.04285820147821,0.1000000014901161,104.71
1990-06-25,29.200000435113907,17.528571689767496,10.500000156462193,72.18571536136525,27.99999989569187,104.68
1990-07-02,28.80000042915344,20.828571738941328,10.80000016093254,67.51428672032696,6.8000001311302185,104.61
1990-07-09,22.100000329315662,15.828571664435524,10.80000016093254,72.3571439353483,11.50000013411045,104.58
1990-07-16,27.500000409781933,16.65714310535363,8.00000011920929,64.75714382209948,4.900000095367432,104.52
1990-07-23,27.60000041127205,17.100000254809856,9.3000001385808,67.7142867233072,0.4000000059604645,104.47
1990-07-30,33.70000050216913,19.985714583524636,10.500000156462193,61.77142949189459,0.0,104.41
1990-08-06,35.60000053048134,22.371428904788836,12.000000178813934,52.60000078380108,5.800000190734863,104.37
1990-08-13,33.20000049471855,18.914285996130534,8.300000123679638,63.314286657742095,7.700000196695329,104.33
1990-08-20,29.60000044107437,17.942857410226548,9.900000147521496,72.87142965729747,16.000000149011612,104.3
1990-08-27,29.300000436604023,17.30000025779009,8.100000120699406,73.01428680228335,13.900000214576721,104.295
1990-09-03,32.00000047683716,19.30000028759241,12.10000018030405,67.8428581537945,12.799999929964542,104.29
1990-09-10,19.60000029206276,13.142857338700976,9.600000143051147,81.82857264791217,17.90000021457672,104.28
1990-09-17,18.30000027269125,12.24285732528993,3.700000055134296,80.0000011920929,9.500000029802322,104.23
1990-09-24,19.80000029504299,11.571428743856293,7.700000114738941,73.3285725212523,5.900000035762787,104.24
1990-10-01,23.300000347197056,12.571428758757454,5.500000081956387,73.78571538520711,3.699999988079071,104.23
1990-10-08,19.80000029504299,12.528571615261692,6.500000096857548,76.5428582834346,5.199999928474426,104.26
1990-10-15,23.300000347197056,12.54285732976028,5.000000074505806,74.65714396962098,0.0,104.25
1990-10-22,21.800000324845318,11.214285881391593,-1.5000000223517418,75.98571541798967,7.400000095367432,104.24
1990-10-29,12.10000018030405,6.614285812846252,0.5000000074505806,70.95714391448668,8.699999809265137,104.23
1990-11-05,12.500000186264517,6.34285723737308,1.3000000193715096,81.6571440739291,13.999999858438969,104.26
1990-11-12,9.500000141561031,5.157142933990274,-0.2000000029802322,85.14285841158458,1.9999999776482582,104.27
1990-11-19,14.40000021457672,8.228571551186699,4.500000067055225,83.1000012382865,25.700000748038292,104.27
1990-11-26,9.3000001385808,4.142857204590525,-0.9000000134110451,84.42857268665519,21.799999833106995,104.33
1990-12-03,4.700000070035458,1.3714285918644495,-3.6000000536441803,89.27142990167651,5.399999916553497,104.39
1990-12-10,5.500000081956387,-0.5428571509463447,-7.200000107288361,84.642858404134,10.199999928474426,104.47
1990-12-17,3.6000000536441803,0.3428571479661124,-2.1000000312924385,92.38571566236871,10.599999755620956,104.49
1990-12-24,5.700000084936619,1.5571428803460938,-2.200000032782554,85.17142984058175,1.900000013411045,104.52
1990-12-31,12.500000186264517,3.7714286276272366,-2.7000000402331352,77.3714297243527,4.39999994635582,104.51
1991-01-07,12.800000190734863,5.942857231412615,1.80000002682209,78.37142973925386,8.100000023841858,104.59
1991-01-14,16.300000242888927,5.4000000804662704,-5.700000084936619,74.68571539861816,2.500000014901161,104.63
1991-01-21,8.50000012665987,-1.0428571583969253,-9.3000001385808,69.95714389958552,1.2000000476837158,104.77
1991-01-28,3.500000052154064,0.9857143004025731,-1.100000016391277,90.14285848609039,1.2000000402331352,104.745
1991-02-04,2.1000000312924385,-4.500000067055225,-12.500000186264517,68.15714387276343,0.4000000059604645,104.72
1991-02-11,3.500000052154064,-5.814285800925323,-17.50000026077032,76.98571543289083,4.999999925494194,104.68
1991-02-18,2.800000041723252,-2.9428571867091313,-8.600000128149986,82.2571440828698,4.700000032782555,104.63
1991-02-25,12.300000183284284,2.9714286157063077,-7.500000111758709,80.04285833558866,0.5,104.55
1991-03-04,11.60000017285347,2.457142893757139,-3.9000000581145287,76.68571542842048,0.0,104.55
1991-03-11,13.800000205636024,7.514285826257297,2.500000037252903,79.35714403965643,0.0,104.5
1991-03-18,17.30000025779009,9.357142996575151,2.0000000298023224,76.62857257042613,1.2000000476837158,104.52
1991-03-25,19.10000028461218,8.657142986144338,3.700000055134296,80.98571549249547,7.800000123679638,104.52
1991-04-01,11.60000017285347,4.185714348086289,-1.80000002682209,71.84285821339914,5.399999976158142,104.58
1991-04-08,20.10000029951334,10.357143011476312,5.000000074505806,71.80000106990337,5.199999958276749,104.59
1991-04-15,20.60000030696392,10.685714444943837,0.1000000014901161,63.67142952020679,0.0,104.62
1991-04-22,10.500000156462193,2.8142857562218393,-4.000000059604645,77.20000115036964,11.69999972730875,104.59
1991-04-29,16.600000247359276,6.657142956342016,-1.100000016391277,82.84285837731191,9.899999737739563,104.55
1991-05-06,13.100000195205212,7.842857259724822,2.0000000298023224,78.78571545971292,6.0000001564621925,104.49
1991-05-13,19.30000028759241,10.071428721504551,0.1000000014901161,75.31428683655602,29.300000190734863,104.49
1991-05-20,18.30000027269125,9.414285854569503,2.500000037252903,72.04285821637937,9.900000154972076,104.46
1991-05-27,20.60000030696392,10.057143007005964,1.3000000193715096,75.54285826853344,12.899999856948853,104.455
1991-06-03,23.80000035464764,14.014285923114844,3.6000000536441803,64.22857238565173,0.2000000029802322,104.45
1991-06-10,21.60000032186508,13.414285914174148,3.200000047683716,70.74285819700786,20.000000335276127,104.44
1991-06-17,24.300000362098217,15.91428595142705,10.000000149011612,67.1285724288651,43.00000074505806,104.38
1991-06-24,26.80000039935112,16.15714309790305,7.200000107288361,70.31428676205022,3.300000101327896,104.38
1991-07-01,27.700000412762165,16.471428816871985,9.3000001385808,73.0857153747763,10.10000039637089,104.36
1991-07-08,32.30000048130751,22.4142860482846,11.000000163912771,62.40000092983246,0.0,104.47
1991-07-15,35.200000524520874,22.171428901808603,14.500000216066836,70.71428676801068,13.799999952316284,104.41
1991-07-22,24.50000036507845,17.828571694237844,11.500000171363354,64.92857239608254,0.0,104.41
1991-07-29,29.800000444054604,18.80000028014183,8.50000012665987,66.22857241545405,11.199999570846556,104.36
1991-08-05,29.10000043362379,21.200000315904617,14.40000021457672,75.14285826257297,74.89999896287918,104.5
1991-08-12,32.80000048875809,21.385714604386262,13.90000020712614,69.72857246760812,17.599999763071537,104.73
1991-08-19,28.700000427663326,17.557143118764674,10.000000149011612,66.5142867054258,0.8000000268220901,104.73
1991-08-26,28.000000417232517,17.37142883028303,10.000000149011612,69.17142960216317,1.2000000476837158,104.68
1991-09-02,27.200000405311584,15.957143094922815,7.900000117719173,70.8285724839994,0.3000000119209289,104.63
1991-09-09,28.80000042915344,15.442857372973647,9.80000014603138,67.1142867143665,1.5,104.59
1991-09-16,27.3000004068017,15.528571659965175,2.3000000342726707,64.68571524960655,3.5999999046325684,104.52
1991-09-23,25.50000037997961,14.828571649534362,5.500000081956387,74.62857254062381,9.899999737739563,104.48
1991-09-30,25.100000374019142,15.528571659965175,8.50000012665987,71.61428678142173,4.0000001192092896,104.43
1991-10-07,22.100000329315662,12.871428763227803,4.200000062584877,67.50000100582838,3.9999998807907104,104.35
1991-10-14,23.80000035464764,14.028571637613434,6.400000095367432,73.18571537626642,1.100000023841858,104.28
1991-10-21,19.80000029504299,8.900000132620335,0.800000011920929,70.97142962898526,1.100000023841858,104.22
1991-10-28,10.000000149011612,3.7857143421258246,-2.3000000342726707,72.04285821637937,9.0,104.205
1991-11-04,13.100000195205212,4.571428639548166,-3.500000052154064,74.20000110566616,17.09999942779541,104.19
1991-11-11,13.600000202655792,6.371428666370256,1.700000025331974,76.85714400240353,19.79999953508377,104.23
1991-11-18,10.900000162422655,4.928571502012866,0.2000000029802322,81.80000121891499,11.499999716877937,104.26
1991-11-25,7.300000108778477,2.0285714587994983,-4.400000065565109,85.54285841754505,1.200000025331974,104.3
1991-12-02,8.900000132620335,3.0428571881992474,-1.5000000223517418,84.8714298361114,0.6000000238418579,104.35
1991-12-09,5.000000074505806,-0.5714285799435209,-10.900000162422655,88.07142988379512,11.399999737739563,104.39
1991-12-16,5.200000077486038,-2.485714322754315,-11.800000175833702,77.45714401134423,0.0,104.36
1991-12-23,12.10000018030405,4.142857204590525,-3.000000044703484,80.40000119805336,29.100000143051147,104.35
1991-12-30,11.800000175833702,2.500000037252903,-1.600000023841858,82.45714408585003,17.19999986886978,104.56
1992-01-06,9.600000143051147,4.3142857785735815,-3.1000000461936,77.07142971988235,14.799999594688414,104.66
1992-01-13,12.90000019222498,3.17142861868654,-5.500000081956387,81.0571440649884,1.2000000327825546,104.87
1992-01-20,6.70000009983778,2.842857185219015,-7.300000108778477,83.40000124275684,17.000000305473804,104.99
1992-01-27,3.200000047683716,-2.0428571732980862,-9.900000147521496,83.9285726792046,0.5000000074505806,105.025
1992-02-03,5.500000081956387,0.14285714498588023,-2.200000032782554,89.24285847267934,4.399999812245369,105.06
1992-02-10,8.00000011920929,3.9142857726131166,-0.2000000029802322,83.61428696023566,14.399999976158142,105.01
1992-02-17,12.500000186264517,5.32857150797333,-1.80000002682209,77.88571544630187,8.000000059604645,104.99
1992-02-24,9.500000141561031,2.0142857443009103,-4.400000065565109,82.78571551931756,13.199999988079071,105.04
1992-03-02,15.100000225007534,6.157142948891435,0.2000000029802322,72.05714393087796,0.5,105.12
1992-03-09,16.300000242888927,6.70000009983778,-0.800000011920929,70.04285818657705,9.599999621510506,105.13
1992-03-16,12.500000186264517,4.200000062584877,-0.9000000134110451,73.74285824171135,25.199999570846558,105.22
1992-03-23,14.100000210106373,6.5857143838490755,-1.100000016391277,75.4571439815419,6.3999999314546585,105.25
1992-03-30,9.00000013411045,2.7714286127260754,-2.3000000342726707,82.48571551484721,18.500000089406967,105.51
1992-04-06,14.100000210106373,6.4285715243646075,-1.0000000149011612,73.24285823426077,2.5999999418854713,105.65
1992-04-13,17.50000026077032,8.314285838178225,-0.1000000014901161,60.00000089406967,0.1000000014901161,105.69
1992-04-20,17.100000254809856,7.185714392789772,-0.2000000029802322,65.18571525705713,8.00000011920929,105.63
1992-04-27,26.00000038743019,12.514285900763102,-2.0000000298023224,57.82857229028429,7.6000001430511475,105.58
1992-05-04,19.10000028461218,10.942857305918421,2.800000041723252,71.70000106841326,34.39999985694885,105.53
1992-05-11,21.800000324845318,11.81428589033229,2.7000000402331352,67.27142957385097,12.200000002980232,105.51
1992-05-18,27.000000402331352,16.257143099393165,6.000000089406967,60.52857233051743,0.0,105.46
1992-05-25,27.200000405311584,18.857143138136184,5.500000081956387,51.48571505291121,0.0,105.39
1992-06-01,27.3000004068017,17.65714312025479,7.500000111758709,52.48571506781237,0.0,105.24
1992-06-08,29.10000043362379,19.185714571603707,11.800000175833702,68.12857244376626,19.099999636411667,105.09
1992-06-15,25.600000381469727,16.985714538821153,9.80000014603138,72.04285821637937,4.799999952316284,105.01
1992-06-22,28.50000042468309,20.24285744449922,11.30000016838312,61.97142949487482,10.8000003695488,104.92
1992-06-29,29.300000436604023,20.085714585014752,10.30000015348196,52.4571436388152,1.7999999523162842,104.87
1992-07-06,32.100000478327274,20.24285744449922,13.100000195205212,71.62857249592032,80.10000216960907,104.81
1992-07-13,27.3000004068017,18.614285991660186,11.000000163912771,69.84285818359682,8.000000074505806,104.82
1992-07-20,32.20000047981739,20.428571732980863,10.600000157952309,63.71428666370256,5.700000002980232,104.79
1992-07-27,33.5000004991889,21.31428603189332,13.40000019967556,66.80000099539757,25.600000500679016,104.76
1992-08-03,33.10000049322844,21.871428897338255,10.100000150501728,62.28571521384375,12.400000095367432,104.73
1992-08-10,37.2000005543232,24.07142893012081,11.000000163912771,53.700000800192356,3.200000047683716,104.67
1992-08-17,26.200000390410423,17.08571454031127,7.400000110268593,68.60000102221966,1.0000000074505806,104.62
1992-08-24,29.700000442564487,19.742857437048638,11.000000163912771,71.24285820445844,25.100000202655792,104.58
1992-08-31,33.80000050365925,21.600000321865082,14.600000217556952,68.22857244525638,20.799999475479126,104.53
1992-09-07,21.1000003144145,13.357143056179796,6.800000101327896,75.14285826257297,12.599999874830246,104.49
1992-09-14,25.100000374019142,14.728571648044246,6.400000095367432,74.45714396664074,3.600000001490116,104.44
1992-09-21,22.800000339746475,13.842857349131789,4.200000062584877,69.41428674863917,0.0,104.42
1992-09-28,25.00000037252903,16.20000024139881,9.900000147521496,69.40000103414059,17.0,104.38
1992-10-05,18.80000028014183,11.414285884371825,3.700000055134296,77.77142973031316,5.100000098347664,104.36
1992-10-12,20.500000305473804,9.171428708093506,0.2000000029802322,82.44285837135145,4.799999959766865,104.34
1992-10-19,13.100000195205212,5.228571506483214,-3.1000000461936,70.88571534199374,0.6000000238418579,104.33
1992-10-26,13.800000205636024,5.800000086426735,1.0000000149011612,78.42857259724822,20.60000029951334,104.345
1992-11-02,11.60000017285347,4.285714349576405,-4.000000059604645,80.85714406200817,8.199999809265137,104.36
1992-11-09,15.300000227987766,7.300000108778477,-2.500000037252903,79.38571546865361,1.9000000059604645,104.38
1992-11-16,11.60000017285347,4.757142928029809,0.1000000014901161,81.21428692447287,8.899999856948853,104.38
1992-11-23,9.600000143051147,4.271428635077817,0.5000000074505806,80.75714406051806,11.000000387430191,104.38
1992-11-30,14.900000222027302,5.2428572209818025,-1.600000023841858,80.3571440545576,5.800000011920929,104.43
1992-12-07,11.10000016540289,4.300000064074993,-2.0000000298023224,79.38571546865361,1.2000000178813934,104.53
1992-12-14,8.00000011920929,3.5857143391455923,1.100000016391277,85.25714412757328,17.299999862909317,104.61
1992-12-21,7.500000111758709,1.9571428863065583,-0.2000000029802322,86.30000128597021,5.6999999061226845,104.68
1992-12-28,3.9000000581145287,-2.6857143257345473,-9.00000013411045,81.21428692447287,0.0,104.7
1993-01-04,0.5000000074505806,-6.9428572463137765,-14.600000217556952,78.11428687827927,0.0,104.72
1993-01-11,12.90000019222498,4.871428644018514,-6.000000089406967,76.62857257042613,18.299999952316284,104.69
1993-01-18,15.400000229477882,7.157142963792596,-0.6000000089406967,68.37142959024224,6.699999958276749,104.69
1993-01-25,13.300000198185444,6.98571438980954,-0.5000000074505806,72.27142964835677,13.30000039935112,104.76
1993-02-01,3.1000000461936,-2.8000000417232513,-10.80000016093254,78.15714402177504,5.799999810755253,104.88
1993-02-08,6.000000089406967,-0.3285714334675244,-8.900000132620335,80.10000119358301,4.099999904632568,104.92
1993-02-15,6.000000089406967,0.057142857994352134,-4.200000062584877,83.18571552527803,0.0,104.9
1993-02-22,5.500000081956387,0.9857143004025731,-6.900000102818012,78.54285831323692,18.19999995827675,104.86
1993-03-01,6.900000102818012,-1.2000000178813934,-6.70000009983778,78.6857154582228,9.19999984651804,104.85
1993-03-08,6.000000089406967,-0.9285714424082211,-9.00000013411045,76.81428685890776,1.5000000596046448,104.81
1993-03-15,15.800000235438349,5.18571436298745,-6.000000089406967,72.22857250486102,1.0,104.8
1993-03-22,18.100000269711018,9.957143005515848,0.1000000014901161,66.34285813144275,6.5999999940395355,104.9
1993-03-29,11.500000171363354,2.500000037252903,-1.80000002682209,71.77142964090619,4.5,105.17
1993-04-05,15.900000236928465,5.971428660409791,-2.7000000402331352,67.7285724378058,2.5,105.25
1993-04-12,12.90000019222498,5.771428657429559,-2.600000038743019,70.9428581999881,11.000000178813934,105.25
1993-04-19,18.30000027269125,10.028571578008789,1.0000000149011612,64.58571524811643,11.000000238418579,105.21
1993-04-26,27.000000402331352,17.21428597079856,3.500000052154064,52.85714364477566,0.0,105.185
1993-05-03,27.200000405311584,17.814285979739257,8.400000125169754,50.80000075697899,0.0,105.16
1993-05-10,26.700000397861004,13.857143063630376,3.1000000461936,65.08571525556701,0.400000013411045,105.13
1993-05-17,26.700000397861004,17.15714311280421,4.500000067055225,54.58571509910481,1.2999999821186066,105.0
1993-05-24,30.800000458955765,17.400000259280205,10.000000149011612,65.9142866964851,35.10000002384186,105.0
1993-05-31,27.000000402331352,16.728571677846567,8.600000128149986,67.94285815528461,22.40000009536743,104.87
1993-06-07,27.3000004068017,18.400000274181366,9.500000141561031,65.38571526003736,12.899999618530273,104.81
1993-06-14,30.300000451505184,18.15714312770537,10.500000156462193,67.70000100880861,19.200000017881393,104.71
1993-06-21,26.30000039190054,15.92857166592564,7.200000107288361,69.68571532411235,15.5,104.67
1993-06-28,23.300000347197056,13.671428775148732,7.200000107288361,72.58571536732572,18.100000001490116,104.62
1993-07-05,28.80000042915344,18.87142885263477,6.200000092387199,63.942858095679966,36.400001525878906,104.6
1993-07-12,27.3000004068017,14.971428794520241,9.500000141561031,71.81428678440196,34.39999998360872,104.6
1993-07-19,25.50000037997961,17.257143114294326,9.400000140070915,75.18571540606874,19.400000110268593,104.6
1993-07-26,25.100000374019142,16.514285960367747,11.000000163912771,71.28571534795421,11.199999630451202,104.615
1993-08-02,29.000000432133675,18.72857170764889,10.500000156462193,72.32857250635114,16.09999990463257,104.63
1993-08-09,30.300000451505184,18.971428854124888,10.500000156462193,72.82857251380172,17.299999862909317,104.61
1993-08-16,31.100000463426117,19.400000289082527,7.800000116229057,66.72857242290463,12.5,104.56
1993-08-23,24.600000366568565,16.514285960367747,7.700000114738941,70.44285819253751,6.300000004470348,104.49
1993-08-30,19.500000290572643,13.214285911193915,6.000000089406967,71.87142964239631,10.699999570846558,104.39
1993-09-06,17.100000254809856,11.514285885861941,6.200000092387199,87.34285844436714,35.49999952316284,104.31
1993-09-13,24.00000035762787,14.62857164655413,5.000000074505806,81.70000121742487,16.10000017285347,104.26
1993-09-20,19.60000029206276,12.057143036808286,2.0000000298023224,73.41428680824382,4.5,104.24
1993-09-27,23.500000350177288,15.842857378934111,7.300000108778477,75.05714397558144,0.0,104.275
1993-10-04,19.30000028759241,10.971428734915596,1.3000000193715096,72.14285821786949,0.0,104.31
1993-10-11,21.800000324845318,13.271428769188267,5.700000084936619,77.92857258979764,11.899999640882015,104.36
1993-10-18,21.300000317394733,9.671428715544087,-3.6000000536441803,73.15714394726923,0.6000000238418579,104.38
1993-10-25,11.000000163912771,4.8571429295199255,-4.200000062584877,85.20000126957893,27.700000762939453,104.43
1993-11-01,10.30000015348196,4.228571491582053,-0.5000000074505806,82.68571551782745,0.0,104.53
1993-11-08,8.50000012665987,4.642857212041106,-1.3000000193715096,91.74285850993225,12.700000286102295,104.6
1993-11-15,8.100000120699406,4.514285781553814,0.800000011920929,84.84285840711424,17.79999941587448,104.64
1993-11-22,2.1000000312924385,-2.6571428967373714,-8.50000012665987,82.0285726508924,10.19999998062849,104.71
1993-11-29,1.100000016391277,-4.357142922069345,-10.100000150501728,83.50000124424696,1.899999976158142,104.64
1993-12-06,10.80000016093254,3.071428617196424,-13.100000195205212,77.90000116080046,1.5,104.64
1993-12-13,10.30000015348196,4.785714357026985,0.0,74.88571540159839,31.5000002682209,104.69
1993-12-20,14.600000217556952,5.428571509463446,0.2000000029802322,75.92857255999532,14.800000198185444,104.78
1993-12-27,6.200000092387199,2.257142890776907,-0.5000000074505806,80.30000119656324,19.099999606609344,105.095
1994-01-03,12.10000018030405,3.300000049173832,-4.000000059604645,77.64285829982587,23.800000481307507,105.41
1994-01-10,8.600000128149986,5.18571436298745,0.6000000089406967,79.7571440456169,1.1000000014901161,105.58
1994-01-17,13.800000205636024,4.157142919089113,-2.800000041723252,77.64285829982587,5.599999971687794,105.68
1994-01-24,9.500000141561031,2.528571466250079,-5.200000077486038,73.37142966474805,4.3999998942017555,105.73
1994-01-31,10.600000157952309,4.485714352556637,0.2000000029802322,77.10000114887953,20.699999809265137,105.73
1994-02-07,7.000000104308128,2.4428571792585507,-1.600000023841858,78.75714403071574,2.2999999672174454,105.77
1994-02-14,5.700000084936619,-1.8714285993150301,-12.600000187754633,78.9285726046988,8.099999859929085,105.74
1994-02-21,2.7000000402331352,-4.385714351066521,-10.600000157952309,63.27142951424633,1.2000000476837158,105.7
1994-02-28,13.000000193715096,2.8000000417232513,-7.500000111758709,82.90000123530626,9.599999845027924,105.67
1994-03-07,11.60000017285347,5.728571513933795,-1.600000023841858,74.38571539414781,17.000000178813934,105.65
1994-03-14,16.600000247359276,8.414285839668342,-0.800000011920929,71.52857249443021,14.299999713897705,105.64
1994-03-21,11.000000163912771,3.971428630607469,-0.5000000074505806,78.41428688274962,45.200000643730164,105.72
1994-03-28,14.800000220537186,7.414285824767181,-2.1000000312924385,69.8571438980954,14.900000169873238,105.845
1994-04-04,20.10000029951334,9.314285853079387,0.2000000029802322,68.22857244525638,6.400000065565109,105.97
1994-04-11,12.4000001847744,5.18571436298745,-0.6000000089406967,70.55714390852621,11.299999952316284,106.0
1994-04-18,11.800000175833702,6.442857238863196,0.9000000134110451,80.75714406051806,41.3000009059906,105.95
1994-04-25,22.000000327825543,12.68571447474616,-0.2000000029802322,55.71428654449327,0.0,106.05
1994-05-02,25.100000374019142,13.171428767698151,5.900000087916851,70.98571534348386,2.7999999076128006,106.08
1994-05-09,21.800000324845318,12.742857332740511,0.9000000134110451,58.75714373269251,7.400000095367432,106.03
1994-05-16,23.80000035464764,15.385714514979295,6.70000009983778,61.72857234839882,2.8000001013278966,105.9
1994-05-23,24.600000366568565,14.400000214576721,7.000000104308128,74.85714397260121,39.199999786913395,105.69
1994-05-30,22.100000329315662,13.342857341681208,5.4000000804662704,72.58571536732572,31.499999910593033,105.49
1994-06-06,26.200000390410423,14.742857362542834,4.000000059604645,65.17142954255853,15.600000098347664,105.33
1994-06-13,25.700000382959843,14.771428791540009,7.000000104308128,71.8857153568949,2.600000061094761,105.18
1994-06-20,26.00000038743019,15.485714516469411,8.00000011920929,67.44285814783403,6.600000001490116,105.02
1994-06-27,32.00000047683716,20.614286021462508,6.500000096857548,57.457143713321,0.0,104.915
1994-07-04,33.80000050365925,23.028571771723882,9.900000147521496,59.085715166160035,0.4000000059604645,104.81
1994-07-11,29.300000436604023,19.185714571603707,11.500000171363354,73.87142967219863,28.100000202655792,104.66
1994-07-18,33.10000049322844,22.842857483242238,14.000000208616257,66.5285724199244,16.49999964237213,104.53
1994-07-25,33.600000500679016,22.7714289107493,12.10000018030405,54.22857223664011,2.5,104.45
1994-08-01,38.20000056922436,26.95714325883559,17.100000254809856,52.24285792133638,0.0,104.36
1994-08-08,35.60000053048134,23.35714320519141,14.100000210106373,63.88571523768561,8.099999964237213,104.28
1994-08-15,29.800000444054604,18.042857411716664,11.000000163912771,73.00000108778477,51.60000019520521,104.24
1994-08-22,27.000000402331352,16.71428596334798,9.600000143051147,70.05714390107563,26.40000069141388,104.22
1994-08-29,24.50000036507845,16.814285964838096,11.000000163912771,80.30000119656324,39.39999905228615,104.21
1994-09-05,25.50000037997961,16.5714288183621,9.00000013411045,77.44285829684564,28.59999942779541,104.24
1994-09-12,23.100000344216824,15.371428800480706,9.00000013411045,74.58571539712804,19.200000196695328,104.27
1994-09-19,20.30000030249357,13.171428767698151,8.00000011920929,77.88571544630187,3.2999999672174454,104.29
1994-09-26,23.600000351667404,13.528571630162853,5.000000074505806,83.20000123977661,1.4000000208616257,104.315
1994-10-03,20.30000030249357,13.385714485176972,7.900000117719173,80.04285833558866,12.299999713897703,104.34
1994-10-10,11.500000171363354,5.2428572209818025,-1.0000000149011612,80.15714405157736,3.4999999552965164,104.39
1994-10-17,17.30000025779009,7.200000107288361,-1.3000000193715096,83.32857267026391,0.5000000074505806,104.42
1994-10-24,14.500000216066836,7.242857250784125,-4.500000067055225,68.41428673373801,2.799999952316284,104.4
1994-10-31,17.50000026077032,10.471428727465016,4.200000062584877,76.771429715412,13.100000254809856,104.38
1994-11-07,18.100000269711018,8.971428705113274,-0.1000000014901161,72.04285821637937,0.0,104.4
1994-11-14,14.300000213086603,5.500000081956387,-0.5000000074505806,83.72857267622437,8.199999809265137,104.38
1994-11-21,14.800000220537186,8.028571548206466,3.200000047683716,81.98571550739663,15.400000050663948,104.39
1994-11-28,11.000000163912771,6.41428580986602,0.0,89.60000133514404,11.300000175833702,104.44
1994-12-05,9.00000013411045,4.071428632097585,-1.80000002682209,86.00000128149986,4.799999892711639,104.46
1994-12-12,14.100000210106373,7.200000107288361,-1.700000025331974,75.41428683804614,11.600000217556953,104.48
1994-12-19,12.90000019222498,2.3142857487712587,-3.700000055134296,80.61428691553218,13.300000011920929,104.54
1994-12-26,3.200000047683716,-0.24285714647599635,-5.000000074505806,87.64285844883749,3.299999952316284,104.62
1995-01-02,14.100000210106373,6.400000095367432,-1.600000023841858,77.52857258383717,13.29999976605177,104.7
1995-01-09,1.0000000149011612,-5.514285796454975,-12.000000178813934,86.28571557147163,3.4000000059604645,104.83
1995-01-16,4.000000059604645,0.5000000074505805,-7.800000116229057,83.97142982270036,3.800000064074993,104.89
1995-01-23,11.500000171363354,1.0000000149011612,-3.500000052154064,78.57142974223409,7.600000001490116,104.92
1995-01-30,13.100000195205212,5.085714361497334,-0.9000000134110451,77.28571543736118,16.799999982118607,105.08
1995-02-06,11.000000163912771,5.18571436298745,-2.0000000298023224,75.35714398005179,7.3999999687075615,105.43
1995-02-13,11.900000177323818,4.800000071525574,-5.000000074505806,74.30000110715628,11.999999836087227,105.64
1995-02-20,12.300000183284284,6.785714386829308,1.80000002682209,72.70000108331442,5.199999965727329,105.69
1995-02-27,18.100000269711018,4.400000065565109,-0.4000000059604645,75.74285827151367,10.500000149011612,105.7
1995-03-06,12.500000186264517,5.671428655939443,-1.3000000193715096,69.12857245866742,0.400000013411045,105.7
1995-03-13,11.60000017285347,3.52857148115124,-3.000000044703484,71.42857249294009,0.0,105.65
1995-03-20,12.4000001847744,3.5571429101484164,-4.200000062584877,74.05714396068028,4.500000052154064,105.56
1995-03-27,17.30000025779009,5.742857228432383,-1.100000016391277,67.98571529878038,13.5,105.535
1995-04-03,18.100000269711018,5.628571512443679,-4.000000059604645,75.91428684549672,10.100000098347664,105.51
1995-04-10,14.000000208616257,6.514285811356136,0.2000000029802322,74.45714396664074,15.300000205636024,105.58
1995-04-17,10.500000156462193,5.25714293548039,0.2000000029802322,87.11428701238972,31.499999821186066,105.68
1995-04-24,27.500000409781933,13.171428767698151,4.700000070035458,65.94285812548229,2.100000001490116,105.78
1995-05-01,21.000000312924385,11.128571594400066,4.500000067055225,71.42857249294009,14.000000290572645,105.9
1995-05-08,22.600000336766243,13.97142877961908,2.200000032782554,60.02857232306685,1.100000023841858,105.88
1995-05-15,13.800000205636024,8.671428700642926,1.3000000193715096,77.55714401283434,62.29999840259551,105.82
1995-05-22,18.80000028014183,11.042857307408537,1.3000000193715096,66.84285813889333,6.4000000059604645,105.89
1995-05-29,28.200000420212746,18.828571709139005,4.000000059604645,60.52857233051743,6.400000192224979,105.92
1995-06-05,21.300000317394733,14.614285932055541,7.500000111758709,83.68571553272861,61.900000154972076,105.93
1995-06-12,20.30000030249357,13.200000196695328,7.500000111758709,84.58571554613965,71.60000014305115,105.95
1995-06-19,21.60000032186508,14.34285735658237,7.500000111758709,78.05714402028492,19.89999957382679,106.13
1995-06-26,26.80000039935112,16.400000244379044,8.400000125169754,78.71428688721997,10.599999971687794,106.13
1995-07-03,27.3000004068017,20.128571728510515,9.500000141561031,62.72857236329998,9.90000019222498,106.13
1995-07-10,33.5000004991889,21.014286027422973,10.30000015348196,59.64285803160497,0.1000000014901161,106.05
1995-07-17,31.100000463426117,22.20000033080578,13.40000019967556,70.37142962004457,3.899999976158142,105.93
1995-07-24,33.600000500679016,21.085714599915914,10.000000149011612,68.01428672777755,20.30000078678131,105.79
1995-07-31,31.20000046491623,22.100000329315662,12.000000178813934,59.385715170630384,0.1000000014901161,105.58
1995-08-07,30.00000044703484,21.68571460885661,11.10000016540289,56.0285722634622,0.0,105.46
1995-08-14,32.100000478327274,20.68571459395545,9.3000001385808,52.47142935331379,16.800000190734863,105.34
1995-08-21,31.20000046491623,20.042857441518986,10.80000016093254,70.31428676205022,19.300000250339508,105.23
1995-08-28,30.300000451505184,18.614285991660186,10.100000150501728,72.87142965729747,31.399999916553497,105.21
1995-09-04,17.600000262260437,12.32857161228146,6.70000009983778,83.5714298167399,59.69999891519546,105.19
1995-09-11,24.00000035762787,16.014285952917167,8.900000132620335,72.32857250635114,0.7999999895691872,105.26
1995-09-18,22.800000339746475,15.400000229477882,8.100000120699406,79.6428583296282,2.0000000298023224,105.33
1995-09-25,20.500000305473804,13.342857341681208,7.300000108778477,84.88571555061,13.199999824166298,105.39
1995-10-02,17.80000026524067,10.257143009986196,3.200000047683716,79.61428690063101,27.19999996572733,105.45
1995-10-09,23.300000347197056,15.714285948446818,9.00000013411045,82.07142979438815,0.0,105.5
1995-10-16,22.500000335276127,13.714285918644496,7.500000111758709,86.3142870004688,0.1000000014901161,105.43
1995-10-23,16.600000247359276,9.757143002535615,-1.600000023841858,78.34285831025669,0.9999999776482582,105.35
1995-10-30,17.00000025331974,10.328571582479137,3.400000050663948,80.21428690957171,17.59999990463257,105.21
1995-11-06,11.800000175833702,3.38571433616536,-3.000000044703484,85.55714413204363,40.10000033676624,105.13
1995-11-13,8.600000128149986,4.000000059604645,-2.7000000402331352,87.10000129789114,6.099999904632568,105.14
1995-11-20,13.000000193715096,4.028571488601821,-2.7000000402331352,83.68571553272861,25.399999618530273,105.15
1995-11-27,5.200000077486038,0.0571428579943521,-5.700000084936619,83.50000124424696,0.0,105.19
1995-12-04,1.600000023841858,-0.5571428654449326,-4.700000070035458,89.61428704964263,1.2000000104308128,105.23
1995-12-11,2.3000000342726707,-1.5428571658475059,-8.50000012665987,87.42857273135867,7.200000151991844,105.25
1995-12-18,1.80000002682209,-1.1142857308898653,-4.200000062584877,87.01428701089961,4.3999999538064,105.24
1995-12-25,10.500000156462193,0.9285714424082211,-8.50000012665987,86.80000129342079,19.79999989271164,105.2
1996-01-01,0.800000011920929,-5.271428649978978,-12.300000183284284,75.78571541500943,0.1000000014901161,105.31
1996-01-08,1.700000025331974,-3.285714334675244,-9.3000001385808,83.82857267771449,0.8000000193715096,105.38
1996-01-15,6.200000092387199,1.65714288183621,-2.500000037252903,84.642858404134,0.0,105.4
1996-01-22,3.9000000581145287,-4.6000000685453415,-9.900000147521496,86.17142985548291,0.0,105.41
1996-01-29,-2.200000032782554,-8.085714406200818,-15.300000227987766,75.44285826704332,0.699999988079071,105.32
1996-02-05,0.4000000059604645,-4.914285787514278,-10.600000157952309,80.42857262705054,2.100000023841858,105.26
1996-02-12,3.200000047683716,-7.214285821786949,-18.100000269711018,74.18571539116758,0.1000000014901161,105.17
1996-02-19,5.700000084936619,0.9142857279096331,-3.200000047683716,85.27142984207187,16.600000001490116,105.11
1996-02-26,5.900000087916851,-2.1714286037853787,-9.00000013411045,76.9000011458993,1.200000025331974,105.095
1996-03-04,8.50000012665987,-0.5000000074505807,-6.500000096857548,80.1285726225802,2.8999999314546585,105.08
1996-03-11,4.000000059604645,-1.0714285873941012,-7.500000111758709,75.55714398303202,0.6000000089406967,105.03
1996-03-18,5.4000000804662704,-0.37142857696328846,-6.400000095367432,85.2428584130747,0.400000013411045,104.97
1996-03-25,11.30000016838312,4.0857143465961725,-3.9000000581145287,80.67142977352653,4.8999999538064,104.97
1996-04-01,8.800000131130219,1.1857143033828055,-5.4000000804662704,73.38571537924665,9.49999988079071,105.14
1996-04-08,16.300000242888927,4.842857215021338,-2.7000000402331352,78.95714403369597,5.199999809265137,105.31
1996-04-15,15.100000225007534,5.028571503502982,-3.500000052154064,71.72857249741044,9.799999833106995,105.35
1996-04-22,27.000000402331352,14.857143078531537,0.0,41.35714347341231,0.0,105.51
1996-04-29,27.700000412762165,13.914285921624728,5.200000077486038,63.47142951722656,10.50000011920929,105.59
1996-05-06,19.80000029504299,10.614285872450896,2.800000041723252,75.8285725585052,26.000000670552257,105.62
1996-05-13,14.000000208616257,8.657142986144338,3.9000000581145287,90.14285848609039,10.200000002980232,105.72
1996-05-20,24.00000035762787,12.842857334230628,6.500000096857548,84.17142982568059,30.899999924004078,105.84
1996-05-27,21.800000324845318,13.514285915664264,5.4000000804662704,74.17142967666898,15.599999994039536,105.915
1996-06-03,29.10000043362379,15.457143087472234,2.600000038743019,71.70000106841326,13.899999797344208,105.99
1996-06-10,32.70000048726797,21.214286030403205,8.50000012665987,65.64285812101194,3.1000000983476643,105.94
1996-06-17,29.300000436604023,16.957143109823978,7.500000111758709,67.14285814336368,7.400000095367432,105.85
1996-06-24,25.80000038444996,12.742857332740511,9.400000140070915,77.42857258234706,14.000000216066837,105.74
1996-07-01,21.800000324845318,15.042857367013182,8.50000012665987,74.54285825363228,8.3999999538064,105.55
1996-07-08,26.80000039935112,16.314285957387515,8.600000128149986,74.60000111162663,53.99999882280826,105.44
1996-07-15,26.30000039190054,16.700000248849392,9.600000143051147,78.64285831472704,15.099999666213987,105.46
1996-07-22,24.600000366568565,14.885714507528714,6.70000009983778,65.74285812250206,1.0,105.61
1996-07-29,26.80000039935112,18.21428598569972,9.400000140070915,75.11428683357579,18.09999993443489,105.58
1996-08-05,28.10000041872263,18.257143129195487,10.500000156462193,71.94285821488926,2.200000047683716,105.51
1996-08-12,27.000000402331352,18.771428851144655,10.500000156462193,70.51428676503045,33.59999918937683,105.45
1996-08-19,28.200000420212746,17.242857399795735,11.500000171363354,83.80000124871731,19.90000021457672,105.36
1996-08-26,29.200000435113907,19.771428866045817,13.100000195205212,69.22857246015754,25.80000078678131,105.35
1996-09-02,22.100000329315662,15.457143087472234,8.00000011920929,77.34285829535553,6.1999999061226845,105.34
1996-09-09,22.000000327825543,12.257143039788518,6.400000095367432,81.37142978395734,21.300000071525574,105.33
1996-09-16,16.00000023841858,10.614285872450896,5.500000081956387,83.84285839221307,10.700000144541264,105.3
1996-09-23,15.600000232458116,9.100000135600567,3.700000055134296,84.90000126510859,2.3999999910593033,105.26
1996-09-30,21.60000032186508,11.200000166893005,6.500000096857548,88.20000131428242,14.799999967217445,105.2
1996-10-07,21.000000312924385,11.228571595890182,5.700000084936619,84.22857268367495,5.799999952316284,105.15
1996-10-14,17.100000254809856,11.02857159290995,5.200000077486038,84.85714412161282,0.8999999761581421,105.11
1996-10-21,20.10000029951334,10.857143018926893,5.700000084936619,89.27142990167651,23.600000247359276,105.06
1996-10-28,15.400000229477882,8.200000122189522,0.6000000089406967,83.31428695576531,1.9999999850988388,105.12
1996-11-04,15.800000235438349,10.628571586949485,6.500000096857548,76.92857257489648,4.899999916553497,105.18
1996-11-11,16.00000023841858,8.014285833707877,0.9000000134110451,79.07142974968467,9.499999970197678,105.23
1996-11-18,12.90000019222498,5.32857150797333,0.9000000134110451,93.4571442497628,9.999999977648258,105.25
1996-11-25,7.900000117719173,1.9428571718079704,-3.400000050663948,79.10000117868185,0.3000000044703483,105.27
1996-12-02,4.200000062584877,1.1142857308898653,-1.5000000223517418,89.3000013306737,10.999999940395355,105.28
1996-12-09,8.50000012665987,1.3142857338700975,-1.80000002682209,83.47142981524978,0.1000000014901161,105.22
1996-12-16,3.700000055134296,0.42857143495764044,-8.00000011920929,88.65714417823723,8.299999870359898,105.19
1996-12-23,4.500000067055225,-4.071428632097585,-16.300000242888927,89.35714418866804,19.599999882280827,105.13
1996-12-30,-5.200000077486038,-11.514285885861941,-20.800000309944156,84.61428697513682,0.4000000059604644,105.1
1997-01-06,-5.000000074505806,-9.757143002535615,-18.30000027269125,87.68571559233325,2.1999999061226845,105.08
1997-01-13,0.1000000014901161,-4.671428641038282,-8.50000012665987,91.10000135749578,0.3000000044703483,105.07
1997-01-20,3.1000000461936,-2.6571428967373714,-8.00000011920929,87.77142987932477,6.000000059604645,105.03
1997-01-27,4.000000059604645,0.6857142959322248,-4.90000007301569,82.41428694235427,2.8000000566244125,105.06
1997-02-03,3.400000050663948,-0.10000000149011619,-7.000000104308128,84.17142982568059,2.699999988079071,105.09
1997-02-10,11.60000017285347,4.371428636567933,-0.1000000014901161,77.60000115633011,5.900000020861626,104.96
1997-02-17,12.000000178813934,3.4857143376554762,-3.500000052154064,75.48571541053909,15.699999906122684,104.95
1997-02-24,13.600000202655792,6.542857240353312,0.5000000074505806,76.01428684698683,10.0,105.15
1997-03-03,20.60000030696392,8.514285841158458,0.800000011920929,66.84285813889333,8.5,105.31
1997-03-10,15.900000236928465,6.671428670840604,-1.3000000193715096,73.27142966325793,0.6000000238418579,105.56
1997-03-17,16.100000239908695,6.371428666370256,-0.6000000089406967,80.64285834452936,9.800000160932541,105.65
1997-03-24,6.200000092387199,1.528571451348918,-3.6000000536441803,77.11428686337811,10.700000017881393,105.68
1997-03-31,13.600000202655792,6.4285715243646075,-1.700000025331974,74.01428681718451,8.000000029802322,105.71
1997-04-07,17.00000025331974,5.857142944421087,-2.500000037252903,70.35714390554598,17.299999475479126,105.75
1997-04-14,13.000000193715096,5.700000084936619,-3.400000050663948,66.60000099241734,8.299999743700027,105.8
1997-04-21,12.600000187754633,3.9285714871117046,-3.400000050663948,69.12857245866742,8.099999882280827,105.8
1997-04-28,17.600000262260437,9.142857279096331,-2.0000000298023224,66.18571527195829,6.800000071525574,105.74
1997-05-05,24.8000003695488,13.128571624202388,4.700000070035458,75.47142969604049,14.399999916553497,105.73
1997-05-12,24.50000036507845,12.67142876024757,1.700000025331974,63.742858092699734,18.400000013411045,105.68
1997-05-19,28.80000042915344,20.18571458650487,11.500000171363354,69.0142867426787,0.6000000238418579,105.63
1997-05-26,26.30000039190054,11.771428746836525,1.5000000223517418,76.64285828492471,34.6000000834465,105.56
1997-06-02,20.60000030696392,10.942857305918421,1.3000000193715096,73.51428680973393,15.700000077486038,105.49
1997-06-09,26.600000396370888,18.185714556702546,7.400000110268593,57.95714372077158,1.9000000059604645,105.4
1997-06-16,28.000000417232517,18.785714565643243,11.10000016540289,67.81428672479731,12.700000435113909,105.33
1997-06-23,22.100000329315662,14.728571648044246,8.00000011920929,73.30000109225512,21.899999529123306,105.2
1997-06-30,32.70000048726797,18.600000277161598,9.500000141561031,71.67142963941608,16.60000041127205,105.12
1997-07-07,26.100000388920307,17.985714553722314,11.000000163912771,72.92857251529183,16.69999960064888,105.15
1997-07-14,26.600000396370888,19.400000289082527,10.80000016093254,61.628572346908705,0.4000000059604644,105.14
1997-07-21,24.300000362098217,17.185714541801385,13.300000198185444,86.90000129491091,74.00000095367432,105.3
1997-07-28,28.000000417232517,18.814285994640418,13.40000019967556,75.85714398750237,29.79999971389771,105.485
1997-08-04,26.700000397861004,18.357143130685603,11.10000016540289,72.471429651337,11.099999606609344,105.67
1997-08-11,29.60000044107437,21.042857456420148,12.300000183284284,66.74285813740322,1.0,105.64
1997-08-18,31.300000466406345,21.585714607366494,12.800000190734863,62.91428665178163,0.400000013411045,105.59
1997-08-25,31.300000466406345,22.471428906278952,14.900000222027302,67.38571528983968,0.2000000029802322,105.52
1997-09-01,30.70000045746565,19.871428867535933,11.30000016838312,71.85714392789772,15.800000190734863,105.34
1997-09-08,28.000000417232517,18.628571706158773,10.900000162422655,77.35714400985411,2.90000007301569,105.26
1997-09-15,27.700000412762165,13.671428775148732,5.700000084936619,70.37142962004457,12.499999761581421,105.17
1997-09-22,23.100000344216824,12.385714470275811,1.600000023841858,70.55714390852621,0.0,105.09
1997-09-29,21.800000324845318,12.214285896292754,2.7000000402331352,73.51428680973393,0.800000011920929,104.98
1997-10-06,22.30000033229589,12.771428761737686,8.00000011920929,77.07142971988235,8.299999818205833,104.94
1997-10-13,22.500000335276127,12.957143050219331,6.500000096857548,79.21428689467055,28.40000021457672,104.96
1997-10-20,17.30000025779009,6.657142956342016,-0.1000000014901161,83.54285838774273,7.700000047683716,104.93
1997-10-27,9.3000001385808,2.742857183728899,-3.6000000536441803,76.04285827598402,4.599999912083149,104.91
1997-11-03,8.400000125169754,1.671428596334798,-5.700000084936619,81.02857263599124,0.5000000074505806,104.89
1997-11-10,17.50000026077032,6.871428673820836,-3.700000055134296,77.9571440187948,4.799999922513962,104.85
1997-11-17,11.10000016540289,5.428571509463446,1.700000025331974,87.17142987038407,21.699999250471592,104.8
1997-11-24,4.90000007301569,0.2571428609745843,-4.400000065565109,84.80000126361847,4.0,104.78
1997-12-01,8.600000128149986,3.17142861868654,0.2000000029802322,89.64285847863981,2.1999999284744263,104.74
1997-12-08,6.500000096857548,1.6142857383404459,-1.80000002682209,90.1285727715918,23.799999475479126,104.72
1997-12-15,11.500000171363354,4.485714352556637,-6.800000101327896,85.9571441380041,20.7000003606081,104.73
1997-12-22,3.000000044703484,-2.528571466250079,-12.000000178813934,84.35714411416224,4.000000052154064,104.84
1997-12-29,13.40000019967556,5.342857222471919,0.2000000029802322,82.77142980481896,5.899999961256981,104.98
1998-01-05,10.000000149011612,5.457142938460622,0.0,72.1142867888723,2.699999913573265,104.96
1998-01-12,12.600000187754633,6.671428670840604,-0.5000000074505806,76.87142971690211,5.999999858438969,104.99
1998-01-19,7.500000111758709,3.9142857726131166,-1.3000000193715096,78.77142974521432,7.800000071525574,104.99
1998-01-26,5.000000074505806,-1.600000023841858,-10.500000156462193,88.12857274178948,7.299999892711639,104.985
1998-02-02,1.80000002682209,-4.8857143585171015,-15.600000232458116,79.8714297616056,7.000000074505806,104.98
1998-02-09,7.500000111758709,1.671428596334798,-6.500000096857548,72.7285725123116,0.5,104.93
1998-02-16,14.300000213086603,10.100000150501728,0.5000000074505806,66.98571528387922,4.400000095367432,104.9
1998-02-23,14.300000213086603,6.057142947401319,1.5000000223517418,76.48571542544025,4.900000095367432,104.93
1998-03-02,10.80000016093254,6.685714385339192,0.5000000074505806,79.71428690212113,12.399999931454659,104.92
1998-03-09,18.80000028014183,6.62857152734484,-2.800000041723252,73.6714296692184,27.000000059604645,104.93
1998-03-16,8.100000120699406,2.0857143167938506,-4.400000065565109,74.57142968262944,17.50000038743019,105.0
1998-03-23,10.100000150501728,3.6000000536441803,-2.200000032782554,72.20000107586384,10.399999871850014,105.02
1998-03-30,17.00000025331974,6.62857152734484,-4.200000062584877,62.485715216823984,0.1000000014901161,105.21
1998-04-06,20.10000029951334,11.642857316349234,5.700000084936619,70.42857247803893,3.5999999195337296,105.19
1998-04-13,15.500000230968,8.042857262705054,2.200000032782554,72.85714394279888,18.59999993443489,105.16
1998-04-20,16.50000024586916,7.7428572582347055,0.5000000074505806,69.72857246760812,0.400000013411045,105.02
1998-04-27,24.100000359117985,14.228571640593666,2.200000032782554,65.34285811654159,7.700000107288361,105.045
1998-05-04,23.300000347197056,14.428571643573898,5.700000084936619,68.51428673522813,7.699999958276749,105.07
1998-05-11,28.80000042915344,16.64285739085504,5.000000074505806,60.771429476993426,0.2000000029802322,105.0
1998-05-18,30.200000450015068,15.085714510508947,3.400000050663948,60.17142946805273,1.0000000149011612,104.93
1998-05-25,23.600000351667404,12.185714467295579,5.200000077486038,68.95714388468436,8.399999842047691,104.85
1998-06-01,29.800000444054604,18.271428843694075,9.00000013411045,69.2571438891547,5.900000169873238,104.75
1998-06-08,33.70000050216913,20.842857453439915,8.900000132620335,64.00000095367432,20.799999624490738,104.7
1998-06-15,27.000000402331352,15.714285948446818,4.90000007301569,71.71428678291184,30.599999576807026,104.65
1998-06-22,28.10000041872263,17.228571685297148,9.00000013411045,74.94285825959274,23.500000432133675,104.65
1998-06-29,26.600000396370888,18.528571704668657,10.80000016093254,73.85714395770005,10.700000047683716,104.63
1998-07-06,23.100000344216824,15.78571452093976,10.400000154972076,78.17142973627362,14.199999928474426,104.61
1998-07-13,25.600000381469727,15.228571655494827,9.00000013411045,78.61428688572985,17.3999999538064,104.6
1998-07-20,33.30000049620867,18.64285742065736,10.500000156462193,63.300000943243504,4.500000014901161,104.61
1998-07-27,35.80000053346157,20.957143169428623,10.30000015348196,69.91428675608975,38.89999983459711,104.64
1998-08-03,26.600000396370888,18.471428846674307,10.500000156462193,71.00000105798244,56.59999827295541,104.67
1998-08-10,31.80000047385693,19.714286008051463,9.00000013411045,61.8714294933847,0.0,104.7
1998-08-17,34.00000050663948,20.114286014011928,10.80000016093254,67.34285814634391,18.399999618530273,104.66
1998-08-24,27.60000041127205,16.685714534350804,8.100000120699406,68.55714387872389,11.49999988079071,104.59
1998-08-31,17.600000262260437,12.414285899272986,8.900000132620335,81.94285836390087,30.899999856948853,104.55
1998-09-07,21.60000032186508,15.614285946956702,6.800000101327896,81.00000120699406,13.79999977350235,104.54
1998-09-14,25.300000376999375,15.228571655494827,4.700000070035458,81.84285836241075,36.50000058114529,104.56
1998-09-21,19.80000029504299,12.285714468785695,7.000000104308128,82.94285837880203,22.90000019222498,104.75
1998-09-28,21.60000032186508,12.45714304276875,5.200000077486038,85.1142869825874,0.0,104.91
1998-10-05,18.30000027269125,8.328571552676815,2.7000000402331352,87.00000129640102,12.000000193715096,104.93
1998-10-12,15.400000229477882,9.742857288037028,4.500000067055225,87.05714415439537,12.59999955445528,104.93
1998-10-19,20.60000030696392,10.314285867980548,-0.2000000029802322,78.30000116676092,7.099999904632568,104.99
1998-10-26,19.30000028759241,10.500000156462193,1.3000000193715096,75.00000111758709,13.299999952316284,105.025
1998-11-02,16.300000242888927,7.2285715362855365,3.200000047683716,78.61428688572985,40.0999995470047,105.06
1998-11-09,10.100000150501728,5.68571437043803,0.5000000074505806,81.28571549696582,16.10000017285347,105.39
1998-11-16,10.30000015348196,3.4571429086583003,-2.3000000342726707,87.67142987783465,10.900000125169754,105.72
1998-11-23,2.200000032782554,-2.9857143302048956,-10.500000156462193,83.40000124275684,3.3999999687075615,105.83
1998-11-30,3.200000047683716,-0.20000000298023224,-6.500000096857548,88.88571561021465,0.9000000208616257,105.78
1998-12-07,1.100000016391277,-2.8000000417232513,-7.200000107288361,84.08571553868907,8.799999952316284,105.69
1998-12-14,9.00000013411045,-2.2285714617797305,-11.400000169873238,80.4714297705463,10.399999856948853,105.58
1998-12-21,11.000000163912771,4.700000070035458,-1.100000016391277,77.30000115185976,4.900000125169754,105.55
1998-12-28,12.90000019222498,4.514285781553814,-2.200000032782554,75.30000112205744,1.5000000447034836,105.56
1999-01-04,10.600000157952309,2.0142857443009103,-1.700000025331974,80.18571548057454,4.499999918043613,105.57
1999-01-11,14.600000217556952,4.800000071525574,-2.3000000342726707,77.78571544481176,12.40000007301569,105.53
1999-01-18,12.000000178813934,3.5571429101484164,-4.200000062584877,72.51428679483277,4.600000135600567,105.51
1999-01-25,10.900000162422655,3.6142857681427683,-0.800000011920929,81.64285835943052,2.8999999538064003,105.53
1999-02-01,10.600000157952309,-1.7000000253319738,-16.300000242888927,79.8714297616056,11.699999839067459,105.51
1999-02-08,9.100000135600569,2.414285750261375,-2.0000000298023224,83.70000124722719,19.89999984204769,105.54
1999-02-15,2.3000000342726707,-3.5571429101484164,-11.900000177323818,75.31428683655602,2.9000000059604645,105.61
1999-02-22,5.4000000804662704,1.9714286008051463,-1.5000000223517418,82.84285837731191,26.89999994635582,105.66
1999-03-01,12.500000186264517,3.8714286291173527,-1.700000025331974,76.6571439994233,9.00000024586916,105.71
1999-03-08,12.800000190734863,5.971428660409791,-1.0000000149011612,77.014286861888,6.6999999061226845,105.87
1999-03-15,10.900000162422655,4.000000059604645,-1.700000025331974,77.20000115036964,7.999999798834324,106.2
1999-03-22,11.000000163912771,3.9000000581145287,-2.600000038743019,75.64285827002355,3.0000000074505806,106.37
1999-03-29,19.60000029206276,8.585714413651399,2.200000032782554,76.12857256297555,1.0000000298023222,106.27
1999-04-05,19.30000028759241,11.314285882881709,1.3000000193715096,63.442858088229386,0.0,106.2
1999-04-12,19.60000029206276,10.728571588439602,5.900000087916851,72.85714394279888,8.200000047683716,106.12
1999-04-19,14.100000210106373,5.885714373418263,1.100000016391277,72.61428679632289,19.5,106.13
1999-04-26,20.10000029951334,11.128571594400066,-0.6000000089406967,69.10000102967024,6.5,106.0
1999-05-03,20.800000309944156,11.95714303531817,2.7000000402331352,67.68571529431003,1.100000023841858,105.87
1999-05-10,23.100000344216824,13.085714480706624,5.000000074505806,59.81428660558803,16.49999976158142,105.77
1999-05-17,20.000000298023224,12.200000181794167,3.700000055134296,69.70000103861094,26.799999833106995,105.66
1999-05-24,24.600000366568565,15.757143091942583,5.000000074505806,62.34285807183811,15.99999940395355,105.52
1999-05-31,29.200000435113907,18.900000281631947,8.50000012665987,64.91428668158395,8.700000047683716,105.37
1999-06-07,26.600000396370888,17.71428597824914,9.900000147521496,66.77142956640039,5.999999977648258,105.28
1999-06-14,22.100000329315662,15.142857368503298,8.00000011920929,76.50000113993883,11.20000010728836,105.2
1999-06-21,23.80000035464764,16.271428813891752,10.80000016093254,74.52857253913369,51.70000081509352,105.16
1999-06-28,25.80000038444996,14.928571651024479,7.000000104308128,73.64285824022123,5.900000013411045,105.11
1999-07-05,33.20000049471855,20.94285745493003,10.500000156462193,68.94285817018577,20.100000001490116,105.06
1999-07-12,27.3000004068017,19.857143153037345,14.800000220537186,76.1857154209699,61.999999046325684,105.08
1999-07-19,31.500000469386578,19.642857435558522,11.500000171363354,68.27142958875213,30.99999988079071,105.11
1999-07-26,27.3000004068017,19.042857426617825,12.500000186264517,71.97142964388642,5.599999979138374,105.065
1999-08-02,28.80000042915344,19.94285744002887,9.500000141561031,53.885715088674,0.0,105.02
1999-08-09,29.800000444054604,21.442857462380612,11.10000016540289,59.50000088661909,0.1000000014901161,104.95
1999-08-16,24.600000366568565,16.971428824322565,8.100000120699406,68.55714387872389,16.499999910593033,104.87
1999-08-23,23.80000035464764,16.04285738191434,5.900000087916851,66.94285814038345,7.399999886751175,104.81
1999-08-30,28.300000421702865,18.328571701688425,6.70000009983778,66.85714385339192,1.899999976158142,104.75
1999-09-06,27.000000402331352,16.300000242888927,8.900000132620335,74.9857154030885,10.199999690055847,104.7
1999-09-13,29.50000043958425,19.357143145586765,11.30000016838312,68.80000102519989,0.4000000059604645,104.66
1999-09-20,29.10000043362379,19.128571713609354,9.500000141561031,66.01428669797522,26.49999971687794,104.64
1999-09-27,25.600000381469727,17.028571682316915,11.000000163912771,77.30000115185976,13.199999824166298,104.625
1999-10-04,19.80000029504299,14.371428785579544,9.3000001385808,75.78571541500943,7.300000086426735,104.61
1999-10-11,18.100000269711018,11.52857160036053,6.400000095367432,82.07142979438815,13.599999599158762,104.59
1999-10-18,14.600000217556952,6.957142960812364,0.2000000029802322,82.28571551186698,0.699999988079071,104.59
1999-10-25,15.100000225007534,7.728571543736117,-2.7000000402331352,77.9571440187948,5.700000047683716,104.58
1999-11-01,19.000000283122063,11.171428737895829,2.800000041723252,75.27142969306026,3.9999999552965164,104.55
1999-11-08,13.600000202655792,7.914285832217762,-1.100000016391277,84.72857269112554,19.000000335276127,104.53
1999-11-15,7.400000110268593,2.8000000417232513,-2.3000000342726707,91.11428707199437,21.799999475479126,104.53
1999-11-22,5.000000074505806,0.4714285784534046,-4.90000007301569,83.28571552676814,3.900000035762787,104.52
1999-11-29,8.900000132620335,3.2142857621823038,-6.000000089406967,82.32857265536275,0.4000000059604645,104.5
1999-12-06,10.900000162422655,4.814285786024162,-1.700000025331974,74.01428681718451,10.700000047683716,104.49
1999-12-13,13.40000019967556,7.085714391299656,-0.800000011920929,72.58571536732572,6.000000014901161,104.48
1999-12-20,5.700000084936619,1.2000000178813934,-3.400000050663948,79.35714403965643,2.600000038743019,104.5
1999-12-27,4.500000067055225,-0.842857155416693,-6.70000009983778,80.84285834750959,8.899999871850014,104.5
2000-01-03,5.900000087916851,2.0571428877966746,-2.200000032782554,86.34285842946598,5.600000083446503,104.5
2000-01-10,8.50000012665987,2.9142857577119554,-3.000000044703484,84.77142983462129,3.5000000968575478,104.49
2000-01-17,6.70000009983778,0.028571428997176036,-4.700000070035458,82.9857155222978,6.500000096857548,104.49
2000-01-24,7.000000104308128,-1.642857167337622,-13.300000198185444,80.61428691553218,18.90000021457672,104.51
2000-01-31,10.80000016093254,2.7714286127260754,-13.000000193715096,72.58571536732572,20.100000001490116,104.58
2000-02-07,15.100000225007534,6.957142960812364,0.2000000029802322,77.71428687231881,3.499999985098839,104.78
2000-02-14,11.900000177323818,4.685714355536869,-3.200000047683716,73.11428680377347,12.299999967217445,105.04
2000-02-21,8.900000132620335,1.8714285993150301,-3.200000047683716,84.42857268665519,15.099999994039536,105.24
2000-02-28,13.300000198185444,3.957142916108881,-5.000000074505806,78.52857259873834,17.89999971538782,105.35
2000-03-06,12.000000178813934,4.357142922069345,-1.5000000223517418,75.07142969008002,14.79999977350235,105.45
2000-03-13,13.600000202655792,6.8142858158264845,1.700000025331974,79.0428583206875,32.70000007748604,105.56
2000-03-20,11.000000163912771,3.442857194159712,-2.200000032782554,79.07142974968467,24.900000102818012,105.9
2000-03-27,15.400000229477882,6.914285817316601,0.9000000134110451,83.04285838029215,28.80000066757202,106.085
2000-04-03,14.900000222027302,7.014285818806717,2.1000000312924385,79.38571546865361,9.99999988079071,106.27
2000-04-10,15.900000236928465,6.371428666370256,-0.1000000014901161,70.92857248548951,1.0000000149011612,106.49
2000-04-17,21.60000032186508,9.871428718524319,1.3000000193715096,67.50000100582838,18.20000010728836,106.48
2000-04-24,27.80000041425228,16.04285738191434,7.200000107288361,67.6000010073185,1.4999999776482582,106.39
2000-05-01,28.000000417232517,17.842857408736432,5.500000081956387,62.74285807779857,0.1000000014901161,106.23
2000-05-08,27.80000041425228,17.857143123235023,6.400000095367432,52.17142934884344,6.199999809265137,106.09
2000-05-15,28.300000421702865,17.65714312025479,4.90000007301569,56.32857226793255,0.0,105.91
2000-05-22,30.100000448524952,14.285714498588018,7.900000117719173,70.65714391001633,27.39999970793724,105.73
2000-05-29,25.80000038444996,16.085714525410108,8.100000120699406,62.91428665178163,3.0,105.5
2000-06-05,29.800000444054604,18.257143129195487,5.700000084936619,63.557143804218086,8.299999713897705,105.4
2000-06-12,31.300000466406345,19.328571716589586,8.900000132620335,61.47142948742424,7.499999858438969,105.25
2000-06-19,31.80000047385693,18.342857416187012,5.200000077486038,58.57142944421087,9.300000190734863,105.16
2000-06-26,36.30000054091215,20.042857441518986,10.30000015348196,58.17142943825041,6.799999989569187,105.08
2000-07-03,26.80000039935112,16.300000242888927,7.500000111758709,60.81428662048919,1.1999999955296516,105.0
2000-07-10,26.30000039190054,16.542857389364922,10.100000150501728,76.6571439994233,49.99999947845936,104.93
2000-07-17,20.30000030249357,14.728571648044246,8.00000011920929,74.5142868246351,10.299999751150608,104.89
2000-07-24,25.100000374019142,16.04285738191434,11.10000016540289,73.45714395173958,1.100000038743019,104.85
2000-07-31,26.600000396370888,18.042857411716664,11.800000175833702,74.07142967517886,8.899999722838402,104.82
2000-08-07,28.60000042617321,19.400000289082527,10.600000157952309,64.67142953510795,3.300000131130219,104.8
2000-08-14,32.70000048726797,19.700000293552876,9.900000147521496,63.60000094771385,2.1999999061226845,104.77
2000-08-21,32.100000478327274,22.40000033378601,14.600000217556952,65.38571526003736,40.50000049173832,104.71
2000-08-28,24.300000362098217,16.85714310833386,8.900000132620335,68.02857244227614,1.5999999791383743,104.685
2000-09-04,24.8000003695488,16.100000239908695,10.80000016093254,76.34285828045437,22.90000009536743,104.66
2000-09-11,25.600000381469727,16.485714531370572,8.50000012665987,75.80000112950802,9.600000023841858,104.64
2000-09-18,25.80000038444996,15.728571662945408,9.3000001385808,76.55714399793318,6.500000216066837,104.61
2000-09-25,18.100000269711018,10.985714449414186,4.400000065565109,76.72857257191625,6.300000190734863,104.58
2000-10-02,22.800000339746475,16.64285739085504,10.80000016093254,69.90000104159117,8.700000181794167,104.56
2000-10-09,20.60000030696392,11.757143032337938,7.500000111758709,88.51428703325135,22.70000022649765,104.54
2000-10-16,23.600000351667404,13.157143053199563,6.400000095367432,81.5428583579404,1.3000000268220901,104.57
2000-10-23,17.30000025779009,10.571428728955132,4.500000067055225,80.1285726225802,9.400000169873238,104.6
2000-10-30,17.100000254809856,11.828571604830879,6.900000102818012,73.95714395919016,1.1000000312924385,104.63
2000-11-06,15.400000229477882,8.471428697662693,2.800000041723252,78.30000116676092,6.200000114738941,104.6
2000-11-13,14.600000217556952,7.442857253764357,1.5000000223517418,74.61428682612521,1.4999999552965164,104.58
2000-11-20,11.30000016838312,5.757142942930971,0.800000011920929,82.68571551782745,11.39999981969595,104.56
2000-11-27,10.500000156462193,6.442857238863196,3.000000044703484,87.15714415588549,9.600000083446503,104.555
2000-12-04,11.30000016838312,5.985714374908379,2.200000032782554,87.95714416780642,0.800000011920929,104.55
2000-12-11,12.300000183284284,6.4285715243646075,2.7000000402331352,82.70000123232603,6.399999976158142,104.54
2000-12-18,14.500000216066836,6.5857143838490755,0.6000000089406967,75.65714398452214,7.799999997019768,104.52
2000-12-25,4.200000062584877,-2.1571428892867908,-6.200000092387199,79.5142868991409,3.400000095367432,104.52
2001-01-01,3.400000050663948,-0.1714285739830562,-7.400000110268593,83.67142981823001,3.1999999582767487,104.5
2001-01-08,12.800000190734863,3.8857143436159407,-1.3000000193715096,83.75714410522154,3.1000000536441803,104.5
2001-01-15,5.200000077486038,-0.4285714349576405,-6.000000089406967,83.18571552527803,0.699999988079071,104.53
2001-01-22,2.3000000342726707,-0.5571428654449326,-6.200000092387199,78.98571546269315,1.4000000059604645,104.58
2001-01-29,8.400000125169754,2.8857143287147795,0.0,83.12857266728368,11.599999994039536,104.61
2001-02-05,9.00000013411045,0.32857143346752454,-5.000000074505806,86.84285843691656,19.29999989271164,104.61
2001-02-12,14.40000021457672,7.12857153479542,-2.7000000402331352,71.38571534944433,1.0,104.71
2001-02-19,13.600000202655792,2.9571429012077197,-4.700000070035458,81.0571440649884,0.9000000134110451,104.82
2001-02-26,7.500000111758709,-0.4714285784534045,-13.500000201165676,80.67142977352653,14.700000144541264,104.83
2001-03-05,7.500000111758709,0.5285714364477566,-7.000000104308128,79.54285832813808,11.70000009983778,104.84
2001-03-12,17.50000026077032,7.814285830727646,-3.6000000536441803,74.31428682165486,18.099999763071537,104.85
2001-03-19,11.400000169873238,5.200000077486038,0.0,80.50000119954348,19.1999998614192,104.98
2001-03-26,14.900000222027302,2.2285714617797305,-3.200000047683716,81.80000121891499,33.39999955892563,105.1
2001-04-02,19.80000029504299,6.1714286633900235,-5.900000087916851,69.58571532262224,0.4000000059604645,105.22
2001-04-09,20.800000309944156,9.314285853079387,3.700000055134296,74.74285825661251,10.699999928474426,105.46
2001-04-16,14.100000210106373,5.04285721800157,-0.800000011920929,79.25714403816632,13.30000002682209,105.53
2001-04-23,12.10000018030405,5.200000077486038,-0.800000011920929,75.61428684102637,5.299999907612801,105.59
2001-04-30,24.8000003695488,12.214285896292754,0.2000000029802322,67.62857243631568,9.800000131130219,105.59
2001-05-07,27.80000041425228,14.071428781109196,5.500000081956387,73.65714395471981,38.700000643730164,105.55
2001-05-14,24.300000362098217,15.257143084492002,5.700000084936619,60.81428662048919,0.699999988079071,105.56
2001-05-21,23.600000351667404,14.757143077041421,5.500000081956387,67.1142867143665,9.100000143051147,105.48
2001-05-28,25.300000376999375,16.728571677846567,4.700000070035458,58.842858019684044,3.500000096857548,105.42
2001-06-04,24.100000359117985,13.342857341681208,7.400000110268593,71.32857249144998,15.800000011920929,105.36
2001-06-11,21.1000003144145,13.285714483686856,7.200000107288361,77.17142972137246,22.800000324845314,105.28
2001-06-18,25.300000376999375,15.77142880644117,5.500000081956387,73.14285823277065,33.09999918937683,105.18
2001-06-25,23.000000342726707,14.900000222027302,9.00000013411045,74.9857154030885,14.199999630451202,105.14
2001-07-02,29.200000435113907,19.371428860085352,10.000000149011612,69.3714296051434,3.600000023841858,105.07
2001-07-09,29.300000436604023,19.985714583524636,8.300000123679638,70.78571534050363,22.0,105.01
2001-07-16,27.3000004068017,18.21428598569972,11.500000171363354,71.28571534795421,15.999999716877936,104.96
2001-07-23,27.500000409781933,17.385714544781617,8.50000012665987,74.81428682910544,13.2999999076128,104.89
2001-07-30,31.100000463426117,22.04285747132131,13.100000195205212,62.200000926852226,0.6000000238418579,105.04
2001-08-06,31.20000046491623,19.685714579054288,10.600000157952309,70.88571534199374,17.90000021457672,105.05
2001-08-13,25.50000037997961,18.21428598569972,7.700000114738941,67.77142958130155,1.5999999940395355,105.03
2001-08-20,33.70000050216913,22.800000339746475,15.000000223517418,73.74285824171135,18.099999606609344,104.98
2001-08-27,31.500000469386578,20.97142888392721,13.100000195205212,78.95714403369597,3.1999999284744263,104.975
2001-09-03,23.000000342726707,15.742857377443995,7.800000116229057,75.24285826406309,18.999999672174454,104.97
2001-09-10,19.10000028461218,13.157143053199563,8.50000012665987,82.08571550888675,31.299999713897705,105.0
2001-09-17,16.800000250339508,11.928571606320995,7.200000107288361,82.00000122189522,9.999999970197678,105.14
2001-09-24,17.30000025779009,12.000000178813934,5.000000074505806,82.94285837880203,16.799999743700027,105.26
2001-10-01,19.500000290572643,13.242857340191092,6.500000096857548,89.85714419611863,8.699999988079071,105.38
2001-10-08,25.700000382959843,14.885714507528714,6.500000096857548,82.5000012293458,10.299999713897705,105.35
2001-10-15,22.100000329315662,14.528571645064014,8.300000123679638,76.64285828492471,0.0,105.32
2001-10-22,19.10000028461218,12.300000183284283,7.300000108778477,84.41428697215659,7.1000001430511475,105.25
2001-10-29,16.600000247359276,10.87142873342548,8.00000011920929,85.37142984356198,5.8999999687075615,105.14
2001-11-05,21.800000324845318,10.128571579498905,2.600000038743019,75.2142868350659,5.700000107288361,105.1
2001-11-12,10.400000154972076,4.042857203100409,-3.700000055134296,81.80000121891499,31.299999602138996,105.11
2001-11-19,7.500000111758709,2.9285714722105434,-3.700000055134296,88.42857274625983,3.500000014901161,105.09
2001-11-26,8.600000128149986,3.1000000461935997,-1.80000002682209,83.74285839072296,14.399999737739563,105.12
2001-12-03,6.000000089406967,2.271428605275495,-1.700000025331974,87.6285727343389,9.499999761581421,105.15
2001-12-10,6.200000092387199,1.628571452839034,-3.500000052154064,88.32857274476972,22.899999737739563,105.2
2001-12-17,4.500000067055225,-2.2428571762783185,-11.400000169873238,87.5000013038516,10.400000289082527,105.32
2001-12-24,4.200000062584877,-1.2857143048729216,-8.800000131130219,78.70000117272139,9.900000102818012,105.35
2001-12-31,6.400000095367432,0.7714285829237529,-6.500000096857548,79.6428583296282,13.699999898672104,105.25
2002-01-07,2.7000000402331352,-4.128571490091937,-15.100000225007534,81.02857263599124,3.6999999433755875,105.22
2002-01-14,2.1000000312924385,-1.971428600805146,-7.200000107288361,91.37142993296895,4.300000108778477,105.2
2002-01-21,9.80000014603138,1.3571428773658616,-5.700000084936619,82.95714409330061,5.5999999195337296,105.22
2002-01-28,15.600000232458116,8.200000122189522,0.2000000029802322,70.92857248548951,11.600000202655792,105.395
2002-02-04,16.800000250339508,9.271428709583622,1.5000000223517418,64.58571524811643,0.0,105.57
2002-02-11,13.300000198185444,8.514285841158458,3.700000055134296,76.38571542395013,8.600000008940697,105.91
2002-02-18,14.100000210106373,4.200000062584877,-5.200000077486038,71.87142964239631,8.900000214576721,106.03
2002-02-25,9.500000141561031,2.3142857487712587,-6.200000092387199,82.0142869363938,27.00000023841858,106.23
2002-03-04,12.4000001847744,4.97142864550863,-2.0000000298023224,71.42857249294009,6.800000049173832,106.33
2002-03-11,17.100000254809856,6.914285817316601,-1.0000000149011612,64.95714382507971,3.2000000029802322,106.5
2002-03-18,16.100000239908695,6.785714386829308,0.9000000134110451,76.85714400240353,5.400000035762787,106.46
2002-03-25,12.90000019222498,5.32857150797333,-0.2000000029802322,79.5285726136395,12.500000059604645,106.36
2002-04-01,19.30000028759241,5.742857228432383,-4.200000062584877,64.92857239608254,0.0,106.39
2002-04-08,18.50000027567148,5.757142942930971,-2.7000000402331352,57.042857992861954,0.0,106.36
2002-04-15,13.600000202655792,7.628571542246001,-2.600000038743019,77.68571544332164,24.89999932050705,106.28
2002-04-22,16.800000250339508,9.485714427062444,1.3000000193715096,77.11428686337811,3.000000096857548,106.13
2002-04-29,20.10000029951334,11.471428742366177,4.400000065565109,72.61428679632289,7.200000025331974,106.02
2002-05-06,22.600000336766243,13.428571628672737,6.000000089406967,79.5285726136395,8.89999983459711,105.9
2002-05-13,25.600000381469727,17.242857399795735,9.900000147521496,69.7428581821067,3.300000011920929,105.8
2002-05-20,26.50000039488077,16.171428812401636,8.800000131130219,66.11428669946534,3.0,105.71
2002-05-27,26.600000396370888,16.50000024586916,8.800000131130219,74.58571539712804,21.100000239908695,105.625
2002-06-03,23.500000350177288,15.514285945466586,6.500000096857548,67.18571528685945,5.799999810755253,105.54
2002-06-10,26.80000039935112,17.400000259280205,11.800000175833702,77.31428686635834,26.20000049471855,105.44
2002-06-17,28.80000042915344,18.242857414696896,11.30000016838312,73.54285823873111,13.600000008940697,105.35
2002-06-24,32.00000047683716,21.442857462380612,13.800000205636024,71.65714392491749,11.499999620020388,105.29
2002-07-01,26.30000039190054,17.442857402775967,8.900000132620335,58.71428658919675,1.2999999895691872,105.23
2002-07-08,28.50000042468309,18.500000275671482,10.100000150501728,69.7428581821067,11.90000033378601,105.16
2002-07-15,32.80000048875809,21.285714602896146,11.60000017285347,65.71428669350487,11.200000002980232,105.07
2002-07-22,28.300000421702865,18.314285987189837,13.600000202655792,76.74285828641483,17.399999856948853,105.03
2002-07-29,33.5000004991889,18.914285996130534,12.000000178813934,71.4142867784415,2.3000000417232513,105.01
2002-08-05,32.80000048875809,21.371428889887675,13.600000202655792,73.02857251678195,33.19999957084656,104.97
2002-08-12,26.80000039935112,19.771428866045817,12.800000190734863,78.72857260171857,192.19999350607395,106.84
2002-08-19,30.100000448524952,20.47142887647663,15.100000225007534,77.35714400985411,14.79999966919422,106.83
2002-08-26,29.60000044107437,21.514286034873553,13.500000201165676,68.52857244972672,0.400000013411045,107.83
2002-09-02,29.200000435113907,19.714286008051463,9.400000140070915,73.30000109225512,12.899999618530272,107.53
2002-09-09,28.200000420212746,18.400000274181366,9.500000141561031,72.28571536285537,8.0,107.27
2002-09-16,26.80000039935112,14.385714500078134,5.000000074505806,76.4142868529473,33.90000033378601,107.0
2002-09-23,19.60000029206276,12.67142876024757,8.00000011920929,83.00000123679638,5.400000110268593,106.75
2002-09-30,18.6000002771616,9.671428715544087,3.200000047683716,80.67142977352653,11.700000002980232,106.48
2002-10-07,19.60000029206276,11.300000168383121,4.500000067055225,81.15714406647852,17.700000002980232,106.33
2002-10-14,12.4000001847744,5.728571513933795,0.4000000059604645,79.12857260767903,3.2999999076128006,106.21
2002-10-21,16.300000242888927,9.114285850099154,1.5000000223517418,80.81428691851241,25.699999570846558,106.2
2002-10-28,16.800000250339508,9.971428720014435,2.200000032782554,74.08571538967746,18.40000009536743,106.24
2002-11-04,12.000000178813934,6.285714379378727,0.0,83.15714409628085,19.600000262260437,106.28
2002-11-11,9.500000141561031,2.457142893757139,-4.200000062584877,81.35714406945876,22.20000058412552,106.34
2002-11-18,14.800000220537186,8.28571440918105,1.80000002682209,81.95714407839945,6.200000002980232,106.42
2002-11-25,10.500000156462193,4.985714360007218,0.4000000059604645,89.71428705113274,36.80000124126673,106.55
2002-12-02,10.600000157952309,6.785714386829308,3.200000047683716,89.02857275520053,30.200000859797,106.62
2002-12-09,6.200000092387199,-1.65714288183621,-10.500000156462193,85.75714413502386,0.0,106.68
2002-12-16,2.200000032782554,-4.128571490091937,-11.400000169873238,78.45714402624539,1.900000050663948,106.6
2002-12-23,2.600000038743019,-0.7000000104308128,-5.900000087916851,89.82857276712146,17.599999584257603,106.49
2002-12-30,7.000000104308128,0.34285714796611255,-2.800000041723252,82.81428694831473,34.6000000089407,106.27
2003-01-06,8.900000132620335,-1.757142883326326,-10.500000156462193,83.58571553123849,24.399999871850014,106.42
2003-01-13,2.200000032782554,-7.071428676801069,-16.50000024586916,82.78571551931756,5.600000135600567,106.79
2003-01-20,7.000000104308128,3.428571479661124,-0.6000000089406967,79.18571546567338,0.1000000014901161,106.78
2003-01-27,9.80000014603138,2.728571469230311,-1.5000000223517418,85.18571555508035,9.8999999538064,106.7
2003-02-03,9.500000141561031,-0.15714285948446813,-7.900000117719173,82.3714297988585,11.899999856948853,106.62
2003-02-10,4.200000062584877,-1.3857143063630377,-7.900000117719173,79.8857154761042,3.90000007301569,106.55
2003-02-17,1.80000002682209,-4.814285786024162,-13.000000193715096,74.70000111311674,0.9999999776482582,106.43
2003-02-24,8.50000012665987,-1.2571428758757455,-12.000000178813934,77.52857258383717,0.0,106.3
2003-03-03,11.500000171363354,3.7285714841314723,-5.900000087916851,71.31428677695138,0.2000000029802322,106.17
2003-03-10,18.0000002682209,4.742857213531222,-1.80000002682209,77.54285829833576,4.700000077486038,106.05
2003-03-17,15.800000235438349,4.528571496052401,-2.800000041723252,75.50000112503767,12.500000335276129,106.06
2003-03-24,19.000000283122063,4.200000062584877,-4.500000067055225,59.4857151721205,0.0,106.11
2003-03-31,19.30000028759241,9.142857279096331,0.6000000089406967,67.81428672479731,3.900000095367432,106.06
2003-04-07,16.300000242888927,4.514285781553814,-3.000000044703484,67.61428672181708,4.300000086426735,105.98
2003-04-14,18.6000002771616,4.514285781553814,-4.200000062584877,61.71428663390024,0.2000000029802322,105.89
2003-04-21,21.300000317394733,11.200000166893005,2.7000000402331352,58.085715151258874,9.599999904632568,105.8
2003-04-28,23.600000351667404,13.914285921624728,2.7000000402331352,55.814286545983386,1.800000011920929,105.66
2003-05-05,28.60000042617321,16.471428816871985,5.500000081956387,54.17142937864576,0.0,105.55
2003-05-12,28.80000042915344,16.800000250339508,8.00000011920929,69.3714296051434,26.700000911951065,105.46
2003-05-19,21.000000312924385,12.285714468785695,2.200000032782554,72.92857251529183,10.700000002980232,105.43
2003-05-26,26.80000039935112,16.65714310535363,7.000000104308128,65.47142954702888,1.8000000268220901,105.41
2003-06-02,29.300000436604023,19.08571457011359,8.800000131130219,59.57142945911203,0.2000000029802322,105.39
2003-06-09,32.30000048130751,22.814286054245063,11.800000175833702,57.88571514827864,1.100000023841858,105.31
2003-06-16,31.500000469386578,20.871428882437094,10.000000149011612,56.228572266442434,5.899999909102917,105.22
2003-06-23,32.00000047683716,18.685714564153127,10.500000156462193,61.54285805991718,12.399999812245369,105.13
2003-06-30,29.800000444054604,19.742857437048638,9.80000014603138,57.300000853836536,7.099999785423279,105.02
2003-07-07,23.80000035464764,16.614285961857863,12.000000178813934,74.77142968560968,14.900000050663948,104.95
2003-07-14,27.10000040382147,18.414285988679953,9.00000013411045,60.457143758024486,2.0999999046325684,104.89
2003-07-21,34.20000050961971,23.157143202211177,11.500000171363354,57.471429427819594,11.500000238418579,104.83
2003-07-28,34.00000050663948,21.585714607366494,15.900000236928465,71.01428677248103,42.0000005364418,104.8
2003-08-04,33.70000050216913,22.70000033825636,12.10000018030405,68.0714295857719,2.9000000283122063,104.77
2003-08-11,33.30000049620867,23.07142891521965,13.100000195205212,49.285715020128656,0.0,104.7
2003-08-18,36.6000005453825,22.085714614817075,9.500000141561031,52.22857220683779,2.9000000059604645,104.68
2003-08-25,28.60000042617321,19.428571718079702,12.000000178813934,63.928572381181375,1.4999999776482582,104.64
2003-09-01,26.50000039488077,16.014285952917167,9.00000013411045,67.42857243333545,14.000000029802322,104.6
2003-09-08,26.00000038743019,15.514285945466586,2.600000038743019,62.985715224274564,0.7999999895691872,104.58
2003-09-15,22.600000336766243,14.300000213086605,6.70000009983778,79.08571546418327,9.400000154972076,104.55
2003-09-22,31.20000046491623,18.571428848164423,8.50000012665987,62.35714378633669,0.0,104.54
2003-09-29,22.100000329315662,13.128571624202388,3.1000000461936,68.22857244525638,5.200000002980232,104.52
2003-10-06,17.100000254809856,10.800000160932541,4.200000062584877,80.52857262854066,9.00000011920929,104.51
2003-10-13,15.900000236928465,9.742857288037028,1.100000016391277,76.55714399793318,7.100000202655792,104.53
2003-10-20,12.4000001847744,4.97142864550863,-1.80000002682209,76.57142971243177,0.0,104.56
2003-10-27,7.200000107288361,2.271428605275495,-3.9000000581145287,82.57142980183873,12.89999994635582,104.545
2003-11-03,13.800000205636024,6.514285811356136,-3.400000050663948,78.78571545971292,8.20000010728836,104.53
2003-11-10,14.000000208616257,5.757142942930971,-1.100000016391277,80.95714406349829,0.0,104.51
2003-11-17,9.100000135600569,3.7000000551342964,-3.200000047683716,78.6714297437242,7.100000098347664,104.5
2003-11-24,14.100000210106373,8.957142990614686,4.500000067055225,81.35714406945876,0.3000000119209289,104.49
2003-12-01,13.100000195205212,7.271428679781301,3.6000000536441803,89.45714419015816,13.70000010728836,104.48
2003-12-08,10.000000149011612,3.0428571881992474,-6.200000092387199,83.85714410671166,1.1999999955296516,104.47
2003-12-15,12.800000190734863,2.742857183728899,-5.000000074505806,79.08571546418327,26.80000014603138,104.46
2003-12-22,10.000000149011612,2.7714286127260754,-1.80000002682209,82.71428694682461,3.9999999329447746,104.51
2003-12-29,6.500000096857548,0.042857143495763896,-8.00000011920929,74.5142868246351,0.0,104.52
2004-01-05,3.000000044703484,-3.442857194159712,-13.90000020712614,85.92857270900693,4.299999907612801,104.51
2004-01-12,7.800000116229057,0.6428571524364608,-14.900000222027302,88.32857274476972,27.40000034123659,104.51
2004-01-19,7.800000116229057,2.9714286157063077,-5.000000074505806,81.21428692447287,21.799999698996544,104.7
2004-01-26,1.80000002682209,-5.25714293548039,-13.000000193715096,84.72857269112554,5.3999999314546585,104.69
2004-02-02,12.000000178813934,2.414285750261375,-4.200000062584877,77.52857258383717,18.400000527501106,104.68
2004-02-09,16.50000024586916,9.142857279096331,-1.0000000149011612,72.44285822233984,15.200000062584877,104.77
2004-02-16,6.400000095367432,1.6142857383404459,-6.200000092387199,86.41428700195891,5.8999998942017555,105.05
2004-02-23,6.200000092387199,0.9428571569068092,-4.200000062584877,71.8857153568949,1.6000000312924385,105.21
2004-03-01,3.700000055134296,-0.928571442408221,-6.200000092387199,77.21428686486823,3.1999999433755875,105.25
2004-03-08,5.4000000804662704,0.15714285948446818,-6.800000101327896,75.14285826257297,3.100000023841858,105.24
2004-03-15,15.900000236928465,5.04285721800157,-3.000000044703484,75.38571540904897,4.899999886751175,105.18
2004-03-22,22.100000329315662,11.185714452394418,4.700000070035458,68.91428674118859,7.399999916553497,105.18
2004-03-29,14.40000021457672,3.38571433616536,-3.1000000461936,77.42857258234706,5.799999929964542,105.38
2004-04-05,19.000000283122063,10.400000154972076,-1.3000000193715096,60.24285804054567,2.600000023841858,105.5
2004-04-12,12.800000190734863,6.214285806885788,-0.1000000014901161,77.07142971988235,4.6000000312924385,105.52
2004-04-19,19.500000290572643,11.485714456864766,1.5000000223517418,64.60000096261501,2.9999999403953552,105.53
2004-04-26,23.600000351667404,11.157143023397241,4.000000059604645,74.70000111311674,8.099999941885471,105.485
2004-05-03,24.600000366568565,14.728571648044246,5.000000074505806,65.9285724109837,11.100000098347664,105.44
2004-05-10,22.600000336766243,12.90000019222498,4.90000007301569,76.87142971690211,42.399999633431435,105.36
2004-05-17,20.000000298023224,11.871428748326641,4.200000062584877,80.31428691106183,8.700000166893005,105.3
2004-05-24,22.800000339746475,11.38571445537465,3.200000047683716,74.57142968262944,12.699999868869781,105.25
2004-05-31,24.300000362098217,12.957143050219331,3.1000000461936,66.2714295589498,1.7000000402331352,105.21
2004-06-07,25.50000037997961,15.471428801970822,7.400000110268593,75.27142969306026,14.499999955296516,105.16
2004-06-14,27.10000040382147,18.357143130685603,11.000000163912771,73.51428680973393,12.900000311434269,105.24
2004-06-21,26.100000388920307,14.800000220537186,7.200000107288361,73.28571537775653,17.10000053793192,105.29
2004-06-28,24.00000035762787,16.84285739383527,8.900000132620335,65.1000009700656,6.200000047683716,105.19
2004-07-05,26.600000396370888,16.614285961857863,11.000000163912771,67.57142957832131,16.900000408291817,105.1
2004-07-12,29.200000435113907,16.814285964838096,7.800000116229057,68.74285816720554,22.20000049471855,105.0
2004-07-19,29.800000444054604,19.01428599762065,11.900000177323818,71.77142964090619,5.3999999314546585,104.93
2004-07-26,30.800000458955765,19.914286011031695,13.000000193715096,74.1571439621704,38.200000524520874,104.89
2004-08-02,29.700000442564487,19.242857429598057,10.100000150501728,65.84285812399217,1.2999999523162842,104.85
2004-08-09,30.100000448524952,22.257143188800132,13.40000019967556,58.24285801074335,0.0,104.78
2004-08-16,31.600000470876694,21.214286030403205,12.800000190734863,64.00000095367432,18.80000078678131,104.71
2004-08-23,29.50000043958425,18.87142885263477,7.300000108778477,68.61428673671824,4.599999904632568,104.66
2004-08-30,25.00000037252903,17.07142882581268,12.500000186264517,77.15714400687388,17.199999429285526,104.61
2004-09-06,27.000000402331352,16.971428824322565,7.500000111758709,67.65714386531285,0.0,104.59
2004-09-13,26.50000039488077,15.800000235438347,5.200000077486038,65.02857239757266,17.999999716877937,104.56
2004-09-20,26.00000038743019,15.071428796010357,4.700000070035458,67.20000100135803,2.0000000074505806,104.53
2004-09-27,18.0000002682209,11.614285887352057,7.200000107288361,82.07142979438815,17.19999996572733,104.525
2004-10-04,20.10000029951334,12.285714468785695,4.90000007301569,83.60000124573708,10.100000023841858,104.52
2004-10-11,25.700000382959843,10.500000156462193,0.800000011920929,80.41428691255194,8.200000047683716,104.56
2004-10-18,13.000000193715096,8.21428583668811,-0.1000000014901161,75.1000011190772,8.5,104.54
2004-10-25,23.600000351667404,12.528571615261692,2.200000032782554,73.57142966772828,3.90000007301569,104.52
2004-11-01,15.000000223517418,10.51428587096078,6.500000096857548,91.50000136345625,14.699999667704104,104.49
2004-11-08,15.300000227987766,8.328571552676815,2.7000000402331352,86.01428699599845,15.699999749660492,104.47
2004-11-15,7.000000104308128,3.5857143391455923,-0.5000000074505806,86.48571557445186,21.299999430775642,104.5
2004-11-22,12.500000186264517,4.771428642528398,-1.100000016391277,86.34285842946598,46.60000026226044,104.56
2004-11-29,11.10000016540289,3.0000000447034836,-3.200000047683716,81.84285836241075,4.999999918043613,104.79
2004-12-06,7.500000111758709,3.6571429116385326,-2.600000038743019,85.90000128000975,2.399999976158142,104.9
2004-12-13,6.900000102818012,0.9857143004025731,-3.500000052154064,84.2857155416693,0.0,104.91
2004-12-20,6.70000009983778,-0.04285714349576405,-5.000000074505806,82.08571550888675,7.199999883770943,104.88
2004-12-27,11.30000016838312,2.600000038743019,-7.000000104308128,84.95714412310294,19.199999749660492,104.87
2005-01-03,9.80000014603138,4.0857143465961725,-0.4000000059604645,80.38571548355478,7.499999970197678,104.86
2005-01-10,15.800000235438349,7.371428681271417,2.500000037252903,71.24285820445844,3.3999999463558197,104.91
2005-01-17,10.400000154972076,3.285714334675244,-4.500000067055225,79.2714297526649,1.1000000312924385,105.0
2005-01-24,8.100000120699406,2.0714286022952626,-2.200000032782554,81.9000012204051,29.700000301003456,105.04
2005-01-31,4.400000065565109,-2.628571467740195,-6.900000102818012,85.88571556551116,17.70000022649765,105.14
2005-02-07,3.500000052154064,-0.5857142944421087,-5.700000084936619,78.0857154492821,6.700000196695328,105.17
2005-02-14,10.500000156462193,1.685714310833386,-6.200000092387199,75.95714398899248,18.79999976605177,105.18
2005-02-21,4.700000070035458,-1.1000000163912773,-5.700000084936619,83.47142981524978,5.999999828636646,105.39
2005-02-28,1.100000016391277,-3.285714334675244,-9.80000014603138,84.60000126063824,10.000000149011612,105.54
2005-03-07,2.0000000298023224,-3.7142857696328844,-10.30000015348196,70.3428581910474,1.600000061094761,105.56
2005-03-14,7.200000107288361,1.0857143018926891,-9.500000141561031,77.21428686486823,10.799999929964542,105.53
2005-03-21,16.600000247359276,6.957142960812364,-3.700000055134296,66.98571528387922,6.000000096857548,105.56
2005-03-28,18.100000269711018,8.85714298912457,-1.5000000223517418,76.70000114291906,4.500000096857548,105.79
2005-04-04,19.80000029504299,8.414285839668342,-2.1000000312924385,52.514286496809554,0.0,106.02
2005-04-11,18.80000028014183,8.928571561617511,-0.2000000029802322,73.50000109523535,9.900000005960464,106.09
2005-04-18,21.60000032186508,12.82857161973204,1.100000016391277,69.67142960961375,0.0,106.1
2005-04-25,17.50000026077032,8.14285726419517,-2.7000000402331352,58.98571516466992,2.400000095367432,106.04
2005-05-02,30.500000454485416,14.642857361052718,3.1000000461936,66.92857242588487,5.099999904632568,105.9
2005-05-09,22.100000329315662,10.900000162422657,3.500000052154064,77.28571543736118,22.600000083446503,105.8
2005-05-16,17.600000262260437,10.271428724484784,1.3000000193715096,71.87142964239631,23.200000382959843,105.71
2005-05-23,24.300000362098217,13.014285908213683,1.100000016391277,76.44285828194448,19.899999529123306,105.63
2005-05-30,31.100000463426117,19.95714315452746,8.800000131130219,64.71428667860371,0.800000011920929,105.52
2005-06-06,26.80000039935112,14.800000220537186,4.200000062584877,66.54285813442299,5.799999892711639,105.45
2005-06-13,23.100000344216824,12.24285732528993,4.90000007301569,66.81428670989615,9.700000002980232,105.36
2005-06-20,26.50000039488077,19.042857426617825,9.400000140070915,68.41428673373801,15.20000022649765,105.25
2005-06-27,31.20000046491623,20.785714595445565,11.10000016540289,64.3714295306376,18.99999988079071,105.18
2005-07-04,27.80000041425228,18.88571456713336,11.000000163912771,71.34285820594856,21.200000144541264,105.11
2005-07-11,27.80000041425228,16.242857384894574,9.900000147521496,81.3000012114644,40.70000112056732,105.03
2005-07-18,30.800000458955765,21.27142888839756,11.400000169873238,63.95714381017855,7.100000195205212,105.08
2005-07-25,25.700000382959843,17.21428597079856,11.60000017285347,74.31428682165486,24.000000275671482,105.15
2005-08-01,33.30000049620867,21.82857175384249,12.500000186264517,68.38571530474084,17.39999981224537,105.12
2005-08-08,23.500000350177288,15.34285737148353,8.50000012665987,76.64285828492471,18.100000098347664,105.05
2005-08-15,23.500000350177288,15.014285938016005,9.00000013411045,78.02857259128776,9.199999809265137,105.01
2005-08-22,27.3000004068017,19.14285742810794,10.000000149011612,72.97142965878759,30.90000057220459,104.99
2005-08-29,26.80000039935112,16.65714310535363,9.3000001385808,77.45714401134423,10.899999856948853,105.17
2005-09-05,28.80000042915344,19.271428858595236,10.000000149011612,72.78571537030595,0.0,105.19
2005-09-12,29.60000044107437,19.542857434068406,12.500000186264517,74.1571439621704,27.000000715255737,105.12
2005-09-19,22.100000329315662,13.085714480706624,2.500000037252903,79.5142868991409,14.800000190734863,105.08
2005-09-26,22.800000339746475,13.514285915664264,3.200000047683716,75.64285827002355,0.8999999761581421,105.065
2005-10-03,21.60000032186508,11.985714464315347,4.500000067055225,85.21428698407752,18.20000020414591,105.05
2005-10-10,21.800000324845318,13.842857349131789,7.300000108778477,75.2285725495645,0.0,105.04
2005-10-17,19.30000028759241,9.985714434513024,0.5000000074505806,75.2142868350659,0.0,105.04
2005-10-24,20.10000029951334,10.057143007005964,0.0,79.07142974968467,8.300000190734863,104.99
2005-10-31,20.30000030249357,12.228571610791343,5.000000074505806,71.35714392044714,1.2999999523162842,104.91
2005-11-07,15.100000225007534,8.785714416631631,2.200000032782554,83.42857267175403,3.9000000059604645,104.84
2005-11-14,13.100000195205212,7.271428679781301,0.5000000074505806,83.28571552676814,0.1000000014901161,104.79
2005-11-21,8.800000131130219,2.571428609745843,-1.100000016391277,89.87142991061721,29.300000548362732,104.74
2005-11-28,3.400000050663948,0.10000000149011612,-3.9000000581145287,82.52857265834298,1.600000061094761,104.71
2005-12-05,7.300000108778477,1.814285741320678,-2.800000041723252,82.3714297988585,5.299999952316284,104.69
2005-12-12,5.200000077486038,2.2142857472811426,-3.200000047683716,90.40000134706497,5.5000001564621925,104.65
2005-12-19,7.000000104308128,2.2428571762783185,-1.80000002682209,88.91428703921181,31.700000762939457,104.67
2005-12-26,7.500000111758709,2.8285714707204273,-3.700000055134296,88.08571559829372,9.700000084936619,104.705
2006-01-02,4.200000062584877,-2.3428571777684346,-12.4000001847744,86.51428700344903,8.299999915063381,104.74
2006-01-09,1.80000002682209,-0.6142857234392848,-5.700000084936619,84.642858404134,0.9000000357627869,104.77
2006-01-16,2.7000000402331352,-2.614285753241607,-7.300000108778477,80.52857262854066,1.1000000014901161,104.77
2006-01-23,4.500000067055225,-4.185714348086289,-17.80000026524067,84.8714298361114,17.699999786913395,104.78
2006-01-30,0.2000000029802322,-6.857142959322248,-14.600000217556952,71.68571535391467,0.0,104.78
2006-02-06,1.5000000223517418,-4.385714351066521,-14.600000217556952,87.40000130236149,7.8999999538064,104.77
2006-02-13,5.4000000804662704,1.0000000149011612,-4.700000070035458,86.24285842797586,19.99999964237213,104.76
2006-02-20,8.00000011920929,2.3285714632698467,-8.50000012665987,81.4142869274531,3.600000023841858,104.79
2006-02-27,3.700000055134296,-1.3285714483686857,-8.900000132620335,80.77142977501664,0.400000013411045,104.85
2006-03-06,3.700000055134296,-0.7571428684251649,-5.900000087916851,75.38571540904897,11.100000098347664,104.84
2006-03-13,8.00000011920929,-1.2857143048729216,-9.400000140070915,83.70000124722719,24.200000122189522,104.86
2006-03-20,5.500000081956387,-0.10000000149011619,-8.100000120699406,86.37142985846315,2.000000022351742,104.97
2006-03-27,20.60000030696392,4.8857143585171015,-5.200000077486038,71.82857249890056,9.000000149011612,105.085
2006-04-03,17.30000025779009,10.428571583969253,5.000000074505806,72.52857250933137,11.799999989569187,105.2
2006-04-10,16.50000024586916,5.914285802415439,-0.5000000074505806,65.34285811654159,1.2000000029802322,105.86
2006-04-17,15.600000232458116,8.414285839668342,-0.2000000029802322,73.45714395173958,11.099999904632568,106.43
2006-04-24,21.60000032186508,11.728571603340763,6.000000089406967,71.0571439159768,5.6999999061226845,106.56
2006-05-01,24.00000035762787,10.87142873342548,2.3000000342726707,75.50000112503767,11.99999988079071,106.59
2006-05-08,23.300000347197056,15.014285938016005,5.4000000804662704,55.97142940546785,0.0,106.56
2006-05-15,25.600000381469727,14.84285736403295,4.700000070035458,60.98571519447224,8.000000096857548,106.44
2006-05-22,26.100000388920307,15.41428594397647,7.800000116229057,69.31428674714905,9.999999940395355,106.28
2006-05-29,19.500000290572643,12.971428764717919,6.500000096857548,69.00000102818012,25.99999964237213,106.06
2006-06-05,18.6000002771616,10.30000015348196,2.0000000298023224,73.22857251976218,6.30000002682209,106.17
2006-06-12,28.700000427663326,15.614285946956702,5.500000081956387,64.0285723826715,3.200000047683716,106.13
2006-06-19,31.000000461936,20.785714595445565,10.500000156462193,64.31428667264325,13.599999904632568,105.97
2006-06-26,31.300000466406345,22.02857175682272,13.300000198185444,65.00000096857548,13.0,105.87
2006-07-03,29.000000432133675,19.285714573093824,11.000000163912771,66.20000098645687,24.90000033378601,105.77
2006-07-10,32.30000048130751,23.142857487712586,12.800000190734863,62.27142949934517,1.2999999523162842,105.74
2006-07-17,32.80000048875809,22.02857175682272,10.400000154972076,57.728572288794176,0.2000000029802322,105.7
2006-07-24,36.700000546872616,25.014286087027617,11.500000171363354,49.828572171075,1.0,105.63
2006-07-31,35.60000053048134,24.400000363588333,16.100000239908695,58.900000877678394,4.599999904632568,105.38
2006-08-07,26.30000039190054,18.37142884518419,12.000000178813934,72.05714393087796,40.300000071525574,105.26
2006-08-14,22.100000329315662,16.328571671886102,10.000000149011612,73.65714395471981,10.600000068545341,105.35
2006-08-21,28.10000041872263,18.67142884965454,10.400000154972076,73.0714296602777,15.799999788403511,105.43
2006-08-28,23.600000351667404,15.985714523919992,9.500000141561031,78.21428687976939,16.19999996572733,105.38
2006-09-04,25.50000037997961,16.971428824322565,10.400000154972076,74.00000110268593,15.400000095367432,105.33
2006-09-11,29.800000444054604,16.42857167337622,6.200000092387199,70.87142962749515,3.799999952316284,105.3
2006-09-18,26.50000039488077,20.114286014011928,10.100000150501728,57.942858006273,0.0,105.27
2006-09-25,25.600000381469727,17.771428836243494,8.00000011920929,64.71428667860371,0.3000000044703483,105.16
2006-10-02,24.600000366568565,16.614285961857863,10.000000149011612,78.34285831025669,16.199999690055847,105.01
2006-10-09,20.500000305473804,12.81428590523345,4.90000007301569,80.2428583385689,32.10000032186508,104.92
2006-10-16,20.10000029951334,11.485714456864766,3.700000055134296,82.80000123381615,0.2000000029802322,104.9
2006-10-23,20.30000030249357,11.700000174343586,1.3000000193715096,72.45714393683842,0.9000000134110451,104.88
2006-10-30,20.800000309944156,13.32857162718262,3.700000055134296,72.30000107735395,28.400000005960464,104.82
2006-11-06,14.300000213086603,6.471428667860372,-1.3000000193715096,76.48571542544025,17.700000159442425,104.81
2006-11-13,13.600000202655792,7.542857255254473,2.500000037252903,77.27142972286258,19.700000047683716,104.88
2006-11-20,17.100000254809856,10.000000149011612,3.700000055134296,78.65714402922562,0.8000000268220901,104.95
2006-11-27,13.800000205636024,8.071428691702229,1.600000023841858,78.8000011742115,2.999999910593033,104.93
2006-12-04,11.500000171363354,6.785714386829308,2.1000000312924385,81.1714297809771,2.5,104.91
2006-12-11,15.100000225007534,8.28571440918105,-0.2000000029802322,76.00000113248825,15.700000204145908,104.84
2006-12-18,12.500000186264517,5.68571437043803,0.4000000059604645,78.64285831472704,6.200000107288361,104.82
2006-12-25,6.900000102818012,3.6857143406357085,-0.2000000029802322,90.32857277457204,2.4999999552965164,104.82
2007-01-01,13.100000195205212,3.4571429086583003,-3.700000055134296,82.54285837284156,9.000000074505806,104.79
2007-01-08,11.500000171363354,6.957142960812364,1.700000025331974,78.34285831025669,6.100000023841858,104.78
2007-01-15,14.600000217556952,8.942857276116099,-1.3000000193715096,68.48571530623096,3.5999999418854713,104.88
2007-01-22,15.500000230968,7.728571543736117,-2.600000038743019,70.95714391448668,17.099999636411667,104.96
2007-01-29,5.900000087916851,-1.0000000149011612,-12.600000187754633,80.70000120252371,20.90000033378601,104.93
2007-02-05,9.3000001385808,5.171428648488862,-1.80000002682209,81.28571549696582,5.100000023841858,104.85
2007-02-12,10.100000150501728,2.8714286142161916,-3.200000047683716,83.18571552527803,9.00000011920929,104.84
2007-02-19,10.400000154972076,5.128571504993098,-1.100000016391277,78.05714402028492,11.899999909102917,104.9
2007-02-26,11.000000163912771,5.442857223962035,-1.5000000223517418,77.28571543736118,4.999999858438969,104.96
2007-03-05,13.100000195205212,6.600000098347664,0.5000000074505806,74.97142968858991,23.40000043064356,104.95
2007-03-12,18.30000027269125,8.028571548206466,-0.2000000029802322,72.3571439353483,2.7000000178813934,104.93
2007-03-19,19.10000028461218,7.557142969753061,-0.5000000074505806,69.88571532709258,0.800000011920929,104.88
2007-03-26,15.600000232458116,5.500000081956387,-0.2000000029802322,73.42857252274241,12.199999928474426,104.86
2007-04-02,19.10000028461218,9.314285853079387,-0.4000000059604645,55.77142940248762,0.0,104.84
2007-04-09,16.50000024586916,8.300000123679638,-1.0000000149011612,62.257143784846576,0.0,104.78
2007-04-16,24.8000003695488,13.785714491137437,2.1000000312924385,59.342858027134625,0.0,104.73
2007-04-23,24.100000359117985,11.24285731038877,0.2000000029802322,51.10000076144934,0.8999999761581421,104.64
2007-04-30,26.80000039935112,15.314285942486354,1.3000000193715096,53.60000079870224,0.1000000014901161,104.5
2007-05-07,23.600000351667404,13.814285920134612,1.80000002682209,48.671429296689375,10.90000019222498,104.42
2007-05-14,26.600000396370888,15.657143090452466,9.00000013411045,65.11428668456418,26.59999990463257,104.34
2007-05-21,29.60000044107437,15.800000235438347,5.000000074505806,57.50000085681677,4.5,104.3
2007-05-28,30.800000458955765,20.01428601252181,12.600000187754633,73.81428681420428,65.10000014305115,104.27
2007-06-04,23.600000351667404,15.885714522429875,7.300000108778477,74.02857253168311,5.699999883770943,104.24
2007-06-11,31.300000466406345,21.628571750862257,12.90000019222498,63.428572373730795,2.299999952316284,104.22
2007-06-18,29.60000044107437,20.68571459395545,13.100000195205212,64.07142952616725,31.7999999076128,104.19
2007-06-25,31.000000461936,19.80000029504299,13.000000193715096,66.71428670840604,22.49999938160181,104.17
2007-07-02,28.300000421702865,17.057143111314094,10.80000016093254,64.15714381315878,8.999999791383743,104.27
2007-07-09,24.600000366568565,17.00000025331974,12.500000186264517,65.75714383700064,18.399999409914017,104.31
2007-07-16,37.70000056177378,20.957143169428623,8.00000011920929,61.08571519596236,10.599999904632568,104.35
2007-07-23,32.20000047981739,22.0571431858199,13.100000195205212,63.485715231725145,35.99999958276749,104.39
2007-07-30,28.60000042617321,18.557143133665836,11.10000016540289,63.82857237969126,17.199999816715717,104.41
2007-08-06,28.60000042617321,17.600000262260437,8.50000012665987,61.685715204903055,0.3000000044703483,104.42
2007-08-13,29.800000444054604,19.485714576074056,11.900000177323818,78.14285830727646,14.600000262260437,104.42
2007-08-20,30.200000450015068,19.700000293552876,10.400000154972076,66.21428670095545,30.999999165534973,104.42
2007-08-27,27.000000402331352,19.01428599762065,10.500000156462193,73.45714395173958,11.700000047683716,104.43
2007-09-03,21.300000317394733,14.62857164655413,5.000000074505806,69.142858173166,17.90000019222498,104.44
2007-09-10,18.80000028014183,13.057143051709447,7.400000110268593,76.68571542842048,25.400000266730785,104.43
2007-09-17,25.80000038444996,14.314285927585193,6.400000095367432,70.55714390852621,1.6999999657273293,104.49
2007-09-24,24.600000366568565,13.68571448964732,5.000000074505806,69.95714389958552,6.099999904632568,104.55
2007-10-01,21.60000032186508,12.67142876024757,6.000000089406967,79.12857260767903,30.500000908970833,104.6
2007-10-08,20.30000030249357,12.32857161228146,5.500000081956387,82.82857266281333,4.200000107288361,104.69
2007-10-15,17.30000025779009,8.914285847118922,0.0,72.77142965580735,0.6000000238418579,104.74
2007-10-22,20.500000305473804,7.028571533305304,-2.0000000298023224,79.30000118166208,14.199999928474426,104.72
2007-10-29,12.90000019222498,6.528571525854724,-0.2000000029802322,86.21428699897868,3.4000000655651093,104.71
2007-11-05,13.100000195205212,8.171428693192345,1.100000016391277,84.157144111182,10.199999928474426,104.7
2007-11-12,10.500000156462193,5.128571504993098,0.4000000059604645,80.52857262854066,45.200000405311584,104.73
2007-11-19,7.200000107288361,2.0714286022952626,-2.200000032782554,84.98571555210012,11.999999642372131,104.88
2007-11-26,7.500000111758709,3.0285714737006595,-3.700000055134296,77.71428687231881,5.500000052154064,105.02
2007-12-03,10.900000162422655,4.200000062584877,-4.200000062584877,73.85714395770005,11.199999988079071,105.13
2007-12-10,14.600000217556952,7.000000104308128,3.000000044703484,73.27142966325793,5.899999849498272,105.25
2007-12-17,5.900000087916851,1.4571428788559777,-2.500000037252903,81.80000121891499,10.600000001490116,105.49
2007-12-24,0.2000000029802322,-2.8857143287147795,-6.70000009983778,82.0142869363938,0.0,105.55
2007-12-31,4.700000070035458,0.6428571524364607,-4.200000062584877,77.87142973180327,2.099999964237213,105.49
2008-01-07,6.200000092387199,-0.2571428609745844,-4.200000062584877,77.90000116080046,10.80000014603138,105.41
2008-01-14,7.900000117719173,3.514285766652652,-1.100000016391277,76.64285828492471,0.699999988079071,105.31
2008-01-21,14.100000210106373,7.700000114738941,2.1000000312924385,75.95714398899248,26.500000797212124,105.22
2008-01-28,11.400000169873238,6.228571521384375,1.0000000149011612,71.74285821190902,27.699999809265137,105.29
2008-02-04,9.80000014603138,4.371428636567933,-2.3000000342726707,72.02857250188079,3.3999999538064003,105.41
2008-02-11,12.4000001847744,5.642857226942267,-1.700000025331974,75.35714398005179,3.600000083446503,105.45
2008-02-18,6.200000092387199,1.2714285903743334,-7.700000114738941,71.70000106841326,0.700000025331974,105.47
2008-02-25,20.500000305473804,7.6142858277474135,-2.200000032782554,72.05714393087796,2.5999999791383743,105.41
2008-03-03,16.800000250339508,8.171428693192345,1.80000002682209,68.62857245121684,19.700000166893005,105.34
2008-03-10,14.100000210106373,5.128571504993098,-2.800000041723252,69.142858173166,1.4000000208616257,105.45
2008-03-17,13.600000202655792,7.500000111758709,0.0,67.1142867143665,11.899999961256981,105.55
2008-03-24,8.300000123679638,2.0857143167938506,-2.0000000298023224,76.98571543289083,11.099999904632568,105.6
2008-03-31,17.80000026524067,6.4285715243646075,-2.200000032782554,65.81428669499499,2.999999977648258,105.64
2008-04-07,16.300000242888927,6.885714388319424,-0.1000000014901161,80.31428691106183,27.200000077486038,105.67
2008-04-14,19.10000028461218,8.042857262705054,1.5000000223517418,75.28571540755885,46.50000071525574,105.68
2008-04-21,15.800000235438349,7.214285821786949,-0.2000000029802322,80.08571547908443,20.89999959617853,105.71
2008-04-28,22.100000329315662,11.757143032337938,1.600000023841858,65.57142954851899,4.6999999061226845,105.7
2008-05-05,18.6000002771616,12.45714304276875,4.000000059604645,71.8857153568949,9.900000095367432,105.64
2008-05-12,25.300000376999375,15.300000227987766,6.000000089406967,59.271429454641684,0.0,105.6
2008-05-19,24.600000366568565,15.400000229477882,4.500000067055225,67.91428672628743,4.800000071525574,105.52
2008-05-26,23.100000344216824,14.12857163910355,2.3000000342726707,67.15714385786227,0.7000000178813933,105.44
2008-06-02,31.20000046491623,21.285714602896146,11.000000163912771,65.35714383104018,25.600000381469727,105.38
2008-06-09,28.80000042915344,20.22857173000063,9.600000143051147,58.957143735672744,1.3000000268220901,105.3
2008-06-16,28.80000042915344,15.05714308151177,7.500000111758709,68.28571530325073,19.300000071525574,105.23
2008-06-23,31.80000047385693,19.314286002091,8.50000012665987,62.1142866398607,12.50000035762787,105.13
2008-06-30,29.10000043362379,19.371428860085352,10.600000157952309,63.20000094175339,20.30000038444996,105.03
2008-07-07,33.20000049471855,20.785714595445565,11.10000016540289,62.514286645821166,27.100000143051147,104.95
2008-07-14,28.700000427663326,17.471428831773146,11.400000169873238,75.38571540904897,16.799999967217445,104.86
2008-07-21,24.600000366568565,17.671428834753378,11.900000177323818,67.17142957236085,12.100000023841858,104.8
2008-07-28,32.20000047981739,20.214286015502044,9.500000141561031,69.34285817614624,2.5000000074505806,104.74
2008-08-04,33.80000050365925,22.785714625247888,14.500000216066836,60.5571437595146,2.400000050663948,104.69
2008-08-11,32.600000485777855,20.414286018482276,10.400000154972076,59.94285803607532,49.000001192092896,104.63
2008-08-18,27.000000402331352,17.914285981229373,10.400000154972076,71.58571535242456,24.79999953508377,104.58
2008-08-25,29.300000436604023,17.885714552232198,8.800000131130219,70.07142961557422,18.79999965429306,104.57
2008-09-01,25.100000374019142,18.100000269711018,11.10000016540289,70.77142962600503,1.899999976158142,104.53
2008-09-08,28.10000041872263,18.814285994640418,11.500000171363354,75.85714398750237,25.89999946951866,104.5
2008-09-15,26.700000397861004,14.55714307406119,5.000000074505806,70.62857248101916,0.0,104.47
2008-09-22,15.500000230968,9.557142999555383,3.1000000461936,78.35714402475527,13.500000104308128,104.43
2008-09-29,18.80000028014183,10.485714441963605,2.600000038743019,85.10000126808882,4.0,104.41
2008-10-06,18.100000269711018,10.614285872450896,1.700000025331974,75.25714397856167,10.799999833106995,104.4
2008-10-13,20.10000029951334,12.414285899272986,5.700000084936619,85.74285842052528,1.300000049173832,104.41
2008-10-20,19.60000029206276,10.700000159442425,2.500000037252903,78.71428688721997,7.5,104.44
2008-10-27,22.100000329315662,8.257142980183874,-0.800000011920929,82.91428694980485,20.899999767541885,104.48
2008-11-03,13.100000195205212,5.742857228432383,-0.5000000074505806,92.95714424231222,35.00000023841858,104.49
2008-11-10,16.50000024586916,9.985714434513024,5.500000081956387,87.51428701835019,0.3000000119209289,104.51
2008-11-17,14.100000210106373,7.271428679781301,-1.5000000223517418,78.85714403220585,0.4000000059604645,104.51
2008-11-24,10.000000149011612,3.057142902697836,-1.80000002682209,81.58571550143617,25.2999999076128,104.49
2008-12-01,8.00000011920929,3.1428571896893636,-3.000000044703484,79.38571546865361,1.9000000730156898,104.52
2008-12-08,8.50000012665987,3.6857143406357085,-2.3000000342726707,82.34285836986133,11.90000019222498,104.53
2008-12-15,7.500000111758709,2.9000000432133675,-2.3000000342726707,85.45714413055352,13.799999535083769,104.56
2008-12-22,10.100000150501728,5.04285721800157,0.4000000059604645,83.48571552974838,12.299999989569187,104.57
2008-12-29,6.400000095367432,-0.05714285799435207,-7.200000107288361,82.35714408435992,5.800000011920929,104.61
2009-01-05,0.5000000074505806,-3.2142857621823038,-15.400000229477882,82.55714408734015,8.3999999538064,104.63
2009-01-12,-2.0000000298023224,-8.271428694682461,-21.800000324845318,82.34285836986133,0.3000000119209289,104.6
2009-01-19,5.200000077486038,-0.9428571569068092,-7.500000111758709,83.77142981972013,5.799999967217445,104.58
2009-01-26,7.000000104308128,1.3000000193715096,-5.000000074505806,87.22857272837844,5.599999822676182,104.57
2009-02-02,5.000000074505806,0.0857142869915281,-2.500000037252903,83.2142869542752,1.200000025331974,104.57
2009-02-09,8.00000011920929,2.571428609745843,-3.400000050663948,80.55714405753783,1.4000000059604645,104.56
2009-02-16,8.50000012665987,-0.18571428848164423,-6.500000096857548,80.25714405306748,12.500000312924385,104.59
2009-02-23,4.500000067055225,-0.10000000149011612,-4.90000007301569,87.21428701387984,19.500000223517418,104.62
2009-03-02,10.600000157952309,4.8857143585171015,0.2000000029802322,85.14285841158458,14.29999965429306,104.68
2009-03-09,12.600000187754633,6.200000092387199,-0.2000000029802322,80.75714406051806,4.800000049173832,104.92
2009-03-16,13.100000195205212,6.214285806885788,1.100000016391277,81.92857264940228,24.300000250339508,105.28
2009-03-23,10.500000156462193,4.800000071525574,-0.800000011920929,69.05714388617447,14.199999786913395,105.57
2009-03-30,13.000000193715096,5.542857225452151,-2.500000037252903,73.05714394577912,5.700000122189522,105.7
2009-04-06,22.600000336766243,11.042857307408537,-1.80000002682209,66.77142956640039,0.0,105.78
2009-04-13,24.00000035762787,14.285714498588018,3.400000050663948,65.45714383253029,2.400000095367432,105.83
2009-04-20,23.300000347197056,12.82857161973204,2.0000000298023224,64.65714382060936,4.300000190734863,105.81
2009-04-27,24.100000359117985,13.228571625692505,1.3000000193715096,58.28571515423911,3.999999977648258,105.77
2009-05-04,24.100000359117985,14.25714306959084,4.200000062584877,62.42857235882963,2.3999999910593033,105.66
2009-05-11,23.300000347197056,13.671428775148732,3.400000050663948,71.01428677248103,9.700000181794167,105.54
2009-05-18,25.100000374019142,14.657143075551305,4.000000059604645,61.77142949189459,6.3000002056360245,105.43
2009-05-25,27.3000004068017,17.78571455074208,7.300000108778477,62.8285723647901,9.600000120699406,105.34
2009-06-01,31.20000046491623,14.214285926095076,7.000000104308128,75.60000112652779,40.89999973773956,105.29
2009-06-08,23.80000035464764,13.385714485176972,4.200000062584877,65.85714383849076,4.300000123679638,105.25
2009-06-15,24.600000366568565,15.985714523919992,6.900000102818012,67.40000100433826,35.39999961853027,105.14
2009-06-22,25.100000374019142,15.685714519449643,8.00000011920929,71.81428678440196,5.699999898672104,105.07
2009-06-29,24.300000362098217,17.6428574057562,12.000000178813934,84.157144111182,17.700000457465652,105.05
2009-07-06,28.50000042468309,20.81428602444274,13.600000202655792,76.771429715412,35.299999713897705,105.26
2009-07-13,27.200000405311584,17.45714311727456,10.100000150501728,68.74285816720554,10.600000098347664,105.5
2009-07-20,31.000000461936,19.97142886902605,13.100000195205212,71.42857249294009,29.599999122321606,105.55
2009-07-27,30.600000455975533,19.914286011031695,11.500000171363354,66.61428670691592,13.699999928474426,105.51
2009-08-03,32.20000047981739,19.785714580544404,10.100000150501728,63.17142951275621,13.600000023841858,105.43
2009-08-10,28.80000042915344,20.44285744747945,11.10000016540289,64.11428666966302,19.5,105.33
2009-08-17,31.500000469386578,19.985714583524636,12.000000178813934,68.70000102370977,18.899999618530273,105.27
2009-08-24,30.100000448524952,19.342857431088174,9.100000135600569,64.8571438235896,5.699999809265137,105.22
2009-08-31,29.60000044107437,19.45714314707688,8.50000012665987,65.71428669350487,16.700000405311584,105.13
2009-09-07,29.60000044107437,17.6428574057562,8.800000131130219,66.57142956342015,7.1000000312924385,105.04
2009-09-14,25.50000037997961,15.471428801970822,7.300000108778477,72.42857250784125,2.3999999091029167,104.94
2009-09-21,25.50000037997961,16.471428816871985,7.900000117719173,78.22857259426799,1.300000049173832,104.86
2009-09-28,24.300000362098217,14.671428790049893,4.700000070035458,76.98571543289083,0.0,104.77
2009-10-05,18.100000269711018,12.528571615261692,5.700000084936619,76.74285828641483,21.399999678134918,104.7
2009-10-12,24.50000036507845,12.614285902253219,2.500000037252903,82.42857265685286,16.800000205636024,104.66
2009-10-19,9.80000014603138,4.442857209060874,0.6000000089406967,88.48571560425418,42.80000042915344,104.68
2009-10-26,15.800000235438349,7.8714286887219975,-0.2000000029802322,86.78571557892221,11.29999989271164,104.73
2009-11-02,13.000000193715096,5.985714374908379,-1.80000002682209,87.51428701835019,26.099999248981476,104.78
2009-11-09,12.000000178813934,5.285714364477566,-0.9000000134110451,87.77142987932477,11.299999788403511,104.82
2009-11-16,14.600000217556952,8.400000125169754,3.9000000581145287,82.41428694235427,2.200000062584877,104.85
2009-11-23,14.500000216066836,10.057143007005964,3.400000050663948,76.57142971243177,7.1999999061226845,104.86
2009-11-30,16.00000023841858,9.514285856059619,2.7000000402331352,67.21428671585662,2.999999910593033,104.84
2009-12-07,11.10000016540289,4.3142857785735815,-0.2000000029802322,87.90000130981207,13.699999868869781,104.8
2009-12-14,7.500000111758709,2.5571428952472552,-3.200000047683716,90.21428705858332,19.000000089406967,104.8
2009-12-21,1.5000000223517418,-6.77142867233072,-16.00000023841858,80.64285834452936,3.5000000074505806,104.85
2009-12-28,11.400000169873238,2.528571466250079,-5.000000074505806,80.828572633011,16.399999916553497,104.88
2010-01-04,4.200000062584877,-1.0428571583969253,-10.600000157952309,91.8000013679266,23.90000043064356,104.97
2010-01-11,-1.80000002682209,-5.742857228432383,-13.800000205636024,88.17142988528524,9.700000144541264,105.03
2010-01-18,3.400000050663948,-0.9285714424082211,-11.500000171363354,82.90000123530626,3.700000047683716,105.04
2010-01-25,2.7000000402331352,-3.5714286246470044,-10.000000149011612,80.95714406349829,2.5999999046325684,105.07
2010-02-01,3.000000044703484,-2.9000000432133675,-15.100000225007534,77.68571544332164,5.300000011920929,105.04
2010-02-08,3.6000000536441803,-0.45714286395481646,-6.400000095367432,77.41428686784846,2.900000095367432,105.0
2010-02-15,0.5000000074505806,-3.5857143391455923,-9.600000143051147,82.08571550888675,5.199999965727329,104.97
2010-02-22,7.400000110268593,1.1000000163912775,-7.000000104308128,77.90000116080046,1.800000049173832,104.95
2010-03-01,12.500000186264517,6.228571521384375,1.700000025331974,72.61428679632289,4.700000077486038,104.99
2010-03-08,5.700000084936619,-1.2428571613771575,-11.500000171363354,73.75714395620993,2.7999999597668648,105.21
2010-03-15,6.500000096857548,0.3714285769632885,-11.500000171363354,76.11428684847695,15.199999809265137,105.34
2010-03-22,18.80000028014183,8.757142987634454,0.2000000029802322,68.82857245419707,8.000000193715096,105.34
2010-03-29,21.60000032186508,11.128571594400066,0.800000011920929,68.58571530772107,12.29999989271164,105.48
2010-04-05,20.10000029951334,9.142857279096331,0.9000000134110451,64.44285810313055,0.7999999895691872,105.69
2010-04-12,19.80000029504299,8.385714410671167,-0.5000000074505806,68.90000102669,10.500000149011612,105.77
2010-04-19,20.000000298023224,8.50000012665987,-0.800000011920929,73.52857252423253,7.400000214576721,105.77
2010-04-26,23.000000342726707,9.885714433022908,-1.0000000149011612,59.65714374610356,4.800000071525574,105.73
2010-05-03,26.100000388920307,14.571428788559777,4.200000062584877,69.55714389362505,14.00000000745058,105.64
2010-05-10,19.10000028461218,10.642857301448073,4.500000067055225,75.95714398899248,18.599999383091927,105.53
2010-05-17,18.30000027269125,10.957143020417009,6.500000096857548,75.9428582744939,11.500000037252903,105.45
2010-05-24,23.100000344216824,13.785714491137437,7.200000107288361,80.67142977352653,15.8999999538064,105.46
2010-05-31,20.500000305473804,13.4714287721685,7.000000104308128,77.21428686486823,27.69999998062849,105.49
2010-06-07,28.60000042617321,15.642857375953879,6.200000092387199,77.58571544183152,31.40000081062317,105.54
2010-06-14,30.300000451505184,19.857143153037345,11.30000016838312,70.17142961706433,11.699999928474426,105.71
2010-06-21,24.00000035762787,15.614285946956702,7.000000104308128,62.10000092536211,0.0,105.72
2010-06-28,29.300000436604023,19.071428855615004,9.600000143051147,59.828572320086614,0.0,105.66
2010-07-05,32.20000047981739,23.61428606616599,12.000000178813934,58.042858007763115,18.199999809265137,105.55
2010-07-12,36.20000053942204,23.78571464014905,11.500000171363354,56.54285798541137,4.699999809265137,105.4
2010-07-19,34.50000051409006,23.157143202211177,10.500000156462193,65.11428668456418,7.300000086426735,105.24
2010-07-26,33.20000049471855,19.95714315452746,11.800000175833702,72.05714393087796,67.60000205039978,105.16
2010-08-02,29.10000043362379,19.45714314707688,11.800000175833702,70.02857247207847,52.300000101327896,105.2
2010-08-09,26.50000039488077,18.37142884518419,11.500000171363354,80.01428690659148,37.30000019073486,105.22
2010-08-16,27.10000040382147,19.242857429598057,14.40000021457672,80.0000011920929,49.800000846385956,105.52
2010-08-23,31.500000469386578,19.742857437048638,10.100000150501728,70.25714390405587,9.700000047683716,105.79
2010-08-30,25.50000037997961,16.700000248849392,10.500000156462193,74.64285825512239,52.8999999538064,105.8
2010-09-06,18.6000002771616,12.071428751306874,4.200000062584877,82.21428693937403,10.999999858438969,105.79
2010-09-13,24.600000366568565,15.528571659965175,5.000000074505806,75.05714397558144,6.500000216066837,105.74
2010-09-20,19.000000283122063,12.885714477726392,4.200000062584877,74.70000111311674,16.499999836087227,105.66
2010-09-27,22.30000033229589,13.32857162718262,7.000000104308128,82.92857266430345,102.49999809265137,105.57
2010-10-04,15.400000229477882,10.557143014456544,3.000000044703484,81.62857264493194,3.200000047683716,105.75
2010-10-11,18.50000027567148,11.67142874534641,-0.4000000059604645,74.41428682314498,0.0,105.94
2010-10-18,12.10000018030405,6.514285811356136,-1.700000025331974,85.08571555359023,2.3999999463558197,105.91
2010-10-25,12.800000190734863,6.514285811356136,-0.5000000074505806,73.47142966623817,5.200000002980232,105.83
2010-11-01,16.100000239908695,8.014285833707877,-0.800000011920929,71.84285821339914,0.0,105.74
2010-11-08,18.30000027269125,9.900000147521496,0.9000000134110451,81.04285835048982,26.500000908970833,105.64
2010-11-15,20.10000029951334,9.6571430010455,-0.800000011920929,75.42857255254474,16.099999994039536,105.54
2010-11-22,9.600000143051147,5.671428655939443,0.800000011920929,89.04285846969911,24.10000053048134,105.53
2010-11-29,4.500000067055225,-0.14285714498588015,-5.000000074505806,87.01428701089961,20.700000047683716,105.54
2010-12-06,0.2000000029802322,-6.900000102818012,-15.100000225007534,83.07142980928931,10.000000029802322,105.51
2010-12-13,4.90000007301569,-0.30000000447034836,-5.4000000804662704,87.3714298733643,34.00000011920929,105.49
2010-12-20,5.4000000804662704,-4.685714355536869,-13.100000195205212,83.35714409926108,10.900000147521496,105.64
2010-12-27,4.700000070035458,-1.3714285918644495,-9.00000013411045,86.25714414247444,20.299999862909317,105.71
2011-01-03,2.800000041723252,-4.000000059604645,-18.30000027269125,84.32857268516507,1.6000000312924385,105.81
2011-01-10,10.600000157952309,1.5142857368503297,-9.00000013411045,82.22857265387263,5.100000023841858,105.81
2011-01-17,13.100000195205212,5.985714374908379,-0.9000000134110451,84.0428583951933,18.500000193715096,105.98
2011-01-24,9.500000141561031,1.0142857293997491,-2.7000000402331352,87.78571559382337,16.100000321865082,106.46
2011-01-31,3.6000000536441803,-1.9428571718079704,-10.30000015348196,84.642858404134,4.4999998807907104,106.6
2011-02-07,12.10000018030405,3.2142857621823038,-9.500000141561031,75.5857154120292,4.8000002056360245,106.55
2011-02-14,11.400000169873238,2.9428571867091313,-3.700000055134296,72.85714394279888,7.200000144541264,106.47
2011-02-21,4.000000059604645,-1.7285714543291502,-10.400000154972076,74.85714397260121,1.3000000268220901,106.4
2011-02-28,10.000000149011612,-3.2285714766808917,-14.100000210106373,67.65714386531285,0.0,106.3
2011-03-07,7.700000114738941,0.5142857219491687,-7.500000111758709,67.77142958130155,0.0,106.15
2011-03-14,16.00000023841858,7.528571540755885,-2.7000000402331352,60.81428662048919,2.3999999687075615,106.0
2011-03-21,14.000000208616257,5.771428657429559,-3.500000052154064,80.57142977203641,18.0,105.85
2011-03-28,15.600000232458116,6.400000095367432,-1.600000023841858,70.02857247207847,1.600000023841858,105.85
2011-04-04,24.300000362098217,12.757143047239099,-2.1000000312924385,65.70000097900629,13.30000014603138,105.81
2011-04-11,22.800000339746475,12.128571609301227,0.6000000089406967,62.54285807481834,0.0,105.76
2011-04-18,18.100000269711018,8.671428700642926,1.700000025331974,72.21428679036242,23.899999856948853,105.69
2011-04-25,25.50000037997961,14.185714497097901,2.200000032782554,59.18571516765015,0.4000000059604645,105.62
2011-05-02,23.300000347197056,12.285714468785695,2.7000000402331352,70.60000105202198,7.599999904632568,105.53
2011-05-09,24.300000362098217,10.828571589929718,-0.2000000029802322,61.02857233796801,1.600000023841858,105.42
2011-05-16,27.500000409781933,14.957143080021654,6.200000092387199,66.70000099390745,15.299999810755253,105.32
2011-05-23,27.3000004068017,18.128571698708193,9.00000013411045,65.05714382656983,2.6999999284744263,105.23
2011-05-30,29.000000432133675,17.485714546271733,7.000000104308128,52.67142935629402,2.0999999046325684,105.15
2011-06-06,30.600000455975533,20.10000029951334,9.500000141561031,61.50000091642141,19.40000009536743,105.09
2011-06-13,27.60000041127205,18.500000275671482,8.50000012665987,64.17142952765737,7.500000096857548,105.04
2011-06-20,29.200000435113907,18.64285742065736,11.500000171363354,64.0142866681729,13.400000132620335,105.0
2011-06-27,28.300000421702865,17.628571691257612,10.30000015348196,72.58571536732572,14.199999988079071,104.95
2011-07-04,30.600000455975533,16.12857166890587,7.300000108778477,73.38571537924665,39.69999885559082,104.9
2011-07-11,30.100000448524952,20.67142887945686,11.10000016540289,70.52857247952905,21.29999979585409,104.87
2011-07-18,29.60000044107437,20.0285717270204,12.10000018030405,60.271429469542845,12.100000262260437,104.87
2011-07-25,26.200000390410423,16.457143102373397,8.800000131130219,68.58571530772107,34.900000274181366,104.9
2011-08-01,26.00000038743019,16.600000247359276,9.3000001385808,80.60000120103359,71.70000123977661,105.07
2011-08-08,28.50000042468309,20.0285717270204,12.500000186264517,77.12857257787671,32.700000286102295,105.15
2011-08-15,27.3000004068017,18.328571701688425,11.60000017285347,71.55714392342738,25.500000312924385,105.16
2011-08-22,29.800000444054604,20.328571731490747,10.500000156462193,73.57142966772828,18.200000405311584,105.13
2011-08-29,32.50000048428774,20.957143169428623,10.400000154972076,70.90000105649233,8.699999690055847,105.12
2011-09-05,29.300000436604023,17.314285972288676,7.300000108778477,70.75714391150645,12.800000190734863,105.09
2011-09-12,29.300000436604023,18.21428598569972,10.500000156462193,71.10000105947256,11.200000055134296,105.05
2011-09-19,25.100000374019142,15.314285942486354,6.200000092387199,75.28571540755885,28.00000001490116,105.03
2011-09-26,25.700000382959843,14.442857358072485,6.500000096857548,76.6571439994233,0.0,104.99
2011-10-03,27.200000405311584,16.171428812401636,7.200000107288361,76.0571439904826,0.0,104.94
2011-10-10,25.80000038444996,13.1142859097038,4.200000062584877,75.88571541649955,18.100000239908695,104.89
2011-10-17,17.600000262260437,8.64285727164575,-1.600000023841858,75.75714398601225,8.200000047683716,104.9
2011-10-24,19.500000290572643,7.000000104308128,-2.500000037252903,78.27142973776374,3.0000000074505806,104.95
2011-10-31,16.300000242888927,10.728571588439602,5.200000077486038,82.3857155133571,0.7000000104308128,104.96
2011-11-07,16.100000239908695,9.72857157353844,4.700000070035458,75.2142868350659,0.0,104.93
2011-11-14,12.10000018030405,4.500000067055225,-3.9000000581145287,79.82857261810985,0.0,104.89
2011-11-21,9.400000140070915,2.8000000417232513,-3.700000055134296,85.1142869825874,0.0,104.85
2011-11-28,12.10000018030405,4.414285780063698,-1.80000002682209,79.14285832217762,0.3000000044703483,104.8
2011-12-05,13.90000020712614,5.414285794964859,-2.3000000342726707,79.02857260618892,14.700000159442425,104.75
2011-12-12,11.000000163912771,4.171428633587701,-2.7000000402331352,72.75714394130877,8.100000023841858,104.77
2011-12-19,11.800000175833702,4.514285781553814,0.800000011920929,73.64285824022123,6.100000061094761,104.81
2011-12-26,9.80000014603138,5.000000074505806,-2.3000000342726707,82.1428583668811,11.300000205636024,104.86
2012-01-02,13.100000195205212,6.128571519894259,0.800000011920929,80.51428691404206,7.700000107288361,104.93
2012-01-09,11.900000177323818,5.128571504993098,1.3000000193715096,76.91428686039788,23.699999883770943,105.01
2012-01-16,10.100000150501728,3.6714286261371205,-3.500000052154064,78.54285831323692,9.10000005364418,105.18
2012-01-23,7.700000114738941,3.4571429086583003,-2.7000000402331352,80.27142976756606,29.79999929666519,105.32
2012-01-30,3.000000044703484,-1.4714285933545657,-8.800000131130219,76.71428685741765,1.0,105.5
2012-02-06,-3.200000047683716,-10.957143020417009,-18.30000027269125,72.1285725033709,0.0,105.61
2012-02-13,-1.5000000223517418,-9.871428718524319,-20.30000030249357,78.40000116825104,2.3999999836087227,105.56
2012-02-20,9.500000141561031,2.0857143167938506,-9.00000013411045,77.20000115036964,10.599999882280827,105.46
2012-02-27,12.300000183284284,5.057142932500158,-5.700000084936619,74.57142968262944,7.200000107288361,105.46
2012-03-05,11.10000016540289,6.885714388319424,-1.600000023841858,73.9142868156944,4.799999929964542,105.61
2012-03-12,11.000000163912771,4.942857216511454,-3.200000047683716,71.78571535540479,6.200000151991844,105.8
2012-03-19,23.100000344216824,9.08571442110198,0.2000000029802322,66.25714384445122,2.7000000029802322,105.81
2012-03-26,18.6000002771616,8.85714298912457,-1.3000000193715096,69.45714389213494,0.0,105.81
2012-04-02,18.6000002771616,8.057142977203641,0.0,67.01428671287638,3.4999999403953552,105.77
2012-04-09,17.100000254809856,5.68571437043803,-2.500000037252903,69.42857246313777,3.000000104308129,105.69
2012-04-16,18.50000027567148,8.657142986144338,-1.0000000149011612,68.05714387127331,16.299999810755253,105.58
2012-04-23,18.100000269711018,9.642857286546912,-1.80000002682209,58.31428658323629,3.7999998927116394,105.5
2012-04-30,29.800000444054604,17.414285973778792,3.6000000536441803,54.8428579600794,4.699999809265137,105.44
2012-05-07,30.600000455975533,15.328571656984943,5.000000074505806,71.94285821488926,8.300000071525574,105.4
2012-05-14,30.800000458955765,15.157143083001886,1.80000002682209,65.71428669350487,12.999999761581421,105.35
2012-05-21,27.700000412762165,14.328571642083782,2.7000000402331352,55.70000082999468,4.099999904632568,105.28
2012-05-28,30.500000454485416,19.585714577564172,7.000000104308128,53.00000078976154,0.800000011920929,105.18
2012-06-04,24.8000003695488,14.442857358072485,8.00000011920929,68.95714388468436,22.59999990463257,105.07
2012-06-11,25.100000374019142,15.77142880644117,4.400000065565109,68.58571530772107,3.0999999940395355,104.98
2012-06-18,32.20000047981739,18.042857411716664,8.50000012665987,71.61428678142173,21.500000327825546,104.91
2012-06-25,27.80000041425228,18.72857170764889,11.000000163912771,70.28571533305305,24.399999618530273,104.9
2012-07-02,31.80000047385693,20.428571732980863,8.00000011920929,71.25714391895703,33.200000524520874,104.89
2012-07-09,29.800000444054604,20.428571732980863,14.40000021457672,79.8714297616056,42.60000038146973,104.9
2012-07-16,26.00000038743019,17.571428833263262,9.80000014603138,69.90000104159117,20.900000147521496,104.92
2012-07-23,26.00000038743019,17.614285976759025,8.100000120699406,67.64285815081426,2.9000001102685933,104.9
2012-07-30,32.80000048875809,22.942857484732354,10.500000156462193,64.90000096708536,6.599999815225601,104.88
2012-08-06,32.70000048726797,20.88571459693568,12.000000178813934,72.40000107884407,9.3999999538064,104.86
2012-08-13,24.600000366568565,17.042857396815503,6.500000096857548,64.80000096559525,1.900000050663948,104.85
2012-08-20,39.50000058859587,20.800000309944153,8.00000011920929,60.342858042035786,3.200000047683716,104.83
2012-08-27,32.20000047981739,20.44285744747945,11.800000175833702,71.32857249144998,38.799999952316284,104.79
2012-09-03,28.000000417232517,17.828571694237844,9.400000140070915,78.05714402028492,20.299999810755253,104.74
2012-09-10,29.300000436604023,17.385714544781617,7.500000111758709,72.65714393981865,1.100000023841858,104.73
2012-09-17,30.200000450015068,15.314285942486354,6.000000089406967,75.27142969306026,15.700000286102297,104.71
2012-09-24,26.50000039488077,12.885714477726392,4.500000067055225,71.80000106990337,13.899999670684336,104.71
2012-10-01,23.300000347197056,14.157143068100725,5.500000081956387,73.45714395173958,9.799999713897705,104.7
2012-10-08,22.800000339746475,12.928571621222156,4.500000067055225,73.50000109523535,5.1999999061226845,104.69
2012-10-15,15.600000232458116,8.971428705113274,2.200000032782554,76.85714400240353,3.5000000298023224,104.72
2012-10-22,19.80000029504299,11.071428736405712,2.200000032782554,81.38571549845594,0.0,104.71
2012-10-29,11.000000163912771,4.871428644018514,-3.6000000536441803,87.08571558339256,11.800000071525574,104.71
2012-11-05,12.300000183284284,7.342857252274241,-0.4000000059604645,80.1142869080816,11.800000131130219,104.74
2012-11-12,11.900000177323818,8.028571548206466,4.200000062584877,80.18571548057454,10.599999621510506,104.77
2012-11-19,10.600000157952309,3.442857194159712,-3.200000047683716,86.34285842946598,0.2000000029802322,104.81
2012-11-26,11.10000016540289,5.900000087916851,-2.3000000342726707,85.3571441290634,0.2000000029802322,104.78
2012-12-03,9.00000013411045,2.3428571777684346,-4.000000059604645,89.62857276414123,51.20000050216913,104.78
2012-12-10,4.000000059604645,-2.414285750261375,-13.300000198185444,85.21428698407752,13.89999983459711,104.8
2012-12-17,6.000000089406967,-0.45714286395481657,-8.800000131130219,86.61428700493914,10.999999955296516,104.75
2012-12-24,13.300000198185444,2.7000000402331352,-2.7000000402331352,91.22857278798308,31.700000643730164,104.82
2012-12-31,14.500000216066836,6.0428572329027315,-2.600000038743019,72.6000010818243,2.499999977648258,104.99
2013-01-07,10.100000150501728,6.671428670840604,2.0000000298023224,85.3571441290634,26.999999701976776,105.26
2013-01-14,7.400000110268593,0.8714285844138691,-7.400000110268593,86.98571558190244,16.10000005364418,105.52
2013-01-21,-1.0000000149011612,-4.300000064074993,-7.500000111758709,84.02857268069472,3.3000000044703484,105.69
2013-01-28,5.500000081956387,-5.428571509463446,-15.400000229477882,82.9714298077992,3.299999952316284,105.67
2013-02-04,14.500000216066836,5.428571509463446,-2.0000000298023224,78.75714403071574,24.899999618530273,105.7
2013-02-11,8.800000131130219,-0.6571428669350488,-7.700000114738941,79.97142976309571,3.7999999299645424,105.93
2013-02-18,2.7000000402331352,-0.5000000074505806,-6.70000009983778,89.92857276861157,6.300000004470348,106.03
2013-02-25,4.000000059604645,-1.1571428743856293,-4.500000067055225,90.75714420952967,19.2000000923872,105.98
2013-03-04,7.800000116229057,1.714285739830562,-3.6000000536441803,85.20000126957893,0.3000000044703483,105.97
2013-03-11,13.100000195205212,3.442857194159712,-4.400000065565109,78.77142974521432,6.099999934434891,105.98
2013-03-18,6.000000089406967,-2.3428571777684346,-14.100000210106373,73.40000109374523,11.999999910593033,106.01
2013-03-25,5.900000087916851,-1.8428571703178542,-10.600000157952309,71.74285821190902,2.1000000312924385,105.98
2013-04-01,4.200000062584877,-0.28571428997176035,-6.000000089406967,74.21428682016474,6.700000114738941,105.93
2013-04-08,9.900000147521496,1.8714285993150301,-3.500000052154064,74.35714396515063,0.800000011920929,105.85
2013-04-15,22.000000327825543,10.51428587096078,1.5000000223517418,70.48571533603328,9.50000011920929,105.76
2013-04-22,27.500000409781933,14.371428785579544,2.200000032782554,59.18571516765015,0.7000000029802322,105.77
2013-04-29,27.3000004068017,13.457143057669912,4.000000059604645,70.00000104308128,5.30000002682209,105.75
2013-05-06,21.60000032186508,12.257143039788518,5.700000084936619,79.72857261661973,6.499999813735485,105.72
2013-05-13,24.8000003695488,14.928571651024479,4.90000007301569,80.32857262556043,26.09999990463257,105.68
2013-05-20,26.00000038743019,17.2857145432915,6.500000096857548,63.928572381181375,10.100000023841858,105.67
2013-05-27,19.10000028461218,10.314285867980548,4.200000062584877,78.0857154492821,34.100000858306885,105.65
2013-06-03,19.60000029206276,12.200000181794167,7.800000116229057,93.00000138580799,152.69999885559082,105.72
2013-06-10,24.50000036507845,15.842857378934111,4.500000067055225,81.3000012114644,18.100000381469727,106.54
2013-06-17,29.000000432133675,18.9571431396263,8.800000131130219,62.91428665178163,3.700000047683716,107.15
2013-06-24,35.50000052899122,22.957143199230945,14.100000210106373,66.34285813144275,45.89999924600125,107.04
2013-07-01,25.300000376999375,14.357143071080957,8.50000012665987,75.8285725585052,33.30000076442957,106.97
2013-07-08,27.10000040382147,20.157143157507694,11.500000171363354,71.15714391746691,0.8999999761581421,106.86
2013-07-15,28.50000042468309,18.500000275671482,11.30000016838312,67.28571528834956,0.0,106.67
2013-07-22,32.100000478327274,21.200000315904617,11.000000163912771,60.67142947550331,0.0,106.46
2013-07-29,36.700000546872616,24.800000369548798,12.10000018030405,59.54285803011486,42.10000038146973,106.23
2013-08-05,34.70000051707029,23.157143202211177,13.90000020712614,67.77142958130155,16.89999981224537,106.02
2013-08-12,34.00000050663948,19.914286011031695,10.900000162422655,74.48571539563792,19.00000011175871,105.88
2013-08-19,31.000000461936,18.857143138136184,7.400000110268593,63.428572373730795,4.0,105.77
2013-08-26,25.600000381469727,16.84285739383527,8.50000012665987,71.45714392193726,0.7000000104308128,105.64
2013-09-02,26.100000388920307,16.58571453286069,7.400000110268593,68.25714387425354,2.5999999046325684,105.52
2013-09-09,27.80000041425228,18.185714556702546,9.80000014603138,75.30000112205744,18.00000023841858,105.43
2013-09-16,22.800000339746475,14.428571643573898,8.400000125169754,79.2714297526649,6.399999909102917,105.36
2013-09-23,17.30000025779009,12.68571447474616,6.900000102818012,81.25714406796864,5.1999999433755875,105.34
2013-09-30,17.100000254809856,10.271428724484784,0.1000000014901161,80.74285834601947,8.199999988079071,105.32
2013-10-07,16.100000239908695,8.685714415141515,-1.100000016391277,69.70000103861094,0.0,105.26
2013-10-14,19.10000028461218,10.814285875431128,3.700000055134296,85.20000126957893,43.59999942779541,105.21
2013-10-21,19.80000029504299,11.057143021907125,3.400000050663948,83.04285838029215,7.599999964237213,105.22
2013-10-28,24.300000362098217,15.871428807931286,5.500000081956387,72.57142965282712,2.900000035762787,105.23
2013-11-04,17.100000254809856,9.600000143051147,0.5000000074505806,72.42857250784125,4.099999964237213,105.22
2013-11-11,17.100000254809856,9.271428709583622,2.7000000402331352,78.8000011742115,10.5,105.16
2013-11-18,9.100000135600569,3.2428571911794797,-1.0000000149011612,91.04285849950143,2.0999999567866325,105.15
2013-11-25,8.300000123679638,4.171428633587701,-1.100000016391277,89.80000133812428,6.599999904632568,105.14
2013-12-02,7.500000111758709,3.185714333185128,-6.800000101327896,84.55714411714247,2.500000052154064,105.11
2013-12-09,8.100000120699406,3.17142861868654,-2.7000000402331352,81.81428693341357,18.900000005960464,105.07
2013-12-16,9.900000147521496,4.128571490091937,-2.500000037252903,88.98571561170476,0.6000000089406967,105.09
2013-12-23,12.000000178813934,3.4714286231568883,-0.9000000134110451,80.05714405008725,2.600000023841858,105.12
2013-12-30,10.500000156462193,5.800000086426735,-1.700000025331974,78.51428688423974,0.800000011920929,105.08
2014-01-06,9.400000140070915,4.3142857785735815,-1.3000000193715096,81.04285835048982,5.299999929964542,105.07
2014-01-13,14.500000216066836,6.157142948891435,-2.7000000402331352,75.2142868350659,3.8999999538064003,105.07
2014-01-20,7.000000104308128,3.17142861868654,-0.6000000089406967,90.85714421101979,10.299999989569187,105.04
2014-01-27,0.2000000029802322,-3.857142914618765,-13.300000198185444,86.82857272241797,6.500000089406967,105.03
2014-02-03,5.500000081956387,0.6142857234392849,-5.700000084936619,81.25714406796864,2.8000000715255737,105.0
2014-02-10,10.100000150501728,4.357142922069345,-1.100000016391277,71.27142963345561,0.1000000014901161,104.97
2014-02-17,11.400000169873238,5.4000000804662704,-2.1000000312924385,68.82857245419707,3.400000035762787,104.94
2014-02-24,13.600000202655792,5.957142945911203,-1.5000000223517418,71.95714392938784,2.999999910593033,104.91
2014-03-03,12.500000186264517,5.471428652959211,-1.3000000193715096,75.71428684251649,0.0,104.87
2014-03-10,16.600000247359276,6.442857238863196,-1.3000000193715096,75.44285826704332,0.0,104.81
2014-03-17,18.100000269711018,8.085714406200818,-2.0000000298023224,67.41428671883685,5.799999929964542,104.76
2014-03-24,23.100000344216824,10.942857305918421,3.000000044703484,66.6428581359131,16.700000442564487,104.73
2014-03-31,20.30000030249357,7.628571542246001,-0.5000000074505806,76.35714399495295,0.5000000149011611,104.78
2014-04-07,23.600000351667404,12.90000019222498,2.600000038743019,70.9428581999881,5.400000095367432,104.78
2014-04-14,20.500000305473804,10.357143011476312,2.0000000298023224,67.98571529878038,7.600000038743019,104.74
2014-04-21,19.60000029206276,9.257142995085035,-1.5000000223517418,70.44285819253751,6.999999865889549,104.71
2014-04-28,23.80000035464764,14.957143080021654,6.800000101327896,77.17142972137246,2.5,104.59
2014-05-05,23.300000347197056,9.885714433022908,-0.800000011920929,76.07142970498118,8.50000011920929,104.48
2014-05-12,21.1000003144145,14.142857353602137,4.700000070035458,64.07142952616725,8.999999910593033,104.41
2014-05-19,22.600000336766243,11.828571604830879,5.900000087916851,74.11428681867463,19.299999743700027,104.36
2014-05-26,29.60000044107437,19.51428600507123,10.000000149011612,67.91428672628743,27.000000476837158,104.35
2014-06-02,23.300000347197056,13.500000201165676,6.000000089406967,77.77142973031316,43.999999046325684,104.4
2014-06-09,34.20000050961971,20.771428880946978,7.700000114738941,54.057143662657055,0.6000000238418579,104.54
2014-06-16,34.70000051707029,18.9571431396263,7.400000110268593,66.01428669797522,6.1999999061226845,104.47
2014-06-23,25.300000376999375,16.07142881091152,9.400000140070915,63.95714381017855,2.2999999076128006,104.24
2014-06-30,26.100000388920307,16.114285954407283,8.00000011920929,75.87142970200095,28.39999993145466,104.09
2014-07-07,31.500000469386578,21.014286027422973,8.800000131130219,58.22857229624476,11.599999904632568,104.02
2014-07-14,27.80000041425228,18.042857411716664,10.100000150501728,82.3857155133571,47.39999985694885,103.96
2014-07-21,34.50000051409006,23.514286064675876,14.300000213086603,63.9000009521842,7.800000190734863,103.92
2014-07-28,30.300000451505184,21.500000320374966,13.500000201165676,72.957143944289,16.700000286102295,103.87
2014-08-04,30.600000455975533,21.11428602891309,11.500000171363354,78.02857259128776,23.099999584257603,103.9
2014-08-11,31.300000466406345,20.90000031143427,13.000000193715096,71.40000106394291,11.900000095367432,104.06
2014-08-18,24.50000036507845,17.185714541801385,11.000000163912771,70.74285819700786,21.000000216066837,104.08
2014-08-25,22.800000339746475,14.828571649534362,6.000000089406967,67.54285814932415,7.699999883770943,104.07
2014-09-01,24.00000035762787,15.585714517959527,6.800000101327896,80.64285834452936,17.100000001490116,104.07
2014-09-08,28.700000427663326,17.485714546271733,10.400000154972076,84.97142983760152,8.399999856948853,104.1
2014-09-15,24.600000366568565,16.37142881538187,11.500000171363354,87.78571559382337,27.100000381469727,104.17
2014-09-22,25.700000382959843,16.957143109823978,9.00000013411045,81.12857263748135,44.99999962002039,104.3
2014-09-29,24.300000362098217,13.18571448219674,4.400000065565109,81.60000121593475,3.0000000596046448,104.48
2014-10-06,20.800000309944156,13.98571449411767,7.000000104308128,84.68571554762977,3.299999952316284,104.65
2014-10-13,21.1000003144145,15.642857375953879,10.400000154972076,82.21428693937403,9.900000430643559,104.72
2014-10-20,20.60000030696392,14.442857358072485,8.600000128149986,84.7571441201227,8.999999836087227,104.74
2014-10-27,17.00000025331974,9.44285728356668,2.800000041723252,84.48571554464954,16.500000096857548,104.81
2014-11-03,17.00000025331974,9.21428585158927,2.800000041723252,81.92857264940228,0.0,104.95
2014-11-10,15.100000225007534,8.814285845628806,2.200000032782554,85.94285842350551,1.5,104.96
2014-11-17,15.000000223517418,10.52857158545937,3.700000055134296,84.45714411565235,0.8999999761581421,104.94
2014-11-24,9.80000014603138,5.742857228432383,2.3000000342726707,86.60000129044056,5.700000122189522,104.94
2014-12-01,8.300000123679638,2.728571469230311,-1.3000000193715096,79.72857261661973,0.0,104.92
2014-12-08,9.00000013411045,3.257142905678068,-3.200000047683716,82.90000123530626,1.5999999567866325,104.88
2014-12-15,12.000000178813934,4.185714348086289,-5.000000074505806,84.22857268367495,12.299999982118607,104.85
2014-12-22,13.600000202655792,7.557142969753061,1.3000000193715096,77.07142971988235,13.000000074505806,104.84
2014-12-29,11.60000017285347,1.6142857383404459,-8.50000012665987,79.98571547759431,14.400000095367432,104.89
2015-01-05,8.50000012665987,2.0000000298023224,-6.000000089406967,85.81428699301821,11.199999839067459,104.91
2015-01-12,15.800000235438349,5.314285793474743,-0.6000000089406967,78.77142974521432,23.399999916553497,104.94
2015-01-19,14.40000021457672,5.142857219491686,-3.700000055134296,74.80000111460686,3.2999999821186066,105.14
2015-01-26,5.500000081956387,0.9714285859039852,-1.3000000193715096,89.10000132769346,9.000000223517418,105.28
2015-02-02,6.000000089406967,2.3428571777684346,-2.600000038743019,77.17142972137246,5.300000220537186,105.33
2015-02-09,5.000000074505806,0.1714285739830562,-4.700000070035458,78.75714403071574,3.1000000312924385,105.3
2015-02-16,8.00000011920929,2.571428609745843,-3.500000052154064,79.48571547014373,0.0,105.25
2015-02-23,12.4000001847744,3.057142902697836,-4.000000059604645,76.40000113844872,2.0,105.2
2015-03-02,10.000000149011612,3.8714286291173527,-4.500000067055225,74.41428682314498,5.40000007301569,105.13
2015-03-09,14.900000222027302,6.257142950381551,0.6000000089406967,66.8714295678905,1.9000000059604645,105.07
2015-03-16,14.100000210106373,5.428571509463446,-0.5000000074505806,81.07142977948699,6.799999952316284,105.02
2015-03-23,17.30000025779009,5.642857226942267,-4.200000062584877,65.04285811207124,0.1000000014901161,104.97
2015-03-30,19.30000028759241,8.628571557147163,-0.9000000134110451,69.8571438980954,13.599999830126762,104.93
2015-04-06,14.100000210106373,4.071428632097585,-3.200000047683716,74.38571539414781,22.400000169873238,104.98
2015-04-13,22.100000329315662,10.585714443453721,-2.200000032782554,62.071429496364935,0.3000000044703483,105.1
2015-04-20,23.80000035464764,10.30000015348196,-1.0000000149011612,59.44285802862474,0.1000000014901161,105.16
2015-04-27,24.00000035762787,12.857143048729215,0.4000000059604645,63.485715231725145,22.50000035762787,105.16
2015-05-04,23.80000035464764,10.87142873342548,1.3000000193715096,69.2571438891547,21.20000047981739,105.12
2015-05-11,23.600000351667404,15.41428594397647,4.200000062584877,62.17142949785505,5.200000107288361,105.07
2015-05-18,26.700000397861004,13.75714306214026,2.200000032782554,59.771429462092264,3.3999999091029167,105.03
2015-05-25,22.600000336766243,14.34285735658237,4.000000059604645,61.58571520341294,2.700000047683716,104.94
2015-06-01,23.600000351667404,14.271428784089428,4.90000007301569,63.52857237522091,8.099999859929085,104.85
2015-06-08,33.600000500679016,19.371428860085352,8.900000132620335,58.157143723751815,13.499999821186066,104.76
2015-06-15,31.100000463426117,17.385714544781617,8.600000128149986,73.22857251976218,12.399999812245369,104.69
2015-06-22,20.60000030696392,14.11428592460496,5.500000081956387,71.40000106394291,25.100000008940697,104.65
2015-06-29,26.600000396370888,16.828571679336683,9.00000013411045,69.71428675310952,6.0999999567866325,104.61
2015-07-06,37.500000558793545,25.042857516024792,12.300000183284284,53.24285793623754,2.299999952316284,104.56
2015-07-13,34.80000051856041,18.742857422147477,7.800000116229057,61.54285805991718,10.30000002682209,104.5
2015-07-20,35.30000052601099,22.600000336766243,15.300000227987766,65.57142954851899,10.499999940395355,104.45
2015-07-27,35.200000524520874,22.157143187310016,13.300000198185444,59.94285803607532,21.300000369548798,104.42
2015-08-03,32.100000478327274,19.128571713609354,8.50000012665987,53.67142937119518,0.1000000014901161,104.38
2015-08-10,38.70000057667494,26.528571823877947,16.300000242888927,52.94285793176719,0.1000000014901161,104.34
2015-08-17,36.10000053793192,24.228571789605276,16.100000239908695,68.42857244823661,71.09999866783619,104.3
2015-08-24,27.3000004068017,17.914285981229373,9.3000001385808,73.34285823575088,44.399999141693115,104.34
2015-08-31,35.30000052601099,21.24285745940038,11.800000175833702,68.42857244823661,0.6000000238418579,104.36
2015-09-07,31.500000469386578,15.571428803460938,8.00000011920929,75.71428684251649,22.699999764561653,104.32
2015-09-14,25.300000376999375,15.028571652514595,6.200000092387199,76.34285828045437,5.600000001490116,104.31
2015-09-21,30.200000450015068,16.04285738191434,10.400000154972076,75.27142969306026,13.199999570846558,104.3
2015-09-28,19.60000029206276,12.371428755777222,3.700000055134296,80.85714406200817,2.299999952316284,104.28
2015-10-05,21.000000312924385,11.01428587841136,0.2000000029802322,77.55714401283434,0.1000000014901161,104.27
2015-10-12,19.000000283122063,9.485714427062444,-3.200000047683716,78.98571546269315,33.200000524520874,104.27
2015-10-19,11.400000169873238,6.4571429533617835,1.80000002682209,91.95714422741106,20.499999977648258,104.29
2015-10-26,14.500000216066836,9.042857277606215,3.000000044703484,87.05714415439537,4.9999998807907104,104.32
2015-11-02,16.800000250339508,9.642857286546912,2.200000032782554,73.50000109523535,0.0,104.31
2015-11-09,18.30000027269125,10.771428731935364,1.100000016391277,80.95714406349829,9.800000227987766,104.29
2015-11-16,16.800000250339508,12.085714465805463,6.000000089406967,76.9000011458993,17.500000059604645,104.28
2015-11-23,16.600000247359276,7.471428682761533,-2.200000032782554,79.71428690212113,19.900000020861626,104.34
2015-11-30,11.800000175833702,3.4857143376554762,-4.400000065565109,82.7428583758218,22.399999156594273,104.43
2015-12-07,13.800000205636024,7.828571545226233,0.2000000029802322,77.54285829833576,1.2000000029802322,104.51
2015-12-14,11.400000169873238,4.90000007301569,-1.700000025331974,82.31428694086415,7.599999904632568,104.59
2015-12-21,13.40000019967556,7.657142971243177,3.700000055134296,88.15714417078665,8.20000022649765,104.62
2015-12-28,16.600000247359276,10.185714437493257,1.600000023841858,77.45714401134423,2.9999999701976776,104.64
2016-01-04,7.300000108778477,0.4285714349576405,-4.000000059604645,78.11428687827927,2.700000047683716,104.64
2016-01-11,7.200000107288361,0.9428571569068092,-4.000000059604645,84.60000126063824,14.199999749660492,104.59
2016-01-18,7.000000104308128,0.9571428714053971,-11.500000171363354,85.58571556104081,11.49999988079071,104.58
