Date,TASMAX,TAS,TASMIN,Humidity,Precipitation,GWL
1969-01-13,3.700000055134296,-1.0714285873941012,-5.000000074505806,88.07142988379512,6.400000050663948,186.73
1969-01-20,7.000000104308128,2.628571467740195,-1.0000000149011612,84.85714412161282,4.099999964237213,186.81
1969-01-27,9.600000143051147,3.185714333185128,-1.100000016391277,88.85714418121746,8.199999906122684,186.89
1969-02-03,8.00000011920929,3.628571482641356,-1.5000000223517418,81.27142978246722,15.100000001490116,186.97
1969-02-10,1.700000025331974,-2.6571428967373714,-8.900000132620335,79.58571547163385,5.900000087916851,187.0
1969-02-17,0.4000000059604645,-5.571428654449327,-15.400000229477882,83.40000124275684,15.999999850988388,187.0
1969-02-24,8.800000131130219,0.12857143048729217,-8.400000125169754,83.85714410671166,7.20000009983778,187.03
1969-03-03,7.400000110268593,1.4571428788559777,-1.80000002682209,81.50000121444464,0.5000000074505806,187.05
1969-03-10,10.100000150501728,1.4285714498588018,-5.000000074505806,66.02857241247382,0.800000011920929,187.14
1969-03-17,14.600000217556952,4.028571488601821,-1.700000025331974,88.50000131875277,30.200000286102295,187.28
1969-03-24,5.500000081956387,1.0857143018926894,-2.500000037252903,78.07142973478351,0.6000000089406967,187.18
1969-03-31,9.00000013411045,2.8571428997176036,-3.6000000536441803,75.9428582744939,13.199999906122684,187.06
1969-04-07,21.1000003144145,7.271428679781301,-1.5000000223517418,60.885715192982126,0.800000011920929,187.04
1969-04-14,22.800000339746475,9.200000137090683,-0.9000000134110451,66.8714295678905,11.000000096857548,186.95
1969-04-21,10.30000015348196,4.100000061094761,-3.400000050663948,77.61428687082869,13.300000011920929,186.87
1969-04-28,20.60000030696392,10.857143018926893,6.000000089406967,77.21428686486823,9.799999713897705,186.79
1969-05-05,21.1000003144145,12.514285900763102,4.200000062584877,75.17142969157014,6.70000009983778,186.7
1969-05-12,25.80000038444996,13.40000019967556,6.500000096857548,76.50000113993883,17.40000033378601,186.58
1969-05-19,29.10000043362379,14.357143071080957,4.000000059604645,68.71428673820836,11.999999821186066,186.51
1969-05-26,23.80000035464764,12.32857161228146,1.100000016391277,68.44285816273519,10.600000381469727,186.47
1969-06-02,20.30000030249357,13.342857341681208,4.700000070035458,74.95714397409132,16.400000154972076,186.46
1969-06-09,22.800000339746475,12.014285893312522,5.000000074505806,73.04285823128053,17.099999718368053,186.43
1969-06-16,26.50000039488077,18.685714564153127,8.50000012665987,65.52857240502324,5.600000001490116,186.33
1969-06-23,26.700000397861004,16.457143102373397,9.400000140070915,72.0000010728836,19.000000573694706,186.25
1969-06-30,22.000000327825543,14.728571648044246,8.50000012665987,74.91428683059556,4.300000190734863,186.17
1969-07-07,26.80000039935112,18.971428854124888,9.900000147521496,68.10000101476908,2.300000011920929,186.05
1969-07-14,21.50000032037497,14.271428784089428,7.500000111758709,75.60000112652779,13.900000095367432,185.96
1969-07-21,29.300000436604023,20.18571458650487,10.000000149011612,65.52857240502324,0.699999988079071,185.9
1969-07-28,32.20000047981739,23.728571782154695,13.600000202655792,70.31428676205022,2.8999999165534973,185.85
1969-08-04,31.600000470876694,21.857143182839668,15.600000232458116,70.47142962153468,14.999999955296516,185.76
1969-08-11,29.60000044107437,20.785714595445565,10.80000016093254,57.57142942930971,0.4000000059604645,185.66
1969-08-18,25.600000381469727,18.37142884518419,9.400000140070915,74.17142967666898,58.299998581409454,185.61
1969-08-25,23.100000344216824,13.814285920134612,6.500000096857548,81.82857264791217,39.899999499320984,185.52
1969-09-01,21.000000312924385,13.000000193715096,7.700000114738941,85.18571555508035,30.80000066757202,185.48
1969-09-08,22.600000336766243,14.12857163910355,6.000000089406967,77.42857258234706,0.0,185.55
1969-09-15,26.30000039190054,16.84285739383527,9.900000147521496,80.71428691702229,0.2000000029802322,185.59
1969-09-22,18.6000002771616,13.128571624202388,2.3000000342726707,81.37142978395734,23.200000166893005,185.62
1969-09-29,20.10000029951334,10.771428731935364,1.80000002682209,85.04285841009447,1.5999999642372131,185.69
1969-10-06,19.80000029504299,10.671428730445248,3.700000055134296,83.12857266728368,0.6000000163912772,185.77
1969-10-13,19.500000290572643,10.571428728955132,4.500000067055225,87.54285844734737,0.5000000074505805,185.74
1969-10-20,18.6000002771616,9.357142996575151,3.500000052154064,89.94285848311016,0.2000000029802322,185.74
1969-10-27,17.600000262260437,9.80000014603138,3.6000000536441803,90.21428705858332,8.00000000745058,185.67
1969-11-03,14.800000220537186,9.21428585158927,3.200000047683716,82.35714408435992,2.200000047683716,185.71
1969-11-10,14.300000213086603,5.700000084936619,-4.500000067055225,83.05714409479073,24.800000429153442,185.67
1969-11-17,14.40000021457672,7.657142971243177,-0.6000000089406967,82.27142979736838,7.899999991059303,185.65
1969-11-24,9.900000147521496,5.800000086426735,0.2000000029802322,88.54285846224853,14.699999816715717,185.68
1969-12-01,4.500000067055225,-0.4714285784534046,-5.900000087916851,85.31428698556763,5.799999922513962,185.69
1969-12-08,2.500000037252903,-3.0000000447034836,-10.30000015348196,87.5000013038516,3.100000023841858,185.74
1969-12-15,2.200000032782554,-1.671428596334798,-9.00000013411045,89.57142990614686,5.500000007450581,185.76
1969-12-22,2.0000000298023224,-7.042857247803893,-19.30000028759241,82.64285837433168,8.100000001490116,185.75
1969-12-29,2.600000038743019,-2.1428571747882024,-6.800000101327896,87.41428701686007,1.2999999523162842,185.73
1970-01-05,1.700000025331974,-3.628571482641356,-10.30000015348196,84.21428696917636,14.499999888241291,185.71
1970-01-12,3.1000000461936,-2.0000000298023224,-9.80000014603138,86.11428699748856,8.699999906122684,185.73
1970-01-19,1.5000000223517418,-1.3428571628672736,-5.500000081956387,93.50000139325857,3.2000000327825546,185.75
1970-01-26,3.700000055134296,-0.9571428714053971,-8.800000131130219,90.88571564001697,24.30000016838312,185.76
1970-02-02,4.500000067055225,-3.4714286231568883,-17.600000262260437,88.942858468209,24.999999813735485,185.86
1970-02-09,7.200000107288361,2.2000000327825546,-5.700000084936619,84.20000125467777,18.299999833106995,186.12
1970-02-16,3.700000055134296,-1.9000000283122063,-8.400000125169754,82.00000122189522,8.799999929964542,186.39
1970-02-23,9.3000001385808,1.2428571613771575,-6.000000089406967,87.18571558488267,30.499999582767487,186.61
1970-03-02,5.500000081956387,-0.07142857249294006,-7.300000108778477,80.54285834303924,4.500000096857548,186.87
1970-03-09,3.000000044703484,-0.9571428714053971,-6.70000009983778,80.75714406051806,8.800000190734863,187.0
1970-03-16,8.00000011920929,1.3571428773658616,-4.700000070035458,77.48571544034141,0.0,187.06
1970-03-23,13.300000198185444,6.214285806885788,0.6000000089406967,80.72857263152089,12.499999821186066,187.11
1970-03-30,11.60000017285347,4.200000062584877,-3.200000047683716,75.8285725585052,8.300000168383121,187.1
1970-04-06,8.400000125169754,2.457142893757139,-2.200000032782554,79.71428690212113,13.099999904632568,187.02
1970-04-13,10.500000156462193,3.7000000551342964,-2.1000000312924385,79.71428690212113,25.399999618530273,186.91
1970-04-20,21.300000317394733,10.542857299957957,2.200000032782554,72.81428679930312,8.299999967217445,186.84
1970-04-27,14.500000216066836,9.742857288037028,1.600000023841858,76.48571542544025,6.299999929964542,186.92
1970-05-04,16.300000242888927,6.9428572463137765,-1.100000016391277,75.84285827300378,13.69999972730875,186.87
1970-05-11,24.600000366568565,15.300000227987766,5.900000087916851,66.02857241247382,12.299999810755253,186.8
1970-05-18,19.60000029206276,12.857143048729215,5.700000084936619,78.27142973776374,16.40000009536743,186.77
1970-05-25,21.1000003144145,11.81428589033229,2.800000041723252,66.00000098347664,2.8000000715255737,186.64
1970-06-01,21.300000317394733,12.771428761737686,3.400000050663948,73.51428680973393,7.3000000193715096,186.54
1970-06-08,27.60000041127205,16.04285738191434,4.500000067055225,63.6571438057082,0.4000000059604645,186.38
1970-06-15,26.80000039935112,18.042857411716664,7.900000117719173,67.38571528983968,6.199999898672104,186.32
1970-06-22,30.100000448524952,20.01428601252181,11.000000163912771,63.742858092699734,8.899999812245369,186.25
1970-06-29,29.300000436604023,18.08571455521243,11.800000175833702,78.5571440277355,27.900000631809235,186.17
1970-07-06,24.600000366568565,14.242857355092253,8.900000132620335,78.81428688871009,9.399999886751175,186.11
1970-07-13,28.80000042915344,18.600000277161598,10.500000156462193,70.87142962749515,15.200000286102297,186.05
1970-07-20,22.800000339746475,14.228571640593666,6.70000009983778,73.0857153747763,20.399999909102917,185.96
1970-07-27,25.80000038444996,16.028571667415754,5.900000087916851,74.60000111162663,15.499999672174454,185.88
1970-08-03,27.80000041425228,19.700000293552876,12.000000178813934,76.14285827747413,11.299999952316284,185.86
1970-08-10,29.10000043362379,19.785714580544404,12.000000178813934,74.50000111013651,2.7999999672174454,185.83
1970-08-17,25.100000374019142,16.2142859558974,8.100000120699406,75.18571540606874,16.800000190734863,185.78
1970-08-24,24.600000366568565,15.55714308896235,7.800000116229057,77.41428686784846,18.799999713897705,185.71
1970-08-31,25.300000376999375,16.91428596632821,8.50000012665987,74.67142968411956,1.5000000074505806,185.66
1970-09-07,21.300000317394733,15.085714510508947,5.700000084936619,71.44285820743868,2.399999976158142,185.66
1970-09-14,24.300000362098217,14.728571648044246,7.500000111758709,78.72857260171857,28.299999050796032,185.65
1970-09-21,24.300000362098217,14.585714503058366,5.500000081956387,79.92857261959996,18.19999960809946,185.64
1970-09-28,21.1000003144145,11.171428737895829,1.600000023841858,77.7285725868174,0.0,185.67
1970-10-05,19.10000028461218,10.414285869470664,3.200000047683716,82.3714297988585,45.2999999076128,185.68
1970-10-12,22.100000329315662,13.61428591715438,9.600000143051147,85.21428698407752,7.900000192224979,185.77
1970-10-19,14.900000222027302,8.28571440918105,-0.1000000014901161,79.5142868991409,2.799999952316284,185.75
1970-10-26,12.10000018030405,6.657142956342016,-2.200000032782554,80.74285834601947,8.800000190734863,185.81
1970-11-02,14.300000213086603,11.057143021907125,5.200000077486038,80.64285834452936,6.3000000193715096,185.88
1970-11-09,15.000000223517418,7.200000107288361,0.2000000029802322,78.05714402028492,9.800000101327896,185.97
1970-11-16,14.100000210106373,5.942857231412615,0.800000011920929,82.90000123530626,5.100000001490116,186.05
1970-11-23,13.300000198185444,5.900000087916851,-0.5000000074505806,87.30000130087137,13.49999987334013,186.13
1970-11-30,10.000000149011612,2.471428608255727,-2.500000037252903,88.28571560127395,8.699999868869781,186.17
1970-12-07,10.500000156462193,5.471428652959211,-0.800000011920929,86.47142985995326,27.299999728798866,186.26
1970-12-14,5.900000087916851,2.3428571777684346,-2.7000000402331352,88.38571560276407,0.3000000044703483,186.35
1970-12-21,5.500000081956387,2.0714286022952626,-1.0000000149011612,85.7285727060267,2.500000037252903,186.39
1970-12-28,0.4000000059604645,-5.000000074505806,-12.600000187754633,83.11428695278508,4.399999991059303,186.43
1971-01-04,-1.100000016391277,-7.028571533305304,-20.30000030249357,84.05714410969189,9.000000067055225,186.5
1971-01-11,1.5000000223517418,-6.614285812846252,-16.50000024586916,81.14285835197994,0.0,186.55
1971-01-18,3.400000050663948,-3.8000000566244125,-12.600000187754633,87.51428701835019,2.2000000029802322,186.57
1971-01-25,9.900000147521496,4.028571488601821,-0.5000000074505806,86.68571557743209,14.30000002682209,186.58
1971-02-01,9.500000141561031,4.114285775593349,-2.200000032782554,80.1285726225802,10.8999999538064,186.65
1971-02-08,6.400000095367432,2.400000035762787,-5.200000077486038,84.57142983164105,1.0000000298023222,186.68
1971-02-15,7.900000117719173,3.7142857696328844,-1.100000016391277,79.80000118911266,1.8999999836087227,186.62
1971-02-22,7.400000110268593,3.057142902697836,-2.3000000342726707,82.55714408734015,12.099999904632568,186.51
1971-03-01,5.500000081956387,-0.3428571479661124,-9.00000013411045,71.21428677546126,2.700000025331974,186.48
1971-03-08,4.700000070035458,-4.97142864550863,-12.800000190734863,69.3714296051434,0.2000000029802322,186.41
1971-03-15,9.900000147521496,2.385714321264199,-3.000000044703484,76.11428684847695,2.100000061094761,186.39
1971-03-22,12.500000186264517,6.114285805395672,-0.9000000134110451,76.38571542395013,3.80000002682209,186.36
1971-03-29,11.000000163912771,3.971428630607469,-2.3000000342726707,74.60000111162663,7.800000011920929,186.28
1971-04-05,18.30000027269125,7.7428572582347055,0.2000000029802322,70.65714391001633,0.0,186.26
1971-04-12,19.60000029206276,9.557142999555383,1.3000000193715096,72.21428679036242,5.300000190734863,186.19
1971-04-19,21.800000324845318,10.057143007005964,-1.80000002682209,57.55714371481112,1.6000000014901161,186.17
1971-04-26,25.80000038444996,11.157143023397241,-0.2000000029802322,68.05714387127331,24.799999952316284,186.19
1971-05-03,14.000000208616257,6.928571531815188,-1.80000002682209,64.27142952914748,4.6999999061226845,186.21
1971-05-10,25.50000037997961,14.25714306959084,2.200000032782554,59.9714294650725,0.699999988079071,186.25
1971-05-17,27.10000040382147,17.614285976759025,7.900000117719173,70.48571533603328,27.600000202655792,186.14
1971-05-24,27.60000041127205,16.58571453286069,10.600000157952309,76.70000114291906,30.499999284744263,186.07
1971-05-31,21.50000032037497,13.485714486667089,6.200000092387199,78.38571545375245,19.100000500679016,186.02
1971-06-07,25.50000037997961,17.471428831773146,10.500000156462193,74.0428582461817,5.500000104308128,185.88
1971-06-14,22.30000033229589,14.171428782599312,5.700000084936619,76.58571542693036,23.999999523162842,185.92
1971-06-21,17.600000262260437,11.971428749816758,7.400000110268593,79.01428689169032,36.89999985694885,185.96
1971-06-28,23.600000351667404,14.91428593652589,6.200000092387199,71.84285821339914,21.000000596046448,185.94
1971-07-05,25.80000038444996,15.42857165847506,5.700000084936619,66.17142955745969,5.200000047683716,185.77
1971-07-12,30.300000451505184,22.085714614817075,10.30000015348196,61.328572342438356,0.0,185.72
1971-07-19,22.30000033229589,15.900000236928463,5.000000074505806,60.94285805097648,0.0,185.67
1971-07-26,28.80000042915344,19.057143141116416,6.70000009983778,64.0285723826715,5.199999958276749,185.61
1971-08-02,33.30000049620867,20.75714316644839,10.500000156462193,68.04285815677473,5.700000025331974,185.48
1971-08-09,33.10000049322844,18.92857171062912,8.50000012665987,66.1571438429611,13.40000019222498,185.39
1971-08-16,29.50000043958425,18.542857419167245,10.80000016093254,63.97142952467714,2.0000000298023224,185.27
1971-08-23,32.600000485777855,19.01428599762065,7.000000104308128,66.8857152823891,14.600000262260437,185.11
1971-08-30,23.600000351667404,15.55714308896235,7.800000116229057,75.40000112354755,15.699999809265137,185.11
1971-09-06,24.100000359117985,14.871428793030125,6.000000089406967,70.90000105649233,2.0000000298023224,185.03
1971-09-13,21.60000032186508,13.085714480706624,5.4000000804662704,67.97142958428178,4.700000047683716,185.01
1971-09-20,20.800000309944156,10.542857299957957,0.4000000059604645,69.34285817614624,0.5,184.97
1971-09-27,23.300000347197056,13.90000020712614,4.000000059604645,78.58571545673269,9.899999856948853,184.91
1971-10-04,22.100000329315662,11.042857307408537,5.700000084936619,83.85714410671166,3.5999999046325684,184.86
1971-10-11,18.80000028014183,7.857142974223409,-2.0000000298023224,74.70000111311674,0.8999999761581421,184.92
1971-10-18,18.30000027269125,7.400000110268593,-2.500000037252903,78.72857260171857,30.100000597536564,184.96
1971-10-25,17.80000026524067,11.000000163912773,5.500000081956387,81.21428692447287,5.399999991059303,185.01
1971-11-01,12.500000186264517,5.842857229922499,-1.80000002682209,75.51428683953625,0.0,185.02
1971-11-08,12.000000178813934,6.328571522874491,-0.5000000074505806,84.37142982866082,4.900000154972076,185.02
1971-11-15,9.00000013411045,4.071428632097585,-1.600000023841858,83.18571552527803,2.100000038743019,185.04
1971-11-22,10.900000162422655,2.528571466250079,-7.000000104308128,81.6571440739291,40.30000030994415,185.06
1971-11-29,4.400000065565109,1.3571428773658616,-5.200000077486038,89.78571562362569,19.99999961256981,185.08
1971-12-06,5.900000087916851,3.4714286231568883,0.800000011920929,88.87142989571605,0.0,185.09
1971-12-13,8.400000125169754,4.014285774103233,-5.200000077486038,83.17142981077943,3.4999999552965164,185.16
1971-12-20,9.500000141561031,2.285714319774083,-2.3000000342726707,90.85714421101979,10.899999976158142,185.24
1971-12-27,12.800000190734863,6.400000095367432,1.3000000193715096,89.34285847416946,0.8000000044703484,185.3
1972-01-03,3.9000000581145287,0.7428571539265769,-4.000000059604645,83.97142982270036,1.199999988079071,185.36
1972-01-10,3.700000055134296,0.4857142929519926,-1.80000002682209,88.30000131577253,6.300000011920929,185.36
1972-01-17,5.000000074505806,-0.5857142944421087,-10.000000149011612,76.87142971690211,0.3000000044703483,185.38
1972-01-24,3.6000000536441803,-2.357142892267023,-12.500000186264517,83.58571553123849,4.599999964237213,185.39
1972-01-31,2.800000041723252,-3.5571429101484164,-13.40000019967556,82.90000123530626,4.600000150501728,185.36
1972-02-07,7.700000114738941,-0.11428571598870414,-15.500000230968,79.38571546865361,2.6000000536441803,185.06
1972-02-14,7.800000116229057,3.9000000581145287,-0.5000000074505806,86.25714414247444,4.20000009983778,185.26
1972-02-21,9.500000141561031,3.185714333185128,-2.0000000298023224,79.60000118613243,0.0,185.36
1972-02-28,9.500000141561031,4.100000061094761,-0.9000000134110451,81.12857263748135,0.0,185.37
1972-03-06,10.30000015348196,3.7428571986300603,-3.200000047683716,76.22857256446567,5.300000071525574,185.46
1972-03-13,10.600000157952309,2.414285750261375,-6.200000092387199,75.35714398005179,6.800000198185444,185.36
1972-03-20,20.10000029951334,8.471428697662693,-2.800000041723252,64.42857238863196,0.0,185.46
1972-03-27,18.100000269711018,8.00000011920929,-1.700000025331974,67.9571438697832,12.899999618530272,185.51
1972-04-03,14.000000208616257,7.642857256744589,0.9000000134110451,81.25714406796864,19.299999952316284,185.55
1972-04-10,14.800000220537186,8.871428703623158,0.5000000074505806,76.85714400240353,17.599999964237213,185.57
1972-04-17,15.100000225007534,7.1000001057982445,1.100000016391277,74.05714396068028,8.39999983459711,185.61
1972-04-24,14.100000210106373,7.971428690212114,0.2000000029802322,67.7285724378058,10.499999813735485,185.67
1972-05-01,21.300000317394733,8.400000125169754,-2.0000000298023224,62.8285723647901,0.9000000208616257,185.72
1972-05-08,22.600000336766243,13.61428591715438,5.000000074505806,70.90000105649233,6.000000037252903,185.75
1972-05-15,19.60000029206276,9.014285848609038,4.400000065565109,82.54285837284156,21.39999971538782,185.76
1972-05-22,21.50000032037497,10.742857302938189,2.7000000402331352,73.28571537775653,18.70000034570694,185.8
1972-05-29,23.100000344216824,13.600000202655792,6.900000102818012,73.82857252870288,33.10000020265579,185.85
1972-06-05,27.3000004068017,14.014285923114844,4.400000065565109,68.62857245121684,6.8000001311302185,185.87
1972-06-12,21.300000317394733,13.385714485176972,5.200000077486038,74.72857254211392,38.700000919401646,185.88
1972-06-19,21.300000317394733,14.47142878706966,7.300000108778477,73.21428680526358,4.100000113248825,185.91
1972-06-26,25.80000038444996,14.98571450901883,5.900000087916851,67.0000009983778,6.799999952316284,185.93
1972-07-03,27.200000405311584,14.928571651024479,8.900000132620335,80.88571549100536,35.69999888539314,185.95
1972-07-10,29.300000436604023,18.38571455968278,9.80000014603138,76.40000113844872,41.99999924004078,186.0
1972-07-17,30.00000044703484,18.114285984209605,8.00000011920929,69.18571531666177,0.1000000014901161,186.06
1972-07-24,31.300000466406345,22.571428907769068,15.100000225007534,71.84285821339914,28.900000005960464,185.98
1972-07-31,23.100000344216824,16.34285738638469,11.400000169873238,77.22857257936683,3.0999999046325684,185.91
1972-08-07,28.60000042617321,16.971428824322565,8.400000125169754,71.42857249294009,1.7999999821186066,185.8
1972-08-14,29.000000432133675,20.114286014011928,10.900000162422655,77.21428686486823,45.000000327825546,185.72
1972-08-21,22.30000033229589,14.328571642083782,6.200000092387199,79.7571440456169,31.300000205636024,185.73
1972-08-28,20.800000309944156,14.385714500078134,6.400000095367432,74.14285824767181,0.8999999761581421,185.71
1972-09-04,22.100000329315662,14.414285929075309,8.800000131130219,71.71428678291184,0.0,185.72
1972-09-11,23.600000351667404,14.514285930565425,7.700000114738941,82.2571440828698,37.40000021457672,185.74
1972-09-18,17.00000025331974,9.21428585158927,2.200000032782554,81.68571550292629,6.4999998807907104,185.68
1972-09-25,19.30000028759241,9.785714431532792,2.200000032782554,76.38571542395013,1.7000000476837158,185.62
1972-10-02,14.600000217556952,8.385714410671167,0.5000000074505806,76.60000114142895,2.200000047683716,185.58
1972-10-09,19.80000029504299,7.500000111758709,-1.80000002682209,71.50000106543303,0.0,185.55
1972-10-16,16.100000239908695,6.714285814336368,-0.1000000014901161,80.44285834154913,0.0,185.54
1972-10-23,11.900000177323818,5.100000075995922,-4.000000059604645,78.85714403220585,3.0000000447034836,185.49
1972-10-30,16.300000242888927,8.585714413651399,-0.5000000074505806,80.71428691702229,8.500000096857548,185.45
1972-11-06,12.000000178813934,6.671428670840604,2.7000000402331352,91.78571565342801,1.6000000163912773,185.46
1972-11-13,11.60000017285347,7.657142971243177,1.80000002682209,82.60000123083591,23.200000256299973,185.52
1972-11-20,7.800000116229057,1.7857143123235022,-2.200000032782554,88.54285846224853,40.199999645352364,185.56
1972-11-27,8.400000125169754,2.585714324244431,-2.800000041723252,81.27142978246722,2.200000047683716,185.63
1972-12-04,8.300000123679638,3.7142857696328844,-1.5000000223517418,84.14285839668342,3.8999999538064003,185.68
1972-12-11,9.900000147521496,5.3714286514690945,0.2000000029802322,82.11428693788392,6.000000096857548,185.86
1972-12-18,7.500000111758709,0.1428571449858802,-5.500000081956387,88.30000131577253,0.1000000014901161,185.88
1972-12-25,3.9000000581145287,-2.728571469230311,-8.800000131130219,86.00000128149986,0.0,185.89
1973-01-01,3.000000044703484,-4.90000007301569,-12.90000019222498,76.5428582834346,0.0,185.91
1973-01-08,2.0000000298023224,-1.1285714453884534,-9.80000014603138,89.75714419462851,1.0000000074505806,185.91
1973-01-15,3.400000050663948,1.3000000193715096,-2.200000032782554,85.28571555657047,1.3000000044703484,185.93
1973-01-22,4.700000070035458,1.0571428728955132,-1.100000016391277,86.80000129342079,0.800000011920929,185.92
1973-01-29,5.700000084936619,1.0000000149011612,-5.200000077486038,85.57142984654222,5.500000149011612,185.94
1973-02-05,7.300000108778477,0.9714285859039852,-4.700000070035458,89.42857276116099,8.999999858438969,185.96
1973-02-12,7.500000111758709,3.857142914618765,-1.100000016391277,83.30000124126673,16.10000003129244,185.98
1973-02-19,6.400000095367432,0.814285726419517,-5.4000000804662704,77.62857258532729,1.1000000312924385,185.97
1973-02-26,6.70000009983778,1.4857143078531538,-5.700000084936619,82.82857266281333,17.59999990463257,186.01
1973-03-05,14.000000208616257,2.500000037252903,-8.300000123679638,78.94285831919738,1.1000000163912773,186.08
1973-03-12,9.400000140070915,3.0857143316950117,-4.500000067055225,72.74285822681018,2.399999976158142,186.16
1973-03-19,9.00000013411045,3.2285714766808917,-5.200000077486038,69.08571531517165,0.3000000044703483,186.25
1973-03-26,18.80000028014183,7.200000107288361,-2.3000000342726707,65.37142954553876,0.0,186.26
1973-04-02,16.00000023841858,7.114285820296833,-2.200000032782554,70.47142962153468,12.500000096857548,186.27
1973-04-09,13.40000019967556,5.271428649978978,-1.700000025331974,67.41428671883685,5.9000000059604645,186.25
1973-04-16,12.10000018030405,3.8142857711230005,-2.7000000402331352,77.08571543438094,5.799999922513962,186.23
1973-04-23,16.300000242888927,5.514285796454975,-1.600000023841858,71.22857248995986,4.199999988079071,186.21
1973-04-30,19.500000290572643,10.714285873941012,1.80000002682209,67.30000100284815,12.199999809265137,186.23
1973-05-07,24.300000362098217,14.028571637613434,7.000000104308128,73.51428680973393,21.999999530613422,186.29
1973-05-14,18.80000028014183,9.914285862020083,0.2000000029802322,71.3000010624528,3.5999999418854713,186.25
1973-05-21,23.300000347197056,13.25714305468968,0.9000000134110451,57.728572288794176,3.799999952316284,186.17
1973-05-28,24.100000359117985,15.257143084492002,6.000000089406967,61.8714294933847,2.0,186.06
1973-06-04,22.100000329315662,15.314285942486354,5.900000087916851,75.30000112205744,14.499999813735485,185.94
1973-06-11,22.30000033229589,15.085714510508947,6.400000095367432,67.1142867143665,1.900000050663948,185.82
1973-06-18,26.50000039488077,17.45714311727456,5.000000074505806,59.15714373865298,0.0,185.73
1973-06-25,26.80000039935112,17.87142883773361,9.00000013411045,63.58571523321526,7.5000001192092896,185.62
1973-07-02,31.000000461936,21.657143179859435,12.000000178813934,59.585715173610616,4.900000095367432,185.55
1973-07-09,30.800000458955765,21.728571752352373,11.900000177323818,59.0142865936671,0.5,185.41
1973-07-16,26.600000396370888,18.328571701688425,8.50000012665987,68.14285815826484,35.999999195337296,185.2
1973-07-23,23.100000344216824,16.014285952917167,11.000000163912771,74.07142967517886,10.700000047683716,184.98
1973-07-30,24.8000003695488,15.228571655494827,9.100000135600569,76.81428685890776,8.500000104308128,184.77
1973-08-06,30.600000455975533,19.614286006561347,11.000000163912771,69.75714389660529,7.8000001311302185,184.71
1973-08-13,30.800000458955765,18.814285994640418,6.900000102818012,62.685715219804216,0.2000000029802322,184.67
1973-08-20,30.00000044703484,20.957143169428623,10.600000157952309,62.91428665178163,4.099999934434891,184.61
1973-08-27,27.700000412762165,17.914285981229373,7.400000110268593,61.30000091344118,0.0,184.57
1973-09-03,28.200000420212746,18.37142884518419,12.000000178813934,68.94285817018577,14.700000405311586,184.53
1973-09-10,31.000000461936,19.75714315154723,10.600000157952309,64.80000096559525,1.899999976158142,184.5
1973-09-17,25.100000374019142,14.042857352112021,4.700000070035458,70.71428676801068,5.800000190734863,184.41
1973-09-24,21.800000324845318,12.957143050219331,5.200000077486038,77.0285725763866,13.199999824166298,184.38
1973-10-01,17.50000026077032,11.000000163912773,3.9000000581145287,81.07142977948699,8.499999895691872,184.35
1973-10-08,20.30000030249357,11.60000017285347,5.200000077486038,81.1857154954757,7.799999952316284,184.31
1973-10-15,15.100000225007534,7.757142972733293,-2.1000000312924385,83.04285838029215,15.000000096857548,184.38
1973-10-22,13.300000198185444,6.885714388319424,-0.5000000074505806,81.81428693341357,50.00000049173832,184.56
1973-10-29,12.000000178813934,5.271428649978978,-2.7000000402331352,80.75714406051806,0.8999999761581421,184.71
1973-11-05,12.300000183284284,5.228571506483214,-1.80000002682209,82.27142979736838,9.199999630451202,184.73
1973-11-12,10.900000162422655,6.657142956342016,1.0000000149011612,78.11428687827927,4.399999812245369,184.92
1973-11-19,9.80000014603138,3.8857143436159407,-3.400000050663948,80.01428690659148,18.699999421834946,185.14
1973-11-26,9.00000013411045,3.400000050663948,-3.6000000536441803,80.25714405306748,3.700000077486038,185.31
1973-12-03,1.700000025331974,-5.071428646998746,-16.100000239908695,83.87142982121024,13.999999910593033,185.53
1973-12-10,9.00000013411045,2.1428571747882024,-7.000000104308128,80.45714405604771,12.699999861419201,185.66
1973-12-17,5.000000074505806,1.2571428758757455,-7.300000108778477,84.400001257658,32.799999594688416,185.8
1973-12-24,6.500000096857548,0.5857142944421087,-6.200000092387199,89.32857275967088,5.700000122189522,185.95
1973-12-31,4.700000070035458,1.7857143123235022,-1.100000016391277,88.61428703474147,1.1000000089406967,186.08
1974-01-07,5.200000077486038,1.0000000149011612,-2.7000000402331352,89.00000132620335,13.599999904632568,186.18
1974-01-14,9.900000147521496,4.871428644018514,-0.1000000014901161,85.9571441380041,3.099999964237213,186.26
1974-01-21,12.000000178813934,7.000000104308128,-0.5000000074505806,81.01428692149264,5.700000181794167,186.34
1974-01-28,8.50000012665987,3.8714286291173527,-1.80000002682209,87.68571559233325,7.800000049173832,186.48
1974-02-04,8.600000128149986,3.17142861868654,-3.200000047683716,88.17142988528524,3.799999885261059,186.67
1974-02-11,14.300000213086603,5.571428654449327,-1.3000000193715096,78.5571440277355,23.799999929964542,186.81
1974-02-18,13.100000195205212,4.642857212041106,-2.7000000402331352,82.22857265387263,0.1000000014901161,186.85
1974-02-25,6.70000009983778,2.742857183728899,-3.700000055134296,79.31428689616067,5.600000098347664,186.86
1974-03-04,6.900000102818012,1.9142857428107942,-2.800000041723252,74.00000110268593,6.400000050663948,186.87
1974-03-11,7.200000107288361,2.3428571777684346,-2.3000000342726707,78.88571546120303,3.1999999582767487,186.95
1974-03-18,15.300000227987766,6.000000089406967,0.6000000089406967,79.85714404710701,37.30000030994415,187.01
1974-03-25,16.800000250339508,9.614285857549735,4.000000059604645,79.48571547014373,9.999999955296516,187.14
1974-04-01,20.60000030696392,11.328571597380298,4.700000070035458,75.41428683804614,10.999999761581421,187.25
1974-04-08,19.10000028461218,11.400000169873238,2.7000000402331352,56.657143701400074,0.0,187.13
1974-04-15,21.50000032037497,9.685714430042676,-0.5000000074505806,56.2714294099382,0.1000000014901161,187.07
1974-04-22,16.600000247359276,7.700000114738941,-0.6000000089406967,61.50000091642141,0.1000000014901161,187.0
1974-04-29,16.300000242888927,7.757142972733293,1.600000023841858,73.87142967219863,30.200000800192356,186.92
1974-05-06,17.30000025779009,9.057142992104803,2.200000032782554,76.95714400389365,3.900000050663948,186.87
1974-05-13,21.60000032186508,11.114285879901477,2.800000041723252,69.41428674863917,6.199999839067459,186.82
1974-05-20,23.80000035464764,13.957143065120492,3.700000055134296,64.7428581076009,3.900000095367432,186.78
1974-05-27,22.800000339746475,12.657143045748983,3.1000000461936,68.05714387127331,4.20000009983778,186.75
1974-06-03,23.000000342726707,14.12857163910355,2.800000041723252,70.12857247356858,17.500000335276127,186.69
1974-06-10,22.600000336766243,12.000000178813934,4.700000070035458,70.11428675906998,17.20000024139881,186.64
1974-06-17,26.100000388920307,15.20000022649765,3.9000000581145287,71.54285820892879,15.899999856948853,186.6
1974-06-24,24.600000366568565,16.2142859558974,7.800000116229057,66.62857242141452,0.7000000029802322,186.52
1974-07-01,24.300000362098217,16.300000242888927,10.500000156462193,79.60000118613243,44.10000002384186,186.4
1974-07-08,21.000000312924385,14.857143078531537,5.4000000804662704,72.4857153658356,17.69999974220991,186.34
1974-07-15,22.30000033229589,16.35714310088328,8.00000011920929,76.9000011458993,14.899999856948853,186.26
1974-07-22,24.100000359117985,15.385714514979295,7.800000116229057,74.25714396366051,9.59999993443489,186.27
1974-07-29,25.700000382959843,16.04285738191434,7.400000110268593,73.25714394875935,10.600000143051147,186.15
1974-08-05,28.000000417232517,19.585714577564172,11.10000016540289,69.20000103116035,5.199999988079071,186.04
1974-08-12,24.300000362098217,15.27142879899059,7.800000116229057,77.34285829535553,24.29999953508377,186.01
1974-08-19,33.70000050216913,20.042857441518986,12.600000187754633,73.47142966623817,11.400000035762787,185.94
1974-08-26,25.300000376999375,16.04285738191434,8.50000012665987,73.57142966772828,0.6000000014901161,185.85
1974-09-02,26.50000039488077,16.62857167635645,8.900000132620335,72.6000010818243,8.900000095367432,185.79
1974-09-09,25.00000037252903,14.785714506038598,6.500000096857548,71.62857249592032,15.299999929964542,185.75
1974-09-16,26.00000038743019,16.514285960367747,6.200000092387199,74.45714396664074,0.1000000014901161,185.72
1974-09-23,25.100000374019142,12.285714468785695,4.000000059604645,77.41428686784846,14.19999971985817,185.7
1974-09-30,13.500000201165676,8.942857276116099,3.6000000536441803,84.62857268963542,17.499999940395355,185.74
1974-10-07,11.000000163912771,6.84285724482366,2.1000000312924385,86.0857155684914,13.600000262260437,185.79
1974-10-14,11.500000171363354,6.400000095367432,2.600000038743019,87.3714298733643,17.40000007301569,185.85
1974-10-21,10.000000149011612,4.371428636567933,0.2000000029802322,88.65714417823723,27.400000289082527,185.9
1974-10-28,11.000000163912771,6.657142956342016,2.0000000298023224,86.05714413949421,31.39999993145466,185.97
1974-11-04,7.500000111758709,3.985714345106057,-0.2000000029802322,86.61428700493914,5.299999915063381,186.05
1974-11-11,8.50000012665987,2.1571428892867908,-3.700000055134296,88.90000132471323,6.000000037252903,186.1
1974-11-18,14.600000217556952,8.971428705113274,2.0000000298023224,74.64285825512239,6.4999998807907104,186.17
1974-11-25,10.400000154972076,6.1714286633900235,0.1000000014901161,87.20000129938126,27.10000056028366,186.21
1974-12-02,11.10000016540289,5.157142933990274,0.9000000134110451,86.00000128149986,24.200000390410423,186.57
1974-12-09,11.500000171363354,7.985714404710701,3.6000000536441803,86.75714414992503,13.300000160932541,186.91
1974-12-16,7.300000108778477,2.2285714617797305,-4.000000059604645,84.8714298361114,31.00000035762787,187.26
1974-12-23,8.600000128149986,4.371428636567933,0.2000000029802322,82.70000123232603,14.70000058412552,187.58
1974-12-30,13.600000202655792,7.571428684251649,-0.5000000074505806,80.81428691851241,35.90000081062317,187.75
1975-01-06,7.000000104308128,5.100000075995922,1.3000000193715096,86.10000128298998,2.599999964237213,187.69
1975-01-13,9.500000141561031,4.457142923559461,-2.1000000312924385,84.02857268069472,6.199999824166298,187.57
1975-01-20,9.80000014603138,5.057142932500158,-0.800000011920929,80.828572633011,3.4999998584389687,187.59
1975-01-27,8.600000128149986,5.057142932500158,-0.6000000089406967,78.5571440277355,26.000000156462193,187.56
1975-02-03,10.000000149011612,4.8571429295199255,-1.3000000193715096,86.60000129044056,15.399999715387821,187.75
1975-02-10,8.50000012665987,0.3428571479661124,-5.000000074505806,76.52857256893601,0.3000000119209289,187.62
1975-02-17,11.000000163912771,1.7285714543291502,-6.800000101327896,80.40000119805336,2.5999999716877937,187.56
1975-02-24,8.50000012665987,1.814285741320678,-4.500000067055225,75.38571540904897,13.99999964237213,187.44
1975-03-03,12.600000187754633,3.7000000551342964,-4.400000065565109,71.95714392938784,1.400000013411045,187.36
1975-03-10,13.90000020712614,7.1000001057982445,1.3000000193715096,80.828572633011,12.09999993443489,187.39
1975-03-17,8.50000012665987,4.442857209060874,-2.200000032782554,86.0714298539928,10.100000023841858,187.45
1975-03-24,8.400000125169754,2.385714321264199,-4.200000062584877,76.0571439904826,8.299999728798866,187.36
1975-03-31,7.700000114738941,2.357142892267023,-1.80000002682209,79.00000117719173,11.5,187.35
1975-04-07,9.00000013411045,3.1428571896893636,-2.200000032782554,79.24285832366773,26.399999298155304,187.4
1975-04-14,13.600000202655792,5.542857225452151,-2.7000000402331352,78.28571545226234,13.700000479817392,187.46
1975-04-21,17.600000262260437,10.328571582479137,5.000000074505806,73.0714296602777,12.300000168383121,187.5
1975-04-28,20.10000029951334,11.67142874534641,2.3000000342726707,62.200000926852226,0.0,187.46
1975-05-05,23.100000344216824,10.100000150501728,1.100000016391277,67.30000100284815,10.700000047683716,187.27
1975-05-12,21.1000003144145,12.614285902253219,5.700000084936619,73.02857251678195,11.800000190734863,187.2
1975-05-19,24.00000035762787,13.828571634633201,1.100000016391277,75.40000112354755,10.600000083446503,187.08
1975-05-26,19.80000029504299,11.67142874534641,1.600000023841858,61.52857234541859,0.9999999925494194,186.97
1975-06-02,23.80000035464764,11.842857319329466,1.3000000193715096,62.78571522129433,5.699999988079071,186.89
1975-06-09,23.000000342726707,13.585714488157205,3.000000044703484,60.257143755044254,2.299999952316284,186.73
1975-06-16,27.10000040382147,18.21428598569972,12.000000178813934,67.61428672181708,8.700000144541264,186.59
1975-06-23,25.700000382959843,16.78571453584092,7.700000114738941,82.64285837433168,26.20000011473894,186.44
1975-06-30,25.80000038444996,15.500000230967999,9.600000143051147,71.4142867784415,10.600000008940697,186.35
1975-07-07,28.000000417232517,19.614286006561347,8.600000128149986,64.87142953808818,0.400000013411045,186.24
1975-07-14,31.300000466406345,21.385714604386262,14.100000210106373,64.78571525109666,8.799999713897705,186.15
1975-07-21,26.200000390410423,18.571428848164423,13.600000202655792,72.10000107437372,24.900000765919685,186.11
1975-07-28,26.200000390410423,16.985714538821153,9.3000001385808,68.21428673075778,2.7000000029802322,185.99
1975-08-04,31.500000469386578,21.785714610346727,11.10000016540289,60.41428661452873,3.3000000715255737,185.87
1975-08-11,31.70000047236681,23.27142891819988,14.900000222027302,56.81428656088455,0.6000000238418579,185.71
1975-08-18,30.300000451505184,19.88571458203452,13.600000202655792,66.37142956043992,7.6000001430511475,185.59
1975-08-25,28.300000421702865,16.742857392345154,9.600000143051147,79.2857154671635,35.49999884516001,185.46
1975-09-01,26.200000390410423,18.242857414696896,10.100000150501728,70.44285819253751,0.3000000044703483,185.55
1975-09-08,27.000000402331352,16.028571667415754,8.800000131130219,76.32857256595578,1.900000013411045,185.61
1975-09-15,23.300000347197056,14.000000208616257,7.500000111758709,79.22857260916915,17.399999991059303,185.58
1975-09-22,27.200000405311584,16.242857384894574,7.500000111758709,76.71428685741765,3.0,185.55
1975-09-29,22.800000339746475,15.814285949936934,8.100000120699406,78.8000011742115,16.099999606609344,185.54
1975-10-06,25.300000376999375,12.857143048729215,6.800000101327896,81.00000120699406,14.699999958276749,185.47
1975-10-13,13.800000205636024,6.357142951871667,1.5000000223517418,76.68571542842048,11.299999818205833,185.45
1975-10-20,15.600000232458116,8.457142983164106,2.7000000402331352,85.37142984356198,5.900000058114529,185.48
1975-10-27,13.40000019967556,6.471428667860372,1.100000016391277,85.77142984952245,0.6000000089406967,185.51
1975-11-03,12.500000186264517,5.628571512443679,2.200000032782554,91.90000136941671,5.099999815225601,185.58
1975-11-10,9.00000013411045,4.628571497542517,-0.2000000029802322,86.50000128895044,1.800000011920929,185.74
1975-11-17,7.000000104308128,2.1285714602896144,-3.400000050663948,92.05714422890118,10.299999929964542,185.95
1975-11-24,9.80000014603138,1.58571430934327,-6.200000092387199,77.80000115931034,5.299999892711639,185.75
1975-12-01,12.10000018030405,2.7714286127260754,-7.500000111758709,88.12857274178948,13.00000011920929,185.61
1975-12-08,9.100000135600569,3.985714345106057,0.2000000029802322,84.42857268665519,5.3999999538064,185.65
1975-12-15,6.400000095367432,-0.042857143495763986,-6.400000095367432,84.32857268516507,1.600000023841858,185.68
1975-12-22,2.7000000402331352,-1.814285741320678,-11.800000175833702,80.20000119507313,0.2000000029802322,185.71
1975-12-29,6.200000092387199,2.585714324244431,-0.5000000074505806,86.14285842648574,2.900000035762787,185.69
1976-01-05,10.000000149011612,4.014285774103233,-0.6000000089406967,82.28571551186698,24.00000023841858,185.78
1976-01-12,11.10000016540289,6.8142858158264845,3.1000000461936,83.97142982270036,5.0999999567866325,185.84
1976-01-19,8.900000132620335,5.071428646998746,0.800000011920929,83.94285839370319,7.299999922513962,185.91
1976-01-26,8.300000123679638,1.9857143153037344,-8.300000123679638,82.3714297988585,18.299999833106995,186.05
1976-02-02,-0.2000000029802322,-6.728571528834956,-16.600000247359276,81.81428693341357,2.400000095367432,186.07
1976-02-09,4.000000059604645,0.0,-6.000000089406967,85.52857270304646,1.100000023841858,186.06
1976-02-16,3.700000055134296,0.14285714498588023,-3.400000050663948,86.00000128149986,10.100000143051147,186.15
1976-02-23,7.500000111758709,1.3285714483686857,-3.000000044703484,84.68571554762977,0.0,186.16
1976-03-01,9.80000014603138,3.200000047683716,-2.1000000312924385,86.54285843244621,2.3999999910593033,186.19
1976-03-08,8.300000123679638,-0.5000000074505807,-7.400000110268593,64.87142953808818,0.1000000014901161,186.24
1976-03-15,10.900000162422655,1.3000000193715096,-11.000000163912771,67.4714295768312,3.0999999418854713,186.01
1976-03-22,9.00000013411045,2.0000000298023224,-6.800000101327896,72.4857153658356,3.600000023841858,185.92
1976-03-29,16.800000250339508,5.871428658919675,-5.200000077486038,67.97142958428178,6.899999916553497,185.89
1976-04-05,20.800000309944156,9.528571570558208,2.1000000312924385,66.90000099688768,3.0999999046325684,185.96
1976-04-12,14.300000213086603,6.100000090897083,-3.1000000461936,60.91428662197931,1.8999999538064003,186.0
1976-04-19,21.1000003144145,11.342857311878886,-0.1000000014901161,59.085715166160035,0.0,185.95
1976-04-26,19.500000290572643,7.514285826257297,-1.700000025331974,59.30000088363886,4.299999907612801,185.98
1976-05-03,17.80000026524067,6.77142867233072,-3.500000052154064,58.75714373269251,2.500000096857548,185.97
1976-05-10,29.800000444054604,17.400000259280205,2.600000038743019,51.414286480418276,0.0,185.94
1976-05-17,23.300000347197056,12.200000181794167,0.2000000029802322,61.10000091046095,5.099999904632568,185.91
1976-05-24,25.80000038444996,13.4714287721685,5.200000077486038,62.67142950530563,5.199999913573265,185.78
1976-05-31,22.600000336766243,13.585714488157205,2.7000000402331352,65.82857240949359,3.0000000298023224,185.61
1976-06-07,24.50000036507845,13.028571622712272,5.500000081956387,69.0142867426787,15.300000190734863,185.48
1976-06-14,28.80000042915344,20.25714315899781,10.900000162422655,53.757143658186706,0.9000000059604645,185.35
1976-06-21,27.000000402331352,18.01428598271949,7.500000111758709,56.55714369990996,0.699999988079071,185.21
1976-06-28,32.600000485777855,23.62857178066458,10.500000156462193,46.71428641038282,0.0,185.12
1976-07-05,35.00000052154064,25.300000376999378,14.100000210106373,40.37142917300974,0.0,185.01
1976-07-12,32.00000047683716,22.885714626738004,11.800000175833702,45.014286385050845,0.1000000014901161,184.82
1976-07-19,34.70000051707029,23.142857487712586,14.300000213086603,60.54285804501602,8.799999989569187,184.93
1976-07-26,26.80000039935112,16.37142881538187,10.100000150501728,71.32857249144998,16.09999991953373,184.87
1976-08-02,26.00000038743019,15.957143094922815,7.200000107288361,64.47142953212771,10.099999785423279,184.8
1976-08-09,25.300000376999375,16.78571453584092,8.50000012665987,60.61428661750896,0.4000000059604645,184.55
1976-08-16,26.50000039488077,18.67142884965454,9.600000143051147,56.57142941440855,5.800000049173832,184.48
1976-08-23,26.80000039935112,18.0000002682209,7.500000111758709,53.11428650575025,0.0,184.41
1976-08-30,29.800000444054604,17.828571694237844,7.800000116229057,59.585715173610616,6.700000032782555,184.28
1976-09-06,21.1000003144145,13.371428770678383,6.000000089406967,72.08571535987514,3.2999999597668648,184.16
1976-09-13,23.100000344216824,13.128571624202388,5.000000074505806,72.17142964686666,12.100000128149986,184.11
1976-09-20,19.10000028461218,12.400000184774399,4.200000062584877,76.4285725674459,10.099999606609343,184.08
1976-09-27,22.600000336766243,14.057143066610609,5.700000084936619,77.30000115185976,7.899999916553497,184.15
1976-10-04,20.500000305473804,14.742857362542834,11.10000016540289,86.21428699897868,10.799999833106995,184.11
1976-10-11,23.100000344216824,13.600000202655792,6.000000089406967,77.47142972584281,2.299999952316284,184.17
1976-10-18,20.000000298023224,8.771428702133042,1.0000000149011612,83.2285726687738,19.300000071525574,184.14
1976-10-25,14.800000220537186,8.814285845628806,4.400000065565109,84.81428697811705,4.5,184.1
1976-11-01,11.900000177323818,5.485714367457798,-0.800000011920929,87.71428702133042,7.000000081956387,184.175
1976-11-08,12.000000178813934,5.1142857904945105,-0.5000000074505806,88.31428703027112,9.800000064074993,184.25
1976-11-15,11.000000163912771,6.77142867233072,1.3000000193715096,86.22857271347728,7.500000193715096,184.33
1976-11-22,7.200000107288361,3.371428621666772,-3.200000047683716,82.70000123232603,2.0999999046325684,184.42
1976-11-29,9.500000141561031,5.628571512443679,0.4000000059604645,81.14285835197994,10.19999996572733,184.52
1976-12-06,10.30000015348196,2.9285714722105434,-0.9000000134110451,85.21428698407752,16.99999988824129,184.6
1976-12-13,8.400000125169754,2.614285753241607,-1.700000025331974,83.41428695725543,6.900000132620335,184.62
1976-12-20,2.7000000402331352,-0.9714285859039852,-7.500000111758709,87.84285845181772,0.9000000059604645,184.68
1976-12-27,3.200000047683716,-1.528571451348918,-8.00000011920929,80.04285833558866,0.1000000014901161,184.67
1977-01-03,3.700000055134296,-3.2142857621823038,-15.100000225007534,87.9857155968036,16.199999630451202,184.71
1977-01-10,3.700000055134296,1.0714285873941012,-1.600000023841858,88.65714417823723,7.299999929964542,184.78
1977-01-17,2.800000041723252,0.27142857547317234,-3.700000055134296,83.00000123679638,7.599999964237213,184.85
1977-01-24,7.500000111758709,0.9857143004025731,-3.700000055134296,87.64285844883749,4.700000025331974,184.92
1977-01-31,10.80000016093254,3.7142857696328844,-3.400000050663948,80.44285834154913,14.700000405311586,185.01
1977-02-07,11.000000163912771,2.528571466250079,-6.000000089406967,83.67142981823001,16.699999690055847,185.14
1977-02-14,9.500000141561031,4.90000007301569,0.5000000074505806,82.75714409032038,15.899999558925629,185.28
1977-02-21,11.000000163912771,4.957142931010042,-0.6000000089406967,83.81428696321589,45.099999606609344,185.47
1977-02-28,11.000000163912771,3.342857192669596,-4.90000007301569,75.28571540755885,4.700000137090683,185.55
1977-03-07,13.800000205636024,6.071428661899907,-2.200000032782554,72.957143944289,2.5999999418854713,185.64
1977-03-14,16.100000239908695,8.014285833707877,0.4000000059604645,73.88571538669723,7.799999907612801,185.78
1977-03-21,16.100000239908695,7.842857259724822,0.1000000014901161,74.92857254509416,7.299999989569187,185.85
1977-03-28,19.000000283122063,8.942857276116099,0.2000000029802322,74.90000111609697,10.400000184774399,185.93
1977-04-04,11.000000163912771,2.9857143302048956,-5.900000087916851,66.7571438519018,9.899999916553497,186.02
1977-04-11,8.50000012665987,3.0857143316950117,-3.500000052154064,67.7142867233072,2.500000037252903,186.11
1977-04-18,13.500000201165676,5.142857219491686,-2.1000000312924385,71.0571439159768,7.200000047683716,186.18
1977-04-25,20.10000029951334,8.28571440918105,-2.0000000298023224,67.4857152913298,11.400000013411045,186.26
1977-05-02,19.000000283122063,10.357143011476312,0.2000000029802322,67.08571528536933,0.6000000089406966,186.3
1977-05-09,27.200000405311584,11.142857308898654,1.600000023841858,72.21428679036242,12.899999991059303,186.34
1977-05-16,17.100000254809856,11.042857307408537,2.200000032782554,73.47142966623817,7.299999929964542,186.27
1977-05-23,19.60000029206276,12.31428589778287,3.500000052154064,63.71428666370256,5.400000095367432,186.26
1977-05-30,24.600000366568565,14.828571649534362,5.000000074505806,48.92857215766396,0.0,186.22
1977-06-06,18.100000269711018,12.357143041278634,3.6000000536441803,67.58571529281991,9.200000196695328,186.15
1977-06-13,30.300000451505184,17.600000262260437,9.3000001385808,71.87142964239631,24.799999952316284,186.06
1977-06-20,25.50000037997961,16.65714310535363,13.800000205636024,84.0428583951933,48.8000004068017,185.98
1977-06-27,25.100000374019142,16.985714538821153,11.900000177323818,71.01428677248103,8.199999809265137,185.94
1977-07-04,27.000000402331352,17.6428574057562,9.100000135600569,67.3571438608425,2.900000095367432,185.87
1977-07-11,27.80000041425228,20.042857441518986,11.60000017285347,61.61428663241012,0.0,185.8
1977-07-18,30.100000448524952,16.542857389364922,5.200000077486038,63.32857237224068,14.0,185.71
1977-07-25,24.00000035762787,15.671428804951054,9.600000143051147,76.01428684698683,42.7999999076128,185.64
1977-08-01,26.80000039935112,16.00000023841858,9.3000001385808,72.92857251529183,5.5,185.63
1977-08-08,28.10000041872263,18.257143129195487,8.300000123679638,67.74285815230438,15.100000381469728,185.56
1977-08-15,23.500000350177288,16.257143099393165,11.30000016838312,75.78571541500943,9.799999713897705,185.6
1977-08-22,24.100000359117985,15.357143085982118,10.500000156462193,84.94285840860435,57.39999981224537,185.72
1977-08-29,23.100000344216824,15.91428595142705,11.500000171363354,80.10000119358301,12.200000360608103,185.88
1977-09-05,25.80000038444996,17.685714549251966,9.400000140070915,75.27142969306026,0.2000000029802322,185.98
1977-09-12,23.600000351667404,15.05714308151177,7.500000111758709,74.12857253317323,4.800000011920929,186.02
1977-09-19,17.30000025779009,10.114285865000316,2.7000000402331352,70.27142961855445,0.0,185.97
1977-09-26,18.30000027269125,10.628571586949485,2.800000041723252,75.52857255403485,0.5000000149011611,185.91
1977-10-03,18.80000028014183,10.414285869470664,3.500000052154064,75.18571540606874,12.00000011920929,185.88
1977-10-10,21.800000324845318,12.957143050219331,3.000000044703484,83.67142981823001,22.299999959766865,185.82
1977-10-17,16.00000023841858,8.157142978693757,3.1000000461936,83.71428696172578,0.0,185.74
1977-10-24,19.10000028461218,9.914285862020083,1.80000002682209,83.9285726792046,6.899999938905239,185.66
1977-10-31,16.600000247359276,10.44285729846784,6.200000092387199,86.6714298629335,8.999999858438969,185.79
1977-11-07,15.300000227987766,8.985714419611863,1.600000023841858,84.65714411863259,69.30000066757202,185.91
1977-11-14,17.80000026524067,9.742857288037028,2.3000000342726707,81.07142977948699,33.2000000923872,185.96
1977-11-21,10.000000149011612,3.542857195649828,1.3000000193715096,79.91428690510136,6.700000077486038,186.08
1977-11-28,7.000000104308128,2.2285714617797305,-3.200000047683716,80.44285834154913,12.00000024586916,186.16
1977-12-05,3.500000052154064,-1.3142857338700975,-7.200000107288361,80.54285834303924,3.000000096857548,186.27
1977-12-12,4.90000007301569,1.5571428803460938,-8.00000011920929,90.4857156340565,23.90000021457672,186.55
1977-12-19,6.900000102818012,1.9285714573093824,-1.5000000223517418,94.07142997320209,2.100000023841858,186.72
1977-12-26,14.000000208616257,2.9857143302048956,-4.400000065565109,86.74285843542644,7.00000012665987,186.83
1978-01-02,6.500000096857548,3.6714286261371205,1.700000025331974,83.41428695725543,14.200000025331974,186.92
1978-01-09,5.700000084936619,-0.028571428997176067,-5.900000087916851,81.0571440649884,9.299999833106995,187.04
1978-01-16,5.700000084936619,1.8000000268220901,-2.0000000298023224,81.94285836390087,3.5999999567866325,187.11
1978-01-23,3.200000047683716,0.1714285739830562,-3.200000047683716,86.41428700195891,6.40000019967556,187.19
1978-01-30,5.900000087916851,3.157142904187952,0.2000000029802322,79.11428689318043,7.3999998942017555,187.21
1978-02-06,3.400000050663948,-0.028571428997176,-5.000000074505806,84.60000126063824,15.900000497698786,187.22
1978-02-13,1.80000002682209,-3.0428571881992474,-8.400000125169754,77.48571544034141,3.0000000670552254,187.25
1978-02-20,0.5000000074505806,-4.871428644018514,-14.600000217556952,73.9142868156944,0.8000000268220901,187.28
1978-02-27,13.000000193715096,3.971428630607469,-12.300000183284284,85.97142985250268,12.900000095367432,187.26
1978-03-06,12.4000001847744,5.985714374908379,-1.80000002682209,76.50000113993883,4.299999952316284,187.25
1978-03-13,13.500000201165676,6.228571521384375,-3.1000000461936,72.75714394130877,5.900000065565109,187.35
1978-03-20,10.100000150501728,4.7285714990326335,-0.6000000089406967,71.62857249592032,27.19999998807907,187.44
1978-03-27,8.50000012665987,4.285714349576405,-1.700000025331974,77.71428687231881,22.100000634789467,187.36
1978-04-03,18.30000027269125,10.214285866490432,4.400000065565109,77.80000115931034,2.800000011920929,187.29
1978-04-10,15.400000229477882,6.442857238863196,-1.80000002682209,61.80000092089176,1.4000000059604645,187.2
1978-04-17,11.500000171363354,4.128571490091937,-3.000000044703484,65.42857240353312,0.6000000089406967,187.11
1978-04-24,19.000000283122063,9.257142995085035,-2.3000000342726707,61.700000919401646,7.6000001430511475,187.07
1978-05-01,18.80000028014183,11.614285887352057,4.200000062584877,69.3714296051434,23.299999572336674,187.02
1978-05-08,22.600000336766243,11.700000174343586,4.500000067055225,81.32857264046159,15.299999713897705,186.97
1978-05-15,17.100000254809856,8.300000123679638,2.200000032782554,68.88571531219142,13.299999572336674,186.9
1978-05-22,20.000000298023224,12.842857334230628,4.400000065565109,75.11428683357579,9.300000071525574,186.85
1978-05-29,24.100000359117985,14.457143072571073,8.600000128149986,73.28571537775653,20.00000035762787,186.74
1978-06-05,28.300000421702865,19.657143150057113,10.80000016093254,62.02857235286917,2.9999999552965164,186.63
1978-06-12,28.300000421702865,15.70000023394823,7.200000107288361,68.50000102072954,5.3000002056360245,186.57
1978-06-19,21.300000317394733,14.028571637613434,4.500000067055225,69.142858173166,15.699999764561653,186.52
1978-06-26,21.1000003144145,13.357143056179796,6.500000096857548,76.24285827896425,22.299999594688416,186.46
1978-07-03,23.100000344216824,14.271428784089428,8.00000011920929,78.6714297437242,20.799999728798866,186.44
1978-07-10,16.600000247359276,12.571428758757454,7.500000111758709,78.9285726046988,11.399999856948853,186.4
1978-07-17,23.300000347197056,15.242857369993414,5.500000081956387,72.21428679036242,6.699999809265137,186.36
1978-07-24,25.50000037997961,15.41428594397647,6.200000092387199,71.52857249443021,2.900000095367432,186.31
1978-07-31,30.600000455975533,21.371428889887675,12.000000178813934,67.22857243035521,2.4999999403953552,186.28
1978-08-07,24.100000359117985,17.45714311727456,11.000000163912771,71.75714392640761,7.800000101327896,186.17
1978-08-14,21.300000317394733,14.271428784089428,8.50000012665987,76.20000113546848,5.299999937415123,186.08
1978-08-21,27.80000041425228,16.542857389364922,5.500000081956387,66.74285813740322,1.6000000014901161,186.05
1978-08-28,28.200000420212746,15.042857367013182,2.800000041723252,68.24285815975496,0.0,186.01
1978-09-04,19.60000029206276,12.085714465805463,6.000000089406967,76.38571542395013,9.799999870359898,185.95
1978-09-11,22.600000336766243,15.514285945466586,7.000000104308128,78.52857259873834,20.19999998807907,185.89
1978-09-18,20.800000309944156,13.214285911193915,5.900000087916851,76.10000113397837,0.4000000059604644,185.8
1978-09-25,23.80000035464764,12.81428590523345,3.200000047683716,77.78571544481176,1.199999988079071,185.77
1978-10-02,15.900000236928465,9.500000141561031,2.7000000402331352,85.15714412608317,19.999999821186066,185.71
1978-10-09,20.10000029951334,10.271428724484784,5.000000074505806,82.3857155133571,0.4000000059604644,185.64
1978-10-16,21.1000003144145,11.414285884371825,5.200000077486038,85.54285841754505,4.600000098347664,185.57
1978-10-23,11.30000016838312,6.500000096857548,-0.2000000029802322,83.05714409479073,3.100000001490116,185.5
1978-10-30,13.40000019967556,8.600000128149986,0.6000000089406967,83.94285839370319,2.4999999552965164,185.38
1978-11-06,9.100000135600569,5.428571509463446,-1.0000000149011612,90.61428706454379,1.9000000357627869,185.35
1978-11-13,6.500000096857548,1.600000023841858,-1.5000000223517418,90.02857277010169,0.0,185.39
1978-11-20,9.80000014603138,4.90000007301569,-2.1000000312924385,85.22857269857612,1.699999988079071,185.47
1978-11-27,10.80000016093254,4.8857143585171015,0.1000000014901161,85.68571556253093,1.7999999895691872,185.58
1978-12-04,3.200000047683716,-0.21428571747882025,-6.900000102818012,81.75714407541922,0.0,185.64
1978-12-11,8.00000011920929,-1.1571428743856293,-11.800000175833702,84.74285840562412,17.099999740719795,185.7
1978-12-18,10.30000015348196,3.7142857696328844,-5.700000084936619,81.6571440739291,12.0,185.75
1978-12-25,8.600000128149986,-1.1142857308898653,-8.00000011920929,87.22857272837844,11.400000005960464,185.82
1979-01-01,10.80000016093254,1.671428596334798,-17.30000025779009,85.15714412608317,45.10000057518482,185.87
1979-01-08,-3.6000000536441803,-11.000000163912773,-18.50000027567148,85.10000126808882,2.300000049173832,185.95
1979-01-15,1.100000016391277,-2.2142857472811426,-12.000000178813934,85.52857270304646,8.999999821186066,185.98
1979-01-22,-2.1000000312924385,-5.485714367457798,-12.000000178813934,82.71428694682461,2.200000025331974,186.22
1979-01-29,3.700000055134296,-1.3000000193715096,-7.800000116229057,86.45714414545468,8.59999980032444,186.3
1979-02-05,4.700000070035458,0.5142857219491687,-3.200000047683716,80.71428691702229,13.900000110268593,186.38
1979-02-12,2.7000000402331352,-1.4285714498588018,-8.50000012665987,76.51428685443742,16.299999929964542,186.47
1979-02-19,5.500000081956387,-1.8714285993150301,-8.600000128149986,88.12857274178948,12.499999918043613,186.56
1979-02-26,3.500000052154064,-1.3571428773658616,-8.800000131130219,78.90000117570162,2.4999999701976776,186.59
1979-03-05,7.700000114738941,2.0428571732980862,-7.000000104308128,79.72857261661973,5.999999836087227,186.62
1979-03-12,9.500000141561031,4.385714351066521,-0.9000000134110451,79.57142975713525,26.599999986588955,186.71
1979-03-19,9.400000140070915,4.414285780063698,-0.2000000029802322,82.80000123381615,19.8999999538064,186.77
1979-03-26,10.80000016093254,5.200000077486038,-3.500000052154064,74.94285825959274,13.500000037252903,186.84
1979-04-02,10.400000154972076,5.342857222471919,1.600000023841858,79.50000118464231,15.50000011920929,186.93
1979-04-09,13.100000195205212,4.814285786024162,0.1000000014901161,76.07142970498118,3.3000000044703484,187.0
1979-04-16,20.800000309944156,10.600000157952309,0.2000000029802322,63.6571438057082,13.699999988079071,187.07
1979-04-23,14.900000222027302,6.928571531815188,-0.5000000074505806,73.27142966325793,14.199999906122684,187.12
1979-04-30,11.500000171363354,6.84285724482366,0.6000000089406967,77.35714400985411,13.899999976158142,187.15
1979-05-07,13.600000202655792,4.90000007301569,-1.700000025331974,69.8571438980954,9.499999970197678,187.02
1979-05-14,23.100000344216824,12.214285896292754,-0.2000000029802322,63.40000094473362,5.400000192224979,186.89
1979-05-21,26.30000039190054,15.314285942486354,7.400000110268593,69.57142960812364,10.199999928474426,186.77
1979-05-28,25.50000037997961,13.657143060650144,6.500000096857548,75.74285827151367,27.60000006109476,186.71
1979-06-04,30.200000450015068,22.128571758312837,9.3000001385808,63.928572381181375,0.1000000014901161,186.6
1979-06-11,26.00000038743019,17.057143111314094,6.70000009983778,72.8428582283003,15.199999570846558,186.51
1979-06-18,24.50000036507845,14.671428790049893,7.900000117719173,73.38571537924665,14.699999809265137,186.4
1979-06-25,26.80000039935112,17.45714311727456,9.500000141561031,72.4857153658356,7.100000098347664,186.25
1979-07-02,23.80000035464764,15.657143090452466,8.400000125169754,66.80000099539757,7.899999909102917,186.16
1979-07-09,24.00000035762787,16.42857167337622,4.700000070035458,67.08571528536933,8.399999797344208,186.05
1979-07-16,24.300000362098217,16.514285960367747,6.500000096857548,71.52857249443021,7.500000238418579,185.91
1979-07-23,24.600000366568565,15.814285949936934,8.400000125169754,72.81428679930312,4.100000113248825,185.76
1979-07-30,28.000000417232517,18.38571455968278,10.100000150501728,72.07142964537654,23.900000222027302,185.86
1979-08-06,25.100000374019142,17.557143118764674,9.600000143051147,73.51428680973393,10.199999809265137,185.81
1979-08-13,27.200000405311584,16.07142881091152,9.3000001385808,76.02857256148543,22.70000047981739,185.79
1979-08-20,26.700000397861004,16.185714526900224,10.400000154972076,78.78571545971292,6.800000198185444,185.7
1979-08-27,21.800000324845318,12.842857334230628,7.500000111758709,81.58571550143617,9.500000171363354,185.62
1979-09-03,27.200000405311584,15.542857374463763,5.000000074505806,73.45714395173958,13.199999809265137,185.65
1979-09-10,25.300000376999375,16.20000024139881,7.000000104308128,76.74285828641483,2.700000047683716,185.67
1979-09-17,21.800000324845318,12.514285900763102,0.5000000074505806,71.80000106990337,0.0,185.62
1979-09-24,22.800000339746475,12.842857334230628,6.200000092387199,73.00000108778477,7.100000098347664,185.57
1979-10-01,20.000000298023224,11.10000016540289,2.600000038743019,76.44285828194448,0.7000000029802322,185.52
1979-10-08,20.30000030249357,11.928571606320995,1.80000002682209,80.97142977799687,2.1999999806284904,185.47
1979-10-15,23.000000342726707,12.928571621222156,7.500000111758709,83.30000124126673,12.700000047683716,185.42
1979-10-22,14.600000217556952,8.35714298167399,0.5000000074505806,83.64285838923284,4.599999904632568,185.38
1979-10-29,11.500000171363354,3.642857197139944,-2.7000000402331352,71.64285821041891,2.1000000536441803,185.31
1979-11-05,12.4000001847744,6.128571519894259,-0.1000000014901161,88.5714298912457,27.500000715255737,185.23
1979-11-12,12.000000178813934,4.671428641038282,-2.0000000298023224,84.90000126510859,52.50000037252903,185.35
1979-11-19,6.400000095367432,1.671428596334798,-2.7000000402331352,93.65714425274304,5.300000071525574,185.48
1979-11-26,7.000000104308128,1.58571430934327,-4.700000070035458,88.61428703474147,2.8999999538064003,185.66
1979-12-03,10.600000157952309,6.314285808375904,0.9000000134110451,89.78571562362569,5.100000128149986,185.87
1979-12-10,12.10000018030405,8.900000132620335,2.500000037252903,85.7285727060267,47.599998980760574,186.12
1979-12-17,11.000000163912771,4.8857143585171015,-0.6000000089406967,82.68571551782745,38.00000009685755,186.31
1979-12-24,6.400000095367432,1.7285714543291502,-1.0000000149011612,83.25714409777096,7.299999892711639,186.4
1979-12-31,6.400000095367432,1.3571428773658616,-4.400000065565109,88.87142989571605,10.499999940395355,186.55
1980-01-07,3.700000055134296,-0.028571428997176098,-6.200000092387199,90.40000134706497,10.99999999254942,186.67
1980-01-14,2.3000000342726707,-3.985714345106057,-12.000000178813934,79.81428690361125,0.800000011920929,186.79
1980-01-21,0.1000000014901161,-4.557142925049577,-10.500000156462193,83.2142869542752,1.5,186.86
1980-01-28,4.700000070035458,1.0571428728955132,-7.900000117719173,86.04285842499563,5.200000055134296,186.69
1980-02-04,9.00000013411045,3.52857148115124,-2.3000000342726707,86.10000128298998,40.70000019669533,187.14
1980-02-11,9.900000147521496,5.671428655939443,-0.2000000029802322,85.80000127851963,8.300000011920929,187.59
1980-02-18,7.700000114738941,3.500000052154064,-0.5000000074505806,86.11428699748856,4.6999999806284904,187.43
1980-02-25,10.500000156462193,1.528571451348918,-3.6000000536441803,73.60000109672546,0.0,187.16
1980-03-03,11.500000171363354,2.8714286142161916,-2.7000000402331352,74.92857254509416,0.6000000089406967,186.87
1980-03-10,11.000000163912771,4.242857206080641,-2.500000037252903,79.31428689616067,8.299999713897705,186.85
1980-03-17,11.30000016838312,5.442857223962035,0.0,81.92857264940228,6.600000202655792,186.68
1980-03-24,10.400000154972076,2.385714321264199,-2.3000000342726707,76.32857256595578,2.900000050663948,186.68
1980-03-31,16.800000250339508,7.885714403220585,1.0000000149011612,77.35714400985411,29.800000071525574,186.96
1980-04-07,14.500000216066836,6.1714286633900235,-1.100000016391277,70.08571533007282,4.699999935925007,186.93
1980-04-14,20.000000298023224,6.757142957832132,-0.5000000074505806,67.22857243035521,1.699999988079071,186.93
1980-04-21,21.800000324845318,8.72857155863728,0.2000000029802322,61.08571519596236,2.9000001028180127,186.84
1980-04-28,11.500000171363354,5.557142939950738,-1.100000016391277,78.28571545226234,17.000000149011612,186.49
1980-05-05,18.50000027567148,9.285714424082212,1.100000016391277,65.70000097900629,27.399999260902405,186.46
1980-05-12,21.800000324845318,10.88571444792407,1.80000002682209,61.02857233796801,5.299999833106995,186.37
1980-05-19,21.1000003144145,12.81428590523345,1.3000000193715096,47.90000071376562,0.0,186.26
1980-05-26,22.600000336766243,12.500000186264515,2.200000032782554,62.67142950530563,5.100000202655792,186.19
1980-06-02,20.30000030249357,12.557143044258867,3.6000000536441803,77.68571544332164,26.000000074505806,186.08
1980-06-09,27.3000004068017,17.228571685297148,6.900000102818012,71.68571535391467,7.100000023841858,185.95
1980-06-16,28.50000042468309,18.614285991660186,8.800000131130219,68.87142959769282,16.40000009536743,185.91
1980-06-23,18.30000027269125,13.54285734466144,9.400000140070915,74.21428682016474,27.400000274181366,185.97
1980-06-30,18.6000002771616,12.68571447474616,7.000000104308128,77.44285829684564,30.600000001490116,185.93
1980-07-07,21.60000032186508,14.857143078531537,9.600000143051147,75.8142868440066,26.800000190734863,185.88
1980-07-14,18.0000002682209,13.771428776638848,9.80000014603138,84.08571553868907,25.29999989271164,185.82
1980-07-21,18.80000028014183,14.057143066610609,8.100000120699406,80.01428690659148,19.100000143051147,185.74
1980-07-28,28.000000417232517,19.214286000600882,7.000000104308128,68.50000102072954,0.0,185.65
1980-08-04,29.60000044107437,20.128571728510515,10.600000157952309,71.58571535242456,5.30000002682209,185.59
1980-08-11,25.50000037997961,17.900000266730785,10.400000154972076,73.94285824469158,15.099999912083149,185.69
1980-08-18,26.700000397861004,17.671428834753378,10.000000149011612,77.41428686784846,8.2999999076128,185.71
1980-08-25,23.100000344216824,14.171428782599312,5.000000074505806,73.9142868156944,2.1000000536441803,185.73
1980-09-01,23.80000035464764,16.085714525410108,5.200000077486038,76.67142971392188,10.5,185.7
1980-09-08,24.8000003695488,15.171428797500473,4.500000067055225,76.50000113993883,14.299999810755253,185.71
1980-09-15,19.000000283122063,13.771428776638848,10.000000149011612,81.71428693192345,15.400000035762787,185.66
1980-09-22,25.300000376999375,15.871428807931286,8.50000012665987,81.21428692447287,0.5,185.65
1980-09-29,21.300000317394733,13.04285733721086,5.900000087916851,85.55714413204363,3.8999999538064003,185.62
1980-10-06,17.80000026524067,9.885714433022908,1.100000016391277,78.87142974670444,1.800000011920929,185.61
1980-10-13,15.000000223517418,6.9714286753109524,0.6000000089406967,83.32857267026391,21.49999976158142,185.59
1980-10-20,12.000000178813934,7.085714391299656,1.700000025331974,86.91428700940949,7.199999965727329,185.57
1980-10-27,12.500000186264517,7.985714404710701,1.3000000193715096,87.05714415439537,9.299999810755253,185.57
1980-11-03,17.600000262260437,3.5571429101484164,-5.000000074505806,75.77142970051084,2.0,185.58
1980-11-10,3.9000000581145287,-0.828571440918105,-5.900000087916851,83.17142981077943,2.9999999180436134,185.57
1980-11-17,12.600000187754633,5.642857226942267,-1.0000000149011612,85.74285842052528,16.299999713897705,185.62
1980-11-24,13.800000205636024,8.842857274625983,3.400000050663948,81.60000121593475,0.7000000178813934,185.66
1980-12-01,9.3000001385808,0.8714285844138691,-6.500000096857548,87.17142987038407,9.099999740719795,185.67
1980-12-08,2.1000000312924385,-3.7571429131286487,-12.800000190734863,88.1000013127923,15.300000429153442,185.7
1980-12-15,10.80000016093254,3.0285714737006595,-4.500000067055225,83.20000123977661,20.900000385940075,185.87
1980-12-22,5.700000084936619,0.8714285844138691,-3.9000000581145287,89.32857275967088,12.99999988079071,186.06
1980-12-29,10.500000156462193,3.4714286231568883,-5.000000074505806,88.88571561021465,3.1999999582767487,186.18
1981-01-05,8.400000125169754,2.9571429012077197,-2.0000000298023224,84.97142983760152,26.800000049173832,186.29
1981-01-12,1.0000000149011612,-2.9571429012077197,-10.500000156462193,88.35714417376688,6.900000132620335,186.6
1981-01-19,4.000000059604645,-0.14285714498588012,-6.400000095367432,88.61428703474147,38.30000054836273,186.78
1981-01-26,3.200000047683716,-4.457142923559461,-12.500000186264517,86.78571557892221,1.4000000059604645,186.9
1981-02-02,1.3000000193715096,-3.542857195649828,-10.400000154972076,92.64285852334329,0.0,186.94
1981-02-09,8.50000012665987,4.028571488601821,-6.500000096857548,87.78571559382337,9.900000005960464,187.0
1981-02-16,6.000000089406967,-1.8000000268220901,-7.900000117719173,81.87142979140792,2.600000001490116,187.08
1981-02-23,2.200000032782554,-2.1571428892867908,-7.000000104308128,80.62857263003077,1.400000013411045,187.15
1981-03-02,7.400000110268593,0.800000011920929,-7.200000107288361,77.45714401134423,8.800000071525574,187.03
1981-03-09,14.300000213086603,5.942857231412615,-2.0000000298023224,85.44285841605493,22.300000190734863,186.97
1981-03-16,17.30000025779009,8.771428702133042,0.800000011920929,80.18571548057454,11.300000227987766,187.12
1981-03-23,16.600000247359276,6.142857234392848,-2.0000000298023224,75.8285725585052,15.699999526143072,187.18
1981-03-30,19.30000028759241,10.914285876921245,2.200000032782554,74.47142968113933,18.700000144541264,187.31
1981-04-06,19.10000028461218,10.87142873342548,4.000000059604645,76.72857257191625,1.2000000476837158,187.17
1981-04-13,22.000000327825543,13.242857340191092,3.000000044703484,71.37142963494573,17.49999976158142,187.05
1981-04-20,19.80000029504299,7.285714394279888,-1.600000023841858,58.81428659068687,6.199999809265137,186.86
1981-04-27,20.10000029951334,6.228571521384375,-3.200000047683716,65.35714383104018,30.700000390410423,186.86
1981-05-04,11.500000171363354,6.571428669350488,0.2000000029802322,77.257144008364,13.000000178813934,186.96
1981-05-11,25.80000038444996,13.40000019967556,-0.1000000014901161,73.3285725212523,6.6999998688697815,186.84
1981-05-18,22.000000327825543,13.671428775148732,4.700000070035458,76.71428685741765,15.899999916553497,186.84
1981-05-25,26.80000039935112,15.900000236928463,6.900000102818012,68.87142959769282,8.89999994635582,186.66
1981-06-01,26.80000039935112,15.442857372973647,6.900000102818012,80.68571548802512,38.90000021457672,186.96
1981-06-08,29.10000043362379,17.571428833263262,9.600000143051147,80.1285726225802,59.599999129772186,187.54
1981-06-15,28.60000042617321,17.742857407246316,6.000000089406967,67.7285724378058,3.8999999538064003,187.14
1981-06-22,22.100000329315662,11.514285885861941,7.300000108778477,74.80000111460686,13.599999785423279,186.95
1981-06-29,23.500000350177288,15.842857378934111,8.50000012665987,77.91428687529904,42.2999999076128,186.86
1981-07-06,24.300000362098217,16.20000024139881,8.600000128149986,73.61428681122405,7.399999812245369,186.73
1981-07-13,29.700000442564487,20.328571731490747,14.000000208616257,70.90000105649233,1.900000050663948,186.61
1981-07-20,22.100000329315662,15.500000230967999,9.00000013411045,75.77142970051084,4.8999999538064,186.51
1981-07-27,21.50000032037497,15.114285939506122,9.500000141561031,80.88571549100536,18.29999977350235,186.42
1981-08-03,26.100000388920307,18.828571709139005,8.00000011920929,76.62857257042613,5.400000095367432,186.27
1981-08-10,30.300000451505184,20.68571459395545,15.100000225007534,75.8285725585052,102.20000306516886,186.25
1981-08-17,27.700000412762165,17.700000263750553,9.500000141561031,75.74285827151367,0.699999988079071,187.26
1981-08-24,21.000000312924385,13.68571448964732,6.900000102818012,79.81428690361125,10.200000211596489,187.03
1981-08-31,20.800000309944156,14.500000216066837,6.000000089406967,79.41428689765078,1.4000000357627869,186.78
1981-09-07,23.300000347197056,14.271428784089428,5.900000087916851,71.08571534497398,0.2000000029802322,186.45
1981-09-14,23.600000351667404,14.900000222027302,6.200000092387199,82.71428694682461,6.900000102818012,186.43
1981-09-21,22.30000033229589,15.41428594397647,6.900000102818012,85.128572697086,30.7999999076128,186.35
1981-09-28,22.800000339746475,12.728571618241924,6.800000101327896,88.11428702729089,33.50000001490116,186.45
1981-10-05,17.00000025331974,10.814285875431128,5.200000077486038,85.07142983909164,15.700000017881393,186.49
1981-10-12,19.000000283122063,10.357143011476312,3.9000000581145287,82.17142979587827,40.500000953674316,186.94
1981-10-19,13.000000193715096,6.742857243333544,1.100000016391277,88.5714298912457,22.60000029206276,187.28
1981-10-26,11.500000171363354,5.32857150797333,1.100000016391277,88.40000131726265,4.300000004470348,187.22
1981-11-02,14.900000222027302,8.685714415141515,1.3000000193715096,88.05714416929654,12.3999999538064,187.08
1981-11-09,14.800000220537186,4.928571502012866,-3.700000055134296,79.7571440456169,2.100000061094761,186.95
1981-11-16,8.00000011920929,1.2571428758757455,-5.200000077486038,86.01428699599845,12.299999594688416,186.96
1981-11-23,14.000000208616257,8.85714298912457,-5.000000074505806,86.3285727149674,8.400000050663948,187.03
1981-11-30,10.80000016093254,3.0857143316950117,0.1000000014901161,86.3285727149674,25.60000079870224,187.07
1981-12-07,5.500000081956387,1.65714288183621,-4.200000062584877,88.02857274029937,22.19999972730875,187.4
1981-12-14,5.500000081956387,-1.4000000208616257,-14.800000220537186,86.52857271794763,40.30000019073486,187.46
1981-12-21,2.800000041723252,-6.485714382358959,-13.600000202655792,85.64285841903516,9.000000193715096,187.35
1981-12-28,1.3000000193715096,-1.58571430934327,-6.70000009983778,89.07142989869628,5.6000000312924385,187.37
1982-01-04,10.500000156462193,4.514285781553814,-3.400000050663948,90.08571562809604,19.000000454485416,187.63
1982-01-11,10.500000156462193,-5.18571436298745,-16.100000239908695,74.90000111609697,25.000000536441803,187.36
1982-01-18,-2.200000032782554,-10.600000157952309,-21.300000317394733,85.25714412757328,0.0,187.22
1982-01-25,1.3000000193715096,-1.8571428848164422,-4.400000065565109,95.24285856208631,3.299999952316284,187.07
1982-02-01,8.400000125169754,2.1285714602896144,-4.700000070035458,87.71428702133042,13.200000122189522,187.55
1982-02-08,6.900000102818012,-0.41428572045905254,-6.200000092387199,85.05714412459305,8.399999991059303,187.26
1982-02-15,8.50000012665987,1.8000000268220901,-2.7000000402331352,90.57142992104802,6.4000000059604645,187.23
1982-02-22,5.700000084936619,-0.27142857547317234,-6.200000092387199,74.97142968858991,1.7000000476837158,187.17
1982-03-01,11.30000016838312,-0.4428571494562285,-8.00000011920929,82.0285726508924,11.099999621510504,187.04
1982-03-08,11.10000016540289,3.300000049173832,-2.600000038743019,76.4285725674459,15.99999965727329,187.34
1982-03-15,11.000000163912771,3.7428571986300603,-2.3000000342726707,79.22857260916915,19.099999845027924,187.29
1982-03-22,9.00000013411045,3.8000000566244125,-1.3000000193715096,84.24285839817354,12.200000025331974,187.16
1982-03-29,18.30000027269125,6.800000101327896,-2.3000000342726707,68.01428672777755,1.399999976158142,187.07
1982-04-05,19.10000028461218,7.642857256744589,-0.2000000029802322,68.72857245270696,0.699999988079071,186.92
1982-04-12,20.60000030696392,5.385714365967682,-0.5000000074505806,77.62857258532729,29.700000673532486,187.04
1982-04-19,16.00000023841858,7.028571533305304,-2.200000032782554,61.0428580524666,0.1000000014901161,186.9
1982-04-26,16.300000242888927,8.71428584413869,1.100000016391277,63.22857237075056,4.900000095367432,186.82
1982-05-03,15.800000235438349,7.428571539265769,-0.6000000089406967,68.15714387276343,2.4000000059604645,186.72
1982-05-10,17.30000025779009,8.614285842648574,0.1000000014901161,76.00000113248825,43.900000512599945,186.78
1982-05-17,25.700000382959843,14.242857355092253,4.000000059604645,66.17142955745969,10.899999618530272,186.77
1982-05-24,23.600000351667404,14.957143080021654,8.00000011920929,77.60000115633011,33.09999976307154,186.73
1982-05-31,27.3000004068017,16.442857387874806,6.500000096857548,64.45714381762913,0.0,186.53
1982-06-07,31.600000470876694,21.542857463870728,12.000000178813934,68.0714295857719,2.6999999284744263,186.47
1982-06-14,26.00000038743019,15.671428804951054,9.00000013411045,71.50000106543303,13.100000120699406,186.38
1982-06-21,22.000000327825543,13.942857350621905,7.000000104308128,73.70000109821558,12.600000001490116,186.35
1982-06-28,24.300000362098217,16.9285716808268,9.400000140070915,75.48571541053909,15.899999812245369,186.2
1982-07-05,27.10000040382147,16.542857389364922,7.900000117719173,72.05714393087796,18.299999713897705,186.1
1982-07-12,29.60000044107437,20.7428574519498,9.600000143051147,62.4714295023254,0.0,185.92
1982-07-19,30.300000451505184,21.857143182839668,13.600000202655792,60.22857232604708,0.6000000238418579,185.84
1982-07-26,30.00000044703484,19.400000289082527,14.600000217556952,72.1285725033709,8.699999988079071,185.74
1982-08-02,29.50000043958425,19.60000029206276,9.80000014603138,67.91428672628743,8.49999962002039,185.7
1982-08-09,28.60000042617321,19.685714579054288,12.4000001847744,76.58571542693036,15.300000354647638,185.64
1982-08-16,30.100000448524952,19.214286000600882,11.000000163912771,65.20000097155571,0.7999999895691872,185.63
1982-08-23,26.50000039488077,16.014285952917167,8.00000011920929,69.0285724571773,9.599999651312828,185.52
1982-08-30,24.50000036507845,15.857143093432699,7.300000108778477,70.17142961706433,16.40000019222498,185.44
1982-09-06,27.80000041425228,15.857143093432699,4.200000062584877,68.77142959620271,1.600000023841858,185.44
1982-09-13,26.600000396370888,16.685714534350804,8.900000132620335,73.98571538818734,0.0,185.34
1982-09-20,28.200000420212746,17.80000026524067,9.600000143051147,73.74285824171135,10.900000095367432,185.27
1982-09-27,23.600000351667404,13.642857346151557,7.300000108778477,75.42857255254474,7.200000166893005,185.24
1982-10-04,21.300000317394733,13.228571625692505,6.70000009983778,83.61428696023566,5.800000108778477,185.24
1982-10-11,14.600000217556952,10.44285729846784,6.900000102818012,86.70000129193068,69.2999986410141,185.46
1982-10-18,13.300000198185444,9.042857277606215,1.600000023841858,86.42857271645751,20.000000528991222,185.57
1982-10-25,15.500000230968,8.828571560127395,2.1000000312924385,88.27142988677535,23.199999250471592,185.73
1982-11-01,14.900000222027302,8.228571551186699,2.800000041723252,89.32857275967088,0.5,185.82
1982-11-08,10.30000015348196,6.000000089406967,-3.000000044703484,85.31428698556763,1.9000000208616257,185.97
1982-11-15,15.300000227987766,7.528571540755885,1.3000000193715096,85.1142869825874,8.100000120699406,185.85
1982-11-22,11.500000171363354,5.957142945911203,-0.5000000074505806,84.00000125169754,15.30000002682209,185.89
1982-11-29,13.000000193715096,5.728571513933795,-0.800000011920929,85.4857155595507,6.900000169873238,185.88
1982-12-06,4.200000062584877,1.0428571583969253,-2.500000037252903,91.30000136047602,7.5999999567866325,185.92
1982-12-13,11.60000017285347,4.8857143585171015,-0.1000000014901161,85.51428698854787,30.999999538064003,186.15
1982-12-20,12.500000186264517,3.0142857592020715,-1.0000000149011612,85.57142984654222,23.099999845027924,186.27
1982-12-27,7.300000108778477,2.1428571747882024,-3.700000055134296,89.27142990167651,13.699999809265137,186.47
1983-01-03,8.50000012665987,1.0714285873941012,-4.000000059604645,88.71428703623158,11.500000208616257,186.92
1983-01-10,12.500000186264517,6.600000098347664,0.6000000089406967,82.52857265834298,10.200000062584877,186.99
1983-01-17,8.600000128149986,4.671428641038282,-0.9000000134110451,83.40000124275684,21.399999290704724,187.23
1983-01-24,6.500000096857548,1.600000023841858,-4.400000065565109,82.55714408734015,4.8999999538064,187.25
1983-01-31,12.4000001847744,5.2428572209818025,-2.500000037252903,85.27142984207187,21.80000004172325,187.23
1983-02-07,10.400000154972076,1.1714285888842173,-2.600000038743019,84.95714412310294,27.699999809265137,187.45
1983-02-14,0.6000000089406967,-2.457142893757139,-7.400000110268593,79.10000117868185,1.700000025331974,187.37
1983-02-21,2.800000041723252,-3.0285714737006595,-9.500000141561031,71.98571535838502,0.0,187.25
1983-02-28,8.800000131130219,-6.344131569286608e-17,-11.000000163912771,77.18571543587106,16.90000009536743,187.3
1983-03-07,8.900000132620335,3.542857195649828,-3.000000044703484,81.32857264046159,0.3000000119209289,187.37
1983-03-14,13.600000202655792,4.671428641038282,-3.6000000536441803,73.78571538520711,1.4000000059604645,187.44
1983-03-21,12.500000186264517,8.700000129640102,-1.600000023841858,76.80000114440918,12.099999763071537,187.38
1983-03-28,11.000000163912771,4.042857203100409,0.2000000029802322,76.15714399197272,33.500000193715096,187.23
1983-04-04,12.000000178813934,4.8857143585171015,-1.700000025331974,80.14285833707878,10.89999994635582,187.31
1983-04-11,12.600000187754633,6.714285814336368,2.0000000298023224,83.65714410373143,49.40000092983246,187.75
1983-04-18,21.300000317394733,8.785714416631631,1.3000000193715096,73.34285823575088,2.5000000596046448,187.57
1983-04-25,21.1000003144145,11.81428589033229,3.200000047683716,73.12857251827207,22.400000169873238,187.37
1983-05-02,19.10000028461218,11.471428742366177,3.200000047683716,72.64285822532007,4.000000029802322,187.23
1983-05-09,18.6000002771616,11.000000163912773,3.1000000461936,74.82857254360404,16.69999986886978,187.08
1983-05-16,20.10000029951334,11.200000166893005,5.900000087916851,83.14285838178226,15.300000131130219,187.03
1983-05-23,21.1000003144145,12.428571613771576,5.500000081956387,76.04285827598402,39.69999980926514,187.25
1983-05-30,16.300000242888927,9.80000014603138,6.800000101327896,86.78571557892221,28.399999618530273,187.64
1983-06-06,27.500000409781933,16.900000251829624,5.200000077486038,67.2428581448538,4.299999929964542,187.33
1983-06-13,26.80000039935112,17.92857169572796,6.500000096857548,66.65714385041169,0.700000025331974,187.01
1983-06-20,26.00000038743019,14.84285736403295,6.500000096857548,61.88571520788329,0.6000000089406967,186.82
1983-06-27,29.000000432133675,20.085714585014752,13.000000193715096,68.62857245121684,11.100000023841858,186.64
1983-07-04,27.000000402331352,16.85714310833386,7.700000114738941,70.11428675906998,6.700000166893005,186.52
1983-07-11,31.20000046491623,22.571428907769068,14.500000216066836,65.94285812548229,32.00000077486038,186.27
1983-07-18,32.20000047981739,21.77142889584814,10.900000162422655,62.514286645821166,24.799999237060547,186.19
1983-07-25,30.300000451505184,19.028571712119238,8.800000131130219,69.9857153285827,8.399999856948853,186.21
1983-08-01,33.600000500679016,23.41428606318576,13.800000205636024,63.071429511266096,0.1000000014901161,186.1
1983-08-08,26.30000039190054,16.2142859558974,11.30000016838312,73.00000108778477,16.700000382959843,186.0
1983-08-15,28.10000041872263,18.700000278651714,8.00000011920929,64.11428666966302,1.0,185.88
1983-08-22,30.600000455975533,20.457143161978042,11.10000016540289,67.55714386382273,0.7000000029802322,185.78
1983-08-29,28.80000042915344,20.828571738941328,11.900000177323818,63.871429523187025,0.0,185.77
1983-09-05,28.200000420212746,17.557143118764674,10.500000156462193,64.54285810462066,3.8999999165534973,185.6
1983-09-12,20.30000030249357,13.300000198185444,3.9000000581145287,71.71428678291184,11.199999868869781,185.57
1983-09-19,21.1000003144145,13.414285914174148,7.500000111758709,80.1285726225802,19.100000001490116,185.43
1983-09-26,23.300000347197056,12.442857328270163,3.000000044703484,76.0571439904826,7.5,185.36
1983-10-03,24.8000003695488,14.271428784089428,5.200000077486038,78.11428687827927,3.5999999046325684,185.33
1983-10-10,23.100000344216824,13.371428770678383,5.900000087916851,74.34285825065204,6.599999785423279,185.25
1983-10-17,16.600000247359276,9.685714430042676,2.200000032782554,76.80000114440918,9.000000111758709,185.23
1983-10-24,15.900000236928465,6.242857235882964,-3.200000047683716,81.1714297809771,1.0,185.19
1983-10-31,13.90000020712614,5.314285793474743,-1.80000002682209,83.3428583847625,0.900000028312206,185.22
1983-11-07,11.000000163912771,6.228571521384375,2.200000032782554,92.07142994339976,0.5000000074505805,185.22
1983-11-14,7.800000116229057,1.4428571643573898,-6.70000009983778,84.01428696619612,0.5000000074505805,185.2
1983-11-21,5.700000084936619,0.6142857234392846,-9.500000141561031,87.34285844436714,1.7000000327825546,185.23
1983-11-28,15.600000232458116,3.8285714856215884,-5.700000084936619,87.22857272837844,37.700000047683716,185.3
1983-12-05,7.300000108778477,-2.0142857443009103,-8.800000131130219,81.62857264493194,4.900000035762787,185.36
1983-12-12,3.400000050663948,-1.685714310833386,-10.400000154972076,89.14285847118923,8.00000011920929,185.36
1983-12-19,3.700000055134296,-2.514285751751491,-11.10000016540289,88.5857156057443,8.200000055134296,185.39
1983-12-26,12.90000019222498,6.228571521384375,1.100000016391277,88.55714417674712,26.700000151991844,185.5
1984-01-02,8.50000012665987,5.157142933990274,1.100000016391277,86.87142986591373,6.80000014603138,185.6
1984-01-09,6.800000101327896,2.357142892267023,-0.5000000074505806,84.61428697513682,13.199999935925007,185.65
1984-01-16,11.400000169873238,3.0000000447034836,-1.5000000223517418,84.41428697215659,38.6000010073185,186.0
1984-01-23,7.500000111758709,0.07142857249293999,-6.900000102818012,81.1714297809771,13.199999690055847,186.15
1984-01-30,5.4000000804662704,0.7285714394279889,-9.00000013411045,88.27142988677535,10.899999894201756,186.14
1984-02-06,8.900000132620335,3.8428572001201764,-0.4000000059604645,88.67142989273582,61.199999429285526,186.68
1984-02-13,8.00000011920929,1.4142857353602136,-3.9000000581145287,78.65714402922562,8.800000004470348,187.25
1984-02-20,4.400000065565109,-2.271428605275495,-9.3000001385808,71.82857249890056,0.0,187.06
1984-02-27,5.4000000804662704,1.4142857353602136,-1.3000000193715096,85.92857270900693,10.299999862909317,187.0
1984-03-05,6.500000096857548,0.814285726419517,-3.700000055134296,85.04285841009447,3.6000000163912773,186.92
1984-03-12,10.100000150501728,1.4714285933545657,-6.500000096857548,70.64285819551775,0.1000000014901161,186.92
1984-03-19,11.10000016540289,3.200000047683716,-2.7000000402331352,69.10000102967024,0.0,186.84
1984-03-26,12.000000178813934,4.000000059604645,-5.500000081956387,67.64285815081426,3.600000023841858,186.78
1984-04-02,11.500000171363354,4.54285721055099,-0.5000000074505806,86.00000128149986,31.20000010728836,186.9
1984-04-09,9.500000141561031,3.7142857696328844,-0.6000000089406967,85.44285841605493,8.899999968707561,187.15
1984-04-16,21.000000312924385,7.471428682761533,-0.4000000059604645,71.95714392938784,7.0,187.05
1984-04-23,24.100000359117985,9.914285862020083,-2.200000032782554,57.07142942185913,0.0,186.97
1984-04-30,20.800000309944156,9.871428718524319,-1.3000000193715096,53.2857150797333,0.3000000119209289,186.87
1984-05-07,20.30000030249357,11.342857311878886,1.100000016391277,77.24285829386541,44.19999919086695,187.18
1984-05-14,13.300000198185444,7.942857261214938,1.3000000193715096,75.25714397856167,18.49999964237213,187.15
1984-05-21,24.300000362098217,12.785714476236276,7.300000108778477,75.95714398899248,60.500000193715096,187.2
1984-05-28,18.6000002771616,11.357143026377473,5.900000087916851,84.37142982866082,32.90000028908253,187.45
1984-06-04,26.00000038743019,12.914285906723567,5.200000077486038,80.41428691255194,57.09999944269657,187.73
1984-06-11,21.60000032186508,13.242857340191092,6.400000095367432,73.11428680377347,9.099999785423279,187.55
1984-06-18,24.50000036507845,14.814285935035773,7.500000111758709,71.21428677546126,3.200000047683716,187.28
1984-06-25,28.80000042915344,16.2142859558974,7.700000114738941,65.72857240800347,12.199999906122684,186.97
1984-07-02,22.800000339746475,13.657143060650144,4.400000065565109,69.00000102818012,12.600000098347664,186.83
1984-07-09,30.300000451505184,15.800000235438347,7.400000110268593,67.75714386680296,0.5,186.78
1984-07-16,33.80000050365925,18.471428846674307,11.400000169873238,73.78571538520711,25.00000011920929,186.62
1984-07-23,21.50000032037497,14.62857164655413,7.400000110268593,76.61428685592753,3.300000049173832,186.54
1984-07-30,30.800000458955765,18.114285984209605,9.3000001385808,69.92857247058835,3.8999999314546585,186.36
1984-08-06,31.100000463426117,18.685714564153127,11.10000016540289,77.014286861888,35.69999986886978,186.24
1984-08-13,23.600000351667404,16.142857383404458,8.00000011920929,80.9428583489997,10.400000132620335,186.15
1984-08-20,25.80000038444996,17.314285972288676,10.400000154972076,72.3571439353483,0.0,186.12
1984-08-27,28.300000421702865,18.357143130685603,10.900000162422655,74.45714396664074,13.099999785423279,186.14
1984-09-03,25.100000374019142,17.985714553722314,10.000000149011612,74.21428682016474,0.0,186.14
1984-09-10,19.10000028461218,11.45714302786759,7.300000108778477,87.9857155968036,68.39999967813492,186.17
1984-09-17,20.60000030696392,13.857143063630376,10.100000150501728,86.65714414843491,15.399999894201756,186.31
1984-09-24,16.600000247359276,11.471428742366177,7.000000104308128,85.32857270006623,9.600000001490116,186.27
1984-10-01,18.30000027269125,11.485714456864766,5.000000074505806,86.01428699599845,10.400000147521496,186.2
1984-10-08,16.600000247359276,10.685714444943837,5.900000087916851,84.8714298361114,10.30000014603138,186.15
1984-10-15,17.80000026524067,12.642857331250395,6.500000096857548,85.31428698556763,0.400000013411045,186.15
1984-10-22,17.00000025331974,10.30000015348196,2.1000000312924385,80.55714405753783,10.300000071525574,186.1
1984-10-29,16.800000250339508,8.942857276116099,-0.5000000074505806,85.82857270751681,15.299999691545962,186.11
1984-11-05,14.600000217556952,5.671428655939443,2.7000000402331352,90.61428706454379,0.7000000178813933,186.11
1984-11-12,12.000000178813934,5.514285796454975,0.2000000029802322,88.47142988975558,0.0,186.1
1984-11-19,9.500000141561031,2.6714286112359593,-2.600000038743019,86.62857271943774,1.9000000059604645,186.1
1984-11-26,15.300000227987766,7.900000117719173,2.0000000298023224,85.82857270751681,58.30000138282776,186.73
1984-12-03,8.800000131130219,1.642857167337622,-3.700000055134296,89.62857276414123,0.1000000014901161,186.7
1984-12-10,7.500000111758709,3.6000000536441803,0.5000000074505806,89.3000013306737,0.3000000044703483,186.67
1984-12-17,7.700000114738941,3.200000047683716,-1.3000000193715096,89.55714419164828,15.999999940395355,186.77
1984-12-24,7.500000111758709,2.9714286157063077,-0.6000000089406967,85.21428698407752,18.19999996572733,186.9
1984-12-31,2.600000038743019,-0.4428571494562286,-6.70000009983778,86.30000128597021,4.4000000059604645,186.88
1985-01-07,2.3000000342726707,-6.84285724482366,-14.600000217556952,80.62857263003077,14.200000122189522,186.79
1985-01-14,-6.500000096857548,-10.057143007005964,-14.900000222027302,83.84285839221307,5.700000002980232,186.72
1985-01-21,4.400000065565109,-5.028571503502982,-11.400000169873238,86.5571441469448,4.5,186.6
1985-01-28,7.500000111758709,1.3285714483686857,-6.900000102818012,80.0000011920929,16.29999966919422,186.99
1985-02-04,10.000000149011612,4.000000059604645,-5.200000077486038,77.67142972882304,7.399999842047691,187.15
1985-02-11,5.4000000804662704,-4.185714348086289,-13.800000205636024,73.442858237241,17.40000009536743,187.01
1985-02-18,1.80000002682209,-9.542857285056796,-18.30000027269125,72.45714393683842,0.0,186.86
1985-02-25,9.600000143051147,-2.285714319774083,-18.30000027269125,69.91428675608975,0.0,186.8
1985-03-04,9.500000141561031,3.5714286246470044,-2.0000000298023224,85.44285841605493,3.9000001028180127,186.92
1985-03-11,10.30000015348196,4.242857206080641,-2.800000041723252,81.60000121593475,7.700000144541264,186.95
1985-03-18,9.500000141561031,1.1857143033828055,-3.1000000461936,82.12857265238252,14.100000143051147,186.97
1985-03-25,12.300000183284284,4.400000065565109,-3.1000000461936,75.50000112503767,3.9999999552965164,186.99
1985-04-01,17.00000025331974,7.071428676801069,-0.4000000059604645,77.91428687529904,20.900000132620335,187.04
1985-04-08,21.60000032186508,12.400000184774399,6.200000092387199,64.8571438235896,12.200000144541264,187.06
1985-04-15,13.90000020712614,7.000000104308128,3.200000047683716,78.81428688871009,17.299999833106995,186.97
1985-04-22,20.30000030249357,10.385714440473489,1.100000016391277,67.4857152913298,1.7999999523162842,186.96
1985-04-29,12.800000190734863,4.328571493072169,-1.700000025331974,71.47142963643584,8.100000217556953,186.73
1985-05-06,18.80000028014183,8.542857270155634,1.600000023841858,69.58571532262224,6.099999964237213,186.63
1985-05-13,23.100000344216824,14.785714506038598,5.4000000804662704,71.77142964090619,10.700000047683716,186.52
1985-05-20,23.500000350177288,15.77142880644117,5.200000077486038,67.70000100880861,5.4999998807907104,186.26
1985-05-27,28.200000420212746,15.457143087472234,7.500000111758709,77.15714400687388,39.90000081062317,185.89
1985-06-03,25.50000037997961,16.34285738638469,8.600000128149986,63.91428666668279,6.799999713897705,185.79
1985-06-10,26.30000039190054,14.857143078531537,4.90000007301569,74.28571539265769,30.599999487400055,186.01
1985-06-17,16.800000250339508,11.37142874087606,3.000000044703484,70.77142962600503,10.100000098347664,185.91
1985-06-24,20.500000305473804,14.11428592460496,4.700000070035458,74.5142868246351,61.09999966621399,185.81
1985-07-01,21.50000032037497,13.857143063630376,8.400000125169754,79.7571440456169,29.499999538064003,186.71
1985-07-08,26.700000397861004,17.14285739830562,8.00000011920929,67.14285814336368,0.4000000059604645,186.71
1985-07-15,29.800000444054604,17.65714312025479,9.600000143051147,69.67142960961375,9.100000381469728,186.49
1985-07-22,26.700000397861004,17.14285739830562,8.00000011920929,69.35714389064482,12.99999988079071,186.22
1985-07-29,28.50000042468309,17.814285979739257,9.00000013411045,74.45714396664074,27.000000715255737,186.11
1985-08-05,23.300000347197056,16.085714525410108,10.100000150501728,72.67142965431724,16.299999959766865,185.68
1985-08-12,25.100000374019142,15.371428800480706,7.300000108778477,77.98571544779199,12.300000138580799,185.5
1985-08-19,30.800000458955765,17.242857399795735,9.100000135600569,80.72857263152089,35.49999928474426,185.41
1985-08-26,26.100000388920307,15.728571662945408,8.50000012665987,77.70000115782022,11.400000013411045,185.35
1985-09-02,25.300000376999375,15.171428797500473,6.000000089406967,70.95714391448668,5.3999999314546585,185.33
1985-09-09,17.30000025779009,12.028571607811111,5.000000074505806,79.48571547014373,25.000000923871994,185.31
1985-09-16,22.30000033229589,12.942857335720744,2.3000000342726707,80.52857262854066,7.5,185.23
1985-09-23,26.30000039190054,17.58571454776185,9.500000141561031,79.48571547014373,3.499999977648258,185.18
1985-09-30,22.000000327825543,12.800000190734863,4.200000062584877,78.22857259426799,0.0,185.13
1985-10-07,25.300000376999375,14.91428593652589,6.200000092387199,82.45714408585003,16.199999623000622,185.63
1985-10-14,18.100000269711018,10.685714444943837,2.1000000312924385,80.45714405604771,2.900000035762787,185.62
1985-10-21,14.600000217556952,8.442857268665518,-0.5000000074505806,82.9714298077992,0.0,185.61
1985-10-28,13.600000202655792,4.014285774103233,-3.1000000461936,78.30000116676092,0.0,185.57
1985-11-04,8.50000012665987,2.3285714632698467,-4.500000067055225,86.3142870004688,6.300000190734863,185.55
1985-11-11,15.600000232458116,6.84285724482366,-0.5000000074505806,81.92857264940228,16.00000011920929,185.56
1985-11-18,4.000000059604645,-1.2285714468785696,-5.500000081956387,81.6571440739291,0.3000000119209289,185.51
1985-11-25,1.600000023841858,-2.285714319774083,-6.500000096857548,86.40000128746033,10.800000205636024,185.51
1985-12-02,7.500000111758709,0.28571428997176035,-5.700000084936619,89.35714418866804,13.200000122189522,185.59
1985-12-09,11.800000175833702,7.3571429667728285,1.100000016391277,86.22857271347728,12.100000262260437,185.81
1985-12-16,10.80000016093254,3.4714286231568883,-4.000000059604645,86.40000128746033,5.099999874830246,185.9
1985-12-23,8.800000131130219,4.300000064074993,-2.200000032782554,81.62857264493194,5.000000014901161,185.95
1985-12-30,8.50000012665987,1.9000000283122063,-7.000000104308128,85.77142984952245,11.599999882280827,186.0
1986-01-06,5.200000077486038,-1.1285714453884534,-11.10000016540289,86.77142986442361,12.999999597668648,186.09
1986-01-13,7.900000117719173,0.28571428997176035,-8.300000123679638,84.02857268069472,13.0,186.16
1986-01-20,10.500000156462193,3.371428621666772,-6.000000089406967,83.01428695129496,30.09999942779541,186.86
1986-01-27,6.900000102818012,1.8857143138136183,-5.200000077486038,80.37142976905618,15.800000041723251,187.16
1986-02-03,5.000000074505806,0.6857142959322248,-5.4000000804662704,79.7571440456169,0.699999988079071,187.01
1986-02-10,0.2000000029802322,-6.000000089406967,-16.50000024586916,74.10000110417604,8.299999840557575,186.81
1986-02-17,0.9000000134110451,-4.628571497542517,-11.000000163912771,69.40000103414059,0.0,186.72
1986-02-24,-2.200000032782554,-6.914285817316601,-16.300000242888927,71.28571534795421,0.7000000104308128,186.61
1986-03-03,2.3000000342726707,-4.414285780063698,-15.300000227987766,64.77142953659806,0.0,186.46
1986-03-10,7.000000104308128,2.1571428892867908,-2.0000000298023224,87.95714416780642,21.199999809265137,186.78
1986-03-17,12.300000183284284,4.057142917598997,-2.0000000298023224,82.3714297988585,0.0,186.76
1986-03-24,13.40000019967556,5.128571504993098,-2.3000000342726707,76.60000114142895,34.90000069141388,186.83
1986-03-31,12.500000186264517,6.285714379378727,1.100000016391277,75.90000113099813,37.200000628829,187.37
1986-04-07,14.900000222027302,4.914285787514278,-0.800000011920929,78.5571440277355,10.09999980032444,187.5
1986-04-14,10.900000162422655,2.457142893757139,-6.000000089406967,74.00000110268593,8.399999931454659,187.28
1986-04-21,14.800000220537186,7.542857255254473,2.7000000402331352,75.38571540904897,10.400000013411045,187.04
1986-04-28,19.10000028461218,10.3714287259749,4.400000065565109,74.37142967964921,6.499999910593033,186.98
1986-05-05,26.00000038743019,15.171428797500473,5.500000081956387,68.75714388170412,5.700000002980232,186.81
1986-05-12,23.500000350177288,13.585714488157205,8.300000123679638,73.40000109374523,13.000000238418579,186.69
1986-05-19,24.50000036507845,14.514285930565425,2.7000000402331352,74.84285825810262,18.899999476969242,186.63
1986-05-26,26.00000038743019,16.5714288183621,5.000000074505806,69.90000104159117,8.499999716877937,186.54
1986-06-02,24.600000366568565,12.000000178813934,3.700000055134296,71.50000106543303,6.700000032782555,186.41
1986-06-09,22.100000329315662,11.128571594400066,4.500000067055225,77.50000115483999,27.500000536441803,186.36
1986-06-16,31.500000469386578,18.01428598271949,8.50000012665987,62.928572366280214,2.999999977648258,186.26
1986-06-23,28.60000042617321,21.1000003144145,12.000000178813934,72.61428679632289,14.800000049173832,186.09
1986-06-30,30.100000448524952,20.24285744449922,10.600000157952309,59.78571517659085,0.0,186.02
1986-07-07,30.800000458955765,20.300000302493572,11.800000175833702,65.22857240055289,34.0,185.97
1986-07-14,21.60000032186508,14.328571642083782,6.200000092387199,70.20000104606152,7.10000005364418,185.89
1986-07-21,29.000000432133675,17.842857408736432,7.400000110268593,65.07142954106841,1.399999976158142,185.77
1986-07-28,27.3000004068017,17.028571682316915,8.400000125169754,76.71428685741765,16.800000309944153,185.72
1986-08-04,33.70000050216913,21.657143179859435,10.80000016093254,60.67142947550331,0.0,185.58
1986-08-11,28.700000427663326,18.971428854124888,7.900000117719173,59.085715166160035,2.0,185.51
1986-08-18,27.80000041425228,18.114285984209605,12.500000186264517,72.82857251380172,8.499999940395355,185.46
1986-08-25,19.30000028759241,13.428571628672737,5.000000074505806,82.78571551931756,18.39999970793724,185.39
1986-09-01,21.1000003144145,12.357143041278634,5.500000081956387,78.82857260320868,18.000000476837158,185.36
1986-09-08,20.60000030696392,12.200000181794167,4.000000059604645,76.1857154209699,7.700000166893005,185.31
1986-09-15,21.50000032037497,12.285714468785695,2.1000000312924385,81.20000120997429,27.700000047683716,185.26
1986-09-22,20.500000305473804,9.371428711073738,1.80000002682209,80.88571549100536,20.600000001490116,185.38
1986-09-29,20.30000030249357,11.342857311878886,4.000000059604645,77.60000115633011,0.0,185.36
1986-10-06,22.100000329315662,12.042857322309699,4.500000067055225,79.74285833111831,0.0,185.33
1986-10-13,18.6000002771616,11.257143024887357,4.000000059604645,81.32857264046159,0.0,185.3
1986-10-20,21.1000003144145,11.514285885861941,5.000000074505806,81.82857264791217,27.200000524520874,185.3
1986-10-27,16.50000024586916,7.814285830727646,2.3000000342726707,80.14285833707878,41.20000068098307,185.55
1986-11-03,12.500000186264517,6.114285805395672,-1.100000016391277,86.47142985995326,10.900000013411045,185.65
1986-11-10,11.900000177323818,5.100000075995922,-1.100000016391277,85.37142984356198,0.6000000089406967,185.71
1986-11-17,12.600000187754633,7.257142965282712,0.1000000014901161,85.57142984654222,5.299999989569187,185.72
1986-11-24,10.100000150501728,6.600000098347664,-0.9000000134110451,84.62857268963542,17.999999940395355,185.75
1986-12-01,10.600000157952309,2.8000000417232513,-3.700000055134296,89.5428584771497,2.800000011920929,185.79
1986-12-08,10.600000157952309,4.414285780063698,-0.9000000134110451,90.90000135451555,8.20000022649765,185.83
1986-12-15,5.700000084936619,2.4285714647599628,-0.2000000029802322,89.185715614685,11.400000095367432,185.85
1986-12-22,10.900000162422655,2.728571469230311,-3.700000055134296,80.4714297705463,23.099999740719795,185.94
1986-12-29,8.800000131130219,0.4714285784534046,-8.100000120699406,85.92857270900693,24.000000216066837,186.11
1987-01-05,9.500000141561031,4.057142917598997,-6.000000089406967,84.45714411565235,38.899999380111694,186.91
1987-01-12,3.700000055134296,-5.928571516914027,-14.900000222027302,77.22857257936683,1.5000000298023224,186.98
1987-01-19,-3.700000055134296,-9.80000014603138,-16.600000247359276,79.34285832515785,7.300000190734863,186.83
1987-01-26,4.200000062584877,-2.0428571732980862,-8.600000128149986,91.34285850397178,1.6000000312924385,186.72
1987-02-02,1.5000000223517418,-7.542857255254473,-16.300000242888927,74.90000111609697,1.4000000357627869,186.61
1987-02-09,9.600000143051147,2.1142857457910265,-10.80000016093254,83.27142981226955,3.4000000059604645,186.61
1987-02-16,7.200000107288361,2.0142857443009103,-0.6000000089406967,90.3571442035692,15.300000488758087,186.61
1987-02-23,4.000000059604645,-0.8714285844138691,-5.500000081956387,81.25714406796864,10.799999989569187,186.62
1987-03-02,9.900000147521496,1.65714288183621,-9.600000143051147,81.84285836241075,41.10000014305115,187.41
1987-03-09,1.5000000223517418,-5.342857222471919,-13.800000205636024,65.57142954851899,0.0,187.33
1987-03-16,4.90000007301569,-1.3714285918644495,-8.900000132620335,63.000000938773155,2.400000035762787,187.13
1987-03-23,7.000000104308128,1.8857143138136183,-2.1000000312924385,84.78571554911989,18.399999856948853,187.06
1987-03-30,12.000000178813934,6.857142959322248,-1.3000000193715096,77.07142971988235,16.799999624490738,187.33
1987-04-06,16.300000242888927,6.9714286753109524,-2.1000000312924385,68.04285815677473,2.0000000298023224,187.18
1987-04-13,19.80000029504299,7.800000116229057,-0.1000000014901161,77.61428687082869,13.000000312924385,187.03
1987-04-20,22.600000336766243,11.285714453884534,-1.5000000223517418,68.67142959471259,2.5,186.98
1987-04-27,25.50000037997961,12.557143044258867,0.800000011920929,56.64285798690149,0.8999999910593033,186.85
1987-05-04,24.600000366568565,12.342857326780047,2.200000032782554,68.42857244823661,19.09999966621399,186.76
1987-05-11,22.100000329315662,10.400000154972076,1.80000002682209,65.71428669350487,6.6999999061226845,186.69
1987-05-18,16.800000250339508,8.371428696172577,1.100000016391277,75.38571540904897,26.299999594688416,186.61
1987-05-25,22.600000336766243,10.585714443453721,4.700000070035458,74.40000110864639,15.099999524652956,186.56
1987-06-01,22.600000336766243,12.45714304276875,6.000000089406967,79.20000118017197,28.300000429153442,186.7
1987-06-08,20.10000029951334,14.11428592460496,9.00000013411045,79.42857261214938,26.20000024139881,186.81
1987-06-15,21.60000032186508,13.371428770678383,6.000000089406967,81.57142978693757,50.000000432133675,187.26
1987-06-22,19.10000028461218,12.514285900763102,4.700000070035458,77.91428687529904,19.59999990463257,187.16
1987-06-29,28.200000420212746,17.400000259280205,10.80000016093254,75.44285826704332,22.100000143051147,187.29
1987-07-06,31.300000466406345,21.042857456420148,11.000000163912771,63.742858092699734,0.0,187.01
1987-07-13,29.000000432133675,18.657143135155952,7.900000117719173,65.05714382656983,4.999999821186066,186.77
1987-07-20,27.500000409781933,18.557143133665836,8.800000131130219,73.0714296602777,17.90000019222498,186.61
1987-07-27,22.30000033229589,14.642857361052718,7.200000107288361,80.37142976905618,25.600000575184822,186.51
1987-08-03,20.800000309944156,14.871428793030125,9.500000141561031,83.78571553421872,19.899999678134918,186.37
1987-08-10,21.300000317394733,13.642857346151557,6.000000089406967,72.90000108629465,12.100000083446503,186.28
1987-08-17,28.50000042468309,17.14285739830562,8.600000128149986,74.08571538967746,1.0,186.21
1987-08-24,28.300000421702865,19.314286002091,12.10000018030405,80.68571548802512,21.500000834465027,186.16
1987-08-31,23.300000347197056,15.257143084492002,9.3000001385808,79.94285833409855,3.80000002682209,186.08
1987-09-07,27.10000040382147,17.200000256299973,8.50000012665987,78.72857260171857,29.79999977350235,186.0
1987-09-14,23.100000344216824,15.857143093432699,9.500000141561031,79.44285832664796,11.000000394880773,185.97
1987-09-21,26.80000039935112,16.84285739383527,6.800000101327896,82.57142980183873,3.900000095367432,185.94
1987-09-28,23.500000350177288,12.028571607811111,1.3000000193715096,82.7428583758218,21.59999990463257,185.94
1987-10-05,19.80000029504299,8.771428702133042,1.3000000193715096,77.07142971988235,0.5,185.9
1987-10-12,20.10000029951334,11.02857159290995,4.000000059604645,78.05714402028492,28.09999942779541,185.89
1987-10-19,18.50000027567148,10.128571579498905,1.700000025331974,87.21428701387984,15.999999918043613,185.94
1987-10-26,12.10000018030405,7.800000116229057,1.0000000149011612,88.68571560723441,13.90000019222498,185.98
1987-11-02,13.300000198185444,8.942857276116099,4.700000070035458,83.90000125020742,3.499999977648258,186.04
1987-11-09,10.30000015348196,4.271428635077817,-1.3000000193715096,86.61428700493914,0.1000000014901161,186.04
1987-11-16,13.500000201165676,6.885714388319424,1.80000002682209,83.88571553570884,27.100000143051147,186.07
1987-11-23,11.000000163912771,6.885714388319424,3.400000050663948,85.31428698556763,21.90000007301569,186.19
1987-11-30,5.000000074505806,1.9857143153037344,-1.3000000193715096,89.80000133812428,10.299999982118607,186.38
1987-12-07,4.200000062584877,0.21428571747882033,-4.000000059604645,79.2714297526649,0.0,186.38
1987-12-14,2.1000000312924385,-2.8714286142161916,-10.500000156462193,83.4571441007512,0.3000000044703483,186.37
1987-12-21,14.800000220537186,6.885714388319424,-2.7000000402331352,90.2428584875805,25.900000721216202,186.55
1987-12-28,10.400000154972076,3.6000000536441803,-4.200000062584877,89.37142990316663,0.4000000059604644,186.55
1988-01-04,12.300000183284284,7.657142971243177,4.500000067055225,83.54285838774273,15.900000005960464,186.58
1988-01-11,11.500000171363354,4.90000007301569,-1.3000000193715096,82.7428583758218,10.899999886751175,186.68
1988-01-18,5.700000084936619,1.4000000208616257,-3.6000000536441803,90.31428706007344,11.399999812245369,186.82
1988-01-25,10.000000149011612,2.9714286157063077,-0.5000000074505806,90.14285848609039,28.09999994188547,187.06
1988-02-01,9.600000143051147,5.085714361497334,0.0,83.14285838178226,21.70000024139881,187.25
1988-02-08,10.000000149011612,4.90000007301569,-0.2000000029802322,79.2714297526649,20.70000046491623,187.45
1988-02-15,7.000000104308128,1.671428596334798,-4.000000059604645,81.01428692149264,16.899999856948853,187.47
1988-02-22,7.800000116229057,2.8285714707204273,-4.400000065565109,81.38571549845594,2.3000000789761543,187.25
1988-02-29,6.200000092387199,1.2142857323799814,-0.6000000089406967,80.75714406051806,12.300000220537186,187.14
1988-03-07,4.400000065565109,1.1714285888842173,-3.1000000461936,79.92857261959996,8.400000147521496,187.02
1988-03-14,6.000000089406967,1.628571452839034,-5.200000077486038,82.7428583758218,25.099999621510506,187.07
1988-03-21,13.600000202655792,5.04285721800157,-4.000000059604645,80.04285833558866,18.299999952316284,187.36
1988-03-28,11.000000163912771,5.928571516914027,1.600000023841858,82.48571551484721,32.700000286102295,187.65
1988-04-04,14.40000021457672,6.357142951871667,-0.6000000089406967,77.90000116080046,20.299999982118607,187.62
1988-04-11,16.800000250339508,7.2285715362855365,-2.800000041723252,73.8000010997057,4.900000154972076,187.37
1988-04-18,21.300000317394733,9.671428715544087,-2.7000000402331352,67.28571528834956,8.000000171363354,187.16
1988-04-25,24.50000036507845,9.185714422592095,-1.700000025331974,60.771429476993426,2.200000047683716,186.99
1988-05-02,21.60000032186508,10.328571582479137,0.4000000059604645,69.3714296051434,6.800000190734863,186.72
1988-05-09,23.100000344216824,14.100000210106373,3.700000055134296,63.742858092699734,1.2999999821186066,186.67
1988-05-16,25.300000376999375,17.58571454776185,6.500000096857548,50.72857218448605,0.800000011920929,186.51
1988-05-23,22.600000336766243,11.45714302786759,1.100000016391277,72.07142964537654,21.89999971538782,186.45
1988-05-30,27.80000041425228,16.50000024586916,6.200000092387199,70.35714390554598,13.600000292062761,186.33
1988-06-06,21.000000312924385,13.385714485176972,7.000000104308128,75.97142970349107,7.899999976158142,186.25
1988-06-13,24.50000036507845,15.34285737148353,8.800000131130219,75.4571439815419,3.3999999314546585,186.2
1988-06-20,27.3000004068017,17.314285972288676,8.00000011920929,58.82857230518545,0.0,186.08
1988-06-27,24.600000366568565,16.185714526900224,8.100000120699406,69.80000104010105,0.9000000208616256,186.14
1988-07-04,25.50000037997961,17.628571691257612,9.400000140070915,76.20000113546848,23.200000256299976,186.02
1988-07-11,28.200000420212746,18.314285987189837,8.100000120699406,64.47142953212771,0.700000025331974,185.92
1988-07-18,23.300000347197056,14.785714506038598,9.600000143051147,78.64285831472704,30.600000575184822,185.86
1988-07-25,31.20000046491623,19.500000290572643,9.400000140070915,73.0857153747763,22.100000217556953,185.82
1988-08-01,28.300000421702865,17.08571454031127,7.000000104308128,64.72857239310231,6.799999907612801,185.76
1988-08-08,30.100000448524952,17.842857408736432,6.400000095367432,69.07142960067306,1.300000011920929,185.68
1988-08-15,28.80000042915344,20.67142887945686,10.500000156462193,61.05714376696518,0.0,185.57
1988-08-22,28.300000421702865,17.07142882581268,8.600000128149986,67.62857243631568,4.1000001430511475,185.48
1988-08-29,26.700000397861004,16.142857383404458,8.50000012665987,72.78571537030595,4.200000025331974,185.4
1988-09-05,25.300000376999375,14.98571450901883,8.100000120699406,77.0285725763866,29.199999809265137,185.36
1988-09-12,24.50000036507845,14.457143072571073,6.900000102818012,73.52857252423253,0.8999999761581421,185.3
1988-09-19,18.50000027567148,12.10000018030405,7.500000111758709,83.75714410522154,13.20000010728836,185.26
1988-09-26,19.80000029504299,12.985714479216508,3.700000055134296,80.98571549249547,5.8999998569488525,185.24
1988-10-03,21.60000032186508,12.17142875279699,4.000000059604645,74.97142968858991,3.100000001490116,185.2
1988-10-10,19.000000283122063,10.685714444943837,5.200000077486038,79.45714404114655,25.200000643730164,185.18
1988-10-17,17.00000025331974,11.771428746836525,3.400000050663948,89.95714419760874,15.500000335276129,185.25
1988-10-24,16.600000247359276,10.542857299957957,4.200000062584877,87.54285844734737,9.799999631941317,185.31
1988-10-31,16.800000250339508,7.671428685741765,-2.7000000402331352,81.02857263599124,1.399999976158142,185.39
1988-11-07,9.100000135600569,1.1714285888842173,-7.400000110268593,76.02857256148543,0.0,185.45
1988-11-14,10.600000157952309,6.157142948891435,-4.000000059604645,79.91428690510136,5.100000075995922,185.48
1988-11-21,11.800000175833702,4.200000062584877,-5.700000084936619,83.75714410522154,20.600000023841858,185.53
1988-11-28,6.900000102818012,0.9857143004025731,-10.500000156462193,88.72857275073018,6.299999915063381,185.58
1988-12-05,9.500000141561031,4.54285721055099,-0.800000011920929,87.3714298733643,57.49999952316284,185.81
1988-12-12,10.80000016093254,5.100000075995922,-0.5000000074505806,83.52857267324414,9.700000144541264,186.21
1988-12-19,8.800000131130219,2.614285753241607,-6.000000089406967,82.41428694235427,19.99999973922968,186.34
1988-12-26,9.500000141561031,5.542857225452151,-0.5000000074505806,88.64285846373865,12.400000110268593,186.7
1989-01-02,9.600000143051147,5.357142936970506,1.80000002682209,88.75714417972735,0.5000000074505805,186.67
1989-01-09,10.000000149011612,4.671428641038282,-1.700000025331974,89.97142991210733,14.800000116229057,186.71
1989-01-16,8.600000128149986,4.414285780063698,-0.5000000074505806,85.1142869825874,1.1000000312924385,186.69
1989-01-23,6.200000092387199,1.8571428848164424,-1.80000002682209,89.60000133514404,2.3999999538064003,186.62
1989-01-30,2.600000038743019,-1.2142857323799814,-6.200000092387199,86.30000128597021,0.2000000029802322,186.58
1989-02-06,9.3000001385808,0.42857143495764066,-2.7000000402331352,89.92857276861157,2.0999999791383743,186.52
1989-02-13,9.600000143051147,2.3142857487712587,-0.2000000029802322,87.05714415439537,3.300000086426735,186.47
1989-02-20,13.500000201165676,6.357142951871667,-3.1000000461936,76.87142971690211,4.499999992549419,186.47
1989-02-27,8.50000012665987,3.628571482641356,-3.200000047683716,80.77142977501664,15.00000011920929,186.85
1989-03-06,16.300000242888927,6.328571522874491,1.3000000193715096,81.51428692894322,20.89999957382679,186.89
1989-03-13,16.800000250339508,7.828571545226233,1.100000016391277,72.3571439353483,7.8000001683831215,186.93
1989-03-20,11.400000169873238,5.385714365967682,-2.600000038743019,75.51428683953625,14.900000333786013,186.99
1989-03-27,19.500000290572643,7.700000114738941,-1.3000000193715096,67.25714385935238,12.899999633431433,187.02
1989-04-03,23.600000351667404,9.542857285056796,0.6000000089406967,67.80000101029873,5.8000002056360245,186.99
1989-04-10,14.800000220537186,6.728571528834956,0.6000000089406967,74.74285825661251,17.70000034570694,187.09
1989-04-17,18.80000028014183,9.871428718524319,5.700000084936619,80.70000120252371,13.000000350177288,187.12
1989-04-24,17.00000025331974,7.671428685741765,0.4000000059604645,76.3000011369586,41.29999923706055,187.42
1989-05-01,17.80000026524067,7.628571542246001,0.2000000029802322,69.58571532262224,6.699999809265137,187.39
1989-05-08,23.80000035464764,12.571428758757454,1.5000000223517418,60.50000090152025,0.0,187.17
1989-05-15,23.80000035464764,12.54285732976028,4.200000062584877,71.28571534795421,32.4000004902482,187.14
1989-05-22,27.3000004068017,17.814285979739257,4.90000007301569,53.47142936821495,0.0,186.96
1989-05-29,27.80000041425228,18.200000271201134,7.200000107288361,52.685715070792604,0.0,186.69
1989-06-05,22.600000336766243,11.60000017285347,3.700000055134296,69.28571531815189,9.199999809265137,186.54
1989-06-12,24.100000359117985,13.61428591715438,4.90000007301569,70.25714390405587,14.600000441074373,186.4
1989-06-19,26.00000038743019,18.51428599017007,7.900000117719173,50.25714360603264,0.0,186.24
1989-06-26,29.800000444054604,19.97142886902605,11.000000163912771,63.70000094920397,10.899999909102917,186.16
1989-07-03,25.80000038444996,15.942857380424227,10.900000162422655,71.24285820445844,20.599999725818634,186.03
1989-07-10,30.100000448524952,21.071428885417326,12.000000178813934,68.2000010162592,41.60000095516443,186.0
1989-07-17,24.8000003695488,16.728571677846567,6.900000102818012,63.61428666221244,0.1000000014901161,185.91
1989-07-24,30.200000450015068,19.242857429598057,7.000000104308128,61.34285805693695,13.899999797344208,185.8
1989-07-31,27.10000040382147,18.185714556702546,10.000000149011612,68.0714295857719,22.99999958276749,185.79
1989-08-07,25.80000038444996,16.20000024139881,7.300000108778477,68.58571530772107,15.09999966621399,185.71
1989-08-14,26.30000039190054,18.9571431396263,11.500000171363354,65.9285724109837,5.300000198185444,185.7
1989-08-21,32.30000048130751,20.7428574519498,9.80000014603138,63.21428665625198,6.500000096857548,185.61
1989-08-28,29.50000043958425,16.400000244379044,10.100000150501728,73.34285823575088,5.10000005364418,185.53
1989-09-04,24.100000359117985,13.742857347641673,7.000000104308128,74.78571540010827,1.8999999538064003,185.47
1989-09-11,24.50000036507845,15.685714519449643,4.700000070035458,64.42857238863196,2.5999999046325684,185.36
1989-09-18,26.80000039935112,16.42857167337622,11.500000171363354,80.88571549100536,13.699999786913395,185.31
1989-09-25,25.00000037252903,15.471428801970822,10.600000157952309,84.55714411714247,13.49999962002039,185.32
1989-10-02,17.30000025779009,11.785714461335115,3.700000055134296,79.90000119060278,1.4999999850988388,185.28
1989-10-09,17.30000025779009,8.628571557147163,-0.2000000029802322,79.2714297526649,19.399999856948853,185.28
1989-10-16,14.900000222027302,9.6571430010455,2.7000000402331352,79.74285833111831,1.300000011920929,185.28
1989-10-23,21.300000317394733,10.900000162422657,1.80000002682209,79.11428689318043,2.200000047683716,185.29
1989-10-30,19.10000028461218,12.042857322309699,5.700000084936619,80.40000119805336,9.700000047683716,185.31
1989-11-06,13.100000195205212,9.385714425572328,3.6000000536441803,87.1428584413869,37.19999980926514,185.51
1989-11-13,11.800000175833702,4.0857143465961725,-2.3000000342726707,77.75714401581457,1.899999976158142,185.62
1989-11-20,6.400000095367432,-0.28571428997176035,-7.200000107288361,78.35714402475527,0.0,185.67
1989-11-27,6.200000092387199,1.1571428743856293,-6.800000101327896,79.02857260618892,5.599999859929085,185.68
1989-12-04,7.300000108778477,-2.414285750261375,-8.300000123679638,77.57142972733293,0.0,185.68
1989-12-11,6.800000101327896,6.344131569286608e-17,-7.000000104308128,87.81428702282054,0.0,185.68
1989-12-18,15.100000225007534,8.528571555657047,-2.7000000402331352,81.27142978246722,45.30000138282776,185.89
1989-12-25,14.100000210106373,7.428571539265769,-0.2000000029802322,80.55714405753783,31.699999406933784,186.63
1990-01-01,3.400000050663948,-0.7428571539265769,-3.700000055134296,85.65714413353375,0.0,186.58
1990-01-08,0.9000000134110451,-0.4285714349576405,-2.200000032782554,87.05714415439537,0.9000000134110451,186.49
1990-01-15,5.500000081956387,1.6142857383404459,-2.1000000312924385,91.9142870839153,1.0000000149011612,186.45
1990-01-22,9.900000147521496,5.542857225452151,-0.800000011920929,81.08571549398559,2.600000038743019,186.48
1990-01-29,11.900000177323818,5.157142933990274,0.800000011920929,76.12857256297555,24.000000193715096,186.52
1990-02-05,12.4000001847744,5.871428658919675,-0.9000000134110451,72.98571537328618,4.799999952316284,186.58
1990-02-12,14.500000216066836,5.18571436298745,-4.200000062584877,72.6000010818243,14.399999767541885,186.64
1990-02-19,14.100000210106373,4.571428639548166,-4.000000059604645,78.62857260022845,32.600000001490116,187.16
1990-02-26,16.600000247359276,8.50000012665987,-1.3000000193715096,73.62857252572265,16.49999976158142,187.12
1990-03-05,10.30000015348196,4.485714352556637,0.2000000029802322,72.78571537030595,28.79999971389771,187.51
1990-03-12,18.6000002771616,9.328571567577976,4.500000067055225,68.77142959620271,0.7999999895691872,187.29
1990-03-19,19.30000028759241,7.914285832217762,-0.9000000134110451,68.74285816720554,0.6000000089406967,187.06
1990-03-26,16.100000239908695,8.228571551186699,1.80000002682209,75.31428683655602,2.4999999403953552,186.91
1990-04-02,18.80000028014183,8.400000125169754,1.3000000193715096,70.90000105649233,4.400000110268593,186.82
1990-04-09,12.800000190734863,5.414285794964859,-2.3000000342726707,59.57142945911203,6.0000001937150955,186.69
1990-04-16,13.000000193715096,7.185714392789772,-2.7000000402331352,72.58571536732572,10.60000018030405,186.57
1990-04-23,17.80000026524067,8.785714416631631,-0.1000000014901161,71.42857249294009,10.899999916553497,186.47
1990-04-30,23.100000344216824,10.728571588439602,1.100000016391277,66.60000099241734,3.099999964237213,186.38
1990-05-07,26.600000396370888,17.58571454776185,6.70000009983778,52.628572212798254,0.0,186.28
1990-05-14,24.300000362098217,12.914285906723567,6.200000092387199,72.6000010818243,24.40000043064356,186.34
1990-05-21,22.000000327825543,14.900000222027302,3.200000047683716,58.01428657876594,0.8999999761581421,186.16
1990-05-28,24.00000035762787,13.228571625692505,2.1000000312924385,56.18571512294667,0.0,186.07
1990-06-04,25.600000381469727,14.47142878706966,1.80000002682209,55.742857973490445,22.299999624490738,186.06
1990-06-11,19.10000028461218,12.914285906723567,6.000000089406967,75.97142970349107,16.699999876320362,186.02
1990-06-18,23.600000351667404,14.91428593652589,8.50000012665987,73.0857153747763,2.7999999821186066,185.95
1990-06-25,26.100000388920307,16.771428821342333,8.800000131130219,69.08571531517165,19.29999966919422,185.93
1990-07-02,29.000000432133675,19.314286002091,9.80000014603138,67.18571528685945,21.600000239908695,185.88
1990-07-09,22.600000336766243,15.328571656984943,7.500000111758709,71.35714392044714,21.000000059604645,185.85
1990-07-16,29.300000436604023,17.600000262260437,7.400000110268593,61.54285805991718,1.5,185.73
1990-07-23,29.60000044107437,17.87142883773361,8.800000131130219,57.88571514827864,0.0,185.71
1990-07-30,31.600000470876694,19.45714314707688,6.500000096857548,58.51428658621652,0.1000000014901161,185.48
1990-08-06,33.30000049620867,23.028571771723882,12.4000001847744,47.65714356728962,0.0,185.36
1990-08-13,32.600000485777855,18.985714568623475,7.700000114738941,58.61428658770664,0.800000011920929,185.26
1990-08-20,25.300000376999375,17.014285967818328,10.000000149011612,71.44285820743868,30.200000405311584,185.18
1990-08-27,28.000000417232517,18.314285987189837,11.10000016540289,69.47142960663352,5.100000023841858,185.11
1990-09-03,30.100000448524952,17.328571686787264,11.10000016540289,79.8714297616056,15.700000166893005,185.11
1990-09-10,19.30000028759241,12.742857332740511,7.500000111758709,80.45714405604771,20.50000011920929,185.13
1990-09-17,20.10000029951334,12.000000178813934,3.1000000461936,76.71428685741765,2.0999999046325684,185.12
1990-09-24,19.80000029504299,11.67142874534641,5.200000077486038,71.22857248995986,9.100000143051147,185.09
1990-10-01,18.80000028014183,11.60000017285347,3.1000000461936,79.81428690361125,21.300000071525574,185.09
1990-10-08,19.10000028461218,11.571428743856293,3.000000044703484,78.37142973925386,6.200000047683716,185.07
1990-10-15,22.30000033229589,10.52857158545937,2.500000037252903,80.92857263450112,0.0,185.08
1990-10-22,20.500000305473804,11.314285882881709,-0.2000000029802322,75.31428683655602,0.5,185.06
1990-10-29,15.800000235438349,7.328571537775653,-3.000000044703484,79.00000117719173,40.80000019073486,185.12
1990-11-05,12.90000019222498,6.757142957832132,1.80000002682209,80.17142976607595,8.100000038743019,185.28
1990-11-12,9.500000141561031,4.571428639548166,-2.600000038743019,84.90000126510859,13.199999645352362,185.36
1990-11-19,13.300000198185444,8.400000125169754,4.200000062584877,84.82857269261565,32.30000042915344,185.46
1990-11-26,8.50000012665987,3.1428571896893636,-0.5000000074505806,87.12857272688832,16.700000144541264,185.66
1990-12-03,7.500000111758709,1.5428571658475059,-5.700000084936619,86.0857155684914,7.400000050663948,185.78
1990-12-10,6.70000009983778,-0.5000000074505806,-7.300000108778477,76.24285827896425,10.099999785423279,185.86
1990-12-17,3.9000000581145287,0.08571428699152814,-4.200000062584877,85.31428698556763,11.699999958276749,185.91
1990-12-24,4.90000007301569,1.4714285933545657,-5.700000084936619,89.3000013306737,7.30000002682209,186.03
1990-12-31,12.90000019222498,4.54285721055099,-0.2000000029802322,84.5142869736467,30.40000057220459,186.46
1991-01-07,11.400000169873238,5.414285794964859,1.100000016391277,83.12857266728368,28.600000381469727,187.1
1991-01-14,15.100000225007534,5.3714286514690945,-1.5000000223517418,76.75714400091341,18.499999769032,187.2
1991-01-21,4.500000067055225,-2.1714286037853787,-9.3000001385808,74.78571540010827,3.6999998837709427,187.08
1991-01-28,4.200000062584877,0.35714286246470045,-3.700000055134296,80.91428692000252,0.0,186.93
1991-02-04,1.600000023841858,-4.257142920579229,-11.800000175833702,68.84285816869566,0.0,186.79
1991-02-11,-0.5000000074505806,-6.185714377888611,-13.600000202655792,77.61428687082869,11.399999991059303,186.66
1991-02-18,3.400000050663948,-2.7571428982274875,-11.10000016540289,81.87142979140792,6.199999988079071,186.56
1991-02-25,11.60000017285347,2.1000000312924385,-9.600000143051147,81.50000121444464,0.700000025331974,186.74
1991-03-04,10.500000156462193,2.8142857562218393,-1.80000002682209,83.91428696470601,5.8999999538064,186.77
1991-03-11,14.000000208616257,7.8714286887219975,2.0000000298023224,80.78571548951524,4.000000074505806,186.86
1991-03-18,17.100000254809856,8.71428584413869,-0.1000000014901161,75.7000011280179,0.8000000268220901,186.86
1991-03-25,15.800000235438349,8.700000129640102,4.400000065565109,79.58571547163385,24.900000028312206,186.95
1991-04-01,14.600000217556952,4.97142864550863,-3.200000047683716,60.91428662197931,0.0,186.93
1991-04-08,17.80000026524067,9.414285854569503,0.4000000059604645,64.8571438235896,2.300000011920929,186.76
1991-04-15,20.10000029951334,11.142857308898654,0.1000000014901161,55.88571511847632,0.0,186.66
1991-04-22,12.90000019222498,3.357142907168184,-3.500000052154064,67.75714386680296,3.899999976158142,186.56
1991-04-29,15.900000236928465,6.685714385339192,-2.0000000298023224,65.70000097900629,1.1000000163912773,186.44
1991-05-06,14.40000021457672,6.828571530325072,0.2000000029802322,75.98571541798967,21.200000017881393,186.46
1991-05-13,19.60000029206276,11.185714452394418,1.80000002682209,62.000000923871994,2.899999976158142,186.36
1991-05-20,18.80000028014183,9.885714433022908,2.3000000342726707,67.3571438608425,4.199999928474426,186.32
1991-05-27,20.60000030696392,12.000000178813934,2.7000000402331352,64.00000095367432,0.6000000238418579,186.26
1991-06-03,25.300000376999375,14.057143066610609,3.200000047683716,56.75714370289019,0.800000011920929,186.16
1991-06-10,19.10000028461218,12.157143038298402,3.1000000461936,76.61428685592753,22.20000022649765,186.15
1991-06-17,22.800000339746475,14.857143078531537,8.300000123679638,64.6285723916122,7.40000019967556,186.07
1991-06-24,22.800000339746475,14.857143078531537,6.500000096857548,78.21428687976939,34.200000286102295,186.07
1991-07-01,26.30000039190054,15.757143091942583,5.700000084936619,71.12857248846974,22.400000005960464,185.99
1991-07-08,31.000000461936,23.371428919689997,14.000000208616257,57.171429423349245,1.2000000178813934,185.9
1991-07-15,32.70000048726797,21.27142888839756,12.10000018030405,63.57142951871668,29.900000385940075,185.87
1991-07-22,24.300000362098217,17.114285969308444,9.600000143051147,66.91428671138627,3.3000000715255737,185.86
1991-07-29,28.200000420212746,18.14285741320678,10.500000156462193,67.54285814932415,13.800000071525574,185.78
1991-08-05,29.000000432133675,19.928571725530283,12.500000186264517,69.30000103265047,15.800000190734863,185.73
1991-08-12,32.30000048130751,21.128571743411676,12.500000186264517,66.1571438429611,0.9999999925494194,185.63
1991-08-19,28.80000042915344,17.828571694237844,9.100000135600569,63.357143801237854,0.699999988079071,185.49
1991-08-26,30.00000044703484,18.685714564153127,8.800000131130219,62.38571521533387,0.1000000014901161,185.36
1991-09-02,27.80000041425228,17.34285740128585,6.70000009983778,59.385715170630384,0.0,185.21
1991-09-09,28.80000042915344,16.385714529880456,6.200000092387199,64.45714381762913,0.0,185.1
1991-09-16,27.500000409781933,15.628571661455291,4.000000059604645,64.00000095367432,6.400000214576721,185.0
1991-09-23,23.300000347197056,14.828571649534362,5.000000074505806,72.94285822979042,11.300000190734863,184.96
1991-09-30,24.50000036507845,13.98571449411767,8.300000123679638,82.55714408734015,20.89999980479479,184.96
1991-10-07,19.30000028759241,11.785714461335115,4.200000062584877,80.85714406200817,22.400000013411045,184.96
1991-10-14,20.000000298023224,11.471428742366177,6.000000089406967,86.6714298629335,2.8999999314546585,184.99
1991-10-21,17.100000254809856,8.00000011920929,2.500000037252903,81.08571549398559,10.700000040233135,185.01
1991-10-28,10.100000150501728,4.8571429295199255,-3.6000000536441803,79.30000118166208,0.4000000059604645,185.02
1991-11-04,15.600000232458116,4.4714286380580495,-4.500000067055225,79.2714297526649,13.299999952316284,185.08
1991-11-11,10.900000162422655,5.928571516914027,1.100000016391277,84.2857155416693,19.300000049173832,185.16
1991-11-18,10.500000156462193,4.528571496052401,0.5000000074505806,86.82857272241797,13.199999809265137,185.3
1991-11-25,8.600000128149986,2.528571466250079,-4.700000070035458,86.30000128597021,17.299999713897705,185.41
1991-12-02,5.000000074505806,0.8714285844138691,-1.80000002682209,92.85714424082211,0.3000000044703483,185.5
1991-12-09,4.90000007301569,0.24285714647599624,-3.6000000536441803,82.2571440828698,0.3000000119209289,185.56
1991-12-16,1.600000023841858,-5.714285799435207,-10.100000150501728,83.08571552378791,1.0,185.6
1991-12-23,12.4000001847744,5.757142942930971,-2.200000032782554,85.68571556253093,42.399999380111694,185.71
1991-12-30,9.00000013411045,2.0428571732980862,-3.700000055134296,85.21428698407752,3.1999999657273293,185.84
1992-01-06,9.400000140070915,3.8000000566244125,-2.500000037252903,85.70000127702951,8.699999906122684,185.97
1992-01-13,9.80000014603138,3.6142857681427683,-0.9000000134110451,81.58571550143617,3.2000001072883606,185.99
1992-01-20,6.200000092387199,3.400000050663948,-4.400000065565109,76.9000011458993,6.699999809265137,186.05
1992-01-27,2.7000000402331352,-3.328571478171008,-8.00000011920929,81.68571550292629,0.2000000029802322,186.06
1992-02-03,5.200000077486038,-0.38571429146187647,-4.200000062584877,85.1142869825874,0.3000000119209289,186.08
1992-02-10,7.800000116229057,2.742857183728899,-1.100000016391277,90.38571563256639,3.9999999552965164,186.08
1992-02-17,10.30000015348196,4.785714357026985,-3.6000000536441803,80.57142977203641,11.000000067055225,186.09
1992-02-24,7.800000116229057,2.1428571747882024,-7.000000104308128,76.80000114440918,0.0,186.11
1992-03-02,14.000000208616257,4.557142925049577,-2.1000000312924385,76.58571542693036,1.5,186.12
1992-03-09,14.300000213086603,5.742857228432383,-1.600000023841858,76.25714399346283,2.200000047683716,186.11
1992-03-16,13.300000198185444,4.8857143585171015,-1.100000016391277,72.94285822979042,25.899999856948853,186.31
1992-03-23,15.400000229477882,6.442857238863196,-0.1000000014901161,81.81428693341357,34.70000019669533,186.56
1992-03-30,11.10000016540289,4.271428635077817,-0.800000011920929,72.91428680079323,12.999999940395355,187.18
1992-04-06,15.000000223517418,5.614285797945091,-1.5000000223517418,73.57142966772828,10.200000144541264,187.09
1992-04-13,18.80000028014183,8.814285845628806,-0.2000000029802322,60.50000090152025,2.2999999821186066,186.96
1992-04-20,15.100000225007534,7.271428679781301,0.5000000074505806,69.72857246760812,7.299999907612801,186.86
1992-04-27,21.300000317394733,11.871428748326641,-1.80000002682209,66.2714295589498,4.900000013411045,186.79
1992-05-04,16.00000023841858,9.342857282076563,1.80000002682209,70.61428676652056,6.9999998807907104,186.61
1992-05-11,19.30000028759241,11.871428748326641,3.200000047683716,67.34285814634391,26.800000190734863,186.59
1992-05-18,28.200000420212746,15.957143094922815,3.1000000461936,62.77142950679575,0.0,186.53
1992-05-25,27.10000040382147,18.814285994640418,6.70000009983778,53.84285794517824,2.199999988079071,186.34
1992-06-01,24.8000003695488,19.08571457011359,9.500000141561031,51.57142933990274,1.2000000476837158,186.21
1992-06-08,26.50000039488077,16.114285954407283,11.000000163912771,79.45714404114655,65.69999933242798,186.38
1992-06-15,26.50000039488077,17.08571454031127,10.000000149011612,68.75714388170412,0.5,186.23
1992-06-22,27.80000041425228,16.28571452839034,8.600000128149986,73.6714296692184,47.49999924004078,186.56
1992-06-29,27.200000405311584,18.814285994640418,9.500000141561031,64.87142953808818,4.600000001490116,186.48
1992-07-06,28.60000042617321,18.44285741767713,10.80000016093254,76.94285828939506,33.89999997615814,186.46
1992-07-13,26.50000039488077,17.58571454776185,8.600000128149986,72.30000107735395,26.000000953674316,186.46
1992-07-20,30.800000458955765,19.72857172255005,11.000000163912771,69.44285817763635,7.400000095367432,186.36
1992-07-27,30.800000458955765,20.557143163468158,12.300000183284284,67.4714295768312,9.399999976158142,186.23
1992-08-03,31.20000046491623,20.957143169428623,8.600000128149986,66.44285813293287,12.599999904632568,186.14
1992-08-10,34.70000051707029,21.885714611836843,9.100000135600569,62.5857152183141,0.1000000014901161,185.96
1992-08-17,25.00000037252903,16.100000239908695,6.000000089406967,76.0571439904826,22.899999856948853,185.91
1992-08-24,29.000000432133675,18.628571706158773,9.3000001385808,79.44285832664796,23.999999940395355,185.87
1992-08-31,30.100000448524952,19.17142885710512,12.300000183284284,75.91428684549672,11.099999606609344,185.8
1992-09-07,20.800000309944156,11.928571606320995,4.500000067055225,78.98571546269315,24.600000262260437,185.83
1992-09-14,22.800000339746475,13.014285908213683,5.000000074505806,78.2000011652708,7.500000096857548,185.78
1992-09-21,22.500000335276127,14.271428784089428,6.400000095367432,81.15714406647852,8.800000190734863,185.78
1992-09-28,24.300000362098217,14.514285930565425,6.200000092387199,77.81428687380892,0.2000000029802322,185.72
1992-10-05,18.50000027567148,12.742857332740511,8.300000123679638,81.7714297899178,15.399999663233755,185.7
1992-10-12,16.50000024586916,9.44285728356668,1.0000000149011612,80.07142976458583,1.1000000312924385,185.68
1992-10-19,11.10000016540289,3.6142857681427683,-2.600000038743019,78.00000116229057,3.3999999538064003,185.67
1992-10-26,11.800000175833702,5.342857222471919,-2.600000038743019,84.02857268069472,35.70000081509352,185.68
1992-11-02,8.600000128149986,4.328571493072169,-0.2000000029802322,86.41428700195891,21.0,185.88
1992-11-09,11.400000169873238,6.9714286753109524,-1.700000025331974,87.07142986889396,4.200000047683716,186.0
1992-11-16,13.100000195205212,5.314285793474743,-0.4000000059604645,84.67142983313117,22.500000074505806,186.14
1992-11-23,13.40000019967556,5.900000087916851,-0.4000000059604645,82.91428694980485,14.600000381469727,186.38
1992-11-30,14.000000208616257,6.900000102818012,0.800000011920929,84.24285839817354,11.799999952316284,186.52
1992-12-07,12.4000001847744,4.957142931010042,-1.80000002682209,82.80000123381615,17.300000369548798,186.7
1992-12-14,7.400000110268593,3.9428572016102925,1.3000000193715096,84.77142983462129,11.199999600648878,186.79
1992-12-21,6.400000095367432,2.0714286022952626,-1.600000023841858,91.50000136345625,5.300000049173832,186.72
1992-12-28,5.500000081956387,-0.3571428624647005,-6.70000009983778,86.51428700344903,4.1999999061226845,186.61
1993-01-04,-0.2000000029802322,-8.042857262705054,-13.600000202655792,81.22857263897147,0.0,186.49
1993-01-11,12.000000178813934,4.557142925049577,-11.800000175833702,84.57142983164105,39.20000008493662,186.58
1993-01-18,13.600000202655792,5.814285800925323,-1.5000000223517418,81.32857264046159,17.300000444054604,187.38
1993-01-25,12.10000018030405,7.428571539265769,-0.5000000074505806,75.90000113099813,11.20000009983778,187.26
1993-02-01,6.900000102818012,-0.4428571494562285,-8.900000132620335,82.1428583668811,3.700000047683716,187.03
1993-02-08,3.6000000536441803,-1.1142857308898653,-8.00000011920929,90.00000134110451,1.0000000149011612,186.86
1993-02-15,4.500000067055225,-1.0857143018926894,-5.000000074505806,87.78571559382337,0.6000000238418579,186.72
1993-02-22,6.70000009983778,2.0285714587994983,-4.700000070035458,78.11428687827927,14.999999552965164,186.69
1993-03-01,4.700000070035458,-1.9857143153037344,-10.100000150501728,75.87142970200095,0.9000000134110451,186.62
1993-03-08,7.500000111758709,1.2285714468785696,-5.000000074505806,72.8428582283003,0.6000000014901161,186.51
1993-03-15,17.100000254809856,5.100000075995922,-4.200000062584877,69.94285818508693,0.0,186.45
1993-03-22,17.600000262260437,9.485714427062444,-2.500000037252903,67.67142957981143,6.0,186.26
1993-03-29,11.30000016838312,2.528571466250079,-6.000000089406967,61.80000092089176,0.0,186.31
1993-04-05,19.60000029206276,7.014285818806717,-5.700000084936619,71.70000106841326,16.699999809265137,186.29
1993-04-12,13.600000202655792,7.3571429667728285,-0.5000000074505806,75.44285826704332,13.999999918043613,186.38
1993-04-19,16.50000024586916,9.771428717034203,1.80000002682209,76.35714399495295,5.599999941885471,186.41
1993-04-26,23.600000351667404,15.228571655494827,4.500000067055225,59.42857231412615,1.5,186.35
1993-05-03,26.50000039488077,16.800000250339508,8.00000011920929,56.5142865564142,0.6000000238418579,186.26
1993-05-10,25.100000374019142,13.557143059160028,3.500000052154064,64.40000095963478,4.500000029802322,186.21
1993-05-17,26.600000396370888,14.942857365523066,4.000000059604645,70.02857247207847,8.900000005960464,186.12
1993-05-24,25.600000381469727,16.257143099393165,6.000000089406967,66.70000099390745,15.200000002980232,186.04
1993-05-31,28.60000042617321,17.257143114294326,7.800000116229057,67.4714295768312,21.90000009536743,185.99
1993-06-07,28.80000042915344,18.414285988679953,9.600000143051147,69.6142867516194,1.699999988079071,185.87
1993-06-14,28.700000427663326,17.78571455074208,10.000000149011612,66.90000099688768,7.40000019967556,185.81
1993-06-21,27.10000040382147,16.42857167337622,6.500000096857548,67.08571528536933,12.300000011920929,185.71
1993-06-28,23.300000347197056,15.300000227987766,5.900000087916851,63.22857237075056,3.200000047683716,185.66
1993-07-05,30.300000451505184,20.957143169428623,7.300000108778477,54.65714367159775,7.400000095367432,185.59
1993-07-12,27.000000402331352,16.12857166890587,7.400000110268593,57.62857228730406,0.3000000044703483,185.46
1993-07-19,25.600000381469727,17.271428828792914,8.900000132620335,74.20000110566616,29.19999986886978,185.41
1993-07-26,25.300000376999375,15.800000235438347,10.000000149011612,72.64285822532007,10.199999809265137,185.36
1993-08-02,30.100000448524952,17.771428836243494,9.3000001385808,73.85714395770005,28.999999530613426,185.38
1993-08-09,27.10000040382147,18.42857170317854,7.500000111758709,66.61428670691592,6.899999976158142,185.31
1993-08-16,28.50000042468309,18.242857414696896,7.500000111758709,68.38571530474084,10.699999958276749,185.25
1993-08-23,29.000000432133675,17.485714546271733,8.800000131130219,65.62857240651336,7.699999809265137,185.16
1993-08-30,20.800000309944156,12.82857161973204,4.500000067055225,67.91428672628743,0.4000000059604645,185.08
1993-09-06,19.10000028461218,12.32857161228146,1.5000000223517418,74.54285825363228,4.300000011920929,185.03
1993-09-13,22.100000329315662,14.157143068100725,3.200000047683716,83.62857267473426,38.69999970495701,185.02
1993-09-20,22.800000339746475,12.728571618241924,4.400000065565109,76.5428582834346,14.899999871850014,185.1
1993-09-27,22.30000033229589,13.285714483686856,7.500000111758709,85.42857270155635,25.7999999076128,185.2
1993-10-04,17.80000026524067,11.114285879901477,3.6000000536441803,82.11428693788392,40.199999049305916,185.34
1993-10-11,17.600000262260437,12.200000181794167,5.000000074505806,83.01428695129496,6.700000122189522,185.47
1993-10-18,16.50000024586916,8.21428583668811,-0.4000000059604645,80.10000119358301,7.900000050663948,185.57
1993-10-25,9.900000147521496,5.68571437043803,1.0000000149011612,83.28571552676814,27.700000405311584,185.65
1993-11-01,10.30000015348196,4.071428632097585,-0.5000000074505806,85.27142984207187,0.0,185.83
1993-11-08,7.200000107288361,4.042857203100409,0.9000000134110451,91.97142994190965,7.000000052154064,185.86
1993-11-15,10.900000162422655,4.8857143585171015,-0.800000011920929,83.00000123679638,8.69999984651804,185.86
1993-11-22,4.000000059604645,-1.4142857353602136,-6.500000096857548,74.1571439621704,1.1000000312924385,185.91
1993-11-29,2.200000032782554,-3.7285714841314723,-8.50000012665987,81.6571440739291,0.0,185.91
1993-12-06,9.500000141561031,2.1142857457910265,-8.400000125169754,86.24285842797586,1.1999999806284904,185.91
1993-12-13,10.500000156462193,4.8571429295199255,-0.6000000089406967,84.12857268218484,49.4000004529953,186.0
1993-12-20,13.500000201165676,5.142857219491686,0.9000000134110451,85.8428584220154,51.10000083595514,186.61
1993-12-27,7.400000110268593,2.285714319774083,-1.600000023841858,84.2857155416693,21.60000006109476,187.42
1994-01-03,10.30000015348196,4.4714286380580495,-0.2000000029802322,85.28571555657047,38.199999906122684,187.69
1994-01-10,7.800000116229057,4.6000000685453415,-0.9000000134110451,86.34285842946598,6.999999955296516,187.58
1994-01-17,11.500000171363354,4.000000059604645,-3.700000055134296,82.70000123232603,19.100000143051147,187.53
1994-01-24,7.900000117719173,1.2285714468785696,-5.500000081956387,83.81428696321589,9.500000074505806,187.41
1994-01-31,10.400000154972076,4.528571496052401,-0.2000000029802322,82.78571551931756,20.70000010728836,187.63
1994-02-07,7.200000107288361,3.0142857592020715,-0.4000000059604645,86.35714414396456,16.600000001490116,187.65
1994-02-14,5.500000081956387,0.20000000298023224,-9.80000014603138,76.82857257340636,4.499999977648258,187.49
1994-02-21,2.500000037252903,-4.014285774103233,-10.600000157952309,62.442858073328225,1.5,187.23
1994-02-28,13.100000195205212,4.071428632097585,-9.100000135600569,87.07142986889396,10.399999983608723,187.12
1994-03-07,13.000000193715096,6.185714377888611,-1.80000002682209,76.11428684847695,7.700000084936619,187.06
1994-03-14,17.100000254809856,8.600000128149986,-1.600000023841858,75.24285826406309,7.099999979138374,186.95
1994-03-21,10.80000016093254,4.742857213531222,0.0,78.72857260171857,27.89999957382679,187.44
1994-03-28,14.800000220537186,7.657142971243177,-1.5000000223517418,73.75714395620993,12.399999916553497,187.3
1994-04-04,18.6000002771616,8.35714298167399,0.2000000029802322,71.10000105947256,19.099999621510506,187.21
1994-04-11,10.80000016093254,4.528571496052401,-0.800000011920929,78.62857260022845,15.0999995470047,187.21
1994-04-18,14.300000213086603,7.114285820296833,-1.5000000223517418,67.57142957832131,10.699999786913395,187.2
1994-04-25,21.800000324845318,12.157143038298402,-1.100000016391277,63.52857237522091,3.200000077486038,187.04
1994-05-02,25.100000374019142,13.457143057669912,1.0000000149011612,67.65714386531285,0.400000013411045,186.9
1994-05-09,20.800000309944156,12.028571607811111,1.3000000193715096,74.9857154030885,20.599999383091927,186.7
1994-05-16,24.300000362098217,15.485714516469411,7.300000108778477,65.42857240353312,4.000000134110451,186.61
1994-05-23,22.30000033229589,13.98571449411767,9.400000140070915,78.28571545226234,26.300000607967377,186.52
1994-05-30,21.1000003144145,11.800000175833702,2.200000032782554,77.22857257936683,11.50000024586916,186.46
1994-06-06,24.300000362098217,14.300000213086605,3.200000047683716,66.85714385339192,16.60000006109476,186.35
1994-06-13,24.100000359117985,14.271428784089428,6.70000009983778,68.17142958726201,19.50000035762787,186.32
1994-06-20,26.80000039935112,16.885714537331037,9.500000141561031,63.014286653271746,1.0000000298023224,186.22
1994-06-27,30.800000458955765,21.31428603189332,8.50000012665987,59.842858034585205,35.599999248981476,186.09
1994-07-04,32.80000048875809,22.82857176874365,13.100000195205212,65.11428668456418,8.600000381469727,186.13
1994-07-11,28.80000042915344,19.400000289082527,9.80000014603138,65.14285811356136,2.9999999552965164,186.06
1994-07-18,32.00000047683716,22.128571758312837,14.600000217556952,68.27142958875213,19.600000634789467,185.96
1994-07-25,31.500000469386578,21.857143182839668,14.500000216066836,60.60000090301037,2.799999952316284,185.85
1994-08-01,33.70000050216913,24.00000035762787,16.800000250339508,61.071429481463774,1.0000000298023224,185.76
1994-08-08,34.70000051707029,22.142857472811425,14.500000216066836,66.55714384892157,16.30000014603138,185.7
1994-08-15,27.000000402331352,16.828571679336683,5.700000084936619,69.60000103712082,2.999999910593033,185.61
1994-08-22,27.700000412762165,16.58571453286069,6.200000092387199,69.9857153285827,10.999999940395355,185.53
1994-08-29,26.80000039935112,16.985714538821153,8.50000012665987,73.6714296692184,13.000000178813934,185.49
1994-09-05,23.80000035464764,15.757143091942583,7.000000104308128,73.00000108778477,2.2999999597668648,185.44
1994-09-12,21.1000003144145,13.871428778128964,8.400000125169754,82.24285836837122,47.69999974966049,185.51
1994-09-19,19.60000029206276,11.942857320819583,8.400000125169754,80.48571548504489,19.300000049173832,185.57
1994-09-26,22.100000329315662,14.042857352112021,6.70000009983778,76.67142971392188,2.600000001490116,185.61
1994-10-03,19.10000028461218,12.585714473256044,6.900000102818012,82.6142869453345,11.90000043064356,185.61
1994-10-10,15.300000227987766,5.142857219491686,-0.9000000134110451,79.14285832217762,0.800000011920929,185.63
1994-10-17,19.80000029504299,7.914285832217762,1.5000000223517418,78.15714402177504,0.1000000014901161,185.62
1994-10-24,15.800000235438349,6.785714386829308,-2.600000038743019,77.54285829833576,8.199999928474426,185.61
1994-10-31,19.10000028461218,9.842857289527144,2.800000041723252,83.2142869542752,30.800000049173832,185.61
1994-11-07,15.500000230968,8.057142977203641,1.100000016391277,84.70000126212835,2.5,185.68
1994-11-14,12.000000178813934,8.542857270155634,4.500000067055225,92.44285852036306,21.299999602138996,185.73
1994-11-21,14.900000222027302,9.300000138580799,3.400000050663948,85.4714298450521,10.199999868869781,185.87
1994-11-28,10.600000157952309,7.142857249294009,1.0000000149011612,89.55714419164828,6.70000009983778,185.95
1994-12-05,11.000000163912771,4.242857206080641,-3.200000047683716,88.5714298912457,11.800000071525574,186.01
1994-12-12,13.000000193715096,7.242857250784125,-0.5000000074505806,78.58571545673269,9.20000010728836,186.08
1994-12-19,12.000000178813934,2.9142857577119554,-3.500000052154064,86.22857271347728,5.099999815225601,186.16
1994-12-26,4.500000067055225,0.20000000298023227,-2.0000000298023224,84.2714298271707,6.200000047683716,186.16
1995-01-02,12.500000186264517,6.114285805395672,-0.4000000059604645,82.5000012293458,23.100000001490116,186.41
1995-01-09,2.0000000298023224,-4.571428639548166,-10.80000016093254,83.75714410522154,7.8999998569488525,186.41
1995-01-16,4.200000062584877,0.3285714334675244,-5.000000074505806,85.20000126957893,7.399999864399433,186.5
1995-01-23,12.000000178813934,3.1000000461935997,-4.500000067055225,82.72857266132321,30.500000476837158,186.93
1995-01-30,12.500000186264517,4.842857215021338,-0.800000011920929,82.31428694086415,40.99999976158142,187.66
1995-02-06,10.500000156462193,4.414285780063698,-3.6000000536441803,82.7428583758218,2.9999999701976776,187.41
1995-02-13,10.600000157952309,5.228571506483214,-4.200000062584877,79.71428690212113,14.200000286102295,187.37
1995-02-20,11.500000171363354,6.642857241843428,1.600000023841858,80.50000119954348,25.300000086426735,187.41
1995-02-27,14.300000213086603,3.514285766652652,-1.600000023841858,79.48571547014373,17.899999655783176,187.39
1995-03-06,10.000000149011612,3.5571429101484164,-3.200000047683716,79.72857261661973,8.50000011920929,187.19
1995-03-13,13.300000198185444,3.8142857711230005,-3.200000047683716,71.24285820445844,0.699999988079071,187.04
1995-03-20,9.80000014603138,4.185714348086289,-1.600000023841858,73.442858237241,18.700000375509262,186.96
1995-03-27,17.30000025779009,5.442857223962035,-3.1000000461936,71.15714391746691,13.900000005960464,186.98
1995-04-03,21.1000003144145,6.071428661899907,-4.700000070035458,73.88571538669723,9.199999824166298,186.91
1995-04-10,16.00000023841858,8.314285838178225,1.5000000223517418,70.17142961706433,2.200000047683716,186.9
1995-04-17,13.800000205636024,7.71428582923753,0.5000000074505806,69.2571438891547,13.1999996304512,186.81
1995-04-24,25.80000038444996,10.942857305918421,-0.2000000029802322,72.21428679036242,17.999999821186066,186.96
1995-05-01,22.100000329315662,12.600000187754631,2.3000000342726707,69.58571532262224,11.800000108778477,186.79
1995-05-08,25.50000037997961,15.085714510508947,4.000000059604645,60.95714376547507,0.0,186.72
1995-05-15,16.100000239908695,9.385714425572328,-0.2000000029802322,65.81428669499499,0.7000000029802322,186.56
1995-05-22,18.6000002771616,10.057143007005964,2.0000000298023224,72.4857153658356,16.999999523162842,186.45
1995-05-29,26.80000039935112,17.34285740128585,4.500000067055225,71.78571535540479,29.19999981671572,186.4
1995-06-05,18.80000028014183,13.514285915664264,7.500000111758709,79.34285832515785,19.09999990463257,186.36
1995-06-12,19.10000028461218,12.514285900763102,4.200000062584877,70.20000104606152,2.700000025331974,186.36
1995-06-19,23.80000035464764,14.11428592460496,7.000000104308128,75.67142969902072,6.800000011920929,186.24
1995-06-26,27.3000004068017,17.92857169572796,8.00000011920929,65.1000009700656,0.9000000059604645,186.12
1995-07-03,30.300000451505184,20.67142887945686,11.000000163912771,62.64285807630846,27.599999666213993,186.06
1995-07-10,33.600000500679016,21.042857456420148,10.80000016093254,60.61428661750896,0.0,185.99
1995-07-17,33.600000500679016,20.828571738941328,13.500000201165676,75.74285827151367,77.00000105053186,186.06
1995-07-24,33.20000049471855,20.657143164958274,10.500000156462193,70.27142961855445,3.700000107288361,186.03
1995-07-31,30.800000458955765,21.571428892867907,12.000000178813934,66.82857242439475,13.600000001490116,185.98
1995-08-07,31.20000046491623,21.671428894358023,11.800000175833702,58.50000087171793,0.0,185.83
1995-08-14,31.000000461936,19.700000293552876,10.600000157952309,60.11428661005838,2.799999952316284,185.76
1995-08-21,30.500000454485416,20.157143157507694,10.900000162422655,66.05714384147099,12.399999797344208,185.63
1995-08-28,29.300000436604023,17.58571454776185,8.800000131130219,79.11428689318043,18.80000013113022,185.61
1995-09-04,19.10000028461218,13.014285908213683,7.000000104308128,79.8714297616056,14.000000149011612,185.6
1995-09-11,22.000000327825543,14.62857164655413,9.00000013411045,80.828572633011,11.599999904632568,185.54
1995-09-18,21.60000032186508,13.61428591715438,7.400000110268593,82.04285836539098,11.50000000745058,185.55
1995-09-25,17.600000262260437,12.585714473256044,9.400000140070915,86.01428699599845,15.999999642372131,185.56
1995-10-02,17.30000025779009,10.057143007005964,0.4000000059604645,84.11428696768624,24.30000014603138,185.59
1995-10-09,23.100000344216824,14.542857359562602,8.50000012665987,86.25714414247444,6.199999928474426,185.65
1995-10-16,24.300000362098217,14.085714495607785,7.300000108778477,88.5857156057443,0.9000000283122063,185.68
1995-10-23,15.600000232458116,8.957142990614686,-1.3000000193715096,84.34285839966365,1.1999999806284904,185.68
1995-10-30,17.00000025331974,11.000000163912773,2.600000038743019,87.32857272986855,2.499999977648258,185.65
1995-11-06,10.80000016093254,3.371428621666772,-5.700000084936619,77.91428687529904,8.7999999076128,185.66
1995-11-13,14.500000216066836,5.014285789004394,-0.5000000074505806,86.11428699748856,1.4000000283122063,185.66
1995-11-20,13.40000019967556,4.657142926539693,-3.200000047683716,85.41428698705775,15.299999833106995,185.66
1995-11-27,8.300000123679638,1.7285714543291502,-6.200000092387199,85.7285727060267,0.0,185.65
1995-12-04,3.200000047683716,1.1285714453884534,-2.3000000342726707,86.4428584309561,0.2000000029802322,185.66
1995-12-11,4.500000067055225,-1.4285714498588018,-6.500000096857548,83.18571552527803,0.9000000134110451,185.67
1995-12-18,3.700000055134296,-0.2714285754731724,-5.000000074505806,82.65714408883026,1.4000000059604645,185.67
1995-12-25,11.30000016838312,2.471428608255727,-6.200000092387199,89.94285848311016,38.000000178813934,185.66
1996-01-01,2.200000032782554,-3.9000000581145287,-12.800000190734863,81.47142978544746,4.099999941885471,185.9
1996-01-08,3.1000000461936,-2.600000038743019,-11.500000171363354,85.75714413502386,0.7000000029802322,185.9
1996-01-15,5.500000081956387,1.600000023841858,-1.0000000149011612,91.14285850099155,0.8999999910593033,185.86
1996-01-22,0.9000000134110451,-2.1142857457910265,-6.400000095367432,82.75714409032038,0.0,185.86
1996-01-29,1.80000002682209,-5.342857222471919,-10.000000149011612,74.54285825363228,2.3999999165534973,185.84
1996-02-05,2.600000038743019,-3.1285714751907756,-10.500000156462193,74.72857254211392,2.0000000596046448,185.86
1996-02-12,4.500000067055225,-2.614285753241607,-14.300000213086603,80.98571549249547,12.900000035762787,185.89
1996-02-19,5.4000000804662704,1.700000025331974,-2.1000000312924385,85.15714412608317,24.69999960064888,186.06
1996-02-26,11.60000017285347,-1.1000000163912773,-10.400000154972076,75.00000111758709,2.5999999940395355,186.12
1996-03-04,12.000000178813934,1.6142857383404459,-7.200000107288361,69.78571532560247,0.0,186.07
1996-03-11,7.700000114738941,1.3857143063630377,-3.500000052154064,70.68571533901351,2.6000000312924385,186.03
1996-03-18,9.80000014603138,1.5000000223517418,-6.200000092387199,72.0000010728836,0.0,185.95
1996-03-25,14.100000210106373,7.414285824767181,0.2000000029802322,76.95714400389365,11.399999633431435,185.99
1996-04-01,7.800000116229057,1.8571428848164422,-5.500000081956387,69.60000103712082,9.600000396370888,186.06
1996-04-08,18.6000002771616,5.571428654449327,-4.200000062584877,69.52857246462789,0.6000000163912772,186.04
1996-04-15,15.000000223517418,5.957142945911203,-2.200000032782554,62.2285723558494,4.300000190734863,186.03
1996-04-22,26.100000388920307,13.057143051709447,-1.3000000193715096,52.257143635834964,0.0,185.98
1996-04-29,22.800000339746475,12.514285900763102,2.500000037252903,65.94285812548229,4.599999904632568,185.97
1996-05-06,21.000000312924385,10.228571580989021,1.600000023841858,69.05714388617447,33.59999982267618,185.99
1996-05-13,14.100000210106373,8.971428705113274,4.400000065565109,77.71428687231881,2.100000061094761,186.06
1996-05-20,21.1000003144145,11.81428589033229,5.900000087916851,80.64285834452936,30.39999933540821,186.11
1996-05-27,23.100000344216824,13.128571624202388,4.400000065565109,74.65714396962098,18.999999769032,186.16
1996-06-03,29.60000044107437,15.042857367013182,5.200000077486038,71.40000106394291,6.199999928474426,186.06
1996-06-10,31.300000466406345,21.285714602896146,6.70000009983778,66.50000099092722,9.0,185.96
1996-06-17,29.300000436604023,17.37142883028303,5.900000087916851,59.51428660111768,0.0,185.86
1996-06-24,24.8000003695488,13.242857340191092,8.800000131130219,68.64285816571542,7.599999815225601,185.81
1996-07-01,24.100000359117985,14.971428794520241,5.500000081956387,73.02857251678195,7.499999888241291,185.71
1996-07-08,22.100000329315662,15.042857367013182,7.400000110268593,74.20000110566616,24.90000092983246,185.71
1996-07-15,27.10000040382147,17.914285981229373,9.80000014603138,72.41428679334265,14.200000360608103,185.65
1996-07-22,25.00000037252903,15.942857380424227,7.000000104308128,59.25714374014309,0.0,185.54
1996-07-29,26.80000039935112,17.757143121744907,9.100000135600569,76.4142868529473,25.70000010728836,185.51
1996-08-05,27.700000412762165,18.14285741320678,7.400000110268593,63.70000094920397,0.0,185.38
1996-08-12,28.80000042915344,18.0000002682209,9.100000135600569,73.25714394875935,23.100000381469727,185.3
1996-08-19,28.50000042468309,17.557143118764674,10.600000157952309,75.40000112354755,3.9999999552965164,185.26
1996-08-26,28.80000042915344,18.071428840713843,8.900000132620335,72.54285822382995,3.200000062584877,185.16
1996-09-02,23.100000344216824,13.785714491137437,6.500000096857548,80.10000119358301,22.0,185.19
1996-09-09,23.500000350177288,12.971428764717919,3.400000050663948,68.52857244972672,0.2000000029802322,185.14
1996-09-16,17.100000254809856,11.000000163912773,4.200000062584877,81.6571440739291,10.200000166893005,185.1
1996-09-23,16.600000247359276,10.314285867980548,4.700000070035458,80.57142977203641,15.49999988079071,185.11
1996-09-30,19.10000028461218,11.442857313369002,6.800000101327896,87.6142870198403,11.699999906122684,185.18
1996-10-07,15.600000232458116,8.885714418121747,3.1000000461936,87.88571559531348,27.69999957084656,185.35
1996-10-14,18.100000269711018,10.585714443453721,4.000000059604645,85.25714412757328,0.0,185.45
1996-10-21,16.600000247359276,9.957143005515848,4.700000070035458,87.70000130683184,38.00000023841858,185.59
1996-10-28,15.100000225007534,8.314285838178225,0.1000000014901161,81.14285835197994,6.599999912083149,185.8
1996-11-04,15.100000225007534,10.357143011476312,6.500000096857548,77.31428686635834,7.7999997437000275,185.86
1996-11-11,14.100000210106373,7.942857261214938,1.700000025331974,82.68571551782745,11.900000035762787,185.9
1996-11-18,10.500000156462193,4.500000067055225,0.2000000029802322,87.44285844585725,36.10000095516443,186.09
1996-11-25,7.000000104308128,1.8571428848164422,-2.200000032782554,84.54285840264389,9.300000011920929,186.39
1996-12-02,6.70000009983778,2.257142890776907,-0.9000000134110451,87.35714415886572,13.799999989569187,186.49
1996-12-09,8.900000132620335,2.2000000327825546,-2.200000032782554,85.40000127255917,6.599999904632568,186.6
1996-12-16,3.1000000461936,-0.10000000149011612,-5.900000087916851,89.97142991210733,7.6999999061226845,186.61
1996-12-23,6.200000092387199,-0.38571429146187647,-8.400000125169754,81.38571549845594,11.100000202655792,186.63
1996-12-30,-1.600000023841858,-7.8714286887219975,-15.400000229477882,71.94285821488926,6.299999833106995,186.49
1997-01-06,-3.6000000536441803,-9.07142870660339,-18.6000002771616,81.7714297899178,1.3000000342726707,186.41
1997-01-13,-1.600000023841858,-5.800000086426735,-13.100000195205212,82.24285836837122,0.0,186.31
1997-01-20,3.200000047683716,-4.142857204590525,-13.500000201165676,88.17142988528524,3.8000000044703484,186.23
1997-01-27,4.90000007301569,2.0000000298023224,-0.5000000074505806,92.47142994936023,11.000000312924385,186.26
1997-02-03,4.700000070035458,0.42857143495764055,-6.200000092387199,82.71428694682461,0.1000000014901161,186.31
1997-02-10,11.500000171363354,3.6714286261371205,-1.80000002682209,82.82857266281333,7.099999979138374,186.4
1997-02-17,11.400000169873238,4.214285777083465,-2.0000000298023224,79.82857261810985,15.099999904632568,186.73
1997-02-24,12.300000183284284,7.471428682761533,0.1000000014901161,74.5142868246351,18.79999989271164,186.9
1997-03-03,18.80000028014183,8.64285727164575,1.700000025331974,71.12857248846974,20.800000190734863,187.15
1997-03-10,17.100000254809856,7.728571543736117,0.5000000074505806,78.4428583117468,0.5,187.01
1997-03-17,18.100000269711018,8.971428705113274,0.6000000089406967,78.15714402177504,3.199999988079071,186.86
1997-03-24,12.300000183284284,4.957142931010042,-2.3000000342726707,77.9571440187948,4.4000000059604645,186.68
1997-03-31,16.800000250339508,8.342857267175402,1.600000023841858,70.72857248250928,2.69999997317791,186.57
1997-04-07,18.80000028014183,6.785714386829308,-2.3000000342726707,66.17142955745969,3.800000101327896,186.45
1997-04-14,18.30000027269125,7.285714394279888,-3.500000052154064,61.95714378037623,0.7000000178813934,186.38
1997-04-21,16.50000024586916,5.557142939950738,-3.700000055134296,57.700000859797,0.3000000044703483,186.3
1997-04-28,18.100000269711018,9.928571576518673,-2.0000000298023224,66.4000009894371,10.000000298023224,186.24
1997-05-05,26.00000038743019,13.785714491137437,2.7000000402331352,70.84285819849798,14.099999643862246,186.24
1997-05-12,22.600000336766243,10.357143011476312,2.200000032782554,71.98571535838502,19.59999942779541,186.2
1997-05-19,28.80000042915344,17.985714553722314,5.500000081956387,70.48571533603328,0.8000000268220899,186.14
1997-05-26,19.60000029206276,12.414285899272986,2.3000000342726707,68.41428673373801,8.800000049173832,186.08
1997-06-02,20.60000030696392,13.142857338700976,4.000000059604645,55.871429403977736,0.0,186.04
1997-06-09,27.80000041425228,18.500000275671482,6.900000102818012,60.11428661005838,14.699999809265137,185.94
1997-06-16,28.10000041872263,18.42857170317854,9.600000143051147,66.62857242141452,11.000000096857548,185.85
1997-06-23,20.800000309944156,14.25714306959084,5.4000000804662704,74.60000111162663,24.399999618530273,185.84
1997-06-30,28.80000042915344,15.242857369993414,7.800000116229057,77.8428583028061,36.00000077486038,185.85
1997-07-07,24.100000359117985,15.92857166592564,9.900000147521496,78.21428687976939,10.900000013411045,185.83
1997-07-14,28.300000421702865,18.842857423637593,10.500000156462193,69.80000104010105,16.600000023841858,185.74
1997-07-21,24.600000366568565,17.34285740128585,11.10000016540289,78.52857259873834,39.500000573694706,185.69
1997-07-28,26.80000039935112,18.600000277161598,10.100000150501728,70.60000105202198,9.299999952316284,185.6
1997-08-04,28.50000042468309,18.38571455968278,10.000000149011612,75.9428582744939,4.300000011920929,185.55
1997-08-11,30.300000451505184,21.542857463870728,12.000000178813934,61.30000091344118,0.0,185.37
1997-08-18,30.300000451505184,20.957143169428623,13.100000195205212,61.84285806438753,0.0,185.25
1997-08-25,31.70000047236681,21.585714607366494,13.000000193715096,68.88571531219142,0.0,185.07
1997-09-01,29.10000043362379,18.628571706158773,8.400000125169754,77.52857258383717,10.200000166893005,185.04
1997-09-08,25.100000374019142,17.271428828792914,7.900000117719173,76.91428686039788,0.9000000283122063,184.98
1997-09-15,22.500000335276127,12.614285902253219,2.500000037252903,69.64285818061659,8.0,184.88
1997-09-22,25.300000376999375,12.485714471765927,2.7000000402331352,69.72857246760812,0.0,184.8
1997-09-29,24.600000366568565,12.871428763227803,4.200000062584877,71.40000106394291,0.0,184.71
1997-10-06,21.1000003144145,12.68571447474616,4.500000067055225,79.84285833260843,7.799999862909317,184.68
1997-10-13,21.60000032186508,12.557143044258867,4.90000007301569,81.3000012114644,50.50000021606684,184.84
1997-10-20,15.400000229477882,7.385714395770004,2.3000000342726707,85.0000012665987,2.6000000536441803,184.95
1997-10-27,10.500000156462193,3.6857143406357085,-3.700000055134296,76.15714399197272,0.3000000044703483,185.01
1997-11-03,10.900000162422655,1.9285714573093824,-5.700000084936619,75.25714397856167,0.0,185.11
1997-11-10,12.500000186264517,7.171428678291185,-2.7000000402331352,85.45714413055352,28.099999576807022,185.19
1997-11-17,9.900000147521496,5.828571515423911,-0.5000000074505806,88.25714417227677,19.599999837577343,185.25
1997-11-24,5.500000081956387,2.0142857443009103,-4.90000007301569,86.74285843542644,2.0999999567866325,185.4
1997-12-01,10.500000156462193,4.114285775593349,-1.700000025331974,87.08571558339256,6.19999984651804,185.48
1997-12-08,3.9000000581145287,0.5714285799435207,-3.200000047683716,86.60000129044056,7.299999907612801,185.55
1997-12-15,11.10000016540289,5.714285799435207,-1.80000002682209,85.64285841903516,16.700000196695328,185.61
1997-12-22,4.500000067055225,-0.3285714334675244,-8.00000011920929,86.84285843691656,10.199999883770943,185.74
1997-12-29,12.90000019222498,5.814285800925323,1.100000016391277,86.78571557892221,10.599999785423279,185.9
1998-01-05,9.600000143051147,6.285714379378727,0.6000000089406967,80.98571549249547,16.200000166893005,186.08
1998-01-12,12.000000178813934,5.214285791984627,-2.7000000402331352,82.1428583668811,2.4999999403953552,186.27
1998-01-19,10.100000150501728,4.685714355536869,-1.100000016391277,83.17142981077943,12.50000000745058,186.26
1998-01-26,5.000000074505806,-0.18571428848164423,-7.300000108778477,78.98571546269315,1.0000000074505806,186.3
1998-02-02,0.9000000134110451,-4.285714349576405,-14.100000210106373,78.77142974521432,1.2000000029802322,186.34
1998-02-09,8.100000120699406,-0.5428571509463447,-9.600000143051147,79.6428583296282,0.5000000074505806,186.24
1998-02-16,16.300000242888927,6.714285814336368,-3.200000047683716,76.40000113844872,0.3000000119209289,186.25
1998-02-23,14.500000216066836,6.642857241843428,-2.0000000298023224,77.91428687529904,4.700000002980232,186.17
1998-03-02,13.800000205636024,7.028571533305304,-0.5000000074505806,77.81428687380892,4.000000074505806,186.17
1998-03-09,17.600000262260437,6.84285724482366,-3.700000055134296,76.4142868529473,25.800000190734863,186.35
1998-03-16,11.10000016540289,4.914285787514278,-4.000000059604645,74.10000110417604,2.1000000312924385,186.45
1998-03-23,11.10000016540289,4.97142864550863,-3.200000047683716,70.85714391299656,6.699999809265137,186.43
1998-03-30,20.10000029951334,7.3571429667728285,-5.200000077486038,67.77142958130155,0.0,186.46
1998-04-06,21.50000032037497,10.757143017436777,4.700000070035458,77.41428686784846,18.89999993145466,186.5
1998-04-13,13.90000020712614,6.571428669350488,-1.700000025331974,77.71428687231881,24.49999988079071,186.69
1998-04-20,13.000000193715096,6.8142858158264845,-2.1000000312924385,75.75714398601225,12.800000101327896,186.67
1998-04-27,20.60000030696392,12.45714304276875,3.500000052154064,73.37142966474805,28.10000029951334,186.94
1998-05-04,22.500000335276127,11.757143032337938,6.200000092387199,77.21428686486823,5.5000001937150955,187.04
1998-05-11,28.80000042915344,15.371428800480706,2.0000000298023224,66.7571438519018,0.0,186.81
1998-05-18,29.10000043362379,17.12857168380703,6.70000009983778,57.31428656833513,0.1000000014901161,186.56
1998-05-25,24.8000003695488,13.4714287721685,3.700000055134296,67.4857152913298,1.900000013411045,186.49
1998-06-01,23.80000035464764,15.714285948446818,9.500000141561031,79.21428689467055,39.19999974966049,186.41
1998-06-08,30.200000450015068,19.500000290572643,9.00000013411045,68.28571530325073,16.799999870359898,186.44
1998-06-15,20.60000030696392,14.028571637613434,4.500000067055225,77.9571440187948,20.500000059604645,186.46
1998-06-22,31.500000469386578,17.828571694237844,10.80000016093254,72.10000107437372,4.8999999538064,186.28
1998-06-29,29.200000435113907,18.45714313217572,10.000000149011612,66.77142956640039,21.30000078678131,186.23
1998-07-06,22.600000336766243,16.171428812401636,9.3000001385808,72.31428679185254,7.100000083446503,186.17
1998-07-13,22.000000327825543,15.41428594397647,9.00000013411045,78.47142974074397,17.499999955296516,186.1
1998-07-20,32.80000048875809,17.100000254809856,8.50000012665987,72.70000108331442,8.599999979138374,186.01
1998-07-27,29.800000444054604,19.80000029504299,11.000000163912771,64.15714381315878,0.8999999910593033,185.91
1998-08-03,25.50000037997961,16.828571679336683,9.500000141561031,77.00000114738941,18.400000050663948,185.86
1998-08-10,33.5000004991889,19.714286008051463,8.100000120699406,66.05714384147099,0.1000000014901161,185.71
1998-08-17,35.200000524520874,20.957143169428623,9.3000001385808,59.30000088363886,0.0,185.63
1998-08-24,28.10000041872263,16.457143102373397,9.400000140070915,71.91428678589207,28.800000190734863,185.56
1998-08-31,22.30000033229589,13.000000193715096,8.600000128149986,73.35714395024947,2.100000001490116,185.57
1998-09-07,21.300000317394733,15.600000232458115,7.000000104308128,85.07142983909164,41.19999969005585,185.64
1998-09-14,22.600000336766243,13.885714492627553,7.200000107288361,83.90000125020742,32.200000166893005,185.77
1998-09-21,19.60000029206276,12.185714467295579,6.70000009983778,81.11428692298276,15.799999594688414,185.86
1998-09-28,21.300000317394733,13.914285921624728,6.800000101327896,81.21428692447287,2.6000000163912773,185.96
1998-10-05,18.0000002682209,9.200000137090683,3.200000047683716,91.60000136494637,39.99999976158142,186.13
1998-10-12,14.800000220537186,8.928571561617511,4.90000007301569,89.14285847118923,37.8999999538064,186.65
1998-10-19,17.80000026524067,10.3714287259749,3.200000047683716,82.00000122189522,7.3000001311302185,186.69
1998-10-26,15.100000225007534,9.371428711073738,3.6000000536441803,83.44285838625261,36.700000144541264,186.88
1998-11-02,16.600000247359276,7.7428572582347055,3.000000044703484,82.82857266281333,50.79999852180481,187.51
1998-11-09,11.900000177323818,6.385714380868843,1.600000023841858,84.05714410969189,18.999999716877937,187.45
1998-11-16,13.100000195205212,4.028571488601821,0.1000000014901161,89.45714419015816,20.099999606609344,187.5
1998-11-23,3.400000050663948,-2.0285714587994983,-9.00000013411045,81.21428692447287,1.7999999821186066,187.36
1998-11-30,3.400000050663948,0.7857142974223408,-3.400000050663948,87.92857273880925,3.700000107288361,187.16
1998-12-07,1.80000002682209,-1.3000000193715096,-4.000000059604645,81.95714407839945,5.199999958276749,187.02
1998-12-14,9.100000135600569,1.2857143048729216,-11.000000163912771,89.90000133961439,17.700000271201134,187.21
1998-12-21,9.500000141561031,3.0000000447034836,-2.3000000342726707,89.35714418866804,8.299999810755253,187.14
1998-12-28,12.000000178813934,4.228571491582053,-2.800000041723252,84.77142983462129,7.699999928474426,187.12
1999-01-04,11.900000177323818,2.2000000327825546,-3.200000047683716,92.37142994787011,8.099999845027924,187.05
1999-01-11,15.000000223517418,4.228571491582053,-1.3000000193715096,85.20000126957893,9.799999885261059,187.1
1999-01-18,10.600000157952309,4.357142922069345,-2.600000038743019,80.77142977501664,8.50000011920929,187.19
1999-01-25,10.600000157952309,3.7142857696328844,-2.1000000312924385,88.92857275371041,6.699999809265137,187.09
1999-02-01,10.600000157952309,0.25714286097458433,-7.000000104308128,82.0142869363938,11.099999941885471,187.06
1999-02-08,8.800000131130219,2.8857143287147795,-2.200000032782554,83.37142981375966,11.40000019222498,187.1
1999-02-15,2.7000000402331352,-2.4428571792585507,-9.00000013411045,82.95714409330061,1.0,186.99
1999-02-22,8.00000011920929,3.0000000447034836,-3.1000000461936,86.0714298539928,22.300000190734863,187.17
1999-03-01,11.10000016540289,4.0857143465961725,-4.500000067055225,79.98571547759431,6.299999892711639,187.23
1999-03-08,11.900000177323818,6.028571518404143,-1.100000016391277,80.4714297705463,6.899999909102917,187.17
1999-03-15,17.600000262260437,6.157142948891435,-1.600000023841858,81.98571550739663,2.899999976158142,187.0
1999-03-22,10.000000149011612,4.628571497542517,-2.7000000402331352,76.94285828939506,8.900000005960464,186.9
1999-03-29,17.600000262260437,7.942857261214938,1.100000016391277,82.27142979736838,37.00000047683716,187.31
1999-04-05,19.30000028759241,10.400000154972076,0.800000011920929,75.84285827300378,5.600000001490116,187.21
1999-04-12,19.80000029504299,9.94285729101726,2.200000032782554,76.52857256893601,15.09999980032444,187.14
1999-04-19,11.500000171363354,4.485714352556637,-0.6000000089406967,79.18571546567338,17.599999845027924,187.1
1999-04-26,20.800000309944156,11.314285882881709,0.0,71.42857249294009,7.699999883770943,187.04
1999-05-03,22.30000033229589,13.200000196695328,4.400000065565109,68.65714388021401,2.400000095367432,186.91
1999-05-10,21.1000003144145,12.871428763227803,6.800000101327896,73.82857252870288,17.200000047683716,186.8
1999-05-17,18.6000002771616,12.600000187754631,3.500000052154064,70.54285819402763,2.8000000417232513,186.69
1999-05-24,23.300000347197056,14.928571651024479,4.500000067055225,67.91428672628743,6.599999815225601,186.54
1999-05-31,30.100000448524952,17.80000026524067,6.70000009983778,68.60000102221966,2.399999976158142,186.38
1999-06-07,29.700000442564487,16.242857384894574,6.800000101327896,72.50000108033419,28.499999582767487,186.27
1999-06-14,24.300000362098217,15.171428797500473,6.400000095367432,68.94285817018577,2.399999976158142,186.2
1999-06-21,26.30000039190054,16.600000247359276,8.100000120699406,64.42857238863196,4.5,186.1
1999-06-28,26.30000039190054,16.07142881091152,5.200000077486038,64.18571524215596,2.299999989569187,186.0
1999-07-05,32.70000048726797,20.928571740431444,10.600000157952309,70.07142961557422,13.100000143051147,185.89
1999-07-12,27.80000041425228,19.500000290572643,12.90000019222498,78.74285831621715,53.20000123977661,186.21
1999-07-19,30.00000044703484,19.242857429598057,10.000000149011612,71.38571534944433,12.899999991059303,186.07
1999-07-26,27.700000412762165,18.58571456266301,9.100000135600569,71.12857248846974,5.599999934434891,185.97
1999-08-02,30.00000044703484,20.542857448969567,11.800000175833702,55.25714368053845,0.0,185.76
1999-08-09,29.50000043958425,20.700000308454037,12.500000186264517,70.67142962451491,23.899999976158142,185.77
1999-08-16,23.300000347197056,15.542857374463763,6.900000102818012,79.14285832217762,21.40000021457672,185.76
1999-08-23,23.100000344216824,14.828571649534362,6.200000092387199,71.90000107139349,1.899999976158142,185.68
1999-08-30,28.300000421702865,18.314285987189837,9.00000013411045,74.18571539116758,6.100000098347664,185.64
1999-09-06,26.600000396370888,16.971428824322565,9.00000013411045,73.30000109225512,21.0,185.61
1999-09-13,29.700000442564487,19.485714576074056,11.000000163912771,70.78571534050363,0.0,185.56
1999-09-20,29.800000444054604,16.957143109823978,6.200000092387199,73.47142966623817,2.399999976158142,185.5
1999-09-27,24.00000035762787,16.085714525410108,11.500000171363354,82.51428694384438,23.099999524652958,185.5
1999-10-04,18.0000002682209,12.90000019222498,7.300000108778477,86.60000129044056,24.70000034570694,185.55
1999-10-11,17.600000262260437,11.071428736405712,3.6000000536441803,87.32857272986855,6.099999941885471,185.52
1999-10-18,15.900000236928465,6.62857152734484,-1.700000025331974,81.08571549398559,0.0,185.56
1999-10-25,13.800000205636024,7.428571539265769,-0.2000000029802322,83.07142980928931,7.400000013411045,185.58
1999-11-01,15.800000235438349,9.485714427062444,0.9000000134110451,87.00000129640102,8.100000277161598,185.59
1999-11-08,13.90000020712614,6.98571438980954,0.2000000029802322,88.41428703176123,10.199999801814556,185.61
1999-11-15,9.00000013411045,3.857142914618765,-3.200000047683716,84.05714410969189,8.50000011920929,185.66
1999-11-22,3.200000047683716,0.08571428699152814,-5.700000084936619,88.700001321733,7.899999976158142,185.72
1999-11-29,9.100000135600569,3.8142857711230005,0.0,92.57142995085034,2.599999964237213,185.74
1999-12-06,9.500000141561031,4.785714357026985,-1.80000002682209,82.48571551484721,7.500000223517418,185.75
1999-12-13,12.000000178813934,6.385714380868843,3.400000050663948,86.2000012844801,28.700000122189522,185.8
1999-12-20,4.90000007301569,0.5714285799435207,-4.000000059604645,87.2571441573756,6.200000122189522,185.94
1999-12-27,8.600000128149986,1.2857143048729216,-4.90000007301569,87.75714416482619,23.60000006109476,186.16
2000-01-03,5.000000074505806,2.514285751751491,-0.5000000074505806,91.02857278500285,2.1000000163912773,186.31
2000-01-10,7.700000114738941,3.8714286291173527,-1.5000000223517418,89.12857275669064,6.200000055134296,186.28
2000-01-17,6.800000101327896,1.3142857338700975,-3.200000047683716,86.68571557743209,0.2000000029802322,186.25
2000-01-24,7.700000114738941,0.885714298912457,-9.600000143051147,79.98571547759431,3.9999999701976776,186.21
2000-01-31,10.000000149011612,1.5000000223517418,-10.100000150501728,83.00000123679638,14.399999909102917,186.22
2000-02-07,12.10000018030405,6.571428669350488,1.0000000149011612,80.85714406200817,5.100000061094761,186.41
2000-02-14,11.500000171363354,4.485714352556637,-3.9000000581145287,79.1571440366762,19.600000381469727,186.56
2000-02-21,11.000000163912771,2.385714321264199,-3.500000052154064,83.52857267324414,16.400000013411045,186.65
2000-02-28,15.800000235438349,4.0857143465961725,-4.500000067055225,84.05714410969189,10.800000108778477,186.75
2000-03-06,9.100000135600569,3.9285714871117046,-0.5000000074505806,78.07142973478351,12.799999833106995,186.83
2000-03-13,13.40000019967556,8.785714416631631,3.500000052154064,76.58571542693036,4.800000049173832,186.82
2000-03-20,12.800000190734863,6.671428670840604,0.800000011920929,76.27142970796142,6.300000011920929,186.69
2000-03-27,16.300000242888927,7.914285832217762,-0.6000000089406967,76.92857257489648,8.199999839067459,186.58
2000-04-03,18.100000269711018,6.614285812846252,-0.1000000014901161,81.7714297899178,5.3999999538064,186.54
2000-04-10,15.600000232458116,7.157142963792596,-1.80000002682209,62.85714379378727,0.1000000014901161,186.38
2000-04-17,15.400000229477882,8.257142980183874,-0.5000000074505806,73.21428680526358,10.700000166893005,186.31
2000-04-24,26.30000039190054,13.228571625692505,3.000000044703484,71.70000106841326,8.699999928474426,186.29
2000-05-01,24.8000003695488,15.742857377443995,2.800000041723252,75.17142969157014,8.999999858438969,186.28
2000-05-08,26.80000039935112,17.671428834753378,10.000000149011612,68.21428673075778,7.600000098347664,186.21
2000-05-15,27.80000041425228,18.900000281631947,8.600000128149986,59.328572312636034,0.0,186.11
2000-05-22,28.50000042468309,12.714285903743335,3.6000000536441803,76.64285828492471,14.300000071525574,186.0
2000-05-29,20.60000030696392,13.285714483686856,5.000000074505806,71.82857249890056,9.499999970197678,186.0
2000-06-05,29.700000442564487,17.100000254809856,4.000000059604645,76.20000113546848,27.59999942779541,186.0
2000-06-12,30.200000450015068,17.6428574057562,5.700000084936619,68.74285816720554,5.900000095367432,185.93
2000-06-19,32.70000048726797,18.72857170764889,4.90000007301569,59.6142866026078,0.4000000059604645,185.88
2000-06-26,33.600000500679016,18.185714556702546,10.000000149011612,62.000000923871994,10.199999988079071,185.72
2000-07-03,26.200000390410423,15.77142880644117,4.90000007301569,69.04285817167589,35.200000524520874,185.76
2000-07-10,22.600000336766243,15.05714308151177,9.400000140070915,82.91428694980485,43.99999924004078,185.84
2000-07-17,18.80000028014183,13.142857338700976,5.900000087916851,79.6428583296282,12.5,185.87
2000-07-24,24.8000003695488,15.91428595142705,9.500000141561031,76.45714399644307,7.700000286102295,185.87
2000-07-31,24.00000035762787,16.300000242888927,11.000000163912771,83.55714410224131,27.600000955164433,185.88
2000-08-07,27.80000041425228,17.58571454776185,10.100000150501728,74.97142968858991,20.200000166893005,185.84
2000-08-14,31.000000461936,19.328571716589586,11.10000016540289,75.17142969157014,9.600000381469728,185.82
2000-08-21,27.3000004068017,19.485714576074056,12.800000190734863,78.85714403220585,39.09999990463257,185.82
2000-08-28,25.100000374019142,16.557143103863513,9.500000141561031,73.34285823575088,1.300000011920929,185.86
2000-09-04,23.300000347197056,15.014285938016005,9.900000147521496,78.78571545971292,15.200000084936619,185.84
2000-09-11,26.30000039190054,15.171428797500473,7.700000114738941,83.20000123977661,8.199999809265137,185.82
2000-09-18,25.600000381469727,15.571428803460938,10.80000016093254,84.7571441201227,13.000000223517418,185.825
2000-09-25,20.000000298023224,12.228571610791343,5.200000077486038,85.64285841903516,24.399999618530273,185.83
2000-10-02,24.100000359117985,14.685714504548482,9.600000143051147,89.22857275818076,10.200000025331974,185.94
2000-10-09,18.100000269711018,10.000000149011612,1.80000002682209,85.61428699003798,15.599999964237213,186.01
2000-10-16,19.60000029206276,11.24285731038877,5.200000077486038,85.80000127851963,11.800000242888927,186.05
2000-10-23,17.100000254809856,10.0142858635102,3.200000047683716,91.28571564597743,7.499999977648258,186.08
2000-10-30,15.600000232458116,10.414285869470664,5.700000084936619,81.87142979140792,8.799999788403511,186.14
2000-11-06,13.100000195205212,7.557142969753061,2.800000041723252,85.21428698407752,11.099999994039536,186.15
2000-11-13,11.000000163912771,7.300000108778477,2.1000000312924385,84.68571554762977,14.600000083446503,186.19
2000-11-20,9.900000147521496,5.514285796454975,1.3000000193715096,87.45714416035584,8.399999797344208,186.23
2000-11-27,9.80000014603138,5.485714367457798,-1.3000000193715096,90.77142992402825,11.099999874830246,186.29
2000-12-04,11.60000017285347,7.2285715362855365,1.3000000193715096,93.90000139921904,6.599999912083149,186.34
2000-12-11,12.800000190734863,7.642857256744589,2.7000000402331352,88.01428702580077,10.59999980032444,186.44
2000-12-18,13.000000193715096,5.142857219491686,-2.800000041723252,85.58571556104081,17.09999978542328,186.53
2000-12-25,3.700000055134296,-2.1714286037853787,-9.100000135600569,87.2571441573756,8.600000239908695,186.57
2001-01-01,3.500000052154064,0.4285714349576405,-3.500000052154064,90.14285848609039,12.90000020712614,186.57
2001-01-08,11.000000163912771,4.985714360007218,-1.0000000149011612,89.12857275669064,18.999999836087227,186.97
2001-01-15,5.200000077486038,-0.6857142959322248,-5.900000087916851,83.77142981972013,5.900000192224979,186.91
2001-01-22,2.7000000402331352,-2.3285714632698467,-9.00000013411045,90.58571563554662,23.799999833106995,186.94
2001-01-29,8.600000128149986,3.8285714856215884,-2.0000000298023224,90.58571563554662,13.699999667704105,187.17
2001-02-05,9.600000143051147,2.1428571747882024,-2.3000000342726707,89.97142991210733,27.200000770390034,187.27
2001-02-12,13.90000020712614,7.1000001057982445,-3.6000000536441803,79.07142974968467,3.300000049173832,187.21
2001-02-19,12.600000187754633,4.200000062584877,-1.80000002682209,79.32857261065926,5.300000190734863,187.0
2001-02-26,6.400000095367432,0.5857142944421087,-11.30000016838312,81.1857154954757,8.599999912083149,186.88
2001-03-05,5.900000087916851,1.0857143018926894,-5.200000077486038,80.84285834750959,11.600000001490116,186.79
2001-03-12,12.600000187754633,7.028571533305304,-4.000000059604645,89.51428704815251,20.700000166893005,187.05
2001-03-19,13.90000020712614,6.328571522874491,0.4000000059604645,82.9714298077992,17.199999667704105,187.27
2001-03-26,15.600000232458116,4.914285787514278,-3.9000000581145287,85.57142984654222,33.099999725818634,187.55
2001-04-02,20.30000030249357,7.271428679781301,-1.600000023841858,74.74285825661251,9.500000193715096,187.37
2001-04-09,15.800000235438349,8.414285839668342,0.6000000089406967,77.71428687231881,13.799999952316284,187.24
2001-04-16,12.4000001847744,5.485714367457798,-3.200000047683716,74.01428681718451,11.600000038743019,186.98
2001-04-23,15.400000229477882,5.457142938460622,-0.800000011920929,71.28571534795421,3.4999999329447746,186.85
2001-04-30,22.30000033229589,11.257143024887357,3.500000052154064,79.32857261065926,24.89999932050705,186.9
2001-05-07,26.80000039935112,13.714285918644496,6.70000009983778,69.87142961259399,1.0,186.78
2001-05-14,25.600000381469727,16.71428596334798,7.700000114738941,58.842858019684044,0.400000013411045,186.58
2001-05-21,21.1000003144145,13.300000198185444,4.000000059604645,71.80000106990337,7.799999937415123,186.4
2001-05-28,27.3000004068017,17.885714552232198,7.300000108778477,56.9857151348676,0.0,186.27
2001-06-04,24.600000366568565,13.957143065120492,6.500000096857548,67.05714385637215,5.4999998807907104,186.16
2001-06-11,20.30000030249357,13.342857341681208,6.900000102818012,73.42857252274241,19.899999916553497,186.08
2001-06-18,25.300000376999375,15.500000230967999,5.500000081956387,74.30000110715628,21.000000476837158,186.02
2001-06-25,28.50000042468309,15.77142880644117,4.200000062584877,65.62857240651336,0.0,185.9
2001-07-02,28.80000042915344,19.38571457458394,11.500000171363354,68.42857244823661,14.199999809265137,185.76
2001-07-09,30.70000045746565,20.500000305473804,11.10000016540289,61.1571437684553,1.900000050663948,185.76
2001-07-16,28.000000417232517,16.828571679336683,10.000000149011612,71.80000106990337,49.300001338124275,185.76
2001-07-23,29.800000444054604,17.87142883773361,10.100000150501728,71.12857248846974,10.200000151991844,185.71
2001-07-30,33.10000049322844,22.471428906278952,13.100000195205212,61.58571520341294,0.0,185.61
2001-08-06,31.70000047236681,19.571428863065584,11.500000171363354,73.15714394726923,17.000000096857548,185.55
2001-08-13,27.700000412762165,17.314285972288676,8.50000012665987,70.8142867695008,5.000000111758709,185.48
2001-08-20,33.600000500679016,21.671428894358023,14.500000216066836,67.55714386382273,6.000000059604645,185.37
2001-08-27,34.00000050663948,21.55714317836932,13.100000195205212,66.62857242141452,0.0,185.21
2001-09-03,23.100000344216824,15.942857380424227,7.400000110268593,71.22857248995986,6.999999977648258,185.15
2001-09-10,17.00000025331974,12.400000184774399,7.300000108778477,82.6285726598331,11.199999786913395,185.12
2001-09-17,17.00000025331974,11.542857314859118,7.300000108778477,86.05714413949421,30.300000429153442,185.1
2001-09-24,16.800000250339508,10.728571588439602,4.200000062584877,85.64285841903516,17.700000002980232,185.21
2001-10-01,20.60000030696392,13.342857341681208,7.900000117719173,87.82857273731913,23.200000151991844,185.27
2001-10-08,25.700000382959843,14.285714498588018,6.70000009983778,85.0000012665987,15.900000289082527,185.34
2001-10-15,20.30000030249357,12.971428764717919,6.500000096857548,84.82857269261565,0.2000000029802322,185.41
2001-10-22,20.10000029951334,11.500000171363354,5.000000074505806,87.12857272688832,7.300000123679638,185.46
2001-10-29,16.100000239908695,10.685714444943837,5.000000074505806,91.61428707944495,18.800000309944153,185.52
2001-11-05,17.30000025779009,7.485714397260121,1.3000000193715096,85.6000012755394,2.1999999582767487,185.59
2001-11-12,11.000000163912771,3.52857148115124,-5.200000077486038,86.62857271943774,25.800000071525574,185.67
2001-11-19,9.3000001385808,2.7714286127260754,-3.6000000536441803,85.81428699301821,0.0,185.76
2001-11-26,8.600000128149986,4.957142931010042,0.9000000134110451,90.20000134408474,30.19999933242798,185.85
2001-12-03,9.600000143051147,6.200000092387199,1.80000002682209,95.98571571601289,29.99999939650297,185.97
2001-12-10,10.000000149011612,3.0000000447034836,-4.500000067055225,87.44285844585725,5.0,186.14
2001-12-17,5.000000074505806,-1.0571428728955132,-9.500000141561031,78.2000011652708,0.2000000029802322,186.25
2001-12-24,3.500000052154064,-1.58571430934327,-14.800000220537186,85.64285841903516,5.799999892711639,186.2
2001-12-31,7.000000104308128,0.5857142944421087,-6.70000009983778,87.27142987187419,14.199999943375587,186.15
2002-01-07,1.5000000223517418,-5.814285800925323,-14.600000217556952,83.55714410224131,0.6000000163912772,186.16
2002-01-14,3.200000047683716,-2.0142857443009103,-5.900000087916851,94.25714426168373,0.6000000163912772,186.17
2002-01-21,9.600000143051147,1.2714285903743334,-4.700000070035458,92.31428708987576,6.299999967217445,186.14
2002-01-28,13.600000202655792,7.928571546716349,1.80000002682209,82.10000122338533,29.20000047981739,186.61
2002-02-04,14.600000217556952,8.800000131130219,0.6000000089406967,71.32857249144998,0.0,186.77
2002-02-11,13.40000019967556,8.157142978693757,3.400000050663948,82.82857266281333,17.800000190734863,186.75
2002-02-18,13.800000205636024,4.285714349576405,-3.000000044703484,73.98571538818734,25.599999621510506,187.18
2002-02-25,10.000000149011612,3.185714333185128,-3.200000047683716,84.07142982419047,40.000000193715096,187.35
2002-03-04,13.500000201165676,4.8857143585171015,-3.000000044703484,71.57142963792596,13.100000441074373,187.52
2002-03-11,15.600000232458116,6.1714286633900235,-1.700000025331974,73.21428680526358,2.1999999657273293,187.27
2002-03-18,17.00000025331974,7.528571540755885,1.100000016391277,79.70000118762255,13.699999839067459,187.06
2002-03-25,15.600000232458116,6.98571438980954,-1.80000002682209,73.200001090765,11.99999988079071,187.01
2002-04-01,18.30000027269125,6.357142951871667,-3.500000052154064,62.442858073328225,0.0,186.9
2002-04-08,20.30000030249357,8.457142983164106,-3.000000044703484,50.528572181505815,0.0,186.71
2002-04-15,16.800000250339508,7.6142858277474135,0.2000000029802322,66.4000009894371,4.600000001490116,186.6
2002-04-22,19.80000029504299,8.785714416631631,3.200000047683716,82.15714408137968,33.399999380111694,186.67
2002-04-29,20.800000309944156,11.01428587841136,5.700000084936619,77.77142973031316,11.100000217556953,186.73
2002-05-06,17.600000262260437,9.685714430042676,4.700000070035458,81.55714407243899,44.599999487400055,187.1
2002-05-13,25.100000374019142,15.228571655494827,4.000000059604645,80.0000011920929,7.200000204145908,186.93
2002-05-20,27.60000041127205,16.028571667415754,8.00000011920929,69.41428674863917,2.2000000029802322,186.81
2002-05-27,26.200000390410423,14.371428785579544,7.000000104308128,76.88571543140071,10.099999912083149,186.65
2002-06-03,24.600000366568565,15.20000022649765,5.700000084936619,60.67142947550331,0.1000000014901161,186.39
2002-06-10,26.30000039190054,17.328571686787264,12.000000178813934,71.38571534944433,9.20000010728836,186.26
2002-06-17,31.500000469386578,18.500000275671482,9.900000147521496,74.81428682910544,6.199999883770943,186.05
2002-06-24,35.80000053346157,21.342857460890496,13.300000198185444,67.31428671734673,4.0,185.92
2002-07-01,27.3000004068017,16.62857167635645,7.500000111758709,59.55714374461344,1.399999976158142,185.81
2002-07-08,29.800000444054604,17.271428828792914,9.900000147521496,69.628572466118,1.9999999552965164,185.76
2002-07-15,30.800000458955765,18.100000269711018,9.900000147521496,77.81428687380892,30.200000442564487,185.85
2002-07-22,25.700000382959843,16.700000248849392,9.80000014603138,73.22857251976218,44.899999260902405,185.9
2002-07-29,31.80000047385693,18.785714565643243,10.500000156462193,72.32857250635114,2.000000014901161,185.88
2002-08-05,32.20000047981739,19.357143145586765,13.40000019967556,78.42857259724822,55.00000023841858,185.91
2002-08-12,24.300000362098217,17.50000026077032,10.600000157952309,81.40000121295452,13.499999821186066,185.92
2002-08-19,29.50000043958425,20.342857445989335,12.800000190734863,71.20000106096268,0.0,185.95
2002-08-26,30.70000045746565,19.271428858595236,13.40000019967556,80.15714405157736,24.100000217556953,185.93
2002-09-02,27.10000040382147,18.900000281631947,8.50000012665987,76.48571542544025,12.500000238418579,185.86
2002-09-09,27.60000041127205,16.800000250339508,9.100000135600569,75.71428684251649,12.199999749660492,185.88
2002-09-16,21.300000317394733,13.857143063630376,5.900000087916851,79.80000118911266,20.600000381469727,185.92
2002-09-23,19.80000029504299,12.214285896292754,7.000000104308128,79.31428689616067,0.9000000357627869,185.88
2002-09-30,17.50000026077032,9.642857286546912,2.7000000402331352,78.77142974521432,10.499999761581421,185.84
2002-10-07,19.000000283122063,10.728571588439602,3.1000000461936,85.68571556253093,19.900000005960464,185.86
2002-10-14,15.900000236928465,7.2285715362855365,0.9000000134110451,79.01428689169032,0.9000000059604645,185.84
2002-10-21,13.800000205636024,8.485714412161283,-0.5000000074505806,88.51428703325135,26.400000244379044,186.22
2002-10-28,15.800000235438349,9.94285729101726,3.700000055134296,79.98571547759431,48.499999977648265,186.53
2002-11-04,15.500000230968,8.614285842648574,2.200000032782554,91.58571565044778,24.30000039935112,186.75
2002-11-11,11.000000163912771,5.4000000804662704,1.3000000193715096,88.38571560276407,28.899999737739563,186.92
2002-11-18,11.10000016540289,7.571428684251649,1.600000023841858,90.34285848907062,9.000000037252903,186.97
2002-11-25,9.80000014603138,5.757142942930971,1.700000025331974,92.14285851589271,4.199999965727329,186.83
2002-12-02,11.500000171363354,7.600000113248825,4.000000059604645,89.34285847416946,8.899999909102917,186.75
2002-12-09,7.500000111758709,0.814285726419517,-8.600000128149986,82.78571551931756,0.6000000089406967,186.67
2002-12-16,5.500000081956387,-2.8571428997176036,-11.000000163912771,84.18571554017919,4.600000083446503,186.55
2002-12-23,9.900000147521496,1.714285739830562,-5.200000077486038,91.85714422592095,19.700000412762165,186.75
2002-12-30,12.300000183284284,7.1000001057982445,3.6000000536441803,95.00000141561031,32.99999952316284,187.09
2003-01-06,12.10000018030405,2.0428571732980862,-4.90000007301569,81.51428692894322,32.500000953674316,187.56
2003-01-13,2.600000038743019,-5.942857231412615,-12.4000001847744,77.21428686486823,2.3999999165534973,187.17
2003-01-20,8.900000132620335,2.9714286157063077,-2.200000032782554,87.24285844287702,1.5999999791383743,187.01
2003-01-27,9.500000141561031,3.4857143376554762,-5.200000077486038,90.11428705709321,11.700000002980232,186.91
2003-02-03,9.500000141561031,0.21428571747882036,-6.900000102818012,85.25714412757328,15.200000025331974,186.82
2003-02-10,3.200000047683716,-0.2142857174788202,-6.000000089406967,85.68571556253093,4.800000071525574,186.88
2003-02-17,2.3000000342726707,-3.1142857606921877,-8.100000120699406,69.87142961259399,0.0,186.74
2003-02-24,10.400000154972076,-1.2714285903743334,-10.400000154972076,74.85714397260121,0.0,186.6
2003-03-03,12.800000190734863,4.0857143465961725,-6.000000089406967,78.57142974223409,8.700000047683716,186.55
2003-03-10,16.600000247359276,6.9428572463137765,0.1000000014901161,78.14285830727646,6.400000095367432,186.47
2003-03-17,13.800000205636024,5.300000078976154,-3.200000047683716,69.34285817614624,5.800000190734863,186.43
2003-03-24,19.80000029504299,5.142857219491686,-3.200000047683716,58.80000087618828,0.0,186.38
2003-03-31,20.500000305473804,11.314285882881709,2.7000000402331352,68.35714387574366,5.500000052154064,186.35
2003-04-07,18.100000269711018,5.471428652959211,-3.200000047683716,61.42857234392847,4.6999999061226845,186.31
2003-04-14,21.60000032186508,5.4000000804662704,-6.400000095367432,52.94285793176719,0.0,186.24
2003-04-21,24.8000003695488,12.800000190734863,0.9000000134110451,53.82857223067965,0.0,186.15
2003-04-28,24.300000362098217,13.98571449411767,4.400000065565109,65.04285811207124,9.699999690055847,186.11
2003-05-05,29.700000442564487,14.442857358072485,3.500000052154064,64.88571525258678,3.5,186.08
2003-05-12,26.100000388920307,15.357143085982118,6.500000096857548,70.47142962153468,9.499999761581421,186.05
2003-05-19,20.000000298023224,11.214285881391593,2.3000000342726707,75.8142868440066,29.50000011920929,186.03
2003-05-26,26.30000039190054,14.214285926095076,6.900000102818012,79.6428583296282,20.399999856948853,185.99
2003-06-02,29.60000044107437,19.414286003581115,11.60000017285347,70.5857153375234,4.999999918043613,185.96
2003-06-09,30.800000458955765,21.31428603189332,11.60000017285347,67.50000100582838,14.100000098347664,185.92
2003-06-16,30.00000044703484,20.157143157507694,10.000000149011612,65.9142866964851,17.70000034570694,185.82
2003-06-23,31.100000463426117,19.10000028461218,8.300000123679638,63.40000094473362,11.099999621510506,185.72
2003-06-30,28.60000042617321,20.057143156017577,10.500000156462193,63.75714380719832,3.900000095367432,185.62
2003-07-07,23.500000350177288,16.34285738638469,11.10000016540289,77.34285829535553,10.30000014603138,185.53
2003-07-14,29.800000444054604,19.900000296533108,10.100000150501728,57.62857228730406,0.0,185.37
2003-07-21,34.30000051110983,22.471428906278952,13.300000198185444,58.72857230369534,31.999999523162845,185.37
2003-07-28,27.700000412762165,20.042857441518986,14.100000210106373,73.8000010997057,16.200000263750553,185.35
2003-08-04,34.70000051707029,22.442857477281773,11.000000163912771,62.30000092834234,1.100000023841858,185.24
2003-08-11,37.500000558793545,26.285714677401952,18.100000269711018,52.08571506185191,0.4000000059604645,185.12
2003-08-18,37.70000056177378,21.82857175384249,10.80000016093254,56.05714369245938,3.1000000312924385,184.99
2003-08-25,27.500000409781933,18.985714568623475,9.3000001385808,62.000000923871994,0.0,184.86
2003-09-01,28.50000042468309,15.485714516469411,8.50000012665987,72.2428582193596,20.600000336766243,184.76
2003-09-08,25.100000374019142,14.62857164655413,4.400000065565109,72.45714393683842,14.79999977350235,184.7
2003-09-15,23.300000347197056,14.171428782599312,6.200000092387199,75.91428684549672,7.399999976158142,184.65
2003-09-22,29.300000436604023,17.15714311280421,7.500000111758709,68.02857244227614,2.0,184.61
2003-09-29,22.600000336766243,11.257143024887357,2.500000037252903,76.68571542842048,2.199999988079071,184.58
2003-10-06,21.1000003144145,10.585714443453721,3.500000052154064,85.98571556700128,6.599999934434891,184.56
2003-10-13,15.100000225007534,9.714285859039851,1.3000000193715096,80.38571548355478,13.79999976605177,184.56
2003-10-20,13.100000195205212,5.2428572209818025,-2.0000000298023224,74.01428681718451,0.0,184.56
2003-10-27,8.400000125169754,3.4714286231568883,-5.500000081956387,80.30000119656324,0.7000000104308128,184.62
2003-11-03,14.600000217556952,6.600000098347664,-2.1000000312924385,87.31428701536996,8.799999922513962,184.69
2003-11-10,13.90000020712614,5.3714286514690945,-0.9000000134110451,84.11428696768624,0.0,184.76
2003-11-17,11.500000171363354,3.7285714841314723,-2.200000032782554,89.50000133365393,14.699999645352362,184.81
2003-11-24,12.000000178813934,8.342857267175402,3.200000047683716,90.98571564150708,1.0999999940395355,184.9
2003-12-01,12.10000018030405,6.714285814336368,3.700000055134296,90.65714420803955,14.099999845027924,185.01
2003-12-08,8.800000131130219,1.757142883326326,-6.900000102818012,86.37142985846315,0.0,185.08
2003-12-15,11.500000171363354,2.3142857487712587,-7.500000111758709,86.97142986740384,23.499999582767487,185.16
2003-12-22,9.500000141561031,2.2428571762783185,-3.500000052154064,89.71428705113274,11.500000059604645,185.25
2003-12-29,9.00000013411045,1.8000000268220901,-7.200000107288361,85.1142869825874,1.699999988079071,185.37
2004-01-05,2.7000000402331352,-1.1857143033828055,-6.900000102818012,83.2142869542752,2.5000000968575478,185.56
2004-01-12,10.30000015348196,4.0857143465961725,0.5000000074505806,94.22857283268657,43.500000573694706,185.75
2004-01-19,9.400000140070915,3.7428571986300603,-3.200000047683716,82.55714408734015,18.800000227987766,185.89
2004-01-26,4.400000065565109,-0.5714285799435207,-7.300000108778477,80.9428583489997,0.2000000029802322,185.97
2004-02-02,11.30000016838312,3.2428571911794797,-5.4000000804662704,80.81428691851241,11.400000050663948,186.05
2004-02-09,14.600000217556952,8.00000011920929,0.2000000029802322,76.58571542693036,18.00000023841858,186.17
2004-02-16,10.000000149011612,3.9285714871117046,-2.0000000298023224,85.2428584130747,2.899999976158142,186.26
2004-02-23,7.400000110268593,0.885714298912457,-3.6000000536441803,75.18571540606874,0.2000000029802322,186.28
2004-03-01,4.400000065565109,-0.9000000134110451,-7.300000108778477,76.40000113844872,2.9999999403953552,186.31
2004-03-08,7.500000111758709,1.4285714498588018,-4.90000007301569,78.34285831025669,3.999999910593033,186.27
2004-03-15,14.800000220537186,4.585714354046753,-1.600000023841858,78.48571545524257,2.0,186.22
2004-03-22,21.1000003144145,10.214285866490432,2.1000000312924385,74.47142968113933,14.400000154972076,186.24
2004-03-29,14.900000222027302,3.300000049173832,-4.500000067055225,71.64285821041891,0.1000000014901161,186.3
2004-04-05,19.60000029206276,10.128571579498905,0.2000000029802322,64.27142952914748,4.90000007301569,186.32
2004-04-12,15.000000223517418,5.728571513933795,-1.3000000193715096,78.50000116974115,3.3000000044703484,186.29
2004-04-19,21.300000317394733,10.757143017436777,1.100000016391277,60.385715185531545,0.0,186.31
2004-04-26,25.100000374019142,12.10000018030405,3.700000055134296,67.77142958130155,4.899999812245369,186.28
2004-05-03,25.100000374019142,14.500000216066837,5.500000081956387,74.18571539116758,33.10000038892031,186.31
2004-05-10,20.30000030249357,9.971428720014435,5.900000087916851,83.85714410671166,45.599999979138374,186.57
2004-05-17,22.800000339746475,12.885714477726392,4.500000067055225,71.51428677993161,1.2999999523162842,186.66
2004-05-24,24.300000362098217,12.628571616751808,0.9000000134110451,66.77142956640039,6.799999952316284,186.48
2004-05-31,23.80000035464764,13.028571622712272,1.700000025331974,63.6571438057082,11.40000033378601,186.38
2004-06-07,26.30000039190054,15.20000022649765,8.00000011920929,77.12857257787671,5.900000035762787,186.29
2004-06-14,32.00000047683716,18.51428599017007,8.100000120699406,73.95714395919016,9.200000047683716,186.18
2004-06-21,25.600000381469727,14.500000216066837,4.500000067055225,73.30000109225512,10.199999928474426,186.15
2004-06-28,26.200000390410423,16.2142859558974,6.500000096857548,67.87142958279166,9.199999816715717,186.06
2004-07-05,25.700000382959843,16.07142881091152,9.80000014603138,69.45714389213494,10.800000071525574,185.92
2004-07-12,26.30000039190054,15.314285942486354,8.300000123679638,75.71428684251649,23.900000154972076,185.84
2004-07-19,28.000000417232517,18.08571455521243,10.30000015348196,78.78571545971292,15.699999779462814,185.83
2004-07-26,29.50000043958425,19.542857434068406,11.30000016838312,77.38571543885129,28.5,185.88
2004-08-02,30.00000044703484,19.571428863065584,8.800000131130219,63.68571523470538,0.0,185.74
2004-08-09,32.50000048428774,23.34285749069282,13.600000202655792,56.77142941738878,4.099999904632568,185.66
2004-08-16,31.000000461936,19.52857171956982,12.90000019222498,76.75714400091341,27.700000643730164,185.65
2004-08-23,27.700000412762165,17.828571694237844,7.900000117719173,76.28571542246002,15.799999691545963,185.63
2004-08-30,22.800000339746475,15.728571662945408,8.50000012665987,83.07142980928931,35.30000066757202,185.65
2004-09-06,27.500000409781933,16.828571679336683,7.000000104308128,74.28571539265769,0.1000000014901161,185.59
2004-09-13,26.80000039935112,17.257143114294326,7.000000104308128,66.0428581269724,5.600000023841858,185.54
2004-09-20,23.100000344216824,13.285714483686856,3.500000052154064,73.30000109225512,3.400000013411045,185.52
2004-09-27,17.100000254809856,12.014285893312522,8.50000012665987,82.2571440828698,32.99999999254942,185.5
2004-10-04,21.60000032186508,12.914285906723567,5.700000084936619,81.4142869274531,0.9999999925494194,185.52
2004-10-11,23.80000035464764,10.457143012966428,2.3000000342726707,79.82857261810985,1.5999999940395355,185.55
2004-10-18,13.500000201165676,8.085714406200818,1.100000016391277,83.61428696023566,14.500000029802322,185.57
2004-10-25,19.30000028759241,11.428571598870414,3.200000047683716,81.51428692894322,20.899999916553497,185.6
2004-11-01,16.300000242888927,9.957143005515848,4.200000062584877,90.78571563852685,8.299999833106995,185.62
2004-11-08,13.000000193715096,7.728571543736117,-0.800000011920929,88.25714417227677,4.299999907612801,185.65
2004-11-15,7.500000111758709,2.3000000342726707,-2.500000037252903,91.48571564895767,18.199999265372753,185.75
2004-11-22,10.600000157952309,5.171428648488862,-0.2000000029802322,89.02857275520053,24.000000409781933,185.87
2004-11-29,9.600000143051147,3.6571429116385326,-3.1000000461936,90.31428706007344,3.1999999433755875,186.02
2004-12-06,8.00000011920929,2.2000000327825546,-1.80000002682209,92.61428709434611,3.90000007301569,186.07
2004-12-13,6.400000095367432,-0.8714285844138691,-7.400000110268593,90.97142992700849,0.0,186.14
2004-12-20,6.400000095367432,-0.2571428609745842,-6.70000009983778,90.58571563554662,19.49999976158142,186.18
2004-12-27,9.500000141561031,1.3428571628672736,-9.00000013411045,89.42857276116099,5.30000002682209,186.19
2005-01-03,9.00000013411045,2.9857143302048956,-2.600000038743019,88.77142989422593,5.999999895691872,186.21
2005-01-10,13.600000202655792,6.671428670840604,3.6000000536441803,80.70000120252371,3.3000000566244125,186.24
2005-01-17,11.10000016540289,2.528571466250079,-6.200000092387199,87.35714415886572,4.500000111758709,186.28
2005-01-24,10.500000156462193,2.8857143287147795,-2.1000000312924385,84.20000125467777,28.700000375509262,186.39
2005-01-31,5.700000084936619,-2.1142857457910265,-9.80000014603138,84.01428696619612,3.500000014901161,186.55
2005-02-07,7.300000108778477,1.2285714468785696,-6.000000089406967,75.87142970200095,7.700000017881393,186.72
2005-02-14,11.500000171363354,2.7000000402331352,-5.900000087916851,89.82857276712146,21.600000143051147,186.85
2005-02-21,3.700000055134296,-0.3285714334675244,-4.000000059604645,79.0428583206875,5.200000084936619,186.84
2005-02-28,2.1000000312924385,-2.8571428997176036,-11.000000163912771,77.18571543587106,4.6000001430511475,186.84
2005-03-07,4.700000070035458,-2.614285753241607,-10.000000149011612,69.30000103265047,0.6000000089406966,186.76
2005-03-14,7.900000117719173,2.842857185219015,-3.200000047683716,77.94285830429622,6.400000154972076,186.68
2005-03-21,20.500000305473804,10.057143007005964,-1.0000000149011612,67.32857243184533,0.1000000014901161,186.61
2005-03-28,17.600000262260437,10.671428730445248,1.0000000149011612,78.42857259724822,27.09999966621399,186.55
2005-04-04,19.60000029206276,9.757143002535615,-0.1000000014901161,63.15714379825762,2.0999999791383743,186.53
2005-04-11,15.600000232458116,8.14285726419517,1.600000023841858,74.12857253317323,12.899999976158142,186.5
2005-04-18,22.30000033229589,13.171428767698151,4.200000062584877,68.72857245270696,5.099999904632568,186.69
2005-04-25,19.000000283122063,9.514285856059619,-1.100000016391277,72.78571537030595,47.09999951720238,186.95
2005-05-02,28.000000417232517,14.48571450156825,2.1000000312924385,75.80000112950802,12.60000017285347,187.25
2005-05-09,21.50000032037497,10.15714300849608,2.7000000402331352,77.62857258532729,23.09999980032444,187.2
2005-05-16,18.6000002771616,10.200000151991844,1.100000016391277,70.98571534348386,25.899999991059303,187.13
2005-05-23,23.100000344216824,12.714285903743335,0.9000000134110451,73.61428681122405,28.700000122189522,187.09
2005-05-30,32.50000048428774,19.900000296533108,6.000000089406967,64.00000095367432,2.700000047683716,186.91
2005-06-06,27.80000041425228,14.742857362542834,6.400000095367432,68.35714387574366,5.200000084936619,186.68
2005-06-13,21.300000317394733,12.857143048729215,5.000000074505806,60.31428661303861,0.0,186.47
2005-06-20,31.100000463426117,19.485714576074056,8.400000125169754,65.00000096857548,1.7999999523162842,186.38
2005-06-27,32.30000048130751,22.785714625247888,13.500000201165676,60.15714375355414,2.9999998807907104,186.26
2005-07-04,31.000000461936,19.45714314707688,12.000000178813934,75.4571439815419,46.500000432133675,186.14
2005-07-11,28.50000042468309,16.985714538821153,8.00000011920929,71.74285821190902,17.40000031143427,186.06
2005-07-18,30.800000458955765,22.27142890329872,13.100000195205212,59.828572320086614,7.799999952316284,185.93
2005-07-25,25.700000382959843,16.91428596632821,9.500000141561031,72.0000010728836,18.800000071525574,185.86
2005-08-01,32.30000048130751,20.22857173000063,11.000000163912771,74.10000110417604,10.500000059604645,185.81
2005-08-08,23.600000351667404,15.471428801970822,9.100000135600569,74.42857253764357,13.700000196695328,185.72
2005-08-15,23.600000351667404,15.357143085982118,9.500000141561031,78.6714297437242,37.40000009536743,185.7
2005-08-22,28.10000041872263,18.700000278651714,10.80000016093254,76.74285828641483,11.700000382959844,185.66
2005-08-29,27.3000004068017,16.28571452839034,8.50000012665987,76.88571543140071,7.699999809265137,185.62
2005-09-05,30.500000454485416,20.24285744449922,11.000000163912771,68.32857244674649,0.0,185.59
2005-09-12,29.60000044107437,19.25714314409665,12.000000178813934,76.88571543140071,17.400000393390656,185.53
2005-09-19,22.800000339746475,13.171428767698151,3.500000052154064,77.17142972137246,12.700000382959844,185.51
2005-09-26,23.100000344216824,13.671428775148732,3.700000055134296,75.20000112056732,1.7999999523162842,185.49
2005-10-03,20.30000030249357,12.000000178813934,6.500000096857548,83.65714410373143,20.799999453127384,185.49
2005-10-10,22.30000033229589,13.728571633143085,6.900000102818012,85.04285841009447,0.1000000014901161,185.51
2005-10-17,19.60000029206276,9.72857157353844,1.700000025331974,80.70000120252371,0.0,185.55
2005-10-24,17.30000025779009,10.700000159442425,1.3000000193715096,89.38571561766523,16.29999965429306,185.58
2005-10-31,20.000000298023224,11.942857320819583,4.700000070035458,86.45714414545468,1.899999976158142,185.61
2005-11-07,17.80000026524067,9.757143002535615,1.80000002682209,91.24285850248167,16.80000029504299,185.64
2005-11-14,14.800000220537186,7.371428681271417,1.700000025331974,88.01428702580077,0.7000000104308128,185.69
2005-11-21,7.000000104308128,2.9428571867091313,-3.700000055134296,89.38571561766523,10.399999886751175,185.75
2005-11-28,3.700000055134296,0.7142857249294009,-2.7000000402331352,87.91428702431065,6.8999999538064,185.8
2005-12-05,7.700000114738941,2.2285714617797305,-4.700000070035458,87.72857273582902,12.300000384449959,185.83
2005-12-12,5.700000084936619,1.5142857368503297,-4.90000007301569,92.44285852036306,1.8999999910593033,185.85
2005-12-19,9.500000141561031,2.271428605275495,-3.500000052154064,89.3000013306737,7.999999962747097,185.88
2005-12-26,6.200000092387199,2.8571428997176036,-2.7000000402331352,91.47142993445907,12.19999972730875,185.96
2006-01-02,4.90000007301569,-1.0428571583969253,-5.200000077486038,90.61428706454379,3.4000000804662704,185.99
2006-01-09,3.200000047683716,0.1714285739830562,-5.500000081956387,87.70000130683184,0.0,186.03
2006-01-16,1.3000000193715096,-3.1285714751907756,-9.900000147521496,92.20000137388706,2.999999910593033,186.1
2006-01-23,6.000000089406967,-0.20000000298023224,-9.100000135600569,89.85714419611863,9.000000268220901,186.08
2006-01-30,2.800000041723252,-4.271428635077817,-10.600000157952309,76.38571542395013,1.100000023841858,186.06
2006-02-06,2.600000038743019,-2.7857143272246634,-9.3000001385808,93.37142996277127,0.7000000253319739,186.07
2006-02-13,4.500000067055225,1.1571428743856293,-5.200000077486038,85.41428698705775,6.700000151991844,186.18
2006-02-20,9.500000141561031,3.957142916108881,-1.80000002682209,87.84285845181772,21.099999606609344,186.29
2006-02-27,4.500000067055225,-0.5428571509463446,-6.900000102818012,79.1571440366762,5.999999798834324,186.39
2006-03-06,4.400000065565109,-1.4714285933545657,-8.50000012665987,88.00000131130219,7.499999858438969,186.42
2006-03-13,7.700000114738941,-0.028571428997176036,-8.100000120699406,82.00000122189522,18.599999763071537,186.49
2006-03-20,13.40000019967556,0.5142857219491684,-8.600000128149986,77.51428686933858,0.1000000014901161,186.56
2006-03-27,16.800000250339508,6.371428666370256,-3.1000000461936,76.4285725674459,11.79999989271164,186.65
2006-04-03,15.100000225007534,8.985714419611863,3.400000050663948,82.70000123232603,43.29999995231629,187.16
2006-04-10,14.600000217556952,5.800000086426735,-2.600000038743019,64.24285810015031,0.8999999761581421,187.03
2006-04-17,13.800000205636024,7.914285832217762,-2.200000032782554,82.7428583758218,18.200000047683716,186.94
2006-04-24,21.300000317394733,10.942857305918421,2.1000000312924385,69.27142960365329,1.100000023841858,186.82
2006-05-01,20.800000309944156,9.928571576518673,1.3000000193715096,77.88571544630187,10.799999818205833,186.56
2006-05-08,24.8000003695488,15.971428809421402,6.000000089406967,53.80000080168247,0.0,186.51
2006-05-15,24.8000003695488,14.928571651024479,5.200000077486038,66.01428669797522,9.399999976158142,186.536666666667
2006-05-22,23.100000344216824,14.042857352112021,7.800000116229057,78.85714403220585,38.799999952316284,186.563333333333
2006-05-29,18.30000027269125,11.81428589033229,2.600000038743019,81.24285835347006,34.500000059604645,186.59
2006-06-05,17.100000254809856,10.185714437493257,3.700000055134296,73.90000110119581,7.199999898672104,186.45
2006-06-12,27.3000004068017,16.41428595887763,3.700000055134296,62.142858068857876,0.0,186.33
2006-06-19,30.70000045746565,19.75714315154723,7.500000111758709,69.68571532411235,8.900000154972076,186.18
2006-06-26,31.000000461936,19.128571713609354,8.00000011920929,69.68571532411235,38.900001525878906,186.14
2006-07-03,28.60000042617321,19.700000293552876,12.000000178813934,66.82857242439475,2.200000047683716,186.2
2006-07-10,32.100000478327274,21.40000031888485,13.40000019967556,74.18571539116758,9.100000195205212,186.15
2006-07-17,31.300000466406345,21.485714605876378,11.30000016838312,60.85714376398495,38.399998486042016,186.11
2006-07-24,35.200000524520874,24.21428607510669,13.100000195205212,60.271429469542845,10.100000023841858,185.75
2006-07-31,34.20000050961971,22.885714626738004,14.300000213086603,68.70000102370977,49.40000057220459,185.65
2006-08-07,25.80000038444996,17.571428833263262,10.600000157952309,74.58571539712804,17.30000052601099,185.58
2006-08-14,21.60000032186508,14.357143071080957,7.200000107288361,79.00000117719173,8.200000151991844,185.46
2006-08-21,25.80000038444996,16.50000024586916,10.600000157952309,82.41428694235427,25.199999675154686,185.42
2006-08-28,22.000000327825543,14.828571649534362,9.3000001385808,84.08571553868907,21.79999953508377,185.36
2006-09-04,24.300000362098217,16.385714529880456,7.500000111758709,78.14285830727646,8.599999964237213,185.33
2006-09-11,27.000000402331352,16.614285961857863,6.500000096857548,74.0428582461817,0.0,185.3
2006-09-18,27.700000412762165,19.000000283122063,11.500000171363354,74.08571538967746,1.300000049173832,185.26
2006-09-25,26.100000388920307,16.057143096412933,7.700000114738941,76.51428685443742,0.1000000014901161,185.21
2006-10-02,22.100000329315662,15.300000227987766,8.400000125169754,84.02857268069472,10.900000154972076,185.17
2006-10-09,18.100000269711018,11.74285731783935,3.200000047683716,86.40000128746033,20.700000286102295,185.05
2006-10-16,20.500000305473804,12.057143036808286,2.200000032782554,85.82857270751681,0.0,185.05
2006-10-23,18.6000002771616,12.157143038298402,1.0000000149011612,85.2428584130747,11.599999599158762,185.06
2006-10-30,21.300000317394733,13.314285912684031,6.400000095367432,81.20000120997429,1.600000023841858,185.07
2006-11-06,13.40000019967556,6.542857240353312,-2.1000000312924385,82.47142980034862,4.500000059604645,185.09
2006-11-13,12.500000186264517,6.471428667860372,0.4000000059604645,86.02857271049704,13.699999809265137,185.11
2006-11-20,16.300000242888927,9.742857288037028,2.7000000402331352,85.31428698556763,9.500000037252903,185.21
2006-11-27,15.300000227987766,8.085714406200818,0.9000000134110451,89.6571441931384,18.50000025331974,185.3
2006-12-04,12.800000190734863,6.828571530325072,3.200000047683716,90.1285727715918,5.499999970197678,185.39
2006-12-11,14.500000216066836,7.285714394279888,0.2000000029802322,83.64285838923284,9.400000251829624,185.46
2006-12-18,8.300000123679638,4.014285774103233,-1.3000000193715096,91.51428707795483,3.19999997317791,185.54
2006-12-25,6.500000096857548,2.7000000402331352,-1.100000016391277,88.54285846224853,0.2000000029802322,185.57
2007-01-01,11.400000169873238,2.7714286127260754,-4.500000067055225,87.8571441663163,13.100000023841858,185.65
2007-01-08,10.000000149011612,6.571428669350488,0.0,87.78571559382337,11.499999821186066,185.51
2007-01-15,13.800000205636024,7.700000114738941,-2.3000000342726707,80.88571549100536,16.39999996870756,185.4
2007-01-22,14.300000213086603,7.042857247803893,-2.500000037252903,82.3857155133571,29.900000028312206,185.27
2007-01-29,8.400000125169754,-0.4285714349576405,-10.000000149011612,76.84285828790495,1.900000013411045,185.31
2007-02-05,10.000000149011612,5.085714361497334,-2.500000037252903,83.85714410671166,0.0,185.78
2007-02-12,9.600000143051147,3.2428571911794797,-1.700000025331974,90.81428706752402,23.600000143051147,186.2
2007-02-19,10.000000149011612,4.685714355536869,-2.500000037252903,81.82857264791217,8.00000011920929,186.47
2007-02-26,12.4000001847744,5.628571512443679,-1.100000016391277,88.62857274924006,9.50000000745058,186.5
2007-03-05,12.90000019222498,6.614285812846252,0.0,80.1285726225802,24.2999999076128,186.72
2007-03-12,15.600000232458116,6.257142950381551,-0.800000011920929,78.65714402922562,8.199999809265137,186.7
2007-03-19,15.500000230968,6.571428669350488,-1.3000000193715096,75.12857254807439,7.000000238418579,186.69
2007-03-26,17.100000254809856,5.271428649978978,-3.700000055134296,77.51428686933858,18.299999833106995,186.8
2007-04-02,17.50000026077032,10.028571578008789,1.600000023841858,60.30000089854002,1.700000025331974,186.67
2007-04-09,18.50000027567148,8.071428691702229,-2.200000032782554,67.25714385935238,0.3000000119209289,186.59
2007-04-16,26.700000397861004,15.114285939506122,3.500000052154064,61.128572339458124,0.0,186.45
2007-04-23,23.80000035464764,10.842857304428305,-0.2000000029802322,60.72857233349766,0.0,186.27
2007-04-30,27.200000405311584,16.91428596632821,5.200000077486038,54.628572242600576,0.0,186.07
2007-05-07,24.8000003695488,14.685714504548482,3.400000050663948,48.98571501565831,6.199999809265137,186.04
2007-05-14,22.800000339746475,13.785714491137437,7.000000104308128,75.02857254658427,14.300000309944153,186.01
2007-05-21,28.300000421702865,13.800000205636024,2.600000038743019,78.04285830578634,9.299999989569187,185.98
2007-05-28,29.700000442564487,18.342857416187012,8.900000132620335,77.87142973180327,38.40000081062317,185.93
2007-06-04,24.100000359117985,14.785714506038598,3.700000055134296,74.60000111162663,18.100000023841858,185.92
2007-06-11,30.200000450015068,20.7428574519498,12.90000019222498,70.12857247356858,0.400000013411045,185.86
2007-06-18,28.000000417232517,18.500000275671482,11.30000016838312,75.00000111758709,39.39999929815531,185.85
2007-06-25,27.700000412762165,17.614285976759025,11.000000163912771,80.1285726225802,53.09999857097864,185.99
2007-07-02,23.80000035464764,15.357143085982118,8.900000132620335,74.70000111311674,18.70000034570694,186.08
2007-07-09,23.600000351667404,15.257143084492002,8.900000132620335,75.40000112354755,19.00000023841858,186.26
2007-07-16,34.1000005081296,19.30000028759241,8.900000132620335,71.8857153568949,5.199999898672104,186.14
2007-07-23,27.500000409781933,18.67142884965454,9.3000001385808,74.17142967666898,16.50000035762787,186.05
2007-07-30,26.80000039935112,16.85714310833386,8.00000011920929,72.90000108629465,20.30000028759241,185.98
2007-08-06,29.700000442564487,16.71428596334798,6.200000092387199,68.18571530176061,1.8999999538064003,186.2
2007-08-13,24.100000359117985,17.528571689767496,9.80000014603138,81.7857155044164,76.20000004768372,186.4
2007-08-20,25.80000038444996,17.171428827302798,8.400000125169754,74.14285824767181,8.700000025331974,186.38
2007-08-27,27.000000402331352,17.414285973778792,9.3000001385808,77.80000115931034,25.5,186.35
2007-09-03,19.60000029206276,14.328571642083782,6.000000089406967,74.67142968411956,6.899999767541885,186.31
2007-09-10,19.30000028759241,12.942857335720744,5.900000087916851,78.12857259277787,4.8999999314546585,186.26
2007-09-17,21.60000032186508,13.4714287721685,4.000000059604645,77.40000115334988,7.800000011920929,186.22
2007-09-24,23.80000035464764,12.414285899272986,3.9000000581145287,77.31428686635834,5.500000096857548,186.2
2007-10-01,18.6000002771616,11.500000171363354,4.700000070035458,85.82857270751681,42.399999246001244,186.15
2007-10-08,21.300000317394733,12.214285896292754,3.700000055134296,85.74285842052528,0.1000000014901161,186.1
2007-10-15,16.600000247359276,9.80000014603138,1.0000000149011612,81.24285835347006,0.0,186.06
2007-10-22,17.600000262260437,6.757142957832132,-1.3000000193715096,82.81428694831473,5.499999925494194,186.04
2007-10-29,9.900000147521496,6.657142956342016,1.100000016391277,81.82857264791217,2.299999952316284,186.0
2007-11-05,13.300000198185444,7.371428681271417,0.5000000074505806,87.00000129640102,2.1999999955296516,186.07
2007-11-12,11.000000163912771,6.128571519894259,1.80000002682209,82.40000122785568,27.29999965429306,186.11
2007-11-19,5.000000074505806,1.8571428848164422,-5.200000077486038,84.05714410969189,6.9000000059604645,186.13
2007-11-26,8.00000011920929,3.9142857726131166,-1.600000023841858,86.12857271198716,12.399999901652336,186.1
2007-12-03,9.400000140070915,3.9285714871117046,-2.0000000298023224,88.78571560872453,19.600000023841858,186.2
2007-12-10,12.600000187754633,6.685714385339192,2.3000000342726707,85.10000126808882,24.20000010728836,186.28
2007-12-17,6.000000089406967,1.58571430934327,-3.9000000581145287,76.80000114440918,0.3000000119209289,186.36
2007-12-24,2.0000000298023224,-3.7000000551342964,-7.700000114738941,90.87142992551837,0.2000000029802322,186.47
2007-12-31,4.700000070035458,0.014285714498587985,-4.200000062584877,96.17143000449452,2.1000000089406967,186.4
2008-01-07,8.50000012665987,0.9428571569068092,-4.000000059604645,84.55714411714247,11.30000002682209,186.32
2008-01-14,10.600000157952309,3.7285714841314723,-1.80000002682209,86.91428700940949,0.8000000268220901,186.36
2008-01-21,13.100000195205212,8.528571555657047,3.700000055134296,81.71428693192345,7.999999895691872,186.31
2008-01-28,8.800000131130219,4.700000070035458,-3.200000047683716,79.2857154671635,0.3000000044703483,186.29
2008-02-04,6.200000092387199,1.8285714558192663,-4.500000067055225,83.51428695874554,7.200000092387199,186.3
2008-02-11,12.500000186264517,4.071428632097585,-2.600000038743019,80.0000011920929,11.099999904632568,186.33
2008-02-18,10.100000150501728,-0.1714285739830562,-8.00000011920929,77.90000116080046,0.2000000029802322,186.35
2008-02-25,13.300000198185444,5.285714364477566,-3.9000000581145287,85.77142984952245,3.9000000730156903,186.29
2008-03-03,14.300000213086603,7.700000114738941,-1.3000000193715096,76.92857257489648,28.700000524520874,186.55
2008-03-10,11.500000171363354,4.228571491582053,-3.700000055134296,74.37142967964921,2.9000000059604645,186.67
2008-03-17,12.800000190734863,6.885714388319424,-2.0000000298023224,77.21428686486823,32.499999701976776,186.71
2008-03-24,7.300000108778477,1.4714285933545657,-6.500000096857548,79.62857261512961,14.200000062584877,186.77
2008-03-31,20.10000029951334,6.0428572329027315,-2.200000032782554,72.78571537030595,4.999999940395355,186.98
2008-04-07,16.100000239908695,5.585714368947914,-0.4000000059604645,83.50000124424696,30.79999965429306,187.13
2008-04-14,13.500000201165676,6.071428661899907,-0.5000000074505806,83.68571553272861,17.50000011920929,187.18
2008-04-21,15.800000235438349,7.385714395770004,0.4000000059604645,71.15714391746691,5.300000011920929,187.05
2008-04-28,20.60000030696392,11.38571445537465,3.500000052154064,69.58571532262224,7.4000000804662704,186.98
2008-05-05,20.30000030249357,11.52857160036053,2.7000000402331352,66.00000098347664,1.800000011920929,186.66
2008-05-12,25.50000037997961,16.814285964838096,6.400000095367432,52.30000077933073,0.0,186.43
2008-05-19,25.100000374019142,15.34285737148353,7.500000111758709,67.04285814187357,7.200000144541264,186.32
2008-05-26,23.100000344216824,15.242857369993414,7.700000114738941,63.5428580897195,2.7000000029802322,186.2
2008-06-02,29.700000442564487,20.271428873496397,12.500000186264517,75.50000112503767,50.20000010728836,186.53
2008-06-09,27.3000004068017,18.771428851144655,9.900000147521496,67.67142957981143,24.700000524520874,186.37
2008-06-16,27.3000004068017,13.98571449411767,6.500000096857548,69.67142960961375,11.19999960064888,186.16
2008-06-23,29.800000444054604,17.985714553722314,6.200000092387199,62.72857236329998,6.400000192224979,186.03
2008-06-30,27.000000402331352,18.485714561172895,9.3000001385808,65.84285812399217,7.300000190734863,185.87
2008-07-07,32.20000047981739,19.357143145586765,7.800000116229057,63.45714380272797,2.100000061094761,185.76
2008-07-14,29.60000044107437,16.942857395325387,7.200000107288361,69.15714388766459,8.700000084936619,185.76
2008-07-21,27.3000004068017,15.885714522429875,6.800000101327896,74.32857253615346,10.999999836087227,185.68
2008-07-28,32.00000047683716,20.628571735961096,9.500000141561031,62.814286650291514,5.40000007301569,185.63
2008-08-04,31.000000461936,21.52857174937214,13.500000201165676,64.71428667860371,20.699999809265137,185.56
2008-08-11,31.300000466406345,18.842857423637593,12.000000178813934,68.05714387127331,26.59999991208315,185.45
2008-08-18,25.300000376999375,16.728571677846567,7.300000108778477,70.92857248548951,6.999999836087227,185.31
2008-08-25,23.100000344216824,16.28571452839034,9.100000135600569,76.3000011369586,8.60000005364418,185.24
2008-09-01,27.3000004068017,17.95714312472514,10.500000156462193,73.3142868067537,3.900000095367432,185.16
2008-09-08,23.100000344216824,15.542857374463763,9.00000013411045,78.17142973627362,11.900000035762787,185.11
2008-09-15,26.30000039190054,14.500000216066837,5.4000000804662704,75.90000113099813,29.50000035762787,185.16
2008-09-22,17.80000026524067,9.871428718524319,2.3000000342726707,71.82857249890056,7.0,185.18
2008-09-29,18.50000027567148,10.385714440473489,3.500000052154064,81.98571550739663,4.200000017881393,185.22
2008-10-06,15.600000232458116,9.642857286546912,3.200000047683716,82.04285836539098,23.799999698996544,185.31
2008-10-13,19.30000028759241,12.10000018030405,4.700000070035458,87.72857273582902,0.9000000208616256,185.39
2008-10-20,17.30000025779009,8.700000129640102,0.9000000134110451,87.52857273284879,8.599999956786633,185.41
2008-10-27,17.30000025779009,7.757142972733293,-0.2000000029802322,88.07142988379512,14.600000388920307,185.51
2008-11-03,13.300000198185444,6.028571518404143,1.80000002682209,89.1714299001864,6.700000025331974,185.56
2008-11-10,14.600000217556952,9.557142999555383,2.0000000298023224,85.88571556551116,4.699999809265137,185.59
2008-11-17,14.300000213086603,6.514285811356136,-0.5000000074505806,87.52857273284879,3.3999998942017555,185.65
2008-11-24,10.500000156462193,3.400000050663948,-5.500000081956387,85.94285842350551,23.499999523162842,185.71
2008-12-01,4.400000065565109,0.4000000059604645,-6.200000092387199,91.70000136643648,0.7000000178813934,185.79
2008-12-08,6.800000101327896,2.4285714647599628,-2.7000000402331352,92.71428709583623,16.09999978542328,185.81
2008-12-15,5.000000074505806,0.4142857204590525,-3.200000047683716,91.85714422592095,0.2000000029802322,185.84
2008-12-22,9.500000141561031,3.4571429086583003,-1.0000000149011612,92.60000137984753,8.70000010728836,185.87
2008-12-29,6.900000102818012,0.028571428997176036,-6.200000092387199,80.77142977501664,0.2000000029802322,185.89
2009-01-05,0.2000000029802322,-3.985714345106057,-9.900000147521496,85.58571556104081,5.0,185.94
2009-01-12,-3.700000055134296,-10.30000015348196,-19.30000028759241,80.92857263450112,0.0,185.9
2009-01-19,7.400000110268593,-1.3142857338700975,-10.400000154972076,89.50000133365393,9.399999797344208,185.98
2009-01-26,6.70000009983778,1.2285714468785696,-4.700000070035458,88.37142988826547,21.099999263882637,186.03
2009-02-02,4.700000070035458,-0.14285714498588015,-3.700000055134296,76.60000114142895,0.0,186.11
2009-02-09,6.70000009983778,1.0714285873941012,-3.9000000581145287,90.20000134408474,18.199999503791332,186.21
2009-02-16,6.000000089406967,0.2285714319774082,-8.00000011920929,85.97142985250268,13.400000169873238,186.29
2009-02-23,6.800000101327896,1.4285714498588018,-7.300000108778477,84.24285839817354,7.599999859929085,186.34
2009-03-02,11.400000169873238,5.585714368947914,-2.800000041723252,82.81428694831473,2.299999952316284,186.38
2009-03-09,11.60000017285347,4.628571497542517,-1.3000000193715096,79.8714297616056,21.699999570846558,186.44
2009-03-16,12.600000187754633,6.028571518404143,1.3000000193715096,81.82857264791217,6.0,186.5
2009-03-23,11.900000177323818,4.385714351066521,-4.700000070035458,67.65714386531285,4.899999812245369,186.42
2009-03-30,11.30000016838312,4.557142925049577,-2.800000041723252,80.828572633011,11.599999956786633,186.37
2009-04-06,20.10000029951334,11.514285885861941,-1.3000000193715096,65.55714383402041,0.0,186.28
2009-04-13,24.300000362098217,14.857143078531537,6.000000089406967,62.72857236329998,0.4000000059604644,186.23
2009-04-20,24.00000035762787,12.657143045748983,5.000000074505806,71.54285820892879,21.299999952316284,186.29
2009-04-27,21.1000003144145,12.200000181794167,2.600000038743019,65.31428668754441,10.100000143051147,186.21
2009-05-04,22.500000335276127,11.157143023397241,4.000000059604645,80.32857262556043,16.79999977350235,186.3
2009-05-11,21.000000312924385,12.557143044258867,3.700000055134296,78.84285831770727,51.89999866485596,186.39
2009-05-18,23.500000350177288,13.4714287721685,6.500000096857548,77.05714400538376,27.100000381469727,186.46
2009-05-25,29.300000436604023,17.028571682316915,4.500000067055225,68.67142959471259,5.999999970197678,186.485
2009-06-01,24.300000362098217,14.957143080021654,4.200000062584877,68.50000102072954,1.0000000149011612,186.51
2009-06-08,25.100000374019142,12.285714468785695,5.200000077486038,67.97142958428178,14.000000178813934,186.35
2009-06-15,26.00000038743019,14.757143077041421,4.200000062584877,77.014286861888,39.39999985694885,186.27
2009-06-22,22.600000336766243,14.11428592460496,5.900000087916851,77.60000115633011,14.900000154972076,186.18
2009-06-29,27.80000041425228,19.30000028759241,9.80000014603138,70.04285818657705,1.800000011920929,186.08
2009-07-06,30.100000448524952,21.728571752352373,13.000000193715096,70.68571533901351,4.30000002682209,185.96
2009-07-13,26.600000396370888,16.00000023841858,10.30000015348196,76.71428685741765,22.200000122189522,185.88
2009-07-20,28.000000417232517,18.285714558192662,10.900000162422655,75.1000011190772,17.299999713897705,185.79
2009-07-27,28.50000042468309,18.971428854124888,9.3000001385808,73.14285823277065,34.400000393390656,185.74
2009-08-03,27.3000004068017,18.028571697218077,9.3000001385808,65.37142954553876,6.299999818205833,185.65
2009-08-10,29.800000444054604,20.18571458650487,9.500000141561031,66.1571438429611,10.400000393390657,185.51
2009-08-17,31.80000047385693,18.985714568623475,10.30000015348196,74.20000110566616,9.900000154972076,185.4
2009-08-24,34.30000051110983,19.30000028759241,8.900000132620335,67.55714386382273,15.700000002980232,185.33
2009-08-31,28.60000042617321,17.442857402775967,4.90000007301569,69.04285817167589,1.7999999523162842,185.25
2009-09-07,30.200000450015068,15.114285939506122,6.400000095367432,75.64285827002355,16.4000004529953,185.21
2009-09-14,26.700000397861004,14.828571649534362,7.900000117719173,75.44285826704332,15.299999713897703,185.21
2009-09-21,24.100000359117985,16.528571674866335,10.100000150501728,79.78571547461408,2.5,185.22
2009-09-28,22.800000339746475,13.800000205636024,5.500000081956387,79.35714403965643,0.1000000014901161,185.23
2009-10-05,19.500000290572643,12.300000183284283,4.200000062584877,81.71428693192345,10.89999983459711,185.26
2009-10-12,23.300000347197056,12.985714479216508,4.700000070035458,84.74285840562412,28.39999971538782,185.33
2009-10-19,11.60000017285347,4.642857212041106,-2.500000037252903,79.10000117868185,2.2000000402331352,185.41
2009-10-26,16.300000242888927,7.414285824767181,-2.0000000298023224,85.15714412608317,3.000000096857548,185.48
2009-11-02,13.100000195205212,7.585714398750237,1.0000000149011612,90.54285849205085,15.800000429153444,185.61
2009-11-09,10.400000154972076,6.9428572463137765,3.6000000536441803,88.77142989422593,25.799999482929707,185.69
2009-11-16,12.600000187754633,7.471428682761533,3.000000044703484,92.14285851589271,14.000000201165676,185.77
2009-11-23,13.40000019967556,8.871428703623158,1.100000016391277,84.98571555210012,17.099999725818634,185.91
2009-11-30,13.100000195205212,8.700000129640102,4.700000070035458,78.85714403220585,6.900000095367432,186.05
2009-12-07,9.3000001385808,5.057142932500158,0.1000000014901161,87.75714416482619,10.899999983608723,186.1
2009-12-14,9.500000141561031,3.400000050663948,-3.6000000536441803,86.00000128149986,16.200000166893005,186.27
2009-12-21,0.800000011920929,-6.485714382358959,-17.30000025779009,85.61428699003798,8.099999882280827,186.41
2009-12-28,7.000000104308128,1.4571428788559777,-3.200000047683716,92.0428585144026,12.699999868869781,186.51
2010-01-04,6.800000101327896,-0.35714286246470045,-11.30000016838312,90.28571563107627,23.700000643730164,186.65
2010-01-11,-2.0000000298023224,-5.285714364477566,-13.600000202655792,85.85714413651398,5.700000002980232,186.55
2010-01-18,4.700000070035458,-1.2857143048729216,-8.900000132620335,90.52857277755227,8.099999964237213,186.41
2010-01-25,4.000000059604645,-0.5571428654449326,-4.700000070035458,89.52857276265111,7.200000107288361,186.48
2010-02-01,3.000000044703484,-2.842857185219015,-14.300000213086603,87.80000130832195,10.599999994039536,186.5
2010-02-08,4.500000067055225,-0.20000000298023224,-7.300000108778477,93.28571567577976,12.100000210106373,186.54
2010-02-15,-0.9000000134110451,-4.100000061094761,-7.400000110268593,83.44285838625261,4.800000034272671,186.64
2010-02-22,8.800000131130219,0.25714286097458433,-10.900000162422655,86.65714414843491,7.10000005364418,186.6
2010-03-01,11.900000177323818,6.500000096857548,-1.3000000193715096,80.97142977799687,19.700000263750553,186.67
2010-03-08,7.500000111758709,-0.828571440918105,-9.3000001385808,70.55714390852621,5.300000190734863,186.7
2010-03-15,7.500000111758709,1.757142883326326,-6.200000092387199,70.15714390256575,2.300000049173832,186.64
2010-03-22,17.600000262260437,8.957142990614686,-0.5000000074505806,76.55714399793318,15.499999679625034,186.66
2010-03-29,19.80000029504299,9.285714424082212,2.200000032782554,79.84285833260843,14.500000193715096,186.76
2010-04-05,17.600000262260437,7.571428684251649,-2.1000000312924385,71.34285820594856,4.200000084936619,186.68
2010-04-12,19.30000028759241,8.814285845628806,1.80000002682209,66.62857242141452,0.6000000089406967,186.64
2010-04-19,20.500000305473804,9.614285857549735,-1.3000000193715096,60.58571518851178,0.1000000014901161,186.5
2010-04-26,23.100000344216824,10.114285865000316,-3.200000047683716,55.82857226048197,4.0,186.35
2010-05-03,25.100000374019142,12.914285906723567,3.6000000536441803,70.61428676652056,3.700000025331974,186.28
2010-05-10,15.000000223517418,8.00000011920929,1.0000000149011612,78.58571545673269,25.799999713897705,186.27
2010-05-17,16.600000247359276,9.200000137090683,3.200000047683716,76.55714399793318,15.400000333786013,186.26
2010-05-24,26.30000039190054,13.54285734466144,6.400000095367432,72.32857250635114,12.800000190734863,186.29
2010-05-31,22.000000327825543,13.514285915664264,5.4000000804662704,75.97142970349107,19.600000217556953,186.24
2010-06-07,28.300000421702865,17.00000025331974,7.500000111758709,67.3571438608425,10.399999856948853,186.26
2010-06-14,28.10000041872263,17.92857169572796,7.700000114738941,74.44285825214216,64.09999926388264,186.23
2010-06-21,23.000000342726707,14.25714306959084,5.500000081956387,64.31428667264325,0.3000000119209289,186.19
2010-06-28,30.00000044703484,18.785714565643243,4.200000062584877,59.70000088959932,0.0,186.14
2010-07-05,34.60000051558018,22.585714622267655,13.100000195205212,62.7142866488014,4.799999989569187,185.96
2010-07-12,35.700000531971455,23.242857489202702,8.50000012665987,56.785715131887365,0.800000011920929,185.81
2010-07-19,34.00000050663948,21.128571743411676,10.80000016093254,60.41428661452873,18.299999952316284,185.66
2010-07-26,33.70000050216913,19.25714314409665,6.500000096857548,68.17142958726201,16.299999952316284,185.52
2010-08-02,27.3000004068017,18.0000002682209,9.600000143051147,73.88571538669723,23.800000429153442,185.48
2010-08-09,25.300000376999375,17.30000025779009,8.600000128149986,71.57142963792596,5.100000016391277,185.44
2010-08-16,27.200000405311584,17.485714546271733,10.80000016093254,79.77142976011548,32.90000060200691,185.42
2010-08-23,30.100000448524952,18.0000002682209,9.00000013411045,80.21428690957171,22.5999995470047,185.41
2010-08-30,23.100000344216824,15.157143083001886,7.500000111758709,78.54285831323692,31.70000070333481,185.43
2010-09-06,19.80000029504299,13.214285911193915,5.700000084936619,74.92857254509416,0.3000000044703483,185.44
2010-09-13,23.600000351667404,14.214285926095076,10.000000149011612,85.85714413651398,32.200000047683716,185.48
2010-09-20,19.500000290572643,12.228571610791343,3.000000044703484,78.5571440277355,4.000000052154064,185.5
2010-09-27,22.800000339746475,12.185714467295579,3.700000055134296,84.54285840264389,12.90000043064356,185.51
2010-10-04,21.1000003144145,11.95714303531817,5.000000074505806,87.9857155968036,8.60000005364418,185.54
2010-10-11,19.60000029206276,12.67142876024757,3.700000055134296,78.01428687678916,0.0,185.56
2010-10-18,13.600000202655792,6.671428670840604,-0.5000000074505806,83.78571553421872,10.500000298023224,185.57
2010-10-25,10.600000157952309,4.742857213531222,-1.700000025331974,84.08571553868907,6.699999988079071,185.59
2010-11-01,17.30000025779009,7.771428687231881,-2.800000041723252,80.95714406349829,0.800000011920929,185.64
2010-11-08,17.600000262260437,10.071428721504551,3.200000047683716,83.72857267622437,7.30000002682209,185.68
2010-11-15,17.30000025779009,9.385714425572328,2.7000000402331352,82.7428583758218,30.100000478327274,185.74
2010-11-22,8.900000132620335,4.985714360007218,-0.2000000029802322,86.75714414992503,3.0000000596046448,185.81
2010-11-29,5.500000081956387,0.028571428997176036,-4.000000059604645,88.52857274774995,8.300000064074993,185.88
2010-12-06,0.4000000059604645,-4.6000000685453415,-9.600000143051147,85.78571556402105,2.599999912083149,185.89
2010-12-13,5.500000081956387,0.1714285739830562,-6.200000092387199,86.10000128298998,17.300000086426735,185.97
2010-12-20,3.700000055134296,-3.9142857726131166,-10.400000154972076,86.42857271645751,21.100000262260437,186.04
2010-12-27,2.200000032782554,-3.057142902697836,-13.40000019967556,91.00000135600567,16.399999655783176,186.12
2011-01-03,2.600000038743019,-2.1428571747882024,-6.200000092387199,90.28571563107627,0.6000000089406967,186.21
2011-01-10,13.000000193715096,1.8428571703178542,-8.00000011920929,91.34285850397178,21.29999989271164,186.25
2011-01-17,11.900000177323818,6.200000092387199,-1.100000016391277,89.71428705113274,9.20000009983778,186.29
2011-01-24,9.500000141561031,1.685714310833386,-1.3000000193715096,85.3571441290634,4.599999979138374,186.33
2011-01-31,3.500000052154064,-1.4857143078531538,-8.50000012665987,80.58571548653501,2.0,186.38
2011-02-07,10.100000150501728,2.8142857562218393,-7.200000107288361,83.25714409777096,2.9000000953674316,186.45
2011-02-14,10.80000016093254,3.8857143436159407,-4.200000062584877,88.04285845479795,21.200000144541264,186.45
2011-02-21,8.50000012665987,0.5428571509463447,-6.70000009983778,82.3714297988585,0.8999999761581421,186.48
2011-02-28,8.900000132620335,0.5142857219491687,-10.500000156462193,78.28571545226234,3.300000049173832,186.4
2011-03-07,9.80000014603138,2.257142890776907,-4.700000070035458,61.185715197452474,0.0,186.34
2011-03-14,14.900000222027302,6.900000102818012,-4.000000059604645,70.95714391448668,1.8000000044703484,186.27
2011-03-21,17.30000025779009,6.328571522874491,-4.000000059604645,72.85714394279888,6.200000077486038,186.21
2011-03-28,18.50000027567148,8.100000120699406,-2.3000000342726707,65.60000097751617,0.0,186.15
2011-04-04,23.100000344216824,10.88571444792407,-1.5000000223517418,76.7857154299106,11.200000151991844,186.05
2011-04-11,22.500000335276127,12.54285732976028,1.3000000193715096,65.08571525556701,0.3000000119209289,185.97
2011-04-18,19.000000283122063,9.114285850099154,0.2000000029802322,59.31428659813745,2.0999999046325684,185.88
2011-04-25,25.80000038444996,15.671428804951054,2.800000041723252,51.05714361795357,0.0,185.8
2011-05-02,22.500000335276127,13.014285908213683,3.700000055134296,64.80000096559525,10.099999964237213,185.78
2011-05-09,26.600000396370888,12.985714479216508,-0.6000000089406967,51.68571505589144,0.0,185.55
2011-05-16,26.200000390410423,13.928571636123317,2.1000000312924385,61.91428663688047,2.3000000044703484,185.48
2011-05-23,26.30000039190054,16.700000248849392,6.200000092387199,64.07142952616725,2.600000001490116,185.5
2011-05-30,31.000000461936,16.014285952917167,2.600000038743019,51.7428579138858,0.2000000029802322,185.43
2011-06-06,29.800000444054604,18.128571698708193,9.900000147521496,64.48571524662631,24.699999809265137,185.4
2011-06-13,26.00000038743019,15.728571662945408,7.300000108778477,68.52857244972672,14.09999980032444,185.36
2011-06-20,25.80000038444996,16.04285738191434,7.000000104308128,74.5142868246351,17.800000317394733,185.29
2011-06-27,29.700000442564487,16.814285964838096,8.300000123679638,77.24285829386541,10.5,185.23
2011-07-04,32.20000047981739,16.885714537331037,8.100000120699406,68.60000102221966,9.099999904632568,185.19
2011-07-11,28.60000042617321,19.47142886157547,10.600000157952309,63.314286657742095,2.600000023841858,185.07
2011-07-18,29.200000435113907,16.814285964838096,7.000000104308128,71.0571439159768,21.300000429153442,185.04
2011-07-25,24.00000035762787,14.814285935035773,7.000000104308128,77.88571544630187,13.099999606609344,185.02
2011-08-01,24.50000036507845,16.385714529880456,7.400000110268593,76.9000011458993,17.799999594688416,185.01
2011-08-08,28.10000041872263,18.900000281631947,11.800000175833702,78.6714297437242,35.10000014305115,184.99
2011-08-15,24.300000362098217,16.971428824322565,9.600000143051147,76.71428685741765,10.500000298023224,184.98
2011-08-22,29.200000435113907,19.428571718079702,9.00000013411045,75.15714397707156,7.700000002980232,185.01
2011-08-29,32.50000048428774,18.37142884518419,9.00000013411045,79.80000118911266,39.69999957084656,185.07
2011-09-05,28.300000421702865,16.385714529880456,6.70000009983778,77.07142971988235,6.9999998807907104,185.14
2011-09-12,27.200000405311584,16.885714537331037,9.500000141561031,81.52857264344182,33.50000015646219,185.17
2011-09-19,21.1000003144145,13.814285920134612,6.800000101327896,80.828572633011,2.999999985098839,185.19
2011-09-26,24.8000003695488,13.528571630162853,5.700000084936619,81.10000120848417,0.0,185.21
2011-10-03,26.30000039190054,16.42857167337622,8.900000132620335,79.41428689765078,0.0,185.25
2011-10-10,24.300000362098217,12.157143038298402,1.80000002682209,82.24285836837122,14.400000311434269,185.2
2011-10-17,17.30000025779009,8.42857155416693,-0.4000000059604645,84.7571441201227,16.099999621510502,185.27
2011-10-24,16.800000250339508,4.957142931010042,-2.7000000402331352,87.57142987634454,4.1000001430511475,185.34
2011-10-31,17.00000025331974,9.100000135600567,0.5000000074505806,89.50000133365393,1.1000000089406967,185.39
2011-11-07,16.800000250339508,8.914285847118922,4.000000059604645,86.88571558041232,0.0,185.44
2011-11-14,9.00000013411045,3.7285714841314723,-4.200000062584877,90.92857278351273,0.1000000014901161,185.48
2011-11-21,11.800000175833702,2.542857180748667,-5.000000074505806,91.30000136047602,0.2000000029802322,185.51
2011-11-28,8.800000131130219,2.285714319774083,-2.7000000402331352,93.80000139772892,0.400000013411045,185.58
2011-12-05,11.500000171363354,5.014285789004394,-1.3000000193715096,91.24285850248167,30.300000607967377,185.67
2011-12-12,10.30000015348196,3.371428621666772,-3.400000050663948,84.77142983462129,14.999999821186066,185.78
2011-12-19,10.100000150501728,3.5714286246470044,-2.500000037252903,86.61428700493914,25.399999856948853,185.88
2011-12-26,9.00000013411045,4.628571497542517,-0.5000000074505806,92.14285851589271,7.30000015348196,185.97
2012-01-02,12.800000190734863,5.800000086426735,0.6000000089406967,90.45714420505932,18.90000007301569,186.06
2012-01-09,9.500000141561031,4.8857143585171015,0.9000000134110451,85.18571555508035,29.40000021457672,186.24
2012-01-16,9.100000135600569,3.271428620176656,-5.500000081956387,84.20000125467777,2.0000000298023224,186.65
2012-01-23,9.500000141561031,2.1000000312924385,-7.000000104308128,89.1714299001864,22.700000286102295,186.72
2012-01-30,4.700000070035458,-0.28571428997176035,-4.200000062584877,88.71428703623158,1.200000025331974,186.75
2012-02-06,-2.200000032782554,-8.842857274625983,-15.400000229477882,66.45714384743145,0.0,186.66
2012-02-13,0.2000000029802322,-7.142857249294009,-16.600000247359276,71.42857249294009,0.400000013411045,186.57
2012-02-20,6.900000102818012,2.642857182238783,-3.6000000536441803,85.57142984654222,3.300000011920929,186.44
2012-02-27,11.000000163912771,4.500000067055225,-3.700000055134296,82.27142979736838,0.0,186.32
2012-03-05,15.600000232458116,7.485714397260121,2.500000037252903,88.25714417227677,0.7000000029802322,186.26
2012-03-12,12.500000186264517,5.714285799435207,-3.000000044703484,75.95714398899248,1.3000000268220901,186.21
2012-03-19,19.60000029206276,7.471428682761533,-0.5000000074505806,76.22857256446567,7.200000047683716,186.18
2012-03-26,20.60000030696392,10.328571582479137,-1.80000002682209,64.6285723916122,0.0,186.16
2012-04-02,20.500000305473804,8.657142986144338,-3.200000047683716,65.82857240949359,0.0,186.13
2012-04-09,17.80000026524067,6.385714380868843,-1.3000000193715096,71.85714392789772,13.399999931454659,186.1
2012-04-16,15.600000232458116,7.757142972733293,-0.5000000074505806,72.42857250784125,6.1000001803040504,186.06
2012-04-23,15.100000225007534,7.785714401730469,-3.500000052154064,73.11428680377347,8.800000011920929,186.04
2012-04-30,28.000000417232517,14.071428781109196,6.200000092387199,70.40000104904175,1.8000000268220901,185.96
2012-05-07,22.600000336766243,12.857143048729215,5.500000081956387,81.64285835943052,25.899999380111694,185.97
2012-05-14,26.80000039935112,13.785714491137437,0.9000000134110451,72.27142964835677,14.799999713897703,185.99
2012-05-21,24.8000003695488,12.914285906723567,-0.1000000014901161,74.57142968262944,17.699999526143074,186.05
2012-05-28,28.200000420212746,18.814285994640418,8.800000131130219,61.757143777395996,4.399999812245369,186.11
2012-06-04,24.8000003695488,14.800000220537186,7.200000107288361,75.38571540904897,18.600000202655792,186.12
2012-06-11,22.800000339746475,13.842857349131789,5.500000081956387,76.5428582834346,11.000000149011612,186.08
2012-06-18,26.30000039190054,15.485714516469411,10.000000149011612,81.22857263897147,34.00000033527613,186.03
2012-06-25,22.100000329315662,16.20000024139881,8.50000012665987,82.10000122338533,37.40000057220459,186.2
2012-07-02,27.3000004068017,18.17142884220396,7.300000108778477,80.1142869080816,19.999999523162842,186.19
2012-07-09,27.80000041425228,18.857143138136184,11.60000017285347,77.04285829088518,16.599999882280827,186.21
2012-07-16,23.000000342726707,15.214285940996238,10.400000154972076,82.07142979438815,52.90000057220459,186.25
2012-07-23,25.300000376999375,16.20000024139881,6.70000009983778,74.05714396068028,5.499999977648258,186.3
2012-07-30,33.20000049471855,20.7428574519498,10.000000149011612,69.9857153285827,14.000000096857548,186.32
2012-08-06,28.50000042468309,19.071428855615004,9.600000143051147,71.77142964090619,9.799999833106995,186.25
2012-08-13,26.80000039935112,16.985714538821153,8.600000128149986,68.11428672926766,0.2000000029802322,186.0
2012-08-20,35.00000052154064,21.97142889882837,12.300000183284284,66.37142956043992,9.199999623000622,185.76
2012-08-27,30.200000450015068,18.571428848164423,8.50000012665987,73.0714296602777,9.30000014603138,185.66
2012-09-03,26.80000039935112,16.62857167635645,7.400000110268593,73.685715383717,3.100000061094761,185.58
2012-09-10,29.800000444054604,16.757143106843746,4.200000062584877,70.02857247207847,0.0,185.51
2012-09-17,22.800000339746475,13.271428769188267,4.000000059604645,82.82857266281333,13.700000263750555,185.47
2012-09-24,22.30000033229589,11.357143026377473,2.1000000312924385,77.05714400538376,7.299999952316284,185.38
2012-10-01,18.30000027269125,11.285714453884534,2.500000037252903,83.68571553272861,6.6999998688697815,185.4
2012-10-08,18.80000028014183,11.24285731038877,1.100000016391277,84.38571554315942,22.70000010728836,185.41
2012-10-15,15.000000223517418,7.957142975713525,0.2000000029802322,84.57142983164105,14.399999812245369,185.45
2012-10-22,21.300000317394733,11.442857313369002,2.0000000298023224,85.54285841754505,0.0,185.51
2012-10-29,12.500000186264517,4.757142928029809,-4.500000067055225,89.14285847118923,16.60000029951334,185.57
2012-11-05,10.900000162422655,6.4571429533617835,1.600000023841858,87.54285844734737,23.199999928474426,185.67
2012-11-12,10.600000157952309,6.84285724482366,-0.5000000074505806,87.5000013038516,12.300000190734863,185.79
2012-11-19,9.100000135600569,3.342857192669596,-2.200000032782554,93.31428710477692,0.9000000283122063,185.87
2012-11-26,13.300000198185444,5.314285793474743,-0.4000000059604645,91.75714422443083,7.500000007450581,186.06
2012-12-03,8.50000012665987,2.4285714647599628,-5.200000077486038,88.95714418270758,4.80000002682209,186.13
2012-12-10,4.400000065565109,-0.6285714379378727,-9.80000014603138,87.68571559233325,9.799999743700027,186.21
2012-12-17,8.400000125169754,1.3142857338700975,-7.800000116229057,88.47142988975558,15.899999983608723,186.28
2012-12-24,12.4000001847744,4.757142928029809,-1.100000016391277,94.31428711967808,23.000000096857548,186.37
2012-12-31,11.400000169873238,7.12857153479542,1.700000025331974,83.2142869542752,11.600000023841858,186.43
2013-01-07,11.30000016838312,6.8142858158264845,1.700000025331974,86.64285843393633,2.700000047683716,186.47
2013-01-14,6.400000095367432,0.15714285948446818,-8.600000128149986,83.54285838774273,2.1999999657273293,186.37
2013-01-21,-0.800000011920929,-3.371428621666772,-8.00000011920929,86.02857271049704,15.299999758601189,186.25
2013-01-28,4.500000067055225,-2.600000038743019,-10.000000149011612,87.95714416780642,2.300000064074993,186.2
2013-02-04,13.600000202655792,5.471428652959211,0.0,83.72857267622437,18.299999743700027,186.435
2013-02-11,6.000000089406967,-0.842857155416693,-7.400000110268593,82.11428693788392,8.399999976158142,186.67
2013-02-18,5.700000084936619,-0.057142857994352134,-8.800000131130219,79.42857261214938,4.10000005364418,186.65
2013-02-25,2.1000000312924385,-1.4571428788559777,-4.90000007301569,83.70000124722719,8.900000005960464,186.64
2013-03-04,10.100000150501728,1.814285741320678,-4.400000065565109,79.12857260767903,0.0,186.57
2013-03-11,15.600000232458116,4.714285784534046,-4.000000059604645,79.20000118017197,5.599999964237213,186.55
2013-03-18,7.500000111758709,-1.2428571613771575,-11.500000171363354,75.95714398899248,8.400000095367432,186.47
2013-03-25,8.50000012665987,0.37142857696328846,-5.200000077486038,70.64285819551775,5.799999892711639,186.47
2013-04-01,5.700000084936619,-0.04285714349576405,-5.000000074505806,67.87142958279166,0.3000000119209289,186.45
2013-04-08,10.100000150501728,2.271428605275495,-4.500000067055225,67.7142867233072,0.7999999895691872,186.42
2013-04-15,24.300000362098217,10.785714446433953,0.6000000089406967,76.50000113993883,24.399999618530273,186.47
2013-04-22,22.000000327825543,12.928571621222156,6.000000089406967,59.35714374163321,0.0,186.51
2013-04-29,24.600000366568565,11.357143026377473,4.700000070035458,71.70000106841326,19.600000381469727,186.58
2013-05-06,23.100000344216824,12.800000190734863,5.200000077486038,71.44285820743868,0.6000000238418579,186.61
2013-05-13,21.60000032186508,12.714285903743335,5.500000081956387,80.72857263152089,16.199999928474426,186.67
2013-05-20,20.60000030696392,12.700000189244747,6.400000095367432,82.48571551484721,23.60000041127205,186.73
2013-05-27,18.80000028014183,8.985714419611863,1.100000016391277,81.6571440739291,47.99999914318323,186.85
2013-06-03,21.800000324845318,12.700000189244747,5.200000077486038,73.60000109672546,19.800000309944153,186.81
2013-06-10,25.80000038444996,16.64285739085504,5.500000081956387,70.72857248250928,6.200000196695328,186.73
2013-06-17,29.000000432133675,17.028571682316915,8.00000011920929,72.61428679632289,5.800000190734863,186.6
2013-06-24,34.60000051558018,19.94285744002887,11.10000016540289,73.6714296692184,16.5,186.43
2013-07-01,24.8000003695488,13.571428773658615,5.700000084936619,76.82857257340636,9.700000055134296,186.26
2013-07-08,27.3000004068017,19.25714314409665,10.500000156462193,72.52857250933137,10.400000095367432,186.15
2013-07-15,27.80000041425228,18.45714313217572,8.50000012665987,65.31428668754441,0.0,186.0
2013-07-22,33.5000004991889,22.142857472811425,11.30000016838312,58.38571515572922,0.0,185.71
2013-07-29,35.200000524520874,22.314286046794482,14.800000220537186,74.60000111162663,16.900000542402267,185.56
2013-08-05,35.700000531971455,22.357143190290248,12.10000018030405,63.300000943243504,3.1000000536441803,185.48
2013-08-12,30.00000044703484,18.100000269711018,8.800000131130219,71.97142964388642,13.699999809265137,185.4
2013-08-19,29.000000432133675,17.614285976759025,6.500000096857548,67.61428672181708,6.399999812245369,185.35
2013-08-26,26.200000390410423,17.185714541801385,8.50000012665987,72.38571536434549,18.600000202655792,185.26
2013-09-02,25.80000038444996,16.5714288183621,8.600000128149986,69.0142867426787,1.7000000476837158,185.14
2013-09-09,30.100000448524952,18.271428843694075,10.600000157952309,76.47142971094165,25.899999618530273,185.24
2013-09-16,19.10000028461218,13.028571622712272,7.500000111758709,85.128572697086,19.00000023841858,185.31
2013-09-23,18.30000027269125,12.128571609301227,4.90000007301569,84.25714411267212,6.79999990016222,185.38
2013-09-30,19.80000029504299,12.042857322309699,2.500000037252903,77.45714401134423,0.0,185.46
2013-10-07,17.600000262260437,10.557143014456544,0.6000000089406967,76.71428685741765,51.89999923855066,185.53
2013-10-14,17.00000025331974,8.742857273135867,2.200000032782554,89.85714419611863,23.90000019222498,185.61
2013-10-21,18.50000027567148,11.514285885861941,3.700000055134296,89.00000132620335,4.100000023841858,185.71
2013-10-28,22.100000329315662,14.271428784089428,8.400000125169754,86.5571441469448,25.799999833106995,185.77
2013-11-04,14.600000217556952,8.21428583668811,-0.2000000029802322,85.10000126808882,19.39999955892563,185.9
2013-11-11,15.300000227987766,8.371428696172577,-0.800000011920929,85.57142984654222,22.999999530613422,185.97
2013-11-18,10.000000149011612,3.2142857621823038,-1.600000023841858,90.57142992104802,0.7999999895691872,186.05
2013-11-25,7.000000104308128,3.400000050663948,-4.500000067055225,86.74285843542644,10.899999789893627,186.08
2013-12-02,7.500000111758709,1.4571428788559777,-6.200000092387199,91.8000013679266,2.7999999597668648,186.16
2013-12-09,9.00000013411045,2.714285754731723,-3.400000050663948,88.35714417376688,7.600000061094761,186.21
2013-12-16,7.000000104308128,3.0142857592020715,-2.1000000312924385,92.85714424082211,1.1999999806284904,186.24
2013-12-23,9.500000141561031,3.9000000581145287,-2.800000041723252,89.04285846969911,9.599999859929085,186.3
2013-12-30,13.300000198185444,6.1714286633900235,-0.800000011920929,85.04285841009447,14.80000014603138,186.39
2014-01-06,10.80000016093254,5.04285721800157,-0.2000000029802322,86.42857271645751,10.400000095367432,186.36
2014-01-13,12.600000187754633,5.142857219491686,-2.7000000402331352,88.17142988528524,3.7999999672174454,186.46
2014-01-20,10.000000149011612,3.500000052154064,-2.0000000298023224,92.37142994787011,3.700000077486038,186.49
2014-01-27,5.900000087916851,2.3285714632698467,-0.9000000134110451,90.81428706752402,15.200000256299973,186.54
2014-02-03,8.400000125169754,1.58571430934327,-2.500000037252903,86.24285842797586,4.099999904632568,186.51
2014-02-10,12.500000186264517,4.457142923559461,-2.7000000402331352,81.04285835048982,3.000000022351742,186.48
2014-02-17,11.000000163912771,5.214285791984627,-0.800000011920929,81.1714297809771,11.799999862909317,186.47
2014-02-24,12.10000018030405,5.18571436298745,-2.200000032782554,82.40000122785568,4.200000025331974,186.45
2014-03-03,11.800000175833702,5.25714293548039,-1.600000023841858,81.58571550143617,3.2999999299645424,186.42
2014-03-10,18.6000002771616,5.671428655939443,-2.7000000402331352,75.7000011280179,0.0,186.42
2014-03-17,19.10000028461218,9.114285850099154,-0.5000000074505806,68.70000102370977,0.5,186.38
2014-03-24,19.80000029504299,8.328571552676815,-1.80000002682209,75.11428683357579,7.800000011920929,186.35
2014-03-31,20.500000305473804,8.414285839668342,-3.200000047683716,67.15714385786227,0.0,186.26
2014-04-07,22.500000335276127,13.571428773658615,3.9000000581145287,69.9714296140841,3.8999999314546585,186.34
2014-04-14,17.600000262260437,10.285714438983373,2.200000032782554,70.85714391299656,1.199999988079071,186.32
2014-04-21,21.1000003144145,9.542857285056796,-1.3000000193715096,65.58571526301759,1.7999999597668648,186.3
2014-04-28,24.50000036507845,13.657143060650144,5.700000084936619,79.42857261214938,36.60000076889992,186.3
2014-05-05,19.60000029206276,11.400000169873238,-0.2000000029802322,76.71428685741765,7.800000011920929,186.28
2014-05-12,19.60000029206276,11.74285731783935,4.700000070035458,78.71428688721997,25.800000488758087,186.27
2014-05-19,24.300000362098217,12.142857323799815,2.1000000312924385,72.3571439353483,5.199999928474426,186.27
2014-05-26,28.000000417232517,16.971428824322565,5.700000084936619,69.95714389958552,19.799999713897705,186.25
2014-06-02,21.60000032186508,13.242857340191092,4.200000062584877,78.98571546269315,5.499999910593033,186.24
2014-06-09,33.00000049173832,18.64285742065736,5.4000000804662704,67.41428671883685,2.699999913573265,186.25
2014-06-16,31.600000470876694,17.914285981229373,8.50000012665987,69.34285817614624,36.10000038146973,186.23
2014-06-23,24.300000362098217,15.371428800480706,7.400000110268593,67.41428671883685,0.1000000014901161,186.15
2014-06-30,25.700000382959843,15.257143084492002,7.000000104308128,75.00000111758709,15.20000010728836,186.07
2014-07-07,29.800000444054604,19.01428599762065,7.000000104308128,64.45714381762913,17.10000029206276,185.95
2014-07-14,26.30000039190054,17.114285969308444,11.60000017285347,85.4714298450521,70.80000019073486,185.87
2014-07-21,32.30000048130751,22.0571431858199,12.90000019222498,68.88571531219142,11.400000095367432,185.98
2014-07-28,28.80000042915344,21.442857462380612,14.000000208616257,70.52857247952905,15.199999429285524,186.13
2014-08-04,27.500000409781933,19.94285744002887,12.300000183284284,78.72857260171857,13.80000014603138,186.06
2014-08-11,27.60000041127205,18.628571706158773,10.900000162422655,76.50000113993883,21.600000001490116,186.03
2014-08-18,22.600000336766243,15.357143085982118,10.400000154972076,79.25714403816632,24.40000057220459,186.01
2014-08-25,20.500000305473804,12.81428590523345,6.000000089406967,78.17142973627362,16.000000447034836,186.0
2014-09-01,24.300000362098217,15.214285940996238,7.000000104308128,84.00000125169754,15.799999825656414,185.97
2014-09-08,26.700000397861004,17.028571682316915,10.000000149011612,83.12857266728368,0.7000000178813934,185.96
2014-09-15,22.000000327825543,15.12857165400471,9.3000001385808,82.24285836837122,1.300000049173832,185.93
2014-09-22,24.600000366568565,15.857143093432699,5.900000087916851,87.78571559382337,27.199999816715717,185.92
2014-09-29,22.600000336766243,12.928571621222156,4.400000065565109,86.58571557594198,1.0000000149011612,185.89
2014-10-06,22.100000329315662,13.61428591715438,6.900000102818012,86.75714414992503,4.199999809265137,185.95
2014-10-13,18.50000027567148,13.571428773658615,7.000000104308128,94.64285855314562,28.899999894201756,185.98
2014-10-20,21.60000032186508,13.171428767698151,7.300000108778477,91.75714422443083,6.099999979138374,186.0
2014-10-27,15.400000229477882,9.557142999555383,5.700000084936619,89.55714419164828,6.0,186.04
2014-11-03,14.600000217556952,9.971428720014435,5.900000087916851,93.35714424827269,5.000000074505806,186.06
2014-11-10,14.300000213086603,7.685714400240353,1.3000000193715096,93.15714424529246,3.1000000163912773,186.08
2014-11-17,11.900000177323818,8.585714413651399,4.700000070035458,94.55714426615408,20.3999999538064,186.11
2014-11-24,10.400000154972076,5.814285800925323,-1.100000016391277,92.45714423486164,6.499999821186066,186.18
2014-12-01,6.200000092387199,2.385714321264199,-2.0000000298023224,92.70000138133764,0.8999999910593033,186.25
2014-12-08,6.000000089406967,1.4285714498588018,-2.0000000298023224,92.78571566832917,1.4999999552965164,186.31
2014-12-15,9.400000140070915,3.300000049173832,-2.7000000402331352,94.07142997320209,23.69999960064888,186.4
2014-12-22,12.800000190734863,6.357142951871667,0.4000000059604645,91.54285850695202,9.90000006556511,186.49
2014-12-29,10.100000150501728,2.2285714617797305,-6.800000101327896,86.00000128149986,12.700000017881393,186.55
2015-01-05,4.500000067055225,1.771428597824914,-2.600000038743019,93.31428710477692,9.39999983459711,186.61
2015-01-12,14.40000021457672,4.628571497542517,-3.6000000536441803,87.2571441573756,14.600000150501728,186.64
2015-01-19,12.500000186264517,3.9428572016102925,-3.000000044703484,85.92857270900693,6.999999895691872,186.66
2015-01-26,3.200000047683716,-0.2428571464759963,-5.200000077486038,92.70000138133764,7.799999833106995,186.62
2015-02-02,4.400000065565109,1.3428571628672736,-2.500000037252903,92.12857280139413,8.599999859929085,186.64
2015-02-09,5.4000000804662704,0.14285714498588012,-6.000000089406967,76.45714399644307,0.3000000044703483,186.61
2015-02-16,6.900000102818012,1.3428571628672736,-4.000000059604645,88.50000131875277,0.0,186.57
2015-02-23,10.000000149011612,2.728571469230311,-1.5000000223517418,84.20000125467777,8.200000241398811,186.55
2015-03-02,11.000000163912771,3.8285714856215884,-2.200000032782554,84.01428696619612,14.299999810755253,186.53
2015-03-09,15.100000225007534,4.3142857785735815,-2.600000038743019,78.85714403220585,2.600000023841858,186.52
2015-03-16,13.300000198185444,4.342857207570757,-2.7000000402331352,80.14285833707878,1.4000000283122063,186.5
2015-03-23,17.80000026524067,6.071428661899907,-3.000000044703484,77.00000114738941,0.800000011920929,186.47
2015-03-30,17.80000026524067,7.214285821786949,-1.5000000223517418,76.1714297064713,16.30000051856041,186.44
2015-04-06,12.000000178813934,5.2428572209818025,-1.0000000149011612,69.08571531517165,12.599999882280827,186.41
2015-04-13,21.800000324845318,9.914285862020083,-2.500000037252903,64.94285811058113,0.699999988079071,186.38
2015-04-20,24.100000359117985,11.171428737895829,-0.9000000134110451,58.585715158709455,1.399999976158142,186.36
2015-04-27,23.600000351667404,11.514285885861941,0.4000000059604645,70.05714390107563,15.100000083446503,186.29
2015-05-04,22.100000329315662,10.200000151991844,-1.100000016391277,75.2285725495645,8.49999988079071,186.21
2015-05-11,24.600000366568565,13.928571636123317,5.200000077486038,69.21428674565894,3.1000000983476643,186.12
2015-05-18,27.700000412762165,13.98571449411767,4.200000062584877,62.67142950530563,1.8999999538064003,186.02
2015-05-25,21.300000317394733,13.100000195205212,2.1000000312924385,65.62857240651336,1.4999999850988388,185.96
2015-06-01,22.30000033229589,12.10000018030405,3.200000047683716,69.95714389958552,4.200000107288361,185.81
2015-06-08,32.50000048428774,18.342857416187012,7.500000111758709,58.957143735672744,3.500000096857548,185.68
2015-06-15,30.200000450015068,17.914285981229373,9.400000140070915,60.60000090301037,0.2000000029802322,185.57
2015-06-22,22.100000329315662,13.714285918644496,6.000000089406967,71.55714392342738,25.100000001490116,185.48
2015-06-29,28.80000042915344,17.07142882581268,8.00000011920929,69.71428675310952,8.0,185.35
2015-07-06,38.20000056922436,25.557143237973964,11.800000175833702,54.11428652065141,1.7999999523162842,185.23
2015-07-13,34.60000051558018,18.100000269711018,5.200000077486038,63.51428666072233,3.7999999299645424,185.12
2015-07-20,35.80000053346157,22.085714614817075,13.40000019967556,68.47142959173236,15.599999740719795,185.04
2015-07-27,31.600000470876694,19.985714583524636,8.900000132620335,67.64285815081426,17.09999990463257,184.95
2015-08-03,33.00000049173832,17.87142883773361,8.00000011920929,57.100000850856304,0.1000000014901161,184.86
2015-08-10,35.80000053346157,22.70000033825636,10.400000154972076,65.32857240204301,15.400000095367432,184.77
2015-08-17,33.600000500679016,21.000000312924385,13.600000202655792,75.08571540457862,37.899998523294926,184.67
2015-08-24,26.700000397861004,17.65714312025479,9.500000141561031,71.15714391746691,3.1999999061226845,184.65
2015-08-31,33.00000049173832,19.985714583524636,10.400000154972076,71.64285821041891,9.100000001490116,184.65
2015-09-07,22.30000033229589,13.928571636123317,8.300000123679638,79.2857154671635,14.800000220537186,184.69
2015-09-14,24.00000035762787,14.900000222027302,7.000000104308128,77.24285829386541,6.3000001311302185,184.68
2015-09-21,19.30000028759241,13.385714485176972,7.500000111758709,84.98571555210012,21.69999922066927,184.75
2015-09-28,18.100000269711018,12.057143036808286,4.700000070035458,82.10000122338533,7.800000190734863,184.64
2015-10-05,19.60000029206276,11.485714456864766,3.500000052154064,73.9142868156944,2.900000095367432,184.68
2015-10-12,18.30000027269125,11.185714452394418,0.2000000029802322,81.98571550739663,10.699999809265137,184.71
2015-10-19,9.500000141561031,5.157142933990274,0.2000000029802322,90.1285727715918,17.399999909102917,184.81
2015-10-26,15.900000236928465,9.057142992104803,2.7000000402331352,89.48571561915534,1.2000000178813934,184.96
2015-11-02,15.000000223517418,7.528571540755885,-0.5000000074505806,90.18571562958616,0.1000000014901161,184.95
2015-11-09,18.6000002771616,10.15714300849608,0.4000000059604645,91.24285850248167,3.099999964237213,185.13
2015-11-16,15.000000223517418,10.771428731935364,3.700000055134296,82.60000123083591,6.6000001430511475,185.27
2015-11-23,15.400000229477882,7.071428676801069,-2.3000000342726707,85.31428698556763,22.60000017285347,185.39
2015-11-30,10.500000156462193,3.400000050663948,-2.200000032782554,91.94285851291248,31.099999964237213,185.55
2015-12-07,12.300000183284284,6.928571531815188,0.5000000074505806,89.1714299001864,7.4999998807907104,185.67
2015-12-14,9.500000141561031,4.642857212041106,-1.80000002682209,94.50000140815973,10.000000014901161,185.76
2015-12-21,13.500000201165676,8.614285842648574,1.3000000193715096,94.58571569515126,10.000000059604645,185.87
2015-12-28,13.600000202655792,8.257142980183874,0.0,89.10000132769346,5.099999979138374,185.84
2016-01-04,8.100000120699406,2.8571428997176036,-1.5000000223517418,93.60000139474869,17.099999360740185,186.08
2016-01-11,8.600000128149986,3.8285714856215884,-3.200000047683716,93.11428710179669,15.39999982714653,186.23
2016-01-18,7.000000104308128,0.9142857279096331,-9.3000001385808,86.11428699748856,8.499999940395355,186.34
