Date,TASMAX,TAS,TASMIN,Humidity,Precipitation,GWL
1952-02-11,2.3000000342726707,-0.3428571479661124,-6.900000102818012,89.35714418866804,31.5,303.35
1952-02-18,0.9000000134110451,-5.357142936970506,-14.40000021457672,89.52857276265111,1.3000000268220901,303.56
1952-02-25,6.500000096857548,2.0571428877966746,-2.600000038743019,90.08571562809604,1.0,303.89
1952-03-03,13.600000202655792,2.7571428982274875,-0.5000000074505806,85.90000128000975,6.300000190734863,304.83
1952-03-10,14.500000216066836,1.1142857308898653,-7.700000114738941,77.00000114738941,21.300000190734863,304.9
1952-03-17,10.500000156462193,2.0000000298023224,-6.200000092387199,81.44285835645029,2.800000049173832,304.95
1952-03-24,10.100000150501728,4.785714357026985,0.800000011920929,84.642858404134,37.200000524520874,304.99
1952-03-31,10.80000016093254,0.18571428848164423,-4.90000007301569,88.90000132471323,38.09999996423721,305.73
1952-04-07,13.40000019967556,3.1428571896893636,-4.90000007301569,78.62857260022845,0.800000011920929,306.45
1952-04-14,25.100000374019142,14.000000208616257,5.500000081956387,68.55714387872389,0.3000000119209289,306.32
1952-04-21,23.500000350177288,13.785714491137437,3.200000047683716,63.72857237820114,8.800000011920929,306.16
1952-04-28,15.300000227987766,8.57142869915281,1.80000002682209,83.81428696321589,8.800000011920929,305.84
1952-05-05,25.50000037997961,13.357143056179796,0.5000000074505806,69.9714296140841,10.999999716877937,305.61
1952-05-12,21.800000324845318,13.014285908213683,5.500000081956387,83.85714410671166,42.59999880939722,305.27
1952-05-19,18.50000027567148,11.571428743856293,2.7000000402331352,74.20000110566616,5.099999941885471,305.22
1952-05-26,17.80000026524067,9.428571569068092,-0.2000000029802322,73.37142966474805,4.4999998807907104,305.17
1952-06-02,23.300000347197056,12.857143048729215,4.700000070035458,78.82857260320868,13.700000025331974,304.96
1952-06-09,25.80000038444996,12.885714477726392,5.000000074505806,72.61428679632289,9.499999761581421,304.74
1952-06-16,26.50000039488077,14.771428791540009,4.700000070035458,76.71428685741765,12.399999529123306,304.53
1952-06-23,23.100000344216824,14.785714506038598,4.200000062584877,75.61428684102637,15.299999788403511,304.33
1952-06-30,30.100000448524952,15.728571662945408,6.500000096857548,74.08571538967746,3.800000049173832,304.18
1952-07-07,35.200000524520874,24.100000359117985,13.100000195205212,61.47142948742424,4.900000095367432,303.96
1952-07-14,29.800000444054604,18.471428846674307,9.400000140070915,72.27142964835677,9.700000166893005,303.84
1952-07-21,23.100000344216824,15.157143083001886,5.000000074505806,74.10000110417604,4.0000001192092896,303.72
1952-07-28,26.50000039488077,15.357143085982118,5.700000084936619,73.94285824469158,7.999999910593033,303.57
1952-08-04,28.300000421702865,16.971428824322565,7.400000110268593,67.04285814187357,1.100000023841858,303.38
1952-08-11,31.600000470876694,19.057143141116416,8.600000128149986,65.81428669499499,3.4000001028180127,303.19
1952-08-18,32.20000047981739,19.08571457011359,11.400000169873238,75.98571541798967,23.700000047683716,302.93
1952-08-25,22.30000033229589,14.200000211596489,9.400000140070915,83.78571553421872,18.69999921321869,302.88
1952-09-01,27.200000405311584,16.87142882283245,7.300000108778477,79.01428689169032,13.900000095367432,302.82
1952-09-08,19.10000028461218,11.228571595890182,5.200000077486038,87.67142987783465,35.199999928474426,302.76
1952-09-15,15.400000229477882,8.971428705113274,3.1000000461936,86.81428700791938,29.000000834465027,302.8
1952-09-22,17.80000026524067,8.35714298167399,1.80000002682209,84.57142983164105,10.399999976158142,302.8
1952-09-29,15.800000235438349,9.80000014603138,1.600000023841858,85.07142983909164,26.4000004529953,302.77
1952-10-06,15.800000235438349,8.671428700642926,1.80000002682209,83.72857267622437,12.2999999076128,302.75
1952-10-13,12.500000186264517,5.171428648488862,-2.0000000298023224,85.01428698109729,10.599999956786633,302.81
1952-10-20,9.00000013411045,4.500000067055225,-0.1000000014901161,89.47142990465674,27.4000004529953,303.01
1952-10-27,13.500000201165676,8.342857267175402,3.200000047683716,89.92857276861157,26.699999526143074,303.45
1952-11-03,14.100000210106373,7.542857255254473,3.700000055134296,88.08571559829372,31.800000429153442,303.59
1952-11-10,9.500000141561031,3.8000000566244125,-0.6000000089406967,88.27142988677535,46.69999969005585,304.37
1952-11-17,5.000000074505806,-0.6428571524364608,-6.500000096857548,91.9142870839153,16.70000010728836,305.19
1952-11-24,4.90000007301569,0.814285726419517,-5.000000074505806,89.24285847267934,2.5000000596046448,305.09
1952-12-01,6.500000096857548,-0.6142857234392849,-5.700000084936619,89.67142990763698,19.20000024139881,305.08
1952-12-08,1.0000000149011612,-2.742857183728899,-8.900000132620335,91.54285850695202,2.799999952316284,305.21
1952-12-15,3.200000047683716,-1.3142857338700975,-9.600000143051147,91.0714299284986,18.59999990463257,305.3
1952-12-22,3.9000000581145287,0.25714286097458433,-4.000000059604645,91.18571564448732,29.6999998614192,305.39
1952-12-29,7.000000104308128,1.2714285903743334,-2.500000037252903,93.32857281927552,4.300000011920929,306.15
1953-01-05,1.100000016391277,-2.357142892267023,-7.500000111758709,90.90000135451555,13.400000013411045,306.19
1953-01-12,0.2000000029802322,-2.5571428952472552,-7.500000111758709,92.35714423337153,12.400000274181366,305.89
1953-01-19,1.100000016391277,-3.6714286261371205,-13.600000202655792,92.82857281182494,7.500000238418579,305.69
1953-01-26,1.600000023841858,-1.0285714438983373,-7.500000111758709,94.21428711818797,6.69999972730875,305.9
1953-02-02,6.400000095367432,2.600000038743019,-9.00000013411045,92.78571566832917,27.09999990463257,306.11
1953-02-09,0.2000000029802322,-5.171428648488862,-21.60000032186508,88.97142989720616,18.20000034570694,306.49
1953-02-16,4.90000007301569,-1.5571428803460938,-5.500000081956387,91.74285850993225,20.199999630451202,306.43
1953-02-23,8.400000125169754,3.1000000461935997,-10.000000149011612,92.22857280288424,2.0999999791383743,306.68
1953-03-02,12.500000186264517,3.6714286261371205,-3.6000000536441803,80.74285834601947,0.0,307.15
1953-03-09,9.600000143051147,2.371428606765611,-4.200000062584877,87.47142987485442,3.800000011920929,306.74
1953-03-16,15.100000225007534,1.8857143138136183,-6.200000092387199,74.07142967517886,0.1000000014901161,306.27
1953-03-23,19.60000029206276,6.685714385339192,-2.7000000402331352,65.44285811803171,0.0,305.85
1953-03-30,18.80000028014183,8.35714298167399,-4.000000059604645,65.97142955447946,4.599999964237213,305.59
1953-04-06,24.100000359117985,9.257142995085035,0.0,70.30000104755163,6.999999821186066,305.25
1953-04-13,19.80000029504299,7.371428681271417,-2.1000000312924385,73.35714395024947,7.499999910593033,304.99
1953-04-20,17.100000254809856,7.314285823277065,0.9000000134110451,79.50000118464231,11.000000298023224,304.72
1953-04-27,20.800000309944156,10.814285875431128,-1.3000000193715096,57.42857228432383,4.800000190734863,304.55
1953-05-04,23.80000035464764,12.200000181794167,0.5000000074505806,67.77142958130155,0.5,304.34
1953-05-11,14.600000217556952,5.385714365967682,-1.5000000223517418,81.84285836241075,21.600000478327274,304.17
1953-05-18,25.700000382959843,13.97142877961908,3.200000047683716,72.70000108331442,3.8000000715255737,304.03
1953-05-25,29.300000436604023,20.628571735961096,12.4000001847744,70.17142961706433,5.400000095367432,303.88
1953-06-01,30.00000044703484,11.02857159290995,5.700000084936619,77.05714400538376,27.59999907016754,303.76
1953-06-08,23.80000035464764,13.157143053199563,2.7000000402331352,70.8285724839994,1.9000000357627869,303.65
1953-06-15,23.000000342726707,15.971428809421402,11.000000163912771,87.88571559531348,40.800000227987766,303.76
1953-06-22,27.10000040382147,16.41428595887763,8.100000120699406,75.05714397558144,35.99999928474426,303.68
1953-06-29,23.600000351667404,17.971428839223726,11.30000016838312,85.08571555359023,27.59999966621399,303.79
1953-07-06,28.200000420212746,19.500000290572643,12.800000190734863,75.32857255105462,47.20000147819519,304.24
1953-07-13,21.800000324845318,15.385714514979295,7.700000114738941,78.34285831025669,15.199999667704104,304.41
1953-07-20,24.00000035762787,15.27142879899059,8.800000131130219,80.70000120252371,32.499999701976776,304.35
1953-07-27,27.200000405311584,18.028571697218077,9.400000140070915,74.2714296781591,9.600000023841858,304.23
1953-08-03,22.100000329315662,14.314285927585193,6.800000101327896,79.38571546865361,46.10000082850456,304.2
1953-08-10,27.000000402331352,14.328571642083782,5.200000077486038,73.81428681420428,0.0,304.13
1953-08-17,31.100000463426117,20.000000298023224,8.00000011920929,68.0857153002705,0.1000000014901161,303.86
1953-08-24,26.00000038743019,15.12857165400471,6.400000095367432,77.97142973329339,19.699999630451202,303.7
1953-08-31,22.600000336766243,14.357143071080957,7.400000110268593,79.2857154671635,7.900000154972076,303.55
1953-09-07,30.800000458955765,14.442857358072485,3.200000047683716,66.5142867054258,0.0,303.33
1953-09-14,25.80000038444996,11.985714464315347,3.700000055134296,74.44285825214216,12.700000047683716,303.24
1953-09-21,20.800000309944156,13.128571624202388,2.500000037252903,80.72857263152089,11.99999988079071,303.1
1953-09-28,24.50000036507845,12.300000183284283,4.000000059604645,77.70000115782022,6.0,302.98
1953-10-05,23.300000347197056,11.214285881391593,3.1000000461936,80.65714405902794,0.0,302.85
1953-10-12,18.50000027567148,6.471428667860372,-1.5000000223517418,81.71428693192345,8.2999999076128,302.76
1953-10-19,20.800000309944156,12.042857322309699,0.800000011920929,88.92857275371041,3.0999999344348907,302.65
1953-10-26,15.100000225007534,10.200000151991844,2.200000032782554,88.74285846522876,4.699999809265137,302.59
1953-11-02,15.400000229477882,7.6142858277474135,3.6000000536441803,89.72857276563134,22.199999824166298,302.56
1953-11-09,9.00000013411045,4.985714360007218,0.2000000029802322,86.94285843840667,0.3000000119209289,302.48
1953-11-16,9.600000143051147,5.971428660409791,-1.0000000149011612,89.1714299001864,2.40000007301569,302.4
1953-11-23,8.400000125169754,3.1142857606921877,-2.600000038743019,84.30000125616789,1.0,302.32
1953-11-30,12.300000183284284,3.285714334675244,-5.4000000804662704,81.02857263599124,0.0,302.28
1953-12-07,13.500000201165676,6.77142867233072,1.5000000223517418,85.20000126957893,0.1000000014901161,302.18
1953-12-14,6.400000095367432,2.6714286112359593,-2.200000032782554,92.10000137239695,4.699999928474426,302.12
1953-12-21,5.200000077486038,0.04285714349576408,-2.800000041723252,86.85714415141514,0.5,302.02
1953-12-28,5.200000077486038,2.1142857457910265,-1.3000000193715096,91.9285727984139,27.699999451637268,302.01
1954-01-04,2.3000000342726707,-2.9857143302048956,-9.500000141561031,86.45714414545468,10.399999797344208,302.0
1954-01-11,1.100000016391277,-4.957142931010042,-12.800000190734863,87.05714415439537,30.399999059736725,301.95
1954-01-18,9.00000013411045,2.9714286157063077,-0.2000000029802322,82.70000123232603,20.19999984651804,302.19
1954-01-25,6.200000092387199,-2.1000000312924385,-12.500000186264517,80.84285834750959,11.699999809265137,302.64
1954-02-01,-6.000000089406967,-13.18571448219674,-18.80000028014183,75.7000011280179,0.0,302.77
1954-02-08,-1.3000000193715096,-8.914285847118922,-17.100000254809856,76.47142971094165,4.399999909102917,302.54
1954-02-15,4.200000062584877,0.5142857219491687,-2.500000037252903,91.28571564597743,2.500000096857548,302.41
1954-02-22,0.2000000029802322,-4.942857216511454,-11.10000016540289,84.17142982568059,0.5,302.36
1954-03-01,6.000000089406967,2.1142857457910265,-4.700000070035458,76.02857256148543,18.399999737739563,302.36
1954-03-08,9.3000001385808,3.257142905678068,-2.800000041723252,72.78571537030595,0.3000000119209289,302.38
1954-03-15,13.600000202655792,2.0714286022952626,-2.200000032782554,85.45714413055352,0.0,302.26
1954-03-22,16.600000247359276,4.90000007301569,-1.5000000223517418,84.32857268516507,0.4000000059604645,302.2
1954-03-29,16.300000242888927,5.3714286514690945,-1.700000025331974,79.1571440366762,12.600000023841858,302.18
1954-04-05,15.300000227987766,7.6142858277474135,2.3000000342726707,84.50000125914812,32.40000009536743,302.25
1954-04-12,12.000000178813934,3.8428572001201764,-4.500000067055225,69.45714389213494,2.0999999791383743,302.4
1954-04-19,10.400000154972076,3.9428572016102925,-0.9000000134110451,76.50000113993883,16.899999983608723,302.47
1954-04-26,16.100000239908695,6.471428667860372,-1.3000000193715096,68.71428673820836,9.400000095367432,302.46
1954-05-03,18.80000028014183,8.442857268665518,-3.200000047683716,62.28571521384375,3.5000000596046448,302.42
1954-05-10,23.600000351667404,10.914285876921245,0.9000000134110451,71.81428678440196,6.099999904632568,302.23
1954-05-17,23.600000351667404,12.928571621222156,-1.100000016391277,52.42857220981802,0.0,302.19
1954-05-24,17.600000262260437,8.542857270155634,2.500000037252903,78.77142974521432,13.100000120699406,302.19
1954-05-31,25.700000382959843,15.257143084492002,5.500000081956387,66.80000099539757,26.799999952316284,302.19
1954-06-07,22.100000329315662,13.671428775148732,7.300000108778477,77.05714400538376,15.000000059604645,302.19
1954-06-14,23.100000344216824,14.942857365523066,6.400000095367432,73.81428681420428,9.600000038743019,302.08
1954-06-21,30.600000455975533,18.414285988679953,5.500000081956387,68.47142959173236,0.800000011920929,301.94
1954-06-28,23.80000035464764,15.77142880644117,6.400000095367432,69.30000103265047,17.300000742077827,301.87
1954-07-05,19.80000029504299,13.271428769188267,4.400000065565109,79.30000118166208,12.400000430643559,301.85
1954-07-12,18.80000028014183,13.54285734466144,6.500000096857548,80.71428691702229,36.90000057220459,301.82
1954-07-19,18.6000002771616,13.142857338700976,8.900000132620335,86.84285843691656,49.99999916553497,301.99
1954-07-26,22.600000336766243,15.142857368503298,5.900000087916851,79.48571547014373,30.400000393390656,302.29
1954-08-02,24.50000036507845,14.300000213086605,7.200000107288361,76.70000114291906,10.600000098347664,302.44
1954-08-09,29.700000442564487,18.471428846674307,12.4000001847744,74.90000111609697,22.700000144541264,302.35
1954-08-16,18.80000028014183,14.014285923114844,7.500000111758709,82.9857155222978,13.700000047683716,302.27
1954-08-23,20.60000030696392,14.300000213086605,7.000000104308128,84.88571555061,44.89999961853027,302.21
1954-08-30,22.600000336766243,14.928571651024479,6.500000096857548,78.35714402475527,1.4999999850988388,302.43
1954-09-06,28.50000042468309,17.628571691257612,11.000000163912771,83.28571552676814,37.299999713897705,302.55
1954-09-13,21.50000032037497,14.757143077041421,9.100000135600569,84.68571554762977,16.199999883770943,302.76
1954-09-20,17.00000025331974,12.842857334230628,5.900000087916851,82.24285836837122,22.100000381469727,302.69
1954-09-27,16.600000247359276,9.44285728356668,1.80000002682209,82.67142980332885,23.900000125169754,302.68
1954-10-04,16.600000247359276,9.171428708093506,2.7000000402331352,87.77142987932477,36.200000524520874,302.92
1954-10-11,12.90000019222498,7.371428681271417,-0.1000000014901161,86.84285843691656,22.30000028759241,303.45
1954-10-18,20.10000029951334,11.157143023397241,3.200000047683716,81.28571549696582,0.0,303.46
1954-10-25,17.600000262260437,11.485714456864766,6.000000089406967,79.12857260767903,13.49999988079071,303.38
1954-11-01,15.100000225007534,7.571428684251649,-1.3000000193715096,87.68571559233325,12.200000002980232,303.23
1954-11-08,13.100000195205212,6.157142948891435,-1.100000016391277,86.2000012844801,6.599999845027924,303.21
1954-11-15,10.30000015348196,4.200000062584877,-1.5000000223517418,84.31428697066647,10.600000157952309,303.1
1954-11-22,5.700000084936619,-0.3714285769632885,-5.200000077486038,84.91428697960717,6.200000144541264,303.0
1954-11-29,9.600000143051147,3.857142914618765,-3.700000055134296,81.45714407094887,8.40000020712614,302.98
1954-12-06,10.000000149011612,5.028571503502982,-0.9000000134110451,86.71428700642926,8.600000217556953,302.9
1954-12-13,5.4000000804662704,2.3000000342726707,-2.800000041723252,87.94285845330784,31.299999095499516,303.1
1954-12-20,7.500000111758709,1.58571430934327,-2.3000000342726707,91.34285850397178,7.5,303.43
1954-12-27,7.800000116229057,2.8285714707204273,-1.3000000193715096,88.54285846224853,58.299999356269836,304.21
1955-01-03,8.50000012665987,0.6857142959322248,-4.90000007301569,85.90000128000975,20.799999862909317,304.95
1955-01-10,0.4000000059604645,-6.528571525854724,-13.500000201165676,85.22857269857612,2.5999999046325684,304.96
1955-01-17,7.500000111758709,-0.1714285739830562,-4.500000067055225,87.78571559382337,49.50000152736902,305.37
1955-01-24,1.80000002682209,-2.742857183728899,-11.900000177323818,83.11428695278508,1.7000000476837158,306.04
1955-01-31,6.400000095367432,-0.828571440918105,-5.000000074505806,84.18571554017919,0.0,305.91
1955-02-07,6.70000009983778,1.8857143138136183,-2.600000038743019,84.91428697960717,16.69999986886978,305.79
1955-02-14,6.500000096857548,-0.985714300402573,-9.00000013411045,84.20000125467777,25.30000026524067,305.83
1955-02-21,0.5000000074505806,-6.128571519894259,-19.10000028461218,80.21428690957171,9.200000181794167,305.88
1955-02-28,-1.5000000223517418,-5.771428657429559,-16.100000239908695,74.54285825363228,0.0,305.6
1955-03-07,5.700000084936619,-3.31428576367242,-12.000000178813934,74.42857253764357,7.8999998569488525,305.47
1955-03-14,4.700000070035458,-2.614285753241607,-10.100000150501728,77.62857258532729,0.0,305.19
1955-03-21,3.700000055134296,-1.1857143033828055,-9.900000147521496,81.15714406647852,30.19999933242798,305.16
1955-03-28,17.100000254809856,7.557142969753061,-3.1000000461936,75.87142970200095,11.800000436604023,305.88
1955-04-04,12.90000019222498,2.542857180748667,-7.200000107288361,74.55714396813086,8.000000014901161,306.24
1955-04-11,17.00000025331974,7.471428682761533,3.1000000461936,86.54285843244621,24.69999986886978,306.07
1955-04-18,12.800000190734863,4.7285714990326335,-1.3000000193715096,74.54285825363228,5.899999991059303,305.95
1955-04-25,11.900000177323818,3.7571429131286487,-4.700000070035458,68.34285816124508,6.900000095367432,305.81
1955-05-02,27.3000004068017,13.800000205636024,-2.600000038743019,61.48571520192282,6.299999810755253,305.61
1955-05-09,22.500000335276127,11.071428736405712,2.200000032782554,73.72857252721276,28.999999836087227,305.33
1955-05-16,17.50000026077032,7.757142972733293,-1.600000023841858,77.65714401432446,25.299999833106995,305.16
1955-05-23,14.300000213086603,6.614285812846252,-0.5000000074505806,76.10000113397837,14.199999988079071,304.9
1955-05-30,18.6000002771616,10.642857301448073,3.700000055134296,74.50000111013651,9.800000190734863,304.74
1955-06-06,22.600000336766243,13.100000195205212,1.3000000193715096,67.8428581537945,0.2000000029802322,304.59
1955-06-13,25.100000374019142,11.414285884371825,2.3000000342726707,79.80000118911266,70.3000020980835,304.69
1955-06-20,25.100000374019142,14.47142878706966,4.200000062584877,73.11428680377347,8.899999812245369,304.91
1955-06-27,28.10000041872263,17.185714541801385,10.500000156462193,77.57142972733293,11.300000190734863,304.72
1955-07-04,24.600000366568565,15.100000225007534,8.400000125169754,78.22857259426799,29.299999192357063,304.54
1955-07-11,23.100000344216824,15.42857165847506,9.400000140070915,82.72857266132321,36.00000038743019,304.63
1955-07-18,30.100000448524952,19.571428863065584,12.4000001847744,79.67142975862537,21.099999606609348,304.48
1955-07-25,23.80000035464764,17.12857168380703,11.400000169873238,85.87142985101256,12.600000239908695,304.31
1955-08-01,21.60000032186508,15.028571652514595,9.00000013411045,86.80000129342079,34.70000076293945,304.15
1955-08-08,22.600000336766243,13.814285920134612,7.200000107288361,85.0000012665987,22.19999998807907,304.23
1955-08-15,22.30000033229589,15.385714514979295,8.900000132620335,85.7142869915281,11.299999989569187,304.0
1955-08-22,26.80000039935112,17.58571454776185,10.900000162422655,81.52857264344182,1.0000000149011612,303.74
1955-08-29,25.80000038444996,15.585714517959527,7.500000111758709,85.6000012755394,7.600000083446503,303.69
1955-09-05,23.300000347197056,16.457143102373397,9.900000147521496,81.24285835347006,9.999999895691872,303.48
1955-09-12,23.500000350177288,14.528571645064014,8.100000120699406,86.01428699599845,13.000000238418579,303.37
1955-09-19,16.800000250339508,10.114285865000316,5.900000087916851,85.57142984654222,17.800000101327896,303.24
1955-09-26,22.800000339746475,12.657143045748983,4.700000070035458,82.52857265834298,5.599999904632568,303.12
1955-10-03,17.100000254809856,9.114285850099154,3.200000047683716,83.80000124871731,5.700000002980232,302.97
1955-10-10,15.400000229477882,9.285714424082212,2.7000000402331352,84.35714411416224,1.3999999985098839,302.87
1955-10-17,16.100000239908695,8.900000132620335,0.1000000014901161,89.31428704517228,9.199999623000622,302.75
1955-10-24,16.600000247359276,6.84285724482366,-2.0000000298023224,80.07142976458583,12.299999833106995,302.67
1955-10-31,9.900000147521496,3.7285714841314723,-2.600000038743019,86.00000128149986,17.49999964237213,302.58
1955-11-07,17.600000262260437,5.214285791984627,-4.700000070035458,86.50000128895044,0.8000000268220901,302.51
1955-11-14,13.600000202655792,6.8142858158264845,0.5000000074505806,89.07142989869628,0.0,302.43
1955-11-21,4.90000007301569,0.6285714379378727,-3.400000050663948,91.34285850397178,9.299999929964542,302.33
1955-11-28,5.700000084936619,0.9571428714053971,-8.300000123679638,87.971429882305,10.699999786913395,302.26
1955-12-05,6.500000096857548,2.6571428967373714,-2.200000032782554,88.54285846224853,7.999999895691872,302.16
1955-12-12,7.200000107288361,1.685714310833386,-5.700000084936619,87.12857272688832,20.299999810755253,302.14
1955-12-19,8.100000120699406,0.6857142959322248,-10.80000016093254,88.62857274924006,26.199999570846558,302.51
1955-12-26,6.200000092387199,1.1714285888842173,-6.500000096857548,90.00000134110451,12.09999966621399,302.67
1956-01-02,11.400000169873238,3.5571429101484164,-0.1000000014901161,89.50000133365393,41.19999980926514,302.88
1956-01-09,1.600000023841858,-1.5000000223517418,-7.300000108778477,87.48571558935302,2.200000047683716,303.45
1956-01-16,8.600000128149986,2.600000038743019,-3.200000047683716,83.62857267473426,7.500000029802322,303.36
1956-01-23,6.000000089406967,2.571428609745843,-1.3000000193715096,81.70000121742487,18.5,303.38
1956-01-30,5.000000074505806,-3.7571429131286487,-12.10000018030405,85.57142984654222,19.399999618530273,303.58
1956-02-06,-1.80000002682209,-10.471428727465016,-22.100000329315662,78.22857259426799,4.599999912083149,303.72
1956-02-13,-2.3000000342726707,-12.24285732528993,-20.60000030696392,78.9285726046988,7.400000050663948,303.73
1956-02-20,-5.500000081956387,-12.885714477726392,-23.300000347197056,81.48571549994605,4.200000092387199,303.65
1956-02-27,0.1000000014901161,-10.614285872450896,-20.000000298023224,79.85714404710701,0.4000000059604644,303.55
1956-03-05,8.50000012665987,2.9428571867091313,-2.600000038743019,84.60000126063824,46.89999909698963,304.19
1956-03-12,5.200000077486038,-1.671428596334798,-8.300000123679638,72.61428679632289,3.1000000536441803,305.33
1956-03-19,7.400000110268593,0.2857142899717603,-6.000000089406967,78.70000117272139,6.0,305.45
1956-03-26,15.500000230968,5.814285800925323,-1.700000025331974,78.57142974223409,0.0,305.26
1956-04-02,19.60000029206276,6.685714385339192,0.2000000029802322,73.8000010997057,0.0,305.03
1956-04-09,12.000000178813934,1.6142857383404459,-6.500000096857548,76.95714400389365,13.700000025331974,304.78
1956-04-16,15.400000229477882,7.571428684251649,-2.200000032782554,82.15714408137968,65.700000166893,304.88
1956-04-23,12.300000183284284,3.157142904187952,-0.5000000074505806,82.47142980034862,14.1999996304512,306.27
1956-04-30,17.80000026524067,8.471428697662693,1.5000000223517418,73.48571538073676,1.100000023841858,306.06
1956-05-07,23.000000342726707,10.571428728955132,1.0000000149011612,69.21428674565894,3.8999999165534973,305.83
1956-05-14,21.800000324845318,11.24285731038877,4.700000070035458,71.84285821339914,11.599999904632568,305.55
1956-05-21,19.500000290572643,8.900000132620335,-1.3000000193715096,69.92857247058835,4.899999797344208,305.3
1956-05-28,25.80000038444996,15.20000022649765,3.400000050663948,64.22857238565173,4.0,305.03
1956-06-04,27.80000041425228,16.057143096412933,5.900000087916851,73.45714395173958,5.300000190734864,304.81
1956-06-11,23.600000351667404,13.32857162718262,7.700000114738941,82.84285837731191,62.10000002384186,304.69
1956-06-18,20.30000030249357,12.442857328270163,5.700000084936619,78.35714402475527,14.299999602138994,304.79
1956-06-25,19.500000290572643,11.400000169873238,6.500000096857548,83.52857267324414,32.60000044107437,304.64
1956-07-02,25.600000381469727,14.385714500078134,8.100000120699406,78.90000117570162,50.999998427927494,304.71
1956-07-09,25.300000376999375,17.2857145432915,9.100000135600569,76.38571542395013,7.200000017881393,305.28
1956-07-16,25.80000038444996,16.614285961857863,12.000000178813934,87.58571559084314,130.30000114440918,305.86
1956-07-23,22.000000327825543,15.228571655494827,9.500000141561031,84.5142869736467,53.29999929666519,307.44
1956-07-30,25.300000376999375,16.58571453286069,10.600000157952309,79.48571547014373,20.500000774860382,307.65
1956-08-06,20.10000029951334,12.614285902253219,6.500000096857548,83.35714409926108,38.99999962002039,307.07
1956-08-13,23.500000350177288,14.942857365523066,8.50000012665987,78.34285831025669,2.3999999538064003,306.63
1956-08-20,22.800000339746475,14.871428793030125,8.100000120699406,77.18571543587106,12.099999956786633,306.16
1956-08-27,19.30000028759241,12.81428590523345,7.000000104308128,82.30000122636557,28.299999952316284,305.82
1956-09-03,22.100000329315662,12.742857332740511,5.000000074505806,85.54285841754505,21.400000005960464,305.57
1956-09-10,21.800000324845318,13.457143057669912,6.500000096857548,85.88571556551116,11.499999910593033,305.3
1956-09-17,20.30000030249357,11.514285885861941,3.400000050663948,85.08571555359023,13.600000336766245,305.04
1956-09-24,22.600000336766243,12.557143044258867,3.1000000461936,78.22857259426799,0.0,304.77
1956-10-01,22.600000336766243,14.057143066610609,7.500000111758709,88.18571559978383,22.00000023841858,304.52
1956-10-08,21.000000312924385,7.757142972733293,0.2000000029802322,85.74285842052528,34.30000050365925,304.52
1956-10-15,14.100000210106373,7.800000116229057,1.80000002682209,86.81428700791938,0.0,304.51
1956-10-22,16.800000250339508,10.642857301448073,2.200000032782554,88.47142988975558,16.399999625980854,304.39
1956-10-29,12.90000019222498,5.857142944421087,-1.0000000149011612,88.68571560723441,24.000000536441803,304.37
1956-11-05,7.500000111758709,1.628571452839034,-7.300000108778477,88.15714417078665,10.299999952316284,304.41
1956-11-12,9.00000013411045,4.700000070035458,-1.600000023841858,88.71428703623158,7.099999740719795,304.37
1956-11-19,7.400000110268593,3.5714286246470044,-1.3000000193715096,89.64285847863981,7.399999909102917,304.26
1956-11-26,7.500000111758709,-2.0428571732980862,-7.000000104308128,78.11428687827927,17.300000190734863,304.28
1956-12-03,7.200000107288361,1.0000000149011612,-6.500000096857548,87.6285727343389,24.0,304.5
1956-12-10,9.3000001385808,6.157142948891435,0.4000000059604645,90.11428705709321,5.200000032782555,304.69
1956-12-17,11.500000171363354,6.685714385339192,3.000000044703484,82.34285836986133,12.499999701976776,304.78
1956-12-24,6.500000096857548,-0.27142857547317234,-5.200000077486038,89.67142990763698,11.599999845027924,304.87
1956-12-31,-1.3000000193715096,-4.957142931010042,-10.100000150501728,82.60000123083591,1.100000023841858,304.89
1957-01-07,10.100000150501728,2.4428571792585507,-8.50000012665987,88.95714418270758,19.89999983459711,304.77
1957-01-14,7.500000111758709,1.2571428758757455,-3.700000055134296,87.0285727253982,14.399999864399433,305.15
1957-01-21,0.4000000059604645,-4.800000071525574,-10.30000015348196,84.5142869736467,0.0,305.26
1957-01-28,5.700000084936619,-0.7428571539265769,-9.600000143051147,79.78571547461408,11.100000023841858,305.21
1957-02-04,12.300000183284284,5.085714361497334,-0.6000000089406967,89.185715614685,16.799999833106995,305.33
1957-02-11,11.800000175833702,5.671428655939443,2.0000000298023224,83.71428696172578,15.699999988079071,305.64
1957-02-18,6.500000096857548,2.628571467740195,-2.7000000402331352,87.08571558339256,28.10000029951334,306.17
1957-02-25,5.500000081956387,1.1142857308898653,-4.700000070035458,86.00000128149986,22.699999928474426,306.41
1957-03-04,10.80000016093254,1.5714285948446818,-5.4000000804662704,75.48571541053909,2.0999999046325684,306.58
1957-03-11,12.600000187754633,4.700000070035458,-2.600000038743019,84.60000126063824,8.800000011920929,306.31
1957-03-18,17.80000026524067,8.742857273135867,-0.800000011920929,76.68571542842048,14.500000059604645,306.09
1957-03-25,16.300000242888927,8.200000122189522,1.0000000149011612,77.44285829684564,10.599999725818634,305.8
1957-04-01,15.500000230968,6.62857152734484,2.600000038743019,86.37142985846315,16.09999990463257,305.59
1957-04-08,19.30000028759241,7.214285821786949,-1.0000000149011612,73.35714395024947,11.899999618530272,305.65
1957-04-15,14.600000217556952,2.9428571867091313,-3.6000000536441803,75.55714398303202,5.799999810755253,305.47
1957-04-22,14.600000217556952,7.785714401730469,-1.0000000149011612,68.38571530474084,2.100000001490116,305.29
1957-04-29,20.800000309944156,11.200000166893005,1.0000000149011612,70.5714296230248,30.799999237060547,305.14
1957-05-06,14.600000217556952,5.68571437043803,-0.5000000074505806,76.35714399495295,16.19999998807907,305.15
1957-05-13,20.30000030249357,8.300000123679638,-2.200000032782554,71.37142963494573,5.999999977648258,304.99
1957-05-20,23.100000344216824,11.857143033828054,4.000000059604645,73.42857252274241,3.40000007301569,304.79
1957-05-27,15.600000232458116,8.385714410671167,1.100000016391277,74.95714397409132,33.89999961853027,304.7
1957-06-03,24.8000003695488,12.90000019222498,-0.2000000029802322,62.871429508285864,4.700000047683716,304.6
1957-06-10,24.300000362098217,14.971428794520241,4.200000062584877,69.00000102818012,5.300000004470348,304.4
1957-06-17,27.700000412762165,17.185714541801385,7.400000110268593,59.400000885128975,11.399999976158142,304.22
1957-06-24,29.800000444054604,16.15714309790305,7.800000116229057,75.32857255105462,19.69999960064888,304.05
1957-07-01,32.600000485777855,18.314285987189837,5.900000087916851,68.34285816124508,5.899999916553497,303.93
1957-07-08,35.60000053048134,23.82857178364481,15.600000232458116,66.5142867054258,14.400000005960464,303.75
1957-07-15,24.8000003695488,16.42857167337622,9.500000141561031,76.5428582834346,15.599999524652956,303.66
1957-07-22,21.300000317394733,14.48571450156825,8.300000123679638,81.40000121295452,13.899999916553497,303.5
1957-07-29,18.30000027269125,13.914285921624728,10.000000149011612,86.15714414098433,47.80000042915344,303.39
1957-08-05,24.8000003695488,15.014285938016005,7.200000107288361,76.87142971690211,0.0,303.39
1957-08-12,24.50000036507845,17.92857169572796,9.80000014603138,74.10000110417604,5.5,303.37
1957-08-19,22.30000033229589,13.97142877961908,9.500000141561031,82.7428583758218,23.399999856948853,303.3
1957-08-26,20.10000029951334,12.485714471765927,6.200000092387199,80.97142977799687,40.59999877214432,303.23
1957-09-02,17.00000025331974,11.400000169873238,5.700000084936619,84.35714411416224,22.19999983906746,303.15
1957-09-09,24.50000036507845,13.371428770678383,4.200000062584877,82.77142980481896,5.899999886751175,303.02
1957-09-16,18.80000028014183,10.700000159442425,6.400000095367432,80.0000011920929,35.99999973922968,302.98
1957-09-23,21.1000003144145,12.68571447474616,4.700000070035458,88.25714417227677,46.09999933838844,303.08
1957-09-30,13.500000201165676,8.300000123679638,1.100000016391277,83.18571552527803,25.699999451637268,303.61
1957-10-07,15.000000223517418,7.257142965282712,-0.2000000029802322,83.61428696023566,0.7999999895691872,303.68
1957-10-14,19.30000028759241,10.714285873941012,5.200000077486038,85.98571556700128,0.0,303.46
1957-10-21,16.100000239908695,9.642857286546912,1.3000000193715096,84.05714410969189,22.59999978542328,303.4
1957-10-28,13.40000019967556,7.328571537775653,2.600000038743019,87.57142987634454,10.499999940395355,303.48
1957-11-04,13.300000198185444,7.757142972733293,-0.2000000029802322,81.07142977948699,0.400000013411045,303.42
1957-11-11,10.500000156462193,7.05714296230248,3.500000052154064,88.52857274774995,21.49999962002039,303.39
1957-11-18,8.00000011920929,2.8000000417232513,-0.5000000074505806,89.07142989869628,1.3000000268220901,303.5
1957-11-25,4.700000070035458,1.2571428758757455,-3.700000055134296,84.55714411714247,0.6000000089406967,303.42
1957-12-02,7.900000117719173,1.5571428803460938,-9.00000013411045,83.5714298167399,5.899999909102917,303.3
1957-12-09,9.3000001385808,1.8857143138136183,-2.800000041723252,87.87142988081489,15.999999813735485,303.28
1957-12-16,4.000000059604645,-2.1714286037853787,-14.000000208616257,85.44285841605493,17.10000041127205,303.35
1957-12-23,2.500000037252903,-1.0000000149011612,-13.40000019967556,87.8571441663163,2.4999999403953552,303.31
1957-12-30,3.700000055134296,0.31428571896893637,-4.500000067055225,84.22857268367495,9.899999812245369,303.47
1958-01-06,6.000000089406967,-0.828571440918105,-12.000000178813934,87.08571558339256,25.90000007301569,303.87
1958-01-13,6.000000089406967,1.6142857383404459,-3.000000044703484,88.75714417972735,24.5,304.98
1958-01-20,4.000000059604645,0.5000000074505806,-2.800000041723252,87.92857273880925,8.600000016391277,305.42
1958-01-27,2.7000000402331352,-3.2428571911794797,-11.60000017285347,80.45714405604771,4.399999916553497,305.23
1958-02-03,4.90000007301569,-0.7571428684251649,-7.500000111758709,80.10000119358301,0.7999999895691872,305.19
1958-02-10,12.500000186264517,2.1714286037853787,-6.000000089406967,81.3000012114644,14.700000122189522,305.12
1958-02-17,14.600000217556952,7.842857259724822,-1.600000023841858,79.77142976011548,22.40000057220459,305.27
1958-02-24,3.200000047683716,-0.828571440918105,-4.700000070035458,85.54285841754505,50.9000007212162,305.69
1958-03-03,7.500000111758709,-1.1571428743856293,-10.500000156462193,84.14285839668342,10.300000309944153,306.71
1958-03-10,5.700000084936619,-0.800000011920929,-7.000000104308128,84.30000125616789,11.500000193715096,306.75
1958-03-17,0.6000000089406967,-3.7714286276272366,-11.000000163912771,80.21428690957171,4.399999991059303,306.39
1958-03-24,2.7000000402331352,-4.457142923559461,-14.800000220537186,82.24285836837122,11.599999763071537,306.13
1958-03-31,13.100000195205212,3.442857194159712,-6.900000102818012,80.71428691702229,8.999999761581421,306.09
1958-04-07,15.500000230968,3.428571479661124,-5.000000074505806,77.80000115931034,8.799999840557575,306.11
1958-04-14,13.300000198185444,2.0000000298023224,-3.200000047683716,77.12857257787671,11.700000047683716,305.97
1958-04-21,14.800000220537186,6.614285812846252,-2.1000000312924385,74.17142967666898,3.8999999538064003,305.74
1958-04-28,18.30000027269125,6.357142951871667,-2.500000037252903,75.4571439815419,28.90000009536743,305.54
1958-05-05,23.300000347197056,10.200000151991844,2.200000032782554,69.2571438891547,5.5,305.44
1958-05-12,22.000000327825543,13.97142877961908,8.50000012665987,83.50000124424696,47.8999999165535,305.34
1958-05-19,17.600000262260437,11.542857314859118,5.4000000804662704,80.72857263152089,18.799999549984932,305.64
1958-05-26,25.700000382959843,15.042857367013182,6.000000089406967,77.18571543587106,17.0,305.75
1958-06-02,26.100000388920307,14.34285735658237,5.4000000804662704,76.6571439994233,25.09999978542328,305.64
1958-06-09,20.10000029951334,13.4714287721685,7.500000111758709,80.55714405753783,29.999999403953552,305.85
1958-06-16,24.100000359117985,12.757143047239099,4.700000070035458,69.94285818508693,0.0,305.62
1958-06-23,26.80000039935112,14.12857163910355,5.4000000804662704,78.0857154492821,23.70000034570694,305.39
1958-06-30,22.800000339746475,14.200000211596489,7.500000111758709,82.94285837880203,69.6000018119812,305.8
1958-07-07,21.000000312924385,15.314285942486354,10.80000016093254,88.15714417078665,47.09999871253967,306.15
1958-07-14,28.200000420212746,18.114285984209605,9.100000135600569,75.17142969157014,0.0,306.52
1958-07-21,28.700000427663326,17.114285969308444,8.00000011920929,71.91428678589207,9.200000122189522,306.13
1958-07-28,21.800000324845318,14.542857359562602,6.800000101327896,76.50000113993883,5.5,305.72
1958-08-04,28.80000042915344,16.100000239908695,7.700000114738941,75.95714398899248,12.5,305.33
1958-08-11,26.700000397861004,17.600000262260437,10.30000015348196,78.60000117123127,29.99999938160181,305.04
1958-08-18,24.00000035762787,16.62857167635645,10.400000154972076,83.2142869542752,29.799998998641968,304.8
1958-08-25,25.80000038444996,15.34285737148353,10.500000156462193,82.22857265387263,65.00000001490116,304.85
1958-09-01,27.700000412762165,16.971428824322565,8.100000120699406,76.60000114142895,0.699999988079071,304.78
1958-09-08,27.80000041425228,15.942857380424227,6.000000089406967,72.714286797813,0.1000000014901161,304.55
1958-09-15,27.3000004068017,13.90000020712614,5.500000081956387,81.34285835496017,5.400000050663948,304.4
1958-09-22,19.10000028461218,13.40000019967556,8.00000011920929,88.98571561170476,9.700000025331974,304.16
1958-09-29,19.60000029206276,11.60000017285347,5.200000077486038,85.92857270900693,26.50000023841858,304.03
1958-10-06,22.600000336766243,12.000000178813934,6.200000092387199,82.04285836539098,1.800000049173832,303.88
1958-10-13,21.000000312924385,11.114285879901477,2.600000038743019,84.32857268516507,7.099999904632568,303.71
1958-10-20,13.100000195205212,7.414285824767181,1.80000002682209,86.82857272241797,44.70000000298023,303.58
1958-10-27,11.500000171363354,7.214285821786949,0.9000000134110451,88.60000132024288,1.0999999940395355,303.66
1958-11-03,11.800000175833702,5.585714368947914,-0.1000000014901161,88.31428703027112,22.69999960809946,303.57
1958-11-10,9.80000014603138,4.54285721055099,1.0000000149011612,89.91428705411298,5.799999892711639,303.45
1958-11-17,7.800000116229057,5.500000081956387,0.1000000014901161,93.18571567428964,3.7000000029802322,303.36
1958-11-24,7.300000108778477,3.628571482641356,0.6000000089406967,91.64285850844213,0.4000000059604644,303.25
1958-12-01,4.500000067055225,0.9714285859039852,-2.7000000402331352,86.05714413949421,1.9000000655651093,303.17
1958-12-08,2.600000038743019,-1.4000000208616257,-7.800000116229057,86.28571557147163,3.800000049173832,303.07
1958-12-15,5.500000081956387,2.457142893757139,-4.000000059604645,90.45714420505932,31.09999966621399,303.09
1958-12-22,7.900000117719173,4.814285786024162,0.6000000089406967,85.1142869825874,9.900000013411045,303.32
1958-12-29,7.400000110268593,2.614285753241607,-0.4000000059604645,90.2428584875805,22.100000023841858,303.37
1959-01-05,7.500000111758709,2.614285753241607,-2.1000000312924385,82.65714408883026,12.59999993443489,303.81
1959-01-12,6.000000089406967,-1.4714285933545657,-9.400000140070915,87.64285844883749,29.200000047683716,304.1
1959-01-19,3.200000047683716,-3.428571479661124,-12.10000018030405,84.61428697513682,2.599999964237213,304.17
1959-01-26,10.80000016093254,3.285714334675244,-6.500000096857548,79.8714297616056,19.699999928474426,304.57
1959-02-02,4.700000070035458,-1.757142883326326,-7.200000107288361,80.81428691851241,0.0,304.84
1959-02-09,4.000000059604645,-3.7000000551342964,-8.900000132620335,81.02857263599124,0.0,304.8
1959-02-16,8.300000123679638,-1.0428571583969253,-8.50000012665987,80.51428691404206,0.6000000238418579,304.63
1959-02-23,7.000000104308128,1.685714310833386,-3.1000000461936,85.50000127404928,5.30000002682209,304.52
1959-03-02,17.30000025779009,4.842857215021338,-1.600000023841858,80.22857262407031,0.1000000014901161,304.36
1959-03-09,15.800000235438349,7.571428684251649,-0.2000000029802322,78.50000116974115,3.5,304.22
1959-03-16,8.600000128149986,2.471428608255727,-4.700000070035458,71.45714392193726,5.600000023841858,304.07
1959-03-23,17.100000254809856,7.214285821786949,-0.2000000029802322,79.14285832217762,1.2000000104308128,303.92
1959-03-30,17.30000025779009,7.157142963792596,-0.2000000029802322,80.91428692000252,11.999999798834324,303.82
1959-04-06,19.30000028759241,7.985714404710701,-1.3000000193715096,76.07142970498118,10.900000013411045,303.69
1959-04-13,20.60000030696392,7.785714401730469,1.3000000193715096,78.70000117272139,9.999999940395355,303.57
1959-04-20,24.300000362098217,11.257143024887357,-3.1000000461936,70.05714390107563,1.7999999821186066,303.47
1959-04-27,18.0000002682209,8.35714298167399,-3.9000000581145287,71.8857153568949,3.5000000596046448,303.35
1959-05-04,21.300000317394733,10.342857296977725,1.80000002682209,77.80000115931034,9.499999821186066,303.27
1959-05-11,25.300000376999375,14.271428784089428,1.0000000149011612,64.22857238565173,0.0,303.12
1959-05-18,21.800000324845318,11.914285891822406,2.7000000402331352,75.51428683953625,22.99999964237213,303.08
1959-05-25,22.100000329315662,13.785714491137437,3.400000050663948,68.58571530772107,0.0,302.99
1959-06-01,20.800000309944156,10.900000162422657,4.500000067055225,77.08571543438094,12.800000287592413,302.92
1959-06-08,27.3000004068017,16.314285957387515,6.200000092387199,71.51428677993161,19.800000429153442,302.82
1959-06-15,22.000000327825543,12.800000190734863,6.000000089406967,75.65714398452214,24.799999713897705,302.86
1959-06-22,26.30000039190054,16.385714529880456,5.000000074505806,61.81428663539035,0.6000000014901161,302.85
1959-06-29,25.600000381469727,17.357143115784442,8.00000011920929,63.04285808226892,10.299999833106995,302.78
1959-07-06,28.200000420212746,16.5714288183621,8.50000012665987,80.85714406200817,24.199999690055847,302.7
1959-07-13,34.30000051110983,21.942857469831193,10.400000154972076,63.057143796767505,0.5000000074505805,302.63
1959-07-20,29.300000436604023,18.414285988679953,8.900000132620335,63.857143808688434,0.0,302.55
1959-07-27,29.300000436604023,20.3857145894851,9.900000147521496,63.52857237522091,24.300000429153442,302.46
1959-08-03,27.10000040382147,15.885714522429875,11.400000169873238,78.28571545226234,28.600000381469727,302.4
1959-08-10,28.200000420212746,17.50000026077032,7.200000107288361,78.5571440277355,15.100000083446503,302.33
1959-08-17,28.10000041872263,17.08571454031127,10.500000156462193,78.90000117570162,38.19999912381172,302.29
1959-08-24,28.300000421702865,18.9571431396263,11.800000175833702,74.35714396515063,0.1000000014901161,302.29
1959-08-31,26.80000039935112,14.428571643573898,4.200000062584877,75.35714398005179,0.0,302.23
1959-09-07,22.800000339746475,13.54285734466144,3.6000000536441803,67.51428672032696,0.0,302.08
1959-09-14,28.000000417232517,14.271428784089428,4.000000059604645,64.00000095367432,0.0,302.04
1959-09-21,24.50000036507845,11.342857311878886,0.2000000029802322,65.32857240204301,0.3000000119209289,301.97
1959-09-28,21.60000032186508,11.714285888842173,1.600000023841858,74.71428682761533,1.399999976158142,301.89
1959-10-05,22.800000339746475,9.557142999555383,-0.6000000089406967,64.5000009611249,0.0,301.76
1959-10-12,19.60000029206276,7.71428582923753,-2.0000000298023224,65.6857152645077,0.0,301.76
1959-10-19,18.80000028014183,7.271428679781301,-2.200000032782554,72.18571536136525,0.8999999761581421,301.72
1959-10-26,13.600000202655792,7.600000113248825,-0.1000000014901161,81.37142978395734,16.59999978542328,301.66
1959-11-02,13.100000195205212,5.771428657429559,2.0000000298023224,87.27142987187419,35.400000393390656,301.59
1959-11-09,9.80000014603138,2.628571467740195,-1.80000002682209,88.942858468209,6.600000113248825,301.55
1959-11-16,7.000000104308128,3.7285714841314723,0.5000000074505806,89.4142870466624,30.699999511241913,301.51
1959-11-23,13.100000195205212,3.7571429131286487,-2.1000000312924385,87.18571558488267,1.6000000089406967,301.49
1959-11-30,7.700000114738941,1.2714285903743334,-3.200000047683716,87.18571558488267,3.8000000715255737,301.46
1959-12-07,5.700000084936619,1.757142883326326,-2.200000032782554,91.87142994041953,0.3000000119209289,301.42
1959-12-14,-0.5000000074505806,-2.7857143272246634,-5.500000081956387,88.35714417376688,1.0,301.36
1959-12-21,8.300000123679638,2.1857143182839667,-5.200000077486038,88.64285846373865,18.200000286102295,301.3
1959-12-28,9.00000013411045,4.714285784534046,0.1000000014901161,84.34285839966365,15.299999848008156,301.27
1960-01-04,9.00000013411045,5.642857226942267,2.800000041723252,87.0285727253982,13.69999972730875,301.27
1960-01-11,5.700000084936619,-1.3142857338700975,-12.10000018030405,87.08571558339256,27.400000274181366,301.38
1960-01-18,-0.800000011920929,-9.014285848609038,-21.50000032037497,85.30000127106905,11.700000122189522,301.49
1960-01-25,6.800000101327896,1.8857143138136183,-2.600000038743019,85.81428699301821,6.199999958276749,301.46
1960-02-01,8.50000012665987,1.528571451348918,-5.200000077486038,86.72857272092786,25.600000143051147,301.74
1960-02-08,2.200000032782554,-3.0142857592020715,-11.900000177323818,77.82857258830752,0.3000000044703483,302.25
1960-02-15,3.1000000461936,-0.5285714364477566,-10.400000154972076,80.1285726225802,5.999999970197678,302.23
1960-02-22,6.200000092387199,0.6428571524364608,-5.4000000804662704,81.57142978693757,1.0000000223517418,302.18
1960-02-29,16.300000242888927,5.100000075995922,-3.400000050663948,86.34285842946598,12.700000122189522,302.05
1960-03-07,12.4000001847744,4.185714348086289,-4.200000062584877,82.64285837433168,9.0,302.07
1960-03-14,14.500000216066836,3.328571478171008,-5.000000074505806,76.7857154299106,0.6000000238418579,302.15
1960-03-21,13.500000201165676,1.8857143138136183,-1.100000016391277,83.42857267175403,0.8999999761581421,302.07
1960-03-28,16.800000250339508,6.357142951871667,-2.1000000312924385,77.12857257787671,6.599999904632568,302.05
1960-04-04,17.80000026524067,6.4285715243646075,-1.5000000223517418,74.77142968560968,0.7000000104308128,301.97
1960-04-11,17.00000025331974,8.85714298912457,0.2000000029802322,70.4571439070361,13.299999862909317,301.91
1960-04-18,14.600000217556952,7.157142963792596,1.0000000149011612,74.12857253317323,11.299999833106995,301.83
1960-04-25,19.60000029206276,8.314285838178225,1.100000016391277,68.94285817018577,11.800000287592411,301.79
1960-05-02,8.400000125169754,3.857142914618765,-0.2000000029802322,79.98571547759431,13.49999988079071,301.76
1960-05-09,21.300000317394733,11.857143033828054,-2.0000000298023224,57.700000859797,0.0,301.74
1960-05-16,24.8000003695488,15.614285946956702,5.200000077486038,77.21428686486823,31.30000013113022,301.71
1960-05-23,22.500000335276127,13.200000196695328,7.200000107288361,86.02857271049704,21.200000062584877,301.72
1960-05-30,18.80000028014183,11.52857160036053,3.000000044703484,78.38571545375245,39.49999958276749,301.76
1960-06-06,26.600000396370888,16.35714310088328,7.300000108778477,70.71428676801068,0.5,301.91
1960-06-13,24.50000036507845,15.77142880644117,8.00000011920929,76.92857257489648,32.50000113248825,301.99
1960-06-20,26.50000039488077,14.757143077041421,6.500000096857548,75.8285725585052,0.5000000074505805,302.1
1960-06-27,27.3000004068017,18.314285987189837,7.000000104308128,66.5142867054258,0.0,302.12
1960-07-04,18.80000028014183,10.52857158545937,4.200000062584877,72.85714394279888,5.199999928474426,302.03
1960-07-11,21.1000003144145,14.642857361052718,7.900000117719173,81.52857264344182,30.09999966621399,301.94
1960-07-18,24.300000362098217,16.100000239908695,8.100000120699406,72.6000010818243,13.100000023841858,301.88
1960-07-25,22.800000339746475,13.642857346151557,6.000000089406967,80.14285833707878,25.80000014603138,301.82
1960-08-01,28.80000042915344,17.30000025779009,8.800000131130219,79.42857261214938,69.50000039488077,301.7
1960-08-08,22.30000033229589,14.614285932055541,8.900000132620335,82.07142979438815,20.30000038444996,302.22
1960-08-15,21.1000003144145,13.68571448964732,5.900000087916851,84.21428696917636,21.400000125169754,302.44
1960-08-22,24.8000003695488,14.614285932055541,7.000000104308128,81.85714407690934,34.699999153614044,302.42
1960-08-29,28.300000421702865,18.30000027269125,10.80000016093254,83.08571552378791,11.5,302.52
1960-09-05,19.80000029504299,13.500000201165676,9.500000141561031,84.0428583951933,34.199999429285526,302.54
1960-09-12,22.600000336766243,11.88571446282523,4.200000062584877,80.18571548057454,0.1000000014901161,302.6
1960-09-19,23.100000344216824,14.728571648044246,8.300000123679638,83.11428695278508,17.100000381469727,302.54
1960-09-26,17.80000026524067,11.37142874087606,6.200000092387199,83.04285838029215,3.600000023841858,302.46
1960-10-03,18.6000002771616,9.142857279096331,2.1000000312924385,82.90000123530626,12.499999761581421,302.4
1960-10-10,20.30000030249357,11.471428742366177,6.500000096857548,85.80000127851963,25.999999940395355,302.37
1960-10-17,11.500000171363354,6.142857234392848,-0.1000000014901161,87.6285727343389,46.10000117123127,302.53
1960-10-24,15.400000229477882,8.21428583668811,3.400000050663948,87.68571559233325,9.699999868869781,303.2
1960-10-31,15.500000230968,8.85714298912457,2.7000000402331352,86.41428700195891,22.000000476837158,303.41
1960-11-07,13.90000020712614,8.128571549696582,0.9000000134110451,76.55714399793318,7.900000125169754,303.58
1960-11-14,10.600000157952309,3.5857143391455923,-4.200000062584877,85.6000012755394,9.49999988079071,303.62
1960-11-21,9.400000140070915,5.557142939950738,-1.100000016391277,84.400001257658,8.799999989569187,303.62
1960-11-28,12.10000018030405,7.042857247803893,0.0,83.90000125020742,18.39999971538782,303.65
1960-12-05,9.100000135600569,5.32857150797333,-1.0000000149011612,81.37142978395734,25.100000023841858,303.91
1960-12-12,6.200000092387199,0.21428571747882025,-7.300000108778477,90.41428706156356,15.200000047683716,304.22
1960-12-19,1.0000000149011612,-1.4714285933545657,-7.500000111758709,90.7142870660339,15.999999940395355,304.34
1960-12-26,2.3000000342726707,-0.6000000089406967,-7.500000111758709,90.65714420803955,36.29999931156635,304.5
1961-01-02,2.7000000402331352,-0.4000000059604646,-6.900000102818012,88.07142988379512,11.40000033378601,304.74
1961-01-09,5.700000084936619,1.814285741320678,-1.100000016391277,88.12857274178948,19.799999713897705,305.75
1961-01-16,3.400000050663948,-2.1142857457910265,-7.700000114738941,88.60000132024288,14.099999904632568,306.52
1961-01-23,1.3000000193715096,-4.385714351066521,-15.600000232458116,83.88571553570884,5.299999959766865,306.41
1961-01-30,5.700000084936619,-3.9142857726131166,-16.600000247359276,82.84285837731191,21.400000393390656,306.09
1961-02-06,6.70000009983778,1.7857143123235022,-1.600000023841858,87.08571558339256,18.399999894201756,306.59
1961-02-13,9.00000013411045,4.642857212041106,1.3000000193715096,86.3285727149674,28.400000154972076,307.15
1961-02-20,11.000000163912771,3.8142857711230005,-0.5000000074505806,88.47142988975558,2.400000095367432,307.13
1961-02-27,15.400000229477882,6.400000095367432,-1.3000000193715096,76.82857257340636,0.0,306.75
1961-03-06,13.90000020712614,3.9428572016102925,-2.500000037252903,82.72857266132321,8.100000023841858,306.34
1961-03-13,19.30000028759241,7.457142968262945,-1.80000002682209,76.57142971243177,12.299999713897705,306.08
1961-03-20,19.10000028461218,6.657142956342016,-1.100000016391277,76.85714400240353,6.999999858438969,305.82
1961-03-27,12.600000187754633,4.328571493072169,-5.200000077486038,79.25714403816632,9.900000005960464,305.56
1961-04-03,10.100000150501728,6.185714377888611,-1.0000000149011612,82.55714408734015,46.20000147819519,305.44
1961-04-10,23.000000342726707,10.457143012966428,1.100000016391277,76.50000113993883,11.500000014901161,305.84
1961-04-17,20.800000309944156,11.071428736405712,3.500000052154064,81.37142978395734,81.69999980926514,306.3
1961-04-24,19.000000283122063,11.057143021907125,4.000000059604645,88.02857274029937,22.599999822676182,307.39
1961-05-01,15.600000232458116,10.271428724484784,3.400000050663948,87.1428584413869,49.50000138580799,307.55
1961-05-08,21.1000003144145,11.771428746836525,5.500000081956387,83.2142869542752,33.60000002384186,307.57
1961-05-15,15.900000236928465,7.8714286887219975,1.3000000193715096,81.10000120848417,22.400000646710396,307.57
1961-05-22,17.00000025331974,9.400000140070915,3.200000047683716,78.47142974074397,6.400000095367432,307.06
1961-05-29,21.50000032037497,9.428571569068092,3.500000052154064,81.51428692894322,40.30000019073486,306.71
1961-06-05,23.000000342726707,12.442857328270163,5.200000077486038,88.07142988379512,76.70000157505274,308.27
1961-06-12,22.600000336766243,14.242857355092253,8.900000132620335,84.32857268516507,34.49999976158142,308.23
1961-06-19,26.100000388920307,14.085714495607785,5.900000087916851,75.8142868440066,14.700000405311586,307.7
1961-06-26,29.60000044107437,17.50000026077032,6.000000089406967,67.4857152913298,0.1000000014901161,307.09
1961-07-03,31.20000046491623,18.057143126215255,7.400000110268593,69.95714389958552,3.0,306.42
1961-07-10,20.10000029951334,12.657143045748983,4.500000067055225,79.21428689467055,20.600000262260437,305.94
1961-07-17,26.700000397861004,15.114285939506122,8.50000012665987,78.28571545226234,48.300000071525574,305.71
1961-07-24,18.80000028014183,12.82857161973204,9.500000141561031,83.51428695874554,8.899999856948853,305.46
1961-07-31,24.600000366568565,13.857143063630376,6.200000092387199,79.21428689467055,22.99999976158142,305.21
1961-08-07,26.80000039935112,15.70000023394823,6.000000089406967,78.90000117570162,13.499999701976776,304.98
1961-08-14,23.500000350177288,15.257143084492002,7.800000116229057,81.35714406945876,8.499999888241291,304.64
1961-08-21,19.10000028461218,13.04285733721086,8.50000012665987,80.30000119656324,19.49999976158142,304.56
1961-08-28,24.600000366568565,14.771428791540009,8.50000012665987,81.82857264791217,9.699999764561653,304.35
1961-09-04,28.700000427663326,18.328571701688425,9.500000141561031,74.52857253913369,7.700000002980232,304.21
1961-09-11,20.60000030696392,13.242857340191092,6.500000096857548,84.47142983015094,27.5,304.08
1961-09-18,28.80000042915344,16.42857167337622,7.400000110268593,82.15714408137968,9.700000047683716,303.96
1961-09-25,25.300000376999375,15.985714523919992,6.200000092387199,80.52857262854066,0.0,303.74
1961-10-02,24.50000036507845,15.842857378934111,9.80000014603138,82.67142980332885,2.6999999284744263,303.64
1961-10-09,22.100000329315662,11.628571601850647,6.500000096857548,85.0000012665987,7.1000001430511475,303.49
1961-10-16,20.60000030696392,9.257142995085035,1.100000016391277,83.77142981972013,1.5,303.33
1961-10-23,13.000000193715096,6.5571429548519,0.5000000074505806,85.80000127851963,14.500000059604645,303.2
1961-10-30,16.50000024586916,9.814285860529967,2.7000000402331352,87.95714416780642,24.00000038743019,303.09
1961-11-06,11.400000169873238,4.90000007301569,-3.1000000461936,86.71428700642926,8.200000062584877,303.01
1961-11-13,10.000000149011612,4.842857215021338,-1.80000002682209,88.5857156057443,26.80000013113022,302.96
1961-11-20,6.200000092387199,2.271428605275495,-2.200000032782554,88.11428702729089,1.3000000268220901,302.91
1961-11-27,6.900000102818012,1.700000025331974,-7.000000104308128,86.0857155684914,13.70000022649765,302.92
1961-12-04,13.600000202655792,5.642857226942267,-1.700000025331974,87.05714415439537,36.199999906122684,302.95
1961-12-11,13.600000202655792,2.9285714722105434,-4.200000062584877,82.24285836837122,18.699999906122684,303.26
1961-12-18,12.10000018030405,-4.442857209060874,-15.300000227987766,83.98571553719896,30.49999962002039,303.94
1961-12-25,2.0000000298023224,-5.300000078976154,-14.900000222027302,86.01428699599845,3.5999999567866325,304.2
1962-01-01,7.500000111758709,-3.0285714737006595,-14.900000222027302,82.87142980630908,1.1000000312924385,304.07
1962-01-08,2.600000038743019,-1.9571428863065583,-9.900000147521496,89.02857275520053,6.100000023841858,303.98
1962-01-15,9.00000013411045,3.071428617196424,-1.100000016391277,82.17142979587827,7.800000235438347,303.98
1962-01-22,9.80000014603138,5.028571503502982,-1.600000023841858,81.44285835645029,4.900000050663948,303.98
1962-01-29,8.00000011920929,1.9142857428107942,-9.600000143051147,85.14285841158458,26.799999713897705,304.14
1962-02-05,5.500000081956387,-2.542857180748667,-12.000000178813934,83.75714410522154,18.30000028759241,304.33
1962-02-12,6.500000096857548,2.285714319774083,-4.000000059604645,84.00000125169754,22.600000835955143,304.93
1962-02-19,4.90000007301569,0.6428571524364608,-9.00000013411045,82.84285837731191,27.200000144541264,305.83
1962-02-26,6.000000089406967,-2.1285714602896144,-8.300000123679638,77.7285725868174,6.700000077486038,306.26
1962-03-05,1.3000000193715096,-2.1142857457910265,-8.600000128149986,87.75714416482619,17.399999797344208,306.14
1962-03-12,7.500000111758709,-0.9428571569068092,-13.600000202655792,81.98571550739663,8.89999982714653,305.86
1962-03-19,3.200000047683716,-3.5714286246470044,-12.500000186264517,77.88571544630187,1.7000000029802322,305.73
1962-03-26,7.700000114738941,-0.7428571539265769,-7.500000111758709,71.78571535540479,0.0,305.58
1962-04-02,10.600000157952309,4.871428644018514,-1.100000016391277,83.2142869542752,48.69999969005585,306.27
1962-04-09,14.300000213086603,5.200000077486038,-0.6000000089406967,81.1714297809771,27.999999582767487,306.84
1962-04-16,11.400000169873238,4.071428632097585,0.2000000029802322,84.7571441201227,13.800000138580799,306.85
1962-04-23,23.300000347197056,13.100000195205212,0.1000000014901161,75.31428683655602,0.1000000014901161,306.34
1962-04-30,26.50000039488077,9.957143005515848,1.0000000149011612,70.28571533305305,4.499999940395355,306.13
1962-05-07,22.100000329315662,8.385714410671167,-1.600000023841858,74.32857253615346,6.099999904632568,305.93
1962-05-14,19.500000290572643,9.757143002535615,4.200000062584877,82.2571440828698,27.199999928474426,305.49
1962-05-21,16.100000239908695,9.58571442855256,1.80000002682209,72.21428679036242,19.19999986886978,305.44
1962-05-28,16.300000242888927,8.64285727164575,-0.2000000029802322,79.24285832366773,17.600000120699406,305.17
1962-06-04,14.900000222027302,8.242857265685286,-0.2000000029802322,72.37142964984689,5.899999797344208,305.01
1962-06-11,23.000000342726707,12.842857334230628,0.2000000029802322,65.02857239757266,2.6000000536441803,304.77
1962-06-18,27.700000412762165,17.37142883028303,5.000000074505806,72.8428582283003,37.09999942779541,304.51
1962-06-25,26.200000390410423,16.71428596334798,8.900000132620335,74.35714396515063,7.400000095367432,304.44
1962-07-02,19.30000028759241,9.885714433022908,4.500000067055225,81.28571549696582,22.299999713897705,304.25
1962-07-09,21.1000003144145,10.685714444943837,6.500000096857548,83.51428695874554,21.299999833106995,304.16
1962-07-16,26.30000039190054,15.685714519449643,10.30000015348196,80.81428691851241,38.200000025331974,304.01
1962-07-23,23.500000350177288,15.585714517959527,8.600000128149986,80.54285834303924,4.900000095367432,303.96
1962-07-30,27.700000412762165,16.300000242888927,7.300000108778477,76.07142970498118,3.700000047683716,303.82
1962-08-06,25.700000382959843,16.814285964838096,9.00000013411045,78.98571546269315,26.899999260902405,303.65
1962-08-13,28.700000427663326,15.78571452093976,5.900000087916851,75.37142969455037,4.100000023841858,303.54
1962-08-20,24.8000003695488,14.657143075551305,5.200000077486038,79.6428583296282,16.70000022649765,303.46
1962-08-27,20.000000298023224,13.142857338700976,6.500000096857548,79.37142975415502,15.500000387430193,303.37
1962-09-03,27.500000409781933,12.800000190734863,4.000000059604645,75.12857254807439,0.1000000014901161,303.26
1962-09-10,23.100000344216824,13.61428591715438,4.500000067055225,80.22857262407031,31.799999691545967,303.08
1962-09-17,24.300000362098217,12.68571447474616,2.7000000402331352,77.58571544183152,5.200000025331974,303.04
1962-09-24,15.600000232458116,7.971428690212114,1.3000000193715096,86.10000128298998,5.0000001192092896,302.89
1962-10-01,20.60000030696392,11.171428737895829,1.3000000193715096,81.25714406796864,0.800000011920929,302.81
1962-10-08,24.300000362098217,12.042857322309699,3.700000055134296,81.57142978693757,0.0,302.7
1962-10-15,21.1000003144145,7.728571543736117,2.200000032782554,83.80000124871731,1.0000000149011612,302.63
1962-10-22,16.600000247359276,6.671428670840604,-1.600000023841858,83.01428695129496,0.4000000059604645,302.58
1962-10-29,14.40000021457672,5.828571515423911,-2.200000032782554,81.60000121593475,6.400000035762787,302.53
1962-11-05,12.10000018030405,3.31428576367242,-1.80000002682209,86.65714414843491,1.7999999672174454,302.27
1962-11-12,14.600000217556952,5.442857223962035,-0.1000000014901161,86.50000128895044,0.6000000089406966,302.21
1962-11-19,5.200000077486038,0.885714298912457,-2.7000000402331352,83.48571552974838,5.100000075995922,302.11
1962-11-26,2.7000000402331352,-3.1285714751907756,-11.400000169873238,88.47142988975558,17.09999966621399,302.05
1962-12-03,5.000000074505806,-1.3000000193715096,-10.100000150501728,87.91428702431065,11.299999952316284,301.94
1962-12-10,4.200000062584877,-2.642857182238783,-10.000000149011612,81.52857264344182,7.800000190734863,301.94
1962-12-17,6.500000096857548,1.671428596334798,-2.200000032782554,89.14285847118923,53.30000019073486,301.95
1962-12-24,1.3000000193715096,-6.98571438980954,-18.80000028014183,82.72857266132321,21.399999476969242,302.06
1962-12-31,-5.4000000804662704,-9.257142995085035,-17.80000026524067,80.15714405157736,13.000000208616257,302.14
1963-01-07,2.200000032782554,-4.61428578304393,-12.000000178813934,85.22857269857612,8.400000169873238,302.42
1963-01-14,-3.000000044703484,-11.642857316349234,-22.100000329315662,75.9428582744939,4.300000071525574,302.26
1963-01-21,-6.800000101327896,-10.628571586949485,-17.600000262260437,75.18571540606874,2.0999999940395355,302.19
1963-01-28,-0.5000000074505806,-4.428571494562285,-16.300000242888927,85.61428699003798,7.300000011920929,302.13
1963-02-04,-2.7000000402331352,-10.828571589929718,-22.100000329315662,80.61428691553218,3.2000000402331352,302.01
1963-02-11,1.100000016391277,-6.571428669350488,-19.60000029206276,80.2428583385689,0.0,302.03
1963-02-18,1.5000000223517418,-2.9285714722105434,-13.100000195205212,86.72857272092786,12.400000005960464,301.9
1963-02-25,-1.600000023841858,-7.957142975713525,-19.30000028759241,80.78571548951524,0.0,301.86
1963-03-04,6.200000092387199,-6.685714385339192,-17.30000025779009,72.57142965282712,0.0,301.8
1963-03-11,10.500000156462193,3.514285766652652,-12.500000186264517,76.28571542246002,6.400000154972076,302.05
1963-03-18,11.900000177323818,4.014285774103233,-0.5000000074505806,85.68571556253093,19.300000190734863,303.0
1963-03-25,11.30000016838312,2.1000000312924385,-4.200000062584877,73.25714394875935,1.9000000059604645,303.67
1963-04-01,10.500000156462193,4.257142920579229,0.4000000059604645,83.3428583847625,14.00000011920929,304.33
1963-04-08,15.600000232458116,5.714285799435207,-4.90000007301569,66.1571438429611,0.0,304.49
1963-04-15,17.100000254809856,8.085714406200818,-1.80000002682209,71.90000107139349,2.200000062584877,304.43
1963-04-22,18.6000002771616,10.771428731935364,1.100000016391277,75.50000112503767,2.799999952316284,304.16
1963-04-29,18.30000027269125,8.64285727164575,-2.3000000342726707,74.92857254509416,15.600000381469728,304.02
1963-05-06,14.600000217556952,8.385714410671167,0.800000011920929,74.60000111162663,8.099999725818634,303.76
1963-05-13,21.60000032186508,11.971428749816758,1.80000002682209,68.51428673522813,11.0,303.68
1963-05-20,15.100000225007534,9.285714424082212,2.7000000402331352,76.98571543289083,10.500000096857548,303.5
1963-05-27,24.300000362098217,14.028571637613434,1.700000025331974,72.70000108331442,8.39999983459711,303.33
1963-06-03,23.500000350177288,15.542857374463763,3.700000055134296,61.84285806438753,6.599999904632568,303.19
1963-06-10,25.300000376999375,17.028571682316915,3.700000055134296,70.77142962600503,27.19999983906746,303.12
1963-06-17,25.50000037997961,14.371428785579544,7.400000110268593,78.9285726046988,19.399999536573887,303.02
1963-06-24,22.100000329315662,14.314285927585193,6.000000089406967,81.15714406647852,32.600000001490116,302.91
1963-07-01,25.100000374019142,16.114285954407283,7.800000116229057,75.14285826257297,18.799999929964542,302.87
1963-07-08,25.50000037997961,16.78571453584092,9.100000135600569,76.44285828194448,7.699999928474426,302.81
1963-07-15,25.50000037997961,15.842857378934111,7.300000108778477,70.2142867605601,4.0000001192092896,302.8
1963-07-22,28.50000042468309,19.30000028759241,9.80000014603138,70.75714391150645,0.400000013411045,302.78
1963-07-29,30.800000458955765,16.87142882283245,4.400000065565109,68.14285815826484,3.3000001013278966,302.53
1963-08-05,32.20000047981739,17.728571692747728,6.500000096857548,73.74285824171135,44.69999885559082,302.48
1963-08-12,28.80000042915344,16.700000248849392,7.400000110268593,75.7000011280179,64.90000131726265,302.58
1963-08-19,23.000000342726707,13.742857347641673,8.800000131130219,79.67142975862537,46.499999046325684,302.58
1963-08-26,23.500000350177288,14.542857359562603,7.700000114738941,81.0571440649884,10.7999999076128,302.66
1963-09-02,21.800000324845318,12.642857331250395,6.200000092387199,80.71428691702229,8.300000071525574,302.75
1963-09-09,19.80000029504299,11.285714453884534,5.200000077486038,83.17142981077943,3.0000000596046448,302.59
1963-09-16,24.00000035762787,14.300000213086605,5.700000084936619,75.72857255701508,0.0,302.48
1963-09-23,25.00000037252903,15.885714522429875,9.00000013411045,85.77142984952245,7.800000011920929,302.42
1963-09-30,20.30000030249357,10.128571579498905,2.3000000342726707,85.92857270900693,46.899999380111694,302.34
1963-10-07,12.300000183284284,7.814285830727646,2.7000000402331352,84.08571553868907,17.500000275671482,302.4
1963-10-14,19.000000283122063,8.957142990614686,1.5000000223517418,81.91428693490369,5.499999970197678,302.33
1963-10-21,16.300000242888927,8.128571549696582,-1.700000025331974,83.2142869542752,4.000000096857548,302.24
1963-10-28,14.100000210106373,4.90000007301569,-1.600000023841858,86.45714414545468,1.000000037252903,302.23
1963-11-04,11.900000177323818,4.4714286380580495,-1.700000025331974,88.32857274476972,3.6999999582767487,302.18
1963-11-11,14.300000213086603,8.72857155863728,4.200000062584877,87.21428701387984,41.099999845027924,302.09
1963-11-18,12.600000187754633,7.428571539265769,-0.1000000014901161,82.10000122338533,26.099999763071537,302.71
1963-11-25,13.500000201165676,6.785714386829308,0.1000000014901161,83.88571553570884,27.500000536441803,303.01
1963-12-02,6.800000101327896,3.4571429086583003,-1.100000016391277,89.25714418717793,0.0,303.12
1963-12-09,1.600000023841858,-2.271428605275495,-8.50000012665987,86.61428700493914,0.0,303.24
1963-12-16,-1.80000002682209,-6.500000096857548,-16.300000242888927,85.75714413502386,3.5,303.21
1963-12-23,-3.1000000461936,-7.171428678291185,-17.00000025331974,86.18571556998151,1.800000049173832,303.08
1963-12-30,6.000000089406967,-1.4285714498588018,-13.600000202655792,82.9714298077992,1.7999999523162842,303.04
1964-01-06,4.000000059604645,-1.5000000223517418,-8.50000012665987,85.02857269559588,0.7999999895691872,302.91
1964-01-13,2.1000000312924385,-3.8000000566244125,-13.300000198185444,86.48571557445186,12.10000005364418,302.79
1964-01-20,0.5000000074505806,-8.800000131130219,-15.600000232458116,84.78571554911989,1.899999976158142,302.71
1964-01-27,1.700000025331974,-1.3571428773658616,-13.600000202655792,87.3857155878629,2.300000011920929,302.64
1964-02-03,6.400000095367432,2.271428605275495,-1.700000025331974,85.31428698556763,8.499999977648258,302.59
1964-02-10,5.900000087916851,0.828571440918105,-13.300000198185444,80.92857263450112,14.700000047683716,302.74
1964-02-17,3.700000055134296,-2.0428571732980862,-10.400000154972076,76.72857257191625,9.800000071525574,302.81
1964-02-24,6.000000089406967,-3.38571433616536,-14.000000208616257,77.77142973031316,2.000000052154064,303.0
1964-03-02,11.30000016838312,1.9285714573093824,-3.200000047683716,83.12857266728368,4.199999958276749,302.88
1964-03-09,3.000000044703484,-4.114285775593349,-9.3000001385808,75.28571540755885,1.199999988079071,302.87
1964-03-16,7.500000111758709,-0.885714298912457,-7.500000111758709,73.97142967368875,0.0,302.82
1964-03-23,13.000000193715096,1.9142857428107942,-9.500000141561031,80.32857262556043,10.499999761581421,302.77
1964-03-30,8.400000125169754,3.0142857592020715,-0.1000000014901161,88.2285727432796,11.700000382959843,302.77
1964-04-06,4.90000007301569,2.5571428952472552,0.0,91.50000136345625,7.000000037252903,302.86
1964-04-13,17.80000026524067,6.77142867233072,-1.3000000193715096,75.52857255403485,5.600000023841858,302.84
1964-04-20,25.50000037997961,11.857143033828054,0.4000000059604645,62.7142866488014,0.7000000178813934,302.74
1964-04-27,18.100000269711018,8.842857274625983,0.800000011920929,73.52857252423253,25.90000009536743,302.8
1964-05-04,20.800000309944156,9.614285857549735,2.1000000312924385,76.47142971094165,25.699999526143074,302.9
1964-05-11,20.800000309944156,11.414285884371825,0.800000011920929,67.68571529431003,0.8999999910593033,303.01
1964-05-18,27.200000405311584,13.600000202655792,3.200000047683716,66.4000009894371,17.300000429153442,302.99
1964-05-25,24.100000359117985,14.371428785579544,3.500000052154064,67.40000100433826,4.699999928474426,302.95
1964-06-01,27.500000409781933,16.37142881538187,9.600000143051147,77.30000115185976,30.80000014603138,302.91
1964-06-08,28.60000042617321,16.64285739085504,8.300000123679638,72.20000107586384,22.499999701976776,302.89
1964-06-15,30.100000448524952,18.057143126215255,5.200000077486038,65.2142866860543,0.1000000014901161,302.87
1964-06-22,25.300000376999375,15.857143093432699,4.700000070035458,63.28571522874491,1.5000000149011612,302.79
1964-06-29,28.200000420212746,16.07142881091152,6.000000089406967,66.67142956491027,14.800000011920929,302.74
1964-07-06,21.1000003144145,12.071428751306874,4.500000067055225,70.25714390405587,3.6000001132488255,302.67
1964-07-13,24.8000003695488,15.371428800480706,2.7000000402331352,69.42857246313777,8.999999940395355,302.56
1964-07-20,32.100000478327274,21.628571750862257,11.900000177323818,62.7142866488014,0.0,302.43
1964-07-27,31.500000469386578,18.51428599017007,11.10000016540289,70.37142962004457,41.29999923706055,302.32
1964-08-03,28.700000427663326,16.057143096412933,8.900000132620335,70.68571533901351,11.100000359117985,302.29
1964-08-10,31.20000046491623,16.400000244379044,7.400000110268593,72.957143944289,22.699999928474426,302.24
1964-08-17,26.200000390410423,14.828571649534362,7.500000111758709,77.12857257787671,25.999999634921554,302.21
1964-08-24,22.600000336766243,13.528571630162853,4.000000059604645,71.54285820892879,3.200000084936619,302.16
1964-08-31,33.5000004991889,17.171428827302798,5.500000081956387,67.10000099986792,4.999999940395355,302.05
1964-09-07,26.700000397861004,14.757143077041421,2.200000032782554,70.47142962153468,2.5999999791383743,302.01
1964-09-14,26.700000397861004,14.800000220537186,0.5000000074505806,69.34285817614624,2.0999999940395355,301.95
1964-09-21,27.80000041425228,12.90000019222498,6.200000092387199,77.45714401134423,37.0,301.91
1964-09-28,22.800000339746475,9.44285728356668,0.4000000059604645,76.24285827896425,1.2999999970197678,301.83
1964-10-05,19.000000283122063,9.357142996575151,0.1000000014901161,73.51428680973393,0.0,301.66
1964-10-12,20.10000029951334,9.22857156608786,2.800000041723252,78.6714297437242,20.600000239908695,301.59
1964-10-19,11.000000163912771,6.114285805395672,-0.2000000029802322,86.18571556998151,28.99999964237213,301.51
1964-10-26,8.300000123679638,3.285714334675244,-2.1000000312924385,84.400001257658,6.400000013411045,301.44
1964-11-02,10.000000149011612,6.400000095367432,0.0,90.7142870660339,3.8999999463558197,301.56
1964-11-09,6.000000089406967,1.771428597824914,-3.200000047683716,86.6714298629335,0.0,301.63
1964-11-16,12.500000186264517,6.1714286633900235,-2.3000000342726707,84.57142983164105,36.90000009536743,301.63
1964-11-23,9.500000141561031,6.028571518404143,-3.000000044703484,83.48571552974838,4.400000013411045,301.6
1964-11-30,10.400000154972076,4.185714348086289,-1.80000002682209,89.25714418717793,8.899999856948853,301.59
1964-12-07,5.500000081956387,0.6571428669350488,-3.200000047683716,87.971429882305,16.50000011920929,301.57
1964-12-14,10.400000154972076,3.7857143421258246,-1.600000023841858,85.78571556402105,3.40000007301569,301.55
1964-12-21,8.100000120699406,1.528571451348918,-3.200000047683716,83.74285839072296,0.3000000044703483,301.53
1964-12-28,-1.600000023841858,-4.757142928029809,-9.100000135600569,83.40000124275684,6.600000023841858,301.5
1965-01-04,6.000000089406967,0.0,-8.00000011920929,85.45714413055352,10.599999964237213,301.49
1965-01-11,7.200000107288361,2.0857143167938506,-7.000000104308128,89.35714418866804,36.30000019073486,301.46
1965-01-18,8.50000012665987,2.385714321264199,-0.6000000089406967,83.17142981077943,28.900000035762787,301.79
1965-01-25,3.1000000461936,0.21428571747882022,-3.6000000536441803,86.25714414247444,10.100000008940697,302.04
1965-02-01,1.80000002682209,-0.9142857279096331,-5.4000000804662704,89.55714419164828,18.600000105798244,302.42
1965-02-08,2.7000000402331352,0.05714285799435207,-5.4000000804662704,84.48571554464954,8.500000059604645,302.62
1965-02-15,3.400000050663948,-1.0142857293997491,-11.000000163912771,85.30000127106905,16.699999906122684,302.79
1965-02-22,-1.80000002682209,-5.285714364477566,-11.800000175833702,82.87142980630908,4.800000086426735,303.07
1965-03-01,3.000000044703484,-2.3428571777684346,-14.300000213086603,77.94285830429622,18.899999618530273,303.27
1965-03-08,0.6000000089406967,-5.04285721800157,-15.600000232458116,77.81428687380892,3.6999999582767487,303.26
1965-03-15,9.500000141561031,-0.07142857249294009,-10.400000154972076,74.68571539861816,2.5999999046325684,303.3
1965-03-22,11.60000017285347,4.3142857785735815,-1.80000002682209,81.92857264940228,14.000000059604645,303.63
1965-03-29,15.100000225007534,6.057142947401319,-1.700000025331974,85.04285841009447,17.399999797344208,303.96
1965-04-05,18.100000269711018,7.528571540755885,-2.800000041723252,66.08571527046817,0.3000000119209289,304.24
1965-04-12,18.80000028014183,7.328571537775653,1.0000000149011612,79.78571547461408,10.599999964237213,304.57
1965-04-19,11.500000171363354,4.942857216511454,-0.5000000074505806,79.92857261959996,29.999999679625034,304.63
1965-04-26,12.500000186264517,6.728571528834956,1.3000000193715096,79.10000117868185,16.899999976158142,304.68
1965-05-03,18.6000002771616,7.700000114738941,0.4000000059604645,76.1714297064713,19.30000014603138,304.79
1965-05-10,16.800000250339508,9.72857157353844,4.000000059604645,80.92857263450112,30.399999976158142,304.98
1965-05-17,25.300000376999375,13.557143059160028,4.200000062584877,72.67142965431724,9.700000002980232,305.09
1965-05-24,17.80000026524067,10.028571578008789,-0.4000000059604645,69.92857247058835,4.5000001564621925,305.02
1965-05-31,19.30000028759241,12.257143039788518,3.400000050663948,68.70000102370977,10.799999833106995,304.96
1965-06-07,20.800000309944156,13.000000193715096,2.7000000402331352,73.74285824171135,13.300000429153442,304.78
1965-06-14,20.000000298023224,13.61428591715438,8.400000125169754,82.91428694980485,35.899999141693115,304.78
1965-06-21,26.00000038743019,16.00000023841858,6.500000096857548,73.94285824469158,16.90000009536743,304.83
1965-06-28,26.80000039935112,17.37142883028303,9.500000141561031,66.35714384594134,0.9000000283122063,304.86
1965-07-05,27.500000409781933,14.085714495607785,6.900000102818012,67.74285815230438,5.300000086426735,304.83
1965-07-12,20.60000030696392,13.242857340191092,7.500000111758709,81.37142978395734,29.200000531971455,304.81
1965-07-19,27.3000004068017,17.614285976759025,11.500000171363354,83.42857267175403,77.39999896287918,304.78
1965-07-26,24.8000003695488,15.814285949936934,7.900000117719173,76.00000113248825,20.29999976605177,304.74
1965-08-02,18.80000028014183,12.728571618241924,3.700000055134296,78.60000117123127,33.30000013113022,304.71
1965-08-09,26.30000039190054,15.514285945466586,6.900000102818012,82.28571551186698,7.900000244379044,304.64
1965-08-16,24.100000359117985,13.771428776638848,3.500000052154064,68.80000102519989,0.0,304.61
1965-08-23,26.80000039935112,15.628571661455291,8.100000120699406,78.60000117123127,22.90000019222498,304.41
1965-08-30,20.10000029951334,12.000000178813934,5.700000084936619,79.61428690063101,7.600000113248825,304.18
1965-09-06,20.30000030249357,12.057143036808286,5.700000084936619,82.95714409330061,24.500000454485416,304.03
1965-09-13,17.100000254809856,11.471428742366177,5.4000000804662704,81.4285726419517,1.4000000432133675,303.89
1965-09-20,23.300000347197056,11.842857319329466,3.6000000536441803,78.77142974521432,1.300000049173832,303.72
1965-09-27,22.600000336766243,11.52857160036053,2.200000032782554,78.71428688721997,2.0,303.49
1965-10-04,19.60000029206276,11.614285887352057,5.000000074505806,83.5714298167399,15.29999989271164,303.41
1965-10-11,18.100000269711018,9.157142993594919,-0.6000000089406967,84.22857268367495,0.2000000029802322,303.3
1965-10-18,16.600000247359276,7.257142965282712,-1.700000025331974,80.30000119656324,6.899999916553497,303.14
1965-10-25,12.4000001847744,4.357142922069345,-3.1000000461936,79.85714404710701,0.0,303.02
1965-11-01,15.900000236928465,8.35714298167399,0.0,80.30000119656324,7.699999861419201,302.71
1965-11-08,12.000000178813934,3.7428571986300603,-3.700000055134296,85.15714412608317,17.69999986886978,302.78
1965-11-15,7.700000114738941,0.3428571479661124,-7.900000117719173,85.54285841754505,12.5,303.04
1965-11-22,1.100000016391277,-3.4857143376554762,-13.000000193715096,87.20000129938126,25.799999952316284,303.39
1965-11-29,3.500000052154064,-0.671428581433637,-13.800000205636024,86.58571557594198,30.29999966919422,303.7
1965-12-06,10.100000150501728,2.7857143272246634,-0.2000000029802322,84.60000126063824,27.00000011920929,304.01
1965-12-13,7.500000111758709,2.1000000312924385,-0.800000011920929,85.22857269857612,43.600000619888306,304.42
1965-12-20,11.500000171363354,4.557142925049577,-1.3000000193715096,89.74285848012993,30.399999380111694,304.83
1965-12-27,5.700000084936619,1.58571430934327,-2.800000041723252,89.85714419611863,26.100000575184822,305.02
1966-01-03,9.00000013411045,1.8428571703178542,-3.700000055134296,86.21428699897868,26.2000003606081,305.11
1966-01-10,1.3000000193715096,-5.057142932500158,-9.600000143051147,79.50000118464231,1.1000000089406967,305.27
1966-01-17,-4.200000062584877,-10.114285865000316,-20.30000030249357,81.27142978246722,4.90000007301569,305.72
1966-01-24,2.3000000342726707,-4.571428639548166,-15.800000235438349,86.82857272241797,10.200000166893005,306.03
1966-01-31,9.00000013411045,3.2142857621823038,-4.200000062584877,85.17142984058175,8.7999999076128,306.2
1966-02-07,13.100000195205212,6.242857235882964,1.5000000223517418,87.58571559084314,18.500000275671482,306.39
1966-02-14,9.500000141561031,-1.3000000193715096,-7.400000110268593,90.88571564001697,47.80000114440918,306.51
1966-02-21,14.500000216066836,1.8857143138136183,-3.6000000536441803,85.90000128000975,5.799999952316284,306.55
1966-02-28,13.800000205636024,6.885714388319424,1.100000016391277,76.22857256446567,15.100000143051147,306.48
1966-03-07,9.900000147521496,3.6142857681427683,-2.7000000402331352,81.37142978395734,4.5,306.43
1966-03-14,13.600000202655792,2.4428571792585507,-3.1000000461936,80.85714406200817,14.49999988079071,306.38
1966-03-21,11.000000163912771,3.1428571896893636,-5.500000081956387,75.91428684549672,3.999999977648258,306.19
1966-03-28,8.300000123679638,2.9571429012077197,-2.200000032782554,80.55714405753783,24.20000024139881,306.0
1966-04-04,15.800000235438349,5.300000078976154,-1.3000000193715096,80.70000120252371,11.199999764561653,305.86
1966-04-11,17.100000254809856,9.457142998065267,0.4000000059604645,81.82857264791217,27.70000046491623,305.99
1966-04-18,12.600000187754633,6.385714380868843,-0.5000000074505806,87.3714298733643,43.09999990463257,306.21
1966-04-25,18.100000269711018,9.671428715544087,1.100000016391277,76.27142970796142,15.000000104308128,306.35
1966-05-02,24.300000362098217,12.31428589778287,1.100000016391277,71.78571535540479,2.3999999538064003,306.19
1966-05-09,25.700000382959843,11.357143026377473,4.500000067055225,77.94285830429622,22.50000000745058,306.02
1966-05-16,25.100000374019142,14.600000217556953,3.400000050663948,67.90000101178885,0.4000000059604645,305.81
1966-05-23,26.700000397861004,14.414285929075309,4.500000067055225,68.17142958726201,17.499999463558197,305.6
1966-05-30,17.100000254809856,9.6571430010455,1.100000016391277,76.00000113248825,33.5,305.3
1966-06-06,27.500000409781933,14.100000210106373,4.000000059604645,70.54285819402763,0.3000000119209289,305.12
1966-06-13,27.60000041127205,19.51428600507123,11.10000016540289,69.11428674416882,11.200000047683716,304.84
1966-06-20,28.80000042915344,17.985714553722314,8.600000128149986,77.55714401283434,55.79999828338623,304.66
1966-06-27,21.60000032186508,14.300000213086605,7.500000111758709,83.01428695129496,42.69999980926514,304.58
1966-07-04,26.50000039488077,14.714285933545657,6.900000102818012,77.7285725868174,30.799999713897705,304.54
1966-07-11,22.000000327825543,14.314285927585193,8.400000125169754,82.51428694384438,25.999999701976776,304.51
1966-07-18,24.100000359117985,13.785714491137437,7.200000107288361,77.60000115633011,24.299999251961708,304.49
1966-07-25,24.300000362098217,15.957143094922815,9.500000141561031,82.30000122636557,56.799999952316284,304.62
1966-08-01,19.80000029504299,13.54285734466144,7.300000108778477,75.4571439815419,12.200000166893005,304.82
1966-08-08,21.800000324845318,14.242857355092253,7.500000111758709,78.3142868812595,20.200000800192356,304.83
1966-08-15,32.20000047981739,17.6428574057562,8.00000011920929,71.21428677546126,0.0,304.9
1966-08-22,25.100000374019142,16.671428819852217,6.200000092387199,77.34285829535553,49.39999961853027,304.96
1966-08-29,20.800000309944156,11.971428749816758,5.000000074505806,83.31428695576531,9.499999970197678,304.81
1966-09-05,20.10000029951334,14.685714504548482,7.800000116229057,81.08571549398559,12.900000005960464,304.63
1966-09-12,27.3000004068017,14.942857365523066,5.200000077486038,78.2000011652708,9.199999809265137,304.46
1966-09-19,19.10000028461218,10.557143014456544,4.200000062584877,81.51428692894322,22.40000033378601,304.42
1966-09-26,19.30000028759241,10.457143012966428,2.7000000402331352,80.0000011920929,0.699999988079071,304.34
1966-10-03,21.50000032037497,12.300000183284283,5.500000081956387,81.22857263897147,0.8000000268220901,304.2
1966-10-10,25.300000376999375,15.100000225007534,9.500000141561031,82.0142869363938,2.3000000715255737,304.01
1966-10-17,18.6000002771616,11.828571604830879,6.70000009983778,84.74285840562412,0.7000000029802322,303.9
1966-10-24,16.800000250339508,9.857143004025732,2.200000032782554,87.22857272837844,73.59999942779541,303.97
1966-10-31,7.000000104308128,4.228571491582053,-2.200000032782554,85.52857270304646,44.600000001490116,304.58
1966-11-07,14.000000208616257,1.3000000193715096,-6.200000092387199,87.0285727253982,18.20000046491623,304.79
1966-11-14,12.500000186264517,1.9857143153037344,-3.700000055134296,87.58571559084314,9.900000095367432,305.14
1966-11-21,4.400000065565109,1.4285714498588018,-1.600000023841858,91.24285850248167,33.70000076293945,305.57
1966-11-28,6.000000089406967,1.4571428788559777,-3.500000052154064,89.32857275967088,18.300000086426735,306.0
1966-12-05,8.800000131130219,1.8285714558192663,-0.9000000134110451,86.40000128746033,18.999999679625034,306.42
1966-12-12,5.700000084936619,0.5571428654449326,-4.000000059604645,89.7714299091271,47.50000035762787,306.92
1966-12-19,7.000000104308128,2.357142892267023,-2.200000032782554,86.11428699748856,27.100000023841858,307.3
1966-12-26,7.500000111758709,1.0714285873941012,-2.0000000298023224,89.00000132620335,29.300000190734863,307.69
1967-01-02,8.600000128149986,2.0714286022952626,-4.700000070035458,84.80000126361847,24.600000001490116,307.52
1967-01-09,1.100000016391277,-4.185714348086289,-12.10000018030405,86.17142985548291,15.100000113248825,307.24
1967-01-16,5.000000074505806,0.8714285844138691,-11.000000163912771,86.87142986591373,8.600000113248825,307.01
1967-01-23,6.000000089406967,1.5142857368503297,-3.200000047683716,86.71428700642926,3.600000023841858,306.77
1967-01-30,10.30000015348196,4.4714286380580495,0.2000000029802322,88.55714417674712,5.800000004470348,306.59
1967-02-06,10.30000015348196,5.6571429414408545,-1.700000025331974,81.84285836241075,9.49999988079071,306.25
1967-02-13,2.800000041723252,-1.6142857383404459,-6.70000009983778,83.51428695874554,7.300000041723251,306.03
1967-02-20,8.00000011920929,0.9000000134110451,-8.400000125169754,74.05714396068028,9.399999916553497,305.89
1967-02-27,12.000000178813934,4.90000007301569,-2.800000041723252,75.1000011190772,16.800000250339508,305.71
1967-03-06,9.00000013411045,5.214285791984627,-0.4000000059604645,78.88571546120303,20.200000301003456,305.83
1967-03-13,14.900000222027302,5.928571516914027,0.1000000014901161,78.17142973627362,22.100000001490116,305.92
1967-03-20,11.500000171363354,3.7285714841314723,-0.2000000029802322,81.5428583579404,25.100000262260437,306.14
1967-03-27,12.90000019222498,6.028571518404143,0.1000000014901161,74.75714397111109,20.000000096857548,306.32
1967-04-03,8.900000132620335,3.342857192669596,-2.7000000402331352,76.61428685592753,4.400000065565109,306.22
1967-04-10,14.300000213086603,5.085714361497334,0.2000000029802322,83.80000124871731,17.90000019222498,306.13
1967-04-17,19.60000029206276,8.514285841158458,0.6000000089406967,75.20000112056732,38.100000001490116,306.39
1967-04-24,13.40000019967556,4.61428578304393,-1.700000025331974,69.84285818359682,7.4000000059604645,306.72
1967-05-01,19.500000290572643,7.914285832217762,-3.400000050663948,61.685715204903055,10.300000190734863,306.32
1967-05-08,18.30000027269125,8.385714410671167,-1.700000025331974,67.54285814932415,3.5999999046325684,306.0
1967-05-15,25.600000381469727,16.242857384894574,2.7000000402331352,65.07142954106841,4.4999998807907104,305.64
1967-05-22,22.000000327825543,11.842857319329466,0.800000011920929,68.41428673373801,9.199999816715717,305.44
1967-05-29,25.80000038444996,12.414285899272986,4.700000070035458,75.30000112205744,36.40000057220459,305.32
1967-06-05,23.300000347197056,12.928571621222156,6.800000101327896,79.97142976309571,37.00000078976154,305.14
1967-06-12,23.300000347197056,11.400000169873238,3.200000047683716,76.04285827598402,21.5,305.13
1967-06-19,22.100000329315662,12.442857328270163,2.7000000402331352,79.80000118911266,34.09999942779541,305.08
1967-06-26,29.60000044107437,18.471428846674307,6.500000096857548,72.80000108480453,8.500000387430191,305.02
1967-07-03,28.700000427663326,17.528571689767496,9.00000013411045,75.25714397856167,11.199999809265137,304.95
1967-07-10,23.000000342726707,15.357143085982118,6.200000092387199,68.81428673969847,4.799999952316284,304.81
1967-07-17,30.100000448524952,18.742857422147477,7.700000114738941,72.2428582193596,4.499999858438969,304.67
1967-07-24,30.70000045746565,18.64285742065736,9.500000141561031,71.71428678291184,8.20000010728836,304.55
1967-07-31,29.000000432133675,19.685714579054288,9.500000141561031,66.60000099241734,20.700000405311584,304.38
1967-08-07,29.000000432133675,16.65714310535363,5.700000084936619,75.00000111758709,12.300000011920929,304.28
1967-08-14,25.100000374019142,15.91428595142705,9.00000013411045,77.47142972584281,58.99999952316284,304.34
1967-08-21,26.50000039488077,15.171428797500473,5.700000084936619,73.200001090765,6.699999816715717,304.21
1967-08-28,24.300000362098217,15.742857377443995,7.500000111758709,77.9571440187948,6.200000196695328,304.15
1967-09-04,23.600000351667404,15.885714522429875,8.300000123679638,75.25714397856167,6.3000001311302185,304.0
1967-09-11,19.60000029206276,11.685714459844998,6.200000092387199,77.75714401581457,2.9000000432133675,303.8
1967-09-18,18.6000002771616,12.400000184774399,5.700000084936619,87.40000130236149,15.799999922513962,303.55
1967-09-25,23.600000351667404,12.600000187754631,4.200000062584877,82.30000122636557,35.89999961853027,303.34
1967-10-02,24.8000003695488,13.942857350621905,4.700000070035458,83.65714410373143,7.300000190734863,303.23
1967-10-09,18.100000269711018,11.95714303531817,6.000000089406967,80.45714405604771,20.499999478459358,303.11
1967-10-16,21.800000324845318,13.485714486667089,6.000000089406967,80.65714405902794,12.099999994039536,303.05
1967-10-23,19.000000283122063,9.871428718524319,0.0,77.257144008364,7.500000216066837,302.8
1967-10-30,16.300000242888927,9.457142998065267,2.800000041723252,82.10000122338533,10.700000144541264,302.76
1967-11-06,9.500000141561031,6.071428661899907,0.2000000029802322,80.57142977203641,10.299999862909317,302.7
1967-11-13,9.80000014603138,3.285714334675244,-3.200000047683716,85.78571556402105,9.899999976158142,302.64
1967-11-20,9.3000001385808,2.3285714632698467,-4.700000070035458,88.31428703027112,6.099999904632568,302.58
1967-11-27,4.200000062584877,1.0571428728955132,-4.000000059604645,88.27142988677535,15.299999989569187,302.64
1967-12-04,5.700000084936619,1.8285714558192663,-2.200000032782554,89.08571561319488,25.300000943243504,302.69
1967-12-11,5.500000081956387,-2.8285714707204273,-11.800000175833702,85.88571556551116,30.299999475479126,302.92
1967-12-18,3.700000055134296,-0.7857142974223409,-8.600000128149986,88.04285845479795,13.700000174343586,303.1
1967-12-25,10.500000156462193,1.1571428743856293,-12.500000186264517,87.58571559084314,45.49999958276749,303.62
1968-01-01,4.700000070035458,-0.07142857249293992,-3.700000055134296,86.40000128746033,10.800000011920929,304.14
1968-01-08,5.000000074505806,-3.7285714841314723,-13.40000019967556,84.21428696917636,23.200000166893005,304.58
1968-01-15,8.00000011920929,-6.84285724482366,-22.600000336766243,80.55714405753783,29.099999822676182,305.11
1968-01-22,7.200000107288361,1.2142857323799814,-4.500000067055225,89.22857275818076,4.4000000059604645,305.99
1968-01-29,4.200000062584877,0.5714285799435206,-3.500000052154064,85.1142869825874,15.900000035762787,306.04
1968-02-05,6.000000089406967,2.0428571732980862,-3.200000047683716,82.9857155222978,0.700000025331974,305.98
1968-02-12,6.400000095367432,1.3571428773658616,-1.700000025331974,84.57142983164105,14.89999959617853,305.91
1968-02-19,6.200000092387199,0.5428571509463447,-7.800000116229057,82.71428694682461,9.699999861419201,305.85
1968-02-26,5.700000084936619,-1.714285739830562,-13.600000202655792,86.61428700493914,30.600000098347664,305.94
1968-03-04,4.200000062584877,-1.7285714543291502,-9.00000013411045,80.1285726225802,3.799999952316284,306.17
1968-03-11,3.700000055134296,0.8714285844138691,-6.400000095367432,82.82857266281333,26.199999913573265,306.2
1968-03-18,6.200000092387199,1.714285739830562,-12.300000183284284,76.6571439994233,16.300000198185444,306.27
1968-03-25,18.50000027567148,7.528571540755885,0.6000000089406967,71.02857248697963,14.600000210106373,306.42
1968-04-01,23.100000344216824,8.657142986144338,-0.4000000059604645,68.3142867322479,2.1999999061226845,306.5
1968-04-08,15.600000232458116,3.9428572016102925,-3.6000000536441803,63.814286665192675,6.099999785423279,306.12
1968-04-15,15.300000227987766,4.028571488601821,-5.700000084936619,59.414286599627566,0.0,305.89
1968-04-22,28.60000042617321,16.085714525410108,3.200000047683716,50.75714361348322,0.0,305.44
1968-04-29,25.600000381469727,9.757143002535615,3.200000047683716,82.28571551186698,44.90000058710575,305.54
1968-05-06,22.800000339746475,11.071428736405712,4.200000062584877,75.51428683953625,26.29999929666519,305.31
1968-05-13,19.500000290572643,9.985714434513024,1.5000000223517418,70.68571533901351,15.39999957382679,305.29
1968-05-20,18.30000027269125,7.857142974223409,0.800000011920929,73.11428680377347,11.400000050663948,305.23
1968-05-27,22.30000033229589,11.45714302786759,-0.6000000089406967,67.4857152913298,0.2000000029802322,305.02
1968-06-03,21.50000032037497,14.042857352112021,4.500000067055225,73.01428680228335,8.400000102818012,304.81
1968-06-10,25.600000381469727,13.585714488157205,3.200000047683716,74.64285825512239,19.400000013411045,304.64
1968-06-17,26.700000397861004,16.12857166890587,4.200000062584877,76.7857154299106,32.90000009536743,304.6
1968-06-24,26.200000390410423,15.442857372973647,8.00000011920929,75.02857254658427,44.00000023841858,304.68
1968-07-01,27.10000040382147,18.17142884220396,9.500000141561031,72.21428679036242,4.999999940395355,304.78
1968-07-08,28.10000041872263,18.94285742512771,11.10000016540289,65.88571526748794,2.0,304.69
1968-07-15,27.700000412762165,16.28571452839034,6.000000089406967,71.51428677993161,22.40000009536743,304.61
1968-07-22,20.10000029951334,12.785714476236276,6.500000096857548,78.41428688274962,16.699999809265137,304.38
1968-07-29,23.000000342726707,14.200000211596489,7.400000110268593,77.21428686486823,4.800000011920929,304.33
1968-08-05,26.200000390410423,18.614285991660186,8.300000123679638,70.41428676354033,15.199999809265137,304.29
1968-08-12,25.100000374019142,16.20000024139881,8.300000123679638,83.65714410373143,15.400000043213367,304.19
1968-08-19,21.60000032186508,12.842857334230628,7.500000111758709,81.15714406647852,15.599999785423279,303.81
1968-08-26,25.100000374019142,16.528571674866335,7.000000104308128,74.78571540010827,12.00000011920929,303.59
1968-09-02,23.100000344216824,15.70000023394823,9.00000013411045,87.40000130236149,25.600000143051147,303.53
1968-09-09,23.100000344216824,14.442857358072485,8.900000132620335,85.58571556104081,12.200000047683716,303.43
1968-09-16,23.000000342726707,13.97142877961908,6.900000102818012,82.90000123530626,20.999999701976776,303.35
1968-09-23,17.100000254809856,12.142857323799815,7.300000108778477,86.84285843691656,21.899999871850014,303.28
1968-09-30,19.80000029504299,11.171428737895829,4.90000007301569,83.3428583847625,20.300000078976154,303.18
1968-10-07,18.100000269711018,12.114285894802638,7.000000104308128,89.20000132918358,28.79999989271164,303.27
1968-10-14,19.000000283122063,13.157143053199563,5.500000081956387,84.14285839668342,10.700000047683716,303.33
1968-10-21,14.500000216066836,7.328571537775653,-1.3000000193715096,79.20000118017197,1.2000000476837158,303.23
1968-10-28,13.500000201165676,6.728571528834956,-1.100000016391277,86.11428699748856,0.400000013411045,303.16
1968-11-04,19.30000028759241,11.24285731038877,5.000000074505806,79.4000011831522,2.9999999552965164,303.14
1968-11-11,6.500000096857548,3.0428571881992474,-1.600000023841858,89.08571561319488,15.800000309944155,303.12
1968-11-18,5.4000000804662704,-0.9142857279096331,-5.900000087916851,85.62857270453658,6.599999785423279,303.19
1968-11-25,9.00000013411045,2.457142893757139,-0.6000000089406967,89.20000132918358,9.100000143051147,303.07
1968-12-02,11.30000016838312,1.642857167337622,-3.200000047683716,86.97142986740384,0.0,302.83
1968-12-09,-0.1000000014901161,-2.2428571762783185,-4.500000067055225,89.87142991061721,0.0,302.67
1968-12-16,0.4000000059604645,-5.700000084936619,-13.600000202655792,78.61428688572985,0.0,302.62
1968-12-23,5.500000081956387,0.5714285799435207,-6.500000096857548,91.18571564448732,19.29999976605177,302.64
1968-12-30,2.800000041723252,-3.542857195649828,-15.800000235438349,87.31428701536996,11.799999758601189,302.6
1969-01-06,3.200000047683716,-2.457142893757139,-12.500000186264517,89.94285848311016,23.800000190734863,302.72
1969-01-13,1.80000002682209,-2.257142890776907,-7.900000117719173,85.65714413353375,0.2000000029802322,302.85
1969-01-20,3.9000000581145287,1.4571428788559777,-2.200000032782554,85.58571556104081,2.700000047683716,302.85
1969-01-27,6.400000095367432,2.385714321264199,-1.80000002682209,89.44285847565958,14.099999845027924,303.04
1969-02-03,6.400000095367432,2.4428571792585507,-2.3000000342726707,83.68571553272861,14.70000021904707,303.37
1969-02-10,0.800000011920929,-3.8000000566244125,-10.000000149011612,81.10000120848417,6.9999998807907104,303.52
1969-02-17,-1.80000002682209,-6.542857240353312,-12.500000186264517,81.62857264493194,25.39999920129776,303.64
1969-02-24,9.00000013411045,-0.5285714364477566,-10.400000154972076,85.07142983909164,4.400000110268593,303.69
1969-03-03,3.000000044703484,-0.21428571747882025,-5.200000077486038,87.1428584413869,1.6000000014901161,303.61
1969-03-10,6.200000092387199,-0.7142857249294009,-8.300000123679638,70.2285724750587,0.6000000238418579,303.68
1969-03-17,6.900000102818012,0.22857143197740828,-4.500000067055225,89.70000133663416,42.70000010728836,303.65
1969-03-24,1.600000023841858,-0.7857142974223409,-5.4000000804662704,83.71428696172578,7.199999913573265,304.69
1969-03-31,7.800000116229057,1.3714285918644495,-3.200000047683716,81.84285836241075,12.500000052154064,305.06
1969-04-07,19.000000283122063,5.585714368947914,-3.9000000581145287,68.28571530325073,2.5,305.23
1969-04-14,22.000000327825543,8.35714298167399,-1.80000002682209,68.44285816273519,19.700000405311584,305.43
1969-04-21,10.80000016093254,2.6857143257345473,-4.500000067055225,79.10000117868185,24.30000028759241,305.64
1969-04-28,20.30000030249357,9.80000014603138,3.9000000581145287,82.92857266430345,23.600000262260437,305.82
1969-05-05,21.60000032186508,11.857143033828054,5.500000081956387,79.70000118762255,4.600000083446503,305.9
1969-05-12,24.600000366568565,12.557143044258867,6.200000092387199,81.5428583579404,28.700000405311584,305.99
1969-05-19,29.200000435113907,14.11428592460496,3.400000050663948,69.3714296051434,11.099999584257603,305.84
1969-05-26,22.100000329315662,11.414285884371825,1.80000002682209,69.54285817912647,20.300000347197056,305.73
1969-06-02,22.30000033229589,12.742857332740511,4.500000067055225,77.60000115633011,19.899999499320984,305.51
1969-06-09,21.50000032037497,10.728571588439602,3.200000047683716,78.0857154492821,25.800000309944153,305.38
1969-06-16,26.30000039190054,17.885714552232198,6.500000096857548,67.90000101178885,8.900000013411045,305.19
1969-06-23,26.80000039935112,16.5714288183621,8.400000125169754,74.40000110864639,23.499999523162845,305.0
1969-06-30,21.60000032186508,14.442857358072485,7.500000111758709,74.50000111013651,12.000000454485416,304.79
1969-07-07,25.300000376999375,17.78571455074208,9.100000135600569,72.57142965282712,0.8999999761581421,304.39
1969-07-14,18.80000028014183,12.785714476236276,7.000000104308128,80.44285834154913,19.39999943226576,304.25
1969-07-21,28.80000042915344,18.757143136646068,8.800000131130219,68.60000102221966,23.600000381469727,304.11
1969-07-28,31.500000469386578,22.814286054245063,14.100000210106373,71.72857249741044,2.0000000298023224,303.87
1969-08-04,33.30000049620867,21.385714604386262,14.300000213086603,71.85714392789772,9.900000035762787,303.62
1969-08-11,28.80000042915344,18.92857171062912,9.3000001385808,63.51428666072233,3.200000047683716,303.51
1969-08-18,24.8000003695488,17.07142882581268,8.300000123679638,79.65714404412678,39.60000038146973,303.43
1969-08-25,23.100000344216824,13.171428767698151,5.200000077486038,81.35714406945876,21.39999971538782,303.27
1969-09-01,19.80000029504299,12.271428754287106,7.800000116229057,85.21428698407752,14.799999952316284,303.18
1969-09-08,20.800000309944156,12.800000190734863,4.90000007301569,80.42857262705054,0.0,303.12
1969-09-15,26.80000039935112,16.20000024139881,8.50000012665987,79.48571547014373,0.5,303.03
1969-09-22,17.30000025779009,11.685714459844998,1.5000000223517418,83.55714410224131,22.59999990463257,302.83
1969-09-29,20.000000298023224,10.271428724484784,1.3000000193715096,84.2714298271707,2.0999999046325684,302.78
1969-10-06,20.10000029951334,9.700000144541264,2.600000038743019,81.85714407690934,4.100000023841858,302.7
1969-10-13,20.500000305473804,10.44285729846784,3.000000044703484,83.05714409479073,0.0,302.61
1969-10-20,18.80000028014183,9.828571575028556,2.600000038743019,85.45714413055352,0.4000000059604644,302.53
1969-10-27,21.60000032186508,10.257143009986196,4.200000062584877,85.64285841903516,11.400000408291818,302.45
1969-11-03,14.100000210106373,8.800000131130219,3.700000055134296,83.12857266728368,7.899999976158142,302.42
1969-11-10,12.90000019222498,4.942857216511454,-4.500000067055225,82.72857266132321,21.799999862909317,302.38
1969-11-17,13.100000195205212,7.042857247803893,-1.5000000223517418,82.9857155222978,10.900000005960464,302.35
1969-11-24,10.000000149011612,4.757142928029809,-1.100000016391277,88.85714418121746,24.400000408291817,302.33
1969-12-01,2.200000032782554,-1.757142883326326,-9.500000141561031,86.24285842797586,6.999999977648258,302.29
1969-12-08,0.6000000089406967,-5.442857223962035,-15.500000230968,88.52857274774995,14.900000326335432,302.24
1969-12-15,-0.1000000014901161,-2.742857183728899,-10.30000015348196,90.64285849354097,2.900000035762787,302.2
1969-12-22,0.5000000074505806,-8.985714419611863,-22.800000339746475,81.4142869274531,12.099999904632568,302.14
1969-12-29,1.100000016391277,-4.128571490091937,-12.90000019222498,89.52857276265111,3.599999964237213,302.1
1970-01-05,-0.5000000074505806,-6.057142947401319,-14.000000208616257,88.20000131428242,21.799999959766865,302.06
1970-01-12,4.90000007301569,-2.2428571762783185,-10.100000150501728,82.12857265238252,4.700000144541264,302.09
1970-01-19,3.200000047683716,-3.1428571896893636,-7.900000117719173,89.10000132769346,0.800000011920929,302.17
1970-01-26,3.200000047683716,-2.1857143182839667,-10.600000157952309,88.97142989720616,12.500000372529032,302.28
1970-02-02,2.7000000402331352,-3.857142914618765,-16.300000242888927,86.24285842797586,22.799999430775642,302.3
1970-02-09,5.200000077486038,1.1571428743856293,-8.00000011920929,84.0428583951933,24.599999584257603,302.65
1970-02-16,2.1000000312924385,-3.7000000551342964,-12.10000018030405,85.75714413502386,21.899999618530273,303.18
1970-02-23,7.000000104308128,0.028571428997176036,-7.300000108778477,87.5000013038516,38.90000033378601,304.1
1970-03-02,4.200000062584877,-1.7857143123235022,-10.500000156462193,86.5571441469448,15.399999931454659,305.41
1970-03-09,2.800000041723252,-1.9000000283122063,-9.3000001385808,82.41428694235427,17.40000009536743,305.61
1970-03-16,7.700000114738941,-0.028571428997176036,-8.800000131130219,77.87142973180327,0.8000000268220901,305.53
1970-03-23,12.000000178813934,4.528571496052401,-0.4000000059604645,82.20000122487545,13.299999713897705,305.85
1970-03-30,11.000000163912771,2.385714321264199,-5.4000000804662704,81.27142978246722,16.799999952316284,306.25
1970-04-06,7.800000116229057,1.671428596334798,-4.400000065565109,81.81428693341357,22.299999952316284,306.57
1970-04-13,9.600000143051147,2.6571428967373714,-2.7000000402331352,85.30000127106905,36.90000040829182,306.61
1970-04-20,19.80000029504299,9.014285848609038,-0.2000000029802322,75.62857255552497,17.500000096857548,306.83
1970-04-27,13.100000195205212,8.628571557147163,-0.2000000029802322,81.02857263599124,13.19999971985817,306.98
1970-05-04,14.500000216066836,5.5285715109535625,0.2000000029802322,80.71428691702229,22.40000021457672,306.66
1970-05-11,22.500000335276127,14.457143072571073,5.200000077486038,68.82857245419707,15.499999597668646,306.51
1970-05-18,18.100000269711018,11.714285888842173,3.1000000461936,81.1857154954757,30.399999417364597,306.3
1970-05-25,20.10000029951334,10.385714440473489,3.1000000461936,73.0857153747763,11.600000001490116,306.07
1970-06-01,18.6000002771616,10.900000162422657,4.000000059604645,81.25714406796864,7.299999982118607,305.9
1970-06-08,25.300000376999375,14.457143072571073,2.0000000298023224,68.72857245270696,8.199999906122684,305.73
1970-06-15,24.8000003695488,16.64285739085504,4.700000070035458,69.9714296140841,29.899999618530277,305.58
1970-06-22,29.60000044107437,19.057143141116416,9.600000143051147,63.14285808375904,4.400000095367432,305.45
1970-06-29,29.50000043958425,18.9571431396263,12.300000183284284,72.77142965580735,20.50000035762787,305.22
1970-07-06,23.100000344216824,13.242857340191092,8.600000128149986,81.12857263748135,25.900000706315044,305.01
1970-07-13,29.10000043362379,18.30000027269125,9.00000013411045,70.2142867605601,1.899999976158142,304.83
1970-07-20,23.300000347197056,13.314285912684031,6.500000096857548,78.95714403369597,22.39999983459711,304.58
1970-07-27,25.600000381469727,15.242857369993414,6.70000009983778,77.60000115633011,24.299999952316284,304.58
1970-08-03,25.80000038444996,18.38571455968278,11.10000016540289,80.65714405902794,17.90000043064356,304.4
1970-08-10,28.300000421702865,18.557143133665836,11.500000171363354,82.44285837135145,17.70000046491623,304.18
1970-08-17,25.100000374019142,15.314285942486354,6.400000095367432,78.02857259128776,37.500000178813934,304.07
1970-08-24,24.100000359117985,13.871428778128964,7.200000107288361,87.44285844585725,31.70000024139881,304.05
1970-08-31,24.8000003695488,15.41428594397647,8.50000012665987,76.5428582834346,0.0,304.0
1970-09-07,19.60000029206276,13.714285918644496,4.700000070035458,76.40000113844872,10.000000059604645,303.93
1970-09-14,26.00000038743019,14.500000216066837,7.000000104308128,80.18571548057454,32.40000009536743,303.85
1970-09-21,23.80000035464764,14.271428784089428,5.700000084936619,81.60000121593475,16.199999809265137,303.74
1970-09-28,18.6000002771616,10.414285869470664,2.200000032782554,80.20000119507313,3.2000000029802322,303.63
1970-10-05,18.30000027269125,9.257142995085035,2.7000000402331352,85.98571556700128,60.99999809265137,303.63
1970-10-12,18.6000002771616,12.914285906723567,8.600000128149986,87.05714415439537,0.2000000029802322,303.66
1970-10-19,13.100000195205212,7.642857256744589,-0.6000000089406967,84.10000125318766,6.40000007301569,303.7
1970-10-26,9.600000143051147,5.485714367457798,-0.5000000074505806,89.02857275520053,33.60000038146973,303.73
1970-11-02,11.900000177323818,9.014285848609038,2.500000037252903,87.65714416333607,24.800000078976154,303.85
1970-11-09,13.500000201165676,5.971428660409791,-0.5000000074505806,84.2714298271707,17.899999767541885,304.0
1970-11-16,13.000000193715096,5.214285791984627,0.1000000014901161,86.61428700493914,7.0000001564621925,304.09
1970-11-23,13.100000195205212,5.5285715109535625,-0.2000000029802322,88.32857274476972,7.299999788403511,304.26
1970-11-30,9.3000001385808,2.9285714722105434,-1.700000025331974,88.11428702729089,2.3999999538064003,304.34
1970-12-07,8.100000120699406,4.414285780063698,-0.6000000089406967,88.67142989273582,22.499999821186066,304.34
1970-12-14,5.200000077486038,2.3285714632698467,-1.3000000193715096,89.95714419760874,1.8000000268220901,304.33
1970-12-21,3.200000047683716,1.0571428728955132,-1.3000000193715096,89.02857275520053,4.899999834597111,304.22
1970-12-28,-0.4000000059604645,-4.985714360007218,-9.900000147521496,85.55714413204363,5.000000044703484,304.18
1971-01-04,-1.80000002682209,-7.900000117719173,-16.600000247359276,83.40000124275684,9.100000001490116,304.13
1971-01-11,5.000000074505806,-6.600000098347664,-20.10000029951334,77.67142972882304,0.0,304.08
1971-01-18,3.200000047683716,-2.7857143272246634,-11.30000016838312,85.92857270900693,3.500000052154064,304.1
1971-01-25,8.100000120699406,3.442857194159712,-2.7000000402331352,86.88571558041232,5.100000098347664,304.13
1971-02-01,9.00000013411045,3.442857194159712,-3.200000047683716,83.30000124126673,11.600000001490116,304.18
1971-02-08,6.000000089406967,1.5428571658475059,-6.400000095367432,87.68571559233325,4.400000117719173,304.23
1971-02-15,7.700000114738941,2.485714322754315,-3.700000055134296,83.81428696321589,0.699999988079071,304.41
1971-02-22,6.000000089406967,1.8714285993150301,-2.1000000312924385,90.05714419909886,17.00000035762787,304.33
1971-03-01,3.9000000581145287,-2.1714286037853787,-9.600000143051147,83.05714409479073,7.899999849498272,304.21
1971-03-08,2.7000000402331352,-7.142857249294009,-15.500000230968,79.54285832813808,1.3000000268220901,304.23
1971-03-15,11.800000175833702,1.3142857338700975,-8.900000132620335,80.828572633011,2.9000000059604645,304.23
1971-03-22,12.600000187754633,5.457142938460622,-1.80000002682209,79.22857260916915,1.2000000178813934,304.33
1971-03-29,7.700000114738941,2.385714321264199,-3.200000047683716,85.128572697086,5.3999998569488525,304.08
1971-04-05,17.30000025779009,6.642857241843428,0.2000000029802322,79.90000119060278,0.2000000029802322,304.04
1971-04-12,15.900000236928465,8.442857268665518,-0.9000000134110451,75.3428582655532,0.0,303.98
1971-04-19,21.1000003144145,8.585714413651399,-1.80000002682209,61.44285805842706,5.5,303.83
1971-04-26,22.100000329315662,9.628571572048324,0.5000000074505806,72.957143944289,36.80000019073486,303.83
1971-05-03,13.40000019967556,5.057142932500158,-3.000000044703484,70.37142962004457,0.9999999776482582,303.73
1971-05-10,24.300000362098217,12.800000190734863,-0.6000000089406967,62.72857236329998,0.2000000029802322,303.65
1971-05-17,27.700000412762165,16.84285739383527,6.200000092387199,73.12857251827207,28.799999058246613,303.6
1971-05-24,27.200000405311584,14.957143080021654,9.00000013411045,82.91428694980485,35.30000016838312,303.6
1971-05-31,21.800000324845318,13.000000193715096,6.800000101327896,82.80000123381615,37.199999645352364,303.79
1971-06-07,25.100000374019142,16.557143103863513,10.30000015348196,78.54285831323692,11.000000163912773,303.86
1971-06-14,21.1000003144145,13.728571633143085,6.200000092387199,81.14285835197994,33.30000091344118,304.15
1971-06-21,16.100000239908695,10.342857296977725,6.200000092387199,86.3285727149674,32.900000154972076,304.44
1971-06-28,23.500000350177288,13.785714491137437,6.200000092387199,77.51428686933858,21.99999962002039,304.93
1971-07-05,24.8000003695488,13.571428773658615,4.200000062584877,74.72857254211392,3.099999964237213,304.93
1971-07-12,29.000000432133675,20.24285744449922,8.50000012665987,68.38571530474084,0.0,304.66
1971-07-19,20.30000030249357,13.75714306214026,4.000000059604645,68.91428674118859,0.0,304.53
1971-07-26,28.60000042617321,17.37142883028303,5.500000081956387,67.57142957832131,0.0,304.5
1971-08-02,33.20000049471855,19.95714315452746,10.500000156462193,71.62857249592032,9.700000047683716,303.96
1971-08-09,33.600000500679016,18.471428846674307,7.700000114738941,67.75714386680296,2.300000049173832,303.54
1971-08-16,29.10000043362379,18.01428598271949,9.500000141561031,64.40000095963478,0.4000000059604645,303.51
1971-08-23,31.80000047385693,17.985714553722314,4.200000062584877,69.88571532709258,18.5999995470047,303.44
1971-08-30,21.60000032186508,15.12857165400471,8.50000012665987,74.48571539563792,11.89999969303608,303.42
1971-09-06,23.600000351667404,13.61428591715438,5.700000084936619,75.04285826108286,1.1000000014901161,303.48
1971-09-13,19.30000028759241,11.071428736405712,2.200000032782554,75.41428683804614,8.299999743700027,303.35
1971-09-20,19.30000028759241,8.42857155416693,-0.1000000014901161,78.42857259724822,3.400000035762787,303.29
1971-09-27,24.00000035762787,12.785714476236276,3.6000000536441803,78.17142973627362,16.900000244379044,303.2
1971-10-04,21.800000324845318,10.757143017436777,4.700000070035458,83.90000125020742,0.9999999776482582,303.06
1971-10-11,19.10000028461218,7.800000116229057,-3.700000055134296,72.41428679334265,0.0,302.91
1971-10-18,18.80000028014183,6.571428669350488,-3.200000047683716,78.05714402028492,26.799999810755253,302.85
1971-10-25,18.6000002771616,11.000000163912773,4.200000062584877,79.65714404412678,12.300000466406345,302.81
1971-11-01,10.80000016093254,4.785714357026985,-2.1000000312924385,79.48571547014373,0.0,302.84
1971-11-08,14.600000217556952,6.800000101327896,0.2000000029802322,80.07142976458583,1.699999988079071,302.79
1971-11-15,7.000000104308128,2.9142857577119554,-4.700000070035458,87.95714416780642,5.600000075995922,302.85
1971-11-22,8.800000131130219,0.8714285844138691,-9.600000143051147,84.65714411863259,61.59999918937683,302.82
1971-11-29,4.700000070035458,0.5571428654449325,-6.70000009983778,90.4714299195579,7.299999952316284,302.84
1971-12-06,5.700000084936619,3.17142861868654,1.100000016391277,90.00000134110451,0.3000000119209289,303.05
1971-12-13,7.900000117719173,3.0857143316950117,-6.70000009983778,87.42857273135867,13.399999909102917,302.88
1971-12-20,7.500000111758709,3.31428576367242,-2.3000000342726707,88.85714418121746,7.3999998569488525,302.8
1971-12-27,11.500000171363354,5.342857222471919,-0.4000000059604645,88.88571561021465,0.8000000268220901,302.62
1972-01-03,4.000000059604645,-0.4000000059604644,-6.000000089406967,88.77142989422593,6.500000059604645,302.77
1972-01-10,1.80000002682209,-1.1714285888842173,-6.400000095367432,90.04285848460027,1.8000000268220901,302.79
1972-01-17,2.0000000298023224,-3.7285714841314723,-12.4000001847744,81.71428693192345,0.0,302.75
1972-01-24,2.3000000342726707,-2.8714286142161916,-13.500000201165676,84.01428696619612,0.9000000134110451,302.64
1972-01-31,2.1000000312924385,-4.485714352556637,-14.100000210106373,83.98571553719896,2.1000000834465027,302.45
1972-02-07,8.400000125169754,-0.45714286395481657,-17.30000025779009,75.8142868440066,1.3999999538064003,302.38
1972-02-14,7.500000111758709,2.7857143272246634,-2.500000037252903,86.68571557743209,4.200000084936619,302.35
1972-02-21,9.3000001385808,2.1714286037853787,-3.200000047683716,82.8571440918105,0.0,302.3
1972-02-28,9.400000140070915,3.157142904187952,-2.500000037252903,89.32857275967088,0.1000000014901161,302.27
1972-03-06,9.500000141561031,3.6571429116385326,-0.4000000059604645,81.31428692596299,2.3999999165534973,302.25
1972-03-13,9.900000147521496,1.1142857308898653,-8.600000128149986,81.7714297899178,17.19999998807907,302.32
1972-03-20,18.6000002771616,7.457142968262945,-1.600000023841858,67.58571529281991,0.0,302.28
1972-03-27,16.600000247359276,6.371428666370256,-2.800000041723252,71.07142963047538,16.5,302.34
1972-04-03,12.500000186264517,6.142857234392848,0.5000000074505806,81.35714406945876,13.79999977350235,302.82
1972-04-10,15.000000223517418,7.671428685741765,-0.2000000029802322,80.20000119507313,27.8000004068017,303.41
1972-04-17,14.600000217556952,6.514285811356136,1.600000023841858,77.27142972286258,5.7000001817941675,303.63
1972-04-24,13.600000202655792,6.742857243333544,-0.6000000089406967,72.20000107586384,15.699999704957007,303.66
1972-05-01,20.800000309944156,6.714285814336368,-2.800000041723252,68.74285816720554,4.799999989569187,303.58
1972-05-08,21.50000032037497,12.271428754287106,4.000000059604645,72.64285822532007,7.500000067055225,303.55
1972-05-15,18.30000027269125,8.414285839668342,3.500000052154064,84.8714298361114,30.599999524652958,303.6
1972-05-22,20.500000305473804,9.885714433022908,2.600000038743019,74.78571540010827,13.39999971538782,303.64
1972-05-29,24.300000362098217,12.414285899272986,5.700000084936619,75.41428683804614,32.00000011920929,303.68
1972-06-05,27.500000409781933,13.271428769188267,5.200000077486038,68.11428672926766,3.0000000298023224,303.66
1972-06-12,23.300000347197056,12.971428764717919,4.500000067055225,76.47142971094165,60.10000091791153,303.8
1972-06-19,20.60000030696392,13.128571624202388,6.900000102818012,79.34285832515785,17.100000143051147,303.89
1972-06-26,24.00000035762787,13.800000205636024,5.200000077486038,69.24285817465612,10.100000023841858,303.93
1972-07-03,25.100000374019142,14.042857352112021,7.700000114738941,81.44285835645029,44.599999740719795,303.91
1972-07-10,28.300000421702865,17.028571682316915,8.800000131130219,76.98571543289083,53.799999713897705,304.18
1972-07-17,28.80000042915344,16.485714531370572,6.400000095367432,74.11428681867463,0.5000000149011611,304.71
1972-07-24,30.600000455975533,21.600000321865082,14.900000222027302,72.471429651337,36.999999046325684,304.84
1972-07-31,20.10000029951334,14.600000217556953,7.900000117719173,82.42857265685286,49.99999864399433,305.37
1972-08-07,27.3000004068017,15.485714516469411,9.3000001385808,74.92857254509416,3.6999999657273293,305.5
1972-08-14,28.300000421702865,19.08571457011359,8.800000131130219,79.68571547312396,59.59999976307154,305.65
1972-08-21,21.1000003144145,13.028571622712272,7.000000104308128,84.0428583951933,53.200000405311584,306.22
1972-08-28,19.30000028759241,12.642857331250395,5.700000084936619,80.40000119805336,3.900000095367432,306.32
1972-09-04,20.30000030249357,12.800000190734863,6.200000092387199,77.00000114738941,0.3000000044703483,305.86
1972-09-11,22.800000339746475,13.942857350621905,6.200000092387199,81.48571549994605,19.200000196695328,305.64
1972-09-18,15.800000235438349,7.700000114738941,1.80000002682209,84.400001257658,12.400000050663948,305.35
1972-09-25,17.600000262260437,8.700000129640102,2.200000032782554,79.82857261810985,3.500000014901161,305.1
1972-10-02,11.800000175833702,7.314285823277065,-0.2000000029802322,82.58571551633733,2.700000047683716,304.82
1972-10-09,19.500000290572643,6.742857243333544,-2.7000000402331352,72.714286797813,0.0,304.6
1972-10-16,17.600000262260437,6.000000089406967,-0.4000000059604645,81.50000121444464,0.0,304.3
1972-10-23,11.900000177323818,3.9428572016102925,-4.700000070035458,80.75714406051806,16.79999977350235,304.15
1972-10-30,14.900000222027302,7.1000001057982445,-2.800000041723252,83.52857267324414,10.499999701976776,303.92
1972-11-06,11.900000177323818,6.128571519894259,1.0000000149011612,89.12857275669064,0.4000000059604644,303.71
1972-11-13,11.500000171363354,7.157142963792596,0.5000000074505806,85.78571556402105,23.40000009536743,303.66
1972-11-20,6.200000092387199,1.2142857323799814,-4.000000059604645,86.5571441469448,26.29999965429306,303.74
1972-11-27,6.900000102818012,1.1857143033828055,-7.000000104308128,84.47142983015094,2.0999999567866325,303.79
1972-12-04,6.200000092387199,3.157142904187952,-1.3000000193715096,84.7571441201227,3.100000098347664,303.76
1972-12-11,9.00000013411045,4.6000000685453415,-0.2000000029802322,82.72857266132321,8.199999809265137,303.7
1972-12-18,7.400000110268593,0.7714285829237529,-4.700000070035458,85.51428698854787,0.0,303.64
1972-12-25,2.0000000298023224,-4.400000065565109,-9.80000014603138,86.58571557594198,0.8999999761581421,303.56
1973-01-01,1.100000016391277,-5.357142936970506,-13.600000202655792,75.2142868350659,0.0,303.49
1973-01-08,1.100000016391277,-1.9428571718079704,-10.900000162422655,91.01428707050425,3.5999999195337296,303.4
1973-01-15,3.400000050663948,0.5571428654449326,-3.500000052154064,88.700001321733,6.900000050663948,303.31
1973-01-22,3.700000055134296,-0.04285714349576405,-2.500000037252903,87.68571559233325,2.600000061094761,303.22
1973-01-29,4.000000059604645,-0.2142857174788202,-6.70000009983778,86.81428700791938,9.099999904632568,303.13
1973-02-05,6.000000089406967,0.45714286395481657,-5.000000074505806,90.78571563852685,9.299999833106995,303.18
1973-02-12,5.200000077486038,2.6714286112359593,-1.600000023841858,86.51428700344903,13.599999815225601,303.37
1973-02-19,5.700000084936619,-0.15714285948446818,-5.700000084936619,81.24285835347006,6.4000000059604645,303.48
1973-02-26,5.200000077486038,-0.27142857547317234,-8.50000012665987,87.92857273880925,25.999999910593033,304.02
1973-03-05,10.000000149011612,0.41428572045905254,-11.30000016838312,84.25714411267212,9.300000384449959,304.35
1973-03-12,7.300000108778477,1.1000000163912773,-5.000000074505806,80.85714406200817,5.899999991059303,304.72
1973-03-19,7.200000107288361,1.814285741320678,-4.90000007301569,75.95714398899248,6.299999929964542,304.94
1973-03-26,18.6000002771616,5.771428657429559,-3.700000055134296,69.60000103712082,0.0,305.08
1973-04-02,13.40000019967556,5.871428658919675,-3.6000000536441803,73.40000109374523,17.90000057220459,305.01
1973-04-09,11.500000171363354,3.7428571986300603,-3.9000000581145287,75.67142969902072,3.499999947845936,304.93
1973-04-16,10.000000149011612,2.357142892267023,-2.200000032782554,82.7428583758218,25.700000077486038,305.05
1973-04-23,15.500000230968,3.985714345106057,-3.000000044703484,74.31428682165486,9.299999810755253,305.22
1973-04-30,17.600000262260437,9.271428709583622,-1.80000002682209,69.92857247058835,8.200000144541264,305.24
1973-05-07,24.50000036507845,12.67142876024757,4.200000062584877,76.57142971243177,35.20000049471855,305.18
1973-05-14,17.80000026524067,8.914285847118922,-0.5000000074505806,73.3142868067537,6.399999961256981,305.22
1973-05-21,21.60000032186508,11.614285887352057,-0.9000000134110451,60.828572334987776,0.1000000014901161,305.1
1973-05-28,21.800000324845318,13.314285912684031,3.200000047683716,68.00000101327896,2.9999999180436134,304.93
1973-06-04,23.80000035464764,15.300000227987766,4.000000059604645,71.47142963643584,13.500000357627869,304.7
1973-06-11,20.60000030696392,13.571428773658615,4.400000065565109,70.31428676205022,2.0,304.41
1973-06-18,26.00000038743019,15.242857369993414,3.000000044703484,65.37142954553876,4.500000059604645,304.02
1973-06-25,25.600000381469727,16.171428812401636,6.000000089406967,68.00000101327896,15.200000002980232,303.95
1973-07-02,30.00000044703484,19.842857438538754,10.000000149011612,66.31428670244557,5.200000047683716,303.61
1973-07-09,30.200000450015068,19.242857429598057,10.100000150501728,70.97142962898526,50.49999928474426,303.6
1973-07-16,23.80000035464764,16.85714310833386,6.500000096857548,76.01428684698683,13.199999690055847,303.64
1973-07-23,21.1000003144145,14.84285736403295,9.400000140070915,77.60000115633011,12.50000000745058,303.56
1973-07-30,22.600000336766243,14.085714495607785,8.00000011920929,81.07142977948699,15.799999952316284,303.46
1973-08-06,29.50000043958425,17.528571689767496,9.500000141561031,79.42857261214938,21.400000244379044,303.35
1973-08-13,28.200000420212746,16.514285960367747,6.000000089406967,70.47142962153468,0.1000000014901161,303.32
1973-08-20,28.80000042915344,18.88571456713336,9.00000013411045,67.14285814336368,7.000000096857548,303.18
1973-08-27,26.200000390410423,15.571428803460938,2.7000000402331352,65.50000097602606,0.0,303.09
1973-09-03,26.30000039190054,16.257143099393165,7.500000111758709,71.91428678589207,7.500000014901161,302.97
1973-09-10,31.300000466406345,17.914285981229373,7.900000117719173,69.54285817912647,7.099999904632568,302.84
1973-09-17,25.100000374019142,12.90000019222498,1.80000002682209,72.37142964984689,12.300000190734863,302.75
1973-09-24,20.800000309944156,12.54285732976028,2.600000038743019,77.87142973180327,14.599999718368053,302.71
1973-10-01,16.00000023841858,10.271428724484784,5.4000000804662704,82.18571551037687,7.599999882280827,302.64
1973-10-08,21.1000003144145,10.600000157952309,1.5000000223517418,82.77142980481896,0.1000000014901161,302.57
1973-10-15,13.90000020712614,6.671428670840604,-4.000000059604645,83.48571552974838,26.899999476969242,302.51
1973-10-22,11.10000016540289,5.700000084936619,-0.2000000029802322,84.50000125914812,57.09999971836805,302.58
1973-10-29,11.900000177323818,4.428571494562285,-3.200000047683716,79.57142975713525,9.999999620020388,302.87
1973-11-05,12.300000183284284,4.042857203100409,-4.500000067055225,79.02857260618892,13.999999821186066,302.97
1973-11-12,10.30000015348196,5.742857228432383,1.700000025331974,81.60000121593475,8.800000205636024,302.92
1973-11-19,7.500000111758709,3.300000049173832,-3.1000000461936,78.9285726046988,11.099999815225601,302.86
1973-11-26,8.100000120699406,3.1142857606921877,-3.1000000461936,81.47142978544746,9.099999964237213,302.81
1973-12-03,0.2000000029802322,-6.242857235882964,-18.80000028014183,84.12857268218484,11.80000014603138,302.74
1973-12-10,8.00000011920929,0.4857142929519926,-9.900000147521496,81.67142978842769,21.900000721216202,302.73
1973-12-17,3.1000000461936,0.04285714349576396,-8.400000125169754,85.34285841456482,28.70000034570694,302.72
1973-12-24,6.500000096857548,1.2142857323799814,-4.700000070035458,81.21428692447287,2.299999952316284,303.02
1973-12-31,4.000000059604645,0.9285714424082211,-3.000000044703484,89.38571561766523,0.8000000193715093,303.44
1974-01-07,3.700000055134296,0.3857142914618764,-5.200000077486038,86.51428700344903,14.299999713897705,303.86
1974-01-14,8.100000120699406,3.8142857711230005,0.2000000029802322,84.5285726881453,2.3999999836087227,304.25
1974-01-21,11.000000163912771,5.928571516914027,-1.5000000223517418,82.10000122338533,16.699999570846558,304.37
1974-01-28,6.900000102818012,2.9714286157063077,-3.500000052154064,85.65714413353375,9.400000005960464,304.5
1974-02-04,7.000000104308128,2.714285754731723,-2.1000000312924385,85.128572697086,0.400000013411045,304.62
1974-02-11,12.90000019222498,4.028571488601821,-3.700000055134296,81.67142978842769,36.80000042915344,304.65
1974-02-18,12.000000178813934,4.428571494562285,-2.800000041723252,82.41428694235427,0.1000000014901161,305.2
1974-02-25,4.500000067055225,1.3285714483686857,-5.500000081956387,81.5428583579404,12.899999648332594,305.18
1974-03-04,6.500000096857548,1.0000000149011612,-4.000000059604645,74.17142967666898,0.3000000044703483,305.14
1974-03-11,7.500000111758709,0.842857155416693,-3.200000047683716,82.87142980630908,5.80000014603138,304.95
1974-03-18,13.600000202655792,4.757142928029809,-1.80000002682209,80.40000119805336,20.799999862909317,304.82
1974-03-25,16.800000250339508,8.971428705113274,2.500000037252903,74.07142967517886,2.200000047683716,304.77
1974-04-01,19.30000028759241,10.285714438983373,2.800000041723252,75.04285826108286,5.899999834597111,304.74
1974-04-08,17.600000262260437,9.357142996575151,0.5000000074505806,58.62857230220522,0.0,304.54
1974-04-15,21.800000324845318,7.757142972733293,-3.400000050663948,59.385715170630384,2.299999952316284,304.49
1974-04-22,14.300000213086603,6.27142866488014,-3.9000000581145287,66.50000099092722,1.300000049173832,304.32
1974-04-29,15.800000235438349,7.242857250784125,0.800000011920929,69.60000103712082,7.199999824166298,304.1
1974-05-06,15.600000232458116,8.171428693192345,1.80000002682209,81.1857154954757,11.599999964237213,303.92
1974-05-13,21.300000317394733,9.914285862020083,0.2000000029802322,72.8428582283003,6.3999999538064,303.88
1974-05-20,23.100000344216824,11.942857320819583,0.1000000014901161,71.90000107139349,8.700000002980232,303.54
1974-05-27,21.300000317394733,10.614285872450896,1.5000000223517418,74.25714396366051,26.500000715255737,303.62
1974-06-03,22.30000033229589,12.614285902253219,1.80000002682209,74.1571439621704,15.70000047236681,303.5
1974-06-10,21.60000032186508,10.642857301448073,1.5000000223517418,72.31428679185254,16.800000049173832,303.43
1974-06-17,24.8000003695488,13.657143060650144,5.500000081956387,74.60000111162663,17.39999981224537,303.35
1974-06-24,22.100000329315662,14.200000211596489,5.700000084936619,74.81428682910544,7.3000001683831215,303.3
1974-07-01,23.80000035464764,14.91428593652589,8.50000012665987,81.12857263748135,51.70000123977661,303.22
1974-07-08,19.60000029206276,13.671428775148732,4.700000070035458,72.74285822681018,23.699999809265137,303.27
1974-07-15,20.30000030249357,15.185714511999063,7.700000114738941,77.82857258830752,20.899999797344208,303.38
1974-07-22,22.600000336766243,14.071428781109196,7.000000104308128,79.31428689616067,25.999999597668648,303.38
1974-07-29,23.300000347197056,14.871428793030125,6.200000092387199,74.88571540159839,7.400000214576721,303.36
1974-08-05,27.80000041425228,17.92857169572796,8.50000012665987,74.42857253764357,2.7999999672174454,303.25
1974-08-12,22.30000033229589,14.357143071080957,5.4000000804662704,77.50000115483999,19.699999906122684,303.14
1974-08-19,32.70000048726797,19.042857426617825,11.500000171363354,75.95714398899248,25.59999990463257,303.1
1974-08-26,25.00000037252903,14.70000021904707,8.600000128149986,80.52857262854066,4.399999976158142,303.09
1974-09-02,27.500000409781933,15.714285948446818,7.900000117719173,76.57142971243177,9.999999761581421,303.05
1974-09-09,23.80000035464764,14.100000210106373,4.700000070035458,74.44285825214216,9.200000181794167,302.9
1974-09-16,25.100000374019142,14.942857365523066,4.500000067055225,74.11428681867463,0.0,302.83
1974-09-23,24.300000362098217,10.814285875431128,2.200000032782554,76.4142868529473,3.400000035762787,302.79
1974-09-30,16.100000239908695,8.442857268665518,3.700000055134296,80.17142976607595,15.800000168383121,302.71
1974-10-07,9.400000140070915,6.257142950381551,2.500000037252903,84.44285840115377,15.900000005960464,302.56
1974-10-14,10.100000150501728,5.714285799435207,1.100000016391277,84.44285840115377,18.699999883770943,302.53
1974-10-21,8.50000012665987,4.528571496052401,0.800000011920929,85.78571556402105,30.30000038444996,302.63
1974-10-28,8.600000128149986,5.04285721800157,2.200000032782554,86.5571441469448,57.79999919235706,303.05
1974-11-04,7.200000107288361,3.1142857606921877,-1.0000000149011612,87.40000130236149,14.599999859929085,303.36
1974-11-11,8.100000120699406,2.2142857472811426,-3.6000000536441803,85.1142869825874,3.6000000983476643,303.42
1974-11-18,13.90000020712614,7.514285826257297,0.5000000074505806,73.74285824171135,4.6999999061226845,303.46
1974-11-25,9.3000001385808,5.414285794964859,1.5000000223517418,85.70000127702951,17.299999862909317,303.51
1974-12-02,10.000000149011612,4.400000065565109,0.5000000074505806,86.2000012844801,22.19999996572733,303.55
1974-12-09,10.000000149011612,6.714285814336368,1.0000000149011612,90.01428705560309,42.50000023841858,304.04
1974-12-16,6.70000009983778,0.4714285784534046,-9.3000001385808,86.97142986740384,38.89999929070473,304.5
1974-12-23,6.70000009983778,3.7571429131286487,0.5000000074505806,80.31428691106183,4.899999916553497,305.01
1974-12-30,12.500000186264517,6.70000009983778,-2.0000000298023224,81.45714407094887,33.599999248981476,305.67
1975-01-06,6.800000101327896,4.3142857785735815,0.2000000029802322,87.78571559382337,5.500000052154064,306.22
1975-01-13,8.900000132620335,3.857142914618765,-2.500000037252903,82.77142980481896,6.100000202655792,306.05
1975-01-20,8.50000012665987,4.385714351066521,-1.700000025331974,79.58571547163385,1.300000011920929,305.84
1975-01-27,7.500000111758709,3.9142857726131166,-3.000000044703484,78.18571545077222,8.799999982118607,305.62
1975-02-03,9.100000135600569,3.957142916108881,-0.4000000059604645,85.80000127851963,10.399999678134918,305.41
1975-02-10,7.300000108778477,-0.885714298912457,-6.500000096857548,75.04285826108286,0.0,305.18
1975-02-17,9.100000135600569,0.857142869915281,-8.00000011920929,77.11428686337811,4.4000000059604645,305.01
1975-02-24,9.600000143051147,0.6857142959322248,-5.500000081956387,73.72857252721276,9.200000166893005,304.88
1975-03-03,13.100000195205212,2.414285750261375,-5.4000000804662704,71.12857248846974,0.2000000029802322,304.75
1975-03-10,14.40000021457672,6.228571521384375,-0.5000000074505806,75.62857255552497,3.3999999836087227,304.64
1975-03-17,7.900000117719173,3.628571482641356,-3.500000052154064,83.61428696023566,16.700000323355198,304.45
1975-03-24,7.700000114738941,1.3428571628672736,-4.500000067055225,73.28571537775653,29.40000009536743,304.63
1975-03-31,6.500000096857548,1.2714285903743334,-3.200000047683716,76.771429715412,18.100000143051147,305.0
1975-04-07,7.900000117719173,2.371428606765611,-3.200000047683716,77.62857258532729,19.600000202655792,305.31
1975-04-14,12.500000186264517,4.214285777083465,-2.600000038743019,77.35714400985411,24.09999978542328,305.55
1975-04-21,17.100000254809856,8.42857155416693,1.80000002682209,74.94285825959274,16.200000047683716,305.68
1975-04-28,20.10000029951334,10.100000150501728,1.80000002682209,66.21428670095545,0.0,305.77
1975-05-05,23.000000342726707,9.08571442110198,0.0,67.18571528685945,7.6000001430511475,305.6
1975-05-12,22.30000033229589,11.900000177323818,4.000000059604645,76.6571439994233,18.400000274181366,305.45
1975-05-19,24.300000362098217,13.514285915664264,-0.1000000014901161,76.0571439904826,10.100000023841858,305.14
1975-05-26,17.80000026524067,10.242857295487608,0.2000000029802322,63.485715231725145,0.0,304.92
1975-06-02,22.500000335276127,10.30000015348196,-0.5000000074505806,64.51428667562348,0.9000000357627869,304.69
1975-06-09,20.800000309944156,11.442857313369002,2.500000037252903,62.95714379527739,9.100000023841858,304.37
1975-06-16,24.8000003695488,16.41428595887763,10.600000157952309,76.87142971690211,23.200000382959843,304.34
1975-06-23,24.600000366568565,15.757143091942583,7.900000117719173,83.84285839221307,48.799999475479126,304.37
1975-06-30,25.100000374019142,14.042857352112021,8.00000011920929,75.54285826853344,22.300000309944153,304.33
1975-07-07,26.50000039488077,17.700000263750553,8.00000011920929,70.35714390554598,0.2000000029802322,304.27
1975-07-14,29.800000444054604,19.642857435558522,10.000000149011612,69.3714296051434,5.799999967217445,304.2
1975-07-21,24.8000003695488,17.385714544781617,11.500000171363354,75.40000112354755,16.400000222027302,304.12
1975-07-28,24.8000003695488,15.485714516469411,8.400000125169754,71.71428678291184,2.1999999284744263,303.91
1975-08-04,28.80000042915344,19.60000029206276,9.100000135600569,65.78571526599782,0.0,303.8
1975-08-11,30.500000454485416,21.300000317394733,11.400000169873238,58.914286592176985,2.200000047683716,303.67
1975-08-18,28.200000420212746,18.0000002682209,8.00000011920929,66.41428670393569,6.900000102818012,303.65
1975-08-25,26.200000390410423,15.685714519449643,6.800000101327896,83.52857267324414,14.500000275671482,303.62
1975-09-01,25.300000376999375,16.742857392345154,7.700000114738941,74.18571539116758,3.200000047683716,303.39
1975-09-08,26.50000039488077,14.671428790049893,7.700000114738941,78.82857260320868,3.600000023841858,303.18
1975-09-15,22.100000329315662,13.171428767698151,5.000000074505806,81.01428692149264,16.199999809265137,303.0
1975-09-22,29.300000436604023,15.671428804951054,7.500000111758709,81.34285835496017,8.80000002682209,302.75
1975-09-29,23.300000347197056,14.928571651024479,6.70000009983778,78.5571440277355,11.600000023841858,302.58
1975-10-06,25.300000376999375,12.571428758757454,6.200000092387199,80.57142977203641,15.200000002980232,302.56
1975-10-13,13.300000198185444,5.585714368947914,-1.3000000193715096,80.84285834750959,18.400000348687172,302.54
1975-10-20,13.600000202655792,6.8142858158264845,0.2000000029802322,89.28571561617511,16.600000113248825,302.48
1975-10-27,13.800000205636024,6.285714379378727,-0.5000000074505806,85.75714413502386,0.1000000014901161,302.47
1975-11-03,13.90000020712614,4.914285787514278,-0.800000011920929,86.10000128298998,0.4000000059604644,302.45
1975-11-10,8.300000123679638,5.085714361497334,0.9000000134110451,84.62857268963542,2.800000049173832,302.42
1975-11-17,8.400000125169754,2.400000035762787,-0.6000000089406967,84.47142983015094,12.700000077486038,302.4
1975-11-24,7.700000114738941,0.05714285799435207,-9.500000141561031,82.6142869453345,17.300000190734863,302.43
1975-12-01,10.000000149011612,1.671428596334798,-8.00000011920929,86.88571558041232,10.600000016391277,302.44
1975-12-08,7.300000108778477,3.414285765162536,0.5000000074505806,85.14285841158458,8.700000122189522,302.4
1975-12-15,4.700000070035458,0.11428571598870414,-6.500000096857548,86.35714414396456,1.700000025331974,302.36
1975-12-22,3.200000047683716,-2.2428571762783185,-13.40000019967556,82.35714408435992,1.3999999985098839,302.33
1975-12-29,5.700000084936619,2.1285714602896144,-0.800000011920929,86.84285843691656,7.200000166893005,302.31
1976-01-05,8.300000123679638,2.2285714617797305,-1.80000002682209,85.21428698407752,32.19999976456165,302.27
1976-01-12,9.600000143051147,5.085714361497334,0.0,88.214287028781,24.800000086426735,302.24
1976-01-19,7.500000111758709,2.9571429012077197,-1.0000000149011612,89.6571441931384,37.400000512599945,302.2
1976-01-26,6.500000096857548,0.4428571494562285,-9.500000141561031,83.55714410224131,32.60000056028366,302.16
1976-02-02,-0.800000011920929,-6.685714385339192,-13.300000198185444,83.41428695725543,0.4000000059604645,302.51
1976-02-09,1.80000002682209,-1.528571451348918,-9.900000147521496,90.14285848609039,0.3000000119209289,302.97
1976-02-16,3.000000044703484,-0.9714285859039852,-6.000000089406967,89.48571561915534,15.200000047683716,303.42
1976-02-23,7.000000104308128,0.1571428594844682,-4.700000070035458,87.95714416780642,0.0,304.19
1976-03-01,10.80000016093254,3.7142857696328844,-2.7000000402331352,81.12857263748135,1.0000000298023224,304.22
1976-03-08,5.700000084936619,-2.1142857457910265,-6.000000089406967,71.0571439159768,2.6999999061226845,304.2
1976-03-15,9.400000140070915,-0.4428571494562286,-10.600000157952309,67.74285815230438,1.4000000208616257,304.25
1976-03-22,4.500000067055225,-0.7000000104308128,-7.400000110268593,83.04285838029215,6.60000005364418,304.16
1976-03-29,15.500000230968,4.214285777083465,-6.500000096857548,75.18571540606874,12.299999959766865,304.07
1976-04-05,20.30000030249357,8.528571555657047,0.0,67.65714386531285,2.399999976158142,303.97
1976-04-12,12.800000190734863,3.9142857726131166,-4.700000070035458,71.01428677248103,5.0,303.85
1976-04-19,20.30000030249357,9.314285853079387,-1.80000002682209,68.48571530623096,0.699999988079071,303.74
1976-04-26,16.600000247359276,5.300000078976154,-3.000000044703484,66.37142956043992,1.700000062584877,303.61
1976-05-03,18.80000028014183,5.1142857904945105,-6.70000009983778,64.72857239310231,2.3000000715255737,303.5
1976-05-10,28.200000420212746,16.185714526900224,1.3000000193715096,51.900000773370266,0.0,303.39
1976-05-17,21.60000032186508,10.857143018926893,-2.0000000298023224,68.30000101774931,6.3999998569488525,303.14
1976-05-24,25.100000374019142,12.442857328270163,5.200000077486038,69.11428674416882,9.699999749660492,303.03
1976-05-31,20.60000030696392,11.300000168383121,1.3000000193715096,74.35714396515063,28.199999809265137,302.82
1976-06-07,22.800000339746475,11.542857314859118,3.500000052154064,78.02857259128776,16.90000021457672,302.79
1976-06-14,25.100000374019142,17.357143115784442,6.200000092387199,61.44285805842706,0.3000000119209289,302.71
1976-06-21,25.00000037252903,15.828571664435524,5.500000081956387,63.60000094771385,4.000000014901161,302.71
1976-06-28,30.200000450015068,20.342857445989335,8.100000120699406,57.75714371779135,3.5999999046325684,302.63
1976-07-05,33.600000500679016,22.585714622267655,8.50000012665987,46.02857211445059,0.0,302.46
1976-07-12,30.70000045746565,19.94285744002887,7.200000107288361,50.28571503502982,0.0,302.25
1976-07-19,34.00000050663948,21.657143179859435,12.600000187754633,64.5000009611249,9.199999809265137,302.25
1976-07-26,26.30000039190054,15.857143093432699,7.800000116229057,72.97142965878759,15.899999827146528,302.24
1976-08-02,24.50000036507845,14.514285930565425,5.200000077486038,69.81428675459964,17.89999969303608,302.14
1976-08-09,22.800000339746475,13.857143063630376,5.700000084936619,71.12857248846974,11.100000202655792,302.07
1976-08-16,24.600000366568565,16.600000247359276,5.4000000804662704,62.928572366280214,1.100000023841858,301.98
1976-08-23,23.80000035464764,15.028571652514595,4.200000062584877,65.65714383551052,3.399999976158142,301.89
1976-08-30,28.50000042468309,17.00000025331974,3.700000055134296,63.72857237820114,2.8999999463558197,301.87
1976-09-06,20.10000029951334,12.028571607811111,5.900000087916851,77.80000115931034,4.700000047683716,301.825
1976-09-13,23.80000035464764,12.357143041278634,3.700000055134296,75.64285827002355,8.199999868869781,301.78
1976-09-20,17.600000262260437,11.557143029357706,5.900000087916851,82.1428583668811,8.40000020712614,301.735
1976-09-27,22.30000033229589,12.728571618241924,4.500000067055225,82.34285836986133,5.600000075995922,301.69
1976-10-04,19.10000028461218,13.571428773658615,7.500000111758709,90.88571564001697,17.39999981224537,301.63
1976-10-11,22.30000033229589,12.757143047239099,3.200000047683716,81.22857263897147,0.7999999895691872,301.59
1976-10-18,20.30000030249357,7.985714404710701,0.5000000074505806,87.07142986889396,4.9999998807907104,301.56
1976-10-25,15.100000225007534,7.500000111758709,2.200000032782554,85.7142869915281,3.0999999046325684,301.54
1976-11-01,11.800000175833702,4.800000071525574,-1.600000023841858,88.55714417674712,3.099999912083149,301.47
1976-11-08,10.30000015348196,5.2428572209818025,-0.6000000089406967,88.28571560127395,10.400000154972076,301.41
1976-11-15,11.60000017285347,6.228571521384375,1.5000000223517418,86.38571557296174,7.700000122189522,301.36
1976-11-22,6.200000092387199,2.371428606765611,-4.500000067055225,85.8428584220154,4.599999904632568,301.32
1976-11-29,7.900000117719173,4.285714349576405,0.0,85.21428698407752,25.700000621378422,301.29
1976-12-06,10.000000149011612,2.257142890776907,-2.7000000402331352,86.74285843542644,21.300000362098217,301.27
1976-12-13,6.200000092387199,1.5571428803460938,-3.1000000461936,85.28571555657047,12.800000131130219,301.3
1976-12-20,1.80000002682209,-1.9285714573093824,-8.50000012665987,86.2000012844801,1.5999999940395355,301.3
1976-12-27,2.200000032782554,-1.6142857383404459,-9.400000140070915,79.55714404263666,3.799999952316284,301.31
1977-01-03,3.1000000461936,-4.628571497542517,-20.10000029951334,80.18571548057454,3.4999999180436134,301.32
1977-01-10,2.0000000298023224,0.15714285948446818,-2.7000000402331352,87.64285844883749,10.600000202655792,301.29
1977-01-17,2.200000032782554,-1.2142857323799814,-7.400000110268593,86.97142986740384,17.699999921023846,301.25
1977-01-24,5.500000081956387,-0.6285714379378727,-7.500000111758709,87.1428584413869,2.6000000461935997,301.22
1977-01-31,9.400000140070915,2.3000000342726707,-7.200000107288361,82.81428694831473,9.500000216066837,301.44
1977-02-07,8.800000131130219,0.9285714424082211,-8.600000128149986,84.88571555061,15.900000214576721,301.56
1977-02-14,8.400000125169754,4.0857143465961725,-0.6000000089406967,84.7571441201227,14.000000029802322,301.69
1977-02-21,9.80000014603138,4.3142857785735815,0.1000000014901161,82.87142980630908,35.80000013113022,301.77
1977-02-28,10.30000015348196,1.9714286008051463,-5.4000000804662704,78.34285831025669,4.799999952316284,301.82
1977-03-07,11.900000177323818,5.500000081956387,-4.200000062584877,72.0000010728836,7.999999977648258,302.33
1977-03-14,17.50000026077032,7.3571429667728285,-0.6000000089406967,79.5285726136395,18.00000001490116,302.51
1977-03-21,14.900000222027302,6.9714286753109524,-1.0000000149011612,75.8142868440066,5.1999999061226845,302.77
1977-03-28,16.600000247359276,7.528571540755885,-1.0000000149011612,81.61428693043334,17.000000059604645,302.48
1977-04-04,11.30000016838312,1.9428571718079704,-6.200000092387199,67.68571529431003,7.200000055134296,302.44
1977-04-11,6.800000101327896,1.9142857428107942,-3.500000052154064,74.07142967517886,10.099999897181988,302.32
1977-04-18,13.100000195205212,3.7714286276272366,-3.200000047683716,75.74285827151367,21.0,302.17
1977-04-25,18.6000002771616,7.500000111758709,-3.700000055134296,68.82857245419707,16.499999955296516,302.05
1977-05-02,17.30000025779009,9.642857286546912,-0.5000000074505806,72.81428679930312,2.7000000029802322,301.98
1977-05-09,26.00000038743019,10.65714301594666,2.1000000312924385,75.38571540904897,5.999999940395355,301.9
1977-05-16,17.100000254809856,10.714285873941012,2.0000000298023224,73.72857252721276,6.099999964237213,301.79
1977-05-23,17.80000026524067,10.314285867980548,0.5000000074505806,69.75714389660529,21.600000381469727,301.65
1977-05-30,22.600000336766243,12.742857332740511,1.600000023841858,56.9857151348676,0.1000000014901161,301.57
1977-06-06,16.600000247359276,10.44285729846784,-0.800000011920929,72.78571537030595,4.199999898672104,301.51
1977-06-13,29.200000435113907,16.78571453584092,8.800000131130219,74.21428682016474,22.800000309944153,301.86
1977-06-20,23.300000347197056,16.00000023841858,12.500000186264517,86.05714413949421,31.400000631809235,302.23
1977-06-27,25.100000374019142,15.55714308896235,9.600000143051147,76.61428685592753,7.500000178813934,302.34
1977-07-04,24.8000003695488,16.171428812401636,7.200000107288361,72.37142964984689,3.200000047683716,302.22
1977-07-11,26.80000039935112,18.042857411716664,9.500000141561031,68.75714388170412,0.3000000044703483,302.15
1977-07-18,28.80000042915344,15.114285939506122,4.500000067055225,69.8571438980954,11.200000047683716,302.1
1977-07-25,21.800000324845318,14.70000021904707,8.400000125169754,79.22857260916915,37.30000078678131,302.06
1977-08-01,25.600000381469727,15.285714513489179,7.200000107288361,75.98571541798967,6.899999886751175,302.06
1977-08-08,26.30000039190054,16.42857167337622,8.800000131130219,76.07142970498118,18.49999976158142,302.01
1977-08-15,22.800000339746475,15.014285938016005,10.500000156462193,80.87142977650676,5.000000052154064,301.98
1977-08-22,20.30000030249357,14.514285930565425,10.900000162422655,83.47142981524978,72.80000162124634,302.04
1977-08-29,21.60000032186508,15.042857367013182,8.800000131130219,79.91428690510136,7.799999870359898,302.22
1977-09-05,26.30000039190054,17.00000025331974,7.900000117719173,78.81428688871009,2.0,301.41
1977-09-12,22.100000329315662,13.714285918644496,5.000000074505806,79.80000118911266,24.59999993443489,301.62
1977-09-19,17.100000254809856,8.471428697662693,0.9000000134110451,77.27142972286258,3.6000000536441803,301.85
1977-09-26,16.800000250339508,9.142857279096331,3.000000044703484,80.80000120401382,2.1999999061226845,301.99
1977-10-03,17.100000254809856,9.471428712563855,2.3000000342726707,77.31428686635834,16.50000035762787,302.1
1977-10-10,24.100000359117985,12.700000189244747,2.200000032782554,80.97142977799687,18.49999964237213,302.04
1977-10-17,15.900000236928465,7.785714401730469,2.200000032782554,84.44285840115377,0.2000000029802322,302.0
1977-10-24,20.30000030249357,9.414285854569503,0.1000000014901161,78.30000116676092,1.200000025331974,301.92
1977-10-31,15.800000235438349,9.242857280586447,3.1000000461936,87.60000130534172,7.400000095367432,301.89
1977-11-07,15.000000223517418,8.64285727164575,-0.6000000089406967,82.07142979438815,37.500000953674316,301.9
1977-11-14,15.600000232458116,8.942857276116099,1.0000000149011612,80.67142977352653,49.29999977350235,301.95
1977-11-21,8.50000012665987,2.8857143287147795,-0.6000000089406967,80.28571548206466,14.599999859929085,302.1
1977-11-28,5.000000074505806,1.3285714483686857,-5.000000074505806,85.32857270006623,19.700000144541264,302.18
1977-12-05,2.800000041723252,-1.3571428773658616,-7.900000117719173,81.5428583579404,0.8000000268220901,302.55
1977-12-12,5.000000074505806,0.9285714424082211,-8.300000123679638,86.75714414992503,17.399999871850014,302.72
1977-12-19,6.200000092387199,2.1285714602896144,-3.6000000536441803,89.34285847416946,0.9000000059604645,303.01
1977-12-26,13.100000195205212,2.4285714647599628,-5.700000084936619,85.25714412757328,12.000000298023224,303.15
1978-01-02,5.500000081956387,2.357142892267023,0.1000000014901161,85.05714412459305,23.799999982118607,303.29
1978-01-09,4.200000062584877,-0.6285714379378727,-8.50000012665987,80.01428690659148,9.699999809265137,303.56
1978-01-16,4.200000062584877,1.0142857293997491,-4.200000062584877,82.64285837433168,1.4000000357627869,303.74
1978-01-23,4.200000062584877,-0.5285714364477566,-4.700000070035458,84.00000125169754,2.5,304.05
1978-01-30,5.500000081956387,1.9428571718079704,-0.5000000074505806,82.1428583668811,8.800000168383121,304.1
1978-02-06,2.500000037252903,-1.0000000149011612,-6.800000101327896,85.77142984952245,12.70000021904707,304.12
1978-02-13,-0.5000000074505806,-4.500000067055225,-12.10000018030405,82.6142869453345,4.700000062584877,304.08
1978-02-20,-0.5000000074505806,-6.828571530325072,-13.600000202655792,81.04285835048982,2.799999989569187,304.11
1978-02-27,13.100000195205212,3.185714333185128,-17.80000026524067,80.54285834303924,1.4999999925494194,304.36
1978-03-06,13.90000020712614,5.142857219491686,-2.500000037252903,80.54285834303924,3.900000132620335,304.05
1978-03-13,11.60000017285347,4.771428642528398,-3.6000000536441803,74.48571539563792,11.200000286102295,303.87
1978-03-20,10.30000015348196,3.38571433616536,-1.80000002682209,78.52857259873834,23.59999978542328,303.84
1978-03-27,8.00000011920929,3.0428571881992474,-2.200000032782554,79.95714404859713,20.89999983459711,303.8
1978-04-03,18.80000028014183,9.771428717034203,3.200000047683716,81.48571549994605,10.19999971985817,303.82
1978-04-10,14.100000210106373,4.61428578304393,-4.700000070035458,68.41428673373801,1.0999999940395355,303.85
1978-04-17,11.400000169873238,2.9285714722105434,-4.000000059604645,69.70000103861094,2.899999961256981,303.86
1978-04-24,18.30000027269125,7.885714403220585,-3.700000055134296,66.55714384892157,2.999999910593033,303.89
1978-05-01,18.80000028014183,9.72857157353844,1.3000000193715096,72.74285822681018,13.69999972730875,303.92
1978-05-08,21.800000324845318,11.400000169873238,4.700000070035458,82.42857265685286,6.600000098347664,303.95
1978-05-15,15.600000232458116,6.000000089406967,-1.600000023841858,75.31428683655602,16.79999977350235,303.98
1978-05-22,18.80000028014183,11.628571601850647,3.000000044703484,80.58571548653501,47.30000001192093,304.02
1978-05-29,23.300000347197056,13.200000196695328,5.4000000804662704,79.80000118911266,9.8999999538064,304.01
1978-06-05,28.300000421702865,18.38571455968278,7.800000116229057,67.14285814336368,7.700000166893006,303.99
1978-06-12,25.300000376999375,14.414285929075309,6.400000095367432,74.50000111013651,2.200000047683716,303.94
1978-06-19,20.800000309944156,12.54285732976028,2.500000037252903,71.78571535540479,4.200000047683716,303.82
1978-06-26,21.1000003144145,12.385714470275811,5.200000077486038,81.34285835496017,19.800000309944153,303.72
1978-07-03,22.600000336766243,13.228571625692505,5.4000000804662704,80.81428691851241,17.00000037252903,303.65
1978-07-10,17.30000025779009,11.428571598870414,8.300000123679638,82.67142980332885,27.9000004529953,303.45
1978-07-17,22.600000336766243,13.671428775148732,5.200000077486038,76.9000011458993,5.0,303.27
1978-07-24,23.80000035464764,13.857143063630376,6.000000089406967,76.45714399644307,6.799999870359898,303.38
1978-07-31,29.300000436604023,20.10000029951334,11.30000016838312,69.60000103712082,0.0,303.29
1978-08-07,25.100000374019142,16.87142882283245,10.30000015348196,76.50000113993883,41.89999943971634,303.21
1978-08-14,20.10000029951334,13.371428770678383,8.50000012665987,80.68571548802512,1.700000025331974,303.12
1978-08-21,26.80000039935112,15.12857165400471,4.200000062584877,74.80000111460686,4.200000107288361,302.99
1978-08-28,27.200000405311584,13.500000201165676,2.0000000298023224,74.60000111162663,0.7999999895691872,302.9
1978-09-04,17.00000025331974,10.628571586949485,5.700000084936619,83.47142981524978,37.40000019222498,302.88
1978-09-11,20.800000309944156,13.97142877961908,4.200000062584877,82.47142980034862,30.699999809265137,302.85
1978-09-18,19.30000028759241,12.24285732528993,6.000000089406967,78.60000117123127,5.399999812245369,302.78
1978-09-25,21.800000324845318,11.88571446282523,4.400000065565109,82.41428694235427,17.39999955892563,302.71
1978-10-02,14.300000213086603,8.42857155416693,2.1000000312924385,87.05714415439537,32.700000047683716,302.74
1978-10-09,21.300000317394733,9.757143002535615,4.400000065565109,84.60000126063824,1.7999999821186066,302.76
1978-10-16,21.800000324845318,11.200000166893005,4.500000067055225,80.65714405902794,6.099999904632568,302.74
1978-10-23,11.500000171363354,6.185714377888611,0.6000000089406967,83.24285838327238,10.100000143051147,302.65
1978-10-30,12.000000178813934,7.8714286887219975,0.5000000074505806,84.41428697215659,2.4000000581145287,302.53
1978-11-06,10.100000150501728,5.028571503502982,-0.9000000134110451,90.22857277308192,1.2000000178813934,302.5
1978-11-13,5.900000087916851,0.857142869915281,-2.800000041723252,87.77142987932477,0.2000000029802322,302.44
1978-11-20,9.900000147521496,5.271428649978978,-0.1000000014901161,81.68571550292629,0.699999988079071,302.36
1978-11-27,9.600000143051147,4.514285781553814,-1.3000000193715096,85.07142983909164,3.899999976158142,302.32
1978-12-04,2.600000038743019,-1.1000000163912773,-8.800000131130219,87.72857273582902,1.7000000476837158,302.3
1978-12-11,8.300000123679638,-1.3857143063630377,-12.500000186264517,85.02857269559588,10.300000056624413,302.33
1978-12-18,8.800000131130219,2.1285714602896144,-10.30000015348196,86.61428700493914,18.399999737739563,302.355
1978-12-25,7.000000104308128,-1.4714285933545657,-10.30000015348196,89.11428704219205,7.100000023841858,302.38
1979-01-01,10.100000150501728,-0.4000000059604642,-19.80000029504299,86.61428700493914,50.50000051409006,302.41
1979-01-08,-1.600000023841858,-12.528571615261692,-22.100000329315662,83.98571553719896,6.100000001490116,302.36
1979-01-15,1.3000000193715096,-1.3428571628672736,-5.700000084936619,88.67142989273582,32.19999986886978,302.32
1979-01-22,-3.000000044703484,-5.514285796454975,-9.100000135600569,87.0285727253982,0.2000000029802322,302.41
1979-01-29,3.1000000461936,-1.2714285903743334,-9.400000140070915,84.2714298271707,8.600000150501728,302.41
1979-02-05,4.200000062584877,0.1857142884816442,-3.000000044703484,82.8571440918105,14.300000011920929,302.49
1979-02-12,2.600000038743019,-2.9714286157063077,-11.10000016540289,80.21428690957171,11.5,302.71
1979-02-19,4.500000067055225,-3.7714286276272366,-9.3000001385808,89.62857276414123,16.500000417232513,302.82
1979-02-26,2.0000000298023224,-2.8714286142161916,-11.900000177323818,83.08571552378791,5.0,302.93
1979-03-05,6.800000101327896,1.0857143018926894,-8.50000012665987,78.52857259873834,7.200000025331974,303.04
1979-03-12,8.00000011920929,2.6857143257345473,-3.400000050663948,82.27142979736838,29.99999973922968,304.42
1979-03-19,7.500000111758709,2.714285754731723,-1.100000016391277,86.82857272241797,23.90000007301569,305.8
1979-03-26,13.100000195205212,4.271428635077817,-4.200000062584877,76.64285828492471,12.999999858438969,306.19
1979-04-02,9.500000141561031,4.000000059604645,-0.800000011920929,86.10000128298998,17.90000009536743,306.05
1979-04-09,8.300000123679638,3.4714286231568883,-1.3000000193715096,82.45714408585003,14.89999969303608,306.05
1979-04-16,18.80000028014183,9.328571567577976,-0.800000011920929,69.08571531517165,14.600000381469728,306.03
1979-04-23,13.600000202655792,5.385714365967682,-1.700000025331974,79.5142868991409,12.800000458955765,305.96
1979-04-30,11.500000171363354,6.200000092387199,0.2000000029802322,77.85714401730469,20.99999962002039,305.73
1979-05-07,12.000000178813934,3.6000000536441803,-1.80000002682209,78.11428687827927,25.500000476837158,305.62
1979-05-14,22.600000336766243,10.100000150501728,-0.9000000134110451,69.88571532709258,12.600000001490116,305.51
1979-05-21,25.100000374019142,15.27142879899059,6.400000095367432,71.37142963494573,4.500000096857548,305.39
1979-05-28,25.300000376999375,13.485714486667089,4.400000065565109,73.37142966474805,26.499999672174454,305.25
1979-06-04,28.80000042915344,21.11428602891309,6.800000101327896,64.32857238714185,6.0,305.02
1979-06-11,27.60000041127205,15.42857165847506,5.500000081956387,78.6857154582228,11.699999824166298,304.89
1979-06-18,25.100000374019142,13.428571628672737,7.500000111758709,78.61428688572985,31.900000676512718,304.77
1979-06-25,25.600000381469727,16.20000024139881,8.400000125169754,78.9285726046988,6.399999976158142,304.626666666667
1979-07-02,24.100000359117985,14.62857164655413,6.000000089406967,71.64285821041891,20.79999929666519,304.483333333333
1979-07-09,20.800000309944156,13.75714306214026,3.700000055134296,77.47142972584281,22.09999942779541,304.34
1979-07-16,22.800000339746475,15.100000225007534,5.900000087916851,78.28571545226234,28.599999427795414,304.2
1979-07-23,22.800000339746475,14.742857362542834,10.30000015348196,76.14285827747413,4.5999999567866325,304.04
1979-07-30,26.600000396370888,16.78571453584092,10.400000154972076,79.47142975564513,20.800000071525574,303.97
1979-08-06,23.80000035464764,16.242857384894574,8.50000012665987,79.1571440366762,12.499999858438969,303.84
1979-08-13,26.30000039190054,14.757143077041421,7.900000117719173,80.32857262556043,13.200000047683716,303.69
1979-08-20,25.300000376999375,15.457143087472234,8.00000011920929,81.04285835048982,4.400000028312206,303.57
1979-08-27,20.800000309944156,12.485714471765927,6.70000009983778,81.11428692298276,6.100000075995922,303.43
1979-09-03,27.200000405311584,14.742857362542834,6.200000092387199,77.51428686933858,12.599999904632568,303.3
1979-09-10,24.8000003695488,14.400000214576721,6.200000092387199,82.41428694235427,9.70000022649765,303.14
1979-09-17,21.300000317394733,11.585714458354882,0.2000000029802322,76.70000114291906,0.8999999761581421,303.06
1979-09-24,22.000000327825543,11.857143033828054,5.500000081956387,78.40000116825104,5.900000192224979,302.94
1979-10-01,19.000000283122063,9.028571563107628,-0.4000000059604645,81.4142869274531,3.000000096857548,302.81
1979-10-08,18.6000002771616,9.685714430042676,-0.2000000029802322,80.2428583385689,1.9000000059604645,302.68
1979-10-15,22.000000327825543,11.88571446282523,5.000000074505806,80.15714405157736,0.1000000014901161,302.59
1979-10-22,16.600000247359276,7.642857256744589,-0.1000000014901161,82.81428694831473,4.0,302.5
1979-10-29,10.100000150501728,3.328571478171008,-3.6000000536441803,67.17142957236085,1.699999988079071,302.42
1979-11-05,10.900000162422655,5.1142857904945105,-1.100000016391277,84.95714412310294,35.89999921619892,302.33
1979-11-12,10.900000162422655,3.300000049173832,-2.500000037252903,83.85714410671166,46.50000086426735,302.18
1979-11-19,5.000000074505806,0.9714285859039852,-3.9000000581145287,92.27142994638,10.600000441074371,302.11
1979-11-26,6.000000089406967,1.4000000208616257,-4.000000059604645,87.35714415886572,3.4999999403953552,302.09
1979-12-03,12.10000018030405,5.928571516914027,-2.200000032782554,85.70000127702951,5.499999955296516,302.22
1979-12-10,11.500000171363354,8.028571548206466,2.500000037252903,86.15714414098433,44.39999969303608,302.26
1979-12-17,9.3000001385808,3.5714286246470044,-4.200000062584877,83.95714410820177,29.90000033378601,302.49
1979-12-24,5.700000084936619,0.5285714364477567,-3.1000000461936,86.87142986591373,3.0999999716877937,302.64
1979-12-31,4.90000007301569,0.6714285814336368,-4.700000070035458,87.17142987038407,18.89999983459711,302.81
1980-01-07,2.1000000312924385,-1.4142857353602136,-13.500000201165676,87.51428701835019,9.799999952316284,302.96
1980-01-14,1.100000016391277,-6.371428666370256,-15.600000232458116,83.70000124722719,1.0999999940395355,303.15
1980-01-21,-1.5000000223517418,-5.600000083446503,-11.30000016838312,84.91428697960717,4.499999918043613,303.51
1980-01-28,3.9000000581145287,-1.0857143018926894,-16.800000250339508,85.7142869915281,13.099999904632568,303.82
1980-02-04,7.500000111758709,1.8857143138136183,-5.500000081956387,86.65714414843491,41.60000014305115,303.89
1980-02-11,10.000000149011612,4.61428578304393,0.1000000014901161,88.32857274476972,22.100000001490116,303.57
1980-02-18,6.900000102818012,2.0000000298023224,-4.200000062584877,84.74285840562412,2.8000000044703484,303.22
1980-02-25,10.600000157952309,0.7428571539265769,-5.4000000804662704,74.35714396515063,0.0,305.26
1980-03-03,9.100000135600569,1.3571428773658616,-5.200000077486038,79.95714404859713,5.200000025331974,305.17
1980-03-10,9.500000141561031,2.542857180748667,-7.000000104308128,81.97142979289804,8.199999786913395,304.98
1980-03-17,9.00000013411045,4.028571488601821,-0.800000011920929,81.45714407094887,7.200000047683716,304.78
1980-03-24,6.400000095367432,0.14285714498588037,-6.200000092387199,78.30000116676092,5.499999940395355,304.75
1980-03-31,16.00000023841858,6.41428580986602,-0.9000000134110451,81.35714406945876,22.599999845027924,304.69
1980-04-07,13.100000195205212,4.171428633587701,-3.1000000461936,79.7571440456169,22.79999989271164,304.67
1980-04-14,19.10000028461218,5.542857225452151,-1.600000023841858,73.6714296692184,13.300000071525574,304.73
1980-04-21,21.1000003144145,7.285714394279888,-1.5000000223517418,66.05714384147099,7.899999976158142,304.79
1980-04-28,9.900000147521496,4.8571429295199255,-2.600000038743019,80.75714406051806,32.70000038295984,304.84
1980-05-05,15.900000236928465,7.657142971243177,-1.600000023841858,67.70000100880861,1.7000000476837158,304.97
1980-05-12,17.80000026524067,9.542857285056796,-0.6000000089406967,62.35714378633669,6.600000008940697,305.01
1980-05-19,19.60000029206276,10.271428724484784,-2.200000032782554,54.54285795560905,0.800000011920929,304.86
1980-05-26,21.300000317394733,11.157143023397241,-0.800000011920929,63.557143804218086,0.6000000163912772,304.78
1980-06-02,21.800000324845318,11.74285731783935,3.500000052154064,77.61428687082869,46.700000047683716,304.67
1980-06-09,24.8000003695488,16.00000023841858,4.500000067055225,75.14285826257297,17.5,304.72
1980-06-16,29.50000043958425,17.08571454031127,8.50000012665987,78.50000116974115,77.50000001490116,304.883333333333
1980-06-23,19.30000028759241,12.571428758757454,6.900000102818012,79.02857260618892,16.200000137090683,305.046666666667
1980-06-30,16.800000250339508,11.128571594400066,6.500000096857548,83.65714410373143,31.00000011920929,305.21
1980-07-07,19.60000029206276,13.014285908213683,8.00000011920929,84.68571554762977,38.799999475479126,305.35
1980-07-14,18.100000269711018,13.014285908213683,7.500000111758709,86.02857271049704,31.299999333918095,305.52
1980-07-21,18.80000028014183,13.40000019967556,7.500000111758709,84.2857155416693,35.89999923855066,305.69
1980-07-28,26.700000397861004,17.471428831773146,5.700000084936619,74.1571439621704,8.5,305.85
1980-08-04,29.10000043362379,18.785714565643243,7.900000117719173,76.57142971243177,1.2000000178813934,305.65
1980-08-11,25.00000037252903,16.42857167337622,7.900000117719173,76.4285725674459,7.100000217556953,305.45
1980-08-18,26.80000039935112,16.700000248849392,7.200000107288361,75.50000112503767,0.8999999761581421,305.21
1980-08-25,21.300000317394733,12.800000190734863,5.4000000804662704,78.84285831770727,11.000000059604645,304.94
1980-09-01,24.100000359117985,15.014285938016005,2.7000000402331352,76.45714399644307,26.800000429153442,304.69
1980-09-08,24.100000359117985,13.90000020712614,2.7000000402331352,76.5428582834346,11.199999809265137,304.54
1980-09-15,17.600000262260437,12.81428590523345,9.500000141561031,84.11428696768624,28.499999582767487,304.36
1980-09-22,25.700000382959843,14.828571649534362,6.70000009983778,81.67142978842769,3.500000096857548,304.23
1980-09-29,20.10000029951334,12.32857161228146,4.700000070035458,86.92857272390809,11.299999713897705,304.08
1980-10-06,16.300000242888927,9.685714430042676,0.5000000074505806,78.37142973925386,1.7999999672174454,303.93
1980-10-13,13.40000019967556,6.657142956342016,-1.3000000193715096,83.14285838178226,21.89999933540821,303.85
1980-10-20,13.600000202655792,6.442857238863196,-0.2000000029802322,85.4714298450521,10.700000047683716,303.64
1980-10-27,13.40000019967556,7.185714392789772,-0.2000000029802322,84.11428696768624,4.499999918043613,303.49
1980-11-03,17.80000026524067,3.371428621666772,-5.4000000804662704,73.24285823426077,4.100000023841858,303.4
1980-11-10,1.3000000193715096,-2.0142857443009103,-5.200000077486038,87.3857155878629,15.199999690055847,303.46
1980-11-17,11.900000177323818,4.657142926539693,-4.000000059604645,85.7142869915281,20.600000262260437,303.5
1980-11-24,12.500000186264517,8.828571560127395,3.500000052154064,79.58571547163385,6.600000001490116,303.54
1980-12-01,10.500000156462193,-0.30000000447034836,-9.600000143051147,86.61428700493914,21.700000137090683,303.56
1980-12-08,1.80000002682209,-5.585714368947914,-13.000000193715096,86.51428700344903,20.59999990463257,303.58
1980-12-15,10.000000149011612,2.6571428967373714,-7.500000111758709,81.07142977948699,15.899999916553497,303.95
1980-12-22,4.90000007301569,0.35714286246470034,-6.900000102818012,85.32857270006623,11.300000011920929,304.46
1980-12-29,9.600000143051147,3.271428620176656,-3.700000055134296,86.58571557594198,3.900000110268593,304.42
1981-01-05,7.500000111758709,2.0142857443009103,-1.80000002682209,85.4714298450521,47.09999976307154,304.34
1981-01-12,0.0,-4.300000064074993,-14.300000213086603,85.01428698109729,7.799999929964542,304.4
1981-01-19,2.7000000402331352,-0.9285714424082211,-6.200000092387199,86.72857272092786,42.09999942779541,304.5
1981-01-26,2.1000000312924385,-3.400000050663948,-13.40000019967556,81.74285836092064,3.1999998837709427,304.6
1981-02-02,5.4000000804662704,-3.17142861868654,-11.500000171363354,77.54285829833576,0.0,304.66
1981-02-09,6.900000102818012,3.0285714737006595,-2.7000000402331352,87.70000130683184,12.600000157952309,305.65
1981-02-16,4.700000070035458,-3.0857143316950117,-9.400000140070915,81.94285836390087,4.500000052154064,305.89
1981-02-23,1.3000000193715096,-3.9142857726131166,-10.900000162422655,83.25714409777096,4.400000050663948,305.91
1981-03-02,4.700000070035458,-1.0285714438983373,-7.500000111758709,84.61428697513682,5.500000178813934,305.66
1981-03-09,12.500000186264517,4.485714352556637,-3.700000055134296,86.10000128298998,29.200000382959843,305.43
1981-03-16,16.00000023841858,7.500000111758709,-1.3000000193715096,83.08571552378791,37.99999973922968,305.91
1981-03-23,17.30000025779009,5.900000087916851,0.2000000029802322,73.42857252274241,11.200000286102295,306.31
1981-03-30,18.30000027269125,9.94285729101726,0.0,75.55714398303202,21.199999570846558,306.32
1981-04-06,18.6000002771616,9.114285850099154,2.800000041723252,81.81428693341357,3.900000095367432,306.16
1981-04-13,21.60000032186508,11.314285882881709,1.100000016391277,70.71428676801068,3.5,305.95
1981-04-20,19.60000029206276,5.100000075995922,-3.6000000536441803,63.04285808226892,3.6999999284744263,305.58
1981-04-27,16.800000250339508,5.000000074505806,-5.000000074505806,67.78571529580014,29.500000059604645,305.29
1981-05-04,10.500000156462193,5.171428648488862,-1.3000000193715096,78.01428687678916,22.600000351667404,305.22
1981-05-11,24.50000036507845,13.014285908213683,-0.2000000029802322,70.27142961855445,1.5,305.14
1981-05-18,23.300000347197056,13.600000202655792,3.6000000536441803,80.21428690957171,44.40000092983246,304.91
1981-05-25,26.00000038743019,14.971428794520241,4.90000007301569,73.62857252572265,12.199999928474426,304.74
1981-06-01,26.00000038743019,14.057143066610609,6.400000095367432,82.6142869453345,42.59999978542328,304.87
1981-06-08,28.700000427663326,17.042857396815503,10.900000162422655,79.84285833260843,80.50000321865082,306.02
1981-06-15,26.00000038743019,16.600000247359276,3.700000055134296,71.57142963792596,7.000000074505806,306.15
1981-06-22,21.1000003144145,10.485714441963605,5.200000077486038,77.15714400687388,27.899999737739563,305.91
1981-06-29,25.100000374019142,15.142857368503298,6.900000102818012,77.98571544779199,28.800000846385956,305.62
1981-07-06,23.500000350177288,15.257143084492002,8.100000120699406,76.771429715412,7.399999976158142,305.34
1981-07-13,28.60000042617321,19.400000289082527,11.500000171363354,73.58571538222688,1.0000000149011612,305.07
1981-07-20,20.60000030696392,13.728571633143085,6.000000089406967,82.52857265834298,16.099999994039536,304.74
1981-07-27,20.10000029951334,14.071428781109196,9.100000135600569,83.80000124871731,46.300001204013824,304.72
1981-08-03,25.50000037997961,17.014285967818328,6.000000089406967,79.32857261065926,6.5,304.53
1981-08-10,28.80000042915344,19.400000289082527,12.000000178813934,79.12857260767903,105.89999675750732,304.56
1981-08-17,27.000000402331352,16.300000242888927,7.200000107288361,80.75714406051806,3.100000001490116,305.11
1981-08-24,20.10000029951334,12.885714477726392,5.500000081956387,83.91428696470601,31.49999964237213,305.25
1981-08-31,19.60000029206276,12.585714473256044,5.700000084936619,82.54285837284156,11.099999845027924,305.34
1981-09-07,23.300000347197056,12.128571609301227,4.200000062584877,77.7285725868174,0.0,305.15
1981-09-14,22.600000336766243,14.857143078531537,4.700000070035458,83.71428696172578,1.0000000149011612,304.92
1981-09-21,21.300000317394733,14.585714503058366,5.500000081956387,85.3571441290634,8.7999999076128,304.72
1981-09-28,24.00000035762787,12.54285732976028,5.4000000804662704,85.15714412608317,38.99999962002039,304.51
1981-10-05,16.600000247359276,10.742857302938189,5.200000077486038,85.85714413651398,17.599999643862247,304.4
1981-10-12,21.1000003144145,10.3714287259749,3.000000044703484,80.25714405306748,22.100000321865082,304.34
1981-10-19,13.800000205636024,6.371428666370256,0.2000000029802322,88.74285846522876,32.00000039488077,304.3
1981-10-26,10.900000162422655,4.628571497542517,-0.9000000134110451,87.77142987932477,1.5999999567866325,304.47
1981-11-02,14.600000217556952,8.100000120699406,2.7000000402331352,85.61428699003798,9.299999862909317,304.28
1981-11-09,12.600000187754633,4.500000067055225,-1.100000016391277,82.8571440918105,6.200000047683716,304.24
1981-11-16,6.000000089406967,0.857142869915281,-5.700000084936619,86.04285842499563,14.700000204145908,304.25
1981-11-23,13.000000193715096,8.085714406200818,-5.000000074505806,85.28571555657047,24.49999988079071,304.21
1981-11-30,10.500000156462193,1.7428571688277381,-1.80000002682209,90.17142991508756,60.39999973773956,304.59
1981-12-07,2.800000041723252,0.1285714304872921,-4.500000067055225,90.77142992402825,54.00000023841858,305.07
1981-12-14,3.1000000461936,-2.414285750261375,-14.40000021457672,86.62857271943774,33.69999998807907,305.71
1981-12-21,2.7000000402331352,-8.528571555657047,-14.600000217556952,85.64285841903516,12.70000010728836,306.48
1981-12-28,0.4000000059604645,-2.614285753241607,-8.400000125169754,88.18571559978383,4.8000000566244125,306.18
1982-01-04,9.00000013411045,4.428571494562285,-6.000000089406967,86.87142986591373,13.10000018030405,306.44
1982-01-11,9.00000013411045,-7.371428681271417,-19.60000029206276,79.81428690361125,16.2000000923872,307.33
1982-01-18,1.100000016391277,-8.700000129640102,-19.80000029504299,80.32857262556043,0.0,306.88
1982-01-25,1.80000002682209,-1.814285741320678,-6.900000102818012,90.27142991657767,2.4000000208616257,306.26
1982-02-01,7.200000107288361,1.1857143033828055,-4.500000067055225,88.07142988379512,46.3000004068017,306.19
1982-02-08,6.900000102818012,-1.0285714438983373,-8.00000011920929,85.94285842350551,3.800000131130219,306.23
1982-02-15,9.100000135600569,2.0571428877966746,-2.800000041723252,86.62857271943774,1.2000000029802322,305.96
1982-02-22,2.7000000402331352,-1.7428571688277381,-7.800000116229057,80.05714405008725,0.0,305.75
1982-03-01,8.800000131130219,-1.5142857368503297,-10.000000149011612,82.58571551633733,4.499999940395355,305.46
1982-03-08,9.00000013411045,2.457142893757139,-4.000000059604645,78.9142868902002,11.600000262260437,305.35
1982-03-15,10.500000156462193,2.7857143272246634,-2.7000000402331352,80.68571548802512,13.300000309944153,305.12
1982-03-22,7.500000111758709,2.600000038743019,-2.500000037252903,84.24285839817354,7.200000181794167,304.96
1982-03-29,17.600000262260437,5.642857226942267,-3.200000047683716,70.67142962451491,2.299999952316284,304.94
1982-04-05,18.100000269711018,6.5857143838490755,-1.100000016391277,72.14285821786949,1.4000000357627869,304.8
1982-04-12,20.500000305473804,4.571428639548166,-1.5000000223517418,80.71428691702229,31.09999978542328,304.64
1982-04-19,14.300000213086603,5.314285793474743,-3.400000050663948,66.25714384445122,1.7000000476837158,304.41
1982-04-26,14.600000217556952,7.428571539265769,-2.200000032782554,65.00000096857548,19.00000075250864,304.43
1982-05-03,13.600000202655792,5.914285802415439,-0.6000000089406967,76.28571542246002,14.99999962002039,304.34
1982-05-10,16.00000023841858,8.50000012665987,-0.1000000014901161,77.45714401134423,45.90000043064356,304.23
1982-05-17,25.50000037997961,12.942857335720744,1.5000000223517418,69.54285817912647,26.499999240040776,304.5
1982-05-24,22.500000335276127,14.185714497097901,6.500000096857548,80.04285833558866,16.20000020414591,304.78
1982-05-31,26.700000397861004,15.214285940996238,5.200000077486038,67.4857152913298,0.0,304.7
1982-06-07,31.600000470876694,21.514286034873553,9.80000014603138,62.257143784846576,0.0,304.54
1982-06-14,25.00000037252903,14.200000211596489,6.500000096857548,78.3285725957581,25.49999964237213,304.44
1982-06-21,19.60000029206276,12.057143036808286,5.000000074505806,81.95714407839945,20.899999618530273,304.32
1982-06-28,23.100000344216824,15.942857380424227,8.300000123679638,77.94285830429622,27.000000201165676,304.235
1982-07-05,27.3000004068017,15.500000230967999,6.500000096857548,74.92857254509416,19.899999536573887,304.15
1982-07-12,27.3000004068017,18.80000028014183,7.000000104308128,68.47142959173236,0.2000000029802322,303.96
1982-07-19,31.300000466406345,20.371428874986513,9.3000001385808,65.12857239906278,0.1000000014901161,303.79
1982-07-26,28.50000042468309,19.10000028461218,13.40000019967556,72.2428582193596,2.7999999672174454,303.62
1982-08-02,29.000000432133675,19.357143145586765,6.500000096857548,58.70000087469816,0.1000000014901161,303.49
1982-08-09,28.300000421702865,19.357143145586765,12.500000186264517,75.55714398303202,3.6999999061226845,303.35
1982-08-16,29.700000442564487,17.742857407246316,7.300000108778477,66.21428670095545,7.900000125169754,303.25
1982-08-23,24.8000003695488,15.442857372973647,8.00000011920929,68.25714387425354,12.999999955296516,303.12
1982-08-30,24.8000003695488,14.942857365523066,5.700000084936619,73.11428680377347,7.499999821186066,303.0
1982-09-06,27.80000041425228,15.157143083001886,4.500000067055225,70.47142962153468,2.0,302.91
1982-09-13,26.00000038743019,16.471428816871985,8.00000011920929,73.24285823426077,0.0,302.75
1982-09-20,28.300000421702865,17.42857168827738,8.50000012665987,69.48571532113212,0.3000000119209289,302.62
1982-09-27,25.80000038444996,13.785714491137437,4.700000070035458,72.0000010728836,11.499999813735485,302.56
1982-10-04,22.100000329315662,12.842857334230628,5.200000077486038,81.64285835943052,1.0,302.52
1982-10-11,14.000000208616257,9.414285854569503,3.200000047683716,88.41428703176123,57.70000112056732,302.46
1982-10-18,13.40000019967556,8.885714418121747,4.500000067055225,84.65714411863259,24.499999433755875,302.39
1982-10-25,16.800000250339508,8.771428702133042,2.200000032782554,87.24285844287702,10.099999979138374,302.4
1982-11-01,12.4000001847744,8.242857265685286,0.9000000134110451,88.44285846075842,0.1000000014901161,302.33
1982-11-08,15.800000235438349,6.185714377888611,-3.000000044703484,75.11428683357579,0.5000000074505806,302.28
1982-11-15,15.000000223517418,6.600000098347664,-1.0000000149011612,85.3571441290634,9.499999850988388,302.21
1982-11-22,10.500000156462193,5.557142939950738,-0.800000011920929,82.92857266430345,21.400000050663948,302.17
1982-11-29,12.10000018030405,4.814285786024162,-0.6000000089406967,84.67142983313117,4.699999824166298,302.12
1982-12-06,3.400000050663948,0.34285714796611233,-2.500000037252903,90.7142870660339,6.200000047683716,302.05
1982-12-13,10.500000156462193,4.142857204590525,-1.0000000149011612,86.3285727149674,35.70000012218952,302.0
1982-12-20,10.500000156462193,2.2428571762783185,-1.5000000223517418,83.05714409479073,29.100000143051147,302.04
1982-12-27,6.70000009983778,1.700000025331974,-2.800000041723252,87.34285844436714,12.300000101327896,302.17
1983-01-03,6.800000101327896,0.9000000134110451,-4.200000062584877,84.37142982866082,12.300000339746477,302.4
1983-01-10,11.800000175833702,5.742857228432383,0.0,81.7714297899178,18.899999670684338,302.64
1983-01-17,8.900000132620335,3.8714286291173527,-0.9000000134110451,83.85714410671166,30.100000098347664,302.89
1983-01-24,6.500000096857548,1.1000000163912773,-5.000000074505806,81.12857263748135,10.799999810755253,303.18
1983-01-31,11.30000016838312,4.800000071525574,-3.400000050663948,82.91428694980485,28.00000049173832,303.57
1983-02-07,9.00000013411045,0.3285714334675244,-5.500000081956387,83.90000125020742,23.899999886751175,303.91
1983-02-14,-0.5000000074505806,-4.142857204590525,-11.10000016540289,84.42857268665519,5.6999999061226845,304.06
1983-02-21,0.9000000134110451,-4.300000064074993,-13.40000019967556,79.32857261065926,1.100000023841858,304.23
1983-02-28,7.300000108778477,-0.9000000134110451,-15.400000229477882,75.80000112950802,9.500000059604645,304.27
1983-03-07,8.800000131130219,3.157142904187952,-2.7000000402331352,82.17142979587827,1.5999999791383743,304.36
1983-03-14,12.000000178813934,4.342857207570757,-5.200000077486038,72.957143944289,2.800000108778477,304.45
1983-03-21,11.500000171363354,7.728571543736117,-1.0000000149011612,81.25714406796864,25.00000011920929,304.53
1983-03-28,10.400000154972076,2.6571428967373714,-1.5000000223517418,79.91428690510136,25.700000166893005,304.71
1983-04-04,10.500000156462193,4.000000059604645,-3.000000044703484,80.67142977352653,33.40000016987324,304.87
1983-04-11,15.100000225007534,5.914285802415439,0.2000000029802322,84.17142982568059,49.10000038146973,305.83
1983-04-18,20.60000030696392,7.885714403220585,-0.1000000014901161,77.20000115036964,14.40000033378601,306.57
1983-04-25,19.80000029504299,11.514285885861941,3.400000050663948,75.00000111758709,37.99999929219484,307.0
1983-05-02,19.80000029504299,10.671428730445248,1.3000000193715096,73.57142966772828,11.299999788403511,306.74
1983-05-09,16.100000239908695,9.357142996575151,-0.2000000029802322,77.98571544779199,12.99999988079071,306.34
1983-05-16,21.60000032186508,11.700000174343586,4.500000067055225,79.70000118762255,12.700000062584877,305.98
1983-05-23,24.300000362098217,11.771428746836525,2.200000032782554,77.08571543438094,47.000000685453415,305.59
1983-05-30,15.100000225007534,9.285714424082212,5.700000084936619,87.21428701387984,28.99999976158142,305.79
1983-06-06,26.30000039190054,15.585714517959527,4.000000059604645,70.28571533305305,12.999999642372131,305.71
1983-06-13,27.60000041127205,16.271428813891752,4.700000070035458,70.5714296230248,5.999999791383743,305.52
1983-06-20,22.800000339746475,12.957143050219331,4.500000067055225,69.48571532113212,2.100000061094761,305.27
1983-06-27,28.50000042468309,18.985714568623475,8.50000012665987,70.54285819402763,37.8000004068017,305.01
1983-07-04,24.8000003695488,15.042857367013182,6.500000096857548,77.24285829386541,4.600000113248825,304.68
1983-07-11,30.200000450015068,21.285714602896146,11.000000163912771,66.95714385488203,2.200000025331974,304.473333333333
1983-07-18,30.70000045746565,19.485714576074056,8.900000132620335,71.15714391746691,25.1999996304512,304.266666666667
1983-07-25,28.80000042915344,16.971428824322565,5.700000084936619,76.11428684847695,7.0,304.06
1983-08-01,32.20000047981739,21.442857462380612,10.400000154972076,66.50000099092722,5.199999809265137,303.85
1983-08-08,24.50000036507845,14.657143075551305,9.00000013411045,80.70000120252371,34.49999964237213,303.77
1983-08-15,25.700000382959843,16.34285738638469,4.700000070035458,74.67142968411956,1.7000000476837158,303.64
1983-08-22,29.300000436604023,19.51428600507123,9.400000140070915,71.80000106990337,17.99999964237213,303.52
1983-08-29,26.50000039488077,18.64285742065736,8.50000012665987,73.30000109225512,2.299999952316284,303.38
1983-09-05,27.000000402331352,16.00000023841858,6.900000102818012,68.72857245270696,5.699999988079071,303.4
1983-09-12,19.10000028461218,12.67142876024757,2.200000032782554,72.2428582193596,10.700000375509262,303.29
1983-09-19,21.60000032186508,13.014285908213683,8.50000012665987,80.77142977501664,33.49999958276749,303.25
1983-09-26,23.600000351667404,11.557143029357706,3.400000050663948,79.1571440366762,6.800000071525574,303.1
1983-10-03,24.100000359117985,12.285714468785695,2.7000000402331352,80.58571548653501,1.900000050663948,302.82
1983-10-10,23.80000035464764,12.414285899272986,6.900000102818012,76.91428686039788,9.60000018030405,302.69
1983-10-17,18.0000002682209,9.671428715544087,3.1000000461936,77.9571440187948,11.199999928474426,302.57
1983-10-24,13.40000019967556,5.514285796454975,-3.000000044703484,84.24285839817354,2.8000000715255737,302.48
1983-10-31,15.500000230968,5.228571506483214,-2.500000037252903,80.2428583385689,0.8000000268220901,302.36
1983-11-07,14.600000217556952,6.900000102818012,1.5000000223517418,84.12857268218484,0.0,302.25
1983-11-14,14.800000220537186,0.8714285844138691,-9.400000140070915,80.81428691851241,0.0,302.16
1983-11-21,3.400000050663948,0.2857142899717603,-10.500000156462193,88.24285845777818,4.799999989569187,302.08
1983-11-28,13.90000020712614,3.957142916108881,-3.9000000581145287,86.11428699748856,46.50000035762787,302.04
1983-12-05,6.500000096857548,-2.7000000402331352,-9.100000135600569,81.25714406796864,6.499999977648258,302.01
1983-12-12,3.000000044703484,-2.7714286127260754,-13.600000202655792,86.47142985995326,11.200000166893005,301.97
1983-12-19,4.000000059604645,-3.2428571911794797,-12.300000183284284,83.80000124871731,1.9000000059604645,301.92
1983-12-26,13.40000019967556,5.728571513933795,0.5000000074505806,83.9285726792046,23.09999978542328,301.94
1984-01-02,8.300000123679638,4.571428639548166,0.9000000134110451,84.71428697662694,2.9999999403953552,301.97
1984-01-09,5.700000084936619,1.1714285888842173,-1.5000000223517418,84.80000126361847,27.50000063329935,302.03
1984-01-16,9.100000135600569,1.600000023841858,-3.6000000536441803,82.6285726598331,29.000000216066837,302.29
1984-01-23,5.900000087916851,-1.1142857308898653,-6.900000102818012,82.35714408435992,15.200000286102295,302.43
1984-01-30,3.700000055134296,-0.21428571747882033,-11.900000177323818,84.81428697811705,9.700000017881393,302.59
1984-02-06,7.800000116229057,2.542857180748667,-0.4000000059604645,88.44285846075842,61.099997736513615,302.73
1984-02-13,6.500000096857548,0.14285714498588017,-5.4000000804662704,81.52857264344182,13.099999718368053,303.84
1984-02-20,2.0000000298023224,-4.257142920579229,-11.500000171363354,74.64285825512239,0.0,304.09
1984-02-27,2.800000041723252,-0.04285714349576405,-4.500000067055225,87.77142987932477,4.800000034272671,304.4
1984-03-05,4.500000067055225,-0.4142857204590525,-5.500000081956387,82.72857266132321,3.0999999046325684,304.65
1984-03-12,7.800000116229057,-0.014285714498588077,-7.500000111758709,74.78571540010827,1.4999999925494194,304.47
1984-03-19,8.400000125169754,0.9142857279096331,-5.200000077486038,73.28571537775653,0.0,304.29
1984-03-26,10.900000162422655,2.4428571792585507,-6.800000101327896,67.1142867143665,7.200000107288361,304.17
1984-04-02,11.000000163912771,3.7285714841314723,-2.500000037252903,84.20000125467777,51.299999475479126,303.98
1984-04-09,7.900000117719173,2.457142893757139,-1.80000002682209,82.8571440918105,7.400000020861626,304.24
1984-04-16,20.10000029951334,6.685714385339192,-1.100000016391277,76.21428684996707,8.100000239908695,304.18
1984-04-23,22.600000336766243,8.457142983164106,-3.1000000461936,60.18571518255131,0.0,304.2
1984-04-30,17.600000262260437,7.514285826257297,-3.200000047683716,58.07142943676029,4.400000095367432,304.25
1984-05-07,19.80000029504299,10.971428734915596,1.100000016391277,77.42857258234706,10.599999859929085,304.29
1984-05-14,11.30000016838312,6.285714379378727,0.6000000089406967,81.7714297899178,18.49999976158142,304.23
1984-05-21,21.60000032186508,12.500000186264515,4.90000007301569,78.02857259128776,65.29999838024378,304.18
1984-05-28,17.30000025779009,10.342857296977725,5.900000087916851,86.37142985846315,67.50000047683716,304.44
1984-06-04,25.100000374019142,12.82857161973204,2.7000000402331352,77.90000116080046,23.000000715255737,305.84
1984-06-11,20.10000029951334,11.857143033828054,6.70000009983778,78.02857259128776,47.10000038146973,305.72
1984-06-18,22.100000329315662,13.314285912684031,3.700000055134296,75.4571439815419,1.0000000149011612,305.55
1984-06-25,27.3000004068017,14.814285935035773,6.000000089406967,69.8571438980954,15.699999928474426,305.41
1984-07-02,21.300000317394733,11.857143033828054,3.200000047683716,75.68571541351932,12.5999995470047,305.34
1984-07-09,29.10000043362379,13.671428775148732,5.900000087916851,77.05714400538376,16.79999965429306,305.22
1984-07-16,33.20000049471855,17.814285979739257,10.100000150501728,75.87142970200095,34.600000597536564,305.06
1984-07-23,19.30000028759241,12.971428764717919,7.400000110268593,80.75714406051806,9.100000061094761,304.91
1984-07-30,28.000000417232517,15.542857374463763,6.200000092387199,77.47142972584281,11.99999988079071,304.66
1984-08-06,29.10000043362379,17.60000026226044,9.00000013411045,80.64285834452936,33.800000727176666,304.46
1984-08-13,20.800000309944156,15.385714514979295,9.100000135600569,85.8428584220154,16.799999952316284,304.32
1984-08-20,24.300000362098217,15.328571656984943,8.900000132620335,77.75714401581457,1.3999999910593033,304.16
1984-08-27,26.80000039935112,16.942857395325387,8.400000125169754,78.10000116378069,14.999999858438969,303.95
1984-09-03,23.80000035464764,17.12857168380703,7.900000117719173,74.22857253466334,0.0,303.82
1984-09-10,20.000000298023224,10.785714446433953,6.200000092387199,88.28571560127395,89.90000104904175,303.59
1984-09-17,20.60000030696392,12.485714471765927,9.00000013411045,88.88571561021465,17.40000019222498,304.14
1984-09-24,18.0000002682209,10.757143017436777,5.000000074505806,84.12857268218484,10.399999976158142,304.07
1984-10-01,19.30000028759241,10.985714449414186,4.200000062584877,86.82857272241797,23.399999767541885,304.05
1984-10-08,15.500000230968,10.257143009986196,4.400000065565109,84.02857268069472,18.50000013411045,303.99
1984-10-15,16.100000239908695,11.38571445537465,5.200000077486038,88.24285845777818,14.100000001490116,304.0
1984-10-22,16.600000247359276,9.928571576518673,2.1000000312924385,79.42857261214938,13.499999940395355,304.05
1984-10-29,15.100000225007534,8.242857265685286,-0.5000000074505806,87.82857273731913,18.19999971985817,303.94
1984-11-05,16.50000024586916,5.442857223962035,-0.2000000029802322,85.62857270453658,0.0,303.86
1984-11-12,11.000000163912771,5.614285797945091,-0.1000000014901161,86.22857271347728,0.0,303.88
1984-11-19,9.500000141561031,1.4571428788559777,-3.200000047683716,83.98571553719896,3.700000107288361,304.01
1984-11-26,13.40000019967556,7.028571533305304,0.9000000134110451,86.41428700195891,69.09999805688858,304.07
1984-12-03,8.00000011920929,1.7428571688277381,-2.7000000402331352,85.27142984207187,0.0,304.39
1984-12-10,5.200000077486038,2.7857143272246634,0.1000000014901161,89.14285847118923,1.3000000268220901,304.44
1984-12-17,6.500000096857548,1.9428571718079704,-2.0000000298023224,92.05714422890118,11.699999764561653,304.5
1984-12-24,6.500000096857548,2.3000000342726707,-2.0000000298023224,84.41428697215659,22.40000009536743,304.59
1984-12-31,2.0000000298023224,-1.757142883326326,-7.800000116229057,83.47142981524978,4.0,304.77
1985-01-07,0.5000000074505806,-8.442857268665518,-18.100000269711018,84.37142982866082,29.900000393390656,305.05
1985-01-14,-5.000000074505806,-11.214285881391593,-18.100000269711018,82.75714409032038,7.600000128149986,305.12
1985-01-21,2.7000000402331352,-8.071428691702229,-17.00000025331974,87.5000013038516,1.2000000029802322,305.27
1985-01-28,6.200000092387199,0.0,-9.500000141561031,82.10000122338533,14.500000014901161,305.41
1985-02-04,9.00000013411045,2.8000000417232513,-5.700000084936619,78.14285830727646,11.500000268220901,305.28
1985-02-11,7.200000107288361,-5.628571512443679,-14.800000220537186,76.51428685443742,8.400000035762787,305.22
1985-02-18,0.5000000074505806,-9.457142998065267,-19.30000028759241,71.08571534497398,0.0,305.16
1985-02-25,8.900000132620335,-2.8142857562218393,-18.50000027567148,74.02857253168311,0.8999999910593033,305.08
1985-03-04,9.00000013411045,2.8714286142161916,-1.700000025331974,84.157144111182,1.199999988079071,304.933333333333
1985-03-11,8.600000128149986,2.471428608255727,-1.600000023841858,80.50000119954348,0.0,304.786666666667
1985-03-18,7.800000116229057,-0.25714286097458433,-4.200000062584877,86.05714413949421,18.5,304.64
1985-03-25,10.80000016093254,2.1714286037853787,-3.9000000581145287,82.0142869363938,0.3000000044703483,304.66
1985-04-01,11.500000171363354,5.857142944421087,-0.800000011920929,78.64285831472704,26.800000190734863,304.68
1985-04-08,21.60000032186508,11.200000166893005,5.500000081956387,70.37142962004457,13.199999928474426,304.7
1985-04-15,12.500000186264517,6.114285805395672,0.9000000134110451,80.48571548504489,25.499999836087227,304.72
1985-04-22,18.6000002771616,8.671428700642926,-1.100000016391277,70.44285819253751,2.5,304.91
1985-04-29,10.000000149011612,2.6714286112359593,-3.200000047683716,76.25714399346283,22.100000575184822,305.0
1985-05-06,16.50000024586916,6.957142960812364,-0.4000000059604645,73.90000110119581,12.399999871850014,305.02
1985-05-13,22.600000336766243,13.742857347641673,6.000000089406967,76.7857154299106,33.59999896585941,304.93
1985-05-20,21.300000317394733,14.91428593652589,4.700000070035458,67.14285814336368,2.099999964237213,305.09
1985-05-27,28.60000042617321,15.542857374463763,6.500000096857548,72.30000107735395,17.799999833106995,305.09
1985-06-03,22.800000339746475,15.171428797500473,5.000000074505806,69.92857247058835,17.100000739097595,304.94
1985-06-10,25.80000038444996,13.90000020712614,4.400000065565109,78.30000116676092,25.699999764561653,304.81
1985-06-17,15.500000230968,9.771428717034203,2.7000000402331352,78.18571545077222,34.90000010281801,304.7
1985-06-24,19.30000028759241,12.628571616751808,5.000000074505806,80.07142976458583,39.50000024586916,304.72
1985-07-01,21.000000312924385,12.842857334230628,6.500000096857548,81.62857264493194,32.600000858306885,304.82
1985-07-08,26.30000039190054,16.07142881091152,6.200000092387199,69.0142867426787,3.8000000715255737,304.85
1985-07-15,29.60000044107437,16.5714288183621,8.900000132620335,74.20000110566616,4.899999916553497,304.79
1985-07-22,26.600000396370888,15.957143094922815,7.200000107288361,73.10000108927488,21.799999713897705,304.57
1985-07-29,26.30000039190054,17.2857145432915,8.50000012665987,77.91428687529904,24.300000071525574,304.41
1985-08-05,23.300000347197056,15.257143084492002,9.600000143051147,74.41428682314498,9.29999965429306,304.25
1985-08-12,23.100000344216824,14.34285735658237,6.200000092387199,80.08571547908443,7.799999952316284,304.05
1985-08-19,31.100000463426117,17.100000254809856,7.400000110268593,80.91428692000252,24.00000023841858,303.89
1985-08-26,25.100000374019142,14.971428794520241,7.900000117719173,77.70000115782022,5.700000122189522,303.73
1985-09-02,25.300000376999375,14.12857163910355,4.000000059604645,71.87142964239631,3.400000095367432,303.58
1985-09-09,16.50000024586916,10.742857302938189,5.200000077486038,83.01428695129496,29.5999995470047,303.43
1985-09-16,22.800000339746475,12.200000181794167,2.3000000342726707,81.27142978246722,8.399999909102917,303.31
1985-09-23,25.50000037997961,16.242857384894574,8.400000125169754,80.21428690957171,5.299999833106995,303.18
1985-09-30,21.000000312924385,11.442857313369002,2.800000041723252,79.38571546865361,0.0,303.05
1985-10-07,25.100000374019142,14.328571642083782,3.700000055134296,83.54285838774273,14.699999645352362,302.93
1985-10-14,16.800000250339508,10.15714300849608,3.500000052154064,81.52857264344182,10.100000001490116,302.8
1985-10-21,13.90000020712614,7.557142969753061,-1.0000000149011612,86.72857272092786,2.2000000178813934,302.7
1985-10-28,9.400000140070915,3.400000050663948,-2.0000000298023224,83.64285838923284,0.0,302.61
1985-11-04,8.50000012665987,2.385714321264199,-5.4000000804662704,85.08571555359023,6.600000023841858,302.52
1985-11-11,15.000000223517418,6.314285808375904,-0.2000000029802322,80.9428583489997,30.100000098347664,302.45
1985-11-18,2.7000000402331352,-1.5571428803460938,-6.400000095367432,82.91428694980485,1.5,302.37
1985-11-25,1.0000000149011612,-4.071428632097585,-9.3000001385808,88.65714417823723,10.999999940395355,302.31
1985-12-02,5.900000087916851,-1.2714285903743334,-8.900000132620335,88.87142989571605,17.59999991208315,302.24
1985-12-09,13.40000019967556,7.471428682761533,2.1000000312924385,82.0285726508924,5.399999976158142,302.3
1985-12-16,10.100000150501728,3.1000000461935997,-5.200000077486038,87.05714415439537,8.099999979138374,302.31
1985-12-23,8.00000011920929,4.042857203100409,-2.1000000312924385,82.42857265685286,33.29999966919422,302.37
1985-12-30,7.900000117719173,0.5571428654449326,-7.000000104308128,86.12857271198716,29.499999403953552,302.61
1986-01-06,5.200000077486038,-2.0571428877966746,-12.90000019222498,85.30000127106905,12.600000381469727,302.84
1986-01-13,6.000000089406967,-0.7857142974223409,-7.400000110268593,86.52857271794763,21.100000239908695,302.94
1986-01-20,9.00000013411045,1.4857143078531538,-11.800000175833702,85.91428699450833,46.499999955296516,303.51
1986-01-27,6.000000089406967,1.0714285873941012,-4.90000007301569,79.97142976309571,12.400000125169754,304.78
1986-02-03,3.9000000581145287,-0.9714285859039852,-6.500000096857548,84.5142869736467,3.8999999314546585,305.1
1986-02-10,-2.7000000402331352,-8.471428697662693,-17.80000026524067,80.61428691553218,7.399999737739563,305.0
1986-02-17,-2.0000000298023224,-6.157142948891435,-16.50000024586916,80.95714406349829,0.0,304.87
1986-02-24,-4.500000067055225,-10.52857158545937,-22.100000329315662,79.18571546567338,9.70000009983778,304.65
1986-03-03,-0.5000000074505806,-7.285714394279888,-20.500000305473804,70.90000105649233,0.0,304.47
1986-03-10,6.000000089406967,1.4428571643573898,-7.500000111758709,88.37142988826547,22.699999511241913,304.44
1986-03-17,12.000000178813934,3.285714334675244,-1.80000002682209,83.75714410522154,0.1000000014901161,304.58
1986-03-24,13.100000195205212,3.8428572001201764,-3.400000050663948,75.77142970051084,33.799999952316284,304.74
1986-03-31,13.000000193715096,5.414285794964859,0.5000000074505806,76.27142970796142,28.899999380111694,305.08
1986-04-07,10.400000154972076,4.000000059604645,-0.6000000089406967,80.14285833707878,15.199999824166298,305.68
1986-04-14,8.50000012665987,0.6000000089406967,-7.300000108778477,78.22857259426799,9.699999786913395,305.98
1986-04-21,14.40000021457672,6.70000009983778,1.5000000223517418,74.42857253764357,19.000000178813934,305.87
1986-04-28,18.0000002682209,9.957143005515848,4.200000062584877,75.18571540606874,8.999999977648258,305.76
1986-05-05,25.600000381469727,15.014285938016005,5.200000077486038,66.08571527046817,8.600000001490116,305.69
1986-05-12,21.60000032186508,12.54285732976028,5.000000074505806,74.81428682910544,21.299999922513962,306.46
1986-05-19,25.300000376999375,13.842857349131789,1.700000025331974,74.55714396813086,36.600000597536564,306.45
1986-05-26,25.600000381469727,15.657143090452466,4.400000065565109,70.60000105202198,15.299999788403511,306.43
1986-06-02,25.80000038444996,10.957143020417009,4.500000067055225,74.25714396366051,14.000000037252903,306.3
1986-06-09,21.1000003144145,9.985714434513024,2.500000037252903,79.70000118762255,60.89999842643738,306.33
1986-06-16,27.80000041425228,16.028571667415754,7.200000107288361,66.38571527493852,5.799999833106995,306.52
1986-06-23,29.50000043958425,18.914285996130534,8.600000128149986,71.28571534795421,38.599999248981476,306.68
1986-06-30,27.000000402331352,18.314285987189837,8.600000128149986,64.80000096559525,0.6000000238418579,306.37
1986-07-07,30.100000448524952,19.242857429598057,9.500000141561031,65.42857240353312,9.599999904632568,305.97
1986-07-14,19.80000029504299,12.428571613771576,5.200000077486038,69.84285818359682,10.999999895691872,305.6
1986-07-21,28.10000041872263,16.58571453286069,6.900000102818012,66.50000099092722,2.900000095367432,305.31
1986-07-28,26.80000039935112,16.171428812401636,7.800000116229057,75.85714398750237,20.90000009536743,305.02
1986-08-04,32.70000048726797,20.542857448969567,8.900000132620335,63.61428666221244,2.700000047683716,304.73
1986-08-11,28.300000421702865,17.942857410226548,6.70000009983778,59.4857151721205,2.099999964237213,304.46
1986-08-18,27.3000004068017,17.057143111314094,10.400000154972076,74.75714397111109,12.400000229477882,304.32
1986-08-25,18.30000027269125,12.014285893312522,5.500000081956387,82.57142980183873,31.599999845027924,304.17
1986-09-01,19.60000029206276,11.67142874534641,7.000000104308128,78.51428688423974,13.400000125169754,304.02
1986-09-08,19.30000028759241,11.414285884371825,2.800000041723252,75.77142970051084,15.50000037252903,303.01
1986-09-15,20.800000309944156,10.757143017436777,1.3000000193715096,78.78571545971292,29.700000524520874,303.77
1986-09-22,19.30000028759241,8.785714416631631,0.9000000134110451,79.47142975564513,17.10000029206276,303.69
1986-09-29,19.10000028461218,10.557143014456544,0.1000000014901161,78.58571545673269,0.1000000014901161,303.55
1986-10-06,22.100000329315662,10.985714449414186,2.7000000402331352,76.97142971839223,0.0,303.49
1986-10-13,17.80000026524067,11.214285881391593,2.800000041723252,79.5285726136395,1.899999976158142,303.17
1986-10-20,21.1000003144145,10.428571583969253,3.700000055134296,78.64285831472704,15.100000098347664,303.23
1986-10-27,14.100000210106373,6.4571429533617835,0.800000011920929,81.9000012204051,59.69999849796295,303.35
1986-11-03,11.30000016838312,5.4000000804662704,-1.80000002682209,83.41428695725543,6.900000028312206,303.33
1986-11-10,10.30000015348196,4.8857143585171015,-0.4000000059604645,81.7857155044164,2.6999999806284904,303.25
1986-11-17,12.600000187754633,7.142857249294009,0.2000000029802322,82.30000122636557,3.7000000029802322,303.18
1986-11-24,9.600000143051147,5.885714373418263,-1.5000000223517418,81.45714407094887,10.90000006556511,303.11
1986-12-01,10.400000154972076,2.1142857457910265,-5.200000077486038,85.4857155595507,3.299999952316284,303.02
1986-12-08,8.800000131130219,4.457142923559461,-1.80000002682209,84.7571441201227,5.0,302.98
1986-12-15,6.000000089406967,1.3571428773658616,-1.3000000193715096,84.55714411714247,6.600000202655792,302.91
1986-12-22,9.80000014603138,1.4571428788559777,-5.700000084936619,80.44285834154913,35.79999977350235,302.88
1986-12-29,7.500000111758709,-0.7428571539265769,-9.3000001385808,85.25714412757328,44.60000038146973,302.96
1987-01-05,8.00000011920929,1.3714285918644495,-11.500000171363354,87.00000129640102,90.59999930858612,304.31
1987-01-12,1.80000002682209,-8.242857265685286,-21.1000003144145,80.40000119805336,18.50000035762787,305.53
1987-01-19,-5.500000081956387,-12.657143045748983,-21.800000324845318,78.6714297437242,3.299999952316284,305.53
1987-01-26,1.80000002682209,-3.071428617196424,-12.600000187754633,90.30000134557486,10.200000166893005,305.42
1987-02-02,0.2000000029802322,-9.628571572048324,-23.100000344216824,72.37142964984689,4.300000011920929,305.18
1987-02-09,6.900000102818012,0.9714285859039852,-11.500000171363354,83.80000124871731,6.200000077486038,305.15
1987-02-16,6.500000096857548,0.814285726419517,-2.200000032782554,90.11428705709321,17.49999976158142,306.0
1987-02-23,1.80000002682209,-2.385714321264199,-8.100000120699406,81.84285836241075,7.200000070035458,306.17
1987-03-02,6.500000096857548,-2.0285714587994983,-13.100000195205212,80.54285834303924,51.30000138282776,306.22
1987-03-09,-1.3000000193715096,-9.814285860529967,-21.1000003144145,69.82857246909823,0.0,306.48
1987-03-16,3.200000047683716,-4.914285787514278,-15.300000227987766,68.37142959024224,7.299999952316284,306.33
1987-03-23,4.200000062584877,0.5428571509463447,-4.200000062584877,82.8571440918105,32.69999939203262,306.11
1987-03-30,10.500000156462193,4.785714357026985,-1.5000000223517418,79.07142974968467,16.900000035762787,307.97
1987-04-06,13.800000205636024,5.057142932500158,-3.200000047683716,75.32857255105462,6.400000035762787,307.5
1987-04-13,17.80000026524067,7.014285818806717,-0.9000000134110451,75.18571540606874,8.00000011920929,306.82
1987-04-20,19.80000029504299,9.042857277606215,-2.200000032782554,73.41428680824382,10.199999809265137,306.54
1987-04-27,22.100000329315662,10.100000150501728,-0.1000000014901161,62.54285807481834,0.1000000014901161,306.11
1987-05-04,23.500000350177288,11.157143023397241,-0.2000000029802322,67.34285814634391,20.699999257922173,305.72
1987-05-11,21.000000312924385,8.400000125169754,0.1000000014901161,71.64285821041891,5.700000196695328,305.6
1987-05-18,13.600000202655792,7.371428681271417,0.6000000089406967,74.5142868246351,18.599999979138374,305.39
1987-05-25,18.6000002771616,9.114285850099154,3.000000044703484,76.24285827896425,22.49999962002039,305.21
1987-06-01,20.60000030696392,11.314285882881709,3.200000047683716,78.11428687827927,32.49999952316284,305.11
1987-06-08,18.6000002771616,12.957143050219331,6.70000009983778,80.15714405157736,33.999999433755875,305.71
1987-06-15,20.60000030696392,12.54285732976028,5.200000077486038,80.14285833707878,47.40000040829182,305.88
1987-06-22,18.100000269711018,10.857143018926893,4.200000062584877,81.70000121742487,25.49999985843897,306.31
1987-06-29,28.60000042617321,15.528571659965175,8.50000012665987,79.57142975713525,15.799999654293059,306.45
1987-07-06,30.300000451505184,18.528571704668657,8.800000131130219,69.84285818359682,3.200000047683716,306.28
1987-07-13,28.200000420212746,16.828571679336683,5.700000084936619,69.68571532411235,6.300000011920929,305.88
1987-07-20,27.3000004068017,17.971428839223726,6.200000092387199,73.22857251976218,36.50000023841858,305.55
1987-07-27,21.1000003144145,14.071428781109196,6.000000089406967,78.97142974819455,34.699999928474426,305.36
1987-08-03,19.60000029206276,13.485714486667089,9.100000135600569,84.08571553868907,40.899999380111694,305.3
1987-08-10,20.10000029951334,11.942857320819583,3.1000000461936,74.81428682910544,13.100000388920307,305.22
1987-08-17,27.60000041127205,15.742857377443995,6.200000092387199,76.60000114142895,7.799999862909317,305.05
1987-08-24,27.3000004068017,18.314285987189837,11.900000177323818,82.64285837433168,56.99999809265136,305.58
1987-08-31,21.1000003144145,14.614285932055541,8.600000128149986,78.74285831621715,6.300000071525574,305.6
1987-09-07,25.80000038444996,15.971428809421402,7.500000111758709,79.2714297526649,8.400000184774399,305.43
1987-09-14,22.600000336766243,15.028571652514595,7.700000114738941,78.64285831472704,7.5000001937150955,305.19
1987-09-21,25.50000037997961,15.628571661455291,7.500000111758709,83.00000123679638,11.199999809265137,304.9
1987-09-28,25.100000374019142,11.342857311878886,0.6000000089406967,81.1714297809771,31.599999338388443,304.77
1987-10-05,19.000000283122063,8.071428691702229,0.5000000074505806,77.88571544630187,0.1000000014901161,304.66
1987-10-12,19.500000290572643,10.242857295487608,3.1000000461936,76.84285828790495,11.000000178813934,304.53
1987-10-19,19.60000029206276,9.828571575028556,2.0000000298023224,81.57142978693757,10.699999764561653,304.33
1987-10-26,10.80000016093254,6.957142960812364,2.0000000298023224,87.48571558935302,28.299999713897705,304.29
1987-11-02,12.300000183284284,7.485714397260121,1.3000000193715096,81.35714406945876,2.600000001490116,304.19
1987-11-09,8.50000012665987,3.8000000566244125,-1.700000025331974,85.05714412459305,0.0,304.09
1987-11-16,10.000000149011612,5.814285800925323,1.100000016391277,82.5000012293458,25.399999618530273,304.12
1987-11-23,9.500000141561031,5.700000084936619,2.7000000402331352,86.10000128298998,27.59999966621399,304.21
1987-11-30,4.000000059604645,0.9714285859039852,-2.1000000312924385,91.12857278649297,8.900000095367432,304.28
1987-12-07,1.80000002682209,-1.4285714498588018,-5.900000087916851,83.67142981823001,0.0,304.46
1987-12-14,3.400000050663948,-4.171428633587701,-12.10000018030405,86.94285843840667,1.800000049173832,304.43
1987-12-21,13.800000205636024,5.885714373418263,-4.90000007301569,89.68571562213558,40.599999725818634,304.48
1987-12-28,10.000000149011612,3.400000050663948,-3.6000000536441803,86.81428700791938,0.800000011920929,304.65
1988-01-04,11.000000163912771,6.928571531815188,3.700000055134296,83.42857267175403,32.200000286102295,304.89
1988-01-11,10.80000016093254,3.9142857726131166,-1.5000000223517418,81.47142978544746,10.2999999076128,305.14
1988-01-18,4.90000007301569,1.1285714453884534,-3.500000052154064,85.67142984803233,7.099999785423279,305.28
1988-01-25,9.00000013411045,2.0285714587994983,-1.0000000149011612,88.44285846075842,25.300000190734863,305.31
1988-02-01,8.50000012665987,4.100000061094761,-1.80000002682209,83.11428695278508,21.00000023841858,305.61
1988-02-08,8.900000132620335,4.3142857785735815,-1.3000000193715096,78.50000116974115,15.00000011920929,305.85
1988-02-15,6.400000095367432,0.6000000089406967,-5.900000087916851,83.48571552974838,19.40000021457672,306.02
1988-02-22,6.800000101327896,1.9285714573093824,-4.500000067055225,82.84285837731191,12.600000083446503,306.14
1988-02-29,4.500000067055225,-0.10000000149011619,-2.500000037252903,86.42857271645751,28.30000016838312,306.23
1988-03-07,2.7000000402331352,-0.3428571479661124,-4.700000070035458,83.95714410820177,24.600000120699406,306.06
1988-03-14,4.200000062584877,-0.4714285784534046,-6.900000102818012,83.70000124722719,30.29999989271164,306.45
1988-03-21,10.000000149011612,3.4857143376554762,-5.900000087916851,84.14285839668342,22.100000575184822,307.53
1988-03-28,8.800000131130219,4.457142923559461,0.6000000089406967,86.72857272092786,41.20000088214874,307.56
1988-04-04,13.300000198185444,5.68571437043803,-1.700000025331974,78.58571545673269,28.399999380111694,307.254
1988-04-11,15.000000223517418,6.085714376398495,-3.700000055134296,76.11428684847695,5.199999809265137,306.948
1988-04-18,19.30000028759241,8.585714413651399,-3.9000000581145287,63.24285808524915,4.399999976158142,306.642
1988-04-25,22.800000339746475,7.3571429667728285,-5.500000081956387,64.9714295395783,0.8999999761581421,306.336
1988-05-02,19.60000029206276,9.357142996575151,-2.500000037252903,69.6142867516194,16.399999499320984,306.03
1988-05-09,21.800000324845318,12.785714476236276,2.600000038743019,64.27142952914748,1.0,305.67
1988-05-16,23.300000347197056,16.385714529880456,4.700000070035458,46.985714985855985,0.0,305.32
1988-05-23,21.60000032186508,10.08571443600314,-1.100000016391277,73.50000109523535,8.399999931454659,305.04
1988-05-30,25.50000037997961,16.20000024139881,3.200000047683716,68.40000101923943,6.099999964237213,304.78
1988-06-06,21.1000003144145,12.871428763227803,6.900000102818012,75.47142969604049,19.800000488758087,304.48
1988-06-13,22.800000339746475,13.842857349131789,4.000000059604645,77.54285829833576,1.9999999552965164,304.28
1988-06-20,24.300000362098217,15.328571656984943,6.200000092387199,65.38571526003736,0.3000000119209289,304.09
1988-06-27,20.60000030696392,13.814285920134612,7.000000104308128,78.22857259426799,8.500000156462193,303.97
1988-07-04,26.30000039190054,17.15714311280421,9.100000135600569,72.30000107735395,23.89999955147505,303.82
1988-07-11,27.3000004068017,17.542857404266083,6.800000101327896,66.10000098496675,7.399999797344208,303.69
1988-07-18,22.600000336766243,14.100000210106373,9.00000013411045,81.20000120997429,37.09999990463257,303.57
1988-07-25,29.800000444054604,18.42857170317854,8.600000128149986,76.72857257191625,17.89999933540821,303.47
1988-08-01,28.200000420212746,16.50000024586916,6.200000092387199,65.62857240651336,6.299999952316284,303.4
1988-08-08,28.300000421702865,15.685714519449643,6.000000089406967,74.10000110417604,9.599999904632568,303.31
1988-08-15,28.80000042915344,19.828571724040167,8.00000011920929,65.14285811356136,0.0,303.18
1988-08-22,27.3000004068017,15.70000023394823,5.4000000804662704,71.15714391746691,12.200000286102295,303.08
1988-08-29,24.600000366568565,14.885714507528714,6.200000092387199,75.18571540606874,8.50000011920929,303.09
1988-09-05,25.300000376999375,14.028571637613434,6.800000101327896,76.27142970796142,24.3999999538064,303.05
1988-09-12,24.100000359117985,13.371428770678383,5.000000074505806,74.28571539265769,3.7000000029802322,302.97
1988-09-19,16.800000250339508,11.257143024887357,6.500000096857548,84.62857268963542,17.899999618530273,302.88
1988-09-26,19.10000028461218,12.400000184774399,3.400000050663948,81.82857264791217,8.299999952316284,302.79
1988-10-03,20.10000029951334,10.714285873941012,1.3000000193715096,77.52857258383717,1.7999999523162842,302.7
1988-10-10,17.80000026524067,10.171428722994667,4.500000067055225,79.1571440366762,19.3000004068017,302.62
1988-10-17,16.300000242888927,10.914285876921245,2.200000032782554,90.94285849801132,10.099999979138374,302.54
1988-10-24,13.90000020712614,9.242857280586447,2.200000032782554,87.95714416780642,0.1000000014901161,302.48
1988-10-31,16.300000242888927,5.928571516914027,-3.700000055134296,83.07142980928931,2.5,302.41
1988-11-07,7.900000117719173,0.38571429146187647,-8.100000120699406,79.71428690212113,2.5999999046325684,302.3
1988-11-14,12.10000018030405,5.3714286514690945,-2.7000000402331352,81.25714406796864,29.099999144673347,302.26
1988-11-21,8.900000132620335,3.38571433616536,-6.000000089406967,86.77142986442361,11.90000006556511,302.19
1988-11-28,5.500000081956387,0.6714285814336368,-12.800000190734863,90.22857277308192,7.800000078976154,302.05
1988-12-05,7.400000110268593,1.2571428758757455,-3.500000052154064,88.52857274774995,52.99999947845936,302.18
1988-12-12,9.00000013411045,3.5571429101484164,-2.3000000342726707,89.35714418866804,26.30000001192093,302.36
1988-12-19,7.500000111758709,0.5571428654449326,-8.100000120699406,86.17142985548291,44.39999878406525,302.57
1988-12-26,8.00000011920929,4.300000064074993,-4.000000059604645,86.34285842946598,19.599999397993088,302.96
1989-01-02,9.600000143051147,4.585714354046753,-0.2000000029802322,92.22857280288424,1.4000000208616257,303.31
1989-01-09,8.800000131130219,3.38571433616536,-3.200000047683716,89.40000133216381,17.00000038743019,303.46
1989-01-16,8.600000128149986,4.157142919089113,-1.80000002682209,84.18571554017919,5.60000005364418,303.51
1989-01-23,5.700000084936619,1.3428571628672736,-3.700000055134296,87.67142987783465,0.8999999910593033,303.53
1989-01-30,3.1000000461936,-1.771428597824914,-8.100000120699406,84.11428696768624,0.0,303.51
1989-02-06,7.400000110268593,0.45714286395481657,-4.500000067055225,89.34285847416946,2.2000000029802322,303.47
1989-02-13,8.900000132620335,2.0285714587994983,-2.200000032782554,87.27142987187419,5.900000095367432,303.36
1989-02-20,11.800000175833702,4.642857212041106,-4.200000062584877,81.15714406647852,22.499999955296516,303.31
1989-02-27,7.800000116229057,2.7000000402331352,-5.000000074505806,82.21428693937403,10.400000005960464,303.38
1989-03-06,16.100000239908695,5.100000075995922,0.0,82.55714408734015,20.29999988526106,303.36
1989-03-13,17.30000025779009,6.885714388319424,0.1000000014901161,74.82857254360404,12.599999740719795,303.54
1989-03-20,10.500000156462193,4.300000064074993,-3.6000000536441803,77.91428687529904,21.499999716877937,303.76
1989-03-27,19.10000028461218,5.914285802415439,-2.800000041723252,68.52857244972672,14.300000049173832,303.91
1989-04-03,21.60000032186508,7.214285821786949,-1.5000000223517418,68.58571530772107,0.0,304.16
1989-04-10,13.300000198185444,5.000000074505806,-0.2000000029802322,78.22857259426799,9.699999764561653,304.23
1989-04-17,20.30000030249357,9.857143004025732,2.500000037252903,81.0571440649884,3.200000077486038,304.22
1989-04-24,16.50000024586916,6.471428667860372,-2.7000000402331352,77.014286861888,14.900000005960464,304.13
1989-05-01,18.6000002771616,5.842857229922499,-1.80000002682209,76.1714297064713,5.599999904632568,304.14
1989-05-08,22.30000033229589,10.628571586949485,-1.0000000149011612,68.12857244376626,0.0,303.88
1989-05-15,22.500000335276127,10.585714443453721,3.200000047683716,78.4428583117468,31.899999380111694,303.76
1989-05-22,24.8000003695488,14.98571450901883,1.80000002682209,61.85714377888611,0.1000000014901161,303.69
1989-05-29,25.80000038444996,16.471428816871985,4.90000007301569,57.14285799435207,0.0,303.58
1989-06-05,22.600000336766243,10.100000150501728,1.700000025331974,74.9857154030885,10.40000019222498,303.52
1989-06-12,22.600000336766243,12.31428589778287,3.700000055134296,74.02857253168311,21.600000001490116,303.29
1989-06-19,24.100000359117985,15.842857378934111,5.200000077486038,59.64285803160497,0.0,303.21
1989-06-26,27.10000040382147,17.942857410226548,7.500000111758709,74.1571439621704,9.999999970197678,303.12
1989-07-03,25.80000038444996,15.228571655494827,6.900000102818012,74.37142967964921,14.499999798834324,302.98
1989-07-10,30.300000451505184,19.485714576074056,11.30000016838312,72.0000010728836,21.600000381469727,302.89
1989-07-17,24.00000035762787,15.000000223517418,6.900000102818012,67.74285815230438,0.6000000089406967,302.8
1989-07-24,28.10000041872263,16.87142882283245,3.400000050663948,69.15714388766459,4.500000104308128,302.62
1989-07-31,24.600000366568565,16.814285964838096,7.200000107288361,74.9857154030885,17.20000010728836,302.61
1989-08-07,26.200000390410423,14.214285926095076,5.500000081956387,75.75714398601225,11.299999833106995,302.53
1989-08-14,25.300000376999375,17.742857407246316,9.500000141561031,70.27142961855445,3.5000000596046448,302.443333333333
1989-08-21,33.20000049471855,19.75714315154723,7.400000110268593,65.18571525705713,4.599999904632568,302.356666666667
1989-08-28,28.300000421702865,14.814285935035773,7.200000107288361,76.6571439994233,27.20000022649765,302.27
1989-09-04,22.30000033229589,11.714285888842173,4.400000065565109,79.54285832813808,3.5,302.22
1989-09-11,23.100000344216824,14.214285926095076,3.700000055134296,71.61428678142173,0.0,302.13
1989-09-18,26.600000396370888,15.100000225007534,7.700000114738941,84.58571554613965,27.30000076442957,302.09
1989-09-25,26.30000039190054,16.014285952917167,10.100000150501728,84.5142869736467,37.599999248981476,302.04
1989-10-02,17.80000026524067,10.485714441963605,2.7000000402331352,83.95714410820177,10.499999918043613,302.03
1989-10-09,17.50000026077032,7.242857250784125,-0.800000011920929,84.08571553868907,31.700000286102295,302.02
1989-10-16,14.100000210106373,8.971428705113274,1.600000023841858,81.62857264493194,7.799999907612801,302.04
1989-10-23,22.000000327825543,11.114285879901477,2.200000032782554,77.8428583028061,5.599999904632568,302.01
1989-10-30,19.30000028759241,12.357143041278634,5.500000081956387,81.6571440739291,12.500000238418579,301.99
1989-11-06,14.600000217556952,8.785714416631631,4.500000067055225,87.35714415886572,38.29999977350235,302.03
1989-11-13,12.000000178813934,3.17142861868654,-3.200000047683716,80.1285726225802,1.2999999523162842,302.07
1989-11-20,8.300000123679638,0.22857143197740834,-6.900000102818012,78.14285830727646,0.0,302.05
1989-11-27,5.200000077486038,0.3857142914618764,-7.300000108778477,84.48571554464954,18.20000034570694,302.01
1989-12-04,5.700000084936619,-4.0857143465961725,-9.500000141561031,82.71428694682461,0.4000000059604645,301.96
1989-12-11,5.200000077486038,-0.17142857398305617,-7.000000104308128,88.98571561170476,3.6000000312924385,301.91
1989-12-18,14.600000217556952,7.6142858277474135,-2.600000038743019,82.11428693788392,48.00000071525574,301.95
1989-12-25,12.90000019222498,6.84285724482366,0.4000000059604645,81.11428692298276,37.29999911785126,302.36
1990-01-01,4.000000059604645,-2.0571428877966746,-4.200000062584877,85.68571556253093,0.0,302.65
1990-01-08,0.0,-1.9857143153037344,-5.500000081956387,87.1428584413869,1.0,302.89
1990-01-15,4.90000007301569,1.1428571598870414,-2.7000000402331352,89.55714419164828,2.3999999687075615,302.98
1990-01-22,9.3000001385808,5.028571503502982,0.5000000074505806,82.18571551037687,3.8000000417232513,302.99
1990-01-29,11.30000016838312,4.714285784534046,0.6000000089406967,77.48571544034141,24.699999645352364,303.01
1990-02-05,11.000000163912771,5.100000075995922,-0.5000000074505806,75.3428582655532,6.299999952316284,303.02
1990-02-12,14.100000210106373,4.257142920579229,-3.400000050663948,75.72857255701508,15.800000049173832,303.08
1990-02-19,12.500000186264517,3.7571429131286487,-4.500000067055225,82.10000122338533,31.50000001490116,303.22
1990-02-26,15.600000232458116,7.942857261214938,-1.80000002682209,76.91428686039788,27.999999284744263,303.68
1990-03-05,8.800000131130219,2.6571428967373714,-1.100000016391277,82.1428583668811,38.40000048279762,304.31
1990-03-12,17.100000254809856,7.757142972733293,0.9000000134110451,75.41428683804614,9.799999989569187,305.11
1990-03-19,19.30000028759241,6.600000098347664,-1.700000025331974,71.25714391895703,0.3000000044703483,305.12
1990-03-26,15.100000225007534,7.442857253764357,0.2000000029802322,78.04285830578634,4.4000000059604645,305.05
1990-04-02,19.60000029206276,7.171428678291185,-1.0000000149011612,77.28571543736118,3.3000000715255737,304.98
1990-04-09,14.500000216066836,3.857142914618765,-4.500000067055225,66.58571527791875,5.200000107288361,304.78
1990-04-16,12.000000178813934,5.68571437043803,-6.70000009983778,77.58571544183152,17.900000154972076,304.61
1990-04-23,15.300000227987766,8.100000120699406,-0.5000000074505806,78.84285831770727,27.200000286102295,304.49
1990-04-30,20.10000029951334,8.800000131130219,1.100000016391277,75.00000111758709,2.700000025331974,304.4
1990-05-07,24.300000362098217,15.142857368503298,4.200000062584877,61.185715197452474,0.0,304.24
1990-05-14,22.600000336766243,12.214285896292754,4.200000062584877,73.35714395024947,15.899999856948853,304.07
1990-05-21,21.300000317394733,12.68571447474616,1.5000000223517418,65.11428668456418,4.699999809265137,303.98
1990-05-28,23.300000347197056,11.342857311878886,-1.100000016391277,63.15714379825762,0.7000000178813934,303.79
1990-06-04,25.100000374019142,13.000000193715096,0.5000000074505806,61.55714377441576,12.899999797344208,303.64
1990-06-11,17.80000026524067,11.442857313369002,5.700000084936619,82.72857266132321,29.000000476837158,303.38
1990-06-18,23.300000347197056,13.600000202655792,5.700000084936619,78.51428688423974,1.0000000074505806,303.32
1990-06-25,24.300000362098217,15.528571659965175,8.400000125169754,73.02857251678195,9.799999952316284,303.17
1990-07-02,27.700000412762165,18.614285991660186,8.900000132620335,69.92857247058835,26.799999952316284,303.06
1990-07-09,21.300000317394733,14.200000211596489,6.200000092387199,75.48571541053909,28.600000143051147,302.92
1990-07-16,27.3000004068017,15.300000227987766,5.200000077486038,67.77142958130155,3.3999999538064003,302.85
1990-07-23,26.80000039935112,15.228571655494827,4.90000007301569,68.80000102519989,1.0000000298023224,302.78
1990-07-30,29.700000442564487,17.51428597526891,5.000000074505806,66.71428670840604,0.3000000119209289,302.72
1990-08-06,33.20000049471855,21.071428885417326,10.400000154972076,53.185715078243184,0.1000000014901161,302.64
1990-08-13,31.500000469386578,17.557143118764674,4.200000062584877,61.82857234988894,0.7000000029802322,302.55
1990-08-20,26.30000039190054,15.628571661455291,7.500000111758709,75.8142868440066,43.19999945163727,302.41
1990-08-27,28.200000420212746,16.35714310088328,8.300000123679638,76.62857257042613,10.899999715387821,302.33
1990-09-03,28.700000427663326,16.757143106843746,10.100000150501728,80.71428691702229,40.19999939203262,302.31
1990-09-10,19.60000029206276,11.728571603340763,6.000000089406967,82.78571551931756,35.80000039935112,302.34
1990-09-17,18.100000269711018,10.828571589929718,2.200000032782554,80.42857262705054,2.600000023841858,302.37
1990-09-24,18.30000027269125,10.171428722994667,5.000000074505806,76.85714400240353,20.599999643862247,302.36
1990-10-01,18.80000028014183,10.628571586949485,1.100000016391277,83.3428583847625,21.900000393390656,302.33
1990-10-08,16.800000250339508,10.700000159442425,1.0000000149011612,81.62857264493194,4.499999910593033,302.28
1990-10-15,23.300000347197056,9.771428717034203,1.100000016391277,80.85714406200817,0.0,302.21
1990-10-22,19.60000029206276,9.72857157353844,-1.3000000193715096,82.04285836539098,0.0,302.14
1990-10-29,15.100000225007534,5.971428660409791,-4.200000062584877,76.4142868529473,28.40000057220459,302.06
1990-11-05,11.000000163912771,5.500000081956387,-0.5000000074505806,83.72857267622437,22.09999978542328,302.04
1990-11-12,9.900000147521496,4.428571494562285,-4.000000059604645,86.48571557445186,5.399999812245369,302.05
1990-11-19,12.800000190734863,7.3571429667728285,2.7000000402331352,85.75714413502386,23.09999978542328,302.05
1990-11-26,8.400000125169754,2.1571428892867908,-1.600000023841858,86.90000129491091,7.199999928474426,302.17
1990-12-03,5.200000077486038,0.45714286395481646,-8.400000125169754,89.47142990465674,10.099999941885471,302.24
1990-12-10,4.200000062584877,-1.700000025331974,-7.900000117719173,83.12857266728368,12.399999812245369,302.33
1990-12-17,1.80000002682209,-0.6285714379378727,-3.200000047683716,88.5857156057443,14.699999816715717,302.38
1990-12-24,4.200000062584877,0.5000000074505808,-5.500000081956387,89.57142990614686,8.899999991059303,302.47
1990-12-31,10.80000016093254,3.1428571896893636,-1.80000002682209,85.17142984058175,27.79999977350235,302.56
1991-01-07,10.000000149011612,4.428571494562285,0.2000000029802322,82.72857266132321,26.400000490248203,303.27
1991-01-14,13.800000205636024,4.342857207570757,-3.700000055134296,78.8000011742115,17.999999672174454,304.09
1991-01-21,3.200000047683716,-2.7000000402331352,-11.000000163912771,74.24285824916193,5.10000005364418,303.66
1991-01-28,3.6000000536441803,-0.35714286246470034,-4.400000065565109,87.10000129789114,0.0,303.78
1991-02-04,0.5000000074505806,-5.32857150797333,-14.100000210106373,70.97142962898526,0.0,303.9
1991-02-11,-0.9000000134110451,-7.528571540755885,-16.600000247359276,81.92857264940228,10.099999949336052,303.85
1991-02-18,1.100000016391277,-4.100000061094761,-8.50000012665987,84.85714412161282,16.100000336766243,303.82
1991-02-25,12.800000190734863,1.771428597824914,-12.10000018030405,82.68571551782745,2.5999999791383743,303.69
1991-03-04,9.80000014603138,1.8714285993150301,-3.6000000536441803,82.84285837731191,0.1000000014901161,303.75
1991-03-11,14.500000216066836,6.900000102818012,0.9000000134110451,81.95714407839945,3.100000120699406,303.77
1991-03-18,18.100000269711018,8.057142977203641,-0.9000000134110451,77.41428686784846,0.700000025331974,303.78
1991-03-25,15.900000236928465,7.685714400240353,3.700000055134296,82.9714298077992,30.69999983906746,303.82
1991-04-01,9.400000140070915,2.1571428892867908,-5.500000081956387,72.04285821637937,3.200000047683716,303.86
1991-04-08,17.100000254809856,7.700000114738941,0.0,70.92857248548951,3.200000025331974,303.88
1991-04-15,19.30000028759241,9.21428585158927,-0.6000000089406967,60.61428661750896,0.0,303.91
1991-04-22,9.80000014603138,1.5142857368503297,-4.500000067055225,76.11428684847695,9.999999918043613,303.86
1991-04-29,15.600000232458116,4.800000071525574,-2.500000037252903,74.22857253466334,3.2000000327825546,303.82
1991-05-06,13.100000195205212,5.557142939950738,-0.9000000134110451,80.28571548206466,26.399999976158142,303.76
1991-05-13,18.100000269711018,9.22857156608786,0.1000000014901161,72.54285822382995,7.8999998569488525,303.67
1991-05-20,17.30000025779009,7.985714404710701,-0.1000000014901161,74.87142968709979,7.699999913573265,303.57
1991-05-27,19.10000028461218,9.885714433022908,0.800000011920929,70.7000010535121,4.499999858438969,303.5
1991-06-03,23.100000344216824,12.17142875279699,1.700000025331974,63.985715239175725,0.8999999761581421,303.44
1991-06-10,18.6000002771616,11.24285731038877,1.5000000223517418,76.51428685443742,11.5,303.31
1991-06-17,23.300000347197056,13.642857346151557,8.00000011920929,66.8714295678905,16.800000064074993,303.21
1991-06-24,24.300000362098217,14.414285929075309,5.700000084936619,73.11428680377347,11.900000035762787,303.1
1991-07-01,24.50000036507845,14.47142878706966,6.000000089406967,77.61428687082869,23.699999667704105,303.04
1991-07-08,29.000000432133675,21.485714605876378,11.800000175833702,62.185715212353635,0.1000000014901161,302.99
1991-07-15,31.80000047385693,20.214286015502044,10.900000162422655,66.92857242588487,24.59999942779541,302.89
1991-07-22,22.30000033229589,15.91428595142705,8.800000131130219,69.8571438980954,7.80000002682209,302.75
1991-07-29,27.3000004068017,16.78571453584092,9.00000013411045,70.64285819551775,16.699999429285526,302.71
1991-08-05,27.3000004068017,18.528571704668657,11.500000171363354,72.957143944289,7.899999976158142,302.63
1991-08-12,32.80000048875809,19.97142886902605,12.000000178813934,69.22857246015754,18.799999594688416,302.58
1991-08-19,28.200000420212746,16.07142881091152,8.300000123679638,66.17142955745969,4.100000098347664,302.48
1991-08-26,28.80000042915344,16.50000024586916,7.500000111758709,72.68571536881583,13.699999809265137,302.4
1991-09-02,25.50000037997961,15.757143091942583,5.000000074505806,63.014286653271746,0.0,302.31
1991-09-09,28.10000041872263,15.12857165400471,8.400000125169754,69.32857246164765,4.800000101327896,302.18
1991-09-16,26.30000039190054,14.228571640593666,1.80000002682209,63.41428665923221,10.999999821186066,302.08
1991-09-23,23.300000347197056,13.857143063630376,3.700000055134296,76.20000113546848,12.900000385940077,302.05
1991-09-30,24.50000036507845,13.771428776638848,8.50000012665987,80.25714405306748,9.5,302.02
1991-10-07,19.500000290572643,10.957143020417009,4.90000007301569,82.52857265834298,16.700000166893005,301.95
1991-10-14,19.80000029504299,11.60000017285347,4.90000007301569,82.2571440828698,4.199999928474426,301.88
1991-10-21,17.80000026524067,7.028571533305304,-2.800000041723252,78.10000116378069,10.899999976158142,301.86
1991-10-28,9.400000140070915,3.7000000551342964,-4.200000062584877,78.27142973776374,4.0999999567866325,301.83
1991-11-04,14.40000021457672,4.242857206080641,-5.4000000804662704,72.97142965878759,19.799999952316284,301.8
1991-11-11,10.100000150501728,5.071428646998746,0.4000000059604645,85.51428698854787,39.49999988079071,301.81
1991-11-18,10.80000016093254,4.242857206080641,-1.5000000223517418,81.88571550590652,5.900000154972076,301.85
1991-11-25,6.000000089406967,1.3428571628672736,-5.700000084936619,86.54285843244621,9.000000149011612,301.93
1991-12-02,5.000000074505806,0.800000011920929,-2.600000038743019,87.15714415588549,0.0,301.88
1991-12-09,2.800000041723252,-0.4857142929519926,-6.500000096857548,84.02857268069472,4.300000086426735,301.81
1991-12-16,0.9000000134110451,-4.742857213531222,-9.900000147521496,77.62857258532729,0.1000000014901161,301.76
1991-12-23,11.000000163912771,4.257142920579229,-1.80000002682209,86.34285842946598,65.49999976158142,301.95
1991-12-30,7.900000117719173,1.65714288183621,-4.200000062584877,83.91428696470601,11.000000059604645,302.16
1992-01-06,9.100000135600569,3.38571433616536,-2.1000000312924385,81.04285835048982,12.399999573826788,302.14
1992-01-13,9.80000014603138,2.8142857562218393,-3.700000055134296,82.40000122785568,5.500000208616257,302.48
1992-01-20,4.700000070035458,2.1428571747882024,-6.200000092387199,80.55714405753783,8.699999839067459,302.54
1992-01-27,1.0000000149011612,-4.257142920579229,-9.500000141561031,82.82857266281333,0.0,302.57
1992-02-03,3.700000055134296,-0.9428571569068092,-5.000000074505806,85.0000012665987,2.200000047683716,302.58
1992-02-10,7.200000107288361,2.9428571867091313,-2.600000038743019,84.5285726881453,4.0999999940395355,302.56
1992-02-17,9.900000147521496,3.9285714871117046,-4.200000062584877,81.81428693341357,13.800000078976154,302.54
1992-02-24,5.900000087916851,0.6142857234392848,-7.300000108778477,83.17142981077943,3.30000002682209,302.52
1992-03-02,14.100000210106373,4.414285780063698,-1.3000000193715096,74.18571539116758,2.0,302.57
1992-03-09,14.800000220537186,5.25714293548039,-1.600000023841858,75.67142969902072,2.600000023841858,302.58
1992-03-16,13.90000020712614,3.8000000566244125,-0.800000011920929,73.45714395173958,32.49999952316284,302.6
1992-03-23,13.40000019967556,5.071428646998746,-1.3000000193715096,80.75714406051806,23.300000198185444,302.75
1992-03-30,9.100000135600569,2.371428606765611,-1.3000000193715096,78.38571545375245,23.50000011920929,303.04
1992-04-06,12.90000019222498,4.371428636567933,-2.200000032782554,76.771429715412,19.300000220537186,303.59
1992-04-13,17.100000254809856,7.271428679781301,-2.3000000342726707,62.70000093430281,1.5,303.75
1992-04-20,12.500000186264517,5.557142939950738,-1.0000000149011612,72.62857251082148,18.100000023841858,303.98
1992-04-27,20.800000309944156,10.857143018926893,-3.000000044703484,67.7142867233072,9.30000001937151,304.11
1992-05-04,15.800000235438349,8.114285835197993,-0.2000000029802322,74.01428681718451,4.499999977648258,304.04
1992-05-11,18.100000269711018,10.214285866490432,1.100000016391277,72.1142867888723,30.699999690055847,304.01
1992-05-18,26.700000397861004,14.642857361052718,3.9000000581145287,64.5000009611249,0.0,303.93
1992-05-25,26.50000039488077,18.128571698708193,4.700000070035458,53.47142936821495,0.0,303.87
1992-06-01,24.100000359117985,16.9285716808268,6.000000089406967,53.34285793772766,0.4000000059604645,303.75
1992-06-08,26.80000039935112,15.55714308896235,10.600000157952309,82.88571552080768,58.99999988079071,303.67
1992-06-15,25.600000381469727,15.728571662945408,7.200000107288361,71.75714392640761,2.8999999165534973,303.58
1992-06-22,24.600000366568565,15.828571664435524,8.800000131130219,75.31428683655602,32.30000076442957,303.53
1992-06-29,26.80000039935112,17.2857145432915,8.400000125169754,63.314286657742095,4.5,303.44
1992-07-06,28.50000042468309,17.414285973778792,10.100000150501728,76.28571542246002,55.50000071525574,303.4
1992-07-13,25.80000038444996,16.471428816871985,7.000000104308128,73.37142966474805,9.00000011920929,303.34
1992-07-20,30.100000448524952,18.200000271201134,8.00000011920929,71.14285820296833,13.5,303.27
1992-07-27,31.300000466406345,19.214286000600882,12.000000178813934,69.80000104010105,20.40000009536743,303.16
1992-08-03,30.100000448524952,19.485714576074056,7.800000116229057,66.2714295589498,32.500000298023224,303.15
1992-08-10,35.00000052154064,20.842857453439915,8.800000131130219,62.52857236031975,6.100000098347664,303.12
1992-08-17,23.500000350177288,15.014285938016005,5.000000074505806,75.01428683208567,34.50000023841858,303.06
1992-08-24,28.300000421702865,17.34285740128585,8.300000123679638,80.05714405008725,18.399999856948853,302.98
1992-08-31,29.800000444054604,18.714285993150302,11.800000175833702,74.01428681718451,22.700000405311584,302.94
1992-09-07,20.10000029951334,11.400000169873238,4.000000059604645,77.00000114738941,15.600000143051147,302.88
1992-09-14,23.500000350177288,12.371428755777222,4.90000007301569,75.4571439815419,9.400000095367432,302.82
1992-09-21,20.60000030696392,12.657143045748983,4.500000067055225,78.48571545524257,0.0,302.75
1992-09-28,24.300000362098217,13.600000202655792,5.500000081956387,76.85714400240353,0.1000000014901161,302.64
1992-10-05,16.100000239908695,11.271428739385945,7.000000104308128,83.77142981972013,15.699999511241913,302.53
1992-10-12,12.4000001847744,7.571428684251649,-1.0000000149011612,82.48571551484721,2.999999977648258,302.46
1992-10-19,11.000000163912771,3.057142902697836,-3.9000000581145287,76.38571542395013,3.0,302.38
1992-10-26,12.500000186264517,4.585714354046753,-1.5000000223517418,85.0000012665987,27.699999287724495,302.25
1992-11-02,8.50000012665987,3.400000050663948,-3.700000055134296,83.65714410373143,25.5,302.26
1992-11-09,10.900000162422655,7.028571533305304,-1.100000016391277,83.81428696321589,4.200000047683716,302.27
1992-11-16,11.500000171363354,4.771428642528398,-1.100000016391277,83.02857266579356,32.39999985694885,302.35
1992-11-23,12.000000178813934,4.557142925049577,0.0,85.6000012755394,34.70000050216913,302.58
1992-11-30,12.000000178813934,5.714285799435207,-1.5000000223517418,81.55714407243899,17.900000132620335,302.78
1992-12-07,11.500000171363354,4.014285774103233,-2.600000038743019,81.91428693490369,21.10000044107437,303.05
1992-12-14,6.500000096857548,2.6714286112359593,0.9000000134110451,86.4428584309561,21.499999955296516,303.31
1992-12-21,6.200000092387199,1.0714285873941012,-1.80000002682209,89.00000132620335,9.499999642372131,303.58
1992-12-28,3.700000055134296,-1.58571430934327,-8.00000011920929,88.08571559829372,1.7999999523162842,303.72
1993-01-04,-2.7000000402331352,-8.928571561617511,-14.900000222027302,81.1857154954757,0.0,303.84
1993-01-11,9.80000014603138,3.7714286276272366,-13.100000195205212,84.18571554017919,39.200000524520874,303.92
1993-01-18,12.800000190734863,5.857142944421087,-1.5000000223517418,76.771429715412,16.700000122189522,304.17
1993-01-25,11.10000016540289,6.1714286633900235,-1.3000000193715096,75.51428683953625,24.200000263750553,304.6
1993-02-01,1.700000025331974,-4.228571491582053,-14.600000217556952,81.38571549845594,28.400000512599945,305.04
1993-02-08,3.400000050663948,-2.714285754731723,-13.300000198185444,85.74285842052528,1.4000000059604645,305.14
1993-02-15,4.500000067055225,-1.8857143138136183,-6.400000095367432,87.5000013038516,0.6000000238418579,305.11
1993-02-22,4.000000059604645,0.10000000149011612,-8.00000011920929,81.4285726419517,23.70000022649765,305.34
1993-03-01,3.1000000461936,-3.200000047683716,-12.800000190734863,75.95714398899248,2.5999999791383743,305.6
1993-03-08,5.700000084936619,-0.5714285799435207,-5.4000000804662704,81.15714406647852,5.099999979138374,305.54
1993-03-15,15.600000232458116,4.300000064074993,-4.90000007301569,71.22857248995986,0.0,305.4
1993-03-22,16.800000250339508,8.457142983164106,-2.1000000312924385,71.27142963345561,6.200000055134296,305.28
1993-03-29,10.900000162422655,0.9571428714053971,-5.900000087916851,71.35714392044714,0.700000025331974,305.09
1993-04-05,18.80000028014183,5.600000083446503,-7.000000104308128,72.471429651337,6.599999815225601,305.04
1993-04-12,13.000000193715096,5.771428657429559,-1.80000002682209,72.6000010818243,5.900000095367432,304.98
1993-04-19,14.800000220537186,8.342857267175402,1.0000000149011612,77.64285829982587,10.799999937415123,304.9
1993-04-26,24.300000362098217,14.357143071080957,5.700000084936619,61.1571437684553,1.2000000476837158,304.83
1993-05-03,25.50000037997961,15.77142880644117,6.900000102818012,57.71428657429559,3.400000095367432,304.65
1993-05-10,24.300000362098217,12.642857331250395,1.5000000223517418,65.37142954553876,1.5000000596046448,304.36
1993-05-17,25.00000037252903,14.457143072571073,3.1000000461936,66.77142956640039,4.5999999195337296,304.28
1993-05-24,25.300000376999375,14.885714507528714,5.500000081956387,72.85714394279888,26.600000858306885,304.14
1993-05-31,26.200000390410423,15.500000230967999,7.800000116229057,73.15714394726923,42.699999928474426,304.07
1993-06-07,27.200000405311584,16.800000250339508,8.800000131130219,75.37142969455037,21.299999952316284,303.81
1993-06-14,28.000000417232517,16.528571674866335,7.800000116229057,72.40000107884407,20.099999621510506,303.74
1993-06-21,26.00000038743019,14.928571651024479,5.000000074505806,71.71428678291184,9.200000204145908,303.67
1993-06-28,21.300000317394733,13.357143056179796,6.500000096857548,72.08571535987514,1.899999961256981,303.58
1993-07-05,28.60000042617321,18.38571455968278,6.800000101327896,62.08571521086352,30.700000762939453,303.39
1993-07-12,26.30000039190054,14.457143072571073,7.900000117719173,66.18571527195829,2.1000000536441803,303.35
1993-07-19,23.600000351667404,15.642857375953879,7.700000114738941,76.60000114142895,30.80000066757202,303.29
1993-07-26,23.600000351667404,14.757143077041421,9.3000001385808,74.85714397260121,18.899999976158142,303.22
1993-08-02,29.50000043958425,16.542857389364922,9.500000141561031,77.90000116080046,30.300000198185444,303.16
1993-08-09,26.30000039190054,17.414285973778792,7.700000114738941,70.30000104755163,16.600000098347664,303.11
1993-08-16,27.000000402331352,17.14285739830562,6.500000096857548,70.91428677099091,22.800000190734863,303.08
1993-08-23,25.300000376999375,15.542857374463763,5.500000081956387,71.04285820147821,6.899999812245369,303.02
1993-08-30,18.6000002771616,11.271428739385945,3.200000047683716,75.02857254658427,4.400000095367432,302.95
1993-09-06,18.30000027269125,10.671428730445248,3.500000052154064,81.91428693490369,15.499999597668648,302.89
1993-09-13,19.60000029206276,13.057143051709447,3.200000047683716,85.18571555508035,27.50000023841858,302.85
1993-09-20,21.60000032186508,11.400000169873238,2.7000000402331352,78.21428687976939,11.399999916553497,302.78
1993-09-27,23.500000350177288,13.242857340191092,7.800000116229057,84.01428696619612,10.29999977350235,302.75
1993-10-04,16.600000247359276,10.0142858635102,2.200000032782554,81.44285835645029,38.1999996304512,302.75
1993-10-11,18.6000002771616,11.52857160036053,4.200000062584877,83.11428695278508,5.399999886751175,302.76
1993-10-18,19.60000029206276,7.428571539265769,-1.600000023841858,78.42857259724822,13.89999994635582,302.78
1993-10-25,8.100000120699406,4.157142919089113,-3.000000044703484,85.94285842350551,3.7999999076128006,302.72
1993-11-01,9.3000001385808,2.9000000432133675,-1.0000000149011612,87.27142987187419,0.0,302.66
1993-11-08,8.00000011920929,3.2428571911794797,-0.5000000074505806,92.01428708540541,5.1999998688697815,302.61
1993-11-15,9.500000141561031,3.8857143436159407,-1.3000000193715096,85.128572697086,22.30000002682209,302.55
1993-11-22,1.80000002682209,-3.1285714751907756,-9.3000001385808,78.37142973925386,0.800000011920929,302.54
1993-11-29,0.1000000014901161,-5.000000074505806,-9.400000140070915,84.70000126212835,1.7999999523162842,302.46
1993-12-06,8.600000128149986,1.628571452839034,-11.500000171363354,86.54285843244621,4.499999940395355,302.45
1993-12-13,8.50000012665987,3.8285714856215884,-0.6000000089406967,83.00000123679638,45.19999951124191,302.67
1993-12-20,11.30000016838312,4.3142857785735815,0.1000000014901161,84.7571441201227,29.699999764561657,302.76
1993-12-27,6.000000089406967,0.9571428714053971,-2.3000000342726707,88.88571561021465,49.99999928474426,303.0
1994-01-03,8.600000128149986,2.7571428982274875,-2.500000037252903,86.05714413949421,34.30000066757202,304.5
1994-01-10,7.000000104308128,3.371428621666772,-2.200000032782554,88.84285846671888,11.999999955296516,305.21
1994-01-17,10.500000156462193,2.614285753241607,-6.900000102818012,84.5142869736467,11.7999999076128,305.62
1994-01-24,6.000000089406967,0.15714285948446818,-8.50000012665987,82.24285836837122,9.799999952316284,305.67
1994-01-31,8.900000132620335,3.0857143316950117,-0.9000000134110451,83.2142869542752,31.09999966621399,305.8
1994-02-07,6.000000089406967,2.2285714617797305,-1.0000000149011612,83.91428696470601,3.4999999701976776,305.98
1994-02-14,5.500000081956387,-1.7285714543291502,-11.900000177323818,79.77142976011548,13.80000014603138,305.84
1994-02-21,0.0,-6.214285806885788,-12.800000190734863,66.35714384594134,2.799999952316284,305.64
1994-02-28,13.100000195205212,2.642857182238783,-13.500000201165676,87.21428701387984,14.100000001490116,305.55
1994-03-07,12.4000001847744,5.385714365967682,-1.0000000149011612,74.01428681718451,9.49999988079071,305.41
1994-03-14,16.100000239908695,7.542857255254473,-2.200000032782554,76.15714399197272,12.499999791383743,305.48
1994-03-21,9.00000013411045,3.300000049173832,-0.2000000029802322,80.07142976458583,43.899999380111694,305.77
1994-03-28,13.600000202655792,6.685714385339192,-1.0000000149011612,73.6714296692184,17.699999809265137,306.06
1994-04-04,17.600000262260437,7.414285824767181,-0.6000000089406967,74.87142968709979,15.200000047683716,306.18
1994-04-11,8.600000128149986,3.371428621666772,-2.3000000342726707,77.58571544183152,22.59999990463257,306.52
1994-04-18,11.000000163912771,5.342857222471919,-2.200000032782554,76.91428686039788,36.70000038295984,306.89
1994-04-25,21.000000312924385,10.571428728955132,-2.200000032782554,66.62857242141452,0.4000000059604645,306.76
1994-05-02,23.600000351667404,12.342857326780047,0.800000011920929,70.98571534348386,0.400000013411045,306.29
1994-05-09,21.50000032037497,10.985714449414186,-0.2000000029802322,72.15714393236807,25.100000381469727,306.09
1994-05-16,23.80000035464764,14.057143066610609,5.000000074505806,67.78571529580014,3.8999998942017555,305.66
1994-05-23,21.50000032037497,12.928571621222156,7.000000104308128,79.20000118017197,40.600000858306885,305.6
1994-05-30,20.60000030696392,11.157143023397241,3.200000047683716,75.97142970349107,17.40000046789646,305.24
1994-06-06,26.200000390410423,13.4714287721685,0.9000000134110451,66.41428670393569,20.59999990463257,305.13
1994-06-13,24.100000359117985,12.914285906723567,5.700000084936619,74.57142968262944,18.599999725818634,304.99
1994-06-20,25.600000381469727,14.600000217556953,8.00000011920929,68.62857245121684,6.400000095367432,304.84
1994-06-27,30.200000450015068,19.400000289082527,6.200000092387199,63.871429523187025,2.700000047683716,304.57
1994-07-04,33.600000500679016,21.514286034873553,10.000000149011612,64.47142953212771,30.399999618530277,304.5
1994-07-11,26.200000390410423,17.42857168827738,9.400000140070915,72.42857250784125,13.600000023841858,304.38
1994-07-18,29.700000442564487,20.628571735961096,12.800000190734863,71.24285820445844,8.600000143051147,304.22
1994-07-25,32.70000048726797,20.52857173447098,10.600000157952309,56.6285722724029,0.1000000014901161,303.99
1994-08-01,33.20000049471855,23.514286064675876,14.100000210106373,59.75714374759367,4.899999812245369,303.88
1994-08-08,35.10000052303076,21.485714605876378,14.000000208616257,63.58571523321526,11.600000001490116,303.65
1994-08-15,28.80000042915344,16.12857166890587,6.200000092387199,67.42857243333545,8.900000095367432,303.52
1994-08-22,25.100000374019142,15.228571655494827,4.500000067055225,71.94285821488926,22.7000008225441,303.43
1994-08-29,27.60000041127205,15.900000236928463,8.00000011920929,77.05714400538376,62.19999948143959,303.39
1994-09-05,22.30000033229589,14.47142878706966,6.400000095367432,75.08571540457862,5.5000001192092896,303.37
1994-09-12,20.30000030249357,13.285714483686856,6.000000089406967,79.11428689318043,51.000001072883606,303.35
1994-09-19,19.30000028759241,11.300000168383121,7.300000108778477,79.32857261065926,22.700000405311584,303.36
1994-09-26,22.100000329315662,12.500000186264515,4.200000062584877,78.97142974819455,0.0,303.37
1994-10-03,18.30000027269125,11.771428746836525,5.000000074505806,84.24285839817354,17.799999713897705,303.32
1994-10-10,14.000000208616257,4.457142923559461,-1.100000016391277,81.10000120848417,4.0,303.23
1994-10-17,18.80000028014183,6.70000009983778,-1.100000016391277,80.51428691404206,0.0,303.18
1994-10-24,15.000000223517418,6.114285805395672,-4.90000007301569,75.20000112056732,5.3999998569488525,303.15
1994-10-31,17.00000025331974,9.242857280586447,2.0000000298023224,81.82857264791217,29.500000059604645,303.11
1994-11-07,15.100000225007534,7.314285823277065,0.2000000029802322,81.00000120699406,0.2000000029802322,303.05
1994-11-14,12.10000018030405,6.528571525854724,0.5000000074505806,89.84285848162004,17.000000193715096,302.98
1994-11-21,13.600000202655792,7.300000108778477,0.1000000014901161,87.92857273880925,31.299999333918095,303.05
1994-11-28,9.500000141561031,5.914285802415439,-0.1000000014901161,91.05714421400002,8.599999830126762,303.25
1994-12-05,10.500000156462193,4.128571490091937,-2.7000000402331352,88.24285845777818,13.100000143051147,303.31
1994-12-12,12.4000001847744,6.371428666370256,-1.600000023841858,79.05714403518608,10.800000101327896,303.4
1994-12-19,11.000000163912771,1.2714285903743334,-5.500000081956387,88.8285727522203,15.6999996304512,303.61
1994-12-26,2.7000000402331352,-0.842857155416693,-4.500000067055225,87.0285727253982,3.3000000044703484,303.68
1995-01-02,12.000000178813934,5.200000077486038,-1.80000002682209,81.80000121891499,30.49999988079071,303.82
1995-01-09,0.5000000074505806,-6.871428673820836,-14.600000217556952,85.14285841158458,23.999999701976776,303.98
1995-01-16,3.200000047683716,-1.2857143048729216,-10.80000016093254,86.5571441469448,17.500000298023224,304.2
1995-01-23,10.000000149011612,2.2285714617797305,-5.000000074505806,77.60000115633011,23.400000289082527,304.58
1995-01-30,11.60000017285347,4.014285774103233,-2.600000038743019,81.24285835347006,44.89999955892563,305.81
1995-02-06,9.600000143051147,3.957142916108881,-3.500000052154064,80.85714406200817,4.599999941885471,306.2
1995-02-13,10.500000156462193,4.185714348086289,-6.200000092387199,81.47142978544746,19.700000166893005,306.58
1995-02-20,10.500000156462193,6.128571519894259,1.700000025331974,77.67142972882304,21.200000196695328,306.52
1995-02-27,14.40000021457672,2.714285754731723,-1.5000000223517418,80.55714405753783,24.100000143051147,306.47
1995-03-06,9.3000001385808,3.0142857592020715,-4.500000067055225,79.14285832217762,11.099999859929085,306.54
1995-03-13,12.000000178813934,2.571428609745843,-3.700000055134296,72.40000107884407,0.3000000119209289,306.44
1995-03-20,9.900000147521496,2.1857143182839667,-5.500000081956387,81.08571549398559,16.599999964237213,306.28
1995-03-27,15.600000232458116,4.485714352556637,-2.3000000342726707,71.55714392342738,19.299999713897705,306.0
1995-04-03,20.10000029951334,4.928571502012866,-5.500000081956387,74.52857253913369,15.900000214576721,305.96
1995-04-10,14.500000216066836,6.471428667860372,0.2000000029802322,74.62857254062381,6.899999976158142,305.9
1995-04-17,12.000000178813934,5.885714373418263,-0.800000011920929,77.20000115036964,29.200000762939453,305.87
1995-04-24,21.800000324845318,9.971428720014435,-1.700000025331974,76.22857256446567,25.699999809265137,305.85
1995-05-01,19.10000028461218,10.728571588439602,0.0,75.01428683208567,16.99999964237213,305.82
1995-05-08,23.80000035464764,13.557143059160028,1.700000025331974,62.500000931322575,1.7999999523162842,306.09
1995-05-15,12.90000019222498,7.471428682761533,-0.5000000074505806,75.9428582744939,6.600000083446503,306.04
1995-05-22,16.300000242888927,8.542857270155634,0.2000000029802322,75.80000112950802,26.699999809265137,305.51
1995-05-29,26.100000388920307,15.742857377443995,4.200000062584877,73.47142966623817,18.199999667704105,305.35
1995-06-05,18.30000027269125,11.514285885861941,5.200000077486038,89.15714418568781,64.69999945163727,305.33
1995-06-12,17.600000262260437,11.728571603340763,3.700000055134296,73.65714395471981,5.700000084936619,305.32
1995-06-19,22.600000336766243,12.628571616751808,6.000000089406967,80.18571548057454,15.399999618530273,305.28
1995-06-26,26.80000039935112,16.014285952917167,7.800000116229057,71.92857250039067,5.399999916553497,305.21
1995-07-03,27.700000412762165,18.657143135155952,9.600000143051147,69.00000102818012,24.600000023841858,305.09
1995-07-10,31.300000466406345,19.485714576074056,9.600000143051147,65.88571526748794,0.0,304.96
1995-07-17,29.200000435113907,20.042857441518986,12.000000178813934,73.88571538669723,21.599999606609344,304.85
1995-07-24,33.20000049471855,19.38571457458394,8.400000125169754,72.45714393683842,5.800000071525574,304.71
1995-07-31,30.300000451505184,19.842857438538754,10.30000015348196,69.75714389660529,23.5,304.47
1995-08-07,30.300000451505184,20.300000302493572,10.30000015348196,59.30000088363886,0.0,304.35
1995-08-14,30.800000458955765,18.657143135155952,8.400000125169754,58.17142943825041,2.8000000715255737,304.18
1995-08-21,30.00000044703484,18.64285742065736,9.400000140070915,69.57142960812364,2.5999999567866325,304.01
1995-08-28,28.60000042617321,16.28571452839034,8.800000131130219,81.70000121742487,23.700000047683716,303.86
1995-09-04,17.100000254809856,11.485714456864766,6.900000102818012,82.31428694086415,21.19999998807907,303.68
1995-09-11,23.80000035464764,14.000000208616257,7.800000116229057,78.07142973478351,12.40000033378601,303.55
1995-09-18,21.800000324845318,13.442857343171324,7.000000104308128,79.68571547312396,24.800000190734863,303.52
1995-09-25,17.30000025779009,11.500000171363354,7.200000107288361,86.97142986740384,31.300000198185444,303.51
1995-10-02,16.800000250339508,8.85714298912457,1.3000000193715096,86.02857271049704,35.80000042915344,303.5
1995-10-09,22.600000336766243,14.300000213086605,8.400000125169754,85.78571556402105,3.40000007301569,303.48
1995-10-16,23.80000035464764,13.671428775148732,8.600000128149986,86.04285842499563,0.0,303.44
1995-10-23,15.600000232458116,8.485714412161283,-1.0000000149011612,84.91428697960717,2.5,303.28
1995-10-30,17.100000254809856,10.271428724484784,2.7000000402331352,87.52857273284879,5.299999967217445,303.21
1995-11-06,11.000000163912771,2.600000038743019,-5.700000084936619,82.52857265834298,16.600000217556953,303.13
1995-11-13,10.80000016093254,5.1142857904945105,1.3000000193715096,86.81428700791938,6.4999998807907104,303.13
1995-11-20,11.500000171363354,3.4714286231568883,-4.200000062584877,86.61428700493914,27.899999916553497,303.12
1995-11-27,6.200000092387199,0.9000000134110451,-6.70000009983778,85.64285841903516,0.0,303.11
1995-12-04,0.9000000134110451,-1.5428571658475059,-4.400000065565109,90.08571562809604,1.0,303.09
1995-12-11,2.500000037252903,-3.071428617196424,-8.50000012665987,88.8285727522203,1.0,303.05
1995-12-18,2.1000000312924385,-1.700000025331974,-5.000000074505806,86.75714414992503,2.8000000417232513,303.0
1995-12-25,10.500000156462193,1.3000000193715096,-7.900000117719173,91.42857279096332,28.799999862909317,302.97
1996-01-01,0.5000000074505806,-5.900000087916851,-14.100000210106373,81.52857264344182,2.600000023841858,302.95
1996-01-08,2.7000000402331352,-3.514285766652652,-11.500000171363354,86.84285843691656,0.5000000149011611,302.94
1996-01-15,7.000000104308128,0.6857142959322248,-2.500000037252903,89.55714419164828,0.0,302.96
1996-01-22,0.4000000059604645,-3.8857143436159407,-7.800000116229057,85.44285841605493,0.0,302.95
1996-01-29,-3.700000055134296,-8.200000122189522,-14.000000208616257,76.75714400091341,1.700000025331974,302.92
1996-02-05,0.5000000074505806,-4.842857215021338,-12.4000001847744,77.91428687529904,2.3000000417232513,303.17
1996-02-12,3.9000000581145287,-5.342857222471919,-16.300000242888927,77.91428687529904,17.299999214708805,303.09
1996-02-19,3.200000047683716,0.6000000089406967,-2.800000041723252,85.88571556551116,30.100000262260437,302.95
1996-02-26,12.000000178813934,-2.571428609745843,-14.900000222027302,74.31428682165486,5.099999964237213,303.13
1996-03-04,11.500000171363354,0.0,-6.000000089406967,71.82857249890056,0.8000000268220901,303.34
1996-03-11,4.200000062584877,-0.6285714379378727,-5.200000077486038,74.97142968858991,6.299999833106995,303.44
1996-03-18,3.500000052154064,-1.0142857293997491,-7.700000114738941,83.62857267473426,0.6000000014901161,303.42
1996-03-25,11.400000169873238,4.585714354046753,-2.200000032782554,83.60000124573708,3.3000000342726707,303.37
1996-04-01,7.000000104308128,0.4428571494562285,-6.000000089406967,67.65714386531285,3.500000089406967,303.38
1996-04-08,16.800000250339508,3.414285765162536,-5.000000074505806,79.55714404263666,2.7999999076128006,303.41
1996-04-15,14.100000210106373,3.9000000581145287,-3.400000050663948,71.20000106096268,3.299999952316284,303.42
1996-04-22,26.600000396370888,12.857143048729215,-0.5000000074505806,48.10000071674585,0.0,303.3
1996-04-29,23.80000035464764,11.88571446282523,1.80000002682209,66.85714385339192,17.500000327825546,303.25
1996-05-06,17.80000026524067,8.942857276116099,0.0,75.87142970200095,28.700000315904617,303.12
1996-05-13,12.000000178813934,6.98571438980954,2.7000000402331352,87.71428702133042,14.500000193715096,303.2
1996-05-20,21.300000317394733,11.200000166893005,4.700000070035458,81.74285836092064,22.59999978542328,303.28
1996-05-27,21.50000032037497,12.300000183284283,3.1000000461936,74.77142968560968,18.799999833106995,303.28
1996-06-03,29.50000043958425,14.100000210106373,4.000000059604645,73.3285725212523,7.2000002190470695,303.3
1996-06-10,31.20000046491623,19.985714583524636,5.900000087916851,68.30000101774931,8.899999856948853,303.25
1996-06-17,27.80000041425228,15.371428800480706,4.200000062584877,66.10000098496675,0.5,303.24
1996-06-24,22.30000033229589,11.471428742366177,7.500000111758709,74.92857254509416,7.8000001683831215,303.22
1996-07-01,22.000000327825543,13.442857343171324,5.000000074505806,79.01428689169032,14.099999763071537,303.17
1996-07-08,21.60000032186508,13.871428778128964,7.400000110268593,79.02857260618892,50.40000057220459,303.09
1996-07-15,26.100000388920307,16.228571670395986,8.50000012665987,75.68571541351932,12.100000023841858,303.08
1996-07-22,24.300000362098217,13.357143056179796,5.000000074505806,69.9857153285827,0.0,303.06
1996-07-29,25.80000038444996,16.91428596632821,9.00000013411045,77.77142973031316,8.899999737739563,302.98
1996-08-05,26.600000396370888,16.985714538821153,6.400000095367432,69.54285817912647,0.2000000029802322,302.89
1996-08-12,27.000000402331352,17.314285972288676,8.300000123679638,77.81428687380892,33.600000858306885,302.85
1996-08-19,26.700000397861004,16.514285960367747,10.400000154972076,81.34285835496017,7.599999785423279,302.81
1996-08-26,28.000000417232517,17.58571454776185,9.900000147521496,77.94285830429622,19.900000035762787,302.79
1996-09-02,20.60000030696392,12.942857335720744,4.700000070035458,83.07142980928931,18.600000239908695,302.78
1996-09-09,21.60000032186508,11.771428746836525,2.500000037252903,74.71428682761533,4.099999904632568,302.8
1996-09-16,14.100000210106373,9.514285856059619,3.1000000461936,86.60000129044056,19.900000482797623,302.82
1996-09-23,15.300000227987766,8.942857276116099,3.700000055134296,84.90000126510859,7.199999809265137,302.85
1996-09-30,17.600000262260437,10.914285876921245,5.700000084936619,86.3285727149674,2.400000013411045,302.83
1996-10-07,15.300000227987766,8.471428697662693,2.7000000402331352,86.77142986442361,19.799999237060547,302.82
1996-10-14,16.800000250339508,9.314285853079387,3.200000047683716,90.27142991657767,0.9000000357627869,302.86
1996-10-21,16.50000024586916,9.314285853079387,3.6000000536441803,90.50000134855509,53.999999940395355,302.94
1996-10-28,13.600000202655792,7.814285830727646,1.3000000193715096,82.78571551931756,5.3000002056360245,303.01
1996-11-04,14.300000213086603,9.271428709583622,5.200000077486038,81.9000012204051,14.200000122189522,303.12
1996-11-11,13.600000202655792,6.871428673820836,-0.2000000029802322,84.44285840115377,21.899999856948853,303.18
1996-11-18,10.900000162422655,3.6857143406357085,0.2000000029802322,89.48571561915534,35.70000059902668,303.31
1996-11-25,7.800000116229057,1.3428571628672736,-2.1000000312924385,81.80000121891499,10.50000011920929,303.34
1996-12-02,4.000000059604645,1.0571428728955132,-2.1000000312924385,89.31428704517228,23.399999678134918,303.51
1996-12-09,8.00000011920929,1.2714285903743334,-2.200000032782554,86.60000129044056,2.700000047683716,303.66
1996-12-16,2.200000032782554,-0.842857155416693,-7.900000117719173,93.37142996277127,12.699999570846556,303.85
1996-12-23,5.700000084936619,-3.157142904187952,-12.300000183284284,88.07142988379512,16.700000002980232,303.94
1996-12-30,-5.4000000804662704,-10.114285865000316,-18.6000002771616,80.01428690659148,1.7999999523162842,304.04
1997-01-06,-4.500000067055225,-10.200000151991844,-20.000000298023224,83.91428696470601,1.5999999940395355,304.21
1997-01-13,1.5000000223517418,-6.0428572329027315,-13.000000193715096,84.18571554017919,0.1000000014901161,304.2
1997-01-20,5.000000074505806,-2.1142857457910265,-11.30000016838312,81.85714407690934,1.800000049173832,304.18
1997-01-27,5.700000084936619,1.4142857353602136,-2.7000000402331352,91.22857278798308,2.800000011920929,304.17
1997-02-03,2.800000041723252,-0.28571428997176035,-6.70000009983778,83.44285838625261,0.800000011920929,304.15
1997-02-10,10.400000154972076,3.300000049173832,-1.100000016391277,83.52857267324414,13.599999912083149,304.17
1997-02-17,10.500000156462193,3.185714333185128,-2.0000000298023224,81.02857263599124,25.40000033378601,304.24
1997-02-24,11.400000169873238,6.357142951871667,0.6000000089406967,77.82857258830752,37.80000028759241,304.61
1997-03-03,17.600000262260437,7.528571540755885,0.6000000089406967,73.38571537924665,15.89999969303608,305.22
1997-03-10,16.600000247359276,6.742857243333544,-0.6000000089406967,80.32857262556043,1.2000000476837158,305.63
1997-03-17,16.100000239908695,6.828571530325072,0.800000011920929,82.42857265685286,18.39999981224537,305.67
1997-03-24,8.300000123679638,2.4428571792585507,-2.7000000402331352,85.10000126808882,13.999999761581421,305.62
1997-03-31,14.600000217556952,6.500000096857548,1.5000000223517418,75.08571540457862,8.200000002980232,305.51
1997-04-07,16.800000250339508,5.071428646998746,-4.500000067055225,71.51428677993161,10.999999716877937,305.42
1997-04-14,14.900000222027302,5.757142942930971,-4.000000059604645,66.31428670244557,2.8999999165534973,305.34
1997-04-21,12.500000186264517,3.8857143436159407,-4.700000070035458,62.28571521384375,3.4999999180436134,305.21
1997-04-28,16.100000239908695,8.271428694682461,-3.500000052154064,71.77142964090619,16.09999990463257,305.15
1997-05-05,22.800000339746475,12.428571613771576,3.700000055134296,73.60000109672546,13.800000004470348,305.04
1997-05-12,22.100000329315662,9.185714422592095,-0.5000000074505806,71.65714392491749,19.799999579787254,304.87
1997-05-19,28.10000041872263,17.542857404266083,5.000000074505806,71.25714391895703,62.0,304.88
1997-05-26,19.500000290572643,10.88571444792407,0.9000000134110451,73.48571538073676,11.400000095367432,305.02
1997-06-02,18.6000002771616,10.814285875431128,3.1000000461936,65.97142955447946,0.2000000029802322,305.18
1997-06-09,26.100000388920307,16.557143103863513,4.90000007301569,62.571429503815516,1.0,305.07
1997-06-16,28.10000041872263,17.08571454031127,8.300000123679638,70.25714390405587,18.19999933242798,304.98
1997-06-23,18.6000002771616,12.657143045748983,3.9000000581145287,78.90000117570162,23.399999737739563,304.82
1997-06-30,27.80000041425228,14.657143075551305,6.500000096857548,80.05714405008725,48.600000858306885,304.71
1997-07-07,24.00000035762787,15.55714308896235,9.100000135600569,77.18571543587106,14.600000120699406,304.55
1997-07-14,26.100000388920307,17.257143114294326,9.400000140070915,75.04285826108286,4.099999904632568,304.48
1997-07-21,22.600000336766243,16.100000239908695,11.400000169873238,84.95714412310294,33.99999925494194,304.43
1997-07-28,24.300000362098217,16.58571453286069,11.500000171363354,78.3142868812595,20.999999620020393,304.35
1997-08-04,25.300000376999375,17.057143111314094,9.900000147521496,78.95714403369597,14.400000050663948,304.28
1997-08-11,28.300000421702865,19.428571718079702,10.600000157952309,67.2428581448538,0.0,304.19
1997-08-18,29.800000444054604,19.771428866045817,10.000000149011612,67.54285814932415,0.4000000059604645,304.13
1997-08-25,30.500000454485416,20.557143163468158,13.300000198185444,75.42857255254474,5.100000023841858,304.02
1997-09-01,30.00000044703484,17.771428836243494,8.00000011920929,77.60000115633011,34.69999939203262,303.93
1997-09-08,24.100000359117985,16.471428816871985,8.300000123679638,79.05714403518608,3.0,303.8
1997-09-15,23.300000347197056,11.828571604830879,3.400000050663948,73.14285823277065,8.100000023841858,303.71
1997-09-22,23.500000350177288,11.400000169873238,0.2000000029802322,69.7428581821067,0.0,303.64
1997-09-29,22.100000329315662,11.642857316349234,2.200000032782554,74.28571539265769,0.5,303.6
1997-10-06,21.300000317394733,11.842857319329466,5.500000081956387,80.80000120401382,4.899999976158142,303.55
1997-10-13,20.60000030696392,11.828571604830879,4.700000070035458,81.15714406647852,41.89999997615814,303.5
1997-10-20,18.0000002682209,6.885714388319424,-0.2000000029802322,84.35714411416224,9.300000071525574,303.46
1997-10-27,9.500000141561031,2.528571466250079,-4.000000059604645,79.62857261512961,4.4000000059604645,303.35
1997-11-03,7.900000117719173,1.2857143048729216,-7.000000104308128,78.40000116825104,0.0,303.33
1997-11-10,13.600000202655792,6.742857243333544,-3.1000000461936,78.45714402624539,14.099999770522118,303.3
1997-11-17,10.100000150501728,4.628571497542517,-0.800000011920929,86.91428700940949,20.899999909102917,303.27
1997-11-24,4.90000007301569,1.2285714468785696,-6.500000096857548,84.91428697960717,0.9000000059604645,303.21
1997-12-01,9.00000013411045,3.17142861868654,-2.200000032782554,87.971429882305,10.499999761581421,303.17
1997-12-08,3.1000000461936,-0.28571428997176035,-4.700000070035458,89.04285846969911,15.300000049173832,303.2
1997-12-15,10.30000015348196,4.300000064074993,-4.200000062584877,88.700001321733,33.10000014305115,303.21
1997-12-22,4.000000059604645,-2.0428571732980862,-10.600000157952309,86.57142986144338,6.899999804794788,303.37
1997-12-29,12.300000183284284,4.928571502012866,0.1000000014901161,85.57142984654222,13.200000286102295,303.5
1998-01-05,8.800000131130219,5.4000000804662704,-0.800000011920929,78.04285830578634,15.999999791383743,303.58
1998-01-12,11.000000163912771,6.1714286633900235,1.0000000149011612,76.02857256148543,3.30000002682209,303.62
1998-01-19,9.00000013411045,4.457142923559461,0.5000000074505806,77.8428583028061,10.0,303.67
1998-01-26,2.800000041723252,-2.1000000312924385,-9.00000013411045,85.51428698854787,8.599999979138374,303.71
1998-02-02,2.0000000298023224,-5.800000086426735,-16.100000239908695,77.40000115334988,4.800000071525574,303.74
1998-02-09,6.200000092387199,-0.4714285784534045,-10.500000156462193,76.81428685890776,1.300000011920929,303.76
1998-02-16,15.000000223517418,8.185714407690934,-0.5000000074505806,71.24285820445844,2.900000095367432,303.78
1998-02-23,14.300000213086603,6.185714377888611,1.5000000223517418,76.0571439904826,3.500000096857548,303.79
1998-03-02,10.400000154972076,5.7857143719281465,-1.3000000193715096,82.65714408883026,12.700000405311584,303.81
1998-03-09,16.100000239908695,5.585714368947914,-5.000000074505806,78.95714403369597,47.3999999538064,303.91
1998-03-16,8.600000128149986,3.185714333185128,-3.9000000581145287,80.72857263152089,6.100000038743019,304.08
1998-03-23,9.3000001385808,3.6857143406357085,-3.500000052154064,70.17142961706433,7.799999788403511,304.42
1998-03-30,19.30000028759241,6.528571525854724,-5.900000087916851,66.5142867054258,0.0,304.67
1998-04-06,21.1000003144145,10.414285869470664,4.000000059604645,75.85714398750237,14.59999993443489,304.75
1998-04-13,14.500000216066836,6.000000089406967,-1.3000000193715096,79.2857154671635,20.200000047683716,304.73
1998-04-20,13.600000202655792,6.200000092387199,-2.7000000402331352,72.85714394279888,9.699999809265137,304.7
1998-04-27,20.10000029951334,11.285714453884534,0.800000011920929,76.92857257489648,14.500000156462193,304.74
1998-05-04,20.60000030696392,10.88571444792407,3.200000047683716,84.17142982568059,31.399999767541885,304.79
1998-05-11,26.30000039190054,14.48571450156825,2.600000038743019,68.17142958726201,3.400000035762787,304.8
1998-05-18,28.300000421702865,14.871428793030125,4.500000067055225,62.571429503815516,1.5999999642372131,304.64
1998-05-25,22.600000336766243,11.200000166893005,3.000000044703484,74.82857254360404,2.1000000089406967,304.5
1998-06-01,23.300000347197056,14.642857361052718,7.500000111758709,82.60000123083591,12.800000123679638,304.42
1998-06-08,29.60000044107437,18.100000269711018,6.800000101327896,72.27142964835677,9.200000047683716,304.4
1998-06-15,19.60000029206276,13.242857340191092,4.700000070035458,77.97142973329339,24.1000008136034,304.36
1998-06-22,31.000000461936,16.385714529880456,8.800000131130219,77.58571544183152,9.700000002980232,304.31
1998-06-29,27.80000041425228,17.042857396815503,9.80000014603138,72.27142964835677,7.200000047683716,304.22
1998-07-06,20.10000029951334,14.828571649534362,9.00000013411045,78.54285831323692,15.399999715387821,304.08
1998-07-13,20.60000030696392,13.828571634633201,8.00000011920929,84.74285840562412,35.400000147521496,303.93
1998-07-20,32.50000048428774,16.07142881091152,7.400000110268593,73.30000109225512,8.299999952316284,303.81
1998-07-27,30.100000448524952,18.814285994640418,10.600000157952309,70.12857247356858,4.099999904632568,303.87
1998-08-03,24.50000036507845,16.028571667415754,8.50000012665987,77.71428687231881,15.899999976158142,303.79
1998-08-10,31.500000469386578,18.700000278651714,9.00000013411045,66.35714384594134,0.4000000059604645,303.67
1998-08-17,35.200000524520874,20.18571458650487,8.50000012665987,60.65714376100472,0.1000000014901161,303.62
1998-08-24,26.30000039190054,14.828571649534362,7.700000114738941,72.55714393832854,15.900000005960464,303.54
1998-08-31,19.30000028759241,11.228571595890182,5.700000084936619,80.81428691851241,27.80000076442957,303.48
1998-09-07,20.10000029951334,14.728571648044246,5.500000081956387,86.28571557147163,33.900000274181366,303.42
1998-09-14,21.60000032186508,13.271428769188267,6.200000092387199,83.20000123977661,41.200000047683716,303.34
1998-09-21,17.600000262260437,11.071428736405712,5.700000084936619,84.68571554762977,35.60000038146973,303.27
1998-09-28,20.000000298023224,12.500000186264515,6.900000102818012,83.67142981823001,1.700000062584877,303.28
1998-10-05,17.50000026077032,7.828571545226233,2.200000032782554,95.11428713159901,46.300001099705696,303.3
1998-10-12,13.100000195205212,8.242857265685286,4.700000070035458,89.62857276414123,36.3000004068017,303.57
1998-10-19,18.30000027269125,9.542857285056796,0.5000000074505806,83.12857266728368,15.199999526143074,303.91
1998-10-26,16.600000247359276,9.028571563107628,0.800000011920929,80.21428690957171,34.59999990463257,304.08
1998-11-02,14.100000210106373,6.671428670840604,2.500000037252903,84.22857268367495,61.200000524520874,304.8
1998-11-09,10.500000156462193,5.18571436298745,-0.5000000074505806,85.41428698705775,29.29999939352274,305.42
1998-11-16,10.500000156462193,2.9571429012077197,-2.7000000402331352,90.87142992551837,21.600000239908695,305.75
1998-11-23,2.0000000298023224,-3.5857143391455923,-10.500000156462193,84.42857268665519,9.199999697506428,305.88
1998-11-30,2.200000032782554,-0.28571428997176035,-5.200000077486038,89.81428705262286,6.599999815225601,305.72
1998-12-07,-0.2000000029802322,-3.2428571911794797,-8.100000120699406,85.7285727060267,13.699999667704105,305.5
1998-12-14,8.00000011920929,-0.25714286097458433,-11.900000177323818,84.642858404134,17.400000274181366,305.55
1998-12-21,9.3000001385808,3.1428571896893636,-2.1000000312924385,82.6142869453345,9.299999929964542,305.62
1998-12-28,11.000000163912771,3.514285766652652,-3.400000050663948,80.28571548206466,5.000000201165676,305.53
1999-01-04,11.10000016540289,2.257142890776907,-3.200000047683716,86.88571558041232,8.199999809265137,305.48
1999-01-11,12.800000190734863,3.8857143436159407,-3.1000000461936,83.72857267622437,7.800000011920929,305.34
1999-01-18,10.900000162422655,3.857142914618765,-3.6000000536441803,79.71428690212113,3.800000011920929,305.2
1999-01-25,10.000000149011612,4.171428633587701,-2.200000032782554,85.31428698556763,10.499999620020388,305.05
1999-02-01,8.600000128149986,-0.857142869915281,-7.000000104308128,84.90000126510859,19.29999988526106,304.98
1999-02-08,7.500000111758709,2.0000000298023224,-2.7000000402331352,85.20000126957893,24.69999995827675,305.22
1999-02-15,1.3000000193715096,-5.600000083446503,-15.100000225007534,83.71428696172578,0.800000011920929,305.33
1999-02-22,6.000000089406967,1.4857143078531538,-2.800000041723252,84.65714411863259,29.20000046491623,305.76
1999-03-01,11.10000016540289,3.500000052154064,-4.200000062584877,76.4285725674459,17.300000242888927,306.3
1999-03-08,11.000000163912771,5.04285721800157,-2.200000032782554,79.5142868991409,16.99999964237213,306.45
1999-03-15,16.00000023841858,4.742857213531222,-3.200000047683716,80.05714405008725,4.299999952316284,306.59
1999-03-22,10.400000154972076,3.057142902697836,-3.700000055134296,77.98571544779199,12.200000047683716,306.65
1999-03-29,18.100000269711018,6.4285715243646075,0.5000000074505806,83.31428695576531,8.100000023841858,306.53
1999-04-05,19.30000028759241,9.771428717034203,0.4000000059604645,72.44285822233984,10.099999643862247,306.44
1999-04-12,18.80000028014183,9.114285850099154,4.000000059604645,77.257144008364,18.799999728798866,306.22
1999-04-19,9.80000014603138,3.857142914618765,-1.3000000193715096,77.64285829982587,23.299999624490738,305.51
1999-04-26,17.600000262260437,8.900000132620335,-1.80000002682209,77.64285829982587,4.600000120699406,305.63
1999-05-03,21.50000032037497,11.342857311878886,1.700000025331974,72.85714394279888,1.5,305.58
1999-05-10,20.60000030696392,11.900000177323818,5.4000000804662704,71.04285820147821,8.00000011920929,305.4
1999-05-17,17.80000026524067,11.10000016540289,4.700000070035458,72.70000108331442,15.200000166893005,305.15
1999-05-24,21.300000317394733,13.742857347641673,5.200000077486038,70.2142867605601,3.399999976158142,304.84
1999-05-31,28.60000042617321,16.400000244379044,5.500000081956387,71.14285820296833,16.000000476837158,304.76
1999-06-07,28.000000417232517,15.442857372973647,6.70000009983778,74.14285824767181,29.79999889433384,304.58
1999-06-14,21.60000032186508,13.928571636123317,5.500000081956387,73.48571538073676,6.299999907612801,304.43
1999-06-21,24.50000036507845,14.871428793030125,8.00000011920929,73.02857251678195,15.900000385940075,304.38
1999-06-28,24.300000362098217,14.242857355092253,3.9000000581145287,70.40000104904175,8.399999812245369,304.3
1999-07-05,31.000000461936,19.742857437048638,7.900000117719173,73.10000108927488,20.599999964237213,304.17
1999-07-12,26.80000039935112,18.500000275671482,11.400000169873238,77.21428686486823,31.000000774860382,304.12
1999-07-19,30.00000044703484,17.71428597824914,9.00000013411045,75.18571540606874,45.60000038146973,303.84
1999-07-26,26.30000039190054,17.71428597824914,9.500000141561031,72.75714394130877,1.6999999582767487,303.72
1999-08-02,27.80000041425228,18.38571455968278,8.600000128149986,56.64285798690149,0.0,303.64
1999-08-09,28.50000042468309,18.857143138136184,9.500000141561031,74.44285825214216,28.80000076442957,303.5
1999-08-16,23.500000350177288,14.514285930565425,6.70000009983778,78.0857154492821,36.299999952316284,303.38
1999-08-23,20.500000305473804,13.228571625692505,4.200000062584877,76.04285827598402,8.499999813735485,303.35
1999-08-30,26.700000397861004,16.5714288183621,5.500000081956387,77.32857258085694,8.299999810755253,303.31
1999-09-06,24.300000362098217,15.285714513489179,5.700000084936619,74.62857254062381,1.5,303.24
1999-09-13,28.60000042617321,17.885714552232198,9.900000147521496,72.78571537030595,1.100000023841858,303.19
1999-09-20,29.60000044107437,16.442857387874806,5.500000081956387,70.92857248548951,2.1000000536441803,303.14
1999-09-27,22.600000336766243,15.285714513489179,10.000000149011612,81.72857264642205,15.499999716877937,303.11
1999-10-04,18.30000027269125,12.657143045748983,6.400000095367432,81.35714406945876,15.999999918043613,303.05
1999-10-11,16.300000242888927,9.928571576518673,3.9000000581145287,88.1000013127923,10.999999918043613,302.96
1999-10-18,14.600000217556952,5.18571436298745,-2.200000032782554,83.12857266728368,0.1000000014901161,302.98
1999-10-25,14.40000021457672,6.614285812846252,-0.9000000134110451,80.95714406349829,3.8999999538064003,303.04
1999-11-01,15.600000232458116,9.6571430010455,0.5000000074505806,82.72857266132321,4.599999904632568,303.034
1999-11-08,14.600000217556952,6.185714377888611,-0.6000000089406967,88.01428702580077,25.100000388920307,303.028
1999-11-15,7.000000104308128,2.457142893757139,-5.200000077486038,87.54285844734737,23.399999052286148,303.022
1999-11-22,1.600000023841858,-1.600000023841858,-7.400000110268593,90.07142991359744,17.20000024139881,303.016
1999-11-29,9.00000013411045,3.6714286261371205,-0.6000000089406967,89.40000133216381,2.2999999821186066,303.01
1999-12-06,8.600000128149986,3.8857143436159407,-2.500000037252903,80.52857262854066,16.400000035762787,302.95
1999-12-13,10.400000154972076,5.600000083446503,1.3000000193715096,83.28571552676814,33.50000011920929,302.88
1999-12-20,4.200000062584877,-0.1428571449858802,-4.000000059604645,84.400001257658,6.4999998807907104,302.89
1999-12-27,7.200000107288361,0.5857142944421087,-7.000000104308128,85.51428698854787,34.50000047683716,303.15
2000-01-03,3.9000000581145287,1.528571451348918,-2.0000000298023224,90.91428706901414,9.899999886751175,303.33
2000-01-10,6.800000101327896,2.6857143257345473,-2.500000037252903,89.48571561915534,7.60000017285347,303.48
2000-01-17,6.200000092387199,0.14285714498588017,-5.200000077486038,86.37142985846315,3.200000047683716,303.54
2000-01-24,6.200000092387199,-1.2571428758757455,-13.000000193715096,83.12857266728368,14.000000059604645,303.69
2000-01-31,9.400000140070915,0.7857142974223409,-14.300000213086603,82.08571550888675,27.399999499320984,303.67
2000-02-07,11.800000175833702,6.028571518404143,1.0000000149011612,80.45714405604771,10.39999983459711,303.98
2000-02-14,10.30000015348196,3.5714286246470044,-4.500000067055225,78.47142974074397,24.50000011920929,304.14
2000-02-21,6.70000009983778,0.9714285859039852,-4.700000070035458,87.94285845330784,30.299999952316284,304.27
2000-02-28,14.900000222027302,3.4571429086583003,-4.700000070035458,81.51428692894322,24.100000143051147,305.55
2000-03-06,9.00000013411045,2.8142857562218393,-2.1000000312924385,81.68571550292629,25.300000309944153,305.92
2000-03-13,12.10000018030405,7.185714392789772,1.80000002682209,78.42857259724822,22.89999959617853,306.39
2000-03-20,11.400000169873238,4.61428578304393,0.1000000014901161,80.32857262556043,30.799999952316284,306.71
2000-03-27,16.600000247359276,6.914285817316601,-1.100000016391277,78.28571545226234,6.300000041723251,306.78
2000-04-03,17.80000026524067,5.5285715109535625,0.0,82.40000122785568,7.400000095367432,306.32
2000-04-10,15.900000236928465,5.6571429414408545,-4.500000067055225,68.10000101476908,2.400000095367432,306.1
2000-04-17,15.400000229477882,7.328571537775653,-0.800000011920929,71.34285820594856,8.100000135600567,305.85
2000-04-24,25.100000374019142,12.67142876024757,2.600000038743019,73.3142868067537,8.600000023841858,305.62
2000-05-01,23.300000347197056,15.014285938016005,2.3000000342726707,77.17142972137246,33.20000076293945,305.34
2000-05-08,25.00000037252903,16.442857387874806,5.200000077486038,64.32857238714185,1.6000000536441803,305.19
2000-05-15,26.80000039935112,16.600000247359276,5.700000084936619,61.514286630920004,0.0,305.07
2000-05-22,27.80000041425228,11.74285731783935,2.800000041723252,78.3285725957581,25.00000011920929,304.8
2000-05-29,19.30000028759241,12.042857322309699,4.500000067055225,75.35714398005179,13.999999858438969,304.65
2000-06-05,27.80000041425228,16.014285952917167,2.0000000298023224,74.91428683059556,21.099999859929085,304.61
2000-06-12,29.60000044107437,15.828571664435524,5.500000081956387,73.88571538669723,18.59999966621399,304.57
2000-06-19,31.500000469386578,16.614285961857863,2.7000000402331352,65.17142954255853,0.7999999895691872,304.52
2000-06-26,32.50000048428774,16.71428596334798,8.900000132620335,67.08571528536933,9.100000061094761,304.5
2000-07-03,24.00000035762787,13.714285918644496,2.500000037252903,74.47142968113933,28.40000057220459,304.36
2000-07-10,21.1000003144145,14.085714495607785,8.50000012665987,83.60000124573708,24.000000208616257,304.28
2000-07-17,18.100000269711018,12.485714471765927,6.200000092387199,80.37142976905618,11.300000220537186,304.17
2000-07-24,23.600000351667404,14.357143071080957,8.100000120699406,78.60000117123127,5.299999892711639,304.19
2000-07-31,22.600000336766243,15.471428801970822,11.30000016838312,83.65714410373143,26.200000524520874,304.12
2000-08-07,26.30000039190054,16.171428812401636,9.00000013411045,75.75714398601225,8.200000166893005,303.94
2000-08-14,29.700000442564487,17.671428834753378,10.500000156462193,74.48571539563792,5.5000001192092896,303.8
2000-08-21,27.3000004068017,18.771428851144655,12.800000190734863,79.77142976011548,36.50000021606684,303.71
2000-08-28,23.500000350177288,15.157143083001886,7.400000110268593,73.64285824022123,0.4000000059604644,303.68
2000-09-04,23.000000342726707,13.75714306214026,8.600000128149986,79.07142974968467,19.200000017881393,303.62
2000-09-11,23.80000035464764,14.414285929075309,7.500000111758709,82.94285837880203,8.800000011920929,303.55
2000-09-18,24.600000366568565,15.014285938016005,10.500000156462193,83.01428695129496,12.399999685585499,303.48
2000-09-25,17.80000026524067,10.714285873941012,3.400000050663948,84.70000126212835,17.000000476837158,303.44
2000-10-02,23.500000350177288,13.957143065120492,8.50000012665987,85.2428584130747,2.9999999552965164,303.38
2000-10-09,16.600000247359276,8.885714418121747,2.200000032782554,87.42857273135867,13.400000050663948,303.34
2000-10-16,18.50000027567148,10.900000162422657,2.800000041723252,83.67142981823001,9.400000214576721,303.32
2000-10-23,19.500000290572643,8.442857268665518,0.5000000074505806,89.07142989869628,8.000000178813934,303.25
2000-10-30,14.100000210106373,9.94285729101726,5.700000084936619,80.4714297705463,17.39999982714653,303.22
2000-11-06,12.10000018030405,6.4285715243646075,0.5000000074505806,83.54285838774273,18.100000500679016,303.15
2000-11-13,12.000000178813934,6.571428669350488,0.2000000029802322,81.15714406647852,16.59999940544367,303.11
2000-11-20,9.500000141561031,4.414285780063698,-1.3000000193715096,85.34285841456482,5.800000011920929,303.13
2000-11-27,9.80000014603138,4.442857209060874,-1.600000023841858,87.27142987187419,6.900000132620335,303.16
2000-12-04,10.500000156462193,6.100000090897083,0.0,91.28571564597743,4.1999999433755875,303.17
2000-12-11,12.500000186264517,6.9428572463137765,0.4000000059604645,85.38571555806058,8.300000190734863,303.12
2000-12-18,13.000000193715096,4.771428642528398,-2.800000041723252,82.44285837135145,17.40000019222498,303.07
2000-12-25,2.600000038743019,-2.9857143302048956,-10.500000156462193,85.31428698556763,8.399999618530273,303.08
2001-01-01,2.800000041723252,-0.6285714379378727,-8.00000011920929,85.88571556551116,11.400000095367432,303.14
2001-01-08,10.100000150501728,4.3142857785735815,-1.700000025331974,86.02857271049704,17.299999609589577,303.18
2001-01-15,4.000000059604645,-2.3000000342726707,-8.900000132620335,85.9571441380041,9.800000190734863,303.2
2001-01-22,2.3000000342726707,-3.514285766652652,-12.000000178813934,84.5142869736467,12.199999630451202,303.34
2001-01-29,8.50000012665987,3.0000000447034836,-0.2000000029802322,87.88571559531348,18.100000202655792,303.38
2001-02-05,9.00000013411045,0.30000000447034836,-6.500000096857548,89.27142990167651,29.300000309944153,304.15
2001-02-12,14.100000210106373,6.442857238863196,-4.200000062584877,76.28571542246002,5.900000050663948,304.57
2001-02-19,13.100000195205212,2.8857143287147795,-2.7000000402331352,81.94285836390087,2.100000001490116,304.82
2001-02-26,4.90000007301569,-0.5285714364477566,-9.500000141561031,80.04285833558866,14.400000005960464,304.95
2001-03-05,4.400000065565109,-0.6000000089406967,-10.000000149011612,81.14285835197994,12.800000071525574,304.94
2001-03-12,12.800000190734863,5.971428660409791,-6.000000089406967,84.400001257658,14.8999999538064,304.84
2001-03-19,10.30000015348196,4.54285721055099,-0.4000000059604645,82.34285836986133,13.60000017285347,304.86
2001-03-26,13.500000201165676,2.8000000417232513,-2.500000037252903,84.642858404134,31.499999918043613,305.32
2001-04-02,19.500000290572643,6.000000089406967,-3.700000055134296,75.1000011190772,6.599999904632568,305.55
2001-04-09,16.600000247359276,7.657142971243177,-0.5000000074505806,75.2142868350659,14.899999976158142,305.6
2001-04-16,11.30000016838312,4.157142919089113,-4.500000067055225,77.52857258383717,21.700000166893005,305.61
2001-04-23,13.40000019967556,3.8285714856215884,-2.200000032782554,73.9142868156944,3.0000000968575478,305.58
2001-04-30,22.600000336766243,10.314285867980548,1.100000016391277,77.257144008364,8.799999870359898,305.45
2001-05-07,26.00000038743019,12.614285902253219,5.500000081956387,74.77142968560968,16.200000382959843,305.32
2001-05-14,24.300000362098217,14.47142878706966,4.200000062584877,65.70000097900629,1.7000000476837158,305.26
2001-05-21,20.10000029951334,12.400000184774399,3.200000047683716,73.48571538073676,5.800000071525574,305.14
2001-05-28,25.100000374019142,15.457143087472234,3.400000050663948,63.64285809120962,0.1000000014901161,304.93
2001-06-04,23.500000350177288,12.10000018030405,5.500000081956387,74.1571439621704,25.200000256299973,304.78
2001-06-11,19.500000290572643,11.757143032337938,6.000000089406967,78.07142973478351,22.599999621510506,304.67
2001-06-18,24.100000359117985,14.200000211596489,5.700000084936619,76.34285828045437,23.70000010728836,304.62
2001-06-25,24.50000036507845,14.014285923114844,3.9000000581145287,71.67142963941608,6.1999999061226845,304.421240799785
2001-07-02,28.10000041872263,17.885714552232198,8.100000120699406,72.07142964537654,7.500000178813934,304.308548228493
2001-07-09,28.50000042468309,18.971428854124888,8.400000125169754,69.04285817167589,23.30000066757202,304.173317142942
2001-07-16,24.300000362098217,15.728571662945408,10.400000154972076,75.68571541351932,50.999999560415745,304.173317142942
2001-07-23,27.500000409781933,16.671428819852217,9.400000140070915,71.11428677397114,9.699999958276749,304.150778628684
2001-07-30,30.200000450015068,20.500000305473804,11.000000163912771,65.48571526152747,3.0999999046325684,303.947932000358
2001-08-06,29.800000444054604,17.985714553722314,9.500000141561031,76.44285828194448,19.199999809265137,303.89
2001-08-13,24.100000359117985,16.028571667415754,6.800000101327896,72.61428679632289,6.600000023841858,303.77
2001-08-20,32.70000048726797,20.585714592465333,13.40000019967556,69.91428675608975,3.1999999061226845,303.71
2001-08-27,32.20000047981739,19.500000290572643,11.000000163912771,71.45714392193726,1.5,303.58
2001-09-03,23.600000351667404,15.12857165400471,6.200000092387199,71.60000106692314,11.700000382959843,303.45
2001-09-10,16.300000242888927,11.314285882881709,7.000000104308128,86.02857271049704,46.99999952316284,303.41
2001-09-17,14.800000220537186,10.242857295487608,5.900000087916851,87.48571558935302,26.300000309944153,303.38
2001-09-24,17.00000025331974,10.314285867980548,4.000000059604645,81.71428693192345,12.599999904632568,303.4
2001-10-01,19.60000029206276,12.228571610791343,5.500000081956387,87.5000013038516,19.199999809265137,303.37
2001-10-08,23.100000344216824,12.771428761737686,5.4000000804662704,86.04285842499563,5.600000001490116,303.31
2001-10-15,22.30000033229589,12.642857331250395,5.700000084936619,80.2428583385689,0.1000000014901161,303.23
2001-10-22,18.50000027567148,10.800000160932541,5.4000000804662704,88.08571559829372,3.8999999538064003,303.18
2001-10-29,14.40000021457672,10.057143007005964,4.700000070035458,89.67142990763698,9.499999955296516,303.11
2001-11-05,16.800000250339508,7.671428685741765,-0.2000000029802322,80.54285834303924,5.8999999314546585,303.1
2001-11-12,8.50000012665987,2.842857185219015,-6.000000089406967,85.28571555657047,43.60000038146973,303.07
2001-11-19,7.000000104308128,2.585714324244431,-4.000000059604645,86.0857155684914,2.3999999538064003,303.06
2001-11-26,8.00000011920929,3.957142916108881,-0.800000011920929,87.87142988081489,28.99999973922968,303.03
2001-12-03,8.100000120699406,4.82857150052275,0.9000000134110451,92.87142995532069,23.19999998807907,303.2
2001-12-10,7.800000116229057,1.6142857383404459,-6.000000089406967,87.20000129938126,18.09999966621399,303.27
2001-12-17,2.800000041723252,-2.457142893757139,-12.000000178813934,83.1000012382865,3.19999997317791,303.52
2001-12-24,2.3000000342726707,-2.628571467740195,-13.100000195205212,84.88571555061,27.399999380111694,303.64
2001-12-31,4.700000070035458,-0.5000000074505806,-10.80000016093254,85.40000127255917,32.200000047683716,303.73
2002-01-07,0.800000011920929,-5.857142944421087,-16.600000247359276,81.38571549845594,2.8000000417232513,303.78
2002-01-14,2.0000000298023224,-2.1285714602896144,-7.200000107288361,89.1714299001864,1.5,303.82
2002-01-21,9.00000013411045,-0.028571428997176036,-11.60000017285347,89.22857275818076,11.200000338256359,303.91
2002-01-28,12.500000186264517,7.171428678291185,1.5000000223517418,78.04285830578634,21.100000202655792,303.89
2002-02-04,16.100000239908695,8.457142983164106,1.5000000223517418,66.24285812995264,0.3000000044703483,304.75
2002-02-11,12.600000187754633,7.271428679781301,1.700000025331974,79.55714404263666,16.799999982118607,304.89
2002-02-18,12.600000187754633,3.1142857606921877,-4.000000059604645,71.65714392491749,10.800000429153442,304.95
2002-02-25,6.400000095367432,1.8285714558192663,-4.500000067055225,83.37142981375966,40.5,305.65
2002-03-04,11.400000169873238,4.0857143465961725,-4.200000062584877,70.31428676205022,11.100000023841858,305.87
2002-03-11,15.500000230968,5.442857223962035,-1.600000023841858,71.08571534497398,3.4999998956918716,305.82
2002-03-18,17.00000025331974,5.742857228432383,0.0,81.35714406945876,31.40000021457672,305.61
2002-03-25,13.90000020712614,4.985714360007218,-1.3000000193715096,76.31428685145718,20.50000048428774,305.79
2002-04-01,17.100000254809856,4.714285784534046,-5.500000081956387,66.8714295678905,0.0,305.71
2002-04-08,17.600000262260437,5.457142938460622,-6.500000096857548,55.65714368649891,0.0,305.57
2002-04-15,13.100000195205212,5.800000086426735,-3.9000000581145287,74.37142967964921,19.299999952316284,305.3
2002-04-22,18.50000027567148,7.885714403220585,1.100000016391277,77.08571543438094,10.199999839067459,305.15
2002-04-29,18.6000002771616,9.900000147521496,3.700000055134296,77.45714401134423,26.40000057220459,304.99
2002-05-06,15.100000225007534,9.242857280586447,2.7000000402331352,82.1428583668811,41.3999999538064,305.33
2002-05-13,23.100000344216824,14.371428785579544,3.6000000536441803,81.61428693043334,20.300000488758087,305.37
2002-05-20,24.8000003695488,14.714285933545657,6.500000096857548,72.20000107586384,6.899999976158142,305.28
2002-05-27,26.600000396370888,13.885714492627553,5.200000077486038,75.95714398899248,12.799999624490736,305.23
2002-06-03,22.600000336766243,13.228571625692505,4.500000067055225,69.81428675459964,0.7999999895691872,305.12
2002-06-10,25.600000381469727,15.828571664435524,10.000000149011612,78.87142974670444,76.80000066757202,305.38
2002-06-17,29.300000436604023,16.828571679336683,8.600000128149986,80.08571547908443,12.499999836087227,305.14
2002-06-24,32.50000048428774,19.44285743257829,11.30000016838312,75.05714397558144,2.8999999091029167,305.07
2002-07-01,24.300000362098217,14.885714507528714,7.000000104308128,66.65714385041169,4.699999809265137,305.09
2002-07-08,28.50000042468309,15.728571662945408,9.100000135600569,74.88571540159839,2.199999988079071,304.86
2002-07-15,31.300000466406345,17.78571455074208,9.00000013411045,77.48571544034141,20.099999964237213,304.62
2002-07-22,23.600000351667404,15.042857367013182,9.500000141561031,80.50000119954348,39.00000113248825,304.55
2002-07-29,29.800000444054604,17.07142882581268,9.00000013411045,76.58571542693036,4.899999916553497,304.36
2002-08-05,29.800000444054604,19.114285999110766,11.500000171363354,75.14285826257297,4.700000047683716,304.26
2002-08-12,23.300000347197056,16.37142881538187,10.000000149011612,85.22857269857612,42.80000030994415,304.11
2002-08-19,29.200000435113907,18.557143133665836,11.500000171363354,74.94285825959274,1.4999999552965164,303.98
2002-08-26,29.300000436604023,18.814285994640418,12.500000186264517,78.40000116825104,4.300000011920929,303.85
2002-09-02,27.200000405311584,17.414285973778792,7.000000104308128,78.95714403369597,3.300000049173832,303.71
2002-09-09,27.000000402331352,15.671428804951054,6.000000089406967,75.42857255254474,0.6000000238418579,303.45
2002-09-16,19.80000029504299,12.228571610791343,4.700000070035458,82.1428583668811,20.099999666213993,303.33
2002-09-23,18.30000027269125,11.45714302786759,6.000000089406967,82.34285836986133,6.300000101327896,303.21
2002-09-30,17.00000025331974,7.942857261214938,-0.1000000014901161,82.88571552080768,13.600000381469728,303.12
2002-10-07,18.100000269711018,9.80000014603138,2.800000041723252,85.94285842350551,33.20000022649765,303.14
2002-10-14,13.500000201165676,5.514285796454975,0.5000000074505806,80.0000011920929,1.9000000655651093,303.18
2002-10-21,14.000000208616257,8.171428693192345,-0.2000000029802322,84.47142983015094,30.300000861287117,303.11
2002-10-28,14.800000220537186,9.08571442110198,1.3000000193715096,77.68571544332164,28.000000096857548,303.0
2002-11-04,12.300000183284284,6.4285715243646075,1.700000025331974,90.40000134706497,36.900000274181366,303.06
2002-11-11,9.80000014603138,3.2142857621823038,-3.000000044703484,84.0428583951933,31.000000476837158,303.38
2002-11-18,10.500000156462193,7.1000001057982445,0.5000000074505806,86.90000129491091,4.499999918043613,303.57
2002-11-25,10.000000149011612,4.814285786024162,1.0000000149011612,90.18571562958616,2.0999999046325684,303.72
2002-12-02,9.80000014603138,6.471428667860372,2.800000041723252,88.942858468209,22.69999972730875,304.05
2002-12-09,6.200000092387199,-1.1428571598870414,-9.600000143051147,86.92857272390809,1.9999999925494194,304.28
2002-12-16,2.7000000402331352,-4.685714355536869,-12.4000001847744,85.8428584220154,6.000000178813934,304.39
2002-12-23,3.6000000536441803,-0.07142857249294002,-6.70000009983778,90.67142992253814,24.29999960958958,304.53
2002-12-30,11.900000177323818,4.0857143465961725,-0.4000000059604645,92.90000138431787,45.60000038146973,304.62
2003-01-06,9.400000140070915,0.5714285799435207,-5.4000000804662704,83.80000124871731,25.799999862909317,305.91
2003-01-13,1.700000025331974,-7.3571429667728285,-16.00000023841858,79.5285726136395,6.500000193715096,306.12
2003-01-20,7.400000110268593,2.471428608255727,-2.200000032782554,83.3428583847625,0.6000000163912772,305.98
2003-01-27,8.100000120699406,3.1285714751907756,-2.7000000402331352,85.94285842350551,14.600000023841858,305.65
2003-02-03,8.800000131130219,-1.0000000149011612,-9.80000014603138,84.98571555210012,16.600000143051147,305.3
2003-02-10,2.200000032782554,-1.5000000223517418,-8.300000123679638,87.27142987187419,12.800000071525574,305.4
2003-02-17,-0.2000000029802322,-5.500000081956387,-12.90000019222498,76.95714400389365,0.1000000014901161,305.29
2003-02-24,7.700000114738941,-3.6714286261371205,-9.500000141561031,82.34285836986133,0.0,305.25
2003-03-03,12.800000190734863,3.200000047683716,-7.900000117719173,77.82857258830752,7.700000047683716,305.08
2003-03-10,15.500000230968,5.32857150797333,-1.0000000149011612,79.50000118464231,6.900000192224979,304.92
2003-03-17,14.300000213086603,3.257142905678068,-4.500000067055225,75.50000112503767,10.400000214576721,304.87
2003-03-24,17.30000025779009,3.257142905678068,-5.900000087916851,61.128572339458124,0.0,304.86
2003-03-31,17.00000025331974,8.685714415141515,0.2000000029802322,69.9857153285827,2.099999964237213,304.78
2003-04-07,15.900000236928465,4.114285775593349,-6.70000009983778,63.88571523768561,6.5000001564621925,304.64
2003-04-14,17.30000025779009,3.400000050663948,-8.900000132620335,56.47142941291843,0.4000000059604645,304.52
2003-04-21,22.100000329315662,10.628571586949485,1.700000025331974,60.271429469542845,6.099999904632568,304.37
2003-04-28,21.60000032186508,12.557143044258867,2.0000000298023224,64.04285809717008,5.199999958276749,304.25
2003-05-05,29.300000436604023,13.700000204145908,2.1000000312924385,65.41428668903453,8.299999929964542,304.08
2003-05-12,25.100000374019142,14.371428785579544,7.900000117719173,75.92857255999532,14.400000125169754,303.92
2003-05-19,18.30000027269125,10.128571579498905,1.3000000193715096,78.58571545673269,19.700000196695328,303.82
2003-05-26,27.3000004068017,13.671428775148732,4.700000070035458,75.54285826853344,6.0999999195337296,303.7
2003-06-02,28.200000420212746,18.22857170019831,9.600000143051147,66.57142956342015,2.0999999791383743,303.57
2003-06-09,30.300000451505184,20.057143156017577,11.500000171363354,69.57142960812364,7.600000120699406,303.48
2003-06-16,29.200000435113907,18.22857170019831,8.00000011920929,69.17142960216317,14.100000202655792,303.4
2003-06-23,30.300000451505184,17.557143118764674,6.500000096857548,67.50000100582838,15.999999955296516,303.25
2003-06-30,27.10000040382147,17.985714553722314,7.200000107288361,64.71428667860371,2.5999999046325684,303.1
2003-07-07,21.60000032186508,15.12857165400471,8.00000011920929,78.35714402475527,20.19999972730875,302.97
2003-07-14,28.10000041872263,17.771428836243494,8.50000012665987,61.328572342438356,2.400000095367432,302.88
2003-07-21,33.20000049471855,21.885714611836843,10.000000149011612,54.78571510208504,9.700000047683716,302.75
2003-07-28,27.10000040382147,18.628571706158773,12.300000183284284,79.61428690063101,28.599999964237213,302.63
2003-08-04,33.5000004991889,21.31428603189332,9.80000014603138,61.52857234541859,0.0,302.56
2003-08-11,35.80000053346157,24.942857514534676,13.300000198185444,43.5142863626991,0.0,302.5
2003-08-18,36.10000053793192,20.557143163468158,7.700000114738941,54.928572247070925,4.1999998688697815,302.43
2003-08-25,26.30000039190054,17.900000266730785,7.500000111758709,63.9000009521842,0.3000000119209289,302.28
2003-09-01,26.00000038743019,14.48571450156825,6.500000096857548,72.80000108480453,20.49999976158142,302.32
2003-09-08,23.100000344216824,12.885714477726392,2.600000038743019,74.9857154030885,9.000000238418579,302.18
2003-09-15,20.800000309944156,12.414285899272986,4.500000067055225,80.44285834154913,27.699999809265137,302.14
2003-09-22,28.700000427663326,16.28571452839034,6.800000101327896,64.65714382060936,1.5,302.08
2003-09-29,20.30000030249357,9.528571570558208,1.100000016391277,81.1857154954757,9.700000286102295,302.02
2003-10-06,16.600000247359276,9.385714425572328,3.000000044703484,85.67142984803233,17.699999794363976,301.97
2003-10-13,13.90000020712614,8.085714406200818,-0.800000011920929,82.35714408435992,20.300000190734863,301.95
2003-10-20,9.600000143051147,2.714285754731723,-4.000000059604645,78.6714297437242,0.0,301.9
2003-10-27,5.900000087916851,2.0571428877966746,-7.900000117719173,83.4571441007512,2.8000000715255737,301.88
2003-11-03,12.300000183284284,6.142857234392848,-3.200000047683716,83.60000124573708,14.200000062584877,301.8
2003-11-10,11.60000017285347,4.200000062584877,-1.80000002682209,85.58571556104081,0.0,301.75
2003-11-17,9.100000135600569,2.6857143257345473,-5.200000077486038,89.94285848311016,16.000000171363354,301.7
2003-11-24,13.800000205636024,8.228571551186699,2.7000000402331352,85.51428698854787,0.800000011920929,301.67
2003-12-01,12.600000187754633,6.014285803905556,2.7000000402331352,89.61428704964263,13.100000098347664,301.63
2003-12-08,6.400000095367432,0.828571440918105,-8.100000120699406,86.64285843393633,0.699999988079071,301.61
2003-12-15,10.600000157952309,1.7285714543291502,-8.00000011920929,83.60000124573708,37.80000054836273,301.64
2003-12-22,8.400000125169754,1.9428571718079704,-4.90000007301569,86.51428700344903,7.3999999314546585,301.69
2003-12-29,7.900000117719173,0.9142857279096331,-11.30000016838312,78.62857260022845,2.400000050663948,301.7
2004-01-05,2.1000000312924385,-2.6714286112359593,-9.00000013411045,82.81428694831473,5.599999964237213,301.69
2004-01-12,9.400000140070915,2.9857143302048956,-2.7000000402331352,89.47142990465674,35.00000035762787,301.69
2004-01-19,7.900000117719173,2.414285750261375,-5.000000074505806,81.70000121742487,34.50000047683716,301.86
2004-01-26,3.000000044703484,-2.1428571747882024,-10.000000149011612,79.98571547759431,3.700000084936619,302.05
2004-02-02,10.600000157952309,2.628571467740195,-5.000000074505806,77.44285829684564,21.000000476837158,302.18
2004-02-09,13.800000205636024,7.414285824767181,-0.9000000134110451,73.60000109672546,17.800000429153442,302.36
2004-02-16,6.200000092387199,2.0714286022952626,-4.200000062584877,85.58571556104081,9.700000196695328,302.5
2004-02-23,6.000000089406967,-0.24285714647599627,-4.700000070035458,73.442858237241,0.0,302.77
2004-03-01,3.000000044703484,-2.0285714587994983,-9.400000140070915,75.1000011190772,11.49999988079071,302.56
2004-03-08,4.700000070035458,0.30000000447034825,-5.700000084936619,75.38571540904897,2.999999977648258,303.0
2004-03-15,14.100000210106373,3.31428576367242,-4.500000067055225,80.25714405306748,6.499999940395355,303.01
2004-03-22,20.10000029951334,9.271428709583622,1.100000016391277,73.442858237241,23.09999966621399,303.08
2004-03-29,12.000000178813934,1.9142857428107942,-5.700000084936619,73.37142966474805,1.9999999776482582,303.15
2004-04-05,17.30000025779009,8.114285835197993,-1.80000002682209,69.04285817167589,8.700000002980232,303.2
2004-04-12,11.500000171363354,4.071428632097585,-3.500000052154064,83.18571552527803,8.399999789893627,303.29
2004-04-19,19.80000029504299,9.100000135600567,-0.5000000074505806,66.24285812995264,1.300000011920929,303.33
2004-04-26,22.500000335276127,10.100000150501728,0.1000000014901161,72.97142965878759,9.100000388920307,303.28
2004-05-03,20.800000309944156,12.985714479216508,4.000000059604645,73.71428681271416,18.80000014603138,303.27
2004-05-10,19.60000029206276,9.22857156608786,3.6000000536441803,85.31428698556763,62.19999799877405,303.35
2004-05-17,19.30000028759241,10.842857304428305,2.500000037252903,79.37142975415502,11.099999606609344,303.92
2004-05-24,22.800000339746475,10.685714444943837,0.2000000029802322,72.32857250635114,6.999999828636646,304.2
2004-05-31,22.600000336766243,11.24285731038877,0.6000000089406967,69.10000102967024,1.7000000476837158,304.24
2004-06-07,24.50000036507845,13.700000204145908,6.200000092387199,78.98571546269315,8.699999988079071,304.22
2004-06-14,30.00000044703484,17.42857168827738,6.200000092387199,73.40000109374523,3.600000001490116,304.12
2004-06-21,23.80000035464764,13.028571622712272,3.200000047683716,73.52857252423253,12.199999958276749,303.99
2004-06-28,23.300000347197056,14.542857359562602,6.200000092387199,71.85714392789772,15.099999725818634,303.9
2004-07-05,22.600000336766243,14.185714497097901,7.800000116229057,74.24285824916193,24.59999990463257,303.86
2004-07-12,22.600000336766243,14.142857353602137,6.500000096857548,78.40000116825104,24.300000429153446,303.69
2004-07-19,27.500000409781933,16.614285961857863,7.300000108778477,81.00000120699406,41.4999995008111,303.61
2004-07-26,28.200000420212746,17.985714553722314,9.3000001385808,79.82857261810985,27.899999856948853,303.54
2004-08-02,28.10000041872263,17.414285973778792,7.800000116229057,69.68571532411235,0.0,303.5
2004-08-09,29.000000432133675,21.357143175389087,11.500000171363354,58.81428659068687,0.0,303.45
2004-08-16,29.800000444054604,18.414285988679953,11.30000016838312,73.94285824469158,20.800000309944153,303.31
2004-08-23,26.30000039190054,16.9285716808268,6.000000089406967,74.74285825661251,20.299999810755253,303.25
2004-08-30,21.800000324845318,14.771428791540009,8.800000131130219,85.51428698854787,35.99999988079071,303.2
2004-09-06,25.600000381469727,15.000000223517418,5.500000081956387,74.45714396664074,1.700000025331974,303.12
2004-09-13,25.00000037252903,14.771428791540009,4.400000065565109,68.81428673969847,2.30000002682209,303.06
2004-09-20,22.100000329315662,12.371428755777222,2.3000000342726707,75.5857154120292,1.9999999776482582,302.98
2004-09-27,15.100000225007534,10.000000149011612,6.900000102818012,87.32857272986855,30.49999976158142,302.94
2004-10-04,20.000000298023224,11.500000171363354,5.700000084936619,84.85714412161282,11.599999964237213,302.85
2004-10-11,22.800000339746475,9.21428585158927,2.500000037252903,82.24285836837122,0.800000011920929,302.78
2004-10-18,13.100000195205212,6.371428666370256,-1.3000000193715096,81.20000120997429,1.900000013411045,302.71
2004-10-25,19.30000028759241,10.51428587096078,1.100000016391277,81.60000121593475,12.899999618530273,302.64
2004-11-01,16.800000250339508,8.971428705113274,3.9000000581145287,87.48571558935302,0.8000000193715094,302.53
2004-11-08,12.000000178813934,6.900000102818012,-1.100000016391277,86.18571556998151,1.7000000327825546,302.49
2004-11-15,5.700000084936619,1.700000025331974,-1.80000002682209,90.18571562958616,20.900000527501106,302.37
2004-11-22,9.600000143051147,4.014285774103233,-1.3000000193715096,87.77142987932477,52.10000014305115,302.42
2004-11-29,8.600000128149986,2.271428605275495,-5.000000074505806,88.28571560127395,6.800000049173832,302.54
2004-12-06,5.000000074505806,1.4714285933545657,-2.600000038743019,92.42857280586448,0.0,302.65
2004-12-13,4.700000070035458,-1.3571428773658616,-7.200000107288361,89.81428705262286,0.0,302.72
2004-12-20,5.000000074505806,-1.3000000193715096,-8.800000131130219,87.44285844585725,18.799999624490738,302.71
2004-12-27,8.50000012665987,0.5571428654449326,-10.600000157952309,88.214287028781,8.399999998509884,302.67
2005-01-03,8.00000011920929,2.385714321264199,-2.500000037252903,85.67142984803233,10.899999774992466,302.65
2005-01-10,11.000000163912771,5.900000087916851,2.7000000402331352,78.72857260171857,3.4999999552965164,302.78
2005-01-17,8.50000012665987,2.0285714587994983,-5.700000084936619,85.4714298450521,6.799999892711639,302.83
2005-01-24,8.00000011920929,1.771428597824914,-3.700000055134296,85.75714413502386,39.09999942779541,303.0
2005-01-31,2.800000041723252,-4.271428635077817,-12.600000187754633,86.97142986740384,12.499999769032001,303.14
2005-02-07,4.000000059604645,-0.6428571524364608,-8.400000125169754,81.25714406796864,3.700000107288361,303.42
2005-02-14,10.80000016093254,1.2428571613771575,-7.000000104308128,86.87142986591373,39.10000002384186,303.77
2005-02-21,2.200000032782554,-2.1428571747882024,-6.200000092387199,82.9714298077992,7.100000061094761,304.15
2005-02-28,0.4000000059604645,-5.128571504993098,-18.30000027269125,82.0285726508924,8.299999959766865,304.42
2005-03-07,1.700000025331974,-4.228571491582053,-12.10000018030405,67.94285815528461,1.1000000014901161,304.46
2005-03-14,5.700000084936619,0.9000000134110451,-5.000000074505806,81.44285835645029,21.4000004529953,304.47
2005-03-21,18.30000027269125,7.728571543736117,-3.400000050663948,69.65714389511517,2.1999999284744263,304.88
2005-03-28,16.600000247359276,8.414285839668342,-2.200000032782554,83.44285838625261,11.600000336766243,305.07
2005-04-04,19.000000283122063,7.428571539265769,-3.200000047683716,62.185715212353635,0.699999988079071,304.98
2005-04-11,14.500000216066836,6.657142956342016,-2.1000000312924385,78.81428688871009,19.09999990463257,305.15
2005-04-18,20.10000029951334,11.157143023397241,1.3000000193715096,74.48571539563792,7.700000002980232,305.08
2005-04-25,16.600000247359276,7.928571546716349,-2.600000038743019,67.34285814634391,39.59999990463257,305.0
2005-05-02,26.700000397861004,12.642857331250395,1.100000016391277,77.32857258085694,9.500000238418579,304.95
2005-05-09,21.60000032186508,8.814285845628806,1.100000016391277,80.1285726225802,24.399999737739563,304.94
2005-05-16,16.600000247359276,8.35714298167399,-0.4000000059604645,75.2142868350659,35.499999202787876,304.83
2005-05-23,20.800000309944156,10.857143018926893,-1.0000000149011612,78.78571545971292,12.200000144541264,304.78
2005-05-30,31.500000469386578,17.942857410226548,5.900000087916851,69.40000103414059,16.399999976158142,304.74
2005-06-06,25.80000038444996,12.585714473256044,4.200000062584877,77.17142972137246,17.800000056624413,304.63
2005-06-13,18.80000028014183,10.042857292507376,2.3000000342726707,71.90000107139349,4.4000000059604645,304.61
2005-06-20,27.80000041425228,17.242857399795735,5.000000074505806,70.35714390554598,1.199999988079071,304.49
2005-06-27,30.800000458955765,19.51428600507123,9.00000013411045,71.22857248995986,18.899999238550663,304.37
2005-07-04,28.10000041872263,17.2857145432915,9.400000140070915,79.55714404263666,38.400001004338264,304.24
2005-07-11,25.600000381469727,15.114285939506122,6.500000096857548,77.04285829088518,14.599999547004698,304.16
2005-07-18,29.300000436604023,19.52857171956982,9.3000001385808,67.94285815528461,2.900000035762787,304.11
2005-07-25,24.100000359117985,15.457143087472234,8.900000132620335,75.85714398750237,13.399999648332596,303.98
2005-08-01,31.20000046491623,19.242857429598057,10.500000156462193,74.58571539712804,23.000000074505806,303.87
2005-08-08,21.800000324845318,13.642857346151557,7.200000107288361,78.97142974819455,25.900000132620335,303.79
2005-08-15,23.100000344216824,13.700000204145908,7.200000107288361,82.0142869363938,14.70000045746565,303.68
2005-08-22,26.700000397861004,17.242857399795735,8.800000131130219,81.10000120848417,15.900000095367432,303.62
2005-08-29,27.10000040382147,14.771428791540009,5.700000084936619,77.62857258532729,4.500000096857548,303.55
2005-09-05,29.800000444054604,18.542857419167245,8.50000012665987,73.51428680973393,8.5,303.42
2005-09-12,29.50000043958425,17.71428597824914,8.100000120699406,77.41428686784846,22.399999976158142,303.35
2005-09-19,20.30000030249357,11.614285887352057,1.100000016391277,80.74285834601947,13.000000096857548,303.33
2005-09-26,22.30000033229589,11.900000177323818,1.3000000193715096,79.12857260767903,10.599999904632568,303.28
2005-10-03,18.0000002682209,11.000000163912773,6.200000092387199,85.80000127851963,21.49999976158142,303.19
2005-10-10,19.10000028461218,12.500000186264515,5.4000000804662704,85.91428699450833,0.0,303.15
2005-10-17,18.50000027567148,8.200000122189522,0.2000000029802322,80.98571549249547,0.0,303.06
2005-10-24,17.30000025779009,10.08571443600314,-2.3000000342726707,83.24285838327238,15.900000154972076,303.02
2005-10-31,19.30000028759241,10.914285876921245,3.6000000536441803,84.60000126063824,0.4000000059604645,302.93
2005-11-07,16.100000239908695,8.700000129640102,0.9000000134110451,90.34285848907062,11.900000184774399,302.81
2005-11-14,13.800000205636024,6.400000095367432,0.800000011920929,87.71428702133042,0.2000000029802322,302.83
2005-11-21,6.200000092387199,2.0857143167938506,-2.800000041723252,90.68571563703674,30.70000022649765,302.72
2005-11-28,2.600000038743019,-0.22857143197740828,-3.700000055134296,85.02857269559588,7.199999876320362,302.83
2005-12-05,6.800000101327896,1.3571428773658616,-5.4000000804662704,85.02857269559588,12.600000143051147,302.8
2005-12-12,5.200000077486038,0.9857143004025731,-5.200000077486038,91.90000136941671,1.1000000014901161,302.79
2005-12-19,6.900000102818012,1.2857143048729216,-3.200000047683716,89.81428705262286,29.000000335276127,302.88
2005-12-26,5.700000084936619,2.1428571747882024,-3.9000000581145287,91.12857278649297,15.000000059604645,303.0
2006-01-02,4.000000059604645,-1.9142857428107942,-6.70000009983778,87.91428702431065,7.200000166893005,303.25
2006-01-09,1.0000000149011612,-1.4571428788559777,-8.300000123679638,91.18571564448732,0.400000013411045,303.35
2006-01-16,2.500000037252903,-3.9000000581145287,-11.500000171363354,87.11428701238972,2.900000095367432,303.48
2006-01-23,4.700000070035458,-1.58571430934327,-12.500000186264517,88.00000131130219,17.59999978542328,303.51
2006-01-30,0.2000000029802322,-7.05714296230248,-14.100000210106373,79.07142974968467,2.700000047683716,303.65
2006-02-06,1.700000025331974,-3.8142857711230005,-13.100000195205212,89.12857275669064,2.600000023841858,303.67
2006-02-13,3.500000052154064,-1.0142857293997494,-9.80000014603138,88.44285846075842,20.3999999538064,303.67
2006-02-20,6.70000009983778,2.0142857443009103,-10.600000157952309,88.07142988379512,19.200000166893005,303.81
2006-02-27,1.5000000223517418,-2.2428571762783185,-9.500000141561031,82.71428694682461,2.3000000342726707,304.02
2006-03-06,2.200000032782554,-2.1285714602896144,-8.800000131130219,83.98571553719896,13.200000122189522,304.14
2006-03-13,6.500000096857548,-2.0857143167938506,-12.500000186264517,85.128572697086,30.00000038743019,304.25
2006-03-20,8.300000123679638,-1.2000000178813934,-11.400000169873238,81.75714407541922,0.3000000044703483,304.56
2006-03-27,17.50000026077032,4.800000071525574,-6.200000092387199,77.51428686933858,28.500000476837158,304.68
2006-04-03,14.40000021457672,8.300000123679638,0.6000000089406967,81.1714297809771,27.199999913573265,305.05
2006-04-10,13.600000202655792,4.485714352556637,-2.7000000402331352,66.01428669797522,1.6000000312924385,305.8
2006-04-17,13.300000198185444,6.614285812846252,-0.9000000134110451,82.30000122636557,19.10000029206276,305.74
2006-04-24,20.800000309944156,9.671428715544087,1.3000000193715096,74.21428682016474,6.6999999061226845,305.56
2006-05-01,22.100000329315662,8.85714298912457,0.2000000029802322,80.77142977501664,13.499999918043613,305.42
2006-05-08,23.80000035464764,14.11428592460496,4.000000059604645,56.857143704380306,0.0,305.14
2006-05-15,23.600000351667404,13.014285908213683,2.600000038743019,68.17142958726201,12.499999597668646,305.0
2006-05-22,21.800000324845318,13.057143051709447,7.000000104308128,78.85714403220585,37.99999971687794,304.84
2006-05-29,17.00000025331974,10.900000162422657,2.7000000402331352,78.40000116825104,39.50000086426735,304.97
2006-06-05,15.300000227987766,8.400000125169754,3.400000050663948,80.1285726225802,11.999999761581421,305.05
2006-06-12,26.700000397861004,14.642857361052718,3.9000000581145287,65.82857240949359,0.0,305.01
2006-06-19,29.800000444054604,18.88571456713336,7.200000107288361,71.57142963792596,7.699999883770943,304.98
2006-06-26,29.800000444054604,18.500000275671482,6.900000102818012,71.14285820296833,32.000000953674316,304.86
2006-07-03,26.30000039190054,17.771428836243494,9.400000140070915,70.72857248250928,0.1000000014901161,304.62
2006-07-10,31.000000461936,20.3857145894851,11.800000175833702,75.4571439815419,40.299998857080936,304.48
2006-07-17,30.00000044703484,19.128571713609354,8.100000120699406,69.28571531815189,7.700000047683716,304.37
2006-07-24,34.20000050961971,22.657143194760597,10.500000156462193,61.942858065877644,1.1000000014901161,304.27
2006-07-31,33.80000050365925,21.542857463870728,12.10000018030405,72.2428582193596,27.09999905526638,304.2
2006-08-07,23.100000344216824,15.900000236928463,10.000000149011612,80.80000120401382,26.700000047683716,304.01
2006-08-14,20.30000030249357,13.728571633143085,7.300000108778477,78.6714297437242,16.300000324845314,303.89
2006-08-21,25.100000374019142,15.871428807931286,9.900000147521496,81.85714407690934,21.40000021457672,303.75
2006-08-28,22.600000336766243,14.014285923114844,9.3000001385808,85.07142983909164,28.600000381469727,303.66
2006-09-04,24.300000362098217,15.657143090452466,8.100000120699406,77.31428686635834,13.799999788403511,303.58
2006-09-11,26.30000039190054,15.514285945466586,4.200000062584877,74.48571539563792,0.0,303.49
2006-09-18,26.80000039935112,17.357143115784442,8.100000120699406,73.3142868067537,0.2000000029802322,303.45
2006-09-25,26.100000388920307,14.857143078531537,5.900000087916851,73.02857251678195,0.1000000014901161,303.34
2006-10-02,21.300000317394733,14.614285932055541,8.800000131130219,84.157144111182,8.400000303983688,303.15
2006-10-09,17.600000262260437,11.142857308898654,2.800000041723252,85.38571555806058,12.599999904632568,303.09
2006-10-16,19.60000029206276,10.785714446433953,2.3000000342726707,86.5571441469448,0.5,302.98
2006-10-23,17.80000026524067,10.857143018926893,0.2000000029802322,82.45714408585003,11.699999928474426,302.82
2006-10-30,21.000000312924385,12.500000186264515,5.700000084936619,80.91428692000252,7.700000144541264,302.79
2006-11-06,13.100000195205212,5.5285715109535625,-4.500000067055225,80.25714405306748,9.800000071525574,302.68
2006-11-13,11.60000017285347,6.185714377888611,1.3000000193715096,81.58571550143617,26.600000023841858,302.65
2006-11-20,17.100000254809856,9.357142996575151,2.500000037252903,82.64285837433168,11.600000098347664,302.6
2006-11-27,13.500000201165676,7.3571429667728285,-0.2000000029802322,85.74285842052528,12.699999816715717,302.57
2006-12-04,10.900000162422655,5.757142942930971,0.2000000029802322,89.0571441841977,6.30000014603138,302.55
2006-12-11,13.300000198185444,6.871428673820836,-1.100000016391277,80.54285834303924,13.299999885261059,302.49
2006-12-18,8.50000012665987,4.242857206080641,-0.5000000074505806,85.14285841158458,4.4000000059604645,302.45
2006-12-25,5.200000077486038,2.0142857443009103,-1.700000025331974,91.27142993147883,0.4000000059604645,302.41
2007-01-01,10.900000162422655,2.0571428877966746,-5.500000081956387,86.04285842499563,13.000000096857548,302.4
2007-01-08,9.400000140070915,5.857142944421087,0.5000000074505806,84.44285840115377,16.79999989271164,302.38
2007-01-15,12.90000019222498,7.185714392789772,-2.200000032782554,77.87142973180327,15.900000251829624,302.43
2007-01-22,12.800000190734863,6.357142951871667,-4.000000059604645,79.1571440366762,37.79999899864197,302.44
2007-01-29,6.000000089406967,-1.9857143153037344,-12.4000001847744,81.47142978544746,12.299999833106995,302.74
2007-02-05,9.00000013411045,4.485714352556637,-2.200000032782554,83.51428695874554,3.500000014901161,302.9
2007-02-12,7.500000111758709,1.528571451348918,-2.800000041723252,90.37142991806779,24.699999764561653,303.1
2007-02-19,8.800000131130219,3.6571429116385326,-2.3000000342726707,82.3714297988585,11.000000298023224,303.49
2007-02-26,11.400000169873238,5.1142857904945105,-1.600000023841858,85.45714413055352,11.300000190734863,303.69
2007-03-05,11.60000017285347,5.500000081956387,-0.2000000029802322,80.20000119507313,25.40000043064356,303.92
2007-03-12,16.50000024586916,5.485714367457798,-1.100000016391277,78.54285831323692,4.900000095367432,304.1
2007-03-19,16.300000242888927,5.5285715109535625,-2.7000000402331352,76.11428684847695,10.200000002980232,304.28
2007-03-26,13.90000020712614,3.7428571986300603,-3.200000047683716,79.82857261810985,30.60000056028366,304.37
2007-04-02,16.300000242888927,8.385714410671167,-1.100000016391277,61.05714376696518,1.600000023841858,304.77
2007-04-09,16.300000242888927,6.157142948891435,-4.000000059604645,71.97142964388642,2.5,304.85
2007-04-16,25.300000376999375,12.585714473256044,0.2000000029802322,64.30000095814466,0.0,304.75
2007-04-23,22.600000336766243,9.142857279096331,-3.200000047683716,61.60000091791153,2.900000095367432,304.64
2007-04-30,25.300000376999375,13.98571449411767,1.5000000223517418,62.21428664135082,0.0,304.52
2007-05-07,22.500000335276127,12.057143036808286,-1.100000016391277,54.61428652810199,17.399999238550663,304.48
2007-05-14,20.30000030249357,12.657143045748983,6.400000095367432,76.40000113844872,38.09999883174896,304.4
2007-05-21,28.60000042617321,12.757143047239099,0.800000011920929,75.05714397558144,8.49999988079071,304.18
2007-05-28,28.300000421702865,17.78571455074208,10.30000015348196,80.2428583385689,52.40000057220459,304.05
2007-06-04,21.300000317394733,13.40000019967556,3.200000047683716,77.15714400687388,24.999999620020393,304.1
2007-06-11,29.200000435113907,19.214286000600882,10.600000157952309,75.95714398899248,7.100000001490116,304.09
2007-06-18,26.600000396370888,17.971428839223726,10.100000150501728,74.44285825214216,25.299999676644802,303.99
2007-06-25,28.300000421702865,16.957143109823978,11.30000016838312,79.14285832217762,33.59999978542328,303.9
2007-07-02,24.100000359117985,14.271428784089428,7.000000104308128,74.92857254509416,15.0,303.79
2007-07-09,23.100000344216824,14.25714306959084,7.900000117719173,76.71428685741765,14.100000239908695,303.69
2007-07-16,33.5000004991889,18.38571455968278,7.500000111758709,71.72857249741044,3.800000011920929,303.62
2007-07-23,28.000000417232517,18.17142884220396,9.00000013411045,75.50000112503767,57.500001825392246,303.47
2007-07-30,25.300000376999375,15.77142880644117,8.50000012665987,74.78571540010827,34.89999967813492,303.42
2007-08-06,28.80000042915344,15.357143085982118,5.700000084936619,71.21428677546126,2.200000047683716,303.41
2007-08-13,23.500000350177288,16.41428595887763,9.00000013411045,85.52857270304646,45.30000019073486,303.43
2007-08-20,25.80000038444996,16.457143102373397,8.50000012665987,74.95714397409132,7.500000178813934,303.62
2007-08-27,25.600000381469727,16.228571670395986,8.600000128149986,80.85714406200817,11.099999606609343,303.6
2007-09-03,18.6000002771616,13.028571622712272,3.700000055134296,77.1428582923753,14.99999964237213,303.53
2007-09-10,17.30000025779009,11.514285885861941,5.200000077486038,83.74285839072296,15.90000031143427,303.49
2007-09-17,21.50000032037497,12.371428755777222,2.7000000402331352,79.67142975862537,10.199999570846558,303.45
2007-09-24,23.100000344216824,11.614285887352057,2.800000041723252,78.75714403071574,11.400000013411045,303.38
2007-10-01,18.80000028014183,10.785714446433953,3.700000055134296,86.80000129342079,85.30000185966492,303.82
2007-10-08,20.60000030696392,11.042857307408537,2.200000032782554,87.1428584413869,0.0,304.08
2007-10-15,16.800000250339508,8.28571440918105,0.2000000029802322,83.62857267473426,0.1000000014901161,304.33
2007-10-22,17.100000254809856,6.028571518404143,-2.200000032782554,82.67142980332885,9.800000220537186,304.3
2007-10-29,9.900000147521496,5.2428572209818025,0.4000000059604645,86.51428700344903,2.3999999538064003,304.25
2007-11-05,12.10000018030405,6.385714380868843,-0.4000000059604645,91.05714421400002,7.300000227987766,304.31
2007-11-12,9.100000135600569,4.485714352556637,1.100000016391277,86.38571557296174,54.39999961853027,304.36
2007-11-19,4.700000070035458,1.1000000163912773,-4.500000067055225,90.32857277457204,6.499999940395355,304.52
2007-11-26,7.500000111758709,3.0142857592020715,-1.600000023841858,85.7142869915281,13.999999821186066,304.64
2007-12-03,8.50000012665987,3.371428621666772,-2.7000000402331352,86.65714414843491,20.900000274181366,305.21
2007-12-10,11.400000169873238,5.814285800925323,2.200000032782554,84.18571554017919,26.500000417232513,305.3
2007-12-17,4.000000059604645,0.38571429146187647,-3.6000000536441803,83.2285726687738,2.2999999076128006,305.41
2007-12-24,0.800000011920929,-3.6571429116385326,-8.300000123679638,90.08571562809604,3.8999999538064003,305.34
2007-12-31,3.500000052154064,0.14285714498588015,-4.90000007301569,89.5428584771497,5.700000055134296,305.21
2008-01-07,6.800000101327896,0.12857143048729222,-4.000000059604645,85.08571555359023,11.699999749660492,305.03
2008-01-14,10.30000015348196,3.442857194159712,-2.3000000342726707,82.11428693788392,1.500000037252903,304.94
2008-01-21,12.500000186264517,7.6142858277474135,1.80000002682209,82.21428693937403,26.099999822676182,304.9
2008-01-28,8.300000123679638,4.371428636567933,-1.80000002682209,79.78571547461408,7.800000190734863,304.87
2008-02-04,5.200000077486038,1.3142857338700975,-4.200000062584877,82.44285837135145,6.6000001430511475,305.08
2008-02-11,12.000000178813934,3.500000052154064,-2.7000000402331352,80.42857262705054,7.1000001430511475,304.96
2008-02-18,5.500000081956387,-1.0285714438983373,-8.50000012665987,79.07142974968467,0.1000000014901161,304.9
2008-02-25,14.600000217556952,5.385714365967682,-4.000000059604645,82.22857265387263,5.80000002682209,304.78
2008-03-03,12.800000190734863,6.371428666370256,-1.100000016391277,76.22857256446567,26.899999737739563,304.72
2008-03-10,12.000000178813934,3.7857143421258246,-3.700000055134296,71.62857249592032,1.5999999791383743,304.73
2008-03-17,11.60000017285347,5.571428654449327,-2.200000032782554,77.08571543438094,25.399999767541885,304.75
2008-03-24,5.4000000804662704,0.10000000149011619,-7.800000116229057,85.45714413055352,36.1000000089407,305.22
2008-03-31,18.30000027269125,5.071428646998746,-2.800000041723252,71.31428677695138,5.100000061094761,305.67
2008-04-07,15.400000229477882,5.000000074505806,0.2000000029802322,83.95714410820177,25.40000021457672,305.8
2008-04-14,13.40000019967556,5.485714367457798,-1.0000000149011612,81.95714407839945,21.999999791383743,306.05
2008-04-21,13.600000202655792,5.814285800925323,-2.7000000402331352,75.4571439815419,0.2000000029802322,306.03
2008-04-28,21.1000003144145,10.171428722994667,1.100000016391277,73.05714394577912,17.700000405311584,305.99
2008-05-05,17.80000026524067,9.785714431532792,1.80000002682209,74.97142968858991,7.90000007301569,305.63
2008-05-12,22.600000336766243,14.185714497097901,3.700000055134296,61.24285805544683,0.0,305.44
2008-05-19,22.800000339746475,13.371428770678383,5.500000081956387,76.21428684996707,6.699999988079071,305.14
2008-05-26,21.60000032186508,13.085714480706624,4.400000065565109,70.91428677099091,3.8000000789761543,304.93
2008-06-02,29.200000435113907,19.01428599762065,11.60000017285347,77.58571544183152,7.39999982714653,304.72
2008-06-09,26.700000397861004,17.614285976759025,8.600000128149986,69.65714389511517,2.1999999284744263,304.46
2008-06-16,27.200000405311584,13.014285908213683,5.500000081956387,72.82857251380172,23.899999536573887,304.33
2008-06-23,29.60000044107437,16.685714534350804,3.500000052154064,66.42857241843429,10.699999883770943,304.18
2008-06-30,25.80000038444996,17.15714311280421,9.500000141561031,69.70000103861094,12.600000023841858,304.1
2008-07-07,31.80000047385693,18.842857423637593,8.00000011920929,63.28571522874491,1.9000000208616257,303.89
2008-07-14,27.10000040382147,15.800000235438347,6.500000096857548,75.37142969455037,12.099999763071537,303.63
2008-07-21,25.600000381469727,14.657143075551305,6.70000009983778,79.35714403965643,22.900000549852848,303.6
2008-07-28,31.100000463426117,19.52857171956982,7.700000114738941,64.6285723916122,0.6000000238418579,303.51
2008-08-04,30.500000454485416,20.614286021462508,11.900000177323818,67.10000099986792,21.199999906122684,303.41
2008-08-11,31.80000047385693,18.0000002682209,9.400000140070915,68.88571531219142,12.799999825656414,303.32
2008-08-18,24.00000035762787,16.28571452839034,6.000000089406967,68.21428673075778,1.5000000521540642,303.22
2008-08-25,23.80000035464764,15.742857377443995,10.900000162422655,76.7857154299106,23.79999933391809,303.11
2008-09-01,26.200000390410423,16.87142882283245,8.50000012665987,75.2142868350659,2.0999999791383743,302.92
2008-09-08,23.100000344216824,15.385714514979295,9.00000013411045,76.95714400389365,10.099999964237213,302.79
2008-09-15,26.00000038743019,13.828571634633201,3.9000000581145287,73.02857251678195,3.400000095367432,302.7
2008-09-22,15.400000229477882,8.71428584413869,-0.9000000134110451,73.90000110119581,6.5,302.64
2008-09-29,17.80000026524067,9.514285856059619,2.500000037252903,87.41428701686007,11.399999976158142,302.62
2008-10-06,13.800000205636024,8.771428702133042,2.7000000402331352,82.72857266132321,39.9999994635582,302.6
2008-10-13,19.500000290572643,11.785714461335115,6.400000095367432,88.48571560425418,0.2000000029802322,302.55
2008-10-20,15.900000236928465,8.72857155863728,0.4000000059604645,84.95714412310294,8.89999994635582,302.49
2008-10-27,18.100000269711018,7.428571539265769,-1.700000025331974,87.11428701238972,23.000000193715096,302.45
2008-11-03,10.600000157952309,4.3142857785735815,-0.5000000074505806,94.02857282970633,11.999999910593033,302.43
2008-11-10,14.100000210106373,8.42857155416693,1.100000016391277,89.95714419760874,3.9999999552965164,302.4
2008-11-17,13.800000205636024,6.142857234392848,-1.600000023841858,83.37142981375966,1.5999999567866325,302.34
2008-11-24,8.900000132620335,2.1857143182839667,-4.90000007301569,85.82857270751681,35.100000597536564,302.31
2008-12-01,4.000000059604645,-0.4142857204590525,-5.4000000804662704,90.34285848907062,5.699999921023846,302.33
2008-12-08,5.200000077486038,2.1142857457910265,-3.500000052154064,90.02857277010169,24.399999976158142,302.35
2008-12-15,3.000000044703484,0.10000000149011612,-2.600000038743019,92.22857280288424,4.000000007450581,302.5
2008-12-22,8.00000011920929,2.728571469230311,-1.100000016391277,90.65714420803955,12.999999821186066,302.62
2008-12-29,5.4000000804662704,-0.814285726419517,-7.800000116229057,84.45714411565235,1.6000000536441803,302.77
2009-01-05,0.2000000029802322,-5.000000074505806,-12.10000018030405,87.22857272837844,2.1999999955296516,302.71
2009-01-12,-0.6000000089406967,-10.3714287259749,-20.800000309944156,77.7285725868174,0.1000000014901161,302.64
2009-01-19,6.500000096857548,-1.2714285903743334,-10.500000156462193,84.642858404134,10.999999940395355,302.69
2009-01-26,6.200000092387199,0.5714285799435206,-5.200000077486038,87.78571559382337,19.50000039488077,302.73
2009-02-02,2.0000000298023224,-1.4857143078531538,-4.200000062584877,85.41428698705775,1.1999999955296516,302.79
2009-02-09,6.500000096857548,0.38571429146187647,-4.500000067055225,88.78571560872453,10.399999812245369,302.85
2009-02-16,5.500000081956387,-1.2714285903743334,-10.400000154972076,87.70000130683184,29.19999983906746,303.0
2009-02-23,4.200000062584877,-0.814285726419517,-11.400000169873238,87.6142870198403,18.50000023841858,303.21
2009-03-02,7.500000111758709,3.985714345106057,-2.800000041723252,88.52857274774995,11.999999813735485,303.63
2009-03-09,9.600000143051147,3.057142902697836,-1.80000002682209,87.27142987187419,18.199999570846558,304.12
2009-03-16,10.30000015348196,4.642857212041106,0.4000000059604645,86.68571557743209,23.799999713897705,304.51
2009-03-23,10.000000149011612,3.271428620176656,-5.500000081956387,70.17142961706433,6.8000001311302185,304.88
2009-03-30,9.900000147521496,3.4857143376554762,-3.6000000536441803,82.30000122636557,20.40000021457672,304.93
2009-04-06,22.000000327825543,9.842857289527144,-2.7000000402331352,71.35714392044714,0.800000011920929,304.98
2009-04-13,22.800000339746475,13.357143056179796,3.6000000536441803,66.92857242588487,0.0,304.95
2009-04-20,21.300000317394733,10.900000162422657,3.200000047683716,76.38571542395013,21.999999821186066,304.79
2009-04-27,21.1000003144145,10.742857302938189,1.3000000193715096,67.97142958428178,1.100000023841858,304.7
2009-05-04,20.30000030249357,10.585714443453721,2.7000000402331352,83.41428695725543,17.999999977648258,304.52
2009-05-11,20.10000029951334,11.485714456864766,1.80000002682209,80.41428691255194,29.299999952316284,304.46
2009-05-18,24.300000362098217,13.000000193715096,5.200000077486038,72.1142867888723,22.899999290704727,304.35
2009-05-25,25.80000038444996,15.985714523919992,5.200000077486038,71.60000106692314,7.399999983608723,304.19
2009-06-01,25.00000037252903,13.61428591715438,3.6000000536441803,73.0857153747763,13.200000196695328,304.15
2009-06-08,23.000000342726707,11.000000163912773,3.700000055134296,71.78571535540479,5.299999937415123,304.06
2009-06-15,23.80000035464764,13.557143059160028,3.400000050663948,77.51428686933858,35.8999999165535,304.0
2009-06-22,22.100000329315662,13.214285911193915,5.200000077486038,79.85714404710701,17.09999978542328,303.88
2009-06-29,25.600000381469727,17.50000026077032,8.900000132620335,76.64285828492471,2.099999964237213,303.78
2009-07-06,28.10000041872263,20.128571728510515,11.900000177323818,73.85714395770005,7.600000001490116,303.7
2009-07-13,24.300000362098217,14.542857359562602,9.400000140070915,82.44285837135145,46.79999981075525,303.57
2009-07-20,26.600000396370888,17.400000259280205,10.500000156462193,77.62857258532729,16.8000004068017,303.5
2009-07-27,27.3000004068017,17.95714312472514,8.600000128149986,74.64285825512239,53.39999993145466,303.46
2009-08-03,25.50000037997961,16.885714537331037,7.900000117719173,68.90000102669,4.499999977648258,303.42
2009-08-10,28.50000042468309,18.400000274181366,7.700000114738941,71.34285820594856,23.900000393390656,303.32
2009-08-17,29.60000044107437,17.742857407246316,9.00000013411045,77.22857257936683,7.299999937415123,303.2
2009-08-24,32.70000048726797,17.942857410226548,8.00000011920929,70.04285818657705,15.0,303.14
2009-08-31,27.200000405311584,16.58571453286069,5.4000000804662704,71.51428677993161,4.5,303.02
2009-09-07,29.50000043958425,14.757143077041421,6.200000092387199,75.5714296975306,14.49999988079071,302.88
2009-09-14,25.300000376999375,13.75714306214026,7.500000111758709,79.68571547312396,33.39999961853027,302.83
2009-09-21,22.600000336766243,14.84285736403295,7.000000104308128,84.74285840562412,4.599999904632568,302.77
2009-09-28,22.000000327825543,12.54285732976028,5.000000074505806,85.90000128000975,1.4999999776482582,302.73
2009-10-05,15.800000235438349,10.942857305918421,4.700000070035458,86.38571557296174,21.199999451637268,302.65
2009-10-12,21.300000317394733,11.642857316349234,3.400000050663948,87.15714415588549,32.60000014305115,302.65
2009-10-19,9.500000141561031,3.4571429086583003,-2.200000032782554,84.90000126510859,12.399999625980852,302.64
2009-10-26,14.600000217556952,6.1714286633900235,-3.200000047683716,88.12857274178948,4.900000095367432,302.64
2009-11-02,12.600000187754633,6.900000102818012,0.2000000029802322,91.0857156429972,10.699999988079071,302.61
2009-11-09,9.500000141561031,5.985714374908379,3.200000047683716,87.15714415588549,21.1999998614192,302.59
2009-11-16,12.500000186264517,6.857142959322248,1.700000025331974,89.82857276712146,13.600000254809856,302.62
2009-11-23,13.500000201165676,8.585714413651399,2.7000000402331352,81.98571550739663,21.10000076889992,302.69
2009-11-30,12.4000001847744,7.828571545226233,1.3000000193715096,76.58571542693036,20.800000190734863,302.83
2009-12-07,9.00000013411045,3.7714286276272366,-1.80000002682209,88.91428703921181,16.600000143051147,303.02
2009-12-14,7.800000116229057,2.0714286022952626,-3.6000000536441803,87.88571559531348,27.899999983608723,303.2
2009-12-21,-0.2000000029802322,-7.471428682761533,-18.0000002682209,84.21428696917636,5.499999977648258,303.71
2009-12-28,7.400000110268593,1.1857143033828055,-3.1000000461936,88.15714417078665,17.000000230968,303.98
2010-01-04,5.000000074505806,-2.457142893757139,-14.900000222027302,94.31428711967808,46.40000031143427,304.19
2010-01-11,-3.400000050663948,-7.671428685741765,-17.50000026077032,87.58571559084314,9.50000000745058,304.57
2010-01-18,3.6000000536441803,-2.7000000402331352,-12.10000018030405,89.32857275967088,8.599999956786633,304.58
2010-01-25,2.200000032782554,-3.0857143316950117,-6.70000009983778,92.37142994787011,4.599999964237213,304.56
2010-02-01,1.100000016391277,-4.342857207570757,-17.80000026524067,85.62857270453658,17.299999952316284,304.616
2010-02-08,3.700000055134296,-1.7285714543291502,-8.400000125169754,89.85714419611863,7.600000098347664,304.672
2010-02-15,-2.200000032782554,-5.971428660409791,-12.000000178813934,85.61428699003798,8.89999983459711,304.728
2010-02-22,7.000000104308128,-0.9714285859039852,-14.100000210106373,82.75714409032038,3.9999999329447746,304.784
2010-03-01,11.900000177323818,4.742857213531222,-0.4000000059604645,80.65714405902794,23.200000047683716,304.84
2010-03-08,5.4000000804662704,-2.514285751751491,-13.600000202655792,75.25714397856167,7.399999916553497,305.68
2010-03-15,5.200000077486038,-0.12857143048729217,-10.000000149011612,76.15714399197272,10.200000137090683,305.64
2010-03-22,15.800000235438349,7.942857261214938,-0.5000000074505806,75.62857255552497,11.599999725818634,305.53
2010-03-29,20.000000298023224,8.528571555657047,0.5000000074505806,78.17142973627362,16.89999981224537,305.55
2010-04-05,17.600000262260437,6.500000096857548,-2.7000000402331352,72.65714393981865,12.600000098347664,305.54
2010-04-12,17.80000026524067,7.185714392789772,1.0000000149011612,72.18571536136525,4.600000023841858,305.7
2010-04-19,19.10000028461218,7.485714397260121,-2.7000000402331352,69.15714388766459,3.0,305.49
2010-04-26,22.500000335276127,8.57142869915281,-3.200000047683716,60.62857233200754,2.399999976158142,305.23
2010-05-03,23.80000035464764,12.214285896292754,2.200000032782554,70.4571439070361,3.999999985098839,304.96
2010-05-10,14.600000217556952,7.314285823277065,-0.1000000014901161,81.61428693043334,19.099999502301216,304.81
2010-05-17,15.600000232458116,7.900000117719173,1.0000000149011612,79.85714404710701,9.999999798834324,304.68
2010-05-24,23.80000035464764,11.928571606320995,5.4000000804662704,78.47142974074397,36.59999921917915,304.6
2010-05-31,19.30000028759241,12.057143036808286,4.000000059604645,80.20000119507313,15.300000160932541,304.48
2010-06-07,27.500000409781933,15.742857377443995,6.200000092387199,69.7428581821067,4.200000047683716,304.38
2010-06-14,28.10000041872263,17.028571682316915,7.900000117719173,75.27142969306026,22.40000031143427,304.23
2010-06-21,21.300000317394733,12.557143044258867,4.200000062584877,70.37142962004457,3.800000011920929,304.09
2010-06-28,28.50000042468309,16.800000250339508,2.200000032782554,65.60000097751617,0.0,303.98
2010-07-05,32.70000048726797,21.428571747882025,12.800000190734863,67.25714385935238,9.000000238418579,303.91
2010-07-12,34.00000050663948,21.90000032633543,7.700000114738941,62.32857235733952,15.100000381469728,303.72
2010-07-19,31.300000466406345,19.72857172255005,8.50000012665987,69.35714389064482,16.700000286102295,303.71
2010-07-26,32.20000047981739,18.14285741320678,6.500000096857548,71.82857249890056,15.499999940395355,303.58
2010-08-02,27.000000402331352,16.942857395325387,9.100000135600569,77.42857258234706,6.899999834597111,303.51
2010-08-09,24.100000359117985,15.757143091942583,8.600000128149986,82.47142980034862,27.39999983459711,303.47
2010-08-16,25.100000374019142,16.50000024586916,11.000000163912771,83.60000124573708,47.49999940395355,303.48
2010-08-23,28.300000421702865,17.100000254809856,8.50000012665987,82.84285837731191,39.09999942779541,303.53
2010-08-30,21.1000003144145,14.071428781109196,6.500000096857548,81.67142978842769,41.10000026226044,303.63
2010-09-06,17.30000025779009,11.81428589033229,4.000000059604645,81.00000120699406,0.8999999761581421,303.69
2010-09-13,21.800000324845318,13.700000204145908,5.500000081956387,84.12857268218484,19.100000336766243,303.81
2010-09-20,18.0000002682209,11.542857314859118,3.1000000461936,78.72857260171857,10.39999983459711,303.84
2010-09-27,22.600000336766243,11.585714458354882,4.90000007301569,85.90000128000975,33.900000646710396,303.81
2010-10-04,20.30000030249357,10.628571586949485,3.500000052154064,88.40000131726265,1.699999988079071,303.88
2010-10-11,19.10000028461218,11.071428736405712,1.100000016391277,79.97142976309571,0.0,303.86
2010-10-18,11.10000016540289,5.1142857904945105,-0.5000000074505806,91.35714421847037,21.50000038743019,303.79
2010-10-25,9.00000013411045,4.400000065565109,-1.0000000149011612,83.28571552676814,6.099999979138374,303.84
2010-11-01,14.500000216066836,7.285714394279888,-0.5000000074505806,78.82857260320868,0.800000011920929,303.83
2010-11-08,16.100000239908695,8.871428703623158,1.3000000193715096,86.35714414396456,19.1000003144145,303.8
2010-11-15,16.600000247359276,8.342857267175402,2.500000037252903,84.08571553868907,36.599999487400055,303.77
2010-11-22,7.200000107288361,3.400000050663948,0.0,94.11428711669785,16.300000347197056,304.15
2010-11-29,3.400000050663948,-1.5142857368503297,-8.00000011920929,91.85714422592095,15.199999764561653,304.59
2010-12-06,-0.2000000029802322,-6.371428666370256,-13.600000202655792,84.80000126361847,4.200000010430813,304.78
2010-12-13,4.400000065565109,-1.4000000208616257,-8.00000011920929,90.18571562958616,31.59999966621399,304.85
2010-12-20,3.6000000536441803,-4.97142864550863,-12.600000187754633,87.34285844436714,25.600000649690628,304.96
2010-12-27,1.3000000193715096,-3.8857143436159407,-14.40000021457672,93.67142996724162,21.000000208616257,305.17
2011-01-03,1.3000000193715096,-3.4571429086583003,-11.000000163912771,92.22857280288424,3.999999925494194,306.14
2011-01-10,10.400000154972076,0.857142869915281,-10.500000156462193,92.42857280586448,18.599999964237213,306.35
2011-01-17,11.400000169873238,5.442857223962035,-2.7000000402331352,89.52857276265111,24.800000227987766,306.6
2011-01-24,7.500000111758709,0.5571428654449326,-3.000000044703484,90.85714421101979,9.700000166893005,306.64
2011-01-31,2.0000000298023224,-2.6857143257345473,-8.600000128149986,85.92857270900693,4.399999909102917,306.34
2011-02-07,9.900000147521496,2.285714319774083,-8.100000120699406,81.71428693192345,1.8000000193715096,306.15
2011-02-14,11.000000163912771,2.400000035762787,-5.000000074505806,86.72857272092786,19.90000021457672,305.8
2011-02-21,7.000000104308128,-1.7428571688277381,-9.100000135600569,85.91428699450833,2.0999999046325684,305.56
2011-02-28,7.400000110268593,-1.1714285888842173,-13.500000201165676,69.628572466118,3.7000000029802322,305.37
2011-03-07,8.00000011920929,0.07142857249294009,-7.700000114738941,68.14285815826484,0.0,305.13
2011-03-14,14.100000210106373,5.842857229922499,-6.70000009983778,71.47142963643584,3.500000052154064,304.88
2011-03-21,14.000000208616257,4.500000067055225,-5.200000077486038,81.07142977948699,4.200000002980232,304.72
2011-03-28,15.300000227987766,5.514285796454975,-3.700000055134296,71.57142963792596,0.1000000014901161,304.6
2011-04-04,21.300000317394733,10.600000157952309,-3.400000050663948,74.61428682612521,11.900000095367432,304.4
2011-04-11,21.300000317394733,11.128571594400066,0.4000000059604645,66.2857152734484,0.6000000238418579,304.22
2011-04-18,17.30000025779009,7.2285715362855365,-2.7000000402331352,64.78571525109666,1.5,304.06
2011-04-25,22.800000339746475,13.428571628672737,1.100000016391277,55.68571511549609,0.0,303.81
2011-05-02,20.800000309944156,10.957143020417009,1.0000000149011612,71.52857249443021,12.900000110268593,303.67
2011-05-09,23.80000035464764,10.571428728955132,-2.7000000402331352,59.04285802266428,0.3000000119209289,303.61
2011-05-16,24.8000003695488,12.385714470275811,2.200000032782554,69.9714296140841,6.200000196695328,303.55
2011-05-23,25.300000376999375,15.42857165847506,5.4000000804662704,71.58571535242456,4.800000101327896,303.51
2011-05-30,28.700000427663326,14.91428593652589,1.3000000193715096,55.25714368053845,1.2999999523162842,303.41
2011-06-06,29.10000043362379,16.87142882283245,7.700000114738941,66.85714385339192,30.79999876022339,303.3
2011-06-13,24.8000003695488,14.642857361052718,6.500000096857548,74.5142868246351,13.999999701976776,303.2
2011-06-20,24.300000362098217,15.571428803460938,8.400000125169754,74.48571539563792,13.399999886751175,303.14
2011-06-27,27.000000402331352,15.514285945466586,7.400000110268593,81.12857263748135,24.099999576807022,303.09
2011-07-04,29.000000432133675,14.742857362542834,8.100000120699406,78.75714403071574,46.99999988079071,303.21
2011-07-11,26.80000039935112,18.242857414696896,10.500000156462193,70.92857248548951,5.099999904632568,303.15
2011-07-18,26.30000039190054,15.77142880644117,8.00000011920929,75.52857255403485,27.000000834465027,303.11
2011-07-25,22.800000339746475,14.200000211596489,8.00000011920929,75.64285827002355,18.8000004068017,302.99
2011-08-01,24.8000003695488,15.471428801970822,8.00000011920929,76.92857257489648,5.700000047683716,303.02
2011-08-08,27.500000409781933,18.200000271201134,10.500000156462193,78.74285831621715,28.000000417232513,302.93
2011-08-15,24.100000359117985,16.20000024139881,10.000000149011612,76.9000011458993,17.200000286102295,302.86
2011-08-22,29.000000432133675,18.38571455968278,8.00000011920929,75.95714398899248,5.800000086426735,302.79
2011-08-29,31.80000047385693,18.114285984209605,8.100000120699406,77.87142973180327,24.90000057220459,302.72
2011-09-05,27.3000004068017,15.34285737148353,5.4000000804662704,76.4285725674459,9.999999977648258,302.65
2011-09-12,25.80000038444996,16.057143096412933,9.500000141561031,79.95714404859713,37.699999667704105,302.61
2011-09-19,21.300000317394733,13.271428769188267,5.500000081956387,78.90000117570162,1.0,302.61
2011-09-26,24.300000362098217,12.485714471765927,3.6000000536441803,79.22857260916915,0.0,302.55
2011-10-03,25.700000382959843,15.185714511999063,7.000000104308128,79.21428689467055,0.0,302.5
2011-10-10,23.300000347197056,11.300000168383121,1.700000025331974,81.81428693341357,24.700000002980232,302.42
2011-10-17,15.400000229477882,6.885714388319424,-1.700000025331974,86.72857272092786,20.5,302.41
2011-10-24,16.600000247359276,4.714285784534046,-3.200000047683716,85.8428584220154,2.600000023841858,302.38
2011-10-31,16.600000247359276,8.800000131130219,0.2000000029802322,88.18571559978383,0.4000000059604644,302.33
2011-11-07,15.600000232458116,7.657142971243177,2.1000000312924385,88.942858468209,0.0,302.27
2011-11-14,12.000000178813934,2.1571428892867908,-4.000000059604645,93.54285853675434,0.0,302.18
2011-11-21,10.100000150501728,1.771428597824914,-5.4000000804662704,92.82857281182494,0.2000000029802322,302.12
2011-11-28,10.500000156462193,2.742857183728899,-2.600000038743019,88.5857156057443,0.7000000178813934,302.07
2011-12-05,11.500000171363354,4.371428636567933,-4.000000059604645,88.2285727432796,16.799999445676804,302.04
2011-12-12,8.600000128149986,2.8714286142161916,-2.7000000402331352,82.21428693937403,20.99999973922968,302.0
2011-12-19,8.600000128149986,2.9285714722105434,-1.5000000223517418,84.45714411565235,36.89999929070473,302.05
2011-12-26,7.900000117719173,3.4571429086583003,-1.3000000193715096,93.18571567428964,18.300000347197056,302.33
2012-01-02,12.000000178813934,4.957142931010042,0.0,90.1285727715918,28.000000052154068,302.55
2012-01-09,8.600000128149986,3.7000000551342964,0.5000000074505806,85.128572697086,39.60000014305115,302.88
2012-01-16,7.800000116229057,2.2000000327825546,-5.700000084936619,84.48571554464954,7.799999907612801,303.35
2012-01-23,6.400000095367432,1.4428571643573898,-5.900000087916851,86.98571558190244,45.40000005066395,303.77
2012-01-30,3.200000047683716,-1.65714288183621,-7.400000110268593,88.75714417972735,2.400000013411045,304.29
2012-02-06,-5.200000077486038,-12.057143036808286,-19.30000028759241,75.05714397558144,0.0,304.37
2012-02-13,-2.500000037252903,-9.971428720014435,-19.80000029504299,80.45714405604771,2.9999999180436134,304.42
2012-02-20,6.500000096857548,1.628571452839034,-3.200000047683716,85.04285841009447,9.499999836087227,304.3
2012-02-27,9.3000001385808,3.7000000551342964,-2.800000041723252,83.25714409777096,3.700000122189522,304.21
2012-03-05,12.300000183284284,6.100000090897083,-0.2000000029802322,90.91428706901414,2.3999999910593033,304.16
2012-03-12,9.3000001385808,4.428571494562285,-3.200000047683716,80.45714405604771,7.09999980032444,304.02
2012-03-19,19.80000029504299,7.200000107288361,-1.100000016391277,72.38571536434549,1.100000023841858,303.93
2012-03-26,18.0000002682209,8.171428693192345,-2.800000041723252,71.31428677695138,0.0,303.89
2012-04-02,18.100000269711018,6.857142959322248,-4.700000070035458,71.87142964239631,2.000000074505806,303.81
2012-04-09,16.600000247359276,4.228571491582053,-2.800000041723252,76.1714297064713,15.299999833106995,303.72
2012-04-16,16.600000247359276,6.857142959322248,-1.5000000223517418,74.21428682016474,9.299999810755253,303.6
2012-04-23,15.400000229477882,6.900000102818012,-3.700000055134296,71.45714392193726,9.79999989271164,303.53
2012-04-30,28.700000427663326,14.314285927585193,4.90000007301569,64.2571438146489,1.3000000268220901,303.45
2012-05-07,24.100000359117985,12.014285893312522,4.500000067055225,83.24285838327238,23.100000716745853,303.37
2012-05-14,28.10000041872263,12.771428761737686,-0.5000000074505806,71.54285820892879,5.800000101327896,303.35
2012-05-21,25.600000381469727,12.31428589778287,-0.5000000074505806,69.51428675012929,6.3000001311302185,303.24
2012-05-28,27.3000004068017,17.571428833263262,5.500000081956387,60.142858039055554,0.2000000029802322,303.15
2012-06-04,22.000000327825543,12.90000019222498,4.000000059604645,78.5571440277355,32.19999980926514,303.14
2012-06-11,21.000000312924385,13.057143051709447,3.6000000536441803,76.27142970796142,7.199999809265137,303.1
2012-06-18,27.80000041425228,14.885714507528714,6.900000102818012,80.08571547908443,6.7999997437000275,303.03
2012-06-25,22.30000033229589,15.457143087472234,8.600000128149986,81.57142978693757,37.1999990940094,302.99
2012-07-02,28.80000042915344,17.71428597824914,7.000000104308128,79.60000118613243,17.300000071525574,302.97
2012-07-09,25.100000374019142,18.028571697218077,12.000000178813934,81.45714407094887,16.20000008493662,302.96
2012-07-16,23.100000344216824,14.271428784089428,8.900000132620335,83.74285839072296,73.10000109672546,303.01
2012-07-23,24.00000035762787,14.871428793030125,5.700000084936619,77.8428583028061,21.999999523162842,303.15
2012-07-30,31.70000047236681,19.628571721059934,8.300000123679638,73.35714395024947,24.899999797344208,303.46
2012-08-06,27.000000402331352,18.14285741320678,7.700000114738941,73.61428681122405,15.699999779462814,303.53
2012-08-13,23.80000035464764,15.542857374463763,6.400000095367432,70.32857247654881,0.2000000029802322,303.49
2012-08-20,32.70000048726797,20.128571728510515,8.50000012665987,65.05714382656983,7.3999998569488525,303.41
2012-08-27,30.600000455975533,17.671428834753378,8.300000123679638,75.35714398005179,22.799999810755253,303.32
2012-09-03,25.600000381469727,15.485714516469411,6.400000095367432,78.65714402922562,2.3999999538064003,303.41
2012-09-10,27.80000041425228,15.685714519449643,4.90000007301569,75.07142969008002,0.1000000014901161,303.1
2012-09-17,21.300000317394733,12.514285900763102,4.700000070035458,82.82857266281333,12.7999999076128,302.98
2012-09-24,21.1000003144145,10.557143014456544,2.0000000298023224,77.40000115334988,3.300000011920929,302.91
2012-10-01,18.0000002682209,10.942857305918421,1.0000000149011612,81.24285835347006,10.200000286102295,302.74
2012-10-08,18.30000027269125,10.685714444943837,0.2000000029802322,83.58571553123849,20.39999943971634,302.7
2012-10-15,13.100000195205212,6.514285811356136,-0.2000000029802322,86.35714414396456,16.499999821186066,302.61
2012-10-22,21.60000032186508,11.157143023397241,4.000000059604645,82.35714408435992,0.0,302.56
2012-10-29,11.000000163912771,3.9428572016102925,-5.000000074505806,89.55714419164828,10.599999763071537,302.53
2012-11-05,9.80000014603138,5.68571437043803,0.5000000074505806,86.92857272390809,21.5999995470047,302.48
2012-11-12,10.500000156462193,6.27142866488014,-0.6000000089406967,87.5000013038516,6.900000065565109,302.46
2012-11-19,8.00000011920929,1.8857143138136183,-3.200000047683716,93.61428710924727,0.6000000238418579,302.39
2012-11-26,12.800000190734863,5.100000075995922,-0.6000000089406967,89.81428705262286,3.4999999552965164,302.37
2012-12-03,8.00000011920929,1.642857167337622,-4.700000070035458,90.4714299195579,11.699999988079071,302.33
2012-12-10,2.800000041723252,-2.500000037252903,-13.100000195205212,89.185715614685,27.499999716877937,302.28
2012-12-17,7.000000104308128,-0.0857142869915281,-9.500000141561031,91.3142870749746,22.200000047683716,302.27
2012-12-24,11.500000171363354,3.628571482641356,-0.800000011920929,94.52857283715691,39.80000064522028,302.6
2012-12-31,11.60000017285347,6.114285805395672,-0.6000000089406967,81.7857155044164,13.30000014603138,303.02
2013-01-07,9.400000140070915,5.742857228432383,1.700000025331974,89.90000133961439,12.5,303.34
2013-01-14,5.200000077486038,-0.7571428684251649,-9.900000147521496,88.77142989422593,8.599999956786633,303.45
2013-01-21,-1.80000002682209,-5.6571429414408545,-12.000000178813934,89.22857275818076,12.300000049173832,303.7
2013-01-28,3.200000047683716,-4.271428635077817,-10.900000162422655,87.70000130683184,1.899999976158142,303.69
2013-02-04,12.000000178813934,4.200000062584877,-0.800000011920929,85.58571556104081,32.9000004529953,303.77
2013-02-11,4.200000062584877,-2.4285714647599628,-11.10000016540289,86.74285843542644,6.500000096857548,304.16
2013-02-18,3.1000000461936,-1.0142857293997491,-9.100000135600569,82.2571440828698,3.5999999791383743,304.37
2013-02-25,1.3000000193715096,-2.614285753241607,-6.200000092387199,87.92857273880925,13.200000166893005,304.42
2013-03-04,7.400000110268593,0.12857143048729217,-4.500000067055225,86.34285842946598,0.3000000044703483,304.43
2013-03-11,14.100000210106373,1.7428571688277381,-5.700000084936619,85.44285841605493,10.800000011920929,304.46
2013-03-18,4.700000070035458,-2.8571428997176036,-14.100000210106373,74.97142968858991,5.199999965727329,304.5
2013-03-25,5.500000081956387,-2.400000035762787,-9.80000014603138,77.3714297243527,6.500000007450581,304.53
2013-04-01,3.9000000581145287,-1.65714288183621,-6.900000102818012,74.42857253764357,2.4000000581145287,304.64
2013-04-08,8.00000011920929,0.10000000149011612,-5.200000077486038,78.47142974074397,2.200000062584877,304.61
2013-04-15,24.100000359117985,9.471428712563855,1.100000016391277,77.21428686486823,30.69999960064888,304.53
2013-04-22,22.100000329315662,11.842857319329466,3.200000047683716,62.95714379527739,0.0,304.62
2013-04-29,23.000000342726707,10.471428727465016,2.7000000402331352,73.94285824469158,21.0,304.66
2013-05-06,21.000000312924385,11.10000016540289,3.500000052154064,77.20000115036964,2.3999999091029167,304.7
2013-05-13,21.300000317394733,12.285714468785695,4.400000065565109,81.44285835645029,15.499999761581421,304.64
2013-05-20,21.800000324845318,12.81428590523345,5.500000081956387,82.58571551633733,39.89999897778034,304.53
2013-05-27,14.40000021457672,7.71428582923753,0.6000000089406967,85.58571556104081,66.79999899864197,304.62
2013-06-03,19.60000029206276,10.928571591419834,5.900000087916851,82.82857266281333,41.300000101327896,305.79
2013-06-10,23.80000035464764,14.871428793030125,4.700000070035458,75.67142969902072,28.90000057220459,306.34
2013-06-17,25.50000037997961,16.014285952917167,6.800000101327896,73.18571537626642,6.099999904632568,306.1
2013-06-24,32.50000048428774,19.071428855615004,9.600000143051147,75.9428582744939,12.59999968111515,305.79
2013-07-01,23.500000350177288,12.414285899272986,5.000000074505806,79.38571546865361,10.500000059604645,305.48
2013-07-08,24.8000003695488,17.6428574057562,9.80000014603138,77.24285829386541,11.300000049173832,305.12
2013-07-15,26.200000390410423,16.300000242888927,7.500000111758709,72.54285822382995,0.0,304.86
2013-07-22,31.300000466406345,19.571428863065584,8.400000125169754,65.01428668307406,0.0,304.68
2013-07-29,33.600000500679016,21.485714605876378,14.000000208616257,75.27142969306026,16.899999864399433,304.45
2013-08-05,33.20000049471855,21.042857456420148,12.4000001847744,68.68571530921119,2.799999952316284,304.22
2013-08-12,30.100000448524952,17.6428574057562,7.800000116229057,73.28571537775653,17.600000023841858,304.02
2013-08-19,27.3000004068017,16.171428812401636,6.500000096857548,71.14285820296833,12.600000143051147,303.85
2013-08-26,24.300000362098217,16.20000024139881,7.800000116229057,70.17142961706433,0.1000000014901161,303.69
2013-09-02,24.600000366568565,15.071428796010357,6.500000096857548,70.61428676652056,4.40000007301569,303.52
2013-09-09,28.50000042468309,17.314285972288676,9.80000014603138,75.78571541500943,17.89999971538782,303.36
2013-09-16,16.800000250339508,11.74285731783935,6.500000096857548,88.87142989571605,32.499999821186066,303.3
2013-09-23,16.300000242888927,11.342857311878886,4.500000067055225,85.17142984058175,11.400000095367432,303.19
2013-09-30,18.0000002682209,10.44285729846784,0.2000000029802322,78.72857260171857,0.6000000238418579,303.15
2013-10-07,15.600000232458116,8.914285847118922,-0.5000000074505806,77.57142972733293,46.20000071823597,303.1
2013-10-14,15.300000227987766,7.6142858277474135,0.6000000089406967,91.3285727894732,35.0,303.08
2013-10-21,17.50000026077032,10.585714443453721,1.80000002682209,87.41428701686007,15.099999964237213,303.23
2013-10-28,21.1000003144145,13.800000205636024,6.900000102818012,82.77142980481896,18.899999678134918,303.16
2013-11-04,13.800000205636024,7.942857261214938,-1.0000000149011612,80.85714406200817,16.5,303.31
2013-11-11,14.40000021457672,7.485714397260121,-0.9000000134110451,85.65714413353375,39.200000643730164,303.5
2013-11-18,8.50000012665987,1.9857143153037344,-2.600000038743019,91.8000013679266,0.7000000029802322,303.75
2013-11-25,5.500000081956387,1.9000000283122063,-4.500000067055225,93.17142995979104,17.60000006854534,303.91
2013-12-02,6.200000092387199,1.1857143033828057,-5.4000000804662704,93.12857281629529,5.299999952316284,304.08
2013-12-09,7.000000104308128,2.0428571732980862,-3.700000055134296,86.50000128895044,8.399999782443047,304.1
2013-12-16,9.3000001385808,3.2428571911794797,-0.4000000059604645,89.34285847416946,0.7999999895691872,304.11
2013-12-23,9.00000013411045,4.185714348086289,-2.0000000298023224,82.11428693788392,3.9999999552965164,304.1
2013-12-30,12.10000018030405,5.700000084936619,-0.9000000134110451,81.52857264344182,13.20000022649765,303.97
2014-01-06,9.500000141561031,3.9428572016102925,-2.0000000298023224,85.1142869825874,16.60000017285347,303.95
2014-01-13,11.500000171363354,4.914285787514278,-3.1000000461936,85.2428584130747,7.69999984651804,304.01
2014-01-20,7.800000116229057,2.485714322754315,-1.5000000223517418,92.78571566832917,3.600000098347664,304.05
2014-01-27,3.6000000536441803,-1.9428571718079704,-6.900000102818012,95.05714427360466,18.299999825656414,304.06
2014-02-03,5.4000000804662704,-0.4285714349576405,-5.900000087916851,89.00000132620335,0.2000000029802322,304.01
2014-02-10,11.000000163912771,3.6857143406357085,-4.000000059604645,78.00000116229057,2.500000037252903,304.0
2014-02-17,11.000000163912771,4.571428639548166,-0.5000000074505806,78.37142973925386,8.800000235438347,304.01
2014-02-24,11.500000171363354,4.457142923559461,-2.1000000312924385,80.1285726225802,2.8000001013278966,304.03
2014-03-03,11.900000177323818,4.657142926539693,-1.600000023841858,81.74285836092064,7.5000001192092896,304.09
2014-03-10,17.600000262260437,4.671428641038282,-3.200000047683716,80.28571548206466,0.2000000029802322,304.11
2014-03-17,17.100000254809856,7.328571537775653,-1.80000002682209,70.55714390852621,2.700000047683716,304.08
2014-03-24,19.000000283122063,8.157142978693757,-1.100000016391277,72.75714394130877,6.900000050663948,303.93
2014-03-31,19.60000029206276,6.4285715243646075,-3.500000052154064,75.37142969455037,0.9000000134110451,303.76
2014-04-07,21.60000032186508,12.428571613771576,3.500000052154064,70.90000105649233,0.5000000074505806,303.5
2014-04-14,15.600000232458116,8.914285847118922,2.1000000312924385,76.98571543289083,10.799999989569187,303.18
2014-04-21,18.100000269711018,7.600000113248825,-2.600000038743019,74.08571538967746,7.5000001564621925,303.27
2014-04-28,20.60000030696392,12.228571610791343,4.000000059604645,82.90000123530626,10.300000399351122,303.16
2014-05-05,20.000000298023224,9.671428715544087,-1.100000016391277,79.77142976011548,17.600000381469727,302.83
2014-05-12,19.10000028461218,11.157143023397241,3.9000000581145287,75.84285827300378,31.200000166893005,302.79
2014-05-19,22.600000336766243,10.51428587096078,2.600000038743019,79.78571547461408,11.899999931454659,302.77
2014-05-26,27.3000004068017,16.62857167635645,5.500000081956387,69.78571532560247,16.200000047683716,302.8
2014-06-02,19.30000028759241,11.900000177323818,4.500000067055225,81.14285835197994,46.20000100135803,302.88
2014-06-09,31.300000466406345,17.742857407246316,5.4000000804662704,66.50000099092722,7.6000001430511475,302.48
2014-06-16,26.80000039935112,15.757143091942583,6.000000089406967,76.61428685592753,9.8000003695488,303.03
2014-06-23,21.800000324845318,13.428571628672737,7.400000110268593,74.57142968262944,0.7000000178813934,302.29
2014-06-30,23.500000350177288,13.628571631652969,5.200000077486038,80.51428691404206,18.200000047683716,302.73
2014-07-07,29.10000043362379,17.900000266730785,5.4000000804662704,66.42857241843429,17.499999225139618,302.78
2014-07-14,24.600000366568565,15.942857380424227,10.500000156462193,86.72857272092786,102.50000005215406,303.12
2014-07-21,31.500000469386578,20.800000309944153,11.500000171363354,70.37142962004457,21.100000381469727,302.85
2014-07-28,27.200000405311584,19.700000293552876,13.100000195205212,74.64285825512239,15.599999643862246,302.51
2014-08-04,26.80000039935112,18.87142885263477,11.000000163912771,82.5000012293458,31.299999952316284,302.59
2014-08-11,26.100000388920307,17.442857402775967,10.500000156462193,78.17142973627362,21.500000052154064,302.82
2014-08-18,21.1000003144145,14.571428788559777,10.000000149011612,77.85714401730469,19.900000549852848,302.99
2014-08-25,19.10000028461218,12.085714465805463,5.700000084936619,77.00000114738941,19.299999982118607,303.1
2014-09-01,22.30000033229589,14.214285926095076,6.200000092387199,84.5285726881453,9.500000029802322,303.05
2014-09-08,24.600000366568565,15.942857380424227,9.500000141561031,87.64285844883749,16.09999942779541,302.98
2014-09-15,20.30000030249357,14.11428592460496,9.100000135600569,87.95714416780642,11.900000050663948,302.92
2014-09-22,22.600000336766243,14.671428790049893,6.500000096857548,89.37142990316663,23.199999570846558,302.93
2014-09-29,22.30000033229589,12.271428754287106,4.000000059604645,83.84285839221307,0.9000000208616256,302.91
2014-10-06,21.1000003144145,12.67142876024757,4.400000065565109,86.12857271198716,1.8999999538064003,302.89
2014-10-13,18.80000028014183,13.600000202655792,8.00000011920929,91.22857278798308,24.100000120699406,302.79
2014-10-20,20.10000029951334,12.714285903743335,7.700000114738941,88.60000132024288,9.40000007301569,302.85
2014-10-27,13.600000202655792,8.71428584413869,4.000000059604645,86.92857272390809,29.999999813735485,302.91
2014-11-03,17.600000262260437,9.457142998065267,3.700000055134296,87.54285844734737,2.3999999165534973,303.03
2014-11-10,13.600000202655792,7.014285818806717,0.6000000089406967,89.31428704517228,1.4000000357627869,302.99
2014-11-17,11.000000163912771,7.7428572582347055,2.7000000402331352,92.44285852036306,9.899999715387821,302.96
2014-11-24,11.000000163912771,4.785714357026985,-1.5000000223517418,92.78571566832917,6.499999858438969,302.89
2014-12-01,4.700000070035458,1.0285714438983373,-3.1000000461936,92.11428708689553,0.0,302.86
2014-12-08,4.500000067055225,0.22857143197740817,-3.1000000461936,92.42857280586448,4.500000111758709,302.84
2014-12-15,8.600000128149986,2.642857182238783,-3.6000000536441803,89.185715614685,16.899999476969242,302.81
2014-12-22,12.4000001847744,5.628571512443679,1.0000000149011612,87.58571559084314,19.10000029206276,302.86
2014-12-29,9.600000143051147,1.2571428758757455,-8.300000123679638,82.6285726598331,11.29999989271164,302.99
2015-01-05,3.700000055134296,1.1857143033828055,-3.200000047683716,90.64285849354097,9.999999769032001,303.17
2015-01-12,13.500000201165676,3.8285714856215884,-2.500000037252903,84.61428697513682,25.499999403953552,303.51
2015-01-19,11.10000016540289,3.1285714751907756,-4.700000070035458,84.58571554613965,14.799999967217445,303.65
2015-01-26,1.80000002682209,-0.885714298912457,-5.500000081956387,92.95714424231222,9.899999886751175,303.83
2015-02-02,3.000000044703484,0.28571428997176035,-5.000000074505806,88.75714417972735,17.199999898672104,304.0
2015-02-09,4.000000059604645,-1.65714288183621,-9.80000014603138,81.87142979140792,2.8999999538064003,304.03
2015-02-16,6.900000102818012,0.30000000447034836,-4.700000070035458,89.84285848162004,0.0,303.88
2015-02-23,8.900000132620335,1.5714285948446818,-3.500000052154064,83.90000125020742,8.600000023841858,303.72
2015-03-02,8.100000120699406,2.8714286142161916,-2.7000000402331352,79.78571547461408,9.100000083446503,304.07
2015-03-09,14.100000210106373,3.985714345106057,-2.1000000312924385,76.48571542544025,7.3999998569488525,303.95
2015-03-16,11.30000016838312,3.0000000447034836,-2.200000032782554,86.18571556998151,4.30000002682209,303.91
2015-03-23,15.000000223517418,4.042857203100409,-4.000000059604645,79.31428689616067,1.600000023841858,303.96
2015-03-30,16.600000247359276,6.214285806885788,-0.9000000134110451,76.81428685890776,23.800000220537186,303.99
2015-04-06,10.600000157952309,3.0285714737006595,-2.7000000402331352,76.00000113248825,25.500000096857548,304.14
2015-04-13,20.30000030249357,9.028571563107628,-3.500000052154064,65.70000097900629,0.800000011920929,304.29
2015-04-20,23.000000342726707,9.200000137090683,-2.200000032782554,61.90000092238188,0.0,304.19
2015-04-27,20.10000029951334,10.15714300849608,-1.3000000193715096,70.31428676205022,8.699999928474426,304.24
2015-05-04,21.1000003144145,9.257142995085035,-1.80000002682209,72.82857251380172,14.399999715387821,304.3
2015-05-11,24.50000036507845,13.32857162718262,4.200000062584877,66.72857242290463,2.7999999299645424,304.1
2015-05-18,26.80000039935112,12.385714470275811,2.0000000298023224,63.64285809120962,1.400000050663948,303.6
2015-05-25,19.30000028759241,11.757143032337938,1.600000023841858,68.77142959620271,0.4000000059604644,303.01
2015-06-01,20.000000298023224,10.985714449414186,2.7000000402331352,73.90000110119581,8.300000205636024,302.52
2015-06-08,30.800000458955765,17.21428597079856,6.500000096857548,62.1142866398607,1.399999976158142,302.16
2015-06-15,29.000000432133675,16.242857384894574,6.500000096857548,65.9142866964851,0.800000011920929,301.91
2015-06-22,20.500000305473804,12.10000018030405,3.200000047683716,76.80000114440918,22.599999524652958,301.65
2015-06-29,26.50000039488077,15.714285948446818,6.400000095367432,73.14285823277065,9.199999868869781,301.82
2015-07-06,35.80000053346157,23.657143209661758,11.500000171363354,58.38571515572922,10.999999821186066,301.63
2015-07-13,32.600000485777855,16.300000242888927,5.500000081956387,70.80000105500221,17.5,302.17
2015-07-20,33.30000049620867,20.40000030398369,12.800000190734863,74.48571539563792,28.799999535083774,302.13
2015-07-27,30.300000451505184,18.94285742512771,10.000000149011612,70.74285819700786,25.000000335276127,302.07
2015-08-03,31.000000461936,16.28571452839034,6.500000096857548,60.81428662048919,0.699999988079071,301.78
2015-08-10,34.20000050961971,22.471428906278952,10.80000016093254,61.942858065877644,5.799999803304672,301.6
2015-08-17,30.300000451505184,20.514286019972392,13.500000201165676,77.00000114738941,76.70000014454126,301.57
2015-08-24,25.100000374019142,16.15714309790305,8.50000012665987,75.48571541053909,6.200000144541264,301.78
2015-08-31,31.80000047385693,19.08571457011359,12.000000178813934,73.61428681122405,13.5,301.85
2015-09-07,24.100000359117985,12.757143047239099,7.500000111758709,82.9714298077992,18.600000120699406,302.07
2015-09-14,23.100000344216824,13.1142859097038,6.500000096857548,83.28571552676814,14.10000018030405,302.15
2015-09-21,18.30000027269125,12.728571618241924,7.900000117719173,85.4714298450521,15.400000050663948,302.18
2015-09-28,16.300000242888927,10.700000159442425,2.7000000402331352,84.80000126361847,5.9999998807907104,302.08
2015-10-05,18.30000027269125,9.414285854569503,-0.5000000074505806,79.32857261065926,2.0,301.86
2015-10-12,17.600000262260437,9.385714425572328,-2.600000038743019,85.9571441380041,15.499999821186066,301.83
2015-10-19,7.500000111758709,4.057142917598997,-0.6000000089406967,95.78571571303266,22.600000001490116,301.9
2015-10-26,13.300000198185444,7.728571543736117,0.9000000134110451,93.80000139772892,1.1000000014901161,302.01
2015-11-02,16.800000250339508,7.528571540755885,-1.3000000193715096,89.98571562660592,0.0,302.13
2015-11-09,18.100000269711018,10.942857305918421,-2.0000000298023224,83.04285838029215,5.300000004470348,302.11
2015-11-16,14.000000208616257,10.214285866490432,4.200000062584877,83.28571552676814,28.5,302.1
2015-11-23,14.300000213086603,5.914285802415439,-1.80000002682209,85.18571555508035,27.899999476969242,302.15
2015-11-30,9.500000141561031,2.4428571792585507,-2.1000000312924385,91.15714421549013,39.09999965131283,302.35
2015-12-07,12.10000018030405,6.357142951871667,0.800000011920929,86.62857271943774,3.600000120699406,302.5
2015-12-14,10.000000149011612,3.6000000536441803,-1.5000000223517418,92.14285851589271,9.999999821186066,302.59
2015-12-21,12.000000178813934,8.21428583668811,2.7000000402331352,91.47142993445907,8.300000131130219,302.68
2015-12-28,13.40000019967556,8.442857268665518,0.5000000074505806,84.38571554315942,2.000000014901161,302.74
2016-01-04,7.400000110268593,0.842857155416693,-2.7000000402331352,94.0571442587035,16.30000028759241,303.12
2016-01-11,7.400000110268593,1.2714285903743334,-4.500000067055225,92.75714423933199,15.399999916553497,303.15
2016-01-18,5.4000000804662704,-0.5142857219491687,-12.500000186264517,89.50000133365393,16.300000101327896,303.47
2016-01-25,8.00000011920929,-3.2142857621823038,-16.300000242888927,92.14285851589271,9.000000096857548,303.55
2016-02-01,11.500000171363354,6.4571429533617835,-1.100000016391277,80.97142977799687,16.300000064074993,303.91
2016-02-08,10.400000154972076,4.871428644018514,0.5000000074505806,85.85714413651398,26.600000120699406,304.17
2016-02-15,8.00000011920929,2.414285750261375,-4.700000070035458,87.81428702282054,19.19999995827675,304.46
2016-02-22,11.500000171363354,2.485714322754315,-4.500000067055225,86.02857271049704,21.40000009536743,304.5
2016-02-29,5.500000081956387,0.18571428848164426,-5.500000081956387,84.00000125169754,2.5000000298023224,304.48
2016-03-07,6.400000095367432,2.257142890776907,-3.000000044703484,84.32857268516507,6.900000013411045,304.62
2016-03-14,7.200000107288361,1.600000023841858,-4.000000059604645,82.31428694086415,0.2000000029802322,304.66
2016-03-21,11.800000175833702,3.5571429101484164,-3.700000055134296,80.15714405157736,3.800000011920929,304.75
2016-03-28,11.500000171363354,5.628571512443679,-0.2000000029802322,83.94285839370319,14.09999980032444,304.8
2016-04-04,20.000000298023224,7.985714404710701,-0.9000000134110451,81.64285835943052,32.99999976158142,304.87
2016-04-11,17.100000254809856,8.271428694682461,-1.3000000193715096,72.25714393385819,4.199999913573265,304.95
2016-04-18,15.600000232458116,8.300000123679638,-1.3000000193715096,78.51428688423974,14.499999776482582,304.93
2016-04-25,18.50000027567148,5.928571516914027,-1.3000000193715096,70.3428581910474,7.499999977648258,304.86
2016-05-02,18.50000027567148,6.34285723737308,-2.1000000312924385,72.77142965580735,4.399999916553497,304.82
2016-05-09,23.500000350177288,12.400000184774399,-0.2000000029802322,64.75714382209948,1.5,304.48
2016-05-16,23.300000347197056,12.014285893312522,2.1000000312924385,68.22857244525638,6.700000025331974,304.46
2016-05-23,27.3000004068017,13.414285914174148,3.9000000581145287,71.31428677695138,17.900000408291817,302.53
2016-05-30,23.000000342726707,14.371428785579544,8.600000128149986,86.35714414396456,34.80000004917383,302.62
2016-06-06,26.00000038743019,17.00000025331974,11.60000017285347,84.21428696917636,13.399999767541885,303.44
2016-06-13,26.00000038743019,15.714285948446818,8.00000011920929,77.34285829535553,10.300000056624413,303.15
2016-06-20,21.1000003144145,14.25714306959084,6.200000092387199,82.22857265387263,15.999999910593033,302.69
2016-06-27,32.30000048130751,19.30000028759241,9.100000135600569,76.12857256297555,11.10000029206276,302.18
2016-07-04,24.300000362098217,16.142857383404458,6.800000101327896,76.62857257042613,18.30000014603138,303.17
2016-07-11,28.80000042915344,18.285714558192662,8.00000011920929,68.34285816124508,2.800000049173832,302.58
2016-07-18,26.100000388920307,16.471428816871985,8.100000120699406,75.02857254658427,17.499999828636646,301.83
2016-07-25,31.80000047385693,20.628571735961096,11.800000175833702,78.0857154492821,30.100000083446503,302.15
2016-08-01,26.30000039190054,18.271428843694075,9.600000143051147,79.41428689765078,9.800000004470348,301.8
2016-08-08,25.50000037997961,17.014285967818328,9.900000147521496,82.10000122338533,8.600000143051147,301.65
2016-08-15,26.30000039190054,15.12857165400471,3.500000052154064,76.1714297064713,5.499999955296516,301.44
2016-08-22,25.80000038444996,16.20000024139881,5.000000074505806,73.27142966325793,8.199999809265137,301.52
2016-08-29,32.80000048875809,21.27142888839756,11.900000177323818,67.1142867143665,2.3999999538064003,301.68
2016-09-05,26.00000038743019,16.957143109823978,6.400000095367432,73.3142868067537,15.099999621510504,301.56
2016-09-12,30.600000455975533,18.285714558192662,8.00000011920929,76.12857256297555,0.0,301.28
2016-09-19,30.800000458955765,17.628571691257612,11.000000163912771,75.24285826406309,13.199999809265137,300.75
2016-09-26,23.300000347197056,13.100000195205212,4.700000070035458,77.9571440187948,0.0,300.6
2016-10-03,23.300000347197056,13.585714488157205,6.900000102818012,83.31428695576531,14.300000309944153,300.82
2016-10-10,14.300000213086603,7.842857259724822,2.600000038743019,87.44285844585725,6.300000108778477,301.08
2016-10-17,17.80000026524067,7.971428690212114,3.1000000461936,90.7142870660339,3.3000001013278966,301.4
2016-10-24,14.900000222027302,6.800000101327896,2.7000000402331352,92.24285851738283,27.300000369548798,301.62
2016-10-31,12.4000001847744,8.300000123679638,3.1000000461936,90.64285849354097,1.2000000029802322,301.95
2016-11-07,12.000000178813934,4.8571429295199255,1.3000000193715096,90.32857277457204,16.39999971538782,301.98
2016-11-14,4.000000059604645,0.11428571598870417,-6.800000101327896,89.10000132769346,14.29999977350235,302.05
2016-11-21,13.100000195205212,6.728571528834956,-0.5000000074505806,82.22857265387263,18.90000007301569,302.18
2016-11-28,12.300000183284284,3.500000052154064,-6.400000095367432,90.87142992551837,0.7000000029802322,302.13
2016-12-05,6.000000089406967,-2.2000000327825546,-9.400000140070915,86.00000128149986,3.0000000968575478,302.07
2016-12-12,8.800000131130219,2.1571428892867908,-5.200000077486038,88.07142988379512,6.5,302.15
2016-12-19,5.700000084936619,1.9571428863065583,-3.1000000461936,92.41428709136588,1.900000013411045,302.17
2016-12-26,9.3000001385808,2.2285714617797305,-2.7000000402331352,90.75714420952967,8.100000143051147,302.09
2017-01-02,6.000000089406967,-0.45714286395481646,-7.400000110268593,85.9571441380041,2.9999999552965164,302.0
2017-01-09,2.7000000402331352,-3.442857194159712,-14.40000021457672,85.88571556551116,11.999999701976776,301.96
2017-01-16,3.500000052154064,-0.4857142929519926,-7.800000116229057,85.20000126957893,22.699999526143074,302.05
2017-01-23,0.6000000089406967,-6.98571438980954,-14.40000021457672,84.22857268367495,0.0,301.98
2017-01-30,3.700000055134296,-2.542857180748667,-10.000000149011612,83.01428695129496,4.199999809265137,302.05
2017-02-06,7.900000117719173,1.9428571718079704,-2.7000000402331352,89.98571562660592,2.200000025331974,302.04
2017-02-13,4.200000062584877,-1.700000025331974,-5.000000074505806,86.2000012844801,0.0,301.93
2017-02-20,11.500000171363354,2.600000038743019,-5.4000000804662704,85.92857270900693,13.099999845027924,301.53
2017-02-27,12.4000001847744,6.528571525854724,-3.000000044703484,75.68571541351932,35.6999996304512,301.73
2017-03-06,14.800000220537186,5.414285794964859,0.2000000029802322,77.27142972286258,23.09999990463257,302.15
2017-03-13,10.500000156462193,4.214285777083465,-3.1000000461936,80.28571548206466,11.700000286102295,303.35
2017-03-20,15.400000229477882,8.057142977203641,0.2000000029802322,75.04285826108286,16.399999856948853,303.63
2017-03-27,17.50000026077032,6.442857238863196,-2.1000000312924385,73.200001090765,5.900000095367432,303.68
2017-04-03,22.30000033229589,11.357143026377473,-0.2000000029802322,69.0142867426787,1.3999999538064003,303.65
2017-04-10,20.30000030249357,8.528571555657047,1.0000000149011612,72.4857153658356,0.1000000014901161,303.63
2017-04-17,13.300000198185444,7.2285715362855365,0.5000000074505806,71.57142963792596,10.89999983459711,303.69
2017-04-24,14.100000210106373,4.714285784534046,-4.400000065565109,69.47142960663352,5.700000062584877,303.74
2017-05-01,15.500000230968,6.27142866488014,-2.200000032782554,66.97142956938062,2.5000000447034836,302.8
2017-05-08,18.6000002771616,9.642857286546912,5.700000084936619,84.38571554315942,11.499999634921549,302.72
2017-05-15,21.60000032186508,12.10000018030405,-0.6000000089406967,71.97142964388642,14.100000195205212,302.58
2017-05-22,26.80000039935112,15.41428594397647,4.700000070035458,71.84285821339914,10.399999618530273,302.43
2017-05-29,31.100000463426117,17.685714549251966,7.800000116229057,65.9142866964851,0.0,302.2
2017-06-05,27.80000041425228,17.242857399795735,8.50000012665987,74.67142968411956,47.1999990940094,301.99
2017-06-12,27.3000004068017,15.600000232458115,8.300000123679638,70.11428675906998,11.699999906122684,301.63
2017-06-19,29.10000043362379,16.91428596632821,6.500000096857548,70.55714390852621,4.199999809265137,301.47
2017-06-26,32.70000048726797,19.614286006561347,11.500000171363354,69.35714389064482,2.400000095367432,301.48
2017-07-03,22.600000336766243,16.014285952917167,9.100000135600569,82.0142869363938,23.299999952316284,301.58
2017-07-10,28.80000042915344,19.928571725530283,11.500000171363354,73.85714395770005,17.90000009536743,301.53
2017-07-17,23.500000350177288,15.800000235438347,7.500000111758709,78.12857259277787,14.900000125169754,300.87
2017-07-24,31.80000047385693,18.857143138136184,10.500000156462193,76.31428685145718,48.30000001192093,301.6
2017-07-31,28.200000420212746,17.2857145432915,10.500000156462193,81.70000121742487,89.19999857246876,302.38
2017-08-07,26.80000039935112,18.842857423637593,7.500000111758709,72.7285725123116,5.1000001803040504,303.18
2017-08-14,24.8000003695488,15.78571452093976,9.3000001385808,81.84285836241075,59.00000077486038,303.41
2017-08-21,27.60000041127205,16.885714537331037,8.300000123679638,78.38571545375245,21.79999979585409,303.77
2017-08-28,24.8000003695488,16.742857392345154,7.200000107288361,77.34285829535553,20.19999933242798,304.51
2017-09-04,28.50000042468309,15.042857367013184,5.700000084936619,78.15714402177504,2.8999999165534973,304.06
2017-09-11,21.50000032037497,14.142857353602137,6.400000095367432,77.75714401581457,11.800000257790089,304.04
2017-09-18,16.800000250339508,10.385714440473489,3.200000047683716,85.128572697086,24.599999740719795,304.13
2017-09-25,18.100000269711018,11.185714452394418,5.200000077486038,88.28571560127395,3.600000001490116,303.93
2017-10-02,19.80000029504299,12.67142876024757,6.800000101327896,90.65714420803955,30.89999905973673,303.95
2017-10-09,14.500000216066836,9.628571572048324,4.000000059604645,86.38571557296174,26.799999743700027,303.92
2017-10-16,21.60000032186508,13.142857338700976,6.500000096857548,83.87142982121024,0.800000011920929,303.91
2017-10-23,21.60000032186508,11.214285881391593,6.000000089406967,84.88571555061,10.00000011920929,303.88
2017-10-30,16.600000247359276,9.80000014603138,4.90000007301569,83.44285838625261,17.80000016093254,303.8
2017-11-06,12.300000183284284,6.900000102818012,0.5000000074505806,87.20000129938126,14.79999989271164,303.76
2017-11-13,7.500000111758709,4.571428639548166,-0.5000000074505806,90.4857156340565,12.800000242888927,303.78
2017-11-20,6.200000092387199,3.6142857681427683,0.9000000134110451,89.72857276563134,14.600000031292439,303.8
2017-11-27,13.500000201165676,5.828571515423911,0.2000000029802322,86.90000129491091,25.400000005960464,304.15
2017-12-04,5.4000000804662704,0.5000000074505806,-3.400000050663948,92.60000137984753,18.599999822676182,304.67
2017-12-11,7.400000110268593,2.585714324244431,-3.1000000461936,83.52857267324414,27.199999526143074,304.92
2017-12-18,6.200000092387199,1.4571428788559777,-1.0000000149011612,87.10000129789114,18.49999985843897,305.19
2017-12-25,8.100000120699406,4.54285721055099,-0.1000000014901161,91.47142993445907,3.600000038743019,305.34
2018-01-01,11.900000177323818,4.242857206080641,-0.6000000089406967,81.87142979140792,27.39999933540821,305.63
2018-01-08,8.600000128149986,4.0857143465961725,-0.2000000029802322,87.90000130981207,28.80000072717667,305.98
2018-01-15,8.50000012665987,1.9142857428107942,-3.700000055134296,89.57142990614686,7.300000004470348,306.59
2018-01-22,7.500000111758709,1.2857143048729216,-1.700000025331974,88.942858468209,34.90000069141388,306.55
2018-01-29,10.30000015348196,6.057142947401319,1.100000016391277,89.24285847267934,12.800000436604025,306.46
